site_id,date_daily,cinc_pm25_daily,n_halfhour_obs,first_time,last_time,valid_daily
1.1,2024-11-11,5.32,1,2024-11-11T21:30:00Z,2024-11-11T21:30:00Z,FALSE
1.1,2024-11-12,2.4831666666666665,6,2024-11-12T02:30:00Z,2024-11-12T22:30:00Z,FALSE
1.1,2024-11-13,3.2761428571428572,7,2024-11-13T00:30:00Z,2024-11-13T08:00:00Z,FALSE
1.1,2024-11-14,5.409625,8,2024-11-14T01:00:00Z,2024-11-14T22:00:00Z,FALSE
1.1,2024-11-15,27.810714285714283,7,2024-11-15T01:30:00Z,2024-11-16T00:00:00Z,FALSE
1.1,2024-11-16,5.506222222222222,9,2024-11-16T02:00:00Z,2024-11-17T00:00:00Z,FALSE
1.1,2024-11-17,11.067823529411765,17,2024-11-17T00:30:00Z,2024-11-17T23:30:00Z,FALSE
1.1,2024-11-18,28.854400000000002,5,2024-11-18T00:30:00Z,2024-11-18T23:30:00Z,FALSE
1.1,2024-11-19,15.777,7,2024-11-19T01:00:00Z,2024-11-19T10:00:00Z,FALSE
1.1,2024-11-20,10.274750000000001,8,2024-11-20T01:00:00Z,2024-11-20T23:00:00Z,FALSE
1.1,2024-11-21,3.2885,10,2024-11-21T03:00:00Z,2024-11-21T21:30:00Z,FALSE
1.1,2024-11-22,15.710666666666667,9,2024-11-22T02:00:00Z,2024-11-22T18:00:00Z,FALSE
1.1,2024-11-23,4.6734,15,2024-11-23T03:00:00Z,2024-11-23T23:00:00Z,FALSE
1.1,2024-11-24,18.1275,14,2024-11-24T02:00:00Z,2024-11-25T00:00:00Z,FALSE
1.1,2024-11-25,21.726785714285715,14,2024-11-25T00:30:00Z,2024-11-25T13:30:00Z,FALSE
1.1,2024-11-26,10.757684210526316,19,2024-11-26T01:00:00Z,2024-11-26T23:30:00Z,FALSE
1.1,2024-11-27,6.1123,20,2024-11-27T02:00:00Z,2024-11-27T23:30:00Z,FALSE
1.1,2024-11-28,17.05430769230769,13,2024-11-28T03:00:00Z,2024-11-28T21:30:00Z,FALSE
1.1,2024-11-29,8.768190476190476,21,2024-11-29T03:30:00Z,2024-11-29T23:30:00Z,FALSE
1.1,2024-11-30,8.825368421052632,19,2024-11-30T00:30:00Z,2024-12-01T00:00:00Z,FALSE
1.1,2024-12-01,6.860705882352941,17,2024-12-01T03:00:00Z,2024-12-01T23:30:00Z,FALSE
1.1,2024-12-02,11.7594,10,2024-12-02T01:30:00Z,2024-12-02T21:30:00Z,FALSE
1.1,2024-12-03,17.884666666666668,6,2024-12-03T07:30:00Z,2024-12-03T17:30:00Z,FALSE
1.1,2024-12-04,14.674833333333334,6,2024-12-04T08:00:00Z,2024-12-04T19:30:00Z,FALSE
1.1,2024-12-05,3.9195,16,2024-12-05T07:30:00Z,2024-12-05T23:00:00Z,FALSE
1.1,2024-12-06,6.057,9,2024-12-06T01:00:00Z,2024-12-06T16:00:00Z,FALSE
1.1,2024-12-07,1.672,1,2024-12-07T11:00:00Z,2024-12-07T11:00:00Z,FALSE
1.1,2024-12-08,21.129666666666665,3,2024-12-08T01:30:00Z,2024-12-08T13:00:00Z,FALSE
1.1,2024-12-09,8.191636363636364,11,2024-12-09T06:30:00Z,2024-12-09T16:00:00Z,FALSE
1.1,2024-12-10,43.33122222222222,9,2024-12-10T12:00:00Z,2024-12-10T23:30:00Z,FALSE
1.1,2024-12-11,29.1025,4,2024-12-11T01:30:00Z,2024-12-11T21:00:00Z,FALSE
1.1,2024-12-12,5.514444444444444,18,2024-12-12T00:30:00Z,2024-12-13T00:00:00Z,FALSE
1.1,2024-12-13,5.585857142857143,14,2024-12-13T02:00:00Z,2024-12-13T22:00:00Z,FALSE
1.1,2024-12-14,9.46825,12,2024-12-14T00:30:00Z,2024-12-14T13:30:00Z,FALSE
1.1,2024-12-16,18.1435,2,2024-12-16T11:30:00Z,2024-12-16T13:30:00Z,FALSE
1.1,2024-12-17,11.22109090909091,11,2024-12-17T04:00:00Z,2024-12-17T22:00:00Z,FALSE
1.1,2024-12-18,35.274,4,2024-12-18T03:00:00Z,2024-12-18T22:00:00Z,FALSE
1.1,2024-12-19,7.347722222222222,18,2024-12-19T03:00:00Z,2024-12-20T00:00:00Z,FALSE
1.1,2024-12-20,20.69715,20,2024-12-20T00:30:00Z,2024-12-20T19:30:00Z,FALSE
1.1,2024-12-21,1.87,13,2024-12-21T07:00:00Z,2024-12-21T23:00:00Z,FALSE
1.1,2024-12-22,2.3551818181818183,11,2024-12-22T04:00:00Z,2024-12-22T22:30:00Z,FALSE
1.1,2024-12-23,7.4089285714285715,14,2024-12-23T01:00:00Z,2024-12-23T14:30:00Z,FALSE
1.1,2024-12-24,29.55918181818182,11,2024-12-24T13:30:00Z,2024-12-25T00:00:00Z,FALSE
1.1,2024-12-25,30.838266666666666,15,2024-12-25T01:30:00Z,2024-12-25T23:30:00Z,FALSE
1.1,2024-12-26,15.787615384615385,13,2024-12-26T01:00:00Z,2024-12-26T23:00:00Z,FALSE
1.1,2024-12-27,24.779,1,2024-12-27T14:30:00Z,2024-12-27T14:30:00Z,FALSE
1.1,2024-12-28,6.677999999999999,2,2024-12-28T15:00:00Z,2024-12-28T20:30:00Z,FALSE
1.1,2024-12-29,10.1175,4,2024-12-29T01:00:00Z,2024-12-29T16:00:00Z,FALSE
1.1,2024-12-30,4.105499999999999,2,2024-12-30T02:00:00Z,2024-12-30T19:00:00Z,FALSE
1.1,2024-12-31,14.321,2,2024-12-31T17:00:00Z,2024-12-31T18:00:00Z,FALSE
1.1,2025-01-01,10.39725,4,2025-01-01T19:00:00Z,2025-01-01T23:00:00Z,FALSE
1.1,2025-01-02,8.800142857142857,7,2025-01-02T05:00:00Z,2025-01-02T23:00:00Z,FALSE
1.1,2025-01-03,12.115416666666667,12,2025-01-03T01:00:00Z,2025-01-03T22:00:00Z,FALSE
1.1,2025-01-04,2.9533846153846155,13,2025-01-04T00:30:00Z,2025-01-04T23:00:00Z,FALSE
1.1,2025-01-05,7.29245,20,2025-01-05T01:00:00Z,2025-01-05T22:00:00Z,FALSE
1.1,2025-01-06,7.88864705882353,17,2025-01-06T00:30:00Z,2025-01-06T23:30:00Z,FALSE
1.1,2025-01-07,2.132142857142857,7,2025-01-07T03:00:00Z,2025-01-07T18:00:00Z,FALSE
1.1,2025-01-08,4.086625,8,2025-01-08T04:00:00Z,2025-01-09T00:00:00Z,FALSE
1.1,2025-01-09,4.0682,10,2025-01-09T00:30:00Z,2025-01-10T00:00:00Z,FALSE
1.1,2025-01-10,15.898809523809524,21,2025-01-10T01:00:00Z,2025-01-10T23:00:00Z,FALSE
1.1,2025-01-11,31.0688,20,2025-01-11T00:30:00Z,2025-01-12T00:00:00Z,FALSE
1.1,2025-01-12,27.0668,10,2025-01-12T01:30:00Z,2025-01-12T15:00:00Z,FALSE
1.1,2025-01-14,5.4299333333333335,15,2025-01-14T01:00:00Z,2025-01-14T23:00:00Z,FALSE
1.1,2025-01-15,6.443818181818181,11,2025-01-15T00:30:00Z,2025-01-16T00:00:00Z,FALSE
1.1,2025-01-16,18.671,11,2025-01-16T01:00:00Z,2025-01-16T23:30:00Z,FALSE
1.1,2025-01-17,45.3379,10,2025-01-17T00:30:00Z,2025-01-17T08:00:00Z,FALSE
1.1,2025-01-18,1.273,1,2025-01-18T21:30:00Z,2025-01-18T21:30:00Z,FALSE
1.1,2025-01-19,3.0473846153846154,13,2025-01-19T03:00:00Z,2025-01-20T00:00:00Z,FALSE
1.1,2025-01-20,4.100555555555555,9,2025-01-20T02:30:00Z,2025-01-20T22:00:00Z,FALSE
1.1,2025-01-21,3.462111111111111,18,2025-01-21T02:00:00Z,2025-01-21T23:30:00Z,FALSE
1.1,2025-01-22,3.8084285714285713,14,2025-01-22T02:30:00Z,2025-01-22T20:00:00Z,FALSE
1.1,2025-01-23,6.661846153846153,13,2025-01-23T00:30:00Z,2025-01-23T17:00:00Z,FALSE
1.1,2025-01-24,4.151166666666667,6,2025-01-24T04:00:00Z,2025-01-24T09:00:00Z,FALSE
1.1,2025-01-25,13.424166666666666,6,2025-01-25T01:00:00Z,2025-01-25T14:30:00Z,FALSE
1.1,2025-01-26,11.244,1,2025-01-26T02:00:00Z,2025-01-26T02:00:00Z,FALSE
1.1,2025-02-01,2.8382500000000004,4,2025-02-01T10:30:00Z,2025-02-01T22:00:00Z,FALSE
1.1,2025-02-02,4.202142857142857,21,2025-02-02T00:30:00Z,2025-02-02T17:30:00Z,FALSE
1.1,2025-02-05,2.170875,8,2025-02-05T02:30:00Z,2025-02-05T15:30:00Z,FALSE
1.1,2025-02-06,7.0405,2,2025-02-06T02:30:00Z,2025-02-06T05:30:00Z,FALSE
1.1,2025-02-07,4.6975,2,2025-02-07T13:00:00Z,2025-02-07T13:30:00Z,FALSE
1.1,2025-02-08,9.239705882352942,17,2025-02-08T03:00:00Z,2025-02-08T20:30:00Z,FALSE
1.1,2025-02-09,30.522,3,2025-02-09T01:00:00Z,2025-02-09T13:00:00Z,FALSE
1.1,2025-02-10,6.177,2,2025-02-10T03:30:00Z,2025-02-10T10:30:00Z,FALSE
1.1,2025-02-11,28.075333333333333,3,2025-02-11T02:30:00Z,2025-02-11T13:00:00Z,FALSE
1.1,2025-02-12,21.046444444444443,9,2025-02-12T04:00:00Z,2025-02-12T14:00:00Z,FALSE
1.1,2025-02-13,17.873333333333335,3,2025-02-13T14:00:00Z,2025-02-13T17:30:00Z,FALSE
1.1,2025-02-14,8.902111111111111,18,2025-02-14T00:30:00Z,2025-02-15T00:00:00Z,FALSE
1.1,2025-02-15,13.3718,5,2025-02-15T02:30:00Z,2025-02-15T14:00:00Z,FALSE
1.1,2025-02-17,3.691125,8,2025-02-17T03:00:00Z,2025-02-17T23:30:00Z,FALSE
1.1,2025-02-18,4.257941176470588,17,2025-02-18T00:30:00Z,2025-02-19T00:00:00Z,FALSE
1.1,2025-02-19,3.913181818181818,11,2025-02-19T01:30:00Z,2025-02-20T00:00:00Z,FALSE
1.1,2025-02-20,5.7452499999999995,4,2025-02-20T03:30:00Z,2025-02-20T12:30:00Z,FALSE
1.1,2025-02-21,2.7096666666666667,6,2025-02-21T04:00:00Z,2025-02-21T17:30:00Z,FALSE
1.1,2025-02-22,17.39390909090909,11,2025-02-22T02:00:00Z,2025-02-22T22:30:00Z,FALSE
1.1,2025-02-23,9.938600000000001,5,2025-02-23T11:30:00Z,2025-02-23T20:00:00Z,FALSE
1.1,2025-02-24,15.413,1,2025-02-24T01:00:00Z,2025-02-24T01:00:00Z,FALSE
1.1,2025-03-01,0.9473333333333334,3,2025-03-01T20:00:00Z,2025-03-01T23:00:00Z,FALSE
1.1,2025-03-02,3.6715,8,2025-03-02T03:30:00Z,2025-03-02T15:00:00Z,FALSE
1.1,2025-03-03,7.253,12,2025-03-03T01:30:00Z,2025-03-03T12:30:00Z,FALSE
1.1,2025-03-04,7.4495000000000005,2,2025-03-04T12:00:00Z,2025-03-04T13:30:00Z,FALSE
1.1,2025-03-06,2.8354,5,2025-03-06T14:30:00Z,2025-03-06T19:30:00Z,FALSE
1.1,2025-03-07,7.324,2,2025-03-07T13:00:00Z,2025-03-08T00:00:00Z,FALSE
1.1,2025-03-08,12.9889,10,2025-03-08T00:30:00Z,2025-03-08T15:30:00Z,FALSE
1.1,2025-03-09,9.308,1,2025-03-09T10:00:00Z,2025-03-09T10:00:00Z,FALSE
1.1,2025-05-19,5.445375,8,2025-05-19T17:30:00Z,2025-05-20T00:00:00Z,FALSE
1.1,2025-05-20,6.088942857142857,35,2025-05-20T00:30:00Z,2025-05-20T17:30:00Z,FALSE
1.1,2025-05-30,7.5104,5,2025-05-30T22:00:00Z,2025-05-31T00:00:00Z,FALSE
1.1,2025-05-31,8.829333333333333,9,2025-05-31T00:30:00Z,2025-05-31T04:30:00Z,FALSE
1.1,2025-06-11,2.2022,5,2025-06-11T19:30:00Z,2025-06-11T23:00:00Z,FALSE
1.1,2025-06-12,4.3655333333333335,15,2025-06-12T00:30:00Z,2025-06-12T21:30:00Z,FALSE
1.1,2025-06-13,4.725375,8,2025-06-13T00:30:00Z,2025-06-13T16:30:00Z,FALSE
1.1,2025-06-14,2.3695,2,2025-06-14T22:00:00Z,2025-06-15T00:00:00Z,FALSE
1.1,2025-06-15,4.06125,4,2025-06-15T12:30:00Z,2025-06-15T22:30:00Z,FALSE
1.1,2025-06-16,3.021375,8,2025-06-16T02:30:00Z,2025-06-16T17:00:00Z,FALSE
1.1,2025-06-17,1.7337,10,2025-06-17T15:30:00Z,2025-06-18T00:00:00Z,FALSE
1.1,2025-06-18,1.7085,14,2025-06-18T00:30:00Z,2025-06-19T00:00:00Z,FALSE
1.1,2025-06-19,1.4448333333333334,6,2025-06-19T00:30:00Z,2025-06-19T23:30:00Z,FALSE
1.1,2025-06-20,1.963,6,2025-06-20T01:30:00Z,2025-06-20T05:30:00Z,FALSE
1.1,2025-06-21,2.4787857142857144,14,2025-06-21T05:30:00Z,2025-06-21T23:30:00Z,FALSE
1.1,2025-06-22,2.246777777777778,18,2025-06-22T01:30:00Z,2025-06-22T22:00:00Z,FALSE
1.1,2025-06-23,2.2754545454545454,11,2025-06-23T01:30:00Z,2025-06-23T23:30:00Z,FALSE
1.1,2025-06-24,2.3855555555555554,9,2025-06-24T00:30:00Z,2025-06-24T23:30:00Z,FALSE
1.1,2025-06-25,1.883,10,2025-06-25T00:30:00Z,2025-06-25T16:00:00Z,FALSE
1.1,2025-06-26,1.7356,5,2025-06-26T02:30:00Z,2025-06-26T19:00:00Z,FALSE
1.1,2025-06-27,2.338875,8,2025-06-27T06:30:00Z,2025-06-27T22:30:00Z,FALSE
1.1,2025-06-28,3.417125,8,2025-06-28T03:00:00Z,2025-06-28T19:00:00Z,FALSE
1.1,2025-06-29,0.9263333333333333,6,2025-06-29T00:30:00Z,2025-06-29T20:00:00Z,FALSE
1.1,2025-06-30,1.75925,4,2025-06-30T11:00:00Z,2025-06-30T23:00:00Z,FALSE
1.1,2025-07-01,1.2266666666666666,3,2025-07-01T01:00:00Z,2025-07-01T21:00:00Z,FALSE
1.1,2025-07-02,1.2581428571428572,7,2025-07-02T05:00:00Z,2025-07-02T17:00:00Z,FALSE
1.1,2025-07-03,6.205,3,2025-07-03T19:00:00Z,2025-07-03T21:00:00Z,FALSE
1.1,2025-07-04,3.947,5,2025-07-04T01:30:00Z,2025-07-05T00:00:00Z,FALSE
1.1,2025-07-05,4.181444444444445,9,2025-07-05T01:30:00Z,2025-07-06T00:00:00Z,FALSE
1.1,2025-07-06,2.164555555555556,9,2025-07-06T01:00:00Z,2025-07-06T19:30:00Z,FALSE
1.1,2025-07-07,2.476166666666667,6,2025-07-07T02:30:00Z,2025-07-07T15:30:00Z,FALSE
1.1,2025-07-08,3.770272727272727,11,2025-07-08T02:30:00Z,2025-07-08T23:30:00Z,FALSE
1.1,2025-07-09,5.327166666666667,6,2025-07-09T01:00:00Z,2025-07-09T23:00:00Z,FALSE
1.1,2025-07-10,5.01175,8,2025-07-10T01:00:00Z,2025-07-11T00:00:00Z,FALSE
1.1,2025-07-11,2.945,9,2025-07-11T01:30:00Z,2025-07-11T19:00:00Z,FALSE
1.1,2025-07-12,1.8022105263157895,19,2025-07-12T03:30:00Z,2025-07-13T00:00:00Z,FALSE
1.1,2025-07-13,1.317625,8,2025-07-13T01:30:00Z,2025-07-13T22:30:00Z,FALSE
1.1,2025-07-14,4.870666666666667,12,2025-07-14T01:00:00Z,2025-07-14T22:00:00Z,FALSE
1.1,2025-07-15,8.1517,10,2025-07-15T04:00:00Z,2025-07-15T23:30:00Z,FALSE
1.1,2025-07-16,8.0191,10,2025-07-16T01:00:00Z,2025-07-16T21:30:00Z,FALSE
1.1,2025-07-17,1.9914444444444444,9,2025-07-17T00:30:00Z,2025-07-18T00:00:00Z,FALSE
1.1,2025-07-18,0.8127500000000001,4,2025-07-18T02:00:00Z,2025-07-18T17:00:00Z,FALSE
1.1,2025-07-19,0.9075625,16,2025-07-19T00:30:00Z,2025-07-20T00:00:00Z,FALSE
1.1,2025-07-20,1.696,9,2025-07-20T02:30:00Z,2025-07-20T18:30:00Z,FALSE
1.1,2025-07-21,3.3015,4,2025-07-21T03:00:00Z,2025-07-21T16:00:00Z,FALSE
1.1,2025-07-22,2.482875,8,2025-07-22T13:00:00Z,2025-07-22T22:30:00Z,FALSE
1.1,2025-07-23,1.1469,10,2025-07-23T00:30:00Z,2025-07-24T00:00:00Z,FALSE
1.1,2025-07-24,2.2739333333333334,15,2025-07-24T00:30:00Z,2025-07-25T00:00:00Z,FALSE
1.1,2025-07-25,1.8471875,16,2025-07-25T00:30:00Z,2025-07-26T00:00:00Z,FALSE
1.1,2025-07-26,1.7594444444444444,18,2025-07-26T00:30:00Z,2025-07-26T21:30:00Z,FALSE
1.1,2025-07-27,1.2512222222222222,9,2025-07-27T01:30:00Z,2025-07-27T23:00:00Z,FALSE
1.1,2025-07-28,2.442277777777778,18,2025-07-28T01:30:00Z,2025-07-28T22:30:00Z,FALSE
1.1,2025-07-29,1.5738636363636362,22,2025-07-29T01:00:00Z,2025-07-30T00:00:00Z,FALSE
1.1,2025-07-30,2.1575384615384614,13,2025-07-30T01:00:00Z,2025-07-30T23:30:00Z,FALSE
1.1,2025-07-31,3.6225,4,2025-07-31T00:30:00Z,2025-07-31T02:30:00Z,FALSE
1.1,2025-08-06,8.752,1,2025-08-06T18:30:00Z,2025-08-06T18:30:00Z,FALSE
2.1,2024-11-20,3.4322500000000002,8,2024-11-20T19:00:00Z,2024-11-21T00:00:00Z,FALSE
2.1,2024-11-21,5.167756756756757,37,2024-11-21T00:30:00Z,2024-11-22T00:00:00Z,TRUE
2.1,2024-11-22,10.966714285714286,42,2024-11-22T00:30:00Z,2024-11-22T23:30:00Z,TRUE
2.1,2024-11-23,1.9109354838709678,31,2024-11-23T00:30:00Z,2024-11-24T00:00:00Z,FALSE
2.1,2024-11-24,13.956194444444446,36,2024-11-24T00:30:00Z,2024-11-25T00:00:00Z,TRUE
2.1,2024-11-25,12.30027027027027,37,2024-11-25T00:30:00Z,2024-11-26T00:00:00Z,TRUE
2.1,2024-11-26,12.461470588235295,34,2024-11-26T00:30:00Z,2024-11-26T22:30:00Z,FALSE
2.1,2024-11-27,5.623717948717949,39,2024-11-27T00:30:00Z,2024-11-28T00:00:00Z,TRUE
2.1,2024-11-28,12.906583333333334,36,2024-11-28T00:30:00Z,2024-11-29T00:00:00Z,TRUE
2.1,2024-11-29,8.042135135135135,37,2024-11-29T00:30:00Z,2024-11-30T00:00:00Z,TRUE
2.1,2024-11-30,7.839511627906977,43,2024-11-30T00:30:00Z,2024-11-30T23:30:00Z,TRUE
2.1,2024-12-01,6.622069767441861,43,2024-12-01T00:30:00Z,2024-12-02T00:00:00Z,TRUE
2.1,2024-12-02,10.833702702702704,37,2024-12-02T00:30:00Z,2024-12-03T00:00:00Z,TRUE
2.1,2024-12-03,12.004249999999999,32,2024-12-03T00:30:00Z,2024-12-04T00:00:00Z,FALSE
2.1,2024-12-04,13.21271052631579,38,2024-12-04T01:00:00Z,2024-12-04T23:30:00Z,TRUE
2.1,2024-12-05,5.372351351351352,37,2024-12-05T00:30:00Z,2024-12-06T00:00:00Z,TRUE
2.1,2024-12-06,2.4271707317073172,41,2024-12-06T00:30:00Z,2024-12-07T00:00:00Z,TRUE
2.1,2024-12-07,4.787742857142857,35,2024-12-07T00:30:00Z,2024-12-07T23:30:00Z,FALSE
2.1,2024-12-08,6.286324324324324,37,2024-12-08T00:30:00Z,2024-12-09T00:00:00Z,TRUE
2.1,2024-12-09,8.014885714285715,35,2024-12-09T00:30:00Z,2024-12-09T23:30:00Z,FALSE
2.1,2024-12-10,41.13122580645162,31,2024-12-10T01:00:00Z,2024-12-11T00:00:00Z,FALSE
2.1,2024-12-11,31.214351351351354,37,2024-12-11T00:30:00Z,2024-12-11T23:30:00Z,TRUE
2.1,2024-12-12,5.643810810810812,37,2024-12-12T01:00:00Z,2024-12-13T00:00:00Z,TRUE
2.1,2024-12-13,4.699189189189189,37,2024-12-13T00:30:00Z,2024-12-14T00:00:00Z,TRUE
2.1,2024-12-14,7.619617647058823,34,2024-12-14T00:30:00Z,2024-12-14T23:00:00Z,FALSE
2.1,2024-12-15,11.318868421052631,38,2024-12-15T00:30:00Z,2024-12-16T00:00:00Z,TRUE
2.1,2024-12-16,12.49617142857143,35,2024-12-16T00:30:00Z,2024-12-17T00:00:00Z,FALSE
2.1,2024-12-17,11.660625,32,2024-12-17T00:30:00Z,2024-12-18T00:00:00Z,FALSE
2.1,2024-12-18,50.104,36,2024-12-18T00:30:00Z,2024-12-19T00:00:00Z,TRUE
2.1,2024-12-19,6.6985789473684205,38,2024-12-19T00:30:00Z,2024-12-19T23:30:00Z,TRUE
2.1,2024-12-20,15.798558823529412,34,2024-12-20T00:30:00Z,2024-12-21T00:00:00Z,FALSE
2.1,2024-12-21,1.8615897435897437,39,2024-12-21T02:00:00Z,2024-12-22T00:00:00Z,TRUE
2.1,2024-12-22,2.1203333333333334,42,2024-12-22T00:30:00Z,2024-12-23T00:00:00Z,TRUE
2.1,2024-12-23,5.527358974358974,39,2024-12-23T00:30:00Z,2024-12-23T23:00:00Z,TRUE
2.1,2024-12-24,24.744633333333333,30,2024-12-24T01:00:00Z,2024-12-25T00:00:00Z,FALSE
2.1,2024-12-25,23.399,27,2024-12-25T00:30:00Z,2024-12-26T00:00:00Z,FALSE
2.1,2024-12-26,12.157387096774194,31,2024-12-26T00:30:00Z,2024-12-27T00:00:00Z,FALSE
2.1,2024-12-27,11.377466666666667,30,2024-12-27T01:00:00Z,2024-12-27T22:30:00Z,FALSE
2.1,2024-12-28,5.128605263157895,38,2024-12-28T00:30:00Z,2024-12-29T00:00:00Z,TRUE
2.1,2024-12-29,13.945171428571427,35,2024-12-29T00:30:00Z,2024-12-29T23:00:00Z,FALSE
2.1,2024-12-30,2.88909375,32,2024-12-30T00:30:00Z,2024-12-30T23:00:00Z,FALSE
2.1,2024-12-31,9.391184210526315,38,2024-12-31T00:30:00Z,2025-01-01T00:00:00Z,TRUE
2.1,2025-01-01,8.93854054054054,37,2025-01-01T00:30:00Z,2025-01-02T00:00:00Z,TRUE
2.1,2025-01-02,9.156285714285714,42,2025-01-02T00:30:00Z,2025-01-03T00:00:00Z,TRUE
2.1,2025-01-03,10.942022727272727,44,2025-01-03T00:30:00Z,2025-01-04T00:00:00Z,TRUE
2.1,2025-01-04,2.1241333333333334,45,2025-01-04T00:30:00Z,2025-01-05T00:00:00Z,TRUE
2.1,2025-01-05,8.08151219512195,41,2025-01-05T00:30:00Z,2025-01-06T00:00:00Z,TRUE
2.1,2025-01-06,7.86995,40,2025-01-06T00:30:00Z,2025-01-06T23:30:00Z,TRUE
2.1,2025-01-07,1.688264705882353,34,2025-01-07T00:30:00Z,2025-01-08T00:00:00Z,FALSE
2.1,2025-01-08,1.620638888888889,36,2025-01-08T00:30:00Z,2025-01-09T00:00:00Z,TRUE
2.1,2025-01-09,1.978825,40,2025-01-09T00:30:00Z,2025-01-09T23:30:00Z,TRUE
2.1,2025-01-10,11.805763157894738,38,2025-01-10T00:30:00Z,2025-01-11T00:00:00Z,TRUE
2.1,2025-01-11,30.417292682926828,41,2025-01-11T00:30:00Z,2025-01-12T00:00:00Z,TRUE
2.1,2025-01-12,23.253474999999998,40,2025-01-12T01:00:00Z,2025-01-13T00:00:00Z,TRUE
2.1,2025-01-13,7.3431999999999995,40,2025-01-13T00:30:00Z,2025-01-14T00:00:00Z,TRUE
2.1,2025-01-14,5.9674249999999995,40,2025-01-14T00:30:00Z,2025-01-15T00:00:00Z,TRUE
2.1,2025-01-15,6.799767441860465,43,2025-01-15T00:30:00Z,2025-01-15T23:30:00Z,TRUE
2.1,2025-01-16,19.52007894736842,38,2025-01-16T01:00:00Z,2025-01-16T23:30:00Z,TRUE
2.1,2025-01-17,23.91810256410256,39,2025-01-17T01:00:00Z,2025-01-18T00:00:00Z,TRUE
2.1,2025-01-18,6.80840625,32,2025-01-18T01:30:00Z,2025-01-18T23:30:00Z,FALSE
2.1,2025-01-19,1.9322307692307692,39,2025-01-19T00:30:00Z,2025-01-19T23:30:00Z,TRUE
2.1,2025-01-20,3.2432162162162164,37,2025-01-20T00:30:00Z,2025-01-20T23:00:00Z,TRUE
2.1,2025-01-21,3.651918918918919,37,2025-01-21T01:00:00Z,2025-01-22T00:00:00Z,TRUE
2.1,2025-01-22,3.9169302325581397,43,2025-01-22T00:30:00Z,2025-01-23T00:00:00Z,TRUE
2.1,2025-01-23,8.518536585365853,41,2025-01-23T00:30:00Z,2025-01-24T00:00:00Z,TRUE
2.1,2025-01-24,5.077177777777778,45,2025-01-24T00:30:00Z,2025-01-25T00:00:00Z,TRUE
2.1,2025-01-25,11.627217391304347,46,2025-01-25T00:30:00Z,2025-01-26T00:00:00Z,TRUE
2.1,2025-01-26,7.43485,40,2025-01-26T01:30:00Z,2025-01-27T00:00:00Z,TRUE
2.1,2025-01-27,5.3818,40,2025-01-27T00:30:00Z,2025-01-28T00:00:00Z,TRUE
2.1,2025-01-28,3.709657142857143,35,2025-01-28T00:30:00Z,2025-01-29T00:00:00Z,FALSE
2.1,2025-01-29,3.330064516129032,31,2025-01-29T00:30:00Z,2025-01-30T00:00:00Z,FALSE
2.1,2025-01-30,5.781090909090909,33,2025-01-30T00:30:00Z,2025-01-31T00:00:00Z,FALSE
2.1,2025-01-31,10.639558823529411,34,2025-01-31T01:00:00Z,2025-01-31T23:30:00Z,FALSE
2.1,2025-02-01,12.949955555555558,45,2025-02-01T00:30:00Z,2025-02-02T00:00:00Z,TRUE
2.1,2025-02-02,6.1370000000000005,36,2025-02-02T00:30:00Z,2025-02-02T22:30:00Z,TRUE
2.1,2025-02-03,33.70593103448276,29,2025-02-03T01:00:00Z,2025-02-03T23:30:00Z,FALSE
2.1,2025-02-04,16.994,36,2025-02-04T00:30:00Z,2025-02-05T00:00:00Z,TRUE
2.1,2025-02-05,2.6907954545454547,44,2025-02-05T00:30:00Z,2025-02-06T00:00:00Z,TRUE
2.1,2025-02-06,15.96155882352941,34,2025-02-06T00:30:00Z,2025-02-07T00:00:00Z,FALSE
2.1,2025-02-07,4.726088235294117,34,2025-02-07T01:00:00Z,2025-02-07T23:30:00Z,FALSE
2.1,2025-02-08,11.777878787878787,33,2025-02-08T00:30:00Z,2025-02-09T00:00:00Z,FALSE
2.1,2025-02-09,15.771621621621621,37,2025-02-09T00:30:00Z,2025-02-10T00:00:00Z,TRUE
2.1,2025-02-10,8.671595238095238,42,2025-02-10T00:30:00Z,2025-02-11T00:00:00Z,TRUE
2.1,2025-02-11,18.002205882352943,34,2025-02-11T00:30:00Z,2025-02-12T00:00:00Z,FALSE
2.1,2025-02-12,24.417470588235293,34,2025-02-12T01:00:00Z,2025-02-13T00:00:00Z,FALSE
2.1,2025-02-13,18.588380952380955,42,2025-02-13T00:30:00Z,2025-02-14T00:00:00Z,TRUE
2.1,2025-02-14,7.408857142857143,35,2025-02-14T00:30:00Z,2025-02-14T23:30:00Z,FALSE
2.1,2025-02-15,12.488380952380952,42,2025-02-15T00:30:00Z,2025-02-16T00:00:00Z,TRUE
2.1,2025-02-16,17.066307692307692,39,2025-02-16T00:30:00Z,2025-02-17T00:00:00Z,TRUE
2.1,2025-02-17,3.574738095238095,42,2025-02-17T01:00:00Z,2025-02-18T00:00:00Z,TRUE
2.1,2025-02-18,3.021130434782609,46,2025-02-18T00:30:00Z,2025-02-18T23:30:00Z,TRUE
2.1,2025-02-19,2.2963695652173914,46,2025-02-19T00:30:00Z,2025-02-20T00:00:00Z,TRUE
2.1,2025-02-20,4.700288888888889,45,2025-02-20T00:30:00Z,2025-02-21T00:00:00Z,TRUE
2.1,2025-02-21,2.866553191489362,47,2025-02-21T00:30:00Z,2025-02-22T00:00:00Z,TRUE
2.1,2025-02-22,12.579487804878049,41,2025-02-22T00:30:00Z,2025-02-23T00:00:00Z,TRUE
2.1,2025-02-23,11.037475,40,2025-02-23T00:30:00Z,2025-02-24T00:00:00Z,TRUE
2.1,2025-02-24,11.337125,32,2025-02-24T01:30:00Z,2025-02-24T23:30:00Z,FALSE
2.1,2025-02-25,10.270589743589744,39,2025-02-25T01:00:00Z,2025-02-25T23:30:00Z,TRUE
2.1,2025-02-26,20.8055,34,2025-02-26T00:30:00Z,2025-02-26T23:30:00Z,FALSE
2.1,2025-02-27,46.13111764705882,34,2025-02-27T01:30:00Z,2025-02-28T00:00:00Z,FALSE
2.1,2025-02-28,9.181906249999999,32,2025-02-28T00:30:00Z,2025-03-01T00:00:00Z,FALSE
2.1,2025-03-01,1.9286052631578947,38,2025-03-01T01:00:00Z,2025-03-02T00:00:00Z,TRUE
2.1,2025-03-02,2.8433142857142855,35,2025-03-02T00:30:00Z,2025-03-03T00:00:00Z,FALSE
2.1,2025-03-03,7.10434375,32,2025-03-03T01:00:00Z,2025-03-04T00:00:00Z,FALSE
2.1,2025-03-04,6.061111111111111,36,2025-03-04T00:30:00Z,2025-03-04T23:30:00Z,TRUE
2.1,2025-03-05,3.82765,40,2025-03-05T00:30:00Z,2025-03-05T23:30:00Z,TRUE
2.1,2025-03-06,1.9980588235294117,34,2025-03-06T00:30:00Z,2025-03-07T00:00:00Z,FALSE
2.1,2025-03-07,7.444225,40,2025-03-07T00:30:00Z,2025-03-07T23:30:00Z,TRUE
2.1,2025-03-08,12.523342857142858,35,2025-03-08T00:30:00Z,2025-03-09T00:00:00Z,FALSE
2.1,2025-03-09,5.383947368421053,38,2025-03-09T00:30:00Z,2025-03-09T23:30:00Z,TRUE
2.1,2025-03-10,5.4234285714285715,35,2025-03-10T00:30:00Z,2025-03-10T23:30:00Z,FALSE
2.1,2025-03-11,5.257441176470588,34,2025-03-11T00:30:00Z,2025-03-12T00:00:00Z,FALSE
2.1,2025-03-12,2.2406216216216217,37,2025-03-12T01:00:00Z,2025-03-13T00:00:00Z,TRUE
2.1,2025-03-13,6.52834375,32,2025-03-13T00:30:00Z,2025-03-14T00:00:00Z,FALSE
2.1,2025-03-14,8.843081081081081,37,2025-03-14T00:30:00Z,2025-03-14T23:30:00Z,TRUE
2.1,2025-03-15,10.442615384615385,39,2025-03-15T01:00:00Z,2025-03-16T00:00:00Z,TRUE
2.1,2025-03-16,6.725735294117647,34,2025-03-16T00:30:00Z,2025-03-16T22:30:00Z,FALSE
2.1,2025-03-17,2.4605806451612904,31,2025-03-17T00:30:00Z,2025-03-18T00:00:00Z,FALSE
2.1,2025-03-18,4.3338125,32,2025-03-18T01:30:00Z,2025-03-19T00:00:00Z,FALSE
2.1,2025-03-19,4.172628571428572,35,2025-03-19T00:30:00Z,2025-03-20T00:00:00Z,FALSE
2.1,2025-03-20,3.5377272727272726,33,2025-03-20T00:30:00Z,2025-03-21T00:00:00Z,FALSE
2.1,2025-03-21,2.4183529411764706,34,2025-03-21T00:30:00Z,2025-03-22T00:00:00Z,FALSE
2.1,2025-03-22,3.108057142857143,35,2025-03-22T00:30:00Z,2025-03-23T00:00:00Z,FALSE
2.1,2025-03-23,4.010694444444445,36,2025-03-23T01:30:00Z,2025-03-24T00:00:00Z,TRUE
2.1,2025-03-24,5.862918918918919,37,2025-03-24T00:30:00Z,2025-03-25T00:00:00Z,TRUE
2.1,2025-03-25,4.3060857142857145,35,2025-03-25T00:30:00Z,2025-03-26T00:00:00Z,FALSE
2.1,2025-03-26,3.2040588235294116,34,2025-03-26T00:30:00Z,2025-03-26T23:30:00Z,FALSE
2.1,2025-03-27,5.151387096774194,31,2025-03-27T00:30:00Z,2025-03-27T23:30:00Z,FALSE
2.1,2025-03-28,12.87514705882353,34,2025-03-28T00:30:00Z,2025-03-29T00:00:00Z,FALSE
2.1,2025-03-29,9.26362857142857,35,2025-03-29T01:00:00Z,2025-03-30T00:00:00Z,FALSE
2.1,2025-03-30,10.93139024390244,41,2025-03-30T00:30:00Z,2025-03-31T00:00:00Z,TRUE
2.1,2025-03-31,5.556236842105263,38,2025-03-31T00:30:00Z,2025-04-01T00:00:00Z,TRUE
2.1,2025-04-01,3.207827586206897,29,2025-04-01T01:00:00Z,2025-04-02T00:00:00Z,FALSE
2.1,2025-04-02,4.7467575757575755,33,2025-04-02T02:00:00Z,2025-04-03T00:00:00Z,FALSE
2.1,2025-04-03,3.8835135135135137,37,2025-04-03T00:30:00Z,2025-04-03T23:30:00Z,TRUE
2.1,2025-04-04,2.0500625,32,2025-04-04T00:30:00Z,2025-04-04T23:30:00Z,FALSE
2.1,2025-04-05,7.63534375,32,2025-04-05T00:30:00Z,2025-04-06T00:00:00Z,FALSE
2.1,2025-04-06,9.511363636363637,33,2025-04-06T00:30:00Z,2025-04-07T00:00:00Z,FALSE
2.1,2025-04-07,7.399815789473684,38,2025-04-07T01:30:00Z,2025-04-08T00:00:00Z,TRUE
2.1,2025-04-08,2.5899411764705884,34,2025-04-08T00:30:00Z,2025-04-08T23:00:00Z,FALSE
2.1,2025-04-09,5.618451612903225,31,2025-04-09T00:30:00Z,2025-04-09T23:30:00Z,FALSE
2.1,2025-04-10,19.481878787878788,33,2025-04-10T00:30:00Z,2025-04-11T00:00:00Z,FALSE
2.1,2025-04-11,15.5933125,32,2025-04-11T00:30:00Z,2025-04-11T23:30:00Z,FALSE
2.1,2025-04-12,7.027945945945946,37,2025-04-12T00:30:00Z,2025-04-13T00:00:00Z,TRUE
2.1,2025-04-13,12.290756756756757,37,2025-04-13T00:30:00Z,2025-04-14T00:00:00Z,TRUE
2.1,2025-04-14,4.582657894736842,38,2025-04-14T00:30:00Z,2025-04-15T00:00:00Z,TRUE
2.1,2025-04-15,2.0526451612903225,31,2025-04-15T01:30:00Z,2025-04-15T23:30:00Z,FALSE
2.1,2025-04-16,2.8680967741935484,31,2025-04-16T00:30:00Z,2025-04-17T00:00:00Z,FALSE
2.1,2025-04-17,7.843485714285714,35,2025-04-17T00:30:00Z,2025-04-18T00:00:00Z,FALSE
2.1,2025-04-18,5.139818181818182,33,2025-04-18T00:30:00Z,2025-04-19T00:00:00Z,FALSE
2.1,2025-04-19,10.093944444444444,36,2025-04-19T00:30:00Z,2025-04-20T00:00:00Z,TRUE
2.1,2025-04-20,4.886971428571428,35,2025-04-20T00:30:00Z,2025-04-21T00:00:00Z,FALSE
2.1,2025-04-21,4.146771428571428,35,2025-04-21T00:30:00Z,2025-04-22T00:00:00Z,FALSE
2.1,2025-04-22,1.7824166666666668,24,2025-04-22T00:30:00Z,2025-04-22T23:30:00Z,FALSE
2.1,2025-04-23,3.59755,40,2025-04-23T00:30:00Z,2025-04-24T00:00:00Z,TRUE
2.1,2025-04-24,4.566454545454546,33,2025-04-24T00:30:00Z,2025-04-25T00:00:00Z,FALSE
2.1,2025-04-25,5.481147058823529,34,2025-04-25T00:30:00Z,2025-04-26T00:00:00Z,FALSE
2.1,2025-04-26,22.473825,40,2025-04-26T03:30:00Z,2025-04-26T23:30:00Z,TRUE
2.1,2025-04-27,5.1834137931034485,29,2025-04-27T01:00:00Z,2025-04-28T00:00:00Z,FALSE
2.1,2025-04-28,3.288742857142857,35,2025-04-28T01:00:00Z,2025-04-29T00:00:00Z,FALSE
2.1,2025-04-29,5.71071875,32,2025-04-29T01:00:00Z,2025-04-30T00:00:00Z,FALSE
2.1,2025-04-30,1.815,30,2025-04-30T01:30:00Z,2025-05-01T00:00:00Z,FALSE
2.1,2025-05-01,5.142133333333334,30,2025-05-01T00:30:00Z,2025-05-02T00:00:00Z,FALSE
2.1,2025-05-02,6.6795135135135135,37,2025-05-02T00:30:00Z,2025-05-03T00:00:00Z,TRUE
2.1,2025-05-03,13.910718750000001,32,2025-05-03T01:00:00Z,2025-05-03T23:30:00Z,FALSE
2.1,2025-05-04,9.145628571428572,35,2025-05-04T00:30:00Z,2025-05-05T00:00:00Z,FALSE
2.1,2025-05-05,22.941277777777778,36,2025-05-05T00:30:00Z,2025-05-06T00:00:00Z,TRUE
2.1,2025-05-06,6.463714285714286,35,2025-05-06T00:30:00Z,2025-05-07T00:00:00Z,FALSE
2.1,2025-05-07,14.563727272727274,33,2025-05-07T01:00:00Z,2025-05-08T00:00:00Z,FALSE
2.1,2025-05-08,6.627470588235294,34,2025-05-08T01:30:00Z,2025-05-09T00:00:00Z,FALSE
2.1,2025-05-09,6.6579375,32,2025-05-09T00:30:00Z,2025-05-10T00:00:00Z,FALSE
2.1,2025-05-10,4.816470588235294,34,2025-05-10T00:30:00Z,2025-05-10T23:30:00Z,FALSE
2.1,2025-05-11,4.627633333333334,30,2025-05-11T01:00:00Z,2025-05-11T21:30:00Z,FALSE
2.1,2025-05-12,4.626878787878788,33,2025-05-12T00:30:00Z,2025-05-13T00:00:00Z,FALSE
2.1,2025-05-13,4.120028571428572,35,2025-05-13T00:30:00Z,2025-05-13T23:30:00Z,FALSE
2.1,2025-05-14,1.6010882352941176,34,2025-05-14T00:30:00Z,2025-05-15T00:00:00Z,FALSE
2.1,2025-05-15,7.8906,35,2025-05-15T00:30:00Z,2025-05-16T00:00:00Z,FALSE
2.1,2025-05-16,6.51469696969697,33,2025-05-16T00:30:00Z,2025-05-17T00:00:00Z,FALSE
2.1,2025-05-17,3.4342972972972974,37,2025-05-17T00:30:00Z,2025-05-18T00:00:00Z,TRUE
2.1,2025-05-18,4.682027777777778,36,2025-05-18T00:30:00Z,2025-05-18T23:30:00Z,TRUE
2.1,2025-05-19,4.658833333333333,30,2025-05-19T01:00:00Z,2025-05-20T00:00:00Z,FALSE
2.1,2025-05-20,4.0897575757575755,33,2025-05-20T00:30:00Z,2025-05-21T00:00:00Z,FALSE
2.1,2025-05-21,9.401264705882353,34,2025-05-21T00:30:00Z,2025-05-21T23:30:00Z,FALSE
2.1,2025-05-22,5.027333333333333,24,2025-05-22T01:00:00Z,2025-05-22T23:30:00Z,FALSE
2.1,2025-05-23,1.314470588235294,34,2025-05-23T00:30:00Z,2025-05-23T23:30:00Z,FALSE
2.1,2025-05-24,1.2638571428571428,35,2025-05-24T00:30:00Z,2025-05-25T00:00:00Z,FALSE
2.1,2025-05-25,6.970735294117648,34,2025-05-25T00:30:00Z,2025-05-26T00:00:00Z,FALSE
2.1,2025-05-26,9.013142857142856,35,2025-05-26T00:30:00Z,2025-05-27T00:00:00Z,FALSE
2.1,2025-05-27,3.7432894736842113,38,2025-05-27T00:30:00Z,2025-05-28T00:00:00Z,TRUE
2.1,2025-05-28,2.0132432432432434,37,2025-05-28T00:30:00Z,2025-05-29T00:00:00Z,TRUE
2.1,2025-05-29,14.482885714285715,35,2025-05-29T00:30:00Z,2025-05-30T00:00:00Z,FALSE
2.1,2025-05-30,12.037527777777779,36,2025-05-30T00:30:00Z,2025-05-30T23:30:00Z,TRUE
2.1,2025-05-31,9.23990625,32,2025-05-31T00:30:00Z,2025-06-01T00:00:00Z,FALSE
2.1,2025-06-01,6.530242424242424,33,2025-06-01T01:00:00Z,2025-06-01T23:00:00Z,FALSE
2.1,2025-06-02,3.3041764705882355,34,2025-06-02T00:30:00Z,2025-06-02T23:30:00Z,FALSE
2.1,2025-06-03,7.504638888888888,36,2025-06-03T01:00:00Z,2025-06-04T00:00:00Z,TRUE
2.1,2025-06-04,25.60334375,32,2025-06-04T01:00:00Z,2025-06-05T00:00:00Z,FALSE
2.1,2025-06-05,30.63022857142857,35,2025-06-05T00:30:00Z,2025-06-06T00:00:00Z,FALSE
2.1,2025-06-06,48.254062499999996,32,2025-06-06T00:30:00Z,2025-06-07T00:00:00Z,FALSE
2.1,2025-06-07,55.17934375000001,32,2025-06-07T00:30:00Z,2025-06-08T00:00:00Z,FALSE
2.1,2025-06-08,40.98675757575757,33,2025-06-08T01:00:00Z,2025-06-09T00:00:00Z,FALSE
2.1,2025-06-09,22.48232258064516,31,2025-06-09T00:30:00Z,2025-06-10T00:00:00Z,FALSE
2.1,2025-06-10,9.933176470588236,34,2025-06-10T01:30:00Z,2025-06-11T00:00:00Z,FALSE
2.1,2025-06-11,14.183470588235293,34,2025-06-11T01:00:00Z,2025-06-12T00:00:00Z,FALSE
2.1,2025-06-12,22.52713333333333,30,2025-06-12T01:00:00Z,2025-06-13T00:00:00Z,FALSE
2.1,2025-06-13,20.80227272727273,33,2025-06-13T01:00:00Z,2025-06-14T00:00:00Z,FALSE
2.1,2025-06-14,20.0641,30,2025-06-14T00:30:00Z,2025-06-15T00:00:00Z,FALSE
2.1,2025-06-15,22.547,34,2025-06-15T00:30:00Z,2025-06-16T00:00:00Z,FALSE
2.1,2025-06-16,22.547,35,2025-06-16T00:30:00Z,2025-06-17T00:00:00Z,FALSE
2.1,2025-06-17,18.437129032258063,31,2025-06-17T00:30:00Z,2025-06-18T00:00:00Z,FALSE
2.1,2025-06-18,9.381545454545455,33,2025-06-18T00:30:00Z,2025-06-18T23:30:00Z,FALSE
2.1,2025-06-19,6.3713870967741935,31,2025-06-19T00:30:00Z,2025-06-20T00:00:00Z,FALSE
2.1,2025-06-20,7.192121212121212,33,2025-06-20T01:00:00Z,2025-06-20T23:30:00Z,FALSE
2.1,2025-06-21,9.441975,40,2025-06-21T00:30:00Z,2025-06-22T00:00:00Z,TRUE
2.1,2025-06-22,9.201028571428571,35,2025-06-22T01:30:00Z,2025-06-22T23:00:00Z,FALSE
2.1,2025-06-23,9.014088235294118,34,2025-06-23T00:30:00Z,2025-06-23T23:30:00Z,FALSE
2.1,2025-06-24,8.602964285714286,28,2025-06-24T01:00:00Z,2025-06-25T00:00:00Z,FALSE
2.1,2025-06-25,12.113736842105263,38,2025-06-25T01:00:00Z,2025-06-26T00:00:00Z,TRUE
2.1,2025-06-26,17.85354285714286,35,2025-06-26T01:00:00Z,2025-06-27T00:00:00Z,FALSE
2.1,2025-06-27,11.416,28,2025-06-27T00:30:00Z,2025-06-28T00:00:00Z,FALSE
2.1,2025-06-28,8.30190909090909,22,2025-06-28T01:00:00Z,2025-06-29T00:00:00Z,FALSE
2.1,2025-06-29,6.885625,32,2025-06-29T00:30:00Z,2025-06-30T00:00:00Z,FALSE
2.1,2025-06-30,9.5358125,32,2025-06-30T00:30:00Z,2025-07-01T00:00:00Z,FALSE
2.1,2025-07-01,8.928823529411765,34,2025-07-01T00:30:00Z,2025-07-02T00:00:00Z,FALSE
2.1,2025-07-02,10.843354838709677,31,2025-07-02T00:30:00Z,2025-07-03T00:00:00Z,FALSE
2.1,2025-07-03,17.2871,30,2025-07-03T00:30:00Z,2025-07-04T00:00:00Z,FALSE
2.1,2025-07-04,17.907468750000003,32,2025-07-04T00:30:00Z,2025-07-05T00:00:00Z,FALSE
2.1,2025-07-05,14.254676470588235,34,2025-07-05T00:30:00Z,2025-07-05T23:30:00Z,FALSE
2.1,2025-07-06,10.181620689655173,29,2025-07-06T01:00:00Z,2025-07-07T00:00:00Z,FALSE
2.1,2025-07-07,11.132551724137931,29,2025-07-07T00:30:00Z,2025-07-08T00:00:00Z,FALSE
2.1,2025-07-08,13.98706896551724,29,2025-07-08T00:30:00Z,2025-07-09T00:00:00Z,FALSE
2.1,2025-07-09,21.777533333333334,30,2025-07-09T00:30:00Z,2025-07-09T23:30:00Z,FALSE
2.1,2025-07-10,19.26983870967742,31,2025-07-10T00:30:00Z,2025-07-10T23:30:00Z,FALSE
2.1,2025-07-11,14.703466666666667,30,2025-07-11T01:00:00Z,2025-07-12T00:00:00Z,FALSE
2.1,2025-07-12,9.1365,28,2025-07-12T02:30:00Z,2025-07-13T00:00:00Z,FALSE
2.1,2025-07-13,5.335354838709677,31,2025-07-13T02:00:00Z,2025-07-14T00:00:00Z,FALSE
2.1,2025-07-14,19.96415625,32,2025-07-14T01:00:00Z,2025-07-15T00:00:00Z,FALSE
2.1,2025-07-15,38.64667857142857,28,2025-07-15T00:30:00Z,2025-07-16T00:00:00Z,FALSE
2.1,2025-07-16,28.912703703703706,27,2025-07-16T00:30:00Z,2025-07-16T23:30:00Z,FALSE
2.1,2025-07-17,7.31978125,32,2025-07-17T00:30:00Z,2025-07-18T00:00:00Z,FALSE
2.1,2025-07-18,2.1057941176470587,34,2025-07-18T00:30:00Z,2025-07-19T00:00:00Z,FALSE
2.1,2025-07-19,3.411161290322581,31,2025-07-19T00:30:00Z,2025-07-20T00:00:00Z,FALSE
2.1,2025-07-20,5.911464285714286,28,2025-07-20T01:00:00Z,2025-07-20T23:30:00Z,FALSE
2.1,2025-07-21,21.472823529411766,34,2025-07-21T01:30:00Z,2025-07-22T00:00:00Z,FALSE
2.1,2025-07-22,3.9136249999999997,32,2025-07-22T03:00:00Z,2025-07-22T23:30:00Z,FALSE
2.1,2025-07-23,3.3031290322580644,31,2025-07-23T00:30:00Z,2025-07-24T00:00:00Z,FALSE
2.1,2025-07-24,13.299657142857143,35,2025-07-24T00:30:00Z,2025-07-25T00:00:00Z,FALSE
2.1,2025-07-25,17.199333333333335,3,2025-07-25T00:30:00Z,2025-07-25T01:30:00Z,FALSE
2.1,2025-08-11,14.339769230769232,13,2025-08-11T16:00:00Z,2025-08-11T23:30:00Z,FALSE
2.1,2025-08-12,13.086333333333332,33,2025-08-12T00:30:00Z,2025-08-12T23:00:00Z,FALSE
2.1,2025-08-13,6.986571428571429,28,2025-08-13T00:30:00Z,2025-08-13T23:30:00Z,FALSE
2.1,2025-08-14,21.172,28,2025-08-14T00:30:00Z,2025-08-15T00:00:00Z,FALSE
2.1,2025-08-15,29.08930303030303,33,2025-08-15T01:30:00Z,2025-08-15T23:30:00Z,FALSE
2.1,2025-08-16,18.39614705882353,34,2025-08-16T00:30:00Z,2025-08-17T00:00:00Z,FALSE
2.1,2025-08-17,12.103457142857142,35,2025-08-17T00:30:00Z,2025-08-18T00:00:00Z,FALSE
2.1,2025-08-18,3.0300967741935483,31,2025-08-18T01:30:00Z,2025-08-18T23:00:00Z,FALSE
2.1,2025-08-19,4.929555555555555,27,2025-08-19T00:30:00Z,2025-08-19T23:30:00Z,FALSE
2.1,2025-08-20,22.600272727272728,33,2025-08-20T01:30:00Z,2025-08-21T00:00:00Z,FALSE
2.1,2025-08-21,1.9453999999999998,25,2025-08-21T02:30:00Z,2025-08-22T00:00:00Z,FALSE
2.1,2025-08-22,3.2206,30,2025-08-22T00:30:00Z,2025-08-23T00:00:00Z,FALSE
2.1,2025-08-23,5.387566666666666,30,2025-08-23T00:30:00Z,2025-08-24T00:00:00Z,FALSE
2.1,2025-08-24,3.6636,35,2025-08-24T01:00:00Z,2025-08-25T00:00:00Z,FALSE
2.1,2025-08-25,1.4616285714285715,35,2025-08-25T01:00:00Z,2025-08-26T00:00:00Z,FALSE
2.1,2025-08-26,2.693941176470588,34,2025-08-26T00:30:00Z,2025-08-27T00:00:00Z,FALSE
2.1,2025-08-27,3.4595714285714285,35,2025-08-27T00:30:00Z,2025-08-27T23:30:00Z,FALSE
2.1,2025-08-28,4.016264705882353,34,2025-08-28T00:30:00Z,2025-08-28T23:30:00Z,FALSE
2.1,2025-08-29,2.8581470588235294,34,2025-08-29T00:30:00Z,2025-08-30T00:00:00Z,FALSE
2.1,2025-08-30,2.313787878787879,33,2025-08-30T00:30:00Z,2025-08-31T00:00:00Z,FALSE
2.1,2025-08-31,5.552638888888889,36,2025-08-31T00:30:00Z,2025-08-31T23:00:00Z,TRUE
2.1,2025-09-01,4.643558823529411,34,2025-09-01T00:30:00Z,2025-09-01T22:30:00Z,FALSE
2.1,2025-09-02,3.3222926829268293,41,2025-09-02T01:00:00Z,2025-09-03T00:00:00Z,TRUE
2.1,2025-09-03,4.295857142857143,28,2025-09-03T00:30:00Z,2025-09-03T23:30:00Z,FALSE
2.1,2025-09-04,6.857657142857143,35,2025-09-04T01:00:00Z,2025-09-05T00:00:00Z,FALSE
2.1,2025-09-05,14.193117647058823,34,2025-09-05T00:30:00Z,2025-09-06T00:00:00Z,FALSE
2.1,2025-09-06,3.8031142857142854,35,2025-09-06T00:30:00Z,2025-09-07T00:00:00Z,FALSE
2.1,2025-09-07,2.9914722222222223,36,2025-09-07T00:30:00Z,2025-09-08T00:00:00Z,TRUE
2.1,2025-09-08,2.9706153846153844,39,2025-09-08T00:30:00Z,2025-09-08T23:30:00Z,TRUE
2.1,2025-09-09,2.4772857142857143,42,2025-09-09T00:30:00Z,2025-09-10T00:00:00Z,TRUE
2.1,2025-09-10,3.4005,34,2025-09-10T00:30:00Z,2025-09-10T23:00:00Z,FALSE
2.1,2025-09-11,6.476272727272727,33,2025-09-11T01:00:00Z,2025-09-12T00:00:00Z,FALSE
2.1,2025-09-12,12.518064516129032,31,2025-09-12T01:00:00Z,2025-09-13T00:00:00Z,FALSE
2.1,2025-09-13,9.262275862068964,29,2025-09-13T00:30:00Z,2025-09-14T00:00:00Z,FALSE
2.1,2025-09-14,18.828805555555554,36,2025-09-14T00:30:00Z,2025-09-15T00:00:00Z,TRUE
2.1,2025-09-15,13.787451612903226,31,2025-09-15T01:30:00Z,2025-09-16T00:00:00Z,FALSE
2.1,2025-09-16,7.997576923076923,26,2025-09-16T00:30:00Z,2025-09-16T23:30:00Z,FALSE
2.1,2025-09-17,15.680153846153846,26,2025-09-17T00:30:00Z,2025-09-17T23:30:00Z,FALSE
2.1,2025-09-18,15.24303125,32,2025-09-18T01:30:00Z,2025-09-19T00:00:00Z,FALSE
2.1,2025-09-19,9.426,31,2025-09-19T00:30:00Z,2025-09-20T00:00:00Z,FALSE
2.1,2025-09-20,3.5769062499999995,32,2025-09-20T01:30:00Z,2025-09-20T23:30:00Z,FALSE
2.1,2025-09-21,7.901323529411766,34,2025-09-21T00:30:00Z,2025-09-22T00:00:00Z,FALSE
2.1,2025-09-22,11.049941176470588,17,2025-09-22T01:00:00Z,2025-09-22T22:30:00Z,FALSE
2.1,2025-09-23,7.4885806451612895,31,2025-09-23T01:30:00Z,2025-09-23T23:30:00Z,FALSE
2.1,2025-09-24,7.102571428571428,21,2025-09-24T00:30:00Z,2025-09-24T21:30:00Z,FALSE
2.1,2025-09-25,30.63676923076923,26,2025-09-25T03:00:00Z,2025-09-25T23:00:00Z,FALSE
2.1,2025-09-26,43.004709677419356,31,2025-09-26T00:30:00Z,2025-09-27T00:00:00Z,FALSE
2.1,2025-09-27,9.03296875,32,2025-09-27T00:30:00Z,2025-09-28T00:00:00Z,FALSE
2.1,2025-09-28,10.044705882352941,34,2025-09-28T00:30:00Z,2025-09-29T00:00:00Z,FALSE
2.1,2025-09-29,10.668838709677418,31,2025-09-29T00:30:00Z,2025-09-29T23:30:00Z,FALSE
2.1,2025-09-30,5.683828571428571,35,2025-09-30T00:30:00Z,2025-10-01T00:00:00Z,FALSE
2.1,2025-10-01,2.17021875,32,2025-10-01T00:30:00Z,2025-10-02T00:00:00Z,FALSE
2.1,2025-10-02,1.81090625,32,2025-10-02T00:30:00Z,2025-10-02T23:00:00Z,FALSE
2.1,2025-10-03,5.5558,35,2025-10-03T00:30:00Z,2025-10-03T23:30:00Z,FALSE
2.1,2025-10-04,9.224878787878788,33,2025-10-04T01:00:00Z,2025-10-05T00:00:00Z,FALSE
2.1,2025-10-05,7.226787878787879,33,2025-10-05T00:30:00Z,2025-10-05T23:30:00Z,FALSE
2.1,2025-10-06,3.682735294117647,34,2025-10-06T00:30:00Z,2025-10-06T23:00:00Z,FALSE
2.1,2025-10-07,5.6092962962962964,27,2025-10-07T01:00:00Z,2025-10-08T00:00:00Z,FALSE
2.1,2025-10-08,1.2985757575757577,33,2025-10-08T00:30:00Z,2025-10-09T00:00:00Z,FALSE
2.1,2025-10-09,1.66092,25,2025-10-09T01:00:00Z,2025-10-09T22:00:00Z,FALSE
2.1,2025-10-10,2.292548387096774,31,2025-10-10T00:30:00Z,2025-10-11T00:00:00Z,FALSE
2.1,2025-10-11,3.00534375,32,2025-10-11T00:30:00Z,2025-10-11T23:00:00Z,FALSE
2.1,2025-10-12,9.068060606060605,33,2025-10-12T01:00:00Z,2025-10-13T00:00:00Z,FALSE
2.1,2025-10-13,1.7033939393939392,33,2025-10-13T00:30:00Z,2025-10-14T00:00:00Z,FALSE
2.1,2025-10-14,2.7594230769230768,26,2025-10-14T00:30:00Z,2025-10-14T23:30:00Z,FALSE
2.1,2025-10-15,1.9015151515151516,33,2025-10-15T01:30:00Z,2025-10-16T00:00:00Z,FALSE
2.1,2025-10-16,1.1570526315789473,38,2025-10-16T00:30:00Z,2025-10-17T00:00:00Z,TRUE
2.1,2025-10-17,2.4885862068965516,29,2025-10-17T01:00:00Z,2025-10-18T00:00:00Z,FALSE
2.1,2025-10-18,4.7,36,2025-10-18T00:30:00Z,2025-10-19T00:00:00Z,TRUE
2.1,2025-10-19,7.974645161290322,31,2025-10-19T00:30:00Z,2025-10-20T00:00:00Z,FALSE
2.1,2025-10-20,2.2559285714285715,28,2025-10-20T00:30:00Z,2025-10-21T00:00:00Z,FALSE
2.1,2025-10-21,2.7289736842105263,38,2025-10-21T01:00:00Z,2025-10-22T00:00:00Z,TRUE
2.1,2025-10-22,2.473657894736842,38,2025-10-22T00:30:00Z,2025-10-22T23:30:00Z,TRUE
2.1,2025-10-23,3.84841935483871,31,2025-10-23T00:30:00Z,2025-10-23T23:00:00Z,FALSE
2.1,2025-10-24,1.761,30,2025-10-24T02:00:00Z,2025-10-25T00:00:00Z,FALSE
2.1,2025-10-25,3.15725,40,2025-10-25T00:30:00Z,2025-10-26T00:00:00Z,TRUE
2.1,2025-10-26,2.6786666666666665,39,2025-10-26T00:30:00Z,2025-10-27T00:00:00Z,TRUE
2.1,2025-10-27,2.4115454545454544,33,2025-10-27T00:30:00Z,2025-10-28T00:00:00Z,FALSE
2.1,2025-10-28,2.8132413793103446,29,2025-10-28T00:30:00Z,2025-10-29T00:00:00Z,FALSE
2.1,2025-10-29,3.101,32,2025-10-29T00:30:00Z,2025-10-29T23:30:00Z,FALSE
2.1,2025-10-30,3.04753125,32,2025-10-30T00:30:00Z,2025-10-31T00:00:00Z,FALSE
2.1,2025-10-31,2.126181818181818,33,2025-10-31T00:30:00Z,2025-10-31T23:30:00Z,FALSE
2.1,2025-11-01,8.1102,40,2025-11-01T00:30:00Z,2025-11-01T23:30:00Z,TRUE
2.1,2025-11-02,17.744756756756757,37,2025-11-02T00:30:00Z,2025-11-03T00:00:00Z,TRUE
2.1,2025-11-03,10.10369696969697,33,2025-11-03T01:00:00Z,2025-11-03T23:30:00Z,FALSE
2.1,2025-11-04,2.66040625,32,2025-11-04T00:30:00Z,2025-11-05T00:00:00Z,FALSE
2.1,2025-11-05,4.457971428571429,35,2025-11-05T01:00:00Z,2025-11-05T22:30:00Z,FALSE
2.1,2025-11-06,1.5415641025641025,39,2025-11-06T01:00:00Z,2025-11-07T00:00:00Z,TRUE
2.1,2025-11-07,7.305571428571429,35,2025-11-07T00:30:00Z,2025-11-08T00:00:00Z,FALSE
2.1,2025-11-08,6.7741999999999996,40,2025-11-08T00:30:00Z,2025-11-09T00:00:00Z,TRUE
2.1,2025-11-09,11.519428571428572,28,2025-11-09T00:30:00Z,2025-11-10T00:00:00Z,FALSE
2.1,2025-11-10,1.6536428571428572,28,2025-11-10T00:30:00Z,2025-11-10T23:30:00Z,FALSE
2.1,2025-11-11,3.810193548387097,31,2025-11-11T01:30:00Z,2025-11-12T00:00:00Z,FALSE
2.1,2025-11-12,3.8598,35,2025-11-12T00:30:00Z,2025-11-13T00:00:00Z,FALSE
2.1,2025-11-13,2.277078947368421,38,2025-11-13T01:00:00Z,2025-11-14T00:00:00Z,TRUE
2.1,2025-11-14,5.276694444444445,36,2025-11-14T00:30:00Z,2025-11-14T22:30:00Z,TRUE
2.1,2025-11-15,13.89536111111111,36,2025-11-15T00:30:00Z,2025-11-15T23:30:00Z,TRUE
2.1,2025-11-16,3.7638421052631577,38,2025-11-16T00:30:00Z,2025-11-17T00:00:00Z,TRUE
2.1,2025-11-17,1.6190499999999999,40,2025-11-17T00:30:00Z,2025-11-18T00:00:00Z,TRUE
2.1,2025-11-18,7.101,37,2025-11-18T00:30:00Z,2025-11-19T00:00:00Z,TRUE
2.1,2025-11-19,12.998315789473684,38,2025-11-19T00:30:00Z,2025-11-20T00:00:00Z,TRUE
2.1,2025-11-20,20.99866666666667,36,2025-11-20T01:00:00Z,2025-11-21T00:00:00Z,TRUE
2.1,2025-11-21,23.996102564102564,39,2025-11-21T00:30:00Z,2025-11-22T00:00:00Z,TRUE
2.1,2025-11-22,11.664729729729729,37,2025-11-22T00:30:00Z,2025-11-23T00:00:00Z,TRUE
2.1,2025-11-23,11.148794871794871,39,2025-11-23T00:30:00Z,2025-11-24T00:00:00Z,TRUE
2.1,2025-11-24,5.456424242424243,33,2025-11-24T00:30:00Z,2025-11-24T23:30:00Z,FALSE
2.1,2025-11-25,6.758051282051282,39,2025-11-25T00:30:00Z,2025-11-25T23:00:00Z,TRUE
2.1,2025-11-26,11.807885714285716,35,2025-11-26T01:00:00Z,2025-11-27T00:00:00Z,FALSE
2.1,2025-11-27,2.5681875,32,2025-11-27T01:00:00Z,2025-11-28T00:00:00Z,FALSE
2.1,2025-11-28,1.3081176470588236,34,2025-11-28T01:00:00Z,2025-11-28T23:00:00Z,FALSE
2.1,2025-11-29,3.3151707317073167,41,2025-11-29T00:30:00Z,2025-11-30T00:00:00Z,TRUE
2.1,2025-11-30,7.217153846153846,26,2025-11-30T01:00:00Z,2025-12-01T00:00:00Z,FALSE
2.1,2025-12-01,3.895322580645161,31,2025-12-01T01:00:00Z,2025-12-01T23:30:00Z,FALSE
2.1,2025-12-02,9.766558823529412,34,2025-12-02T00:30:00Z,2025-12-03T00:00:00Z,FALSE
2.1,2025-12-03,18.110857142857142,21,2025-12-03T00:30:00Z,2025-12-03T23:30:00Z,FALSE
2.1,2025-12-04,13.423000000000002,30,2025-12-04T00:30:00Z,2025-12-05T00:00:00Z,FALSE
2.1,2025-12-05,6.05306976744186,43,2025-12-05T00:30:00Z,2025-12-06T00:00:00Z,TRUE
2.1,2025-12-06,23.641176470588235,34,2025-12-06T00:30:00Z,2025-12-07T00:00:00Z,FALSE
2.1,2025-12-07,21.042529411764704,34,2025-12-07T00:30:00Z,2025-12-08T00:00:00Z,FALSE
2.1,2025-12-08,2.1379444444444444,36,2025-12-08T01:00:00Z,2025-12-09T00:00:00Z,TRUE
2.1,2025-12-09,5.222499999999999,42,2025-12-09T00:30:00Z,2025-12-10T00:00:00Z,TRUE
2.1,2025-12-10,12.224620689655172,29,2025-12-10T00:30:00Z,2025-12-11T00:00:00Z,FALSE
2.1,2025-12-11,2.1348000000000003,35,2025-12-11T02:00:00Z,2025-12-11T23:30:00Z,FALSE
2.1,2025-12-12,3.256560975609756,41,2025-12-12T00:30:00Z,2025-12-13T00:00:00Z,TRUE
2.1,2025-12-13,14.719142857142858,35,2025-12-13T00:30:00Z,2025-12-13T23:30:00Z,FALSE
2.1,2025-12-14,2.5629782608695653,46,2025-12-14T00:30:00Z,2025-12-15T00:00:00Z,TRUE
2.1,2025-12-15,7.271171428571429,35,2025-12-15T00:30:00Z,2025-12-15T23:30:00Z,FALSE
2.1,2025-12-16,6.3705,34,2025-12-16T01:00:00Z,2025-12-17T00:00:00Z,FALSE
2.1,2025-12-17,14.175593749999999,32,2025-12-17T00:30:00Z,2025-12-18T00:00:00Z,FALSE
2.1,2025-12-18,11.56264705882353,34,2025-12-18T00:30:00Z,2025-12-19T00:00:00Z,FALSE
2.1,2025-12-19,8.013,27,2025-12-19T01:00:00Z,2025-12-19T23:30:00Z,FALSE
2.1,2025-12-20,5.746736842105263,38,2025-12-20T01:00:00Z,2025-12-21T00:00:00Z,TRUE
2.1,2025-12-21,3.118909090909091,33,2025-12-21T00:30:00Z,2025-12-21T23:00:00Z,FALSE
2.1,2025-12-22,7.142529411764706,34,2025-12-22T00:30:00Z,2025-12-22T23:30:00Z,FALSE
2.1,2025-12-23,17.97558823529412,34,2025-12-23T00:30:00Z,2025-12-23T23:30:00Z,FALSE
2.1,2025-12-24,28.548885714285714,35,2025-12-24T00:30:00Z,2025-12-24T23:30:00Z,FALSE
2.1,2025-12-25,24.647321428571427,28,2025-12-25T01:30:00Z,2025-12-25T23:00:00Z,FALSE
2.1,2025-12-26,8.63384,25,2025-12-26T00:30:00Z,2025-12-26T21:00:00Z,FALSE
2.1,2025-12-27,12.897818181818181,22,2025-12-27T01:30:00Z,2025-12-27T23:00:00Z,FALSE
2.1,2025-12-28,17.0168,5,2025-12-28T08:30:00Z,2025-12-28T22:00:00Z,FALSE
2.1,2025-12-29,3.7772105263157894,38,2025-12-29T00:30:00Z,2025-12-30T00:00:00Z,TRUE
2.1,2025-12-30,3.854028571428571,35,2025-12-30T00:30:00Z,2025-12-31T00:00:00Z,FALSE
2.1,2025-12-31,15.60795238095238,42,2025-12-31T00:30:00Z,2025-12-31T23:30:00Z,TRUE
3.1,2024-10-31,0.923,1,2024-11-01T00:00:00Z,2024-11-01T00:00:00Z,FALSE
3.1,2024-11-01,2.301,45,2024-11-01T00:30:00Z,2024-11-02T00:00:00Z,TRUE
3.1,2024-11-02,2.456042553191489,47,2024-11-02T00:30:00Z,2024-11-03T00:00:00Z,TRUE
3.1,2024-11-03,3.202936170212766,47,2024-11-03T00:30:00Z,2024-11-04T00:00:00Z,TRUE
3.1,2024-11-04,3.7885625,48,2024-11-04T00:30:00Z,2024-11-05T00:00:00Z,TRUE
3.1,2024-11-05,3.829804347826087,46,2024-11-05T00:30:00Z,2024-11-06T00:00:00Z,TRUE
3.1,2024-11-06,6.440595744680851,47,2024-11-06T00:30:00Z,2024-11-07T00:00:00Z,TRUE
3.1,2024-11-07,3.7549574468085107,47,2024-11-07T00:30:00Z,2024-11-08T00:00:00Z,TRUE
3.1,2024-11-08,8.79431111111111,45,2024-11-08T00:30:00Z,2024-11-09T00:00:00Z,TRUE
3.1,2024-11-09,2.5701666666666667,48,2024-11-09T00:30:00Z,2024-11-10T00:00:00Z,TRUE
3.1,2024-11-10,8.599434782608695,46,2024-11-10T00:30:00Z,2024-11-11T00:00:00Z,TRUE
3.1,2024-11-11,4.787326086956521,46,2024-11-11T00:30:00Z,2024-11-11T23:30:00Z,TRUE
3.1,2024-11-12,1.5487291666666667,48,2024-11-12T00:30:00Z,2024-11-13T00:00:00Z,TRUE
3.1,2024-11-13,2.2552444444444446,45,2024-11-13T00:30:00Z,2024-11-14T00:00:00Z,TRUE
3.1,2024-11-14,2.7402340425531913,47,2024-11-14T00:30:00Z,2024-11-15T00:00:00Z,TRUE
3.1,2024-11-15,12.732020833333333,48,2024-11-15T00:30:00Z,2024-11-16T00:00:00Z,TRUE
3.1,2024-11-16,3.3352291666666667,48,2024-11-16T00:30:00Z,2024-11-17T00:00:00Z,TRUE
3.1,2024-11-17,7.866520833333333,48,2024-11-17T00:30:00Z,2024-11-18T00:00:00Z,TRUE
3.1,2024-11-18,18.35920833333333,48,2024-11-18T00:30:00Z,2024-11-19T00:00:00Z,TRUE
3.1,2024-11-19,13.181695652173913,46,2024-11-19T00:30:00Z,2024-11-20T00:00:00Z,TRUE
3.1,2024-11-20,6.704888888888889,45,2024-11-20T00:30:00Z,2024-11-21T00:00:00Z,TRUE
3.1,2024-11-21,4.171914893617021,47,2024-11-21T00:30:00Z,2024-11-21T23:30:00Z,TRUE
3.1,2024-11-22,8.210659574468085,47,2024-11-22T00:30:00Z,2024-11-23T00:00:00Z,TRUE
3.1,2024-11-23,1.732695652173913,46,2024-11-23T00:30:00Z,2024-11-24T00:00:00Z,TRUE
3.1,2024-11-24,14.678723404255319,47,2024-11-24T01:00:00Z,2024-11-25T00:00:00Z,TRUE
3.1,2024-11-25,11.816444444444445,45,2024-11-25T00:30:00Z,2024-11-26T00:00:00Z,TRUE
3.1,2024-11-26,9.4594375,48,2024-11-26T00:30:00Z,2024-11-27T00:00:00Z,TRUE
3.1,2024-11-27,6.3868936170212764,47,2024-11-27T00:30:00Z,2024-11-28T00:00:00Z,TRUE
3.1,2024-11-28,7.1939111111111105,45,2024-11-28T00:30:00Z,2024-11-29T00:00:00Z,TRUE
3.1,2024-11-29,8.718291666666667,48,2024-11-29T00:30:00Z,2024-11-30T00:00:00Z,TRUE
3.1,2024-11-30,8.233375,48,2024-11-30T00:30:00Z,2024-12-01T00:00:00Z,TRUE
3.1,2024-12-01,6.798106382978723,47,2024-12-01T00:30:00Z,2024-12-02T00:00:00Z,TRUE
3.1,2024-12-02,10.438851063829787,47,2024-12-02T00:30:00Z,2024-12-03T00:00:00Z,TRUE
3.1,2024-12-03,12.148604166666667,48,2024-12-03T00:30:00Z,2024-12-04T00:00:00Z,TRUE
3.1,2024-12-04,12.374354166666667,48,2024-12-04T00:30:00Z,2024-12-05T00:00:00Z,TRUE
3.1,2024-12-05,5.361166666666667,48,2024-12-05T00:30:00Z,2024-12-06T00:00:00Z,TRUE
3.1,2024-12-06,2.885021276595745,47,2024-12-06T00:30:00Z,2024-12-07T00:00:00Z,TRUE
3.1,2024-12-07,5.051829787234042,47,2024-12-07T00:30:00Z,2024-12-08T00:00:00Z,TRUE
3.1,2024-12-08,6.685288888888889,45,2024-12-08T00:30:00Z,2024-12-09T00:00:00Z,TRUE
3.1,2024-12-09,6.122021276595745,47,2024-12-09T00:30:00Z,2024-12-10T00:00:00Z,TRUE
3.1,2024-12-10,26.80140425531915,47,2024-12-10T00:30:00Z,2024-12-11T00:00:00Z,TRUE
3.1,2024-12-11,24.205489361702128,47,2024-12-11T00:30:00Z,2024-12-12T00:00:00Z,TRUE
3.1,2024-12-12,5.894695652173914,46,2024-12-12T00:30:00Z,2024-12-13T00:00:00Z,TRUE
3.1,2024-12-13,4.9625957446808515,47,2024-12-13T00:30:00Z,2024-12-14T00:00:00Z,TRUE
3.1,2024-12-14,7.236645833333333,48,2024-12-14T00:30:00Z,2024-12-15T00:00:00Z,TRUE
3.1,2024-12-15,11.491291666666667,48,2024-12-15T00:30:00Z,2024-12-16T00:00:00Z,TRUE
3.1,2024-12-16,9.883695652173913,46,2024-12-16T00:30:00Z,2024-12-17T00:00:00Z,TRUE
3.1,2024-12-17,11.322888888888889,45,2024-12-17T00:30:00Z,2024-12-18T00:00:00Z,TRUE
3.1,2024-12-18,32.90171111111111,45,2024-12-18T01:00:00Z,2024-12-19T00:00:00Z,TRUE
3.1,2024-12-19,6.802270833333334,48,2024-12-19T00:30:00Z,2024-12-20T00:00:00Z,TRUE
3.1,2024-12-20,13.616125,48,2024-12-20T00:30:00Z,2024-12-21T00:00:00Z,TRUE
3.1,2024-12-21,2.8715,48,2024-12-21T00:30:00Z,2024-12-22T00:00:00Z,TRUE
3.1,2024-12-22,2.418041666666667,48,2024-12-22T00:30:00Z,2024-12-23T00:00:00Z,TRUE
3.1,2024-12-23,5.352479166666667,48,2024-12-23T00:30:00Z,2024-12-24T00:00:00Z,TRUE
3.1,2024-12-24,21.110145833333334,48,2024-12-24T00:30:00Z,2024-12-25T00:00:00Z,TRUE
3.1,2024-12-25,20.004729166666667,48,2024-12-25T00:30:00Z,2024-12-26T00:00:00Z,TRUE
3.1,2024-12-26,13.008170212765958,47,2024-12-26T00:30:00Z,2024-12-27T00:00:00Z,TRUE
3.1,2024-12-27,10.91831914893617,47,2024-12-27T00:30:00Z,2024-12-28T00:00:00Z,TRUE
3.1,2024-12-28,4.782723404255319,47,2024-12-28T00:30:00Z,2024-12-29T00:00:00Z,TRUE
3.1,2024-12-29,5.840166666666667,48,2024-12-29T00:30:00Z,2024-12-30T00:00:00Z,TRUE
3.1,2024-12-30,4.531592592592593,27,2024-12-30T00:30:00Z,2024-12-31T00:00:00Z,FALSE
3.1,2024-12-31,7.3155833333333335,48,2024-12-31T00:30:00Z,2025-01-01T00:00:00Z,TRUE
3.1,2025-01-01,5.704765957446809,47,2025-01-01T00:30:00Z,2025-01-02T00:00:00Z,TRUE
3.1,2025-01-02,10.13172340425532,47,2025-01-02T00:30:00Z,2025-01-03T00:00:00Z,TRUE
3.1,2025-01-03,9.8931875,48,2025-01-03T00:30:00Z,2025-01-04T00:00:00Z,TRUE
3.1,2025-01-04,2.3229375,48,2025-01-04T00:30:00Z,2025-01-05T00:00:00Z,TRUE
3.1,2025-01-05,7.581458333333333,48,2025-01-05T00:30:00Z,2025-01-06T00:00:00Z,TRUE
3.1,2025-01-06,6.492666666666667,48,2025-01-06T00:30:00Z,2025-01-07T00:00:00Z,TRUE
3.1,2025-01-07,2.5223958333333334,48,2025-01-07T00:30:00Z,2025-01-08T00:00:00Z,TRUE
3.1,2025-01-08,2.4515416666666665,48,2025-01-08T00:30:00Z,2025-01-09T00:00:00Z,TRUE
3.1,2025-01-09,2.5361458333333333,48,2025-01-09T00:30:00Z,2025-01-10T00:00:00Z,TRUE
3.1,2025-01-10,11.625333333333334,48,2025-01-10T00:30:00Z,2025-01-11T00:00:00Z,TRUE
3.1,2025-01-11,29.279854166666667,48,2025-01-11T00:30:00Z,2025-01-12T00:00:00Z,TRUE
3.1,2025-01-12,23.197391304347825,46,2025-01-12T00:30:00Z,2025-01-13T00:00:00Z,TRUE
3.1,2025-01-13,7.274666666666667,48,2025-01-13T00:30:00Z,2025-01-14T00:00:00Z,TRUE
3.1,2025-01-14,5.490291666666667,48,2025-01-14T00:30:00Z,2025-01-15T00:00:00Z,TRUE
3.1,2025-01-15,6.773187500000001,48,2025-01-15T00:30:00Z,2025-01-16T00:00:00Z,TRUE
3.1,2025-01-16,18.310187499999998,48,2025-01-16T00:30:00Z,2025-01-17T00:00:00Z,TRUE
3.1,2025-01-17,23.89164583333333,48,2025-01-17T00:30:00Z,2025-01-18T00:00:00Z,TRUE
3.1,2025-01-18,5.111688888888889,45,2025-01-18T00:30:00Z,2025-01-19T00:00:00Z,TRUE
3.1,2025-01-19,2.953375,48,2025-01-19T00:30:00Z,2025-01-20T00:00:00Z,TRUE
3.1,2025-01-20,3.1006875,48,2025-01-20T00:30:00Z,2025-01-21T00:00:00Z,TRUE
3.1,2025-01-21,3.4078749999999998,48,2025-01-21T00:30:00Z,2025-01-22T00:00:00Z,TRUE
3.1,2025-01-22,3.2628333333333335,48,2025-01-22T00:30:00Z,2025-01-23T00:00:00Z,TRUE
3.1,2025-01-23,9.841456521739131,46,2025-01-23T00:30:00Z,2025-01-24T00:00:00Z,TRUE
3.1,2025-01-24,6.009872340425533,47,2025-01-24T00:30:00Z,2025-01-25T00:00:00Z,TRUE
3.1,2025-01-25,14.522382978723405,47,2025-01-25T00:30:00Z,2025-01-26T00:00:00Z,TRUE
3.1,2025-01-26,7.629895833333333,48,2025-01-26T00:30:00Z,2025-01-27T00:00:00Z,TRUE
3.1,2025-01-27,5.2181875,48,2025-01-27T00:30:00Z,2025-01-28T00:00:00Z,TRUE
3.1,2025-01-28,4.011595744680851,47,2025-01-28T00:30:00Z,2025-01-29T00:00:00Z,TRUE
3.1,2025-01-29,4.419723404255319,47,2025-01-29T00:30:00Z,2025-01-30T00:00:00Z,TRUE
3.1,2025-01-30,5.394958333333333,48,2025-01-30T00:30:00Z,2025-01-31T00:00:00Z,TRUE
3.1,2025-01-31,6.3240232558139535,43,2025-01-31T00:30:00Z,2025-01-31T23:30:00Z,TRUE
3.1,2025-02-01,4.754380952380951,42,2025-02-01T01:30:00Z,2025-02-02T00:00:00Z,TRUE
3.1,2025-02-02,4.60925641025641,39,2025-02-02T00:30:00Z,2025-02-02T21:30:00Z,TRUE
3.1,2025-02-03,17.33303846153846,26,2025-02-03T10:00:00Z,2025-02-04T00:00:00Z,FALSE
3.1,2025-02-04,9.540958333333332,48,2025-02-04T00:30:00Z,2025-02-05T00:00:00Z,TRUE
3.1,2025-02-05,2.1213958333333336,48,2025-02-05T00:30:00Z,2025-02-06T00:00:00Z,TRUE
3.1,2025-02-06,12.72829268292683,41,2025-02-06T00:30:00Z,2025-02-07T00:00:00Z,TRUE
3.1,2025-02-07,4.782333333333334,48,2025-02-07T00:30:00Z,2025-02-08T00:00:00Z,TRUE
3.1,2025-02-08,9.7664375,48,2025-02-08T00:30:00Z,2025-02-09T00:00:00Z,TRUE
3.1,2025-02-09,14.0855625,48,2025-02-09T00:30:00Z,2025-02-10T00:00:00Z,TRUE
3.1,2025-02-10,8.373208333333332,48,2025-02-10T00:30:00Z,2025-02-11T00:00:00Z,TRUE
3.1,2025-02-11,17.593291666666666,48,2025-02-11T00:30:00Z,2025-02-12T00:00:00Z,TRUE
3.1,2025-02-12,21.615145833333333,48,2025-02-12T00:30:00Z,2025-02-13T00:00:00Z,TRUE
3.1,2025-02-13,12.947708333333333,48,2025-02-13T00:30:00Z,2025-02-14T00:00:00Z,TRUE
3.1,2025-02-14,7.533854166666666,48,2025-02-14T00:30:00Z,2025-02-15T00:00:00Z,TRUE
3.1,2025-02-15,10.714354166666666,48,2025-02-15T00:30:00Z,2025-02-16T00:00:00Z,TRUE
3.1,2025-02-16,11.599541666666667,48,2025-02-16T00:30:00Z,2025-02-17T00:00:00Z,TRUE
3.1,2025-02-17,3.763708333333333,48,2025-02-17T00:30:00Z,2025-02-18T00:00:00Z,TRUE
3.1,2025-02-18,3.037145833333333,48,2025-02-18T00:30:00Z,2025-02-19T00:00:00Z,TRUE
3.1,2025-02-19,3.053916666666667,48,2025-02-19T00:30:00Z,2025-02-20T00:00:00Z,TRUE
3.1,2025-02-20,4.9883125,48,2025-02-20T00:30:00Z,2025-02-21T00:00:00Z,TRUE
3.1,2025-02-21,2.8843541666666668,48,2025-02-21T00:30:00Z,2025-02-22T00:00:00Z,TRUE
3.1,2025-02-22,11.7504375,48,2025-02-22T00:30:00Z,2025-02-23T00:00:00Z,TRUE
3.1,2025-02-23,11.330765957446808,47,2025-02-23T00:30:00Z,2025-02-24T00:00:00Z,TRUE
3.1,2025-02-24,12.175391304347826,46,2025-02-24T00:30:00Z,2025-02-25T00:00:00Z,TRUE
3.1,2025-02-25,8.616833333333334,48,2025-02-25T00:30:00Z,2025-02-26T00:00:00Z,TRUE
3.1,2025-02-26,16.894297872340424,47,2025-02-26T00:30:00Z,2025-02-27T00:00:00Z,TRUE
3.1,2025-02-27,29.716073170731708,41,2025-02-27T00:30:00Z,2025-02-28T00:00:00Z,TRUE
3.1,2025-02-28,9.43227659574468,47,2025-02-28T00:30:00Z,2025-03-01T00:00:00Z,TRUE
3.1,2025-03-01,2.3257708333333333,48,2025-03-01T00:30:00Z,2025-03-02T00:00:00Z,TRUE
3.1,2025-03-02,3.1276041666666665,48,2025-03-02T00:30:00Z,2025-03-03T00:00:00Z,TRUE
3.1,2025-03-03,7.047208333333334,48,2025-03-03T00:30:00Z,2025-03-04T00:00:00Z,TRUE
3.1,2025-03-04,5.4908936170212765,47,2025-03-04T00:30:00Z,2025-03-05T00:00:00Z,TRUE
3.1,2025-03-05,4.150212765957447,47,2025-03-05T00:30:00Z,2025-03-06T00:00:00Z,TRUE
3.1,2025-03-06,1.9487291666666666,48,2025-03-06T00:30:00Z,2025-03-07T00:00:00Z,TRUE
3.1,2025-03-07,6.781808510638299,47,2025-03-07T00:30:00Z,2025-03-08T00:00:00Z,TRUE
3.1,2025-03-08,9.134239130434784,46,2025-03-08T00:30:00Z,2025-03-09T00:00:00Z,TRUE
3.1,2025-03-09,5.381375,48,2025-03-09T00:30:00Z,2025-03-10T00:00:00Z,TRUE
3.1,2025-03-10,4.913083333333334,48,2025-03-10T00:30:00Z,2025-03-11T00:00:00Z,TRUE
3.1,2025-03-11,4.3664375,48,2025-03-11T00:30:00Z,2025-03-12T00:00:00Z,TRUE
3.1,2025-03-12,2.670255319148936,47,2025-03-12T00:30:00Z,2025-03-13T00:00:00Z,TRUE
3.1,2025-03-13,4.7918125,48,2025-03-13T00:30:00Z,2025-03-14T00:00:00Z,TRUE
3.1,2025-03-14,7.5525625000000005,48,2025-03-14T00:30:00Z,2025-03-15T00:00:00Z,TRUE
3.1,2025-03-15,11.142583333333333,48,2025-03-15T00:30:00Z,2025-03-16T00:00:00Z,TRUE
3.1,2025-03-16,6.259404255319149,47,2025-03-16T00:30:00Z,2025-03-17T00:00:00Z,TRUE
3.1,2025-03-17,2.9010416666666665,48,2025-03-17T00:30:00Z,2025-03-18T00:00:00Z,TRUE
3.1,2025-03-18,5.043875,48,2025-03-18T00:30:00Z,2025-03-19T00:00:00Z,TRUE
3.1,2025-03-19,4.703833333333334,48,2025-03-19T00:30:00Z,2025-03-20T00:00:00Z,TRUE
3.1,2025-03-20,3.0570425531914895,47,2025-03-20T00:30:00Z,2025-03-21T00:00:00Z,TRUE
3.1,2025-03-21,2.8700208333333332,48,2025-03-21T00:30:00Z,2025-03-22T00:00:00Z,TRUE
3.1,2025-03-22,3.3968333333333334,48,2025-03-22T00:30:00Z,2025-03-23T00:00:00Z,TRUE
3.1,2025-03-23,4.355212765957447,47,2025-03-23T00:30:00Z,2025-03-24T00:00:00Z,TRUE
3.1,2025-03-24,6.076255319148936,47,2025-03-24T00:30:00Z,2025-03-25T00:00:00Z,TRUE
3.1,2025-03-25,5.739083333333333,48,2025-03-25T00:30:00Z,2025-03-26T00:00:00Z,TRUE
3.1,2025-03-26,3.3534255319148936,47,2025-03-26T00:30:00Z,2025-03-27T00:00:00Z,TRUE
3.1,2025-03-27,5.8735681818181815,44,2025-03-27T00:30:00Z,2025-03-28T00:00:00Z,TRUE
3.1,2025-03-28,8.521125,48,2025-03-28T00:30:00Z,2025-03-29T00:00:00Z,TRUE
3.1,2025-03-29,9.4130625,48,2025-03-29T00:30:00Z,2025-03-30T00:00:00Z,TRUE
3.1,2025-03-30,9.053372093023256,43,2025-03-30T00:30:00Z,2025-03-31T00:00:00Z,TRUE
3.1,2025-03-31,4.766854166666667,48,2025-03-31T00:30:00Z,2025-04-01T00:00:00Z,TRUE
3.1,2025-04-01,2.867770833333333,48,2025-04-01T00:30:00Z,2025-04-02T00:00:00Z,TRUE
3.1,2025-04-02,4.1085,48,2025-04-02T00:30:00Z,2025-04-03T00:00:00Z,TRUE
3.1,2025-04-03,4.231142857142857,35,2025-04-03T00:30:00Z,2025-04-04T00:00:00Z,FALSE
3.1,2025-04-04,2.518787234042553,47,2025-04-04T00:30:00Z,2025-04-05T00:00:00Z,TRUE
3.1,2025-04-05,5.00445945945946,37,2025-04-05T00:30:00Z,2025-04-06T00:00:00Z,TRUE
3.1,2025-04-06,7.024255319148936,47,2025-04-06T00:30:00Z,2025-04-07T00:00:00Z,TRUE
3.1,2025-04-07,5.803478260869565,46,2025-04-07T00:30:00Z,2025-04-08T00:00:00Z,TRUE
3.1,2025-04-08,2.8569347826086955,46,2025-04-08T00:30:00Z,2025-04-09T00:00:00Z,TRUE
3.1,2025-04-09,5.1734583333333335,48,2025-04-09T00:30:00Z,2025-04-10T00:00:00Z,TRUE
3.1,2025-04-10,12.137553191489362,47,2025-04-10T00:30:00Z,2025-04-11T00:00:00Z,TRUE
3.1,2025-04-11,13.306933333333333,45,2025-04-11T00:30:00Z,2025-04-12T00:00:00Z,TRUE
3.1,2025-04-12,11.477541666666667,48,2025-04-12T00:30:00Z,2025-04-13T00:00:00Z,TRUE
3.1,2025-04-13,6.390333333333333,48,2025-04-13T00:30:00Z,2025-04-14T00:00:00Z,TRUE
3.1,2025-04-14,4.724276595744681,47,2025-04-14T00:30:00Z,2025-04-15T00:00:00Z,TRUE
3.1,2025-04-15,3.4827021276595747,47,2025-04-15T00:30:00Z,2025-04-16T00:00:00Z,TRUE
3.1,2025-04-16,2.9989375,48,2025-04-16T00:30:00Z,2025-04-17T00:00:00Z,TRUE
3.1,2025-04-17,6.8025416666666665,48,2025-04-17T00:30:00Z,2025-04-18T00:00:00Z,TRUE
3.1,2025-04-18,5.519659574468085,47,2025-04-18T00:30:00Z,2025-04-19T00:00:00Z,TRUE
3.1,2025-04-19,10.697673913043477,46,2025-04-19T00:30:00Z,2025-04-20T00:00:00Z,TRUE
3.1,2025-04-20,3.5266041666666665,48,2025-04-20T00:30:00Z,2025-04-21T00:00:00Z,TRUE
3.1,2025-04-21,4.402416666666666,48,2025-04-21T00:30:00Z,2025-04-22T00:00:00Z,TRUE
3.1,2025-04-22,2.2002291666666665,48,2025-04-22T00:30:00Z,2025-04-23T00:00:00Z,TRUE
3.1,2025-04-23,3.435127659574468,47,2025-04-23T00:30:00Z,2025-04-24T00:00:00Z,TRUE
3.1,2025-04-24,4.268645833333333,48,2025-04-24T00:30:00Z,2025-04-25T00:00:00Z,TRUE
3.1,2025-04-25,4.68178947368421,38,2025-04-25T00:30:00Z,2025-04-25T21:30:00Z,TRUE
3.1,2025-04-26,8.540821428571428,28,2025-04-26T10:30:00Z,2025-04-27T00:00:00Z,FALSE
3.1,2025-04-27,4.383595744680851,47,2025-04-27T00:30:00Z,2025-04-28T00:00:00Z,TRUE
3.1,2025-04-28,2.5372826086956524,46,2025-04-28T00:30:00Z,2025-04-28T23:30:00Z,TRUE
3.1,2025-04-29,6.480911111111111,45,2025-04-29T00:30:00Z,2025-04-30T00:00:00Z,TRUE
3.1,2025-04-30,2.6210416666666667,48,2025-04-30T00:30:00Z,2025-05-01T00:00:00Z,TRUE
3.1,2025-05-01,4.285777777777778,45,2025-05-01T00:30:00Z,2025-05-02T00:00:00Z,TRUE
3.1,2025-05-02,6.767851063829787,47,2025-05-02T00:30:00Z,2025-05-03T00:00:00Z,TRUE
3.1,2025-05-03,7.062977777777777,45,2025-05-03T00:30:00Z,2025-05-04T00:00:00Z,TRUE
3.1,2025-05-04,5.851304347826087,46,2025-05-04T00:30:00Z,2025-05-05T00:00:00Z,TRUE
3.1,2025-05-05,8.776818181818182,44,2025-05-05T01:00:00Z,2025-05-06T00:00:00Z,TRUE
3.1,2025-05-06,4.321673913043478,46,2025-05-06T00:30:00Z,2025-05-07T00:00:00Z,TRUE
3.1,2025-05-07,10.379977272727274,44,2025-05-07T00:30:00Z,2025-05-08T00:00:00Z,TRUE
3.1,2025-05-08,5.968212765957447,47,2025-05-08T00:30:00Z,2025-05-09T00:00:00Z,TRUE
3.1,2025-05-09,5.321645833333333,48,2025-05-09T00:30:00Z,2025-05-10T00:00:00Z,TRUE
3.1,2025-05-10,3.6901521739130434,46,2025-05-10T01:00:00Z,2025-05-11T00:00:00Z,TRUE
3.1,2025-05-11,4.107851063829787,47,2025-05-11T00:30:00Z,2025-05-12T00:00:00Z,TRUE
3.1,2025-05-12,3.926978260869565,46,2025-05-12T00:30:00Z,2025-05-13T00:00:00Z,TRUE
3.1,2025-05-13,4.155888888888889,45,2025-05-13T00:30:00Z,2025-05-14T00:00:00Z,TRUE
3.1,2025-05-14,2.2160217391304347,46,2025-05-14T00:30:00Z,2025-05-15T00:00:00Z,TRUE
3.1,2025-05-15,6.757657894736842,38,2025-05-15T00:30:00Z,2025-05-15T20:30:00Z,TRUE
3.1,2025-05-16,3.8233636363636365,11,2025-05-16T18:30:00Z,2025-05-17T00:00:00Z,FALSE
3.1,2025-05-17,4.085113636363636,44,2025-05-17T00:30:00Z,2025-05-18T00:00:00Z,TRUE
3.1,2025-05-18,5.165446808510638,47,2025-05-18T00:30:00Z,2025-05-19T00:00:00Z,TRUE
3.1,2025-05-19,3.7128260869565217,46,2025-05-19T00:30:00Z,2025-05-20T00:00:00Z,TRUE
3.1,2025-05-20,4.0983777777777775,45,2025-05-20T00:30:00Z,2025-05-21T00:00:00Z,TRUE
3.1,2025-05-21,6.285288888888888,45,2025-05-21T00:30:00Z,2025-05-22T00:00:00Z,TRUE
3.1,2025-05-22,3.9535531914893616,47,2025-05-22T00:30:00Z,2025-05-23T00:00:00Z,TRUE
3.1,2025-05-23,1.6602222222222223,45,2025-05-23T00:30:00Z,2025-05-24T00:00:00Z,TRUE
3.1,2025-05-24,1.6558541666666666,48,2025-05-24T00:30:00Z,2025-05-25T00:00:00Z,TRUE
3.1,2025-05-25,3.8824347826086956,46,2025-05-25T00:30:00Z,2025-05-26T00:00:00Z,TRUE
3.1,2025-05-26,4.696363636363636,44,2025-05-26T00:30:00Z,2025-05-27T00:00:00Z,TRUE
3.1,2025-05-27,3.1807441860465118,43,2025-05-27T00:30:00Z,2025-05-28T00:00:00Z,TRUE
3.1,2025-05-28,1.8829318181818182,44,2025-05-28T00:30:00Z,2025-05-29T00:00:00Z,TRUE
3.1,2025-05-29,13.250936170212766,47,2025-05-29T00:30:00Z,2025-05-30T00:00:00Z,TRUE
3.1,2025-05-30,11.000395833333334,48,2025-05-30T00:30:00Z,2025-05-31T00:00:00Z,TRUE
3.1,2025-05-31,6.9478124999999995,48,2025-05-31T00:30:00Z,2025-06-01T00:00:00Z,TRUE
3.1,2025-06-01,3.8819787234042553,47,2025-06-01T00:30:00Z,2025-06-02T00:00:00Z,TRUE
3.1,2025-06-02,3.4735555555555555,45,2025-06-02T00:30:00Z,2025-06-03T00:00:00Z,TRUE
3.1,2025-06-03,7.145191489361702,47,2025-06-03T00:30:00Z,2025-06-04T00:00:00Z,TRUE
3.1,2025-06-04,26.52767391304348,46,2025-06-04T00:30:00Z,2025-06-05T00:00:00Z,TRUE
3.1,2025-06-05,28.794404255319147,47,2025-06-05T00:30:00Z,2025-06-06T00:00:00Z,TRUE
3.1,2025-06-06,39.88436170212766,47,2025-06-06T00:30:00Z,2025-06-07T00:00:00Z,TRUE
3.1,2025-06-07,45.20968085106383,47,2025-06-07T00:30:00Z,2025-06-08T00:00:00Z,TRUE
3.1,2025-06-08,39.19160869565217,46,2025-06-08T00:30:00Z,2025-06-09T00:00:00Z,TRUE
3.1,2025-06-09,21.106065217391304,46,2025-06-09T00:30:00Z,2025-06-10T00:00:00Z,TRUE
3.1,2025-06-10,10.657043478260869,46,2025-06-10T00:30:00Z,2025-06-11T00:00:00Z,TRUE
3.1,2025-06-11,15.318266666666666,45,2025-06-11T01:00:00Z,2025-06-12T00:00:00Z,TRUE
3.1,2025-06-12,23.61111111111111,45,2025-06-12T00:30:00Z,2025-06-13T00:00:00Z,TRUE
3.1,2025-06-13,20.90815217391304,46,2025-06-13T00:30:00Z,2025-06-14T00:00:00Z,TRUE
3.1,2025-06-14,8.650108695652174,46,2025-06-14T00:30:00Z,2025-06-15T00:00:00Z,TRUE
3.1,2025-06-15,10.519104166666667,48,2025-06-15T00:30:00Z,2025-06-16T00:00:00Z,TRUE
3.1,2025-06-16,8.461045454545454,44,2025-06-16T00:30:00Z,2025-06-17T00:00:00Z,TRUE
3.1,2025-06-17,9.999978260869565,46,2025-06-17T00:30:00Z,2025-06-18T00:00:00Z,TRUE
3.1,2025-06-18,9.275744186046511,43,2025-06-18T00:30:00Z,2025-06-19T00:00:00Z,TRUE
3.1,2025-06-19,5.034659574468085,47,2025-06-19T00:30:00Z,2025-06-20T00:00:00Z,TRUE
3.1,2025-06-20,7.1700888888888885,45,2025-06-20T00:30:00Z,2025-06-21T00:00:00Z,TRUE
3.1,2025-06-21,8.135875,48,2025-06-21T00:30:00Z,2025-06-22T00:00:00Z,TRUE
3.1,2025-06-22,9.060627906976745,43,2025-06-22T00:30:00Z,2025-06-23T00:00:00Z,TRUE
3.1,2025-06-23,8.83291304347826,46,2025-06-23T00:30:00Z,2025-06-24T00:00:00Z,TRUE
3.1,2025-06-24,8.561695652173913,46,2025-06-24T00:30:00Z,2025-06-25T00:00:00Z,TRUE
3.1,2025-06-25,8.895604166666667,48,2025-06-25T00:30:00Z,2025-06-26T00:00:00Z,TRUE
3.1,2025-06-26,11.8276,45,2025-06-26T00:30:00Z,2025-06-27T00:00:00Z,TRUE
3.1,2025-06-27,11.645279069767442,43,2025-06-27T00:30:00Z,2025-06-28T00:00:00Z,TRUE
3.1,2025-06-28,9.330239130434784,46,2025-06-28T00:30:00Z,2025-06-29T00:00:00Z,TRUE
3.1,2025-06-29,4.6759130434782605,46,2025-06-29T01:00:00Z,2025-06-30T00:00:00Z,TRUE
3.1,2025-06-30,9.086063829787234,47,2025-06-30T00:30:00Z,2025-07-01T00:00:00Z,TRUE
3.1,2025-07-01,8.148065217391304,46,2025-07-01T00:30:00Z,2025-07-02T00:00:00Z,TRUE
3.1,2025-07-02,6.1918444444444445,45,2025-07-02T01:00:00Z,2025-07-03T00:00:00Z,TRUE
3.1,2025-07-03,16.451083333333333,48,2025-07-03T00:30:00Z,2025-07-04T00:00:00Z,TRUE
3.1,2025-07-04,16.506914893617022,47,2025-07-04T00:30:00Z,2025-07-05T00:00:00Z,TRUE
3.1,2025-07-05,12.56009090909091,44,2025-07-05T00:30:00Z,2025-07-06T00:00:00Z,TRUE
3.1,2025-07-06,9.640847826086956,46,2025-07-06T00:30:00Z,2025-07-07T00:00:00Z,TRUE
3.1,2025-07-07,9.264145833333334,48,2025-07-07T00:30:00Z,2025-07-08T00:00:00Z,TRUE
3.1,2025-07-08,12.875434782608696,46,2025-07-08T00:30:00Z,2025-07-09T00:00:00Z,TRUE
3.1,2025-07-09,19.50744680851064,47,2025-07-09T00:30:00Z,2025-07-10T00:00:00Z,TRUE
3.1,2025-07-10,18.693822222222224,45,2025-07-10T00:30:00Z,2025-07-11T00:00:00Z,TRUE
3.1,2025-07-11,11.801744680851064,47,2025-07-11T00:30:00Z,2025-07-12T00:00:00Z,TRUE
3.1,2025-07-12,8.335625,48,2025-07-12T00:30:00Z,2025-07-13T00:00:00Z,TRUE
3.1,2025-07-13,5.489931818181818,44,2025-07-13T00:30:00Z,2025-07-14T00:00:00Z,TRUE
3.1,2025-07-14,19.144522727272726,44,2025-07-14T00:30:00Z,2025-07-15T00:00:00Z,TRUE
3.1,2025-07-15,35.354645833333336,48,2025-07-15T00:30:00Z,2025-07-16T00:00:00Z,TRUE
3.1,2025-07-16,30.450659574468084,47,2025-07-16T00:30:00Z,2025-07-17T00:00:00Z,TRUE
3.1,2025-07-17,7.145553191489363,47,2025-07-17T00:30:00Z,2025-07-18T00:00:00Z,TRUE
3.1,2025-07-18,2.3186666666666667,42,2025-07-18T00:30:00Z,2025-07-19T00:00:00Z,TRUE
3.1,2025-07-19,3.1170666666666667,45,2025-07-19T00:30:00Z,2025-07-20T00:00:00Z,TRUE
3.1,2025-07-20,6.758416666666666,48,2025-07-20T00:30:00Z,2025-07-21T00:00:00Z,TRUE
3.1,2025-07-21,17.629255319148935,47,2025-07-21T00:30:00Z,2025-07-22T00:00:00Z,TRUE
3.1,2025-07-22,4.388478260869565,46,2025-07-22T00:30:00Z,2025-07-23T00:00:00Z,TRUE
3.1,2025-07-23,3.524977777777778,45,2025-07-23T00:30:00Z,2025-07-24T00:00:00Z,TRUE
3.1,2025-07-24,14.546282608695652,46,2025-07-24T00:30:00Z,2025-07-25T00:00:00Z,TRUE
3.1,2025-07-25,8.6755,46,2025-07-25T00:30:00Z,2025-07-26T00:00:00Z,TRUE
3.1,2025-07-26,8.896318181818183,44,2025-07-26T00:30:00Z,2025-07-27T00:00:00Z,TRUE
3.1,2025-07-27,8.621391304347826,46,2025-07-27T00:30:00Z,2025-07-28T00:00:00Z,TRUE
3.1,2025-07-28,11.0078125,48,2025-07-28T00:30:00Z,2025-07-29T00:00:00Z,TRUE
3.1,2025-07-29,8.5764,45,2025-07-29T00:30:00Z,2025-07-30T00:00:00Z,TRUE
3.1,2025-07-30,12.551553191489361,47,2025-07-30T00:30:00Z,2025-07-31T00:00:00Z,TRUE
3.1,2025-07-31,35.57136170212766,47,2025-07-31T00:30:00Z,2025-08-01T00:00:00Z,TRUE
3.1,2025-08-01,16.312804347826088,46,2025-08-01T00:30:00Z,2025-08-02T00:00:00Z,TRUE
3.1,2025-08-02,5.367044444444444,45,2025-08-02T00:30:00Z,2025-08-03T00:00:00Z,TRUE
3.1,2025-08-03,12.504717391304348,46,2025-08-03T00:30:00Z,2025-08-04T00:00:00Z,TRUE
3.1,2025-08-04,41.09320833333334,48,2025-08-04T00:30:00Z,2025-08-05T00:00:00Z,TRUE
3.1,2025-08-05,35.70912765957447,47,2025-08-05T00:30:00Z,2025-08-06T00:00:00Z,TRUE
3.1,2025-08-06,30.140152173913044,46,2025-08-06T00:30:00Z,2025-08-07T00:00:00Z,TRUE
3.1,2025-08-07,21.225021739130433,46,2025-08-07T00:30:00Z,2025-08-08T00:00:00Z,TRUE
3.1,2025-08-08,16.28095652173913,46,2025-08-08T00:30:00Z,2025-08-09T00:00:00Z,TRUE
3.1,2025-08-09,21.20555319148936,47,2025-08-09T00:30:00Z,2025-08-10T00:00:00Z,TRUE
3.1,2025-08-10,25.01631914893617,47,2025-08-10T00:30:00Z,2025-08-11T00:00:00Z,TRUE
3.1,2025-08-11,19.533478260869565,46,2025-08-11T00:30:00Z,2025-08-12T00:00:00Z,TRUE
3.1,2025-08-12,13.213555555555555,45,2025-08-12T00:30:00Z,2025-08-13T00:00:00Z,TRUE
3.1,2025-08-13,6.5093125,48,2025-08-13T00:30:00Z,2025-08-14T00:00:00Z,TRUE
3.1,2025-08-14,15.919333333333332,48,2025-08-14T00:30:00Z,2025-08-15T00:00:00Z,TRUE
3.1,2025-08-15,25.7343125,48,2025-08-15T00:30:00Z,2025-08-16T00:00:00Z,TRUE
3.1,2025-08-16,19.232458333333334,48,2025-08-16T00:30:00Z,2025-08-17T00:00:00Z,TRUE
3.1,2025-08-17,12.572145833333334,48,2025-08-17T00:30:00Z,2025-08-18T00:00:00Z,TRUE
3.1,2025-08-18,3.039288888888889,45,2025-08-18T00:30:00Z,2025-08-18T23:30:00Z,TRUE
3.1,2025-08-19,4.322574468085106,47,2025-08-19T00:30:00Z,2025-08-20T00:00:00Z,TRUE
3.1,2025-08-20,9.134717391304347,46,2025-08-20T00:30:00Z,2025-08-21T00:00:00Z,TRUE
3.1,2025-08-21,2.3100833333333335,48,2025-08-21T00:30:00Z,2025-08-22T00:00:00Z,TRUE
3.1,2025-08-22,1.8887291666666668,48,2025-08-22T00:30:00Z,2025-08-23T00:00:00Z,TRUE
3.1,2025-08-23,4.330446808510638,47,2025-08-23T00:30:00Z,2025-08-24T00:00:00Z,TRUE
3.1,2025-08-24,4.500723404255319,47,2025-08-24T00:30:00Z,2025-08-25T00:00:00Z,TRUE
3.1,2025-08-25,1.9837234042553191,47,2025-08-25T00:30:00Z,2025-08-26T00:00:00Z,TRUE
3.1,2025-08-26,2.988911111111111,45,2025-08-26T00:30:00Z,2025-08-27T00:00:00Z,TRUE
3.1,2025-08-27,4.133276595744681,47,2025-08-27T00:30:00Z,2025-08-28T00:00:00Z,TRUE
3.1,2025-08-28,4.611979166666667,48,2025-08-28T00:30:00Z,2025-08-29T00:00:00Z,TRUE
3.1,2025-08-29,2.6225454545454547,44,2025-08-29T00:30:00Z,2025-08-30T00:00:00Z,TRUE
3.1,2025-08-30,3.0973333333333333,48,2025-08-30T00:30:00Z,2025-08-31T00:00:00Z,TRUE
3.1,2025-08-31,5.0841875,48,2025-08-31T00:30:00Z,2025-09-01T00:00:00Z,TRUE
3.1,2025-09-01,7.058425531914894,47,2025-09-01T00:30:00Z,2025-09-02T00:00:00Z,TRUE
3.1,2025-09-02,3.0690666666666666,45,2025-09-02T00:30:00Z,2025-09-03T00:00:00Z,TRUE
3.1,2025-09-03,4.015520833333333,48,2025-09-03T00:30:00Z,2025-09-04T00:00:00Z,TRUE
3.1,2025-09-04,5.65554347826087,46,2025-09-04T00:30:00Z,2025-09-05T00:00:00Z,TRUE
3.1,2025-09-05,13.699979166666667,48,2025-09-05T00:30:00Z,2025-09-06T00:00:00Z,TRUE
3.1,2025-09-06,3.7636382978723404,47,2025-09-06T00:30:00Z,2025-09-07T00:00:00Z,TRUE
3.1,2025-09-07,3.001413043478261,46,2025-09-07T00:30:00Z,2025-09-08T00:00:00Z,TRUE
3.1,2025-09-08,2.518744680851064,47,2025-09-08T00:30:00Z,2025-09-09T00:00:00Z,TRUE
3.1,2025-09-09,2.706808510638298,47,2025-09-09T00:30:00Z,2025-09-10T00:00:00Z,TRUE
3.1,2025-09-10,3.267288888888889,45,2025-09-10T00:30:00Z,2025-09-11T00:00:00Z,TRUE
3.1,2025-09-11,4.629282608695652,46,2025-09-11T00:30:00Z,2025-09-12T00:00:00Z,TRUE
3.1,2025-09-12,6.168822222222222,45,2025-09-12T01:00:00Z,2025-09-13T00:00:00Z,TRUE
3.1,2025-09-13,6.8359375,48,2025-09-13T00:30:00Z,2025-09-14T00:00:00Z,TRUE
3.1,2025-09-14,9.500583333333333,48,2025-09-14T00:30:00Z,2025-09-15T00:00:00Z,TRUE
3.1,2025-09-15,8.961446808510638,47,2025-09-15T00:30:00Z,2025-09-16T00:00:00Z,TRUE
3.1,2025-09-16,8.596478260869565,46,2025-09-16T00:30:00Z,2025-09-17T00:00:00Z,TRUE
3.1,2025-09-17,9.679673913043478,46,2025-09-17T00:30:00Z,2025-09-18T00:00:00Z,TRUE
3.1,2025-09-18,9.126456521739131,46,2025-09-18T00:30:00Z,2025-09-19T00:00:00Z,TRUE
3.1,2025-09-19,9.547854166666667,48,2025-09-19T00:30:00Z,2025-09-20T00:00:00Z,TRUE
3.1,2025-09-20,3.1804166666666664,48,2025-09-20T00:30:00Z,2025-09-21T00:00:00Z,TRUE
3.1,2025-09-21,7.173468085106383,47,2025-09-21T00:30:00Z,2025-09-22T00:00:00Z,TRUE
3.1,2025-09-22,11.254851063829786,47,2025-09-22T00:30:00Z,2025-09-23T00:00:00Z,TRUE
3.1,2025-09-23,4.384125,48,2025-09-23T00:30:00Z,2025-09-24T00:00:00Z,TRUE
3.1,2025-09-24,6.622688888888889,45,2025-09-24T00:30:00Z,2025-09-25T00:00:00Z,TRUE
3.1,2025-09-25,14.190958333333333,48,2025-09-25T00:30:00Z,2025-09-26T00:00:00Z,TRUE
3.1,2025-09-26,19.192851063829785,47,2025-09-26T00:30:00Z,2025-09-27T00:00:00Z,TRUE
3.1,2025-09-27,6.135565217391305,46,2025-09-27T00:30:00Z,2025-09-28T00:00:00Z,TRUE
3.1,2025-09-28,7.815791666666667,48,2025-09-28T00:30:00Z,2025-09-29T00:00:00Z,TRUE
3.1,2025-09-29,5.943914893617021,47,2025-09-29T00:30:00Z,2025-09-30T00:00:00Z,TRUE
3.1,2025-09-30,5.2640851063829786,47,2025-09-30T00:30:00Z,2025-10-01T00:00:00Z,TRUE
3.1,2025-10-01,2.72275,48,2025-10-01T00:30:00Z,2025-10-02T00:00:00Z,TRUE
3.1,2025-10-02,3.0667021276595743,47,2025-10-02T00:30:00Z,2025-10-03T00:00:00Z,TRUE
3.1,2025-10-03,4.982914893617021,47,2025-10-03T00:30:00Z,2025-10-04T00:00:00Z,TRUE
3.1,2025-10-04,7.598369565217391,46,2025-10-04T00:30:00Z,2025-10-05T00:00:00Z,TRUE
3.1,2025-10-05,6.573666666666667,48,2025-10-05T00:30:00Z,2025-10-06T00:00:00Z,TRUE
3.1,2025-10-06,3.2635106382978725,47,2025-10-06T00:30:00Z,2025-10-07T00:00:00Z,TRUE
3.1,2025-10-07,4.142916666666667,48,2025-10-07T00:30:00Z,2025-10-08T00:00:00Z,TRUE
3.1,2025-10-08,1.8673125,48,2025-10-08T00:30:00Z,2025-10-09T00:00:00Z,TRUE
3.1,2025-10-09,2.165395833333333,48,2025-10-09T00:30:00Z,2025-10-10T00:00:00Z,TRUE
3.1,2025-10-10,2.3095416666666666,48,2025-10-10T00:30:00Z,2025-10-11T00:00:00Z,TRUE
3.1,2025-10-11,2.7188936170212767,47,2025-10-11T00:30:00Z,2025-10-12T00:00:00Z,TRUE
3.1,2025-10-12,4.3869375,48,2025-10-12T00:30:00Z,2025-10-13T00:00:00Z,TRUE
3.1,2025-10-13,3.0786875,48,2025-10-13T00:30:00Z,2025-10-14T00:00:00Z,TRUE
3.1,2025-10-14,2.444875,48,2025-10-14T00:30:00Z,2025-10-15T00:00:00Z,TRUE
3.1,2025-10-15,1.7220208333333333,48,2025-10-15T00:30:00Z,2025-10-16T00:00:00Z,TRUE
3.1,2025-10-16,1.5463541666666667,48,2025-10-16T00:30:00Z,2025-10-17T00:00:00Z,TRUE
3.1,2025-10-17,2.2595434782608694,46,2025-10-17T00:30:00Z,2025-10-18T00:00:00Z,TRUE
3.1,2025-10-18,4.915104166666667,48,2025-10-18T00:30:00Z,2025-10-19T00:00:00Z,TRUE
3.1,2025-10-19,7.470583333333333,48,2025-10-19T00:30:00Z,2025-10-20T00:00:00Z,TRUE
3.1,2025-10-20,2.057439024390244,41,2025-10-20T00:30:00Z,2025-10-21T00:00:00Z,TRUE
3.1,2025-10-21,2.7109574468085107,47,2025-10-21T00:30:00Z,2025-10-22T00:00:00Z,TRUE
3.1,2025-10-22,2.589826086956522,46,2025-10-22T00:30:00Z,2025-10-23T00:00:00Z,TRUE
3.1,2025-10-23,2.7823404255319146,47,2025-10-23T00:30:00Z,2025-10-24T00:00:00Z,TRUE
3.1,2025-10-24,1.8163125,48,2025-10-24T00:30:00Z,2025-10-25T00:00:00Z,TRUE
3.1,2025-10-25,2.988875,48,2025-10-25T00:30:00Z,2025-10-26T00:00:00Z,TRUE
3.1,2025-10-26,2.1388333333333334,48,2025-10-26T00:30:00Z,2025-10-27T00:00:00Z,TRUE
3.1,2025-10-27,2.1691666666666665,48,2025-10-27T00:30:00Z,2025-10-28T00:00:00Z,TRUE
3.1,2025-10-28,2.1972708333333335,48,2025-10-28T00:30:00Z,2025-10-29T00:00:00Z,TRUE
3.1,2025-10-29,2.7969565217391303,46,2025-10-29T00:30:00Z,2025-10-30T00:00:00Z,TRUE
3.1,2025-10-30,2.1808085106382977,47,2025-10-30T00:30:00Z,2025-10-31T00:00:00Z,TRUE
3.1,2025-10-31,1.858340425531915,47,2025-10-31T00:30:00Z,2025-11-01T00:00:00Z,TRUE
3.1,2025-11-01,8.249895833333333,48,2025-11-01T00:30:00Z,2025-11-02T00:00:00Z,TRUE
3.1,2025-11-02,13.462659574468084,47,2025-11-02T00:30:00Z,2025-11-03T00:00:00Z,TRUE
3.1,2025-11-03,9.46795744680851,47,2025-11-03T00:30:00Z,2025-11-04T00:00:00Z,TRUE
3.1,2025-11-04,2.724255319148936,47,2025-11-04T01:00:00Z,2025-11-05T00:00:00Z,TRUE
3.1,2025-11-05,4.5976875,48,2025-11-05T00:30:00Z,2025-11-06T00:00:00Z,TRUE
3.1,2025-11-06,2.114808510638298,47,2025-11-06T00:30:00Z,2025-11-07T00:00:00Z,TRUE
3.1,2025-11-07,7.277833333333333,48,2025-11-07T00:30:00Z,2025-11-08T00:00:00Z,TRUE
3.1,2025-11-08,7.815651162790697,43,2025-11-08T00:30:00Z,2025-11-09T00:00:00Z,TRUE
3.1,2025-11-09,5.4558333333333335,48,2025-11-09T00:30:00Z,2025-11-10T00:00:00Z,TRUE
3.1,2025-11-10,1.8579787234042553,47,2025-11-10T00:30:00Z,2025-11-11T00:00:00Z,TRUE
3.1,2025-11-11,3.470191489361702,47,2025-11-11T00:30:00Z,2025-11-12T00:00:00Z,TRUE
3.1,2025-11-12,5.4328085106382975,47,2025-11-12T00:30:00Z,2025-11-13T00:00:00Z,TRUE
3.1,2025-11-13,2.709148936170213,47,2025-11-13T01:00:00Z,2025-11-14T00:00:00Z,TRUE
3.1,2025-11-14,6.165340425531915,47,2025-11-14T00:30:00Z,2025-11-15T00:00:00Z,TRUE
3.1,2025-11-15,13.861085106382978,47,2025-11-15T00:30:00Z,2025-11-16T00:00:00Z,TRUE
3.1,2025-11-16,4.068666666666667,48,2025-11-16T00:30:00Z,2025-11-17T00:00:00Z,TRUE
3.1,2025-11-17,2.015229166666667,48,2025-11-17T00:30:00Z,2025-11-18T00:00:00Z,TRUE
3.1,2025-11-18,5.769914893617021,47,2025-11-18T00:30:00Z,2025-11-19T00:00:00Z,TRUE
3.1,2025-11-19,14.351622222222222,45,2025-11-19T00:30:00Z,2025-11-20T00:00:00Z,TRUE
3.1,2025-11-20,16.893212765957447,47,2025-11-20T00:30:00Z,2025-11-21T00:00:00Z,TRUE
3.1,2025-11-21,24.186617021276597,47,2025-11-21T00:30:00Z,2025-11-22T00:00:00Z,TRUE
3.1,2025-11-22,10.376325581395347,43,2025-11-22T00:30:00Z,2025-11-23T00:00:00Z,TRUE
3.1,2025-11-23,11.357733333333334,45,2025-11-23T00:30:00Z,2025-11-23T23:30:00Z,TRUE
3.1,2025-11-24,3.6579166666666665,48,2025-11-24T00:30:00Z,2025-11-25T00:00:00Z,TRUE
3.1,2025-11-25,4.7205625,48,2025-11-25T00:30:00Z,2025-11-26T00:00:00Z,TRUE
3.1,2025-11-26,7.037361702127659,47,2025-11-26T00:30:00Z,2025-11-27T00:00:00Z,TRUE
3.1,2025-11-27,2.5930425531914896,47,2025-11-27T00:30:00Z,2025-11-28T00:00:00Z,TRUE
3.1,2025-11-28,1.659659574468085,47,2025-11-28T00:30:00Z,2025-11-29T00:00:00Z,TRUE
3.1,2025-11-29,4.283541666666666,48,2025-11-29T00:30:00Z,2025-11-30T00:00:00Z,TRUE
3.1,2025-11-30,6.237046511627907,43,2025-11-30T00:30:00Z,2025-12-01T00:00:00Z,TRUE
3.1,2025-12-01,3.9752391304347827,46,2025-12-01T00:30:00Z,2025-12-02T00:00:00Z,TRUE
3.1,2025-12-02,8.517854166666666,48,2025-12-02T00:30:00Z,2025-12-03T00:00:00Z,TRUE
3.1,2025-12-03,19.87125,48,2025-12-03T00:30:00Z,2025-12-04T00:00:00Z,TRUE
3.1,2025-12-04,14.09404166666667,48,2025-12-04T00:30:00Z,2025-12-05T00:00:00Z,TRUE
3.1,2025-12-05,6.6245625,48,2025-12-05T00:30:00Z,2025-12-06T00:00:00Z,TRUE
3.1,2025-12-06,26.1826875,48,2025-12-06T00:30:00Z,2025-12-07T00:00:00Z,TRUE
3.1,2025-12-07,20.588541666666668,48,2025-12-07T00:30:00Z,2025-12-08T00:00:00Z,TRUE
3.1,2025-12-08,2.4920625,48,2025-12-08T00:30:00Z,2025-12-09T00:00:00Z,TRUE
3.1,2025-12-09,6.124229166666667,48,2025-12-09T00:30:00Z,2025-12-10T00:00:00Z,TRUE
3.1,2025-12-10,8.281437500000001,48,2025-12-10T00:30:00Z,2025-12-11T00:00:00Z,TRUE
3.1,2025-12-11,2.2384583333333334,48,2025-12-11T00:30:00Z,2025-12-12T00:00:00Z,TRUE
3.1,2025-12-12,4.122456521739131,46,2025-12-12T01:30:00Z,2025-12-13T00:00:00Z,TRUE
3.1,2025-12-13,15.752645833333332,48,2025-12-13T00:30:00Z,2025-12-14T00:00:00Z,TRUE
3.1,2025-12-14,2.8341250000000002,48,2025-12-14T00:30:00Z,2025-12-15T00:00:00Z,TRUE
3.1,2025-12-15,7.433666666666666,48,2025-12-15T00:30:00Z,2025-12-16T00:00:00Z,TRUE
3.1,2025-12-16,7.841875,48,2025-12-16T00:30:00Z,2025-12-17T00:00:00Z,TRUE
3.1,2025-12-17,11.946791666666666,48,2025-12-17T00:30:00Z,2025-12-18T00:00:00Z,TRUE
3.1,2025-12-18,10.508791666666667,48,2025-12-18T00:30:00Z,2025-12-19T00:00:00Z,TRUE
3.1,2025-12-19,5.757125,48,2025-12-19T00:30:00Z,2025-12-20T00:00:00Z,TRUE
3.1,2025-12-20,6.5551458333333334,48,2025-12-20T00:30:00Z,2025-12-21T00:00:00Z,TRUE
3.1,2025-12-21,3.6426170212765956,47,2025-12-21T00:30:00Z,2025-12-22T00:00:00Z,TRUE
3.1,2025-12-22,6.4954583333333336,48,2025-12-22T00:30:00Z,2025-12-23T00:00:00Z,TRUE
3.1,2025-12-23,16.25985106382979,47,2025-12-23T00:30:00Z,2025-12-24T00:00:00Z,TRUE
3.1,2025-12-24,20.51431914893617,47,2025-12-24T01:00:00Z,2025-12-25T00:00:00Z,TRUE
3.1,2025-12-25,18.481765957446807,47,2025-12-25T00:30:00Z,2025-12-25T23:30:00Z,TRUE
3.1,2025-12-26,8.677297872340425,47,2025-12-26T00:30:00Z,2025-12-27T00:00:00Z,TRUE
3.1,2025-12-27,11.900936170212766,47,2025-12-27T00:30:00Z,2025-12-28T00:00:00Z,TRUE
3.1,2025-12-28,19.435,27,2025-12-28T00:30:00Z,2025-12-28T14:00:00Z,FALSE
3.1,2025-12-29,3.93972,25,2025-12-29T04:30:00Z,2025-12-30T00:00:00Z,FALSE
3.1,2025-12-30,3.6282978723404256,47,2025-12-30T00:30:00Z,2025-12-31T00:00:00Z,TRUE
3.1,2025-12-31,12.726,47,2025-12-31T00:30:00Z,2025-12-31T23:30:00Z,TRUE
5.1_19.3_24.2,2025-05-16,6.63076923076923,13,2025-05-16T18:00:00Z,2025-05-17T00:00:00Z,FALSE
5.1_19.3_24.2,2025-05-17,3.764104166666667,48,2025-05-17T00:30:00Z,2025-05-18T00:00:00Z,TRUE
5.1_19.3_24.2,2025-05-18,4.539787234042553,47,2025-05-18T00:30:00Z,2025-05-19T00:00:00Z,TRUE
5.1_19.3_24.2,2025-05-19,5.9827916666666665,48,2025-05-19T00:30:00Z,2025-05-20T00:00:00Z,TRUE
5.1_19.3_24.2,2025-05-20,5.388708333333334,48,2025-05-20T00:30:00Z,2025-05-21T00:00:00Z,TRUE
5.1_19.3_24.2,2025-05-21,11.989708333333335,48,2025-05-21T00:30:00Z,2025-05-22T00:00:00Z,TRUE
5.1_19.3_24.2,2025-05-22,10.439113636363636,44,2025-05-22T00:30:00Z,2025-05-23T00:00:00Z,TRUE
5.1_19.3_24.2,2025-05-23,2.4910888888888887,45,2025-05-23T00:30:00Z,2025-05-24T00:00:00Z,TRUE
5.1_19.3_24.2,2025-05-24,1.5646521739130435,46,2025-05-24T00:30:00Z,2025-05-25T00:00:00Z,TRUE
5.1_19.3_24.2,2025-05-25,4.39625,48,2025-05-25T00:30:00Z,2025-05-26T00:00:00Z,TRUE
5.1_19.3_24.2,2025-05-26,6.967625,48,2025-05-26T00:30:00Z,2025-05-27T00:00:00Z,TRUE
5.1_19.3_24.2,2025-05-27,4.059583333333333,48,2025-05-27T00:30:00Z,2025-05-28T00:00:00Z,TRUE
5.1_19.3_24.2,2025-05-28,2.6776222222222223,45,2025-05-28T00:30:00Z,2025-05-29T00:00:00Z,TRUE
5.1_19.3_24.2,2025-05-29,15.933304347826088,46,2025-05-29T00:30:00Z,2025-05-30T00:00:00Z,TRUE
5.1_19.3_24.2,2025-05-30,9.597543478260869,46,2025-05-30T00:30:00Z,2025-05-31T00:00:00Z,TRUE
5.1_19.3_24.2,2025-05-31,8.277625,48,2025-05-31T00:30:00Z,2025-06-01T00:00:00Z,TRUE
5.1_19.3_24.2,2025-06-01,5.3639166666666664,48,2025-06-01T00:30:00Z,2025-06-02T00:00:00Z,TRUE
5.1_19.3_24.2,2025-06-02,3.8728124999999998,48,2025-06-02T00:30:00Z,2025-06-03T00:00:00Z,TRUE
5.1_19.3_24.2,2025-06-03,9.262895833333333,48,2025-06-03T00:30:00Z,2025-06-04T00:00:00Z,TRUE
5.1_19.3_24.2,2025-06-04,23.30860416666667,48,2025-06-04T00:30:00Z,2025-06-05T00:00:00Z,TRUE
5.1_19.3_24.2,2025-06-05,30.417979166666665,48,2025-06-05T00:30:00Z,2025-06-06T00:00:00Z,TRUE
5.1_19.3_24.2,2025-06-06,41.10589361702127,47,2025-06-06T00:30:00Z,2025-06-07T00:00:00Z,TRUE
5.1_19.3_24.2,2025-06-07,48.90014893617021,47,2025-06-07T00:30:00Z,2025-06-08T00:00:00Z,TRUE
5.1_19.3_24.2,2025-06-08,42.3854375,48,2025-06-08T00:30:00Z,2025-06-09T00:00:00Z,TRUE
5.1_19.3_24.2,2025-06-09,19.681729166666667,48,2025-06-09T00:30:00Z,2025-06-10T00:00:00Z,TRUE
5.1_19.3_24.2,2025-06-10,10.111520833333334,48,2025-06-10T00:30:00Z,2025-06-11T00:00:00Z,TRUE
5.1_19.3_24.2,2025-06-11,14.664708333333333,48,2025-06-11T00:30:00Z,2025-06-12T00:00:00Z,TRUE
5.1_19.3_24.2,2025-06-12,23.081125,48,2025-06-12T00:30:00Z,2025-06-13T00:00:00Z,TRUE
5.1_19.3_24.2,2025-06-13,22.019458333333333,48,2025-06-13T00:30:00Z,2025-06-14T00:00:00Z,TRUE
5.1_19.3_24.2,2025-06-14,17.18124,25,2025-06-14T00:30:00Z,2025-06-15T00:00:00Z,FALSE
5.1_19.3_24.2,2025-06-15,10.66185,40,2025-06-15T00:30:00Z,2025-06-16T00:00:00Z,TRUE
5.1_19.3_24.2,2025-06-16,11.156422222222222,45,2025-06-16T00:30:00Z,2025-06-17T00:00:00Z,TRUE
5.1_19.3_24.2,2025-06-17,11.132060606060605,33,2025-06-17T00:30:00Z,2025-06-18T00:00:00Z,FALSE
5.1_19.3_24.2,2025-06-18,9.074114285714286,35,2025-06-18T01:30:00Z,2025-06-19T00:00:00Z,FALSE
5.1_19.3_24.2,2025-06-19,6.5082,15,2025-06-19T01:00:00Z,2025-06-20T00:00:00Z,FALSE
5.1_19.3_24.2,2025-06-20,6.781454545454546,33,2025-06-20T00:30:00Z,2025-06-20T22:30:00Z,FALSE
5.1_19.3_24.2,2025-06-21,10.14046875,32,2025-06-21T01:00:00Z,2025-06-21T23:30:00Z,FALSE
5.1_19.3_24.2,2025-06-22,7.920851063829787,47,2025-06-22T00:30:00Z,2025-06-23T00:00:00Z,TRUE
5.1_19.3_24.2,2025-06-23,8.301851063829787,47,2025-06-23T00:30:00Z,2025-06-24T00:00:00Z,TRUE
5.1_19.3_24.2,2025-06-24,8.084914893617022,47,2025-06-24T00:30:00Z,2025-06-25T00:00:00Z,TRUE
5.1_19.3_24.2,2025-06-25,11.694255319148937,47,2025-06-25T00:30:00Z,2025-06-26T00:00:00Z,TRUE
5.1_19.3_24.2,2025-06-26,10.732208333333332,48,2025-06-26T00:30:00Z,2025-06-27T00:00:00Z,TRUE
5.1_19.3_24.2,2025-06-27,9.8502,45,2025-06-27T00:30:00Z,2025-06-28T00:00:00Z,TRUE
5.1_19.3_24.2,2025-06-28,8.647297872340426,47,2025-06-28T00:30:00Z,2025-06-29T00:00:00Z,TRUE
5.1_19.3_24.2,2025-06-29,5.7414375,48,2025-06-29T00:30:00Z,2025-06-30T00:00:00Z,TRUE
5.1_19.3_24.2,2025-06-30,9.684127659574468,47,2025-06-30T00:30:00Z,2025-07-01T00:00:00Z,TRUE
5.1_19.3_24.2,2025-07-01,8.424170212765958,47,2025-07-01T00:30:00Z,2025-07-02T00:00:00Z,TRUE
5.1_19.3_24.2,2025-07-02,7.9078723404255324,47,2025-07-02T00:30:00Z,2025-07-03T00:00:00Z,TRUE
5.1_19.3_24.2,2025-07-03,15.420125,48,2025-07-03T00:30:00Z,2025-07-04T00:00:00Z,TRUE
5.1_19.3_24.2,2025-07-04,19.254562500000002,48,2025-07-04T00:30:00Z,2025-07-05T00:00:00Z,TRUE
5.1_19.3_24.2,2025-07-05,24.25733333333333,48,2025-07-05T00:30:00Z,2025-07-06T00:00:00Z,TRUE
5.1_19.3_24.2,2025-07-06,10.207041666666667,48,2025-07-06T00:30:00Z,2025-07-07T00:00:00Z,TRUE
5.1_19.3_24.2,2025-07-07,10.383425531914893,47,2025-07-07T00:30:00Z,2025-07-08T00:00:00Z,TRUE
5.1_19.3_24.2,2025-07-08,13.623,48,2025-07-08T00:30:00Z,2025-07-09T00:00:00Z,TRUE
5.1_19.3_24.2,2025-07-09,21.837208333333333,48,2025-07-09T00:30:00Z,2025-07-10T00:00:00Z,TRUE
5.1_19.3_24.2,2025-07-10,20.182000000000002,48,2025-07-10T00:30:00Z,2025-07-11T00:00:00Z,TRUE
5.1_19.3_24.2,2025-07-11,12.091,48,2025-07-11T00:30:00Z,2025-07-12T00:00:00Z,TRUE
5.1_19.3_24.2,2025-07-12,9.157083333333333,48,2025-07-12T00:30:00Z,2025-07-13T00:00:00Z,TRUE
5.1_19.3_24.2,2025-07-13,5.664458333333333,48,2025-07-13T00:30:00Z,2025-07-14T00:00:00Z,TRUE
5.1_19.3_24.2,2025-07-14,21.58825,48,2025-07-14T00:30:00Z,2025-07-15T00:00:00Z,TRUE
5.1_19.3_24.2,2025-07-15,34.528333333333336,48,2025-07-15T00:30:00Z,2025-07-16T00:00:00Z,TRUE
5.1_19.3_24.2,2025-07-16,34.858170212765955,47,2025-07-16T00:30:00Z,2025-07-17T00:00:00Z,TRUE
5.1_19.3_24.2,2025-07-17,7.819851851851852,27,2025-07-17T00:30:00Z,2025-07-18T00:00:00Z,FALSE
5.1_19.3_24.2,2025-07-18,2.635854166666667,48,2025-07-18T00:30:00Z,2025-07-19T00:00:00Z,TRUE
5.1_19.3_24.2,2025-07-19,3.402978260869565,46,2025-07-19T00:30:00Z,2025-07-20T00:00:00Z,TRUE
5.1_19.3_24.2,2025-07-20,7.726625,48,2025-07-20T00:30:00Z,2025-07-21T00:00:00Z,TRUE
5.1_19.3_24.2,2025-07-21,19.50472340425532,47,2025-07-21T00:30:00Z,2025-07-22T00:00:00Z,TRUE
5.1_19.3_24.2,2025-07-22,6.560891304347826,46,2025-07-22T00:30:00Z,2025-07-23T00:00:00Z,TRUE
5.1_19.3_24.2,2025-07-23,3.956020833333333,48,2025-07-23T00:30:00Z,2025-07-24T00:00:00Z,TRUE
5.1_19.3_24.2,2025-07-24,13.219541666666666,48,2025-07-24T00:30:00Z,2025-07-25T00:00:00Z,TRUE
5.1_19.3_24.2,2025-07-25,11.161516129032258,31,2025-07-25T00:30:00Z,2025-07-26T00:00:00Z,FALSE
5.1_19.3_24.2,2025-07-26,11.143166666666668,12,2025-07-26T01:00:00Z,2025-07-26T10:00:00Z,FALSE
5.1_19.3_24.2,2025-07-27,6.677615384615384,13,2025-07-27T02:00:00Z,2025-07-28T00:00:00Z,FALSE
5.1_19.3_24.2,2025-07-28,9.591125,32,2025-07-28T00:30:00Z,2025-07-29T00:00:00Z,FALSE
5.1_19.3_24.2,2025-07-29,8.74709756097561,41,2025-07-29T01:00:00Z,2025-07-30T00:00:00Z,TRUE
5.1_19.3_24.2,2025-07-30,13.9051875,48,2025-07-30T00:30:00Z,2025-07-31T00:00:00Z,TRUE
5.1_19.3_24.2,2025-07-31,40.236314285714286,35,2025-07-31T00:30:00Z,2025-08-01T00:00:00Z,FALSE
5.1_19.3_24.2,2025-08-01,20.54851111111111,45,2025-08-01T00:30:00Z,2025-08-02T00:00:00Z,TRUE
5.1_19.3_24.2,2025-08-02,12.199523809523809,21,2025-08-02T00:30:00Z,2025-08-02T10:30:00Z,FALSE
5.1_19.3_24.2,2025-08-05,11.481,6,2025-08-05T21:30:00Z,2025-08-06T00:00:00Z,FALSE
5.1_19.3_24.2,2025-08-06,23.083468085106382,47,2025-08-06T00:30:00Z,2025-08-07T00:00:00Z,TRUE
5.1_19.3_24.2,2025-08-07,19.926382978723403,47,2025-08-07T00:30:00Z,2025-08-08T00:00:00Z,TRUE
5.1_19.3_24.2,2025-08-08,14.834347826086958,46,2025-08-08T00:30:00Z,2025-08-09T00:00:00Z,TRUE
5.1_19.3_24.2,2025-08-09,20.310541666666666,48,2025-08-09T00:30:00Z,2025-08-10T00:00:00Z,TRUE
5.1_19.3_24.2,2025-08-10,26.5815625,48,2025-08-10T00:30:00Z,2025-08-11T00:00:00Z,TRUE
5.1_19.3_24.2,2025-08-11,19.967022727272727,44,2025-08-11T00:30:00Z,2025-08-12T00:00:00Z,TRUE
5.1_19.3_24.2,2025-08-12,15.097914893617022,47,2025-08-12T00:30:00Z,2025-08-13T00:00:00Z,TRUE
5.1_19.3_24.2,2025-08-13,8.878264705882353,34,2025-08-13T00:30:00Z,2025-08-14T00:00:00Z,FALSE
5.1_19.3_24.2,2025-08-14,16.167458333333332,48,2025-08-14T00:30:00Z,2025-08-15T00:00:00Z,TRUE
5.1_19.3_24.2,2025-08-15,24.24191666666667,48,2025-08-15T00:30:00Z,2025-08-16T00:00:00Z,TRUE
5.1_19.3_24.2,2025-08-16,22.1705,48,2025-08-16T00:30:00Z,2025-08-17T00:00:00Z,TRUE
5.1_19.3_24.2,2025-08-17,14.433854166666668,48,2025-08-17T00:30:00Z,2025-08-18T00:00:00Z,TRUE
5.1_19.3_24.2,2025-08-18,3.17325,48,2025-08-18T00:30:00Z,2025-08-19T00:00:00Z,TRUE
5.1_19.3_24.2,2025-08-19,6.132562500000001,48,2025-08-19T00:30:00Z,2025-08-20T00:00:00Z,TRUE
5.1_19.3_24.2,2025-08-20,25.049119047619048,42,2025-08-20T00:30:00Z,2025-08-21T00:00:00Z,TRUE
5.1_19.3_24.2,2025-08-21,2.3466590909090908,44,2025-08-21T00:30:00Z,2025-08-22T00:00:00Z,TRUE
5.1_19.3_24.2,2025-08-22,3.145042553191489,47,2025-08-22T00:30:00Z,2025-08-23T00:00:00Z,TRUE
5.1_19.3_24.2,2025-08-23,7.0409999999999995,48,2025-08-23T00:30:00Z,2025-08-24T00:00:00Z,TRUE
5.1_19.3_24.2,2025-08-24,5.76495744680851,47,2025-08-24T00:30:00Z,2025-08-25T00:00:00Z,TRUE
5.1_19.3_24.2,2025-08-25,3.439622222222222,45,2025-08-25T00:30:00Z,2025-08-26T00:00:00Z,TRUE
5.1_19.3_24.2,2025-08-26,5.046125,48,2025-08-26T00:30:00Z,2025-08-27T00:00:00Z,TRUE
5.1_19.3_24.2,2025-08-27,5.252434782608695,46,2025-08-27T00:30:00Z,2025-08-28T00:00:00Z,TRUE
5.1_19.3_24.2,2025-08-28,4.167791666666667,48,2025-08-28T00:30:00Z,2025-08-29T00:00:00Z,TRUE
5.1_19.3_24.2,2025-08-29,4.54645652173913,46,2025-08-29T00:30:00Z,2025-08-30T00:00:00Z,TRUE
5.1_19.3_24.2,2025-08-30,3.0975434782608695,46,2025-08-30T00:30:00Z,2025-08-31T00:00:00Z,TRUE
5.1_19.3_24.2,2025-08-31,5.474272727272727,44,2025-08-31T00:30:00Z,2025-08-31T23:30:00Z,TRUE
5.1_19.3_24.2,2025-09-01,6.865674418604652,43,2025-09-01T00:30:00Z,2025-09-02T00:00:00Z,TRUE
5.1_19.3_24.2,2025-09-02,4.3992272727272725,44,2025-09-02T00:30:00Z,2025-09-03T00:00:00Z,TRUE
5.1_19.3_24.2,2025-09-03,5.69004255319149,47,2025-09-03T00:30:00Z,2025-09-04T00:00:00Z,TRUE
5.1_19.3_24.2,2025-09-04,8.053041666666667,48,2025-09-04T00:30:00Z,2025-09-05T00:00:00Z,TRUE
5.1_19.3_24.2,2025-09-05,16.757934782608697,46,2025-09-05T00:30:00Z,2025-09-06T00:00:00Z,TRUE
5.1_19.3_24.2,2025-09-06,4.999511111111111,45,2025-09-06T00:30:00Z,2025-09-06T23:30:00Z,TRUE
5.1_19.3_24.2,2025-09-07,3.2353617021276597,47,2025-09-07T00:30:00Z,2025-09-08T00:00:00Z,TRUE
5.1_19.3_24.2,2025-09-08,4.375340425531915,47,2025-09-08T00:30:00Z,2025-09-09T00:00:00Z,TRUE
5.1_19.3_24.2,2025-09-09,3.3444375,48,2025-09-09T00:30:00Z,2025-09-10T00:00:00Z,TRUE
5.1_19.3_24.2,2025-09-10,5.3434042553191485,47,2025-09-10T00:30:00Z,2025-09-11T00:00:00Z,TRUE
5.1_19.3_24.2,2025-09-11,6.864645833333333,48,2025-09-11T00:30:00Z,2025-09-12T00:00:00Z,TRUE
5.1_19.3_24.2,2025-09-12,9.798729166666666,48,2025-09-12T00:30:00Z,2025-09-13T00:00:00Z,TRUE
5.1_19.3_24.2,2025-09-13,9.386041666666667,48,2025-09-13T00:30:00Z,2025-09-14T00:00:00Z,TRUE
5.1_19.3_24.2,2025-09-14,14.058416666666666,48,2025-09-14T00:30:00Z,2025-09-15T00:00:00Z,TRUE
5.1_19.3_24.2,2025-09-15,12.209021739130435,46,2025-09-15T00:30:00Z,2025-09-16T00:00:00Z,TRUE
5.1_19.3_24.2,2025-09-16,10.301425531914894,47,2025-09-16T00:30:00Z,2025-09-17T00:00:00Z,TRUE
5.1_19.3_24.2,2025-09-17,15.343020833333332,48,2025-09-17T00:30:00Z,2025-09-18T00:00:00Z,TRUE
5.1_19.3_24.2,2025-09-18,11.881702127659574,47,2025-09-18T00:30:00Z,2025-09-19T00:00:00Z,TRUE
5.1_19.3_24.2,2025-09-19,12.851625,48,2025-09-19T00:30:00Z,2025-09-20T00:00:00Z,TRUE
5.1_19.3_24.2,2025-09-20,4.168958333333333,48,2025-09-20T00:30:00Z,2025-09-21T00:00:00Z,TRUE
5.1_19.3_24.2,2025-09-21,11.156191489361703,47,2025-09-21T00:30:00Z,2025-09-22T00:00:00Z,TRUE
5.1_19.3_24.2,2025-09-22,12.286791666666666,48,2025-09-22T00:30:00Z,2025-09-23T00:00:00Z,TRUE
5.1_19.3_24.2,2025-09-23,8.218733333333333,45,2025-09-23T00:30:00Z,2025-09-24T00:00:00Z,TRUE
5.1_19.3_24.2,2025-09-24,11.298466666666666,45,2025-09-24T00:30:00Z,2025-09-25T00:00:00Z,TRUE
5.1_19.3_24.2,2025-09-25,17.744142857142858,14,2025-09-25T00:30:00Z,2025-09-25T07:30:00Z,FALSE
5.1_19.3_24.2,2025-11-20,22.12961111111111,18,2025-11-20T15:30:00Z,2025-11-21T00:00:00Z,FALSE
5.1_19.3_24.2,2025-11-21,26.802466666666668,15,2025-11-21T00:30:00Z,2025-11-21T23:30:00Z,FALSE
5.1_19.3_24.2,2025-11-22,11.057107142857145,28,2025-11-22T01:00:00Z,2025-11-23T00:00:00Z,FALSE
5.1_19.3_24.2,2025-11-23,7.5227916666666665,48,2025-11-23T00:30:00Z,2025-11-24T00:00:00Z,TRUE
5.1_19.3_24.2,2025-11-24,4.4197500000000005,48,2025-11-24T00:30:00Z,2025-11-25T00:00:00Z,TRUE
5.1_19.3_24.2,2025-11-25,7.772311111111112,45,2025-11-25T00:30:00Z,2025-11-26T00:00:00Z,TRUE
5.1_19.3_24.2,2025-11-26,8.387578947368421,38,2025-11-26T00:30:00Z,2025-11-27T00:00:00Z,TRUE
5.1_19.3_24.2,2025-11-27,3.7736551724137932,29,2025-11-27T00:30:00Z,2025-11-28T00:00:00Z,FALSE
5.1_19.3_24.2,2025-11-28,3.689657894736842,38,2025-11-28T00:30:00Z,2025-11-29T00:00:00Z,TRUE
5.1_19.3_24.2,2025-11-29,3.5215,26,2025-11-29T00:30:00Z,2025-11-30T00:00:00Z,FALSE
5.1_19.3_24.2,2025-11-30,6.281756097560976,41,2025-11-30T00:30:00Z,2025-12-01T00:00:00Z,TRUE
5.1_19.3_24.2,2025-12-01,4.679590909090909,44,2025-12-01T00:30:00Z,2025-12-02T00:00:00Z,TRUE
5.1_19.3_24.2,2025-12-02,10.534604166666666,48,2025-12-02T00:30:00Z,2025-12-03T00:00:00Z,TRUE
5.1_19.3_24.2,2025-12-03,18.41523076923077,39,2025-12-03T00:30:00Z,2025-12-03T23:30:00Z,TRUE
5.1_19.3_24.2,2025-12-04,8.65421875,32,2025-12-04T00:30:00Z,2025-12-05T00:00:00Z,FALSE
5.1_19.3_24.2,2025-12-05,6.714291666666667,48,2025-12-05T00:30:00Z,2025-12-06T00:00:00Z,TRUE
5.1_19.3_24.2,2025-12-06,24.040422222222222,45,2025-12-06T00:30:00Z,2025-12-07T00:00:00Z,TRUE
5.1_19.3_24.2,2025-12-07,21.594958333333334,48,2025-12-07T00:30:00Z,2025-12-08T00:00:00Z,TRUE
5.1_19.3_24.2,2025-12-08,3.0506511627906976,43,2025-12-08T00:30:00Z,2025-12-09T00:00:00Z,TRUE
5.1_19.3_24.2,2025-12-09,5.910288888888888,45,2025-12-09T00:30:00Z,2025-12-09T22:30:00Z,TRUE
5.1_19.3_24.2,2025-12-10,10.22,33,2025-12-10T01:30:00Z,2025-12-11T00:00:00Z,FALSE
5.1_19.3_24.2,2025-12-11,2.516674418604651,43,2025-12-11T00:30:00Z,2025-12-12T00:00:00Z,TRUE
5.1_19.3_24.2,2025-12-12,5.3876875,48,2025-12-12T00:30:00Z,2025-12-13T00:00:00Z,TRUE
5.1_19.3_24.2,2025-12-13,15.633575,40,2025-12-13T00:30:00Z,2025-12-14T00:00:00Z,TRUE
5.1_19.3_24.2,2025-12-14,2.6356458333333332,48,2025-12-14T00:30:00Z,2025-12-15T00:00:00Z,TRUE
5.1_19.3_24.2,2025-12-15,5.6297291666666665,48,2025-12-15T00:30:00Z,2025-12-16T00:00:00Z,TRUE
5.1_19.3_24.2,2025-12-16,8.091127659574468,47,2025-12-16T00:30:00Z,2025-12-17T00:00:00Z,TRUE
5.1_19.3_24.2,2025-12-17,11.397057142857141,35,2025-12-17T00:30:00Z,2025-12-18T00:00:00Z,FALSE
5.1_19.3_24.2,2025-12-18,12.846533333333333,45,2025-12-18T00:30:00Z,2025-12-19T00:00:00Z,TRUE
5.1_19.3_24.2,2025-12-19,3.5044482758620688,29,2025-12-19T00:30:00Z,2025-12-20T00:00:00Z,FALSE
5.1_19.3_24.2,2025-12-20,5.502391304347826,46,2025-12-20T00:30:00Z,2025-12-21T00:00:00Z,TRUE
5.1_19.3_24.2,2025-12-21,3.9339574468085106,47,2025-12-21T00:30:00Z,2025-12-22T00:00:00Z,TRUE
5.1_19.3_24.2,2025-12-22,7.897681818181819,44,2025-12-22T00:30:00Z,2025-12-23T00:00:00Z,TRUE
5.1_19.3_24.2,2025-12-23,9.259555555555556,27,2025-12-23T00:30:00Z,2025-12-23T19:30:00Z,FALSE
5.1_19.3_24.2,2025-12-24,22.0755,6,2025-12-24T02:00:00Z,2025-12-24T13:30:00Z,FALSE
5.1_19.3_24.2,2025-12-25,27.559615384615384,26,2025-12-25T01:00:00Z,2025-12-25T22:30:00Z,FALSE
5.1_19.3_24.2,2025-12-26,12.263878787878788,33,2025-12-26T00:30:00Z,2025-12-26T23:00:00Z,FALSE
5.1_19.3_24.2,2025-12-27,10.570307692307692,26,2025-12-27T00:30:00Z,2025-12-28T00:00:00Z,FALSE
5.1_19.3_24.2,2025-12-28,23.405263157894737,19,2025-12-28T00:30:00Z,2025-12-28T14:30:00Z,FALSE
7.1_4.1,2024-11-05,3.7235714285714288,7,2024-11-05T18:00:00Z,2024-11-05T23:00:00Z,FALSE
7.1_4.1,2024-11-06,5.918166666666667,30,2024-11-06T00:30:00Z,2024-11-06T23:00:00Z,FALSE
7.1_4.1,2024-11-07,4.7530909090909095,22,2024-11-07T00:30:00Z,2024-11-08T00:00:00Z,FALSE
7.1_4.1,2024-11-08,9.872294117647058,17,2024-11-08T03:30:00Z,2024-11-09T00:00:00Z,FALSE
7.1_4.1,2024-11-09,2.54425,20,2024-11-09T02:00:00Z,2024-11-09T23:00:00Z,FALSE
7.1_4.1,2024-11-10,18.129450000000002,20,2024-11-10T00:30:00Z,2024-11-10T23:30:00Z,FALSE
7.1_4.1,2024-11-11,7.1895,20,2024-11-11T01:00:00Z,2024-11-12T00:00:00Z,FALSE
7.1_4.1,2024-11-12,1.2863461538461538,26,2024-11-12T00:30:00Z,2024-11-13T00:00:00Z,FALSE
7.1_4.1,2024-11-13,4.7225882352941175,17,2024-11-13T01:00:00Z,2024-11-13T20:30:00Z,FALSE
7.1_4.1,2024-11-14,13.1867,10,2024-11-14T01:00:00Z,2024-11-14T23:30:00Z,FALSE
7.1_4.1,2024-11-15,34.06035294117647,17,2024-11-15T06:00:00Z,2024-11-16T00:00:00Z,FALSE
7.1_4.1,2024-11-16,3.6444193548387096,31,2024-11-16T00:30:00Z,2024-11-16T23:30:00Z,FALSE
7.1_4.1,2024-11-17,15.067324324324323,37,2024-11-17T00:30:00Z,2024-11-17T23:00:00Z,TRUE
7.1_4.1,2024-11-18,21.55112,25,2024-11-18T01:30:00Z,2024-11-18T23:30:00Z,FALSE
7.1_4.1,2024-11-19,18.99172,25,2024-11-19T01:00:00Z,2024-11-20T00:00:00Z,FALSE
7.1_4.1,2024-11-20,13.032499999999999,22,2024-11-20T01:30:00Z,2024-11-20T23:30:00Z,FALSE
7.1_4.1,2024-11-21,4.18912,25,2024-11-21T02:30:00Z,2024-11-21T23:00:00Z,FALSE
7.1_4.1,2024-11-22,6.537967741935484,31,2024-11-22T01:00:00Z,2024-11-23T00:00:00Z,FALSE
7.1_4.1,2024-11-23,2.0325,44,2024-11-23T00:30:00Z,2024-11-24T00:00:00Z,TRUE
7.1_4.1,2024-11-24,13.53072,25,2024-11-24T01:00:00Z,2024-11-24T23:30:00Z,FALSE
7.1_4.1,2024-11-25,19.202058823529413,17,2024-11-25T00:30:00Z,2024-11-26T00:00:00Z,FALSE
7.1_4.1,2024-11-26,9.32645,20,2024-11-26T01:00:00Z,2024-11-26T23:30:00Z,FALSE
7.1_4.1,2024-11-27,5.7795000000000005,26,2024-11-27T01:30:00Z,2024-11-27T23:00:00Z,FALSE
7.1_4.1,2024-11-28,13.600975,40,2024-11-28T00:30:00Z,2024-11-29T00:00:00Z,TRUE
7.1_4.1,2024-11-29,7.621241379310344,29,2024-11-29T01:00:00Z,2024-11-30T00:00:00Z,FALSE
7.1_4.1,2024-11-30,6.9017,30,2024-11-30T00:30:00Z,2024-12-01T00:00:00Z,FALSE
7.1_4.1,2024-12-01,5.562125,32,2024-12-01T00:30:00Z,2024-12-02T00:00:00Z,FALSE
7.1_4.1,2024-12-02,9.923793103448276,29,2024-12-02T00:30:00Z,2024-12-02T21:30:00Z,FALSE
7.1_4.1,2024-12-03,14.4713,30,2024-12-03T01:00:00Z,2024-12-04T00:00:00Z,FALSE
7.1_4.1,2024-12-04,13.935266666666667,30,2024-12-04T00:30:00Z,2024-12-05T00:00:00Z,FALSE
7.1_4.1,2024-12-05,5.400222222222221,27,2024-12-05T01:00:00Z,2024-12-06T00:00:00Z,FALSE
7.1_4.1,2024-12-06,4.3595,26,2024-12-06T00:30:00Z,2024-12-06T23:30:00Z,FALSE
7.1_4.1,2024-12-07,5.123225806451613,31,2024-12-07T00:30:00Z,2024-12-08T00:00:00Z,FALSE
7.1_4.1,2024-12-08,5.896071428571428,28,2024-12-08T01:00:00Z,2024-12-09T00:00:00Z,FALSE
7.1_4.1,2024-12-09,12.78413043478261,23,2024-12-09T00:30:00Z,2024-12-09T23:30:00Z,FALSE
7.1_4.1,2024-12-10,45.18972,25,2024-12-10T00:30:00Z,2024-12-11T00:00:00Z,FALSE
7.1_4.1,2024-12-11,22.50574193548387,31,2024-12-11T00:30:00Z,2024-12-12T00:00:00Z,FALSE
7.1_4.1,2024-12-12,5.668794117647059,34,2024-12-12T00:30:00Z,2024-12-13T00:00:00Z,FALSE
7.1_4.1,2024-12-13,4.800878787878788,33,2024-12-13T00:30:00Z,2024-12-13T23:30:00Z,FALSE
7.1_4.1,2024-12-14,8.962586206896551,29,2024-12-14T00:30:00Z,2024-12-14T23:30:00Z,FALSE
7.1_4.1,2024-12-15,25.4362,5,2024-12-15T02:30:00Z,2024-12-16T00:00:00Z,FALSE
7.1_4.1,2024-12-16,31.8265,10,2024-12-16T01:00:00Z,2024-12-17T00:00:00Z,FALSE
7.1_4.1,2024-12-17,10.951210526315789,19,2024-12-17T00:30:00Z,2024-12-17T23:30:00Z,FALSE
7.1_4.1,2024-12-18,43.4754,35,2024-12-18T00:30:00Z,2024-12-19T00:00:00Z,FALSE
7.1_4.1,2024-12-19,6.578733333333333,30,2024-12-19T01:00:00Z,2024-12-20T00:00:00Z,FALSE
7.1_4.1,2024-12-20,16.863923076923076,26,2024-12-20T00:30:00Z,2024-12-21T00:00:00Z,FALSE
7.1_4.1,2024-12-21,2.778451612903226,31,2024-12-21T01:30:00Z,2024-12-22T00:00:00Z,FALSE
7.1_4.1,2024-12-22,2.738366666666667,30,2024-12-22T01:00:00Z,2024-12-23T00:00:00Z,FALSE
7.1_4.1,2024-12-23,7.548541666666666,24,2024-12-23T00:30:00Z,2024-12-23T23:30:00Z,FALSE
7.1_4.1,2024-12-24,17.256785714285716,28,2024-12-24T01:00:00Z,2024-12-25T00:00:00Z,FALSE
7.1_4.1,2024-12-25,26.210166666666666,30,2024-12-25T00:30:00Z,2024-12-26T00:00:00Z,FALSE
7.1_4.1,2024-12-26,13.102074074074075,27,2024-12-26T00:30:00Z,2024-12-27T00:00:00Z,FALSE
7.1_4.1,2024-12-27,13.557115384615384,26,2024-12-27T01:00:00Z,2024-12-27T23:30:00Z,FALSE
7.1_4.1,2024-12-28,7.7390740740740736,27,2024-12-28T01:00:00Z,2024-12-29T00:00:00Z,FALSE
7.1_4.1,2024-12-29,17.59004761904762,21,2024-12-29T00:30:00Z,2024-12-30T00:00:00Z,FALSE
7.1_4.1,2024-12-30,5.381333333333333,21,2024-12-30T01:00:00Z,2024-12-30T23:30:00Z,FALSE
7.1_4.1,2024-12-31,15.78521052631579,19,2024-12-31T01:00:00Z,2024-12-31T21:30:00Z,FALSE
7.1_4.1,2025-01-01,7.3769374999999995,32,2025-01-01T01:00:00Z,2025-01-02T00:00:00Z,FALSE
7.1_4.1,2025-01-02,8.978676470588235,34,2025-01-02T00:30:00Z,2025-01-02T23:00:00Z,FALSE
7.1_4.1,2025-01-03,10.862676470588235,34,2025-01-03T00:30:00Z,2025-01-04T00:00:00Z,FALSE
7.1_4.1,2025-01-04,2.5493,30,2025-01-04T01:00:00Z,2025-01-05T00:00:00Z,FALSE
7.1_4.1,2025-01-05,5.979736842105263,38,2025-01-05T00:30:00Z,2025-01-05T23:30:00Z,TRUE
7.1_4.1,2025-01-06,6.870629629629629,27,2025-01-06T00:30:00Z,2025-01-07T00:00:00Z,FALSE
7.1_4.1,2025-01-07,1.8722222222222222,27,2025-01-07T01:30:00Z,2025-01-08T00:00:00Z,FALSE
7.1_4.1,2025-01-08,3.038933333333333,30,2025-01-08T01:00:00Z,2025-01-08T23:30:00Z,FALSE
7.1_4.1,2025-01-09,2.0468,25,2025-01-09T00:30:00Z,2025-01-09T22:00:00Z,FALSE
7.1_4.1,2025-01-10,12.361739130434783,23,2025-01-10T01:00:00Z,2025-01-10T23:30:00Z,FALSE
7.1_4.1,2025-01-11,24.22867857142857,28,2025-01-11T01:00:00Z,2025-01-12T00:00:00Z,FALSE
7.1_4.1,2025-01-12,27.32390909090909,33,2025-01-12T01:00:00Z,2025-01-13T00:00:00Z,FALSE
7.1_4.1,2025-01-13,7.346758620689656,29,2025-01-13T00:30:00Z,2025-01-13T23:30:00Z,FALSE
7.1_4.1,2025-01-14,5.111599999999999,30,2025-01-14T00:30:00Z,2025-01-14T23:30:00Z,FALSE
7.1_4.1,2025-01-15,5.017333333333333,24,2025-01-15T00:30:00Z,2025-01-16T00:00:00Z,FALSE
7.1_4.1,2025-01-16,16.91395652173913,23,2025-01-16T00:30:00Z,2025-01-16T23:00:00Z,FALSE
7.1_4.1,2025-01-17,25.646884615384614,26,2025-01-17T00:30:00Z,2025-01-18T00:00:00Z,FALSE
7.1_4.1,2025-01-18,8.810185185185185,27,2025-01-18T00:30:00Z,2025-01-18T23:30:00Z,FALSE
7.1_4.1,2025-01-19,2.8727837837837837,37,2025-01-19T00:30:00Z,2025-01-20T00:00:00Z,TRUE
7.1_4.1,2025-01-20,3.5406153846153847,26,2025-01-20T01:30:00Z,2025-01-20T23:00:00Z,FALSE
7.1_4.1,2025-01-21,5.1834482758620695,29,2025-01-21T00:30:00Z,2025-01-22T00:00:00Z,FALSE
7.1_4.1,2025-01-22,2.110535714285714,28,2025-01-22T00:30:00Z,2025-01-22T23:30:00Z,FALSE
7.1_4.1,2025-01-23,9.40068,25,2025-01-23T01:30:00Z,2025-01-23T23:30:00Z,FALSE
7.1_4.1,2025-01-24,6.416275862068965,29,2025-01-24T00:30:00Z,2025-01-24T23:30:00Z,FALSE
7.1_4.1,2025-01-25,11.596391304347826,23,2025-01-25T00:30:00Z,2025-01-26T00:00:00Z,FALSE
7.1_4.1,2025-01-26,6.7054583333333335,48,2025-01-26T00:30:00Z,2025-01-27T00:00:00Z,TRUE
7.1_4.1,2025-01-27,5.384311111111111,45,2025-01-27T00:30:00Z,2025-01-28T00:00:00Z,TRUE
7.1_4.1,2025-01-28,4.370355555555555,45,2025-01-28T00:30:00Z,2025-01-29T00:00:00Z,TRUE
7.1_4.1,2025-01-29,5.28437037037037,27,2025-01-29T00:30:00Z,2025-01-30T00:00:00Z,FALSE
7.1_4.1,2025-01-30,7.000633333333333,30,2025-01-30T00:30:00Z,2025-01-31T00:00:00Z,FALSE
7.1_4.1,2025-01-31,13.88505,20,2025-01-31T00:30:00Z,2025-01-31T23:30:00Z,FALSE
7.1_4.1,2025-02-01,21.187290322580647,31,2025-02-01T01:30:00Z,2025-02-02T00:00:00Z,FALSE
7.1_4.1,2025-02-02,9.2059,30,2025-02-02T00:30:00Z,2025-02-03T00:00:00Z,FALSE
7.1_4.1,2025-02-03,40.77491666666667,24,2025-02-03T00:30:00Z,2025-02-04T00:00:00Z,FALSE
7.1_4.1,2025-02-04,15.177045454545455,22,2025-02-04T00:30:00Z,2025-02-05T00:00:00Z,FALSE
7.1_4.1,2025-02-05,3.037617647058824,34,2025-02-05T01:00:00Z,2025-02-06T00:00:00Z,FALSE
7.1_4.1,2025-02-06,22.80403448275862,29,2025-02-06T00:30:00Z,2025-02-06T23:30:00Z,FALSE
7.1_4.1,2025-02-07,4.419782608695652,23,2025-02-07T00:30:00Z,2025-02-08T00:00:00Z,FALSE
7.1_4.1,2025-02-08,10.147805555555555,36,2025-02-08T00:30:00Z,2025-02-09T00:00:00Z,TRUE
7.1_4.1,2025-02-09,17.459970588235294,34,2025-02-09T00:30:00Z,2025-02-09T22:30:00Z,FALSE
7.1_4.1,2025-02-10,7.560925925925926,27,2025-02-10T01:00:00Z,2025-02-11T00:00:00Z,FALSE
7.1_4.1,2025-02-11,24.90615625,32,2025-02-11T01:00:00Z,2025-02-12T00:00:00Z,FALSE
7.1_4.1,2025-02-12,20.111190476190476,21,2025-02-12T02:00:00Z,2025-02-12T23:00:00Z,FALSE
7.1_4.1,2025-02-13,23.05227083333333,48,2025-02-13T00:30:00Z,2025-02-14T00:00:00Z,TRUE
7.1_4.1,2025-02-14,7.659,44,2025-02-14T00:30:00Z,2025-02-14T23:30:00Z,TRUE
7.1_4.1,2025-02-15,15.82615,20,2025-02-15T00:30:00Z,2025-02-15T23:00:00Z,FALSE
7.1_4.1,2025-02-16,23.24347619047619,21,2025-02-16T00:30:00Z,2025-02-17T00:00:00Z,FALSE
7.1_4.1,2025-02-17,4.365363636363637,22,2025-02-17T00:30:00Z,2025-02-18T00:00:00Z,FALSE
7.1_4.1,2025-02-18,2.8154545454545454,22,2025-02-18T00:30:00Z,2025-02-18T22:30:00Z,FALSE
7.1_4.1,2025-02-19,3.5433636363636363,22,2025-02-19T00:30:00Z,2025-02-20T00:00:00Z,FALSE
7.1_4.1,2025-02-20,4.520074074074074,27,2025-02-20T00:30:00Z,2025-02-20T23:00:00Z,FALSE
7.1_4.1,2025-02-21,2.65875,28,2025-02-21T00:30:00Z,2025-02-22T00:00:00Z,FALSE
7.1_4.1,2025-02-22,14.182304347826086,23,2025-02-22T01:00:00Z,2025-02-22T23:30:00Z,FALSE
7.1_4.1,2025-02-23,9.948941176470589,17,2025-02-23T00:30:00Z,2025-02-24T00:00:00Z,FALSE
7.1_4.1,2025-02-24,10.860899999999999,10,2025-02-24T00:30:00Z,2025-02-24T22:30:00Z,FALSE
7.1_4.1,2025-02-25,7.356142857142857,21,2025-02-25T01:00:00Z,2025-02-25T23:30:00Z,FALSE
7.1_4.1,2025-02-26,17.219314285714287,35,2025-02-26T01:30:00Z,2025-02-27T00:00:00Z,FALSE
7.1_4.1,2025-02-27,80.46777272727272,44,2025-02-27T00:30:00Z,2025-02-28T00:00:00Z,TRUE
7.1_4.1,2025-02-28,12.91952380952381,42,2025-02-28T00:30:00Z,2025-02-28T22:00:00Z,TRUE
7.1_4.1,2025-03-01,2.2054583333333335,24,2025-03-01T01:30:00Z,2025-03-01T23:30:00Z,FALSE
7.1_4.1,2025-03-02,3.1168125,32,2025-03-02T00:30:00Z,2025-03-02T23:30:00Z,FALSE
7.1_4.1,2025-03-03,6.139826086956521,23,2025-03-03T00:30:00Z,2025-03-03T23:00:00Z,FALSE
7.1_4.1,2025-03-04,6.471133333333333,15,2025-03-04T02:30:00Z,2025-03-04T23:00:00Z,FALSE
7.1_4.1,2025-03-05,5.764739130434783,23,2025-03-05T02:30:00Z,2025-03-05T22:00:00Z,FALSE
7.1_4.1,2025-03-06,2.5409,20,2025-03-06T01:30:00Z,2025-03-06T23:00:00Z,FALSE
7.1_4.1,2025-03-07,6.665593749999999,32,2025-03-07T01:00:00Z,2025-03-08T00:00:00Z,FALSE
7.1_4.1,2025-03-08,11.276387096774194,31,2025-03-08T00:30:00Z,2025-03-08T23:30:00Z,FALSE
7.1_4.1,2025-03-09,4.215818181818182,33,2025-03-09T00:30:00Z,2025-03-10T00:00:00Z,FALSE
7.1_4.1,2025-03-10,4.123225,40,2025-03-10T00:30:00Z,2025-03-10T23:00:00Z,TRUE
7.1_4.1,2025-03-11,5.74425,20,2025-03-11T01:00:00Z,2025-03-11T23:30:00Z,FALSE
7.1_4.1,2025-03-12,3.34428,25,2025-03-12T01:00:00Z,2025-03-12T22:30:00Z,FALSE
7.1_4.1,2025-03-13,5.265684210526316,19,2025-03-13T01:00:00Z,2025-03-13T23:30:00Z,FALSE
7.1_4.1,2025-03-14,10.65964,25,2025-03-14T01:30:00Z,2025-03-15T00:00:00Z,FALSE
7.1_4.1,2025-03-15,11.306368421052632,19,2025-03-15T00:30:00Z,2025-03-15T23:00:00Z,FALSE
7.1_4.1,2025-03-16,8.195076923076924,13,2025-03-16T01:30:00Z,2025-03-16T21:00:00Z,FALSE
7.1_4.1,2025-03-17,3.5609285714285712,14,2025-03-17T02:00:00Z,2025-03-18T00:00:00Z,FALSE
7.1_4.1,2025-03-18,6.61644,25,2025-03-18T01:00:00Z,2025-03-18T23:00:00Z,FALSE
7.1_4.1,2025-03-19,6.6242857142857146,28,2025-03-19T00:30:00Z,2025-03-19T23:30:00Z,FALSE
7.1_4.1,2025-03-20,3.941818181818182,22,2025-03-20T00:30:00Z,2025-03-20T23:30:00Z,FALSE
7.1_4.1,2025-03-21,2.6102105263157895,19,2025-03-21T02:30:00Z,2025-03-21T23:30:00Z,FALSE
7.1_4.1,2025-03-22,3.68669696969697,33,2025-03-22T00:30:00Z,2025-03-22T23:00:00Z,FALSE
7.1_4.1,2025-03-23,6.536269230769231,26,2025-03-23T01:00:00Z,2025-03-24T00:00:00Z,FALSE
7.1_4.1,2025-03-24,5.919714285714286,21,2025-03-24T01:00:00Z,2025-03-24T23:30:00Z,FALSE
7.1_4.1,2025-03-25,5.803833333333333,18,2025-03-25T05:00:00Z,2025-03-25T23:30:00Z,FALSE
7.1_4.1,2025-03-26,3.4761666666666664,30,2025-03-26T03:30:00Z,2025-03-27T00:00:00Z,FALSE
7.1_4.1,2025-03-27,7.0924,25,2025-03-27T00:30:00Z,2025-03-27T23:00:00Z,FALSE
7.1_4.1,2025-03-28,8.671722222222222,18,2025-03-28T01:00:00Z,2025-03-28T23:00:00Z,FALSE
7.1_4.1,2025-03-29,9.653407407407407,27,2025-03-29T01:00:00Z,2025-03-30T00:00:00Z,FALSE
7.1_4.1,2025-03-30,13.8473125,16,2025-03-30T00:30:00Z,2025-03-30T23:00:00Z,FALSE
7.1_4.1,2025-03-31,4.385714285714286,7,2025-03-31T00:30:00Z,2025-03-31T20:00:00Z,FALSE
7.1_4.1,2025-04-01,2.8493333333333335,9,2025-04-01T00:30:00Z,2025-04-02T00:00:00Z,FALSE
7.1_4.1,2025-04-02,7.749625000000001,48,2025-04-02T00:30:00Z,2025-04-03T00:00:00Z,TRUE
7.1_4.1,2025-04-03,4.247166666666668,48,2025-04-03T00:30:00Z,2025-04-04T00:00:00Z,TRUE
7.1_4.1,2025-04-04,2.4388260869565217,46,2025-04-04T00:30:00Z,2025-04-05T00:00:00Z,TRUE
7.1_4.1,2025-04-05,15.882106382978723,47,2025-04-05T00:30:00Z,2025-04-06T00:00:00Z,TRUE
7.1_4.1,2025-04-06,9.735263157894737,38,2025-04-06T01:00:00Z,2025-04-07T00:00:00Z,TRUE
7.1_4.1,2025-04-07,6.354268292682927,41,2025-04-07T01:00:00Z,2025-04-07T23:30:00Z,TRUE
7.1_4.1,2025-04-08,2.84946511627907,43,2025-04-08T00:30:00Z,2025-04-09T00:00:00Z,TRUE
7.1_4.1,2025-04-09,4.788613636363636,44,2025-04-09T00:30:00Z,2025-04-10T00:00:00Z,TRUE
7.1_4.1,2025-04-10,25.980090909090908,44,2025-04-10T00:30:00Z,2025-04-11T00:00:00Z,TRUE
7.1_4.1,2025-04-11,12.634,36,2025-04-11T01:00:00Z,2025-04-12T00:00:00Z,TRUE
7.1_4.1,2025-04-12,7.745051282051282,39,2025-04-12T00:30:00Z,2025-04-13T00:00:00Z,TRUE
7.1_4.1,2025-04-13,8.503116279069767,43,2025-04-13T00:30:00Z,2025-04-14T00:00:00Z,TRUE
7.1_4.1,2025-04-14,5.524617021276596,47,2025-04-14T00:30:00Z,2025-04-15T00:00:00Z,TRUE
7.1_4.1,2025-04-15,2.156913043478261,46,2025-04-15T00:30:00Z,2025-04-16T00:00:00Z,TRUE
7.1_4.1,2025-04-16,2.8407391304347827,46,2025-04-16T00:30:00Z,2025-04-17T00:00:00Z,TRUE
7.1_4.1,2025-04-17,7.165951219512196,41,2025-04-17T00:30:00Z,2025-04-18T00:00:00Z,TRUE
7.1_4.1,2025-04-18,6.9140212765957445,47,2025-04-18T00:30:00Z,2025-04-19T00:00:00Z,TRUE
7.1_4.1,2025-04-19,9.145020833333334,48,2025-04-19T00:30:00Z,2025-04-20T00:00:00Z,TRUE
7.1_4.1,2025-04-20,3.8406153846153845,39,2025-04-20T00:30:00Z,2025-04-21T00:00:00Z,TRUE
7.1_4.1,2025-04-21,5.598232558139535,43,2025-04-21T01:30:00Z,2025-04-22T00:00:00Z,TRUE
7.1_4.1,2025-04-22,2.0420416666666665,48,2025-04-22T00:30:00Z,2025-04-23T00:00:00Z,TRUE
7.1_4.1,2025-04-23,5.4946,45,2025-04-23T00:30:00Z,2025-04-23T23:30:00Z,TRUE
7.1_4.1,2025-04-24,8.35351111111111,45,2025-04-24T00:30:00Z,2025-04-25T00:00:00Z,TRUE
7.1_4.1,2025-04-25,6.582697674418605,43,2025-04-25T00:30:00Z,2025-04-26T00:00:00Z,TRUE
7.1_4.1,2025-04-26,13.010422222222223,45,2025-04-26T00:30:00Z,2025-04-27T00:00:00Z,TRUE
7.1_4.1,2025-04-27,4.210590909090909,44,2025-04-27T00:30:00Z,2025-04-27T23:30:00Z,TRUE
7.1_4.1,2025-04-28,5.765808510638298,47,2025-04-28T00:30:00Z,2025-04-29T00:00:00Z,TRUE
7.1_4.1,2025-04-29,5.823675,40,2025-04-29T00:30:00Z,2025-04-29T23:30:00Z,TRUE
7.1_4.1,2025-04-30,2.4915555555555557,9,2025-04-30T00:30:00Z,2025-05-01T00:00:00Z,FALSE
7.1_4.1,2025-05-01,6.7930625,16,2025-05-01T00:30:00Z,2025-05-01T23:30:00Z,FALSE
7.1_4.1,2025-05-02,8.0911875,16,2025-05-02T03:00:00Z,2025-05-03T00:00:00Z,FALSE
7.1_4.1,2025-05-03,8.282777777777778,9,2025-05-03T04:00:00Z,2025-05-03T23:30:00Z,FALSE
7.1_4.1,2025-05-04,14.137285714285714,7,2025-05-04T02:00:00Z,2025-05-04T21:30:00Z,FALSE
7.1_4.1,2025-05-05,19.50133333333333,6,2025-05-05T05:00:00Z,2025-05-05T23:30:00Z,FALSE
7.1_4.1,2025-05-06,8.892214285714285,14,2025-05-06T02:00:00Z,2025-05-07T00:00:00Z,FALSE
7.1_4.1,2025-05-07,7.447315789473684,19,2025-05-07T00:30:00Z,2025-05-07T23:30:00Z,FALSE
7.1_4.1,2025-05-08,6.638727272727273,11,2025-05-08T06:00:00Z,2025-05-09T00:00:00Z,FALSE
7.1_4.1,2025-05-09,3.516583333333333,12,2025-05-09T01:30:00Z,2025-05-09T23:30:00Z,FALSE
7.1_4.1,2025-05-10,3.5214666666666665,15,2025-05-10T01:30:00Z,2025-05-10T23:30:00Z,FALSE
7.1_4.1,2025-05-11,3.195642857142857,14,2025-05-11T01:00:00Z,2025-05-11T23:00:00Z,FALSE
7.1_4.1,2025-05-12,5.583818181818182,22,2025-05-12T02:00:00Z,2025-05-13T00:00:00Z,FALSE
7.1_4.1,2025-05-13,8.726592592592592,27,2025-05-13T01:00:00Z,2025-05-13T23:00:00Z,FALSE
7.1_4.1,2025-05-14,2.8162916666666664,24,2025-05-14T00:30:00Z,2025-05-15T00:00:00Z,FALSE
7.1_4.1,2025-05-15,9.741807692307692,26,2025-05-15T00:30:00Z,2025-05-15T23:30:00Z,FALSE
7.1_4.1,2025-05-16,7.059076923076923,26,2025-05-16T00:30:00Z,2025-05-16T23:30:00Z,FALSE
7.1_4.1,2025-05-17,3.1984375,16,2025-05-17T01:00:00Z,2025-05-18T00:00:00Z,FALSE
7.1_4.1,2025-05-18,5.922055555555555,18,2025-05-18T01:00:00Z,2025-05-19T00:00:00Z,FALSE
7.1_4.1,2025-05-19,6.761952380952381,21,2025-05-19T00:30:00Z,2025-05-19T22:30:00Z,FALSE
7.1_4.1,2025-05-20,5.000171428571429,35,2025-05-20T01:30:00Z,2025-05-21T00:00:00Z,FALSE
7.1_4.1,2025-05-21,20.835875,16,2025-05-21T00:30:00Z,2025-05-21T22:30:00Z,FALSE
7.1_4.1,2025-05-22,9.761896551724139,29,2025-05-22T03:00:00Z,2025-05-23T00:00:00Z,FALSE
7.1_4.1,2025-05-23,2.2445,44,2025-05-23T00:30:00Z,2025-05-24T00:00:00Z,TRUE
7.1_4.1,2025-05-24,1.7662666666666667,15,2025-05-24T00:30:00Z,2025-05-25T00:00:00Z,FALSE
7.1_4.1,2025-05-25,6.897363636363637,22,2025-05-25T02:30:00Z,2025-05-25T22:00:00Z,FALSE
7.1_4.1,2025-05-26,7.2855,22,2025-05-26T00:30:00Z,2025-05-26T23:00:00Z,FALSE
7.1_4.1,2025-05-27,4.723933333333333,15,2025-05-27T01:00:00Z,2025-05-27T20:00:00Z,FALSE
7.1_4.1,2025-05-28,3.2774615384615386,26,2025-05-28T02:30:00Z,2025-05-29T00:00:00Z,FALSE
7.1_4.1,2025-05-29,15.895071428571429,14,2025-05-29T01:00:00Z,2025-05-29T21:00:00Z,FALSE
7.1_4.1,2025-05-30,9.294782608695652,23,2025-05-30T01:00:00Z,2025-05-30T22:30:00Z,FALSE
7.1_4.1,2025-05-31,7.822636363636364,11,2025-05-31T00:30:00Z,2025-05-31T20:00:00Z,FALSE
7.1_4.1,2025-06-01,3.809964285714286,28,2025-06-01T00:30:00Z,2025-06-02T00:00:00Z,FALSE
7.1_4.1,2025-06-02,5.470073170731707,41,2025-06-02T00:30:00Z,2025-06-02T23:30:00Z,TRUE
7.1_4.1,2025-06-03,8.95741935483871,31,2025-06-03T00:30:00Z,2025-06-04T00:00:00Z,FALSE
7.1_4.1,2025-06-04,24.253040000000002,25,2025-06-04T00:30:00Z,2025-06-04T23:00:00Z,FALSE
7.1_4.1,2025-06-05,26.12558620689655,29,2025-06-05T00:30:00Z,2025-06-06T00:00:00Z,FALSE
7.1_4.1,2025-06-06,37.284390243902436,41,2025-06-06T00:30:00Z,2025-06-07T00:00:00Z,TRUE
7.1_4.1,2025-06-07,36.9549375,16,2025-06-07T04:30:00Z,2025-06-08T00:00:00Z,FALSE
7.1_4.1,2025-06-08,39.272666666666666,33,2025-06-08T00:30:00Z,2025-06-08T21:30:00Z,FALSE
7.1_4.1,2025-06-09,18.094125000000002,16,2025-06-09T00:30:00Z,2025-06-09T23:00:00Z,FALSE
7.1_4.1,2025-06-10,7.592375,16,2025-06-10T00:30:00Z,2025-06-10T21:30:00Z,FALSE
7.1_4.1,2025-06-11,13.96024,25,2025-06-11T00:30:00Z,2025-06-11T23:30:00Z,FALSE
7.1_4.1,2025-06-12,20.095,26,2025-06-12T01:30:00Z,2025-06-12T23:00:00Z,FALSE
7.1_4.1,2025-06-13,20.885,17,2025-06-13T01:00:00Z,2025-06-13T23:30:00Z,FALSE
7.1_4.1,2025-06-14,13.817777777777778,9,2025-06-14T00:30:00Z,2025-06-14T23:30:00Z,FALSE
7.1_4.1,2025-06-15,10.8835625,16,2025-06-15T04:30:00Z,2025-06-15T23:30:00Z,FALSE
7.1_4.1,2025-06-16,7.879333333333333,15,2025-06-16T02:00:00Z,2025-06-16T23:30:00Z,FALSE
7.1_4.1,2025-06-17,12.499892857142857,28,2025-06-17T00:30:00Z,2025-06-17T23:30:00Z,FALSE
7.1_4.1,2025-06-18,8.49390909090909,33,2025-06-18T01:30:00Z,2025-06-18T23:30:00Z,FALSE
7.1_4.1,2025-06-19,10.063888888888888,9,2025-06-19T01:00:00Z,2025-06-19T19:30:00Z,FALSE
7.1_4.1,2025-06-20,6.5532,15,2025-06-20T00:30:00Z,2025-06-20T22:00:00Z,FALSE
7.1_4.1,2025-06-21,12.844384615384616,26,2025-06-21T00:30:00Z,2025-06-22T00:00:00Z,FALSE
7.1_4.1,2025-06-22,7.950259259259259,27,2025-06-22T02:00:00Z,2025-06-22T23:00:00Z,FALSE
7.1_4.1,2025-06-23,7.558,19,2025-06-23T01:00:00Z,2025-06-23T23:00:00Z,FALSE
7.1_4.1,2025-06-24,7.868318181818181,22,2025-06-24T01:00:00Z,2025-06-24T23:30:00Z,FALSE
7.1_4.1,2025-06-25,10.576857142857143,28,2025-06-25T00:30:00Z,2025-06-26T00:00:00Z,FALSE
7.1_4.1,2025-06-26,9.67652,25,2025-06-26T00:30:00Z,2025-06-27T00:00:00Z,FALSE
7.1_4.1,2025-06-27,9.969869565217392,23,2025-06-27T00:30:00Z,2025-06-27T23:30:00Z,FALSE
7.1_4.1,2025-06-28,10.468863636363636,22,2025-06-28T01:00:00Z,2025-06-29T00:00:00Z,FALSE
7.1_4.1,2025-06-29,5.412272727272727,22,2025-06-29T00:30:00Z,2025-06-29T22:30:00Z,FALSE
7.1_4.1,2025-06-30,9.703913043478261,23,2025-06-30T00:30:00Z,2025-07-01T00:00:00Z,FALSE
7.1_4.1,2025-07-01,6.022227272727273,22,2025-07-01T01:00:00Z,2025-07-01T22:30:00Z,FALSE
7.1_4.1,2025-07-02,6.0975294117647065,17,2025-07-02T01:00:00Z,2025-07-02T22:30:00Z,FALSE
7.1_4.1,2025-07-03,17.21609090909091,22,2025-07-03T00:30:00Z,2025-07-03T23:30:00Z,FALSE
7.1_4.1,2025-07-04,16.14104761904762,21,2025-07-04T00:30:00Z,2025-07-05T00:00:00Z,FALSE
7.1_4.1,2025-07-05,20.909916666666668,24,2025-07-05T00:30:00Z,2025-07-06T00:00:00Z,FALSE
7.1_4.1,2025-07-06,9.871758620689656,29,2025-07-06T00:30:00Z,2025-07-07T00:00:00Z,FALSE
7.1_4.1,2025-07-07,10.361666666666666,24,2025-07-07T00:30:00Z,2025-07-08T00:00:00Z,FALSE
7.1_4.1,2025-07-08,14.006105263157895,19,2025-07-08T03:00:00Z,2025-07-09T00:00:00Z,FALSE
7.1_4.1,2025-07-09,21.253125,8,2025-07-09T02:30:00Z,2025-07-09T21:30:00Z,FALSE
7.1_4.1,2025-07-10,19.590692307692308,13,2025-07-10T00:30:00Z,2025-07-11T00:00:00Z,FALSE
7.1_4.1,2025-07-11,12.085083333333333,12,2025-07-11T01:00:00Z,2025-07-12T00:00:00Z,FALSE
7.1_4.1,2025-07-12,8.410875,16,2025-07-12T02:00:00Z,2025-07-12T23:00:00Z,FALSE
7.1_4.1,2025-07-13,5.072090909090909,11,2025-07-13T04:00:00Z,2025-07-13T22:30:00Z,FALSE
7.1_4.1,2025-07-14,22.969470588235293,17,2025-07-14T01:30:00Z,2025-07-15T00:00:00Z,FALSE
7.1_4.1,2025-07-15,37.02972727272727,11,2025-07-15T02:30:00Z,2025-07-16T00:00:00Z,FALSE
7.1_4.1,2025-07-16,34.12052941176471,17,2025-07-16T00:30:00Z,2025-07-16T23:30:00Z,FALSE
7.1_4.1,2025-07-17,14.899461538461539,13,2025-07-17T02:30:00Z,2025-07-18T00:00:00Z,FALSE
7.1_4.1,2025-07-18,2.8920909090909093,11,2025-07-18T00:30:00Z,2025-07-19T00:00:00Z,FALSE
7.1_4.1,2025-07-19,3.2043125,16,2025-07-19T03:00:00Z,2025-07-19T23:30:00Z,FALSE
7.1_4.1,2025-07-20,6.029809523809524,21,2025-07-20T02:00:00Z,2025-07-21T00:00:00Z,FALSE
7.1_4.1,2025-07-21,18.1546,10,2025-07-21T00:30:00Z,2025-07-21T20:00:00Z,FALSE
7.1_4.1,2025-07-22,5.999868421052632,38,2025-07-22T00:30:00Z,2025-07-23T00:00:00Z,TRUE
7.1_4.1,2025-07-23,5.077545454545454,11,2025-07-23T04:30:00Z,2025-07-23T23:30:00Z,FALSE
7.1_4.1,2025-07-24,13.236521739130435,23,2025-07-24T02:30:00Z,2025-07-25T00:00:00Z,FALSE
7.1_4.1,2025-07-25,10.297,1,2025-07-25T01:00:00Z,2025-07-25T01:00:00Z,FALSE
7.1_4.1,2025-08-05,10.898666666666667,9,2025-08-05T19:00:00Z,2025-08-05T23:30:00Z,FALSE
7.1_4.1,2025-08-06,23.98871111111111,45,2025-08-06T00:30:00Z,2025-08-06T23:30:00Z,TRUE
7.1_4.1,2025-08-07,15.248333333333333,6,2025-08-07T15:30:00Z,2025-08-07T23:00:00Z,FALSE
7.1_4.1,2025-08-08,18.152250000000002,4,2025-08-08T07:00:00Z,2025-08-08T17:00:00Z,FALSE
7.1_4.1,2025-08-09,26.728,4,2025-08-09T11:00:00Z,2025-08-09T22:30:00Z,FALSE
7.1_4.1,2025-08-10,27.752,7,2025-08-10T04:00:00Z,2025-08-10T19:00:00Z,FALSE
7.1_4.1,2025-08-11,18.68929411764706,17,2025-08-11T02:00:00Z,2025-08-11T23:30:00Z,FALSE
7.1_4.1,2025-08-12,16.994333333333334,18,2025-08-12T00:30:00Z,2025-08-12T19:30:00Z,FALSE
7.1_4.1,2025-08-13,12.029714285714286,7,2025-08-13T02:30:00Z,2025-08-13T23:00:00Z,FALSE
7.1_4.1,2025-08-14,12.11725,4,2025-08-14T00:30:00Z,2025-08-14T22:30:00Z,FALSE
7.1_4.1,2025-08-15,26.77075,4,2025-08-15T06:30:00Z,2025-08-15T21:00:00Z,FALSE
7.1_4.1,2025-08-16,17.5378,10,2025-08-16T02:00:00Z,2025-08-17T00:00:00Z,FALSE
7.1_4.1,2025-08-17,13.916181818181817,11,2025-08-17T00:30:00Z,2025-08-17T20:00:00Z,FALSE
7.1_4.1,2025-08-18,2.96425,16,2025-08-18T03:30:00Z,2025-08-18T23:30:00Z,FALSE
7.1_4.1,2025-08-19,15.082142857142859,7,2025-08-19T00:30:00Z,2025-08-20T00:00:00Z,FALSE
7.1_4.1,2025-08-20,54.87228571428572,7,2025-08-20T00:30:00Z,2025-08-20T21:30:00Z,FALSE
7.1_4.1,2025-08-21,4.075571428571428,7,2025-08-21T01:00:00Z,2025-08-21T22:30:00Z,FALSE
7.1_4.1,2025-08-22,2.027,6,2025-08-22T03:00:00Z,2025-08-22T20:00:00Z,FALSE
7.1_4.1,2025-08-23,3.4269999999999996,2,2025-08-23T14:30:00Z,2025-08-23T20:30:00Z,FALSE
7.1_4.1,2025-08-24,4.4557142857142855,7,2025-08-24T04:30:00Z,2025-08-24T23:00:00Z,FALSE
7.1_4.1,2025-08-25,2.2462,5,2025-08-25T02:30:00Z,2025-08-25T16:30:00Z,FALSE
7.1_4.1,2025-08-26,4.2627,10,2025-08-26T01:00:00Z,2025-08-26T19:00:00Z,FALSE
7.1_4.1,2025-08-27,9.504,8,2025-08-27T02:00:00Z,2025-08-27T16:30:00Z,FALSE
7.1_4.1,2025-08-28,4.158357142857143,14,2025-08-28T01:00:00Z,2025-08-28T23:30:00Z,FALSE
7.1_4.1,2025-08-29,4.2356428571428575,14,2025-08-29T01:30:00Z,2025-08-29T18:30:00Z,FALSE
7.1_4.1,2025-08-30,2.9271666666666665,12,2025-08-30T01:30:00Z,2025-08-30T23:00:00Z,FALSE
7.1_4.1,2025-08-31,7.341333333333333,12,2025-08-31T00:30:00Z,2025-08-31T23:00:00Z,FALSE
7.1_4.1,2025-09-01,9.4975,8,2025-09-01T02:30:00Z,2025-09-01T22:30:00Z,FALSE
7.1_4.1,2025-09-02,7.020533333333334,15,2025-09-02T01:30:00Z,2025-09-02T22:30:00Z,FALSE
7.1_4.1,2025-09-03,5.251,13,2025-09-03T01:30:00Z,2025-09-03T23:00:00Z,FALSE
7.1_4.1,2025-09-04,7.764461538461538,13,2025-09-04T00:30:00Z,2025-09-04T19:00:00Z,FALSE
7.1_4.1,2025-09-05,21.643571428571427,14,2025-09-05T02:30:00Z,2025-09-05T22:30:00Z,FALSE
7.1_4.1,2025-09-06,4.8252,15,2025-09-06T02:00:00Z,2025-09-06T23:30:00Z,FALSE
7.1_4.1,2025-09-07,3.169705882352941,17,2025-09-07T00:30:00Z,2025-09-07T23:00:00Z,FALSE
7.1_4.1,2025-09-08,5.06248,25,2025-09-08T01:30:00Z,2025-09-09T00:00:00Z,FALSE
7.1_4.1,2025-09-09,6.5465,16,2025-09-09T00:30:00Z,2025-09-09T23:30:00Z,FALSE
7.1_4.1,2025-09-10,5.663818181818182,11,2025-09-10T00:30:00Z,2025-09-10T22:30:00Z,FALSE
7.1_4.1,2025-09-11,10.0347,10,2025-09-11T06:30:00Z,2025-09-11T23:00:00Z,FALSE
7.1_4.1,2025-09-12,11.622,11,2025-09-12T01:30:00Z,2025-09-12T23:00:00Z,FALSE
7.1_4.1,2025-09-13,9.3423,10,2025-09-13T01:30:00Z,2025-09-13T23:30:00Z,FALSE
7.1_4.1,2025-09-14,8.2085,10,2025-09-14T14:30:00Z,2025-09-14T23:30:00Z,FALSE
7.1_4.1,2025-09-15,11.463785714285715,14,2025-09-15T03:00:00Z,2025-09-15T21:30:00Z,FALSE
7.1_4.1,2025-09-16,12.616888888888889,9,2025-09-16T01:30:00Z,2025-09-16T22:30:00Z,FALSE
7.1_4.1,2025-09-17,10.937833333333334,12,2025-09-17T01:00:00Z,2025-09-17T23:00:00Z,FALSE
7.1_4.1,2025-09-18,12.710666666666667,15,2025-09-18T07:30:00Z,2025-09-18T22:30:00Z,FALSE
7.1_4.1,2025-09-19,13.795275862068966,29,2025-09-19T02:30:00Z,2025-09-20T00:00:00Z,FALSE
7.1_4.1,2025-09-20,4.4239999999999995,13,2025-09-20T02:30:00Z,2025-09-20T23:30:00Z,FALSE
7.1_4.1,2025-09-21,12.623357142857142,14,2025-09-21T00:30:00Z,2025-09-21T22:00:00Z,FALSE
7.1_4.1,2025-09-22,17.93942857142857,7,2025-09-22T07:00:00Z,2025-09-22T19:00:00Z,FALSE
7.1_4.1,2025-09-23,6.9956,10,2025-09-23T01:00:00Z,2025-09-23T22:30:00Z,FALSE
7.1_4.1,2025-09-24,10.45,5,2025-09-24T00:30:00Z,2025-09-24T13:30:00Z,FALSE
7.1_4.1,2025-09-25,10.332,9,2025-09-25T15:00:00Z,2025-09-25T23:00:00Z,FALSE
7.1_4.1,2025-09-26,10.073777777777778,9,2025-09-26T05:00:00Z,2025-09-26T23:30:00Z,FALSE
7.1_4.1,2025-09-27,7.220230769230769,13,2025-09-27T00:30:00Z,2025-09-27T23:00:00Z,FALSE
7.1_4.1,2025-09-28,10.462071428571429,14,2025-09-28T01:00:00Z,2025-09-28T23:00:00Z,FALSE
7.1_4.1,2025-09-29,8.842611111111111,18,2025-09-29T01:30:00Z,2025-09-29T23:30:00Z,FALSE
7.1_4.1,2025-09-30,7.242333333333334,15,2025-09-30T03:30:00Z,2025-09-30T23:30:00Z,FALSE
7.1_4.1,2025-10-01,2.781142857142857,14,2025-10-01T01:00:00Z,2025-10-01T23:30:00Z,FALSE
7.1_4.1,2025-10-02,7.149533333333333,15,2025-10-02T00:30:00Z,2025-10-03T00:00:00Z,FALSE
7.1_4.1,2025-10-03,9.701,16,2025-10-03T01:00:00Z,2025-10-03T23:00:00Z,FALSE
7.1_4.1,2025-10-04,12.6445,14,2025-10-04T03:00:00Z,2025-10-04T23:30:00Z,FALSE
7.1_4.1,2025-10-05,15.31295,20,2025-10-05T00:30:00Z,2025-10-06T00:00:00Z,FALSE
7.1_4.1,2025-10-06,6.194529411764706,17,2025-10-06T01:00:00Z,2025-10-07T00:00:00Z,FALSE
7.1_4.1,2025-10-07,8.483538461538462,13,2025-10-07T00:30:00Z,2025-10-07T23:00:00Z,FALSE
7.1_4.1,2025-10-08,1.8692631578947367,19,2025-10-08T06:00:00Z,2025-10-09T00:00:00Z,FALSE
7.1_4.1,2025-10-09,1.7233571428571428,14,2025-10-09T02:00:00Z,2025-10-10T00:00:00Z,FALSE
7.1_4.1,2025-10-10,6.7158750000000005,16,2025-10-10T01:00:00Z,2025-10-10T23:30:00Z,FALSE
7.1_4.1,2025-10-11,2.679736842105263,19,2025-10-11T00:30:00Z,2025-10-12T00:00:00Z,FALSE
7.1_4.1,2025-10-12,6.463181818181818,11,2025-10-12T02:00:00Z,2025-10-12T23:00:00Z,FALSE
7.1_4.1,2025-10-13,4.212722222222222,18,2025-10-13T00:30:00Z,2025-10-13T23:00:00Z,FALSE
7.1_4.1,2025-10-14,2.9856842105263155,19,2025-10-14T00:30:00Z,2025-10-14T23:30:00Z,FALSE
7.1_4.1,2025-10-15,2.2250384615384617,26,2025-10-15T01:00:00Z,2025-10-16T00:00:00Z,FALSE
7.1_4.1,2025-10-16,1.4555185185185184,27,2025-10-16T01:30:00Z,2025-10-16T23:30:00Z,FALSE
7.1_4.1,2025-10-17,5.649,15,2025-10-17T02:00:00Z,2025-10-17T22:30:00Z,FALSE
7.1_4.1,2025-10-18,8.247416666666666,12,2025-10-18T02:30:00Z,2025-10-18T21:30:00Z,FALSE
7.1_4.1,2025-10-19,15.746583333333334,12,2025-10-19T01:00:00Z,2025-10-19T19:30:00Z,FALSE
7.1_4.1,2025-10-20,2.5314666666666663,15,2025-10-20T01:30:00Z,2025-10-20T22:30:00Z,FALSE
7.1_4.1,2025-10-21,4.44125,12,2025-10-21T04:30:00Z,2025-10-21T22:00:00Z,FALSE
7.1_4.1,2025-10-22,2.5650714285714287,14,2025-10-22T01:00:00Z,2025-10-22T22:00:00Z,FALSE
7.1_4.1,2025-10-23,2.761,7,2025-10-23T08:00:00Z,2025-10-23T22:30:00Z,FALSE
7.1_4.1,2025-10-24,6.962444444444444,9,2025-10-24T02:30:00Z,2025-10-25T00:00:00Z,FALSE
7.1_4.1,2025-10-25,5.439375,16,2025-10-25T03:30:00Z,2025-10-25T23:30:00Z,FALSE
7.1_4.1,2025-10-26,4.670071428571428,14,2025-10-26T01:00:00Z,2025-10-27T00:00:00Z,FALSE
7.1_4.1,2025-10-27,4.000357142857143,14,2025-10-27T01:00:00Z,2025-10-28T00:00:00Z,FALSE
7.1_4.1,2025-10-28,2.27675,12,2025-10-28T01:00:00Z,2025-10-28T22:30:00Z,FALSE
7.1_4.1,2025-10-29,2.134909090909091,11,2025-10-29T10:30:00Z,2025-10-29T23:30:00Z,FALSE
7.1_4.1,2025-10-30,3.4677368421052632,19,2025-10-30T01:00:00Z,2025-10-30T22:00:00Z,FALSE
7.1_4.1,2025-10-31,2.2676315789473684,19,2025-10-31T02:00:00Z,2025-11-01T00:00:00Z,FALSE
7.1_4.1,2025-11-01,9.20055,20,2025-11-01T00:30:00Z,2025-11-01T21:00:00Z,FALSE
7.1_4.1,2025-11-02,18.41572222222222,18,2025-11-02T01:00:00Z,2025-11-03T00:00:00Z,FALSE
7.1_4.1,2025-11-03,14.221314285714287,35,2025-11-03T01:00:00Z,2025-11-04T00:00:00Z,FALSE
7.1_4.1,2025-11-04,2.557771428571429,35,2025-11-04T00:30:00Z,2025-11-05T00:00:00Z,FALSE
7.1_4.1,2025-11-05,5.852473684210526,19,2025-11-05T00:30:00Z,2025-11-05T23:30:00Z,FALSE
7.1_4.1,2025-11-06,2.5142380952380954,21,2025-11-06T02:00:00Z,2025-11-06T22:30:00Z,FALSE
7.1_4.1,2025-11-07,10.561111111111112,18,2025-11-07T01:30:00Z,2025-11-07T23:30:00Z,FALSE
7.1_4.1,2025-11-08,13.79255,20,2025-11-08T00:30:00Z,2025-11-08T23:00:00Z,FALSE
7.1_4.1,2025-11-09,10.250875,16,2025-11-09T00:30:00Z,2025-11-09T23:30:00Z,FALSE
7.1_4.1,2025-11-10,1.5728666666666666,15,2025-11-10T03:30:00Z,2025-11-10T23:30:00Z,FALSE
7.1_4.1,2025-11-11,5.838857142857143,14,2025-11-11T01:30:00Z,2025-11-11T23:30:00Z,FALSE
7.1_4.1,2025-11-12,3.29975,16,2025-11-12T01:30:00Z,2025-11-12T21:30:00Z,FALSE
7.1_4.1,2025-11-13,3.833153846153846,13,2025-11-13T00:30:00Z,2025-11-13T20:30:00Z,FALSE
7.1_4.1,2025-11-14,9.851857142857144,14,2025-11-14T00:30:00Z,2025-11-14T23:30:00Z,FALSE
7.1_4.1,2025-11-15,17.46333333333333,18,2025-11-15T00:30:00Z,2025-11-15T21:30:00Z,FALSE
7.1_4.1,2025-11-16,2.282642857142857,14,2025-11-16T03:30:00Z,2025-11-17T00:00:00Z,FALSE
7.1_4.1,2025-11-17,0.9934545454545455,22,2025-11-17T01:00:00Z,2025-11-17T22:30:00Z,FALSE
7.1_4.1,2025-11-18,10.865611111111111,18,2025-11-18T00:30:00Z,2025-11-18T23:30:00Z,FALSE
7.1_4.1,2025-11-19,17.078333333333333,15,2025-11-19T03:00:00Z,2025-11-20T00:00:00Z,FALSE
7.1_4.1,2025-11-20,32.80795833333333,24,2025-11-20T01:00:00Z,2025-11-21T00:00:00Z,FALSE
7.1_4.1,2025-11-21,25.321416666666668,12,2025-11-21T02:30:00Z,2025-11-21T23:30:00Z,FALSE
7.1_4.1,2025-11-22,16.879428571428573,21,2025-11-22T01:00:00Z,2025-11-22T23:30:00Z,FALSE
7.1_4.1,2025-11-23,13.210481481481482,27,2025-11-23T01:00:00Z,2025-11-24T00:00:00Z,FALSE
7.1_4.1,2025-11-24,9.87175,20,2025-11-24T00:30:00Z,2025-11-24T22:00:00Z,FALSE
7.1_4.1,2025-11-25,12.52615,20,2025-11-25T00:30:00Z,2025-11-25T23:30:00Z,FALSE
7.1_4.1,2025-11-26,31.371333333333332,6,2025-11-26T01:30:00Z,2025-11-27T00:00:00Z,FALSE
7.1_4.1,2025-11-27,3.2226666666666666,12,2025-11-27T00:30:00Z,2025-11-27T23:30:00Z,FALSE
7.1_4.1,2025-11-28,2.996090909090909,11,2025-11-28T00:30:00Z,2025-11-28T23:00:00Z,FALSE
7.1_4.1,2025-11-29,4.133166666666667,12,2025-11-29T02:00:00Z,2025-11-29T23:30:00Z,FALSE
7.1_4.1,2025-11-30,8.808272727272728,11,2025-11-30T01:00:00Z,2025-12-01T00:00:00Z,FALSE
7.1_4.1,2025-12-01,8.8505,6,2025-12-01T01:00:00Z,2025-12-01T18:00:00Z,FALSE
7.1_4.1,2025-12-02,16.115866666666665,15,2025-12-02T00:30:00Z,2025-12-03T00:00:00Z,FALSE
7.1_4.1,2025-12-03,19.58625,16,2025-12-03T00:30:00Z,2025-12-03T21:30:00Z,FALSE
7.1_4.1,2025-12-04,16.968363636363637,11,2025-12-04T01:00:00Z,2025-12-05T00:00:00Z,FALSE
7.1_4.1,2025-12-05,7.92276923076923,26,2025-12-05T01:30:00Z,2025-12-06T00:00:00Z,FALSE
7.1_4.1,2025-12-06,22.75711111111111,9,2025-12-06T02:00:00Z,2025-12-06T23:30:00Z,FALSE
7.1_4.1,2025-12-07,27.633846153846154,13,2025-12-07T03:30:00Z,2025-12-07T22:00:00Z,FALSE
7.1_4.1,2025-12-08,1.9999444444444443,18,2025-12-08T02:00:00Z,2025-12-09T00:00:00Z,FALSE
7.1_4.1,2025-12-09,8.060176470588235,17,2025-12-09T04:00:00Z,2025-12-09T22:00:00Z,FALSE
7.1_4.1,2025-12-10,10.682,2,2025-12-10T10:00:00Z,2025-12-10T12:00:00Z,FALSE
7.1_4.1,2025-12-11,1.6956666666666667,18,2025-12-11T00:30:00Z,2025-12-11T22:00:00Z,FALSE
7.1_4.1,2025-12-12,7.080636363636364,11,2025-12-12T06:00:00Z,2025-12-12T21:00:00Z,FALSE
7.1_4.1,2025-12-13,17.4489375,16,2025-12-13T01:00:00Z,2025-12-13T23:30:00Z,FALSE
7.1_4.1,2025-12-14,4.466352941176471,17,2025-12-14T01:00:00Z,2025-12-14T22:00:00Z,FALSE
7.1_4.1,2025-12-15,7.391826086956522,23,2025-12-15T00:30:00Z,2025-12-15T23:30:00Z,FALSE
7.1_4.1,2025-12-16,8.14246153846154,13,2025-12-16T02:00:00Z,2025-12-16T17:30:00Z,FALSE
7.1_4.1,2025-12-17,13.888157894736842,19,2025-12-17T00:30:00Z,2025-12-18T00:00:00Z,FALSE
7.1_4.1,2025-12-18,16.728444444444445,9,2025-12-18T01:00:00Z,2025-12-18T21:30:00Z,FALSE
7.1_4.1,2025-12-19,7.336909090909091,11,2025-12-19T05:00:00Z,2025-12-20T00:00:00Z,FALSE
7.1_4.1,2025-12-20,9.106454545454545,22,2025-12-20T02:30:00Z,2025-12-21T00:00:00Z,FALSE
7.1_4.1,2025-12-21,4.39025,12,2025-12-21T02:00:00Z,2025-12-21T22:30:00Z,FALSE
7.1_4.1,2025-12-22,11.88735,20,2025-12-22T01:00:00Z,2025-12-23T00:00:00Z,FALSE
7.1_4.1,2025-12-23,29.285368421052627,19,2025-12-23T01:30:00Z,2025-12-23T19:30:00Z,FALSE
7.1_4.1,2025-12-24,21.407416666666666,24,2025-12-24T01:00:00Z,2025-12-24T23:00:00Z,FALSE
7.1_4.1,2025-12-25,24.832105263157896,19,2025-12-25T01:00:00Z,2025-12-25T23:30:00Z,FALSE
7.1_4.1,2025-12-26,12.542777777777777,9,2025-12-26T00:30:00Z,2025-12-26T20:30:00Z,FALSE
7.1_4.1,2025-12-27,11.342133333333333,15,2025-12-27T01:00:00Z,2025-12-27T23:00:00Z,FALSE
7.1_4.1,2025-12-28,83.16014285714286,7,2025-12-28T01:00:00Z,2025-12-29T00:00:00Z,FALSE
7.1_4.1,2025-12-29,8.0190625,16,2025-12-29T00:30:00Z,2025-12-29T23:30:00Z,FALSE
7.1_4.1,2025-12-30,3.4456818181818183,22,2025-12-30T03:00:00Z,2025-12-30T23:00:00Z,FALSE
7.1_4.1,2025-12-31,11.985588235294117,17,2025-12-31T01:00:00Z,2025-12-31T23:00:00Z,FALSE
7.2,2025-10-03,5.434055555555555,18,2025-10-03T15:30:00Z,2025-10-04T00:00:00Z,FALSE
7.2,2025-10-04,11.235090909090909,44,2025-10-04T00:30:00Z,2025-10-05T00:00:00Z,TRUE
7.2,2025-10-05,9.79536170212766,47,2025-10-05T00:30:00Z,2025-10-06T00:00:00Z,TRUE
7.2,2025-10-06,4.5018,45,2025-10-06T00:30:00Z,2025-10-07T00:00:00Z,TRUE
7.2,2025-10-07,11.684860465116278,43,2025-10-07T00:30:00Z,2025-10-08T00:00:00Z,TRUE
7.2,2025-10-08,1.8080217391304347,46,2025-10-08T00:30:00Z,2025-10-09T00:00:00Z,TRUE
7.2,2025-10-09,1.482,47,2025-10-09T00:30:00Z,2025-10-10T00:00:00Z,TRUE
7.2,2025-10-10,2.526977272727273,44,2025-10-10T00:30:00Z,2025-10-11T00:00:00Z,TRUE
7.2,2025-10-11,2.643851063829787,47,2025-10-11T00:30:00Z,2025-10-12T00:00:00Z,TRUE
7.2,2025-10-12,7.811311111111111,45,2025-10-12T00:30:00Z,2025-10-13T00:00:00Z,TRUE
7.2,2025-10-13,3.5911111111111107,45,2025-10-13T00:30:00Z,2025-10-14T00:00:00Z,TRUE
7.2,2025-10-14,4.474119047619047,42,2025-10-14T00:30:00Z,2025-10-15T00:00:00Z,TRUE
7.2,2025-10-15,2.1975000000000002,46,2025-10-15T00:30:00Z,2025-10-16T00:00:00Z,TRUE
7.2,2025-10-16,1.8232340425531914,47,2025-10-16T00:30:00Z,2025-10-17T00:00:00Z,TRUE
7.2,2025-10-17,3.2600714285714285,42,2025-10-17T00:30:00Z,2025-10-18T00:00:00Z,TRUE
7.2,2025-10-18,5.116488888888889,45,2025-10-18T00:30:00Z,2025-10-19T00:00:00Z,TRUE
7.2,2025-10-19,9.40940425531915,47,2025-10-19T00:30:00Z,2025-10-20T00:00:00Z,TRUE
7.2,2025-10-20,7.461062499999999,32,2025-10-20T00:30:00Z,2025-10-21T00:00:00Z,FALSE
7.2,2025-10-21,3.3124,45,2025-10-21T01:00:00Z,2025-10-22T00:00:00Z,TRUE
7.2,2025-10-22,3.3413846153846154,39,2025-10-22T00:30:00Z,2025-10-23T00:00:00Z,TRUE
7.2,2025-10-23,3.2154444444444445,36,2025-10-23T00:30:00Z,2025-10-24T00:00:00Z,TRUE
7.2,2025-10-24,13.385928571428572,28,2025-10-24T00:30:00Z,2025-10-25T00:00:00Z,FALSE
7.2,2025-10-25,19.133535714285713,28,2025-10-25T00:30:00Z,2025-10-26T00:00:00Z,FALSE
7.2,2025-10-26,2.2051666666666665,18,2025-10-26T14:30:00Z,2025-10-27T00:00:00Z,FALSE
7.2,2025-10-27,2.4991923076923075,26,2025-10-27T00:30:00Z,2025-10-27T15:00:00Z,FALSE
7.2,2025-11-03,3.579214285714286,14,2025-11-03T17:00:00Z,2025-11-04T00:00:00Z,FALSE
7.2,2025-11-04,2.631225,40,2025-11-04T00:30:00Z,2025-11-05T00:00:00Z,TRUE
7.2,2025-11-05,5.0730249999999995,40,2025-11-05T00:30:00Z,2025-11-06T00:00:00Z,TRUE
7.2,2025-11-06,2.3144893617021274,47,2025-11-06T00:30:00Z,2025-11-07T00:00:00Z,TRUE
7.2,2025-11-07,8.857431818181817,44,2025-11-07T00:30:00Z,2025-11-08T00:00:00Z,TRUE
7.2,2025-11-08,13.004733333333332,45,2025-11-08T00:30:00Z,2025-11-09T00:00:00Z,TRUE
7.2,2025-11-09,10.198466666666667,45,2025-11-09T00:30:00Z,2025-11-10T00:00:00Z,TRUE
7.2,2025-11-10,2.4958222222222224,45,2025-11-10T00:30:00Z,2025-11-11T00:00:00Z,TRUE
7.2,2025-11-11,4.936617021276596,47,2025-11-11T00:30:00Z,2025-11-12T00:00:00Z,TRUE
7.2,2025-11-12,4.037957446808511,47,2025-11-12T00:30:00Z,2025-11-13T00:00:00Z,TRUE
7.2,2025-11-13,3.6034042553191488,47,2025-11-13T00:30:00Z,2025-11-14T00:00:00Z,TRUE
7.2,2025-11-14,9.600111111111111,45,2025-11-14T01:00:00Z,2025-11-15T00:00:00Z,TRUE
7.2,2025-11-15,14.662148936170212,47,2025-11-15T00:30:00Z,2025-11-16T00:00:00Z,TRUE
7.2,2025-11-16,3.380553191489362,47,2025-11-16T00:30:00Z,2025-11-17T00:00:00Z,TRUE
7.2,2025-11-17,1.9056666666666666,45,2025-11-17T00:30:00Z,2025-11-18T00:00:00Z,TRUE
7.2,2025-11-18,8.158659574468086,47,2025-11-18T00:30:00Z,2025-11-19T00:00:00Z,TRUE
7.2,2025-11-19,13.02204347826087,46,2025-11-19T00:30:00Z,2025-11-20T00:00:00Z,TRUE
7.2,2025-11-20,24.989021739130433,46,2025-11-20T00:30:00Z,2025-11-21T00:00:00Z,TRUE
7.2,2025-11-21,27.648466666666668,45,2025-11-21T00:30:00Z,2025-11-22T00:00:00Z,TRUE
7.2,2025-11-22,25.11991666666667,48,2025-11-22T00:30:00Z,2025-11-23T00:00:00Z,TRUE
7.2,2025-11-23,13.778770833333333,48,2025-11-23T00:30:00Z,2025-11-24T00:00:00Z,TRUE
7.2,2025-11-24,6.03468085106383,47,2025-11-24T00:30:00Z,2025-11-25T00:00:00Z,TRUE
7.2,2025-11-25,11.97204255319149,47,2025-11-25T00:30:00Z,2025-11-26T00:00:00Z,TRUE
7.2,2025-11-26,25.40011904761905,42,2025-11-26T00:30:00Z,2025-11-27T00:00:00Z,TRUE
7.2,2025-11-27,2.665729166666667,48,2025-11-27T00:30:00Z,2025-11-28T00:00:00Z,TRUE
7.2,2025-11-28,3.8439791666666667,48,2025-11-28T00:30:00Z,2025-11-29T00:00:00Z,TRUE
7.2,2025-11-29,4.0314,45,2025-11-29T00:30:00Z,2025-11-30T00:00:00Z,TRUE
7.2,2025-11-30,7.139851063829787,47,2025-11-30T00:30:00Z,2025-12-01T00:00:00Z,TRUE
7.2,2025-12-01,4.604066666666667,45,2025-12-01T00:30:00Z,2025-12-02T00:00:00Z,TRUE
7.2,2025-12-02,11.3576,35,2025-12-02T00:30:00Z,2025-12-03T00:00:00Z,FALSE
7.2,2025-12-03,17.8475,46,2025-12-03T00:30:00Z,2025-12-04T00:00:00Z,TRUE
7.2,2025-12-04,18.408021276595743,47,2025-12-04T00:30:00Z,2025-12-05T00:00:00Z,TRUE
7.2,2025-12-05,6.764708333333333,48,2025-12-05T00:30:00Z,2025-12-06T00:00:00Z,TRUE
7.2,2025-12-06,26.91548936170213,47,2025-12-06T00:30:00Z,2025-12-07T00:00:00Z,TRUE
7.2,2025-12-07,22.912937499999998,48,2025-12-07T00:30:00Z,2025-12-08T00:00:00Z,TRUE
7.2,2025-12-08,2.5649166666666665,48,2025-12-08T00:30:00Z,2025-12-09T00:00:00Z,TRUE
7.2,2025-12-09,5.271282608695652,46,2025-12-09T00:30:00Z,2025-12-10T00:00:00Z,TRUE
7.2,2025-12-10,14.064521739130434,46,2025-12-10T00:30:00Z,2025-12-11T00:00:00Z,TRUE
7.2,2025-12-11,2.4522127659574466,47,2025-12-11T00:30:00Z,2025-12-12T00:00:00Z,TRUE
7.2,2025-12-12,5.567936170212766,47,2025-12-12T00:30:00Z,2025-12-13T00:00:00Z,TRUE
7.2,2025-12-13,16.824208333333335,48,2025-12-13T00:30:00Z,2025-12-14T00:00:00Z,TRUE
7.2,2025-12-14,2.807375,48,2025-12-14T00:30:00Z,2025-12-15T00:00:00Z,TRUE
7.2,2025-12-15,6.623978723404256,47,2025-12-15T00:30:00Z,2025-12-16T00:00:00Z,TRUE
7.2,2025-12-16,7.5399361702127665,47,2025-12-16T00:30:00Z,2025-12-17T00:00:00Z,TRUE
7.2,2025-12-17,10.304020833333334,48,2025-12-17T00:30:00Z,2025-12-18T00:00:00Z,TRUE
7.2,2025-12-18,14.654782608695655,46,2025-12-18T00:30:00Z,2025-12-19T00:00:00Z,TRUE
7.2,2025-12-19,5.980162162162162,37,2025-12-19T00:30:00Z,2025-12-20T00:00:00Z,TRUE
7.2,2025-12-20,6.1879375,48,2025-12-20T00:30:00Z,2025-12-21T00:00:00Z,TRUE
7.2,2025-12-21,3.651851063829787,47,2025-12-21T00:30:00Z,2025-12-22T00:00:00Z,TRUE
7.2,2025-12-22,9.598531914893616,47,2025-12-22T00:30:00Z,2025-12-23T00:00:00Z,TRUE
7.2,2025-12-23,17.281705882352938,34,2025-12-23T00:30:00Z,2025-12-23T22:30:00Z,FALSE
7.2,2025-12-24,24.747882352941176,34,2025-12-24T00:30:00Z,2025-12-25T00:00:00Z,FALSE
7.2,2025-12-25,20.453410256410255,39,2025-12-25T00:30:00Z,2025-12-26T00:00:00Z,TRUE
7.2,2025-12-26,10.350717948717948,39,2025-12-26T00:30:00Z,2025-12-26T23:00:00Z,TRUE
7.2,2025-12-27,24.08256,25,2025-12-27T00:30:00Z,2025-12-28T00:00:00Z,FALSE
7.2,2025-12-28,51.57734375,32,2025-12-28T00:30:00Z,2025-12-29T00:00:00Z,FALSE
7.2,2025-12-29,5.134617021276596,47,2025-12-29T00:30:00Z,2025-12-30T00:00:00Z,TRUE
7.2,2025-12-30,3.553291666666667,48,2025-12-30T00:30:00Z,2025-12-31T00:00:00Z,TRUE
7.2,2025-12-31,11.312744680851063,47,2025-12-31T00:30:00Z,2025-12-31T23:30:00Z,TRUE
8.1_34.2,2024-11-01,2.9758,15,2024-11-01T03:30:00Z,2024-11-02T00:00:00Z,FALSE
8.1_34.2,2024-11-02,3.7609375,16,2024-11-02T01:00:00Z,2024-11-02T23:00:00Z,FALSE
8.1_34.2,2024-11-03,4.190888888888889,18,2024-11-03T02:30:00Z,2024-11-04T00:00:00Z,FALSE
8.1_34.2,2024-11-04,3.757885714285714,35,2024-11-04T00:30:00Z,2024-11-04T23:00:00Z,FALSE
8.1_34.2,2024-11-05,4.8055625,16,2024-11-05T01:00:00Z,2024-11-05T23:30:00Z,FALSE
8.1_34.2,2024-11-06,7.951190476190476,21,2024-11-06T00:30:00Z,2024-11-07T00:00:00Z,FALSE
8.1_34.2,2024-11-07,8.548705882352943,17,2024-11-07T00:30:00Z,2024-11-07T23:30:00Z,FALSE
8.1_34.2,2024-11-08,8.069714285714285,14,2024-11-08T03:30:00Z,2024-11-08T21:30:00Z,FALSE
8.1_34.2,2024-11-09,3.614578947368421,19,2024-11-09T02:00:00Z,2024-11-10T00:00:00Z,FALSE
8.1_34.2,2024-11-10,10.334000000000001,15,2024-11-10T01:30:00Z,2024-11-11T00:00:00Z,FALSE
8.1_34.2,2024-11-11,5.279999999999999,11,2024-11-11T00:30:00Z,2024-11-11T22:30:00Z,FALSE
8.1_34.2,2024-11-12,1.9021136363636364,44,2024-11-12T00:30:00Z,2024-11-12T23:30:00Z,TRUE
8.1_34.2,2024-11-13,2.984571428571429,14,2024-11-13T00:30:00Z,2024-11-13T20:30:00Z,FALSE
8.1_34.2,2024-11-14,3.2638181818181815,11,2024-11-14T00:30:00Z,2024-11-14T22:00:00Z,FALSE
8.1_34.2,2024-11-15,19.591555555555555,9,2024-11-15T01:00:00Z,2024-11-15T23:30:00Z,FALSE
8.1_34.2,2024-11-16,5.960818181818182,11,2024-11-16T01:00:00Z,2024-11-16T23:30:00Z,FALSE
8.1_34.2,2024-11-17,10.156117647058824,17,2024-11-17T00:30:00Z,2024-11-18T00:00:00Z,FALSE
8.1_34.2,2024-11-18,18.99623076923077,13,2024-11-18T00:30:00Z,2024-11-18T23:00:00Z,FALSE
8.1_34.2,2024-11-19,19.8923,20,2024-11-19T00:30:00Z,2024-11-20T00:00:00Z,FALSE
8.1_34.2,2024-11-20,11.164619047619048,21,2024-11-20T01:00:00Z,2024-11-20T23:30:00Z,FALSE
8.1_34.2,2024-11-21,3.898948717948718,39,2024-11-21T03:00:00Z,2024-11-22T00:00:00Z,TRUE
8.1_34.2,2024-11-22,10.574302325581396,43,2024-11-22T00:30:00Z,2024-11-23T00:00:00Z,TRUE
8.1_34.2,2024-11-23,3.9297608695652175,46,2024-11-23T00:30:00Z,2024-11-24T00:00:00Z,TRUE
8.1_34.2,2024-11-24,15.12404347826087,46,2024-11-24T00:30:00Z,2024-11-25T00:00:00Z,TRUE
8.1_34.2,2024-11-25,21.284526315789474,19,2024-11-25T00:30:00Z,2024-11-25T16:00:00Z,FALSE
8.1_34.2,2024-11-26,10.8411875,16,2024-11-26T04:00:00Z,2024-11-26T23:30:00Z,FALSE
8.1_34.2,2024-11-27,5.5772272727272725,22,2024-11-27T02:00:00Z,2024-11-28T00:00:00Z,FALSE
8.1_34.2,2024-11-28,14.6054,35,2024-11-28T01:30:00Z,2024-11-29T00:00:00Z,FALSE
8.1_34.2,2024-11-29,8.270955555555556,45,2024-11-29T00:30:00Z,2024-11-30T00:00:00Z,TRUE
8.1_34.2,2024-11-30,6.886891304347826,46,2024-11-30T00:30:00Z,2024-12-01T00:00:00Z,TRUE
8.1_34.2,2024-12-01,5.526021276595745,47,2024-12-01T00:30:00Z,2024-12-02T00:00:00Z,TRUE
8.1_34.2,2024-12-02,9.601354166666667,48,2024-12-02T00:30:00Z,2024-12-03T00:00:00Z,TRUE
8.1_34.2,2024-12-03,14.512553191489362,47,2024-12-03T00:30:00Z,2024-12-04T00:00:00Z,TRUE
8.1_34.2,2024-12-04,13.631391304347826,46,2024-12-04T00:30:00Z,2024-12-05T00:00:00Z,TRUE
8.1_34.2,2024-12-05,5.819276595744681,47,2024-12-05T00:30:00Z,2024-12-06T00:00:00Z,TRUE
8.1_34.2,2024-12-06,4.718652173913044,46,2024-12-06T00:30:00Z,2024-12-07T00:00:00Z,TRUE
8.1_34.2,2024-12-07,4.635260869565218,46,2024-12-07T00:30:00Z,2024-12-08T00:00:00Z,TRUE
8.1_34.2,2024-12-08,6.175909090909091,44,2024-12-08T00:30:00Z,2024-12-08T23:30:00Z,TRUE
8.1_34.2,2024-12-09,7.478391304347826,46,2024-12-09T00:30:00Z,2024-12-10T00:00:00Z,TRUE
8.1_34.2,2024-12-10,38.3715625,16,2024-12-10T00:30:00Z,2024-12-10T18:00:00Z,FALSE
8.1_34.2,2024-12-11,17.566733333333335,30,2024-12-11T09:00:00Z,2024-12-12T00:00:00Z,FALSE
8.1_34.2,2024-12-12,4.901086956521739,46,2024-12-12T00:30:00Z,2024-12-13T00:00:00Z,TRUE
8.1_34.2,2024-12-13,4.933326086956522,46,2024-12-13T00:30:00Z,2024-12-14T00:00:00Z,TRUE
8.1_34.2,2024-12-14,9.8478,45,2024-12-14T00:30:00Z,2024-12-15T00:00:00Z,TRUE
8.1_34.2,2024-12-15,15.278074074074075,27,2024-12-15T01:00:00Z,2024-12-15T23:30:00Z,FALSE
8.1_34.2,2024-12-16,24.050535714285715,28,2024-12-16T01:30:00Z,2024-12-17T00:00:00Z,FALSE
8.1_34.2,2024-12-17,11.933857142857143,14,2024-12-17T00:30:00Z,2024-12-18T00:00:00Z,FALSE
8.1_34.2,2024-12-18,43.765692307692305,13,2024-12-18T00:30:00Z,2024-12-18T21:30:00Z,FALSE
8.1_34.2,2024-12-19,6.638741935483871,31,2024-12-19T01:00:00Z,2024-12-20T00:00:00Z,FALSE
8.1_34.2,2024-12-20,17.46129268292683,41,2024-12-20T01:30:00Z,2024-12-21T00:00:00Z,TRUE
8.1_34.2,2024-12-21,2.9500666666666664,45,2024-12-21T00:30:00Z,2024-12-22T00:00:00Z,TRUE
8.1_34.2,2024-12-22,2.7712340425531914,47,2024-12-22T00:30:00Z,2024-12-23T00:00:00Z,TRUE
8.1_34.2,2024-12-23,6.2984,45,2024-12-23T01:00:00Z,2024-12-24T00:00:00Z,TRUE
8.1_34.2,2024-12-24,19.4224,40,2024-12-24T00:30:00Z,2024-12-25T00:00:00Z,TRUE
8.1_34.2,2024-12-25,31.2213488372093,43,2024-12-25T00:30:00Z,2024-12-25T23:30:00Z,TRUE
8.1_34.2,2024-12-26,14.594571428571427,28,2024-12-26T00:30:00Z,2024-12-27T00:00:00Z,FALSE
8.1_34.2,2024-12-27,12.358041666666667,24,2024-12-27T01:00:00Z,2024-12-27T23:30:00Z,FALSE
8.1_34.2,2024-12-28,7.867307692307692,13,2024-12-28T01:00:00Z,2024-12-29T00:00:00Z,FALSE
8.1_34.2,2024-12-29,7.53435294117647,17,2024-12-29T01:00:00Z,2024-12-29T23:00:00Z,FALSE
8.1_34.2,2024-12-30,5.534034482758621,29,2024-12-30T02:30:00Z,2024-12-31T00:00:00Z,FALSE
8.1_34.2,2024-12-31,10.03642105263158,38,2024-12-31T00:30:00Z,2025-01-01T00:00:00Z,TRUE
8.1_34.2,2025-01-01,6.377125,8,2025-01-01T00:30:00Z,2025-01-01T23:00:00Z,FALSE
8.1_34.2,2025-01-02,8.11,21,2025-01-02T00:30:00Z,2025-01-02T23:00:00Z,FALSE
8.1_34.2,2025-01-03,10.618454545454545,11,2025-01-03T00:30:00Z,2025-01-03T22:00:00Z,FALSE
8.1_34.2,2025-01-04,2.6674375,16,2025-01-04T01:00:00Z,2025-01-04T23:00:00Z,FALSE
8.1_34.2,2025-01-05,6.424529411764706,17,2025-01-05T01:30:00Z,2025-01-05T20:30:00Z,FALSE
8.1_34.2,2025-01-06,6.8898125,16,2025-01-06T01:30:00Z,2025-01-07T00:00:00Z,FALSE
8.1_34.2,2025-01-07,3.237375,8,2025-01-07T01:30:00Z,2025-01-07T13:00:00Z,FALSE
8.1_34.2,2025-01-08,1.8632,5,2025-01-08T12:30:00Z,2025-01-08T22:00:00Z,FALSE
8.1_34.2,2025-01-09,2.557375,8,2025-01-09T04:00:00Z,2025-01-10T00:00:00Z,FALSE
8.1_34.2,2025-01-10,16.441466666666667,15,2025-01-10T00:30:00Z,2025-01-10T23:00:00Z,FALSE
8.1_34.2,2025-01-11,28.654176470588236,17,2025-01-11T02:00:00Z,2025-01-12T00:00:00Z,FALSE
8.1_34.2,2025-01-12,28.819384615384614,13,2025-01-12T01:00:00Z,2025-01-12T20:00:00Z,FALSE
8.1_34.2,2025-01-13,5.398571428571429,7,2025-01-13T07:00:00Z,2025-01-14T00:00:00Z,FALSE
8.1_34.2,2025-01-14,5.34896,25,2025-01-14T00:30:00Z,2025-01-15T00:00:00Z,FALSE
8.1_34.2,2025-01-15,5.0906,20,2025-01-15T00:30:00Z,2025-01-15T23:30:00Z,FALSE
8.1_34.2,2025-01-16,17.248166666666666,12,2025-01-16T01:00:00Z,2025-01-17T00:00:00Z,FALSE
8.1_34.2,2025-01-17,34.49071428571428,14,2025-01-17T00:30:00Z,2025-01-17T23:30:00Z,FALSE
8.1_34.2,2025-01-18,6.549315789473684,19,2025-01-18T01:00:00Z,2025-01-19T00:00:00Z,FALSE
8.1_34.2,2025-01-19,3.277454545454545,11,2025-01-19T01:30:00Z,2025-01-19T23:00:00Z,FALSE
8.1_34.2,2025-01-20,3.132722222222222,18,2025-01-20T00:30:00Z,2025-01-21T00:00:00Z,FALSE
8.1_34.2,2025-01-21,4.1595625,16,2025-01-21T02:00:00Z,2025-01-21T23:30:00Z,FALSE
8.1_34.2,2025-01-22,2.1527777777777777,27,2025-01-22T01:30:00Z,2025-01-23T00:00:00Z,FALSE
8.1_34.2,2025-01-23,7.361076923076923,13,2025-01-23T01:30:00Z,2025-01-23T23:00:00Z,FALSE
8.1_34.2,2025-01-24,4.723,10,2025-01-24T02:00:00Z,2025-01-24T22:00:00Z,FALSE
8.1_34.2,2025-01-25,10.852875000000001,16,2025-01-25T02:00:00Z,2025-01-26T00:00:00Z,FALSE
8.1_34.2,2025-01-26,5.980714285714286,28,2025-01-26T01:00:00Z,2025-01-27T00:00:00Z,FALSE
8.1_34.2,2025-01-27,6.523481481481482,27,2025-01-27T00:30:00Z,2025-01-27T23:30:00Z,FALSE
8.1_34.2,2025-01-28,3.4461666666666666,6,2025-01-28T09:00:00Z,2025-01-28T22:30:00Z,FALSE
8.1_34.2,2025-01-29,4.296964285714285,28,2025-01-29T01:00:00Z,2025-01-30T00:00:00Z,FALSE
8.1_34.2,2025-01-30,5.858666666666666,30,2025-01-30T00:30:00Z,2025-01-30T20:30:00Z,FALSE
8.1_34.2,2025-01-31,14.043444444444445,9,2025-01-31T06:30:00Z,2025-01-31T18:00:00Z,FALSE
8.1_34.2,2025-02-01,7.662117647058823,17,2025-02-01T01:00:00Z,2025-02-01T23:00:00Z,FALSE
8.1_34.2,2025-02-02,3.520538461538462,13,2025-02-02T00:30:00Z,2025-02-02T19:00:00Z,FALSE
8.1_34.2,2025-02-03,45.81742105263158,19,2025-02-03T03:30:00Z,2025-02-03T23:00:00Z,FALSE
8.1_34.2,2025-02-04,11.555296296296296,27,2025-02-04T02:00:00Z,2025-02-05T00:00:00Z,FALSE
8.1_34.2,2025-02-05,1.90075,16,2025-02-05T02:00:00Z,2025-02-06T00:00:00Z,FALSE
8.1_34.2,2025-02-06,12.194058823529412,17,2025-02-06T00:30:00Z,2025-02-06T21:00:00Z,FALSE
8.1_34.2,2025-02-07,4.687428571428572,28,2025-02-07T00:30:00Z,2025-02-08T00:00:00Z,FALSE
8.1_34.2,2025-02-08,9.251564102564103,39,2025-02-08T00:30:00Z,2025-02-09T00:00:00Z,TRUE
8.1_34.2,2025-02-09,16.380714285714287,21,2025-02-09T01:00:00Z,2025-02-09T23:00:00Z,FALSE
8.1_34.2,2025-02-10,6.045555555555556,9,2025-02-10T02:30:00Z,2025-02-10T15:30:00Z,FALSE
8.1_34.2,2025-02-11,27.2,13,2025-02-11T05:00:00Z,2025-02-11T23:00:00Z,FALSE
8.1_34.2,2025-02-12,21.09318181818182,11,2025-02-12T01:30:00Z,2025-02-13T00:00:00Z,FALSE
8.1_34.2,2025-02-13,24.7148,15,2025-02-13T00:30:00Z,2025-02-13T23:00:00Z,FALSE
8.1_34.2,2025-02-14,7.980363636363636,11,2025-02-14T01:30:00Z,2025-02-14T19:30:00Z,FALSE
8.1_34.2,2025-02-15,20.9925,6,2025-02-15T02:00:00Z,2025-02-15T22:30:00Z,FALSE
8.1_34.2,2025-02-16,21.631416666666667,12,2025-02-16T01:00:00Z,2025-02-17T00:00:00Z,FALSE
8.1_34.2,2025-02-17,4.4608888888888885,36,2025-02-17T00:30:00Z,2025-02-18T00:00:00Z,TRUE
8.1_34.2,2025-02-18,4.003444444444445,18,2025-02-18T00:30:00Z,2025-02-18T20:30:00Z,FALSE
8.1_34.2,2025-02-19,4.0801,20,2025-02-19T01:00:00Z,2025-02-19T23:00:00Z,FALSE
8.1_34.2,2025-02-20,5.1066,25,2025-02-20T00:30:00Z,2025-02-20T23:00:00Z,FALSE
8.1_34.2,2025-02-21,3.366277777777778,36,2025-02-21T02:00:00Z,2025-02-22T00:00:00Z,TRUE
8.1_34.2,2025-02-22,12.04226923076923,26,2025-02-22T00:30:00Z,2025-02-22T23:30:00Z,FALSE
8.1_34.2,2025-02-23,8.2323,30,2025-02-23T00:30:00Z,2025-02-23T23:30:00Z,FALSE
8.1_34.2,2025-02-24,11.261333333333333,33,2025-02-24T00:30:00Z,2025-02-24T21:30:00Z,FALSE
8.1_34.2,2025-02-25,8.736933333333333,15,2025-02-25T05:00:00Z,2025-02-26T00:00:00Z,FALSE
8.1_34.2,2025-02-26,17.129,1,2025-02-26T03:30:00Z,2025-02-26T03:30:00Z,FALSE
8.1_34.2,2025-02-27,39.836925925925925,27,2025-02-27T01:30:00Z,2025-02-28T00:00:00Z,FALSE
8.1_34.2,2025-02-28,9.848812500000001,32,2025-02-28T00:30:00Z,2025-02-28T23:00:00Z,FALSE
8.1_34.2,2025-03-01,2.7631111111111113,36,2025-03-01T02:00:00Z,2025-03-01T23:30:00Z,TRUE
8.1_34.2,2025-03-02,4.370552631578947,38,2025-03-02T00:30:00Z,2025-03-03T00:00:00Z,TRUE
8.1_34.2,2025-03-03,5.224428571428572,14,2025-03-03T00:30:00Z,2025-03-03T21:30:00Z,FALSE
8.1_34.2,2025-03-04,5.9463125,16,2025-03-04T01:30:00Z,2025-03-04T23:30:00Z,FALSE
8.1_34.2,2025-03-05,3.87468,25,2025-03-05T03:30:00Z,2025-03-06T00:00:00Z,FALSE
8.1_34.2,2025-03-06,2.6264666666666665,30,2025-03-06T00:30:00Z,2025-03-07T00:00:00Z,FALSE
8.1_34.2,2025-03-07,6.298090909090909,11,2025-03-07T00:30:00Z,2025-03-07T20:00:00Z,FALSE
8.1_34.2,2025-03-08,15.356111111111112,18,2025-03-08T01:00:00Z,2025-03-08T23:30:00Z,FALSE
8.1_34.2,2025-03-09,3.7942,20,2025-03-09T01:00:00Z,2025-03-10T00:00:00Z,FALSE
8.1_34.2,2025-03-10,5.938789473684211,19,2025-03-10T00:30:00Z,2025-03-10T21:00:00Z,FALSE
8.1_34.2,2025-03-11,6.964333333333333,18,2025-03-11T05:30:00Z,2025-03-11T22:30:00Z,FALSE
8.1_34.2,2025-03-12,3.2487037037037036,27,2025-03-12T01:30:00Z,2025-03-13T00:00:00Z,FALSE
8.1_34.2,2025-03-13,7.2863999999999995,15,2025-03-13T03:30:00Z,2025-03-13T21:30:00Z,FALSE
8.1_34.2,2025-03-14,10.0275,8,2025-03-14T07:00:00Z,2025-03-15T00:00:00Z,FALSE
8.1_34.2,2025-03-15,12.450681818181819,22,2025-03-15T01:00:00Z,2025-03-16T00:00:00Z,FALSE
8.1_34.2,2025-03-16,8.09476923076923,13,2025-03-16T01:00:00Z,2025-03-17T00:00:00Z,FALSE
8.1_34.2,2025-03-17,4.421583333333333,12,2025-03-17T00:30:00Z,2025-03-18T00:00:00Z,FALSE
8.1_34.2,2025-03-18,6.563466666666667,15,2025-03-18T00:30:00Z,2025-03-18T23:00:00Z,FALSE
8.1_34.2,2025-03-19,4.464363636363636,11,2025-03-19T04:00:00Z,2025-03-20T00:00:00Z,FALSE
8.1_34.2,2025-03-20,4.699454545454545,11,2025-03-20T01:30:00Z,2025-03-20T23:30:00Z,FALSE
8.1_34.2,2025-03-21,3.1734666666666667,15,2025-03-21T00:30:00Z,2025-03-22T00:00:00Z,FALSE
8.1_34.2,2025-03-22,3.8664,10,2025-03-22T04:30:00Z,2025-03-23T00:00:00Z,FALSE
8.1_34.2,2025-03-23,6.487176470588236,17,2025-03-23T01:00:00Z,2025-03-24T00:00:00Z,FALSE
8.1_34.2,2025-03-24,6.2870526315789474,19,2025-03-24T01:30:00Z,2025-03-24T23:30:00Z,FALSE
8.1_34.2,2025-03-25,5.100238095238095,21,2025-03-25T02:00:00Z,2025-03-26T00:00:00Z,FALSE
8.1_34.2,2025-03-26,4.332631578947368,38,2025-03-26T00:30:00Z,2025-03-26T23:00:00Z,TRUE
8.1_34.2,2025-03-27,4.838947368421053,19,2025-03-27T01:00:00Z,2025-03-28T00:00:00Z,FALSE
8.1_34.2,2025-03-28,13.242285714285714,14,2025-03-28T00:30:00Z,2025-03-28T21:00:00Z,FALSE
8.1_34.2,2025-03-29,9.079894736842105,19,2025-03-29T00:30:00Z,2025-03-30T00:00:00Z,FALSE
8.1_34.2,2025-03-30,14.752647058823529,17,2025-03-30T01:00:00Z,2025-03-30T23:30:00Z,FALSE
8.1_34.2,2025-03-31,4.593,12,2025-03-31T02:00:00Z,2025-03-31T23:00:00Z,FALSE
8.1_34.2,2025-04-01,5.154999999999999,13,2025-04-01T00:30:00Z,2025-04-02T00:00:00Z,FALSE
8.1_34.2,2025-04-02,5.115538461538462,13,2025-04-02T00:30:00Z,2025-04-03T00:00:00Z,FALSE
8.1_34.2,2025-04-03,3.7945517241379307,29,2025-04-03T00:30:00Z,2025-04-04T00:00:00Z,FALSE
8.1_34.2,2025-04-04,2.3311875,16,2025-04-04T00:30:00Z,2025-04-04T21:00:00Z,FALSE
8.1_34.2,2025-04-05,7.067555555555556,9,2025-04-05T05:00:00Z,2025-04-05T23:00:00Z,FALSE
8.1_34.2,2025-04-06,7.391279999999999,25,2025-04-06T02:00:00Z,2025-04-07T00:00:00Z,FALSE
8.1_34.2,2025-04-07,7.720370370370371,27,2025-04-07T00:30:00Z,2025-04-07T21:00:00Z,FALSE
8.1_34.2,2025-04-08,3.123625,8,2025-04-08T02:00:00Z,2025-04-08T16:00:00Z,FALSE
8.1_34.2,2025-04-09,4.864875,8,2025-04-09T01:30:00Z,2025-04-09T19:30:00Z,FALSE
8.1_34.2,2025-04-10,22.00438888888889,18,2025-04-10T01:00:00Z,2025-04-11T00:00:00Z,FALSE
8.1_34.2,2025-04-11,16.369285714285713,28,2025-04-11T00:30:00Z,2025-04-11T23:30:00Z,FALSE
8.1_34.2,2025-04-12,7.847099999999999,10,2025-04-12T00:30:00Z,2025-04-12T23:00:00Z,FALSE
8.1_34.2,2025-04-13,8.783333333333333,12,2025-04-13T01:00:00Z,2025-04-13T22:30:00Z,FALSE
8.1_34.2,2025-04-14,5.0553333333333335,18,2025-04-14T02:00:00Z,2025-04-14T22:30:00Z,FALSE
8.1_34.2,2025-04-15,3.2744999999999997,10,2025-04-15T02:30:00Z,2025-04-15T22:30:00Z,FALSE
8.1_34.2,2025-04-16,3.6504,15,2025-04-16T01:00:00Z,2025-04-16T23:30:00Z,FALSE
8.1_34.2,2025-04-17,6.51625,16,2025-04-17T01:30:00Z,2025-04-17T21:00:00Z,FALSE
8.1_34.2,2025-04-18,5.968999999999999,21,2025-04-18T03:00:00Z,2025-04-19T00:00:00Z,FALSE
8.1_34.2,2025-04-19,8.093047619047619,21,2025-04-19T00:30:00Z,2025-04-20T00:00:00Z,FALSE
8.1_34.2,2025-04-20,4.581173913043478,23,2025-04-20T01:30:00Z,2025-04-21T00:00:00Z,FALSE
8.1_34.2,2025-04-21,3.330409090909091,22,2025-04-21T01:00:00Z,2025-04-21T23:30:00Z,FALSE
8.1_34.2,2025-04-22,2.8541176470588234,17,2025-04-22T01:00:00Z,2025-04-23T00:00:00Z,FALSE
8.1_34.2,2025-04-23,6.2200952380952375,21,2025-04-23T00:30:00Z,2025-04-23T23:30:00Z,FALSE
8.1_34.2,2025-04-24,7.474222222222222,27,2025-04-24T01:00:00Z,2025-04-25T00:00:00Z,FALSE
8.1_34.2,2025-04-25,7.218125,24,2025-04-25T01:00:00Z,2025-04-25T23:30:00Z,FALSE
8.1_34.2,2025-04-26,3.5773571428571427,14,2025-04-26T00:30:00Z,2025-04-27T00:00:00Z,FALSE
8.1_34.2,2025-04-27,3.769,19,2025-04-27T00:30:00Z,2025-04-28T00:00:00Z,FALSE
8.1_34.2,2025-04-28,3.7089090909090907,11,2025-04-28T02:00:00Z,2025-04-28T21:30:00Z,FALSE
8.1_34.2,2025-04-29,7.049666666666667,18,2025-04-29T01:30:00Z,2025-04-30T00:00:00Z,FALSE
8.1_34.2,2025-04-30,1.6312352941176471,17,2025-04-30T02:00:00Z,2025-04-30T20:00:00Z,FALSE
8.1_34.2,2025-05-01,5.931777777777778,18,2025-05-01T01:30:00Z,2025-05-02T00:00:00Z,FALSE
8.1_34.2,2025-05-02,5.1315,14,2025-05-02T04:00:00Z,2025-05-02T22:30:00Z,FALSE
8.1_34.2,2025-05-03,11.648470588235293,17,2025-05-03T03:00:00Z,2025-05-03T21:30:00Z,FALSE
8.1_34.2,2025-05-04,6.002642857142857,14,2025-05-04T07:30:00Z,2025-05-04T23:30:00Z,FALSE
8.1_34.2,2025-05-05,24.839190476190474,21,2025-05-05T04:00:00Z,2025-05-05T23:30:00Z,FALSE
8.1_34.2,2025-05-06,9.170565217391303,23,2025-05-06T01:00:00Z,2025-05-06T23:00:00Z,FALSE
8.1_34.2,2025-05-07,13.022833333333333,12,2025-05-07T01:00:00Z,2025-05-07T23:00:00Z,FALSE
8.1_34.2,2025-05-08,8.214285714285714,7,2025-05-08T06:30:00Z,2025-05-08T21:00:00Z,FALSE
8.1_34.2,2025-05-09,6.634615384615384,13,2025-05-09T02:00:00Z,2025-05-09T23:00:00Z,FALSE
8.1_34.2,2025-05-10,4.009,15,2025-05-10T01:30:00Z,2025-05-11T00:00:00Z,FALSE
8.1_34.2,2025-05-11,4.655,15,2025-05-11T01:00:00Z,2025-05-11T23:00:00Z,FALSE
8.1_34.2,2025-05-12,5.526357142857143,14,2025-05-12T01:00:00Z,2025-05-12T21:00:00Z,FALSE
8.1_34.2,2025-05-13,4.949214285714286,28,2025-05-13T01:30:00Z,2025-05-14T00:00:00Z,FALSE
8.1_34.2,2025-05-14,2.0834545454545457,22,2025-05-14T01:00:00Z,2025-05-15T00:00:00Z,FALSE
8.1_34.2,2025-05-15,7.992842105263158,19,2025-05-15T00:30:00Z,2025-05-16T00:00:00Z,FALSE
8.1_34.2,2025-05-16,8.227222222222222,18,2025-05-16T01:00:00Z,2025-05-16T23:30:00Z,FALSE
8.1_34.2,2025-05-17,4.192105263157895,19,2025-05-17T02:30:00Z,2025-05-17T22:00:00Z,FALSE
8.1_34.2,2025-05-18,4.348,19,2025-05-18T02:00:00Z,2025-05-18T22:30:00Z,FALSE
8.1_34.2,2025-05-19,5.4016,25,2025-05-19T02:00:00Z,2025-05-20T00:00:00Z,FALSE
8.1_34.2,2025-05-20,3.8474,15,2025-05-20T00:30:00Z,2025-05-20T23:30:00Z,FALSE
8.1_34.2,2025-05-21,9.576266666666667,15,2025-05-21T01:30:00Z,2025-05-22T00:00:00Z,FALSE
8.1_34.2,2025-05-22,8.5301,20,2025-05-22T00:30:00Z,2025-05-22T21:00:00Z,FALSE
8.1_34.2,2025-05-23,4.1364,5,2025-05-23T01:30:00Z,2025-05-23T14:00:00Z,FALSE
8.1_34.2,2025-05-24,1.7309285714285714,14,2025-05-24T00:30:00Z,2025-05-24T23:30:00Z,FALSE
8.1_34.2,2025-05-25,5.409,15,2025-05-25T00:30:00Z,2025-05-25T22:00:00Z,FALSE
8.1_34.2,2025-05-26,8.848857142857142,14,2025-05-26T01:00:00Z,2025-05-27T00:00:00Z,FALSE
8.1_34.2,2025-05-27,4.466538461538462,13,2025-05-27T01:30:00Z,2025-05-27T22:30:00Z,FALSE
8.1_34.2,2025-05-28,2.5649166666666665,12,2025-05-28T02:00:00Z,2025-05-28T23:00:00Z,FALSE
8.1_34.2,2025-05-29,20.813285714285715,7,2025-05-29T02:30:00Z,2025-05-29T14:30:00Z,FALSE
8.1_34.2,2025-05-30,11.1971,10,2025-05-30T03:30:00Z,2025-05-31T00:00:00Z,FALSE
8.1_34.2,2025-05-31,4.087714285714286,21,2025-05-31T10:00:00Z,2025-06-01T00:00:00Z,FALSE
8.1_34.2,2025-06-01,4.86175,8,2025-06-01T01:30:00Z,2025-06-01T19:00:00Z,FALSE
8.1_34.2,2025-06-02,3.866111111111111,9,2025-06-02T02:30:00Z,2025-06-03T00:00:00Z,FALSE
8.1_34.2,2025-06-03,9.015600000000001,15,2025-06-03T00:30:00Z,2025-06-03T23:30:00Z,FALSE
8.1_34.2,2025-06-04,22.483333333333334,21,2025-06-04T00:30:00Z,2025-06-04T23:30:00Z,FALSE
8.1_34.2,2025-06-05,36.1286,10,2025-06-05T01:30:00Z,2025-06-05T14:00:00Z,FALSE
8.1_34.2,2025-06-06,41.3616875,16,2025-06-06T02:00:00Z,2025-06-07T00:00:00Z,FALSE
8.1_34.2,2025-06-07,50.591,12,2025-06-07T02:00:00Z,2025-06-08T00:00:00Z,FALSE
8.1_34.2,2025-06-08,43.1498,15,2025-06-08T01:00:00Z,2025-06-08T23:30:00Z,FALSE
8.1_34.2,2025-06-09,17.06609090909091,11,2025-06-09T00:30:00Z,2025-06-09T23:00:00Z,FALSE
8.1_34.2,2025-06-10,11.142133333333334,15,2025-06-10T01:30:00Z,2025-06-10T23:30:00Z,FALSE
8.1_34.2,2025-06-11,13.535222222222222,18,2025-06-11T01:30:00Z,2025-06-12T00:00:00Z,FALSE
8.1_34.2,2025-06-12,23.173944444444444,18,2025-06-12T01:00:00Z,2025-06-12T23:00:00Z,FALSE
8.1_34.2,2025-06-13,24.036882352941177,17,2025-06-13T00:30:00Z,2025-06-13T22:30:00Z,FALSE
8.1_34.2,2025-06-14,17.355266666666665,15,2025-06-14T01:30:00Z,2025-06-15T00:00:00Z,FALSE
8.1_34.2,2025-06-15,13.873,16,2025-06-15T00:30:00Z,2025-06-15T23:00:00Z,FALSE
8.1_34.2,2025-06-16,13.432769230769232,13,2025-06-16T01:00:00Z,2025-06-17T00:00:00Z,FALSE
8.1_34.2,2025-06-17,12.9356875,16,2025-06-17T00:30:00Z,2025-06-17T23:00:00Z,FALSE
8.1_34.2,2025-06-18,10.335733333333334,15,2025-06-18T01:30:00Z,2025-06-19T00:00:00Z,FALSE
8.1_34.2,2025-06-19,6.246333333333333,21,2025-06-19T02:00:00Z,2025-06-19T22:30:00Z,FALSE
8.1_34.2,2025-06-20,7.17796,25,2025-06-20T00:30:00Z,2025-06-20T23:30:00Z,FALSE
8.1_34.2,2025-06-21,13.771777777777778,18,2025-06-21T00:30:00Z,2025-06-21T22:30:00Z,FALSE
8.1_34.2,2025-06-22,7.8925833333333335,12,2025-06-22T00:30:00Z,2025-06-22T23:30:00Z,FALSE
8.1_34.2,2025-06-23,7.60375,12,2025-06-23T05:00:00Z,2025-06-23T23:30:00Z,FALSE
8.1_34.2,2025-06-24,10.893357142857143,14,2025-06-24T02:30:00Z,2025-06-25T00:00:00Z,FALSE
8.1_34.2,2025-06-25,13.143714285714285,21,2025-06-25T01:00:00Z,2025-06-26T00:00:00Z,FALSE
8.1_34.2,2025-06-26,13.41221052631579,19,2025-06-26T00:30:00Z,2025-06-26T22:30:00Z,FALSE
8.1_34.2,2025-06-27,12.4484,15,2025-06-27T00:30:00Z,2025-06-28T00:00:00Z,FALSE
8.1_34.2,2025-06-28,8.716285714285714,14,2025-06-28T01:00:00Z,2025-06-28T23:00:00Z,FALSE
8.1_34.2,2025-06-29,6.871133333333333,15,2025-06-29T01:00:00Z,2025-06-29T21:00:00Z,FALSE
8.1_34.2,2025-06-30,9.74785,20,2025-06-30T00:30:00Z,2025-07-01T00:00:00Z,FALSE
8.1_34.2,2025-07-01,6.781058823529412,17,2025-07-01T00:30:00Z,2025-07-02T00:00:00Z,FALSE
8.1_34.2,2025-07-02,8.030047619047618,21,2025-07-02T01:30:00Z,2025-07-03T00:00:00Z,FALSE
8.1_34.2,2025-07-03,14.995521739130435,23,2025-07-03T01:00:00Z,2025-07-03T22:30:00Z,FALSE
8.1_34.2,2025-07-04,21.533933333333334,15,2025-07-04T00:30:00Z,2025-07-04T23:30:00Z,FALSE
8.1_34.2,2025-07-05,31.2348,15,2025-07-05T00:30:00Z,2025-07-05T16:30:00Z,FALSE
8.1_34.2,2025-07-06,12.41735,20,2025-07-06T00:30:00Z,2025-07-06T23:00:00Z,FALSE
8.1_34.2,2025-07-07,10.184875,16,2025-07-07T02:00:00Z,2025-07-08T00:00:00Z,FALSE
8.1_34.2,2025-07-08,12.762375,16,2025-07-08T00:30:00Z,2025-07-08T23:30:00Z,FALSE
8.1_34.2,2025-07-09,23.484083333333334,12,2025-07-09T02:30:00Z,2025-07-09T23:00:00Z,FALSE
8.1_34.2,2025-07-10,24.7057,20,2025-07-10T02:00:00Z,2025-07-10T23:30:00Z,FALSE
8.1_34.2,2025-07-11,16.7524,20,2025-07-11T01:30:00Z,2025-07-12T00:00:00Z,FALSE
8.1_34.2,2025-07-12,10.264933333333333,15,2025-07-12T02:00:00Z,2025-07-12T23:30:00Z,FALSE
8.1_34.2,2025-07-13,5.79275,12,2025-07-13T02:30:00Z,2025-07-13T23:00:00Z,FALSE
8.1_34.2,2025-07-14,19.897625,24,2025-07-14T01:00:00Z,2025-07-14T23:30:00Z,FALSE
8.1_34.2,2025-07-15,35.47866666666667,24,2025-07-15T01:00:00Z,2025-07-16T00:00:00Z,FALSE
8.1_34.2,2025-07-16,34.971833333333336,12,2025-07-16T02:00:00Z,2025-07-16T22:00:00Z,FALSE
8.1_34.2,2025-07-17,9.972416666666666,12,2025-07-17T02:00:00Z,2025-07-17T22:00:00Z,FALSE
8.1_34.2,2025-07-18,2.46375,16,2025-07-18T00:30:00Z,2025-07-19T00:00:00Z,FALSE
8.1_34.2,2025-07-19,4.0078125,16,2025-07-19T00:30:00Z,2025-07-19T23:30:00Z,FALSE
8.1_34.2,2025-07-20,6.733625,8,2025-07-20T01:00:00Z,2025-07-20T18:30:00Z,FALSE
8.1_34.2,2025-07-21,19.940545454545454,11,2025-07-21T02:00:00Z,2025-07-21T22:00:00Z,FALSE
8.1_34.2,2025-07-22,5.300482758620689,29,2025-07-22T01:00:00Z,2025-07-23T00:00:00Z,FALSE
8.1_34.2,2025-07-23,3.962764705882353,17,2025-07-23T00:30:00Z,2025-07-23T18:30:00Z,FALSE
8.1_34.2,2025-07-24,13.632583333333333,12,2025-07-24T00:30:00Z,2025-07-24T20:30:00Z,FALSE
8.1_34.2,2025-07-25,15.276,10,2025-07-25T00:30:00Z,2025-07-25T22:30:00Z,FALSE
8.1_34.2,2025-07-26,11.269916666666667,12,2025-07-26T00:30:00Z,2025-07-26T23:00:00Z,FALSE
8.1_34.2,2025-07-27,10.186111111111112,9,2025-07-27T06:30:00Z,2025-07-28T00:00:00Z,FALSE
8.1_34.2,2025-07-28,12.509285714285715,7,2025-07-28T02:00:00Z,2025-07-28T21:30:00Z,FALSE
8.1_34.2,2025-07-29,10.083875,16,2025-07-29T00:30:00Z,2025-07-30T00:00:00Z,FALSE
8.1_34.2,2025-07-30,12.981,13,2025-07-30T01:00:00Z,2025-07-30T22:30:00Z,FALSE
8.1_34.2,2025-07-31,34.52758333333333,12,2025-07-31T01:30:00Z,2025-07-31T23:30:00Z,FALSE
8.1_34.2,2025-08-01,11.854,15,2025-08-01T01:00:00Z,2025-08-01T23:00:00Z,FALSE
8.1_34.2,2025-08-02,4.128347826086957,23,2025-08-02T01:00:00Z,2025-08-03T00:00:00Z,FALSE
8.1_34.2,2025-08-03,12.158848484848486,33,2025-08-03T00:30:00Z,2025-08-03T23:00:00Z,FALSE
8.1_34.2,2025-08-04,27.594458333333332,24,2025-08-04T01:00:00Z,2025-08-05T00:00:00Z,FALSE
8.1_34.2,2025-08-05,52.145625,24,2025-08-05T00:30:00Z,2025-08-05T23:30:00Z,FALSE
8.1_34.2,2025-08-06,23.638,9,2025-08-06T00:30:00Z,2025-08-06T19:30:00Z,FALSE
8.1_34.2,2025-08-07,20.23688888888889,9,2025-08-07T02:30:00Z,2025-08-07T23:30:00Z,FALSE
8.1_34.2,2025-08-08,15.825083333333334,12,2025-08-08T02:30:00Z,2025-08-08T23:30:00Z,FALSE
8.1_34.2,2025-08-09,18.326,15,2025-08-09T00:30:00Z,2025-08-09T20:30:00Z,FALSE
8.1_34.2,2025-08-10,24.130125,16,2025-08-10T01:00:00Z,2025-08-10T23:00:00Z,FALSE
8.1_34.2,2025-08-11,19.039272727272728,22,2025-08-11T00:30:00Z,2025-08-12T00:00:00Z,FALSE
8.1_34.2,2025-08-12,14.745358974358975,39,2025-08-12T01:00:00Z,2025-08-13T00:00:00Z,TRUE
8.1_34.2,2025-08-13,10.281384615384615,13,2025-08-13T01:00:00Z,2025-08-13T16:30:00Z,FALSE
8.1_34.2,2025-08-14,20.1845,8,2025-08-14T08:00:00Z,2025-08-14T22:30:00Z,FALSE
8.1_34.2,2025-08-15,24.10793333333333,15,2025-08-15T02:00:00Z,2025-08-16T00:00:00Z,FALSE
8.1_34.2,2025-08-16,23.219533333333334,30,2025-08-16T01:00:00Z,2025-08-16T23:30:00Z,FALSE
8.1_34.2,2025-08-17,9.356533333333333,15,2025-08-17T14:00:00Z,2025-08-18T00:00:00Z,FALSE
8.1_34.2,2025-08-18,3.8142325581395347,43,2025-08-18T01:00:00Z,2025-08-19T00:00:00Z,TRUE
8.1_34.2,2025-08-19,4.91195,40,2025-08-19T00:30:00Z,2025-08-19T23:30:00Z,TRUE
8.1_34.2,2025-08-20,22.96761538461538,13,2025-08-20T02:00:00Z,2025-08-20T23:30:00Z,FALSE
8.1_34.2,2025-08-21,2.1406875,16,2025-08-21T02:00:00Z,2025-08-21T23:00:00Z,FALSE
8.1_34.2,2025-08-22,6.9999473684210525,19,2025-08-22T00:30:00Z,2025-08-22T23:00:00Z,FALSE
8.1_34.2,2025-08-23,8.021681818181818,22,2025-08-23T00:30:00Z,2025-08-23T19:30:00Z,FALSE
8.1_34.2,2025-08-24,6.171363636363636,11,2025-08-24T01:30:00Z,2025-08-24T22:30:00Z,FALSE
8.1_34.2,2025-08-25,3.141625,32,2025-08-25T00:30:00Z,2025-08-26T00:00:00Z,FALSE
8.1_34.2,2025-08-26,3.853941176470588,17,2025-08-26T01:00:00Z,2025-08-26T23:00:00Z,FALSE
8.1_34.2,2025-08-27,3.9464444444444444,27,2025-08-27T00:30:00Z,2025-08-28T00:00:00Z,FALSE
8.1_34.2,2025-08-28,4.21175,12,2025-08-28T00:30:00Z,2025-08-28T23:30:00Z,FALSE
8.1_34.2,2025-08-29,2.9205454545454548,11,2025-08-29T00:30:00Z,2025-08-30T00:00:00Z,FALSE
8.1_34.2,2025-08-30,4.488261904761905,42,2025-08-30T00:30:00Z,2025-08-31T00:00:00Z,TRUE
8.1_34.2,2025-08-31,5.316769230769231,13,2025-08-31T00:30:00Z,2025-09-01T00:00:00Z,FALSE
8.1_34.2,2025-09-01,6.1664,40,2025-09-01T00:30:00Z,2025-09-02T00:00:00Z,TRUE
8.1_34.2,2025-09-02,4.199268292682927,41,2025-09-02T00:30:00Z,2025-09-03T00:00:00Z,TRUE
8.1_34.2,2025-09-03,7.378774193548387,31,2025-09-03T00:30:00Z,2025-09-04T00:00:00Z,FALSE
8.1_34.2,2025-09-04,7.690555555555555,9,2025-09-04T01:30:00Z,2025-09-05T00:00:00Z,FALSE
8.1_34.2,2025-09-05,14.79265625,32,2025-09-05T00:30:00Z,2025-09-05T23:30:00Z,FALSE
8.1_34.2,2025-09-06,3.6919444444444443,18,2025-09-06T00:30:00Z,2025-09-07T00:00:00Z,FALSE
8.1_34.2,2025-09-07,2.2273809523809525,21,2025-09-07T04:00:00Z,2025-09-08T00:00:00Z,FALSE
8.1_34.2,2025-09-08,3.562206896551724,29,2025-09-08T00:30:00Z,2025-09-08T23:30:00Z,FALSE
8.1_34.2,2025-09-09,4.202409090909091,22,2025-09-09T00:30:00Z,2025-09-10T00:00:00Z,FALSE
8.1_34.2,2025-09-10,4.697875,32,2025-09-10T00:30:00Z,2025-09-10T23:30:00Z,FALSE
8.1_34.2,2025-09-11,7.7668333333333335,18,2025-09-11T00:30:00Z,2025-09-11T23:30:00Z,FALSE
8.1_34.2,2025-09-12,7.501095238095238,21,2025-09-12T01:00:00Z,2025-09-12T23:30:00Z,FALSE
8.1_34.2,2025-09-13,10.553307692307692,39,2025-09-13T00:30:00Z,2025-09-13T23:30:00Z,TRUE
8.1_34.2,2025-09-14,16.156625000000002,40,2025-09-14T00:30:00Z,2025-09-15T00:00:00Z,TRUE
8.1_34.2,2025-09-15,12.876103448275861,29,2025-09-15T00:30:00Z,2025-09-16T00:00:00Z,FALSE
8.1_34.2,2025-09-16,10.537714285714285,35,2025-09-16T00:30:00Z,2025-09-17T00:00:00Z,FALSE
8.1_34.2,2025-09-17,16.427,38,2025-09-17T00:30:00Z,2025-09-18T00:00:00Z,TRUE
8.1_34.2,2025-09-18,12.418923076923077,39,2025-09-18T01:00:00Z,2025-09-19T00:00:00Z,TRUE
8.1_34.2,2025-09-19,11.900902439024389,41,2025-09-19T00:30:00Z,2025-09-20T00:00:00Z,TRUE
8.1_34.2,2025-09-20,4.500589743589743,39,2025-09-20T00:30:00Z,2025-09-20T23:30:00Z,TRUE
8.1_34.2,2025-09-21,7.855829268292683,41,2025-09-21T00:30:00Z,2025-09-22T00:00:00Z,TRUE
8.1_34.2,2025-09-22,11.33334375,32,2025-09-22T01:30:00Z,2025-09-23T00:00:00Z,FALSE
8.1_34.2,2025-09-23,8.29004761904762,21,2025-09-23T00:30:00Z,2025-09-23T23:30:00Z,FALSE
8.1_34.2,2025-09-24,11.9742,20,2025-09-24T01:30:00Z,2025-09-25T00:00:00Z,FALSE
8.1_34.2,2025-09-25,17.822,11,2025-09-25T00:30:00Z,2025-09-26T00:00:00Z,FALSE
8.1_34.2,2025-09-26,18.199346153846154,26,2025-09-26T02:00:00Z,2025-09-27T00:00:00Z,FALSE
8.1_34.2,2025-09-27,10.639857142857142,28,2025-09-27T00:30:00Z,2025-09-27T23:30:00Z,FALSE
8.1_34.2,2025-09-28,10.84696875,32,2025-09-28T02:00:00Z,2025-09-28T23:30:00Z,FALSE
8.1_34.2,2025-09-29,11.531206896551724,29,2025-09-29T00:30:00Z,2025-09-29T23:30:00Z,FALSE
8.1_34.2,2025-09-30,6.243138888888889,36,2025-09-30T00:30:00Z,2025-09-30T23:30:00Z,TRUE
8.1_34.2,2025-10-01,3.4827560975609755,41,2025-10-01T00:30:00Z,2025-10-02T00:00:00Z,TRUE
8.1_34.2,2025-10-02,2.711227272727273,44,2025-10-02T00:30:00Z,2025-10-03T00:00:00Z,TRUE
8.1_34.2,2025-10-03,7.375377777777778,45,2025-10-03T00:30:00Z,2025-10-04T00:00:00Z,TRUE
8.1_34.2,2025-10-04,10.673767441860464,43,2025-10-04T00:30:00Z,2025-10-05T00:00:00Z,TRUE
8.1_34.2,2025-10-05,10.9692,45,2025-10-05T00:30:00Z,2025-10-06T00:00:00Z,TRUE
8.1_34.2,2025-10-06,4.641906976744186,43,2025-10-06T00:30:00Z,2025-10-07T00:00:00Z,TRUE
8.1_34.2,2025-10-07,3.9598857142857145,35,2025-10-07T01:00:00Z,2025-10-07T22:00:00Z,FALSE
8.1_34.2,2025-10-08,1.5910243902439023,41,2025-10-08T00:30:00Z,2025-10-09T00:00:00Z,TRUE
8.1_34.2,2025-10-09,2.14135,40,2025-10-09T00:30:00Z,2025-10-10T00:00:00Z,TRUE
8.1_34.2,2025-10-10,2.580348837209302,43,2025-10-10T00:30:00Z,2025-10-11T00:00:00Z,TRUE
8.1_34.2,2025-10-11,2.629888888888889,45,2025-10-11T00:30:00Z,2025-10-12T00:00:00Z,TRUE
8.1_34.2,2025-10-12,7.16993023255814,43,2025-10-12T00:30:00Z,2025-10-13T00:00:00Z,TRUE
8.1_34.2,2025-10-13,5.019586956521739,46,2025-10-13T00:30:00Z,2025-10-14T00:00:00Z,TRUE
8.1_34.2,2025-10-14,6.1171951219512195,41,2025-10-14T01:00:00Z,2025-10-15T00:00:00Z,TRUE
8.1_34.2,2025-10-15,2.796173913043478,46,2025-10-15T00:30:00Z,2025-10-16T00:00:00Z,TRUE
8.1_34.2,2025-10-16,2.942934782608696,46,2025-10-16T01:00:00Z,2025-10-17T00:00:00Z,TRUE
8.1_34.2,2025-10-17,2.883326086956522,46,2025-10-17T00:30:00Z,2025-10-18T00:00:00Z,TRUE
8.1_34.2,2025-10-18,5.296153846153846,39,2025-10-18T00:30:00Z,2025-10-19T00:00:00Z,TRUE
8.1_34.2,2025-10-19,9.359333333333334,39,2025-10-19T00:30:00Z,2025-10-20T00:00:00Z,TRUE
8.1_34.2,2025-10-20,3.82816,25,2025-10-20T00:30:00Z,2025-10-20T23:30:00Z,FALSE
8.1_34.2,2025-10-21,2.5368387096774194,31,2025-10-21T00:30:00Z,2025-10-21T23:00:00Z,FALSE
8.1_34.2,2025-10-22,2.7975151515151513,33,2025-10-22T00:30:00Z,2025-10-22T23:30:00Z,FALSE
8.1_34.2,2025-10-23,4.571096774193548,31,2025-10-23T00:30:00Z,2025-10-24T00:00:00Z,FALSE
8.1_34.2,2025-10-24,4.2537692307692305,26,2025-10-24T00:30:00Z,2025-10-24T23:00:00Z,FALSE
8.1_34.2,2025-10-25,3.1702903225806454,31,2025-10-25T01:00:00Z,2025-10-25T23:30:00Z,FALSE
8.1_34.2,2025-10-26,5.2402058823529405,34,2025-10-26T00:30:00Z,2025-10-26T23:00:00Z,FALSE
8.1_34.2,2025-10-27,3.683057142857143,35,2025-10-27T00:30:00Z,2025-10-28T00:00:00Z,FALSE
8.1_34.2,2025-10-28,3.0147586206896553,29,2025-10-28T00:30:00Z,2025-10-29T00:00:00Z,FALSE
8.1_34.2,2025-10-29,3.742421052631579,38,2025-10-29T00:30:00Z,2025-10-30T00:00:00Z,TRUE
8.1_34.2,2025-10-30,2.8902857142857146,21,2025-10-30T00:30:00Z,2025-10-30T20:30:00Z,FALSE
8.1_34.2,2025-10-31,4.147096774193549,31,2025-10-31T00:30:00Z,2025-11-01T00:00:00Z,FALSE
8.1_34.2,2025-11-01,8.67605,20,2025-11-01T02:30:00Z,2025-11-02T00:00:00Z,FALSE
8.1_34.2,2025-11-02,13.253142857142857,28,2025-11-02T01:00:00Z,2025-11-02T23:30:00Z,FALSE
8.1_34.2,2025-11-03,15.555473684210526,19,2025-11-03T00:30:00Z,2025-11-03T13:00:00Z,FALSE
8.1_34.2,2025-11-24,3.4605714285714284,7,2025-11-24T16:00:00Z,2025-11-25T00:00:00Z,FALSE
8.1_34.2,2025-11-25,6.808041666666667,24,2025-11-25T00:30:00Z,2025-11-26T00:00:00Z,FALSE
8.1_34.2,2025-11-26,7.546809523809523,21,2025-11-26T00:30:00Z,2025-11-26T19:30:00Z,FALSE
8.1_34.2,2025-11-27,3.5844736842105265,19,2025-11-27T02:00:00Z,2025-11-28T00:00:00Z,FALSE
8.1_34.2,2025-11-28,3.1544615384615384,39,2025-11-28T00:30:00Z,2025-11-29T00:00:00Z,TRUE
8.1_34.2,2025-11-29,3.14251724137931,29,2025-11-29T00:30:00Z,2025-11-29T18:00:00Z,FALSE
8.1_34.2,2025-11-30,5.666363636363636,44,2025-11-30T00:30:00Z,2025-12-01T00:00:00Z,TRUE
8.1_34.2,2025-12-01,4.727258064516129,31,2025-12-01T00:30:00Z,2025-12-02T00:00:00Z,FALSE
8.1_34.2,2025-12-02,10.671771428571429,35,2025-12-02T00:30:00Z,2025-12-03T00:00:00Z,FALSE
8.1_34.2,2025-12-03,16.090906976744186,43,2025-12-03T00:30:00Z,2025-12-04T00:00:00Z,TRUE
8.1_34.2,2025-12-04,15.170238095238096,42,2025-12-04T00:30:00Z,2025-12-04T23:30:00Z,TRUE
8.1_34.2,2025-12-05,7.1976956521739135,23,2025-12-05T00:30:00Z,2025-12-05T22:30:00Z,FALSE
8.1_34.2,2025-12-06,23.6875,20,2025-12-06T00:30:00Z,2025-12-06T23:00:00Z,FALSE
8.1_34.2,2025-12-07,21.159588235294116,17,2025-12-07T06:00:00Z,2025-12-07T21:30:00Z,FALSE
8.1_34.2,2025-12-08,3.285,9,2025-12-08T00:30:00Z,2025-12-08T23:30:00Z,FALSE
8.1_34.2,2025-12-09,5.330916666666667,12,2025-12-09T01:30:00Z,2025-12-09T19:30:00Z,FALSE
8.1_34.2,2025-12-10,8.539333333333333,3,2025-12-10T07:00:00Z,2025-12-10T14:30:00Z,FALSE
8.1_34.2,2025-12-11,2.4985,2,2025-12-11T15:30:00Z,2025-12-11T20:30:00Z,FALSE
8.1_34.2,2025-12-12,3.02975,4,2025-12-12T03:00:00Z,2025-12-12T11:00:00Z,FALSE
8.1_34.2,2025-12-13,19.6435,4,2025-12-13T05:30:00Z,2025-12-13T13:30:00Z,FALSE
8.1_34.2,2025-12-16,8.236888888888888,9,2025-12-16T03:00:00Z,2025-12-16T17:30:00Z,FALSE
8.1_34.2,2025-12-19,6.773,1,2025-12-19T20:30:00Z,2025-12-19T20:30:00Z,FALSE
8.1_34.2,2025-12-20,8.650857142857143,7,2025-12-20T11:00:00Z,2025-12-20T16:00:00Z,FALSE
9.1_17.2,2024-11-12,1.9336666666666666,6,2024-11-12T21:30:00Z,2024-11-13T00:00:00Z,FALSE
9.1_17.2,2024-11-13,2.1715625,48,2024-11-13T00:30:00Z,2024-11-14T00:00:00Z,TRUE
9.1_17.2,2024-11-14,6.509166666666666,48,2024-11-14T00:30:00Z,2024-11-15T00:00:00Z,TRUE
9.1_17.2,2024-11-15,38.33289583333334,48,2024-11-15T00:30:00Z,2024-11-16T00:00:00Z,TRUE
9.1_17.2,2024-11-16,2.7332083333333332,48,2024-11-16T00:30:00Z,2024-11-17T00:00:00Z,TRUE
9.1_17.2,2024-11-17,9.0215625,48,2024-11-17T00:30:00Z,2024-11-18T00:00:00Z,TRUE
9.1_17.2,2024-11-18,15.787791666666667,48,2024-11-18T00:30:00Z,2024-11-19T00:00:00Z,TRUE
9.1_17.2,2024-11-19,14.189468085106384,47,2024-11-19T00:30:00Z,2024-11-20T00:00:00Z,TRUE
9.1_17.2,2024-11-20,7.865083333333334,48,2024-11-20T00:30:00Z,2024-11-21T00:00:00Z,TRUE
9.1_17.2,2024-11-21,3.2050425531914892,47,2024-11-21T00:30:00Z,2024-11-22T00:00:00Z,TRUE
9.1_17.2,2024-11-22,4.923416666666666,48,2024-11-22T00:30:00Z,2024-11-23T00:00:00Z,TRUE
9.1_17.2,2024-11-23,1.5092820512820513,39,2024-11-23T00:30:00Z,2024-11-23T23:30:00Z,TRUE
9.1_17.2,2024-11-24,12.459233333333334,30,2024-11-24T00:30:00Z,2024-11-25T00:00:00Z,FALSE
9.1_17.2,2024-11-25,11.391923076923076,39,2024-11-25T00:30:00Z,2024-11-26T00:00:00Z,TRUE
9.1_17.2,2024-11-26,7.797458333333334,48,2024-11-26T00:30:00Z,2024-11-27T00:00:00Z,TRUE
9.1_17.2,2024-11-27,4.7306875,48,2024-11-27T00:30:00Z,2024-11-28T00:00:00Z,TRUE
9.1_17.2,2024-11-28,9.835270833333333,48,2024-11-28T00:30:00Z,2024-11-29T00:00:00Z,TRUE
9.1_17.2,2024-11-29,6.759354166666666,48,2024-11-29T00:30:00Z,2024-11-30T00:00:00Z,TRUE
9.1_17.2,2024-11-30,5.501541666666666,48,2024-11-30T00:30:00Z,2024-12-01T00:00:00Z,TRUE
9.1_17.2,2024-12-01,4.1493125,48,2024-12-01T00:30:00Z,2024-12-02T00:00:00Z,TRUE
9.1_17.2,2024-12-02,7.015333333333333,48,2024-12-02T00:30:00Z,2024-12-03T00:00:00Z,TRUE
9.1_17.2,2024-12-03,11.199270833333333,48,2024-12-03T00:30:00Z,2024-12-04T00:00:00Z,TRUE
9.1_17.2,2024-12-04,9.942604166666667,48,2024-12-04T00:30:00Z,2024-12-05T00:00:00Z,TRUE
9.1_17.2,2024-12-05,4.383934782608696,46,2024-12-05T00:30:00Z,2024-12-06T00:00:00Z,TRUE
9.1_17.2,2024-12-06,3.0206458333333335,48,2024-12-06T00:30:00Z,2024-12-07T00:00:00Z,TRUE
9.1_17.2,2024-12-07,3.0816041666666667,48,2024-12-07T00:30:00Z,2024-12-08T00:00:00Z,TRUE
9.1_17.2,2024-12-08,4.586229166666667,48,2024-12-08T00:30:00Z,2024-12-09T00:00:00Z,TRUE
9.1_17.2,2024-12-09,6.910777777777778,45,2024-12-09T00:30:00Z,2024-12-10T00:00:00Z,TRUE
9.1_17.2,2024-12-10,29.5935625,32,2024-12-10T01:00:00Z,2024-12-11T00:00:00Z,FALSE
9.1_17.2,2024-12-11,29.69503703703704,27,2024-12-11T00:30:00Z,2024-12-11T23:30:00Z,FALSE
9.1_17.2,2024-12-12,4.130095238095238,42,2024-12-12T00:30:00Z,2024-12-13T00:00:00Z,TRUE
9.1_17.2,2024-12-13,3.594854166666667,48,2024-12-13T00:30:00Z,2024-12-14T00:00:00Z,TRUE
9.1_17.2,2024-12-14,5.5020625,48,2024-12-14T00:30:00Z,2024-12-15T00:00:00Z,TRUE
9.1_17.2,2024-12-15,17.037875,48,2024-12-15T00:30:00Z,2024-12-16T00:00:00Z,TRUE
9.1_17.2,2024-12-16,36.37862857142857,35,2024-12-16T00:30:00Z,2024-12-17T00:00:00Z,FALSE
9.1_17.2,2024-12-17,8.940605263157895,38,2024-12-17T00:30:00Z,2024-12-18T00:00:00Z,TRUE
9.1_17.2,2024-12-18,38.8671875,48,2024-12-18T00:30:00Z,2024-12-19T00:00:00Z,TRUE
9.1_17.2,2024-12-19,4.425,48,2024-12-19T00:30:00Z,2024-12-20T00:00:00Z,TRUE
9.1_17.2,2024-12-20,13.258875000000002,48,2024-12-20T00:30:00Z,2024-12-21T00:00:00Z,TRUE
9.1_17.2,2024-12-21,2.3794468085106386,47,2024-12-21T00:30:00Z,2024-12-22T00:00:00Z,TRUE
9.1_17.2,2024-12-22,2.0318958333333335,48,2024-12-22T00:30:00Z,2024-12-23T00:00:00Z,TRUE
9.1_17.2,2024-12-23,5.000333333333334,48,2024-12-23T00:30:00Z,2024-12-24T00:00:00Z,TRUE
9.1_17.2,2024-12-24,15.826770833333335,48,2024-12-24T00:30:00Z,2024-12-25T00:00:00Z,TRUE
9.1_17.2,2024-12-25,19.315645833333335,48,2024-12-25T00:30:00Z,2024-12-26T00:00:00Z,TRUE
9.1_17.2,2024-12-26,10.350229166666667,48,2024-12-26T00:30:00Z,2024-12-27T00:00:00Z,TRUE
9.1_17.2,2024-12-27,9.786021739130435,46,2024-12-27T00:30:00Z,2024-12-28T00:00:00Z,TRUE
9.1_17.2,2024-12-28,4.522125,48,2024-12-28T00:30:00Z,2024-12-29T00:00:00Z,TRUE
9.1_17.2,2024-12-29,8.536380952380952,42,2024-12-29T00:30:00Z,2024-12-30T00:00:00Z,TRUE
9.1_17.2,2024-12-30,3.505025,40,2024-12-30T00:30:00Z,2024-12-31T00:00:00Z,TRUE
9.1_17.2,2024-12-31,9.71053846153846,39,2024-12-31T00:30:00Z,2025-01-01T00:00:00Z,TRUE
9.1_17.2,2025-01-01,6.422583333333334,48,2025-01-01T00:30:00Z,2025-01-02T00:00:00Z,TRUE
9.1_17.2,2025-01-02,6.9558125,48,2025-01-02T00:30:00Z,2025-01-03T00:00:00Z,TRUE
9.1_17.2,2025-01-03,8.1161875,48,2025-01-03T00:30:00Z,2025-01-04T00:00:00Z,TRUE
9.1_17.2,2025-01-04,1.9186666666666667,48,2025-01-04T00:30:00Z,2025-01-05T00:00:00Z,TRUE
9.1_17.2,2025-01-05,5.272958333333333,48,2025-01-05T00:30:00Z,2025-01-06T00:00:00Z,TRUE
9.1_17.2,2025-01-06,5.016541666666667,48,2025-01-06T00:30:00Z,2025-01-07T00:00:00Z,TRUE
9.1_17.2,2025-01-07,2.0171875,48,2025-01-07T00:30:00Z,2025-01-08T00:00:00Z,TRUE
9.1_17.2,2025-01-08,2.2207083333333335,48,2025-01-08T00:30:00Z,2025-01-09T00:00:00Z,TRUE
9.1_17.2,2025-01-09,2.2537291666666666,48,2025-01-09T00:30:00Z,2025-01-10T00:00:00Z,TRUE
9.1_17.2,2025-01-10,9.767416666666668,48,2025-01-10T00:30:00Z,2025-01-11T00:00:00Z,TRUE
9.1_17.2,2025-01-11,21.489708333333333,48,2025-01-11T00:30:00Z,2025-01-12T00:00:00Z,TRUE
9.1_17.2,2025-01-12,18.635348837209303,43,2025-01-12T00:30:00Z,2025-01-13T00:00:00Z,TRUE
9.1_17.2,2025-01-13,5.20675,48,2025-01-13T00:30:00Z,2025-01-14T00:00:00Z,TRUE
9.1_17.2,2025-01-14,3.3931063829787234,47,2025-01-14T00:30:00Z,2025-01-15T00:00:00Z,TRUE
9.1_17.2,2025-01-15,4.8271875,48,2025-01-15T00:30:00Z,2025-01-16T00:00:00Z,TRUE
9.1_17.2,2025-01-16,13.589354166666668,48,2025-01-16T00:30:00Z,2025-01-17T00:00:00Z,TRUE
9.1_17.2,2025-01-17,18.427659574468088,47,2025-01-17T00:30:00Z,2025-01-18T00:00:00Z,TRUE
9.1_17.2,2025-01-18,5.576833333333333,48,2025-01-18T00:30:00Z,2025-01-19T00:00:00Z,TRUE
9.1_17.2,2025-01-19,2.59336170212766,47,2025-01-19T00:30:00Z,2025-01-20T00:00:00Z,TRUE
9.1_17.2,2025-01-20,2.563833333333333,48,2025-01-20T00:30:00Z,2025-01-21T00:00:00Z,TRUE
9.1_17.2,2025-01-21,3.272125,48,2025-01-21T00:30:00Z,2025-01-22T00:00:00Z,TRUE
9.1_17.2,2025-01-22,2.1310208333333334,48,2025-01-22T00:30:00Z,2025-01-23T00:00:00Z,TRUE
9.1_17.2,2025-01-23,5.740347826086957,46,2025-01-23T00:30:00Z,2025-01-24T00:00:00Z,TRUE
9.1_17.2,2025-01-24,3.9160425531914895,47,2025-01-24T00:30:00Z,2025-01-25T00:00:00Z,TRUE
9.1_17.2,2025-01-25,8.05175,48,2025-01-25T00:30:00Z,2025-01-26T00:00:00Z,TRUE
9.1_17.2,2025-01-26,5.284583333333333,48,2025-01-26T00:30:00Z,2025-01-27T00:00:00Z,TRUE
9.1_17.2,2025-01-27,3.4800625000000003,48,2025-01-27T00:30:00Z,2025-01-28T00:00:00Z,TRUE
9.1_17.2,2025-01-28,3.653020833333333,48,2025-01-28T00:30:00Z,2025-01-29T00:00:00Z,TRUE
9.1_17.2,2025-01-29,2.9349583333333333,48,2025-01-29T00:30:00Z,2025-01-30T00:00:00Z,TRUE
9.1_17.2,2025-01-30,4.820333333333333,48,2025-01-30T00:30:00Z,2025-01-31T00:00:00Z,TRUE
9.1_17.2,2025-01-31,12.097083333333334,48,2025-01-31T00:30:00Z,2025-02-01T00:00:00Z,TRUE
9.1_17.2,2025-02-01,11.712062499999998,48,2025-02-01T00:30:00Z,2025-02-02T00:00:00Z,TRUE
9.1_17.2,2025-02-02,7.462958333333333,48,2025-02-02T00:30:00Z,2025-02-03T00:00:00Z,TRUE
9.1_17.2,2025-02-03,35.992875,48,2025-02-03T00:30:00Z,2025-02-04T00:00:00Z,TRUE
9.1_17.2,2025-02-04,7.994937499999997,48,2025-02-04T00:30:00Z,2025-02-05T00:00:00Z,TRUE
9.1_17.2,2025-02-05,2.045375,48,2025-02-05T00:30:00Z,2025-02-06T00:00:00Z,TRUE
9.1_17.2,2025-02-06,5.767625,48,2025-02-06T00:30:00Z,2025-02-07T00:00:00Z,TRUE
9.1_17.2,2025-02-07,6.731,9,2025-02-07T00:30:00Z,2025-02-07T04:30:00Z,FALSE
9.1_17.2,2025-05-07,5.2741,10,2025-05-07T19:30:00Z,2025-05-08T00:00:00Z,FALSE
9.1_17.2,2025-05-08,8.143020833333333,48,2025-05-08T00:30:00Z,2025-05-09T00:00:00Z,TRUE
9.1_17.2,2025-05-09,6.9088125,48,2025-05-09T00:30:00Z,2025-05-10T00:00:00Z,TRUE
9.1_17.2,2025-05-10,4.898166666666667,48,2025-05-10T00:30:00Z,2025-05-11T00:00:00Z,TRUE
9.1_17.2,2025-05-11,4.247041666666666,48,2025-05-11T00:30:00Z,2025-05-12T00:00:00Z,TRUE
9.1_17.2,2025-05-12,6.8183125,48,2025-05-12T00:30:00Z,2025-05-13T00:00:00Z,TRUE
9.1_17.2,2025-05-13,7.1868541666666665,48,2025-05-13T00:30:00Z,2025-05-14T00:00:00Z,TRUE
9.1_17.2,2025-05-14,2.8694583333333332,48,2025-05-14T00:30:00Z,2025-05-15T00:00:00Z,TRUE
9.1_17.2,2025-05-15,13.6436875,48,2025-05-15T00:30:00Z,2025-05-16T00:00:00Z,TRUE
9.1_17.2,2025-05-16,7.184270833333334,48,2025-05-16T00:30:00Z,2025-05-17T00:00:00Z,TRUE
9.1_17.2,2025-05-17,3.9564375,48,2025-05-17T00:30:00Z,2025-05-18T00:00:00Z,TRUE
9.1_17.2,2025-05-18,5.164604166666667,48,2025-05-18T00:30:00Z,2025-05-19T00:00:00Z,TRUE
9.1_17.2,2025-05-19,6.232770833333333,48,2025-05-19T00:30:00Z,2025-05-20T00:00:00Z,TRUE
9.1_17.2,2025-05-20,5.6000625,48,2025-05-20T00:30:00Z,2025-05-21T00:00:00Z,TRUE
9.1_17.2,2025-05-21,12.310875,48,2025-05-21T00:30:00Z,2025-05-22T00:00:00Z,TRUE
9.1_17.2,2025-05-22,5.978229166666666,48,2025-05-22T00:30:00Z,2025-05-23T00:00:00Z,TRUE
9.1_17.2,2025-05-23,1.75,48,2025-05-23T00:30:00Z,2025-05-24T00:00:00Z,TRUE
9.1_17.2,2025-05-24,1.5964791666666667,48,2025-05-24T00:30:00Z,2025-05-25T00:00:00Z,TRUE
9.1_17.2,2025-05-25,6.419041666666668,48,2025-05-25T00:30:00Z,2025-05-26T00:00:00Z,TRUE
9.1_17.2,2025-05-26,9.505104166666667,48,2025-05-26T00:30:00Z,2025-05-27T00:00:00Z,TRUE
9.1_17.2,2025-05-27,4.057666666666667,48,2025-05-27T00:30:00Z,2025-05-28T00:00:00Z,TRUE
9.1_17.2,2025-05-28,3.375395833333333,48,2025-05-28T00:30:00Z,2025-05-29T00:00:00Z,TRUE
9.1_17.2,2025-05-29,19.805854166666666,48,2025-05-29T00:30:00Z,2025-05-30T00:00:00Z,TRUE
9.1_17.2,2025-05-30,12.137333333333332,48,2025-05-30T00:30:00Z,2025-05-31T00:00:00Z,TRUE
9.1_17.2,2025-05-31,8.400083333333335,48,2025-05-31T00:30:00Z,2025-06-01T00:00:00Z,TRUE
9.1_17.2,2025-06-01,6.036479166666667,48,2025-06-01T00:30:00Z,2025-06-02T00:00:00Z,TRUE
9.1_17.2,2025-06-02,5.4463125,48,2025-06-02T00:30:00Z,2025-06-03T00:00:00Z,TRUE
9.1_17.2,2025-06-03,9.363541666666666,48,2025-06-03T00:30:00Z,2025-06-04T00:00:00Z,TRUE
9.1_17.2,2025-06-04,27.546916666666668,48,2025-06-04T00:30:00Z,2025-06-05T00:00:00Z,TRUE
9.1_17.2,2025-06-05,31.09475,48,2025-06-05T00:30:00Z,2025-06-06T00:00:00Z,TRUE
9.1_17.2,2025-06-06,52.35525,48,2025-06-06T00:30:00Z,2025-06-07T00:00:00Z,TRUE
9.1_17.2,2025-06-07,49.71874468085107,47,2025-06-07T00:30:00Z,2025-06-08T00:00:00Z,TRUE
9.1_17.2,2025-06-08,46.28870833333333,48,2025-06-08T00:30:00Z,2025-06-09T00:00:00Z,TRUE
9.1_17.2,2025-06-09,23.7728125,48,2025-06-09T00:30:00Z,2025-06-10T00:00:00Z,TRUE
9.1_17.2,2025-06-10,11.729770833333333,48,2025-06-10T00:30:00Z,2025-06-11T00:00:00Z,TRUE
9.1_17.2,2025-06-11,15.724020833333332,48,2025-06-11T00:30:00Z,2025-06-12T00:00:00Z,TRUE
9.1_17.2,2025-06-12,23.3505,48,2025-06-12T00:30:00Z,2025-06-13T00:00:00Z,TRUE
9.1_17.2,2025-06-13,23.277916666666666,48,2025-06-13T00:30:00Z,2025-06-14T00:00:00Z,TRUE
9.1_17.2,2025-06-14,18.70525,48,2025-06-14T00:30:00Z,2025-06-15T00:00:00Z,TRUE
9.1_17.2,2025-06-15,12.869,48,2025-06-15T00:30:00Z,2025-06-16T00:00:00Z,TRUE
9.1_17.2,2025-06-16,10.804895833333333,48,2025-06-16T00:30:00Z,2025-06-17T00:00:00Z,TRUE
9.1_17.2,2025-06-17,13.660708333333334,48,2025-06-17T00:30:00Z,2025-06-18T00:00:00Z,TRUE
9.1_17.2,2025-06-18,9.455375,48,2025-06-18T00:30:00Z,2025-06-19T00:00:00Z,TRUE
9.1_17.2,2025-06-19,6.857020833333333,48,2025-06-19T00:30:00Z,2025-06-20T00:00:00Z,TRUE
9.1_17.2,2025-06-20,8.208625,48,2025-06-20T00:30:00Z,2025-06-21T00:00:00Z,TRUE
9.1_17.2,2025-06-21,13.856499999999999,48,2025-06-21T00:30:00Z,2025-06-22T00:00:00Z,TRUE
9.1_17.2,2025-06-22,9.066041666666667,48,2025-06-22T00:30:00Z,2025-06-23T00:00:00Z,TRUE
9.1_17.2,2025-06-23,9.1370625,48,2025-06-23T00:30:00Z,2025-06-24T00:00:00Z,TRUE
9.1_17.2,2025-06-24,9.533,48,2025-06-24T00:30:00Z,2025-06-25T00:00:00Z,TRUE
9.1_17.2,2025-06-25,12.565291666666667,48,2025-06-25T00:30:00Z,2025-06-26T00:00:00Z,TRUE
9.1_17.2,2025-06-26,14.9441875,48,2025-06-26T00:30:00Z,2025-06-27T00:00:00Z,TRUE
9.1_17.2,2025-06-27,13.270041666666666,48,2025-06-27T00:30:00Z,2025-06-28T00:00:00Z,TRUE
9.1_17.2,2025-06-28,10.623916666666668,48,2025-06-28T00:30:00Z,2025-06-29T00:00:00Z,TRUE
9.1_17.2,2025-06-29,6.063104166666666,48,2025-06-29T00:30:00Z,2025-06-30T00:00:00Z,TRUE
9.1_17.2,2025-06-30,11.264479166666666,48,2025-06-30T00:30:00Z,2025-07-01T00:00:00Z,TRUE
9.1_17.2,2025-07-01,8.571708333333333,48,2025-07-01T00:30:00Z,2025-07-02T00:00:00Z,TRUE
9.1_17.2,2025-07-02,9.180041666666668,48,2025-07-02T00:30:00Z,2025-07-03T00:00:00Z,TRUE
9.1_17.2,2025-07-03,18.103083333333334,48,2025-07-03T00:30:00Z,2025-07-04T00:00:00Z,TRUE
9.1_17.2,2025-07-04,20.612270833333334,48,2025-07-04T00:30:00Z,2025-07-05T00:00:00Z,TRUE
9.1_17.2,2025-07-05,26.50858333333333,48,2025-07-05T00:30:00Z,2025-07-06T00:00:00Z,TRUE
9.1_17.2,2025-07-06,11.6711875,48,2025-07-06T00:30:00Z,2025-07-07T00:00:00Z,TRUE
9.1_17.2,2025-07-07,9.784354166666667,48,2025-07-07T00:30:00Z,2025-07-08T00:00:00Z,TRUE
9.1_17.2,2025-07-08,14.308041666666668,48,2025-07-08T00:30:00Z,2025-07-09T00:00:00Z,TRUE
9.1_17.2,2025-07-09,24.36119512195122,41,2025-07-09T00:30:00Z,2025-07-10T00:00:00Z,TRUE
9.1_17.2,2025-07-10,21.93058333333333,48,2025-07-10T00:30:00Z,2025-07-11T00:00:00Z,TRUE
9.1_17.2,2025-07-11,15.786354166666667,48,2025-07-11T00:30:00Z,2025-07-12T00:00:00Z,TRUE
9.1_17.2,2025-07-12,10.30175,48,2025-07-12T00:30:00Z,2025-07-13T00:00:00Z,TRUE
9.1_17.2,2025-07-13,5.4031875,48,2025-07-13T00:30:00Z,2025-07-14T00:00:00Z,TRUE
9.1_17.2,2025-07-14,23.207041666666665,48,2025-07-14T00:30:00Z,2025-07-15T00:00:00Z,TRUE
9.1_17.2,2025-07-15,38.07170833333333,48,2025-07-15T00:30:00Z,2025-07-16T00:00:00Z,TRUE
9.1_17.2,2025-07-16,41.70466666666667,48,2025-07-16T00:30:00Z,2025-07-17T00:00:00Z,TRUE
9.1_17.2,2025-07-17,10.944812500000001,48,2025-07-17T00:30:00Z,2025-07-18T00:00:00Z,TRUE
9.1_17.2,2025-07-18,2.13875,48,2025-07-18T00:30:00Z,2025-07-19T00:00:00Z,TRUE
9.1_17.2,2025-07-19,4.107354166666667,48,2025-07-19T00:30:00Z,2025-07-20T00:00:00Z,TRUE
9.1_17.2,2025-07-20,7.086749999999999,48,2025-07-20T00:30:00Z,2025-07-21T00:00:00Z,TRUE
9.1_17.2,2025-07-21,22.47372916666667,48,2025-07-21T00:30:00Z,2025-07-22T00:00:00Z,TRUE
9.1_17.2,2025-07-22,6.854958333333333,48,2025-07-22T00:30:00Z,2025-07-23T00:00:00Z,TRUE
9.1_17.2,2025-07-23,4.514458333333334,48,2025-07-23T00:30:00Z,2025-07-24T00:00:00Z,TRUE
9.1_17.2,2025-07-24,15.8330625,48,2025-07-24T00:30:00Z,2025-07-25T00:00:00Z,TRUE
9.1_17.2,2025-07-25,16.423645833333335,48,2025-07-25T00:30:00Z,2025-07-26T00:00:00Z,TRUE
9.1_17.2,2025-07-26,13.9485625,48,2025-07-26T00:30:00Z,2025-07-27T00:00:00Z,TRUE
9.1_17.2,2025-07-27,11.943458333333334,48,2025-07-27T00:30:00Z,2025-07-28T00:00:00Z,TRUE
9.1_17.2,2025-07-28,15.637166666666666,48,2025-07-28T00:30:00Z,2025-07-29T00:00:00Z,TRUE
9.1_17.2,2025-07-29,10.327520833333333,48,2025-07-29T00:30:00Z,2025-07-30T00:00:00Z,TRUE
9.1_17.2,2025-07-30,15.163479166666667,48,2025-07-30T00:30:00Z,2025-07-31T00:00:00Z,TRUE
9.1_17.2,2025-07-31,43.620625,48,2025-07-31T00:30:00Z,2025-08-01T00:00:00Z,TRUE
9.1_17.2,2025-08-01,19.845645833333332,48,2025-08-01T00:30:00Z,2025-08-02T00:00:00Z,TRUE
9.1_17.2,2025-08-02,6.7960416666666665,48,2025-08-02T00:30:00Z,2025-08-03T00:00:00Z,TRUE
9.1_17.2,2025-08-03,13.132833333333332,48,2025-08-03T00:30:00Z,2025-08-04T00:00:00Z,TRUE
9.1_17.2,2025-08-04,41.9798125,48,2025-08-04T00:30:00Z,2025-08-05T00:00:00Z,TRUE
9.1_17.2,2025-08-05,44.1886875,48,2025-08-05T00:30:00Z,2025-08-06T00:00:00Z,TRUE
9.1_17.2,2025-08-06,25.879833333333334,48,2025-08-06T00:30:00Z,2025-08-07T00:00:00Z,TRUE
9.1_17.2,2025-08-07,22.2429375,48,2025-08-07T00:30:00Z,2025-08-08T00:00:00Z,TRUE
9.1_17.2,2025-08-08,18.107770833333333,48,2025-08-08T00:30:00Z,2025-08-09T00:00:00Z,TRUE
9.1_17.2,2025-08-09,22.319020833333333,48,2025-08-09T00:30:00Z,2025-08-10T00:00:00Z,TRUE
9.1_17.2,2025-08-10,28.467666666666666,48,2025-08-10T00:30:00Z,2025-08-11T00:00:00Z,TRUE
9.1_17.2,2025-08-11,22.167312499999998,48,2025-08-11T00:30:00Z,2025-08-12T00:00:00Z,TRUE
9.1_17.2,2025-08-12,14.428291666666667,48,2025-08-12T00:30:00Z,2025-08-13T00:00:00Z,TRUE
9.1_17.2,2025-08-13,9.760479166666668,48,2025-08-13T00:30:00Z,2025-08-14T00:00:00Z,TRUE
9.1_17.2,2025-08-14,18.197875,48,2025-08-14T00:30:00Z,2025-08-15T00:00:00Z,TRUE
9.1_17.2,2025-08-15,28.424979166666667,48,2025-08-15T00:30:00Z,2025-08-16T00:00:00Z,TRUE
9.1_17.2,2025-08-16,22.082895833333332,48,2025-08-16T00:30:00Z,2025-08-17T00:00:00Z,TRUE
9.1_17.2,2025-08-17,15.362645833333334,48,2025-08-17T00:30:00Z,2025-08-18T00:00:00Z,TRUE
9.1_17.2,2025-08-18,3.221125,48,2025-08-18T00:30:00Z,2025-08-19T00:00:00Z,TRUE
9.1_17.2,2025-08-19,7.736604166666666,48,2025-08-19T00:30:00Z,2025-08-20T00:00:00Z,TRUE
9.1_17.2,2025-08-20,26.36895833333333,48,2025-08-20T00:30:00Z,2025-08-21T00:00:00Z,TRUE
9.1_17.2,2025-08-21,2.8414375,48,2025-08-21T00:30:00Z,2025-08-22T00:00:00Z,TRUE
9.1_17.2,2025-08-22,2.330041666666667,48,2025-08-22T00:30:00Z,2025-08-23T00:00:00Z,TRUE
9.1_17.2,2025-08-23,8.7658125,48,2025-08-23T00:30:00Z,2025-08-24T00:00:00Z,TRUE
9.1_17.2,2025-08-24,6.152895833333334,48,2025-08-24T00:30:00Z,2025-08-25T00:00:00Z,TRUE
9.1_17.2,2025-08-25,2.571270833333333,48,2025-08-25T00:30:00Z,2025-08-26T00:00:00Z,TRUE
9.1_17.2,2025-08-26,3.8929791666666667,48,2025-08-26T00:30:00Z,2025-08-27T00:00:00Z,TRUE
9.1_17.2,2025-08-27,4.658833333333333,48,2025-08-27T00:30:00Z,2025-08-28T00:00:00Z,TRUE
9.1_17.2,2025-08-28,5.747416666666667,48,2025-08-28T00:30:00Z,2025-08-29T00:00:00Z,TRUE
9.1_17.2,2025-08-29,3.8799999999999994,48,2025-08-29T00:30:00Z,2025-08-30T00:00:00Z,TRUE
9.1_17.2,2025-08-30,4.089875,48,2025-08-30T00:30:00Z,2025-08-31T00:00:00Z,TRUE
9.1_17.2,2025-08-31,6.233895833333333,48,2025-08-31T00:30:00Z,2025-09-01T00:00:00Z,TRUE
9.1_17.2,2025-09-01,6.099104166666667,48,2025-09-01T00:30:00Z,2025-09-02T00:00:00Z,TRUE
9.1_17.2,2025-09-02,5.848645833333333,48,2025-09-02T00:30:00Z,2025-09-03T00:00:00Z,TRUE
9.1_17.2,2025-09-03,7.730874999999999,48,2025-09-03T00:30:00Z,2025-09-04T00:00:00Z,TRUE
9.1_17.2,2025-09-04,8.278041666666667,48,2025-09-04T00:30:00Z,2025-09-05T00:00:00Z,TRUE
9.1_17.2,2025-09-05,20.923458333333333,48,2025-09-05T00:30:00Z,2025-09-06T00:00:00Z,TRUE
9.1_17.2,2025-09-06,4.3720625,48,2025-09-06T00:30:00Z,2025-09-07T00:00:00Z,TRUE
9.1_17.2,2025-09-07,3.2365833333333334,48,2025-09-07T00:30:00Z,2025-09-08T00:00:00Z,TRUE
9.1_17.2,2025-09-08,6.536041666666667,48,2025-09-08T00:30:00Z,2025-09-09T00:00:00Z,TRUE
9.1_17.2,2025-09-09,4.856833333333333,48,2025-09-09T00:30:00Z,2025-09-10T00:00:00Z,TRUE
9.1_17.2,2025-09-10,6.618145833333333,48,2025-09-10T00:30:00Z,2025-09-11T00:00:00Z,TRUE
9.1_17.2,2025-09-11,12.332749999999999,48,2025-09-11T00:30:00Z,2025-09-12T00:00:00Z,TRUE
9.1_17.2,2025-09-12,16.873604166666667,48,2025-09-12T00:30:00Z,2025-09-13T00:00:00Z,TRUE
9.1_17.2,2025-09-13,10.864875,48,2025-09-13T00:30:00Z,2025-09-14T00:00:00Z,TRUE
9.1_17.2,2025-09-14,22.871187499999998,48,2025-09-14T00:30:00Z,2025-09-15T00:00:00Z,TRUE
9.1_17.2,2025-09-15,13.163833333333333,48,2025-09-15T00:30:00Z,2025-09-16T00:00:00Z,TRUE
9.1_17.2,2025-09-16,10.092625,48,2025-09-16T00:30:00Z,2025-09-17T00:00:00Z,TRUE
9.1_17.2,2025-09-17,19.628833333333333,48,2025-09-17T00:30:00Z,2025-09-18T00:00:00Z,TRUE
9.1_17.2,2025-09-18,16.279666666666667,48,2025-09-18T00:30:00Z,2025-09-19T00:00:00Z,TRUE
9.1_17.2,2025-09-19,14.240375,48,2025-09-19T00:30:00Z,2025-09-20T00:00:00Z,TRUE
9.1_17.2,2025-09-20,4.406625,48,2025-09-20T00:30:00Z,2025-09-21T00:00:00Z,TRUE
9.1_17.2,2025-09-21,12.3386875,48,2025-09-21T00:30:00Z,2025-09-22T00:00:00Z,TRUE
9.1_17.2,2025-09-22,13.7228125,48,2025-09-22T00:30:00Z,2025-09-23T00:00:00Z,TRUE
9.1_17.2,2025-09-23,10.016125,48,2025-09-23T00:30:00Z,2025-09-24T00:00:00Z,TRUE
9.1_17.2,2025-09-24,13.038895833333333,48,2025-09-24T00:30:00Z,2025-09-25T00:00:00Z,TRUE
9.1_17.2,2025-09-25,24.788333333333334,48,2025-09-25T00:30:00Z,2025-09-26T00:00:00Z,TRUE
9.1_17.2,2025-09-26,29.68927083333333,48,2025-09-26T00:30:00Z,2025-09-27T00:00:00Z,TRUE
9.1_17.2,2025-09-27,13.542041666666666,48,2025-09-27T00:30:00Z,2025-09-28T00:00:00Z,TRUE
9.1_17.2,2025-09-28,12.831000000000001,48,2025-09-28T00:30:00Z,2025-09-29T00:00:00Z,TRUE
9.1_17.2,2025-09-29,13.733354166666667,48,2025-09-29T00:30:00Z,2025-09-30T00:00:00Z,TRUE
9.1_17.2,2025-09-30,10.299083333333332,48,2025-09-30T00:30:00Z,2025-10-01T00:00:00Z,TRUE
9.1_17.2,2025-10-01,2.5224583333333332,48,2025-10-01T00:30:00Z,2025-10-02T00:00:00Z,TRUE
9.1_17.2,2025-10-02,3.888875,32,2025-10-02T00:30:00Z,2025-10-02T16:00:00Z,FALSE
9.1_17.2,2025-10-03,7.799735294117647,34,2025-10-03T05:30:00Z,2025-10-04T00:00:00Z,FALSE
9.1_17.2,2025-10-04,11.905895833333334,48,2025-10-04T00:30:00Z,2025-10-05T00:00:00Z,TRUE
9.1_17.2,2025-10-05,13.337770833333334,48,2025-10-05T00:30:00Z,2025-10-06T00:00:00Z,TRUE
9.1_17.2,2025-10-06,6.031604166666667,48,2025-10-06T00:30:00Z,2025-10-07T00:00:00Z,TRUE
9.1_17.2,2025-10-07,5.5453125,48,2025-10-07T00:30:00Z,2025-10-08T00:00:00Z,TRUE
9.1_17.2,2025-10-08,1.7303125,48,2025-10-08T00:30:00Z,2025-10-09T00:00:00Z,TRUE
9.1_17.2,2025-10-09,1.9670208333333332,48,2025-10-09T00:30:00Z,2025-10-10T00:00:00Z,TRUE
9.1_17.2,2025-10-10,4.827854166666667,48,2025-10-10T00:30:00Z,2025-10-11T00:00:00Z,TRUE
9.1_17.2,2025-10-11,3.0658333333333334,48,2025-10-11T00:30:00Z,2025-10-12T00:00:00Z,TRUE
9.1_17.2,2025-10-12,6.3523125,48,2025-10-12T00:30:00Z,2025-10-13T00:00:00Z,TRUE
9.1_17.2,2025-10-13,6.34436170212766,47,2025-10-13T00:30:00Z,2025-10-13T23:30:00Z,TRUE
9.1_17.2,2025-10-15,2.4385,6,2025-10-15T04:00:00Z,2025-10-15T14:30:00Z,FALSE
9.1_17.2,2025-10-19,7.523333333333333,30,2025-10-19T09:30:00Z,2025-10-20T00:00:00Z,FALSE
9.1_17.2,2025-10-20,2.4653953488372093,43,2025-10-20T00:30:00Z,2025-10-21T00:00:00Z,TRUE
9.1_17.2,2025-10-21,3.7285416666666666,48,2025-10-21T00:30:00Z,2025-10-22T00:00:00Z,TRUE
9.1_17.2,2025-10-22,3.0052708333333333,48,2025-10-22T00:30:00Z,2025-10-23T00:00:00Z,TRUE
9.1_17.2,2025-10-23,2.924375,48,2025-10-23T00:30:00Z,2025-10-24T00:00:00Z,TRUE
9.1_17.2,2025-10-24,3.2809166666666667,48,2025-10-24T00:30:00Z,2025-10-25T00:00:00Z,TRUE
9.1_17.2,2025-10-25,5.258479166666667,48,2025-10-25T00:30:00Z,2025-10-26T00:00:00Z,TRUE
9.1_17.2,2025-10-26,7.6040625,48,2025-10-26T00:30:00Z,2025-10-27T00:00:00Z,TRUE
9.1_17.2,2025-10-27,3.215020833333333,48,2025-10-27T00:30:00Z,2025-10-28T00:00:00Z,TRUE
9.1_17.2,2025-10-28,2.7137083333333334,48,2025-10-28T00:30:00Z,2025-10-29T00:00:00Z,TRUE
9.1_17.2,2025-10-29,3.3991458333333333,48,2025-10-29T00:30:00Z,2025-10-30T00:00:00Z,TRUE
9.1_17.2,2025-10-30,3.542222222222222,45,2025-10-30T02:00:00Z,2025-10-31T00:00:00Z,TRUE
9.1_17.2,2025-10-31,3.7661249999999997,48,2025-10-31T00:30:00Z,2025-11-01T00:00:00Z,TRUE
9.1_17.2,2025-11-01,10.60725,48,2025-11-01T00:30:00Z,2025-11-02T00:00:00Z,TRUE
9.1_17.2,2025-11-02,23.613791666666668,48,2025-11-02T00:30:00Z,2025-11-03T00:00:00Z,TRUE
9.1_17.2,2025-11-03,16.779520833333333,48,2025-11-03T00:30:00Z,2025-11-04T00:00:00Z,TRUE
9.1_17.2,2025-11-04,2.4124375000000002,48,2025-11-04T00:30:00Z,2025-11-05T00:00:00Z,TRUE
9.1_17.2,2025-11-05,5.789104166666667,48,2025-11-05T00:30:00Z,2025-11-06T00:00:00Z,TRUE
9.1_17.2,2025-11-06,2.3742083333333333,48,2025-11-06T00:30:00Z,2025-11-07T00:00:00Z,TRUE
9.1_17.2,2025-11-07,10.329541666666666,48,2025-11-07T00:30:00Z,2025-11-08T00:00:00Z,TRUE
9.1_17.2,2025-11-08,9.381916666666665,48,2025-11-08T00:30:00Z,2025-11-09T00:00:00Z,TRUE
9.1_17.2,2025-11-09,8.779979166666667,48,2025-11-09T00:30:00Z,2025-11-10T00:00:00Z,TRUE
9.1_17.2,2025-11-10,1.7287083333333333,48,2025-11-10T00:30:00Z,2025-11-11T00:00:00Z,TRUE
9.1_17.2,2025-11-11,5.986520833333333,48,2025-11-11T00:30:00Z,2025-11-12T00:00:00Z,TRUE
9.1_17.2,2025-11-12,5.036625,48,2025-11-12T00:30:00Z,2025-11-13T00:00:00Z,TRUE
9.1_17.2,2025-11-13,3.1665,48,2025-11-13T00:30:00Z,2025-11-14T00:00:00Z,TRUE
9.1_17.2,2025-11-14,9.490979166666667,48,2025-11-14T00:30:00Z,2025-11-15T00:00:00Z,TRUE
9.1_17.2,2025-11-15,17.240145833333333,48,2025-11-15T00:30:00Z,2025-11-16T00:00:00Z,TRUE
9.1_17.2,2025-11-16,3.611583333333334,48,2025-11-16T00:30:00Z,2025-11-17T00:00:00Z,TRUE
9.1_17.2,2025-11-17,1.829125,48,2025-11-17T00:30:00Z,2025-11-18T00:00:00Z,TRUE
9.1_17.2,2025-11-18,12.403083333333333,48,2025-11-18T00:30:00Z,2025-11-19T00:00:00Z,TRUE
9.1_17.2,2025-11-19,16.43135416666667,48,2025-11-19T00:30:00Z,2025-11-20T00:00:00Z,TRUE
9.1_17.2,2025-11-20,31.260644444444445,45,2025-11-20T00:30:00Z,2025-11-21T00:00:00Z,TRUE
9.1_17.2,2025-11-21,25.605708333333332,48,2025-11-21T00:30:00Z,2025-11-22T00:00:00Z,TRUE
9.1_17.2,2025-11-22,14.3804375,48,2025-11-22T00:30:00Z,2025-11-23T00:00:00Z,TRUE
9.1_17.2,2025-11-23,14.091625,48,2025-11-23T00:30:00Z,2025-11-24T00:00:00Z,TRUE
9.1_17.2,2025-11-24,6.0425,48,2025-11-24T00:30:00Z,2025-11-25T00:00:00Z,TRUE
9.1_17.2,2025-11-25,8.894870967741936,31,2025-11-25T00:30:00Z,2025-11-25T18:30:00Z,FALSE
9.1_17.2,2025-11-26,8.912341463414634,41,2025-11-26T04:00:00Z,2025-11-27T00:00:00Z,TRUE
9.1_17.2,2025-11-27,3.9723750000000004,48,2025-11-27T00:30:00Z,2025-11-28T00:00:00Z,TRUE
9.1_17.2,2025-11-28,3.4099166666666667,48,2025-11-28T00:30:00Z,2025-11-29T00:00:00Z,TRUE
9.1_17.2,2025-11-29,4.9768333333333334,48,2025-11-29T00:30:00Z,2025-11-30T00:00:00Z,TRUE
9.1_17.2,2025-11-30,9.2775625,48,2025-11-30T00:30:00Z,2025-12-01T00:00:00Z,TRUE
9.1_17.2,2025-12-01,5.787791666666666,48,2025-12-01T00:30:00Z,2025-12-02T00:00:00Z,TRUE
9.1_17.2,2025-12-02,13.55331914893617,47,2025-12-02T00:30:00Z,2025-12-03T00:00:00Z,TRUE
9.1_17.2,2025-12-03,22.656416666666665,48,2025-12-03T00:30:00Z,2025-12-04T00:00:00Z,TRUE
9.1_17.2,2025-12-04,20.368875000000003,48,2025-12-04T00:30:00Z,2025-12-05T00:00:00Z,TRUE
9.1_17.2,2025-12-05,9.826812499999999,48,2025-12-05T00:30:00Z,2025-12-06T00:00:00Z,TRUE
9.1_17.2,2025-12-06,29.067604166666666,48,2025-12-06T00:30:00Z,2025-12-07T00:00:00Z,TRUE
9.1_17.2,2025-12-07,23.460291666666667,48,2025-12-07T00:30:00Z,2025-12-08T00:00:00Z,TRUE
9.1_17.2,2025-12-08,3.580375,48,2025-12-08T00:30:00Z,2025-12-09T00:00:00Z,TRUE
9.1_17.2,2025-12-09,7.3616874999999995,48,2025-12-09T00:30:00Z,2025-12-10T00:00:00Z,TRUE
9.1_17.2,2025-12-10,12.650604166666666,48,2025-12-10T00:30:00Z,2025-12-11T00:00:00Z,TRUE
9.1_17.2,2025-12-11,2.087833333333333,48,2025-12-11T00:30:00Z,2025-12-12T00:00:00Z,TRUE
9.1_17.2,2025-12-12,5.9533958333333334,48,2025-12-12T00:30:00Z,2025-12-13T00:00:00Z,TRUE
9.1_17.2,2025-12-13,20.012520833333333,48,2025-12-13T00:30:00Z,2025-12-14T00:00:00Z,TRUE
9.1_17.2,2025-12-14,3.4264166666666664,48,2025-12-14T00:30:00Z,2025-12-15T00:00:00Z,TRUE
9.1_17.2,2025-12-15,8.580041666666666,48,2025-12-15T00:30:00Z,2025-12-16T00:00:00Z,TRUE
9.1_17.2,2025-12-16,10.472104166666666,48,2025-12-16T00:30:00Z,2025-12-17T00:00:00Z,TRUE
9.1_17.2,2025-12-17,12.961958333333333,48,2025-12-17T00:30:00Z,2025-12-18T00:00:00Z,TRUE
9.1_17.2,2025-12-18,15.347666666666667,48,2025-12-18T00:30:00Z,2025-12-19T00:00:00Z,TRUE
9.1_17.2,2025-12-19,7.7455,48,2025-12-19T00:30:00Z,2025-12-20T00:00:00Z,TRUE
9.1_17.2,2025-12-20,8.288729166666666,48,2025-12-20T00:30:00Z,2025-12-21T00:00:00Z,TRUE
9.1_17.2,2025-12-21,4.7087916666666665,48,2025-12-21T00:30:00Z,2025-12-22T00:00:00Z,TRUE
9.1_17.2,2025-12-22,11.934395833333333,48,2025-12-22T00:30:00Z,2025-12-23T00:00:00Z,TRUE
9.1_17.2,2025-12-23,18.492,48,2025-12-23T00:30:00Z,2025-12-24T00:00:00Z,TRUE
9.1_17.2,2025-12-24,20.90747916666667,48,2025-12-24T00:30:00Z,2025-12-25T00:00:00Z,TRUE
9.1_17.2,2025-12-25,23.913375000000002,48,2025-12-25T00:30:00Z,2025-12-26T00:00:00Z,TRUE
9.1_17.2,2025-12-26,16.172708333333333,48,2025-12-26T00:30:00Z,2025-12-27T00:00:00Z,TRUE
9.1_17.2,2025-12-27,13.358395833333333,48,2025-12-27T00:30:00Z,2025-12-28T00:00:00Z,TRUE
9.1_17.2,2025-12-28,49.425488888888886,45,2025-12-28T00:30:00Z,2025-12-29T00:00:00Z,TRUE
9.1_17.2,2025-12-29,5.913187499999999,48,2025-12-29T00:30:00Z,2025-12-30T00:00:00Z,TRUE
9.1_17.2,2025-12-30,4.6178333333333335,48,2025-12-30T00:30:00Z,2025-12-31T00:00:00Z,TRUE
9.1_17.2,2025-12-31,16.229531914893617,47,2025-12-31T00:30:00Z,2025-12-31T23:30:00Z,TRUE
9.2,2025-10-22,2.0555454545454546,11,2025-10-22T19:00:00Z,2025-10-23T00:00:00Z,FALSE
9.2,2025-10-23,2.4415531914893616,47,2025-10-23T00:30:00Z,2025-10-24T00:00:00Z,TRUE
9.2,2025-10-24,2.0634782608695654,46,2025-10-24T00:30:00Z,2025-10-25T00:00:00Z,TRUE
9.2,2025-10-25,2.8684347826086958,46,2025-10-25T00:30:00Z,2025-10-26T00:00:00Z,TRUE
9.2,2025-10-26,3.5346304347826085,46,2025-10-26T00:30:00Z,2025-10-27T00:00:00Z,TRUE
9.2,2025-10-27,1.9370425531914892,47,2025-10-27T00:30:00Z,2025-10-28T00:00:00Z,TRUE
9.2,2025-10-28,2.178707317073171,41,2025-10-28T00:30:00Z,2025-10-29T00:00:00Z,TRUE
9.2,2025-10-29,2.094826086956522,46,2025-10-29T00:30:00Z,2025-10-30T00:00:00Z,TRUE
9.2,2025-10-30,2.6290425531914896,47,2025-10-30T00:30:00Z,2025-10-31T00:00:00Z,TRUE
9.2,2025-10-31,1.967804347826087,46,2025-10-31T00:30:00Z,2025-11-01T00:00:00Z,TRUE
9.2,2025-11-01,7.2555555555555555,45,2025-11-01T00:30:00Z,2025-11-02T00:00:00Z,TRUE
9.2,2025-11-02,13.53919512195122,41,2025-11-02T00:30:00Z,2025-11-02T23:30:00Z,TRUE
9.2,2025-11-03,8.496619047619047,42,2025-11-03T00:30:00Z,2025-11-03T23:30:00Z,TRUE
9.2,2025-11-04,1.8044893617021276,47,2025-11-04T00:30:00Z,2025-11-05T00:00:00Z,TRUE
9.2,2025-11-05,4.327155555555556,45,2025-11-05T00:30:00Z,2025-11-06T00:00:00Z,TRUE
9.2,2025-11-06,1.468,41,2025-11-06T00:30:00Z,2025-11-07T00:00:00Z,TRUE
9.2,2025-11-07,6.509750000000001,44,2025-11-07T00:30:00Z,2025-11-08T00:00:00Z,TRUE
9.2,2025-11-08,5.579627906976745,43,2025-11-08T00:30:00Z,2025-11-09T00:00:00Z,TRUE
9.2,2025-11-09,4.565489361702127,47,2025-11-09T00:30:00Z,2025-11-10T00:00:00Z,TRUE
9.2,2025-11-10,1.4264999999999999,42,2025-11-10T00:30:00Z,2025-11-11T00:00:00Z,TRUE
9.2,2025-11-11,3.52709756097561,41,2025-11-11T00:30:00Z,2025-11-12T00:00:00Z,TRUE
9.2,2025-11-12,3.4448936170212767,47,2025-11-12T00:30:00Z,2025-11-13T00:00:00Z,TRUE
9.2,2025-11-13,2.7270638297872343,47,2025-11-13T00:30:00Z,2025-11-14T00:00:00Z,TRUE
9.2,2025-11-14,5.333808510638298,47,2025-11-14T00:30:00Z,2025-11-15T00:00:00Z,TRUE
9.2,2025-11-15,11.857673913043477,46,2025-11-15T00:30:00Z,2025-11-15T23:30:00Z,TRUE
9.2,2025-11-16,3.0323333333333333,45,2025-11-16T00:30:00Z,2025-11-17T00:00:00Z,TRUE
9.2,2025-11-17,1.6554090909090908,44,2025-11-17T00:30:00Z,2025-11-18T00:00:00Z,TRUE
9.2,2025-11-18,6.4139333333333335,45,2025-11-18T00:30:00Z,2025-11-19T00:00:00Z,TRUE
9.2,2025-11-19,10.694476190476191,42,2025-11-19T00:30:00Z,2025-11-20T00:00:00Z,TRUE
9.2,2025-11-20,18.45788888888889,45,2025-11-20T00:30:00Z,2025-11-21T00:00:00Z,TRUE
9.2,2025-11-21,18.65231111111111,45,2025-11-21T00:30:00Z,2025-11-22T00:00:00Z,TRUE
9.2,2025-11-22,10.650953488372096,43,2025-11-22T00:30:00Z,2025-11-23T00:00:00Z,TRUE
9.2,2025-11-23,8.472152173913043,46,2025-11-23T00:30:00Z,2025-11-24T00:00:00Z,TRUE
9.2,2025-11-24,4.354236842105263,38,2025-11-24T00:30:00Z,2025-11-25T00:00:00Z,TRUE
9.2,2025-11-25,6.186431818181818,44,2025-11-25T00:30:00Z,2025-11-26T00:00:00Z,TRUE
9.2,2025-11-26,9.599195652173911,46,2025-11-26T00:30:00Z,2025-11-27T00:00:00Z,TRUE
9.2,2025-11-27,2.140731707317073,41,2025-11-27T00:30:00Z,2025-11-28T00:00:00Z,TRUE
9.2,2025-11-28,1.9429,40,2025-11-28T00:30:00Z,2025-11-29T00:00:00Z,TRUE
9.2,2025-11-29,2.958725,40,2025-11-29T00:30:00Z,2025-11-30T00:00:00Z,TRUE
9.2,2025-11-30,5.758368421052632,38,2025-11-30T00:30:00Z,2025-12-01T00:00:00Z,TRUE
9.2,2025-12-01,4.031512195121951,41,2025-12-01T00:30:00Z,2025-12-02T00:00:00Z,TRUE
9.2,2025-12-02,7.349410256410256,39,2025-12-02T00:30:00Z,2025-12-03T00:00:00Z,TRUE
9.2,2025-12-03,15.274121951219513,41,2025-12-03T00:30:00Z,2025-12-04T00:00:00Z,TRUE
9.2,2025-12-04,12.955627906976742,43,2025-12-04T00:30:00Z,2025-12-05T00:00:00Z,TRUE
9.2,2025-12-05,5.553511111111111,45,2025-12-05T00:30:00Z,2025-12-06T00:00:00Z,TRUE
9.2,2025-12-06,19.459780487804878,41,2025-12-06T00:30:00Z,2025-12-07T00:00:00Z,TRUE
9.2,2025-12-07,17.37074418604651,43,2025-12-07T00:30:00Z,2025-12-08T00:00:00Z,TRUE
9.2,2025-12-08,2.2565227272727273,44,2025-12-08T00:30:00Z,2025-12-09T00:00:00Z,TRUE
9.2,2025-12-09,5.182439024390244,41,2025-12-09T00:30:00Z,2025-12-10T00:00:00Z,TRUE
9.2,2025-12-10,8.739511111111112,45,2025-12-10T00:30:00Z,2025-12-11T00:00:00Z,TRUE
9.2,2025-12-11,1.7015333333333333,45,2025-12-11T00:30:00Z,2025-12-12T00:00:00Z,TRUE
9.2,2025-12-12,3.7918222222222226,45,2025-12-12T00:30:00Z,2025-12-12T23:30:00Z,TRUE
9.2,2025-12-13,13.795071428571429,42,2025-12-13T00:30:00Z,2025-12-14T00:00:00Z,TRUE
9.2,2025-12-14,2.3754999999999997,46,2025-12-14T00:30:00Z,2025-12-15T00:00:00Z,TRUE
9.2,2025-12-15,5.1617435897435895,39,2025-12-15T00:30:00Z,2025-12-16T00:00:00Z,TRUE
9.2,2025-12-16,5.350675,40,2025-12-16T00:30:00Z,2025-12-16T20:30:00Z,TRUE
9.2,2025-12-17,16.281,1,2025-12-17T23:30:00Z,2025-12-17T23:30:00Z,FALSE
9.2,2025-12-18,13.911333333333333,3,2025-12-18T04:30:00Z,2025-12-18T21:30:00Z,FALSE
9.2,2025-12-19,4.098461538461539,13,2025-12-19T01:00:00Z,2025-12-19T22:30:00Z,FALSE
9.2,2025-12-20,4.96,12,2025-12-20T01:00:00Z,2025-12-20T18:00:00Z,FALSE
9.2,2025-12-21,3.60575,8,2025-12-21T01:00:00Z,2025-12-21T22:00:00Z,FALSE
9.2,2025-12-22,7.517333333333333,9,2025-12-22T03:30:00Z,2025-12-22T18:00:00Z,FALSE
9.2,2025-12-23,14.473125,8,2025-12-23T01:00:00Z,2025-12-23T20:00:00Z,FALSE
9.2,2025-12-24,8.6068,5,2025-12-24T11:00:00Z,2025-12-24T23:00:00Z,FALSE
9.2,2025-12-25,18.58675,20,2025-12-25T03:30:00Z,2025-12-25T19:30:00Z,FALSE
9.2,2025-12-26,5.913333333333333,9,2025-12-26T01:00:00Z,2025-12-26T20:30:00Z,FALSE
9.2,2025-12-27,11.440866666666667,15,2025-12-27T01:00:00Z,2025-12-27T23:00:00Z,FALSE
9.2,2025-12-28,21.02425,8,2025-12-28T01:30:00Z,2025-12-28T20:00:00Z,FALSE
9.2,2025-12-29,3.5211666666666668,6,2025-12-29T02:00:00Z,2025-12-30T00:00:00Z,FALSE
9.2,2025-12-30,3.1981111111111113,18,2025-12-30T00:30:00Z,2025-12-31T00:00:00Z,FALSE
9.2,2025-12-31,8.343375,8,2025-12-31T04:30:00Z,2025-12-31T17:30:00Z,FALSE
11.1_32.1_18.2,2024-11-01,2.835241379310345,29,2024-11-01T00:30:00Z,2024-11-02T00:00:00Z,FALSE
11.1_32.1_18.2,2024-11-02,4.0271875,32,2024-11-02T00:30:00Z,2024-11-02T23:30:00Z,FALSE
11.1_32.1_18.2,2024-11-03,3.41876,25,2024-11-03T00:30:00Z,2024-11-04T00:00:00Z,FALSE
11.1_32.1_18.2,2024-11-04,4.363857142857142,28,2024-11-04T02:00:00Z,2024-11-04T23:00:00Z,FALSE
11.1_32.1_18.2,2024-11-05,4.196375,24,2024-11-05T01:30:00Z,2024-11-06T00:00:00Z,FALSE
11.1_32.1_18.2,2024-11-06,7.5895925925925924,27,2024-11-06T01:00:00Z,2024-11-07T00:00:00Z,FALSE
11.1_32.1_18.2,2024-11-07,6.277406249999999,32,2024-11-07T00:30:00Z,2024-11-07T23:00:00Z,FALSE
11.1_32.1_18.2,2024-11-08,12.01669696969697,33,2024-11-08T00:30:00Z,2024-11-09T00:00:00Z,FALSE
11.1_32.1_18.2,2024-11-09,3.4675555555555557,36,2024-11-09T00:30:00Z,2024-11-09T23:30:00Z,TRUE
11.1_32.1_18.2,2024-11-10,11.3386,25,2024-11-10T00:30:00Z,2024-11-11T00:00:00Z,FALSE
11.1_32.1_18.2,2024-11-11,4.4870882352941175,34,2024-11-11T00:30:00Z,2024-11-12T00:00:00Z,FALSE
11.1_32.1_18.2,2024-11-12,1.7653103448275862,29,2024-11-12T01:00:00Z,2024-11-13T00:00:00Z,FALSE
11.1_32.1_18.2,2024-11-13,2.377344827586207,29,2024-11-13T00:30:00Z,2024-11-13T23:30:00Z,FALSE
11.1_32.1_18.2,2024-11-14,3.5625428571428572,35,2024-11-14T01:30:00Z,2024-11-14T23:30:00Z,FALSE
11.1_32.1_18.2,2024-11-15,23.385241379310344,29,2024-11-15T00:30:00Z,2024-11-16T00:00:00Z,FALSE
11.1_32.1_18.2,2024-11-16,4.474461538461538,39,2024-11-16T00:30:00Z,2024-11-17T00:00:00Z,TRUE
11.1_32.1_18.2,2024-11-17,12.853620689655173,29,2024-11-17T00:30:00Z,2024-11-18T00:00:00Z,FALSE
11.1_32.1_18.2,2024-11-18,21.382612903225805,31,2024-11-18T00:30:00Z,2024-11-19T00:00:00Z,FALSE
11.1_32.1_18.2,2024-11-19,14.606296296296296,27,2024-11-19T01:30:00Z,2024-11-19T23:30:00Z,FALSE
11.1_32.1_18.2,2024-11-20,7.175806451612903,31,2024-11-20T01:00:00Z,2024-11-21T00:00:00Z,FALSE
11.1_32.1_18.2,2024-11-21,5.0537931034482755,29,2024-11-21T00:30:00Z,2024-11-22T00:00:00Z,FALSE
11.1_32.1_18.2,2024-11-22,8.0925,26,2024-11-22T00:30:00Z,2024-11-22T23:00:00Z,FALSE
11.1_32.1_18.2,2024-11-23,1.8916774193548387,31,2024-11-23T00:30:00Z,2024-11-24T00:00:00Z,FALSE
11.1_32.1_18.2,2024-11-24,14.76653125,32,2024-11-24T01:00:00Z,2024-11-25T00:00:00Z,FALSE
11.1_32.1_18.2,2024-11-25,12.285064516129031,31,2024-11-25T00:30:00Z,2024-11-26T00:00:00Z,FALSE
11.1_32.1_18.2,2024-11-26,9.807296296296297,27,2024-11-26T00:30:00Z,2024-11-27T00:00:00Z,FALSE
11.1_32.1_18.2,2024-11-27,6.209758620689655,29,2024-11-27T02:00:00Z,2024-11-28T00:00:00Z,FALSE
11.1_32.1_18.2,2024-11-28,10.887875,32,2024-11-28T01:30:00Z,2024-11-29T00:00:00Z,FALSE
11.1_32.1_18.2,2024-11-29,9.64844827586207,29,2024-11-29T00:30:00Z,2024-11-29T22:00:00Z,FALSE
11.1_32.1_18.2,2024-11-30,8.781571428571429,28,2024-11-30T01:30:00Z,2024-12-01T00:00:00Z,FALSE
11.1_32.1_18.2,2024-12-01,7.379925925925926,27,2024-12-01T00:30:00Z,2024-12-02T00:00:00Z,FALSE
11.1_32.1_18.2,2024-12-02,12.293692307692307,26,2024-12-02T00:30:00Z,2024-12-03T00:00:00Z,FALSE
11.1_32.1_18.2,2024-12-03,12.375444444444444,36,2024-12-03T00:30:00Z,2024-12-04T00:00:00Z,TRUE
11.1_32.1_18.2,2024-12-04,13.2819,30,2024-12-04T00:30:00Z,2024-12-04T23:30:00Z,FALSE
11.1_32.1_18.2,2024-12-05,7.0600000000000005,26,2024-12-05T00:30:00Z,2024-12-06T00:00:00Z,FALSE
11.1_32.1_18.2,2024-12-06,3.096892857142857,28,2024-12-06T00:30:00Z,2024-12-07T00:00:00Z,FALSE
11.1_32.1_18.2,2024-12-07,5.321466666666667,30,2024-12-07T00:30:00Z,2024-12-08T00:00:00Z,FALSE
11.1_32.1_18.2,2024-12-08,6.920176470588236,34,2024-12-08T01:00:00Z,2024-12-08T23:30:00Z,FALSE
11.1_32.1_18.2,2024-12-09,8.806357142857143,14,2024-12-09T00:30:00Z,2024-12-10T00:00:00Z,FALSE
11.1_32.1_18.2,2024-12-10,26.261,6,2024-12-10T01:30:00Z,2024-12-10T16:00:00Z,FALSE
11.1_32.1_18.2,2024-12-11,19.90276470588235,17,2024-12-11T05:00:00Z,2024-12-12T00:00:00Z,FALSE
11.1_32.1_18.2,2024-12-12,6.4239999999999995,27,2024-12-12T00:30:00Z,2024-12-12T23:30:00Z,FALSE
11.1_32.1_18.2,2024-12-13,5.339875,24,2024-12-13T00:30:00Z,2024-12-13T22:30:00Z,FALSE
11.1_32.1_18.2,2024-12-14,7.187030303030303,33,2024-12-14T04:30:00Z,2024-12-15T00:00:00Z,FALSE
11.1_32.1_18.2,2024-12-15,10.08635,20,2024-12-15T00:30:00Z,2024-12-15T12:00:00Z,FALSE
11.1_32.1_18.2,2024-12-21,1.9527058823529413,34,2024-12-21T02:00:00Z,2024-12-22T00:00:00Z,FALSE
11.1_32.1_18.2,2024-12-22,3.01853125,32,2024-12-22T00:30:00Z,2024-12-22T23:30:00Z,FALSE
11.1_32.1_18.2,2024-12-23,5.6408,30,2024-12-23T00:30:00Z,2024-12-24T00:00:00Z,FALSE
11.1_32.1_18.2,2024-12-24,6.6995,4,2024-12-24T00:30:00Z,2024-12-24T02:00:00Z,FALSE
11.1_32.1_18.2,2024-12-25,13.54,19,2024-12-25T11:00:00Z,2024-12-26T00:00:00Z,FALSE
11.1_32.1_18.2,2024-12-26,12.236029411764706,34,2024-12-26T00:30:00Z,2024-12-27T00:00:00Z,FALSE
11.1_32.1_18.2,2024-12-27,9.680314285714285,35,2024-12-27T01:00:00Z,2024-12-28T00:00:00Z,FALSE
11.1_32.1_18.2,2024-12-28,5.99875,8,2024-12-28T01:00:00Z,2024-12-28T07:00:00Z,FALSE
11.1_32.1_18.2,2024-12-29,10.246666666666666,3,2024-12-29T02:00:00Z,2024-12-29T03:00:00Z,FALSE
11.1_32.1_18.2,2024-12-30,8.303666666666667,6,2024-12-30T20:30:00Z,2024-12-31T00:00:00Z,FALSE
11.1_32.1_18.2,2024-12-31,8.139,4,2024-12-31T00:30:00Z,2024-12-31T02:00:00Z,FALSE
11.1_32.1_18.2,2025-01-02,6.660333333333333,3,2025-01-02T23:00:00Z,2025-01-03T00:00:00Z,FALSE
11.1_32.1_18.2,2025-01-03,11.3291875,16,2025-01-03T00:30:00Z,2025-01-03T08:00:00Z,FALSE
11.1_32.1_18.2,2025-01-09,5.379,6,2025-01-09T19:30:00Z,2025-01-10T00:00:00Z,FALSE
11.1_32.1_18.2,2025-01-10,4.9125,2,2025-01-10T00:30:00Z,2025-01-10T03:00:00Z,FALSE
11.1_32.1_18.2,2025-02-28,3.3415,2,2025-02-28T23:30:00Z,2025-03-01T00:00:00Z,FALSE
11.1_32.1_18.2,2025-03-01,2.6138918918918916,37,2025-03-01T00:30:00Z,2025-03-01T22:30:00Z,TRUE
11.1_32.1_18.2,2025-03-02,2.4968620689655174,29,2025-03-02T00:30:00Z,2025-03-03T00:00:00Z,FALSE
11.1_32.1_18.2,2025-03-03,7.02024,25,2025-03-03T01:30:00Z,2025-03-04T00:00:00Z,FALSE
11.1_32.1_18.2,2025-03-04,5.2664800000000005,25,2025-03-04T01:00:00Z,2025-03-04T23:30:00Z,FALSE
11.1_32.1_18.2,2025-03-05,5.0692,10,2025-03-05T00:30:00Z,2025-03-05T07:30:00Z,FALSE
11.1_32.1_18.2,2025-03-16,6.534666666666666,9,2025-03-16T13:00:00Z,2025-03-16T21:30:00Z,FALSE
11.1_32.1_18.2,2025-03-17,2.9137333333333335,30,2025-03-17T06:30:00Z,2025-03-18T00:00:00Z,FALSE
11.1_32.1_18.2,2025-03-18,4.916130434782609,46,2025-03-18T00:30:00Z,2025-03-19T00:00:00Z,TRUE
11.1_32.1_18.2,2025-03-19,5.0539375,48,2025-03-19T00:30:00Z,2025-03-20T00:00:00Z,TRUE
11.1_32.1_18.2,2025-03-20,4.284916666666667,24,2025-03-20T00:30:00Z,2025-03-20T18:30:00Z,FALSE
11.1_32.1_18.2,2025-03-21,3.245576923076923,26,2025-03-21T04:30:00Z,2025-03-21T23:00:00Z,FALSE
11.1_32.1_18.2,2025-03-22,3.8990666666666667,30,2025-03-22T00:30:00Z,2025-03-23T00:00:00Z,FALSE
11.1_32.1_18.2,2025-03-23,4.095592592592593,27,2025-03-23T01:30:00Z,2025-03-23T22:30:00Z,FALSE
11.1_32.1_18.2,2025-03-24,5.986766666666667,30,2025-03-24T00:30:00Z,2025-03-25T00:00:00Z,FALSE
11.1_32.1_18.2,2025-03-25,6.147542857142858,35,2025-03-25T01:00:00Z,2025-03-26T00:00:00Z,FALSE
11.1_32.1_18.2,2025-03-26,3.739133333333333,30,2025-03-26T00:30:00Z,2025-03-27T00:00:00Z,FALSE
11.1_32.1_18.2,2025-03-27,5.162032258064516,31,2025-03-27T01:30:00Z,2025-03-28T00:00:00Z,FALSE
11.1_32.1_18.2,2025-03-28,22.471,28,2025-03-28T00:30:00Z,2025-03-28T23:00:00Z,FALSE
11.1_32.1_18.2,2025-03-29,10.6699375,32,2025-03-29T00:30:00Z,2025-03-29T23:30:00Z,FALSE
11.1_32.1_18.2,2025-03-30,12.599235294117648,17,2025-03-30T01:30:00Z,2025-03-30T23:00:00Z,FALSE
11.1_32.1_18.2,2025-03-31,1.4907,10,2025-03-31T16:30:00Z,2025-04-01T00:00:00Z,FALSE
11.1_32.1_18.2,2025-04-01,3.864086956521739,23,2025-04-01T01:00:00Z,2025-04-02T00:00:00Z,FALSE
11.1_32.1_18.2,2025-04-02,3.9885652173913044,23,2025-04-02T00:30:00Z,2025-04-03T00:00:00Z,FALSE
11.1_32.1_18.2,2025-04-03,5.371071428571429,14,2025-04-03T00:30:00Z,2025-04-03T23:00:00Z,FALSE
11.1_32.1_18.2,2025-04-04,3.07028,25,2025-04-04T00:30:00Z,2025-04-05T00:00:00Z,FALSE
11.1_32.1_18.2,2025-04-05,2.759,11,2025-04-05T01:30:00Z,2025-04-05T18:00:00Z,FALSE
11.1_32.1_18.2,2025-04-06,3.43865,20,2025-04-06T10:30:00Z,2025-04-06T23:30:00Z,FALSE
11.1_32.1_18.2,2025-04-07,6.58295652173913,23,2025-04-07T02:30:00Z,2025-04-08T00:00:00Z,FALSE
11.1_32.1_18.2,2025-04-08,2.7658275862068966,29,2025-04-08T01:30:00Z,2025-04-09T00:00:00Z,FALSE
11.1_32.1_18.2,2025-04-09,5.671241379310345,29,2025-04-09T00:30:00Z,2025-04-09T23:30:00Z,FALSE
11.1_32.1_18.2,2025-04-10,10.767764705882353,17,2025-04-10T00:30:00Z,2025-04-10T23:30:00Z,FALSE
11.1_32.1_18.2,2025-04-11,14.354868421052632,38,2025-04-11T02:00:00Z,2025-04-11T23:30:00Z,TRUE
11.1_32.1_18.2,2025-04-12,7.5385526315789475,38,2025-04-12T00:30:00Z,2025-04-13T00:00:00Z,TRUE
11.1_32.1_18.2,2025-04-13,7.5168928571428575,28,2025-04-13T01:00:00Z,2025-04-14T00:00:00Z,FALSE
11.1_32.1_18.2,2025-04-14,4.365615384615385,26,2025-04-14T01:30:00Z,2025-04-14T23:30:00Z,FALSE
11.1_32.1_18.2,2025-04-15,1.9425185185185185,27,2025-04-15T01:00:00Z,2025-04-15T22:30:00Z,FALSE
11.1_32.1_18.2,2025-04-16,3.3990000000000005,27,2025-04-16T00:30:00Z,2025-04-17T00:00:00Z,FALSE
11.1_32.1_18.2,2025-04-17,6.845370370370371,27,2025-04-17T00:30:00Z,2025-04-18T00:00:00Z,FALSE
11.1_32.1_18.2,2025-04-18,5.661423076923077,26,2025-04-18T01:00:00Z,2025-04-19T00:00:00Z,FALSE
11.1_32.1_18.2,2025-04-19,11.696772727272727,22,2025-04-19T01:30:00Z,2025-04-20T00:00:00Z,FALSE
11.1_32.1_18.2,2025-04-20,4.0001999999999995,30,2025-04-20T01:00:00Z,2025-04-21T00:00:00Z,FALSE
11.1_32.1_18.2,2025-04-21,4.213,32,2025-04-21T00:30:00Z,2025-04-22T00:00:00Z,FALSE
11.1_32.1_18.2,2025-04-22,2.313774193548387,31,2025-04-22T00:30:00Z,2025-04-23T00:00:00Z,FALSE
11.1_32.1_18.2,2025-04-23,3.455620689655172,29,2025-04-23T00:30:00Z,2025-04-23T22:00:00Z,FALSE
11.1_32.1_18.2,2025-04-24,4.833096774193549,31,2025-04-24T00:30:00Z,2025-04-25T00:00:00Z,FALSE
11.1_32.1_18.2,2025-04-25,5.174806451612903,31,2025-04-25T01:00:00Z,2025-04-25T22:00:00Z,FALSE
11.1_32.1_18.2,2025-04-26,8.688384615384615,13,2025-04-26T11:30:00Z,2025-04-27T00:00:00Z,FALSE
11.1_32.1_18.2,2025-04-27,5.48137037037037,27,2025-04-27T01:00:00Z,2025-04-28T00:00:00Z,FALSE
11.1_32.1_18.2,2025-04-28,3.363103448275862,29,2025-04-28T01:30:00Z,2025-04-29T00:00:00Z,FALSE
11.1_32.1_18.2,2025-04-29,7.116032258064516,31,2025-04-29T00:30:00Z,2025-04-29T23:30:00Z,FALSE
11.1_32.1_18.2,2025-04-30,2.1852068965517244,29,2025-04-30T00:30:00Z,2025-05-01T00:00:00Z,FALSE
11.1_32.1_18.2,2025-05-01,4.685090909090909,22,2025-05-01T00:30:00Z,2025-05-02T00:00:00Z,FALSE
11.1_32.1_18.2,2025-05-02,6.41558064516129,31,2025-05-02T01:30:00Z,2025-05-02T23:30:00Z,FALSE
11.1_32.1_18.2,2025-05-03,8.349272727272727,33,2025-05-03T00:30:00Z,2025-05-04T00:00:00Z,FALSE
11.1_32.1_18.2,2025-05-04,6.096774193548387,31,2025-05-04T01:00:00Z,2025-05-05T00:00:00Z,FALSE
11.1_32.1_18.2,2025-05-05,7.458181818181818,22,2025-05-05T00:30:00Z,2025-05-06T00:00:00Z,FALSE
11.1_32.1_18.2,2025-05-06,3.66535,20,2025-05-06T02:00:00Z,2025-05-07T00:00:00Z,FALSE
11.1_32.1_18.2,2025-05-07,9.51364,25,2025-05-07T01:30:00Z,2025-05-07T23:30:00Z,FALSE
11.1_32.1_18.2,2025-05-08,8.037851851851851,27,2025-05-08T01:00:00Z,2025-05-09T00:00:00Z,FALSE
11.1_32.1_18.2,2025-05-09,5.935818181818182,33,2025-05-09T01:00:00Z,2025-05-10T00:00:00Z,FALSE
11.1_32.1_18.2,2025-05-10,4.321057142857144,35,2025-05-10T00:30:00Z,2025-05-11T00:00:00Z,FALSE
11.1_32.1_18.2,2025-05-11,4.413510638297872,47,2025-05-11T00:30:00Z,2025-05-12T00:00:00Z,TRUE
11.1_32.1_18.2,2025-05-12,5.017441176470588,34,2025-05-12T00:30:00Z,2025-05-13T00:00:00Z,FALSE
11.1_32.1_18.2,2025-05-13,4.263275862068966,29,2025-05-13T00:30:00Z,2025-05-13T23:30:00Z,FALSE
11.1_32.1_18.2,2025-05-14,1.7769583333333334,24,2025-05-14T02:00:00Z,2025-05-15T00:00:00Z,FALSE
11.1_32.1_18.2,2025-05-15,6.727304347826087,23,2025-05-15T00:30:00Z,2025-05-16T00:00:00Z,FALSE
11.1_32.1_18.2,2025-05-16,6.2876666666666665,18,2025-05-16T00:30:00Z,2025-05-16T22:30:00Z,FALSE
11.1_32.1_18.2,2025-05-17,3.8003529411764707,17,2025-05-17T01:30:00Z,2025-05-17T23:30:00Z,FALSE
11.1_32.1_18.2,2025-05-18,6.044416666666667,24,2025-05-18T00:30:00Z,2025-05-19T00:00:00Z,FALSE
11.1_32.1_18.2,2025-05-19,3.8967083333333337,24,2025-05-19T00:30:00Z,2025-05-20T00:00:00Z,FALSE
11.1_32.1_18.2,2025-05-20,4.123047619047619,21,2025-05-20T01:30:00Z,2025-05-20T23:30:00Z,FALSE
11.1_32.1_18.2,2025-05-21,6.555148148148148,27,2025-05-21T00:30:00Z,2025-05-22T00:00:00Z,FALSE
11.1_32.1_18.2,2025-05-22,5.3866249999999996,8,2025-05-22T00:30:00Z,2025-05-22T23:30:00Z,FALSE
11.1_32.1_18.2,2025-05-23,1.9056153846153847,13,2025-05-23T01:00:00Z,2025-05-23T23:00:00Z,FALSE
11.1_32.1_18.2,2025-05-24,1.2237333333333333,15,2025-05-24T03:00:00Z,2025-05-25T00:00:00Z,FALSE
11.1_32.1_18.2,2025-05-25,5.5457857142857145,14,2025-05-25T00:30:00Z,2025-05-26T00:00:00Z,FALSE
11.1_32.1_18.2,2025-05-26,4.219882352941177,17,2025-05-26T00:30:00Z,2025-05-27T00:00:00Z,FALSE
11.1_32.1_18.2,2025-05-27,3.9951764705882353,17,2025-05-27T01:00:00Z,2025-05-28T00:00:00Z,FALSE
11.1_32.1_18.2,2025-05-28,2.0504848484848486,33,2025-05-28T00:30:00Z,2025-05-28T23:30:00Z,FALSE
11.1_32.1_18.2,2025-05-29,15.230451612903225,31,2025-05-29T00:30:00Z,2025-05-29T23:30:00Z,FALSE
11.1_32.1_18.2,2025-05-30,10.679428571428572,14,2025-05-30T02:00:00Z,2025-05-30T23:30:00Z,FALSE
11.1_32.1_18.2,2025-05-31,7.932857142857142,14,2025-05-31T02:00:00Z,2025-06-01T00:00:00Z,FALSE
11.1_32.1_18.2,2025-06-01,5.535125,16,2025-06-01T01:00:00Z,2025-06-01T23:30:00Z,FALSE
11.1_32.1_18.2,2025-06-02,3.576157894736842,19,2025-06-02T01:00:00Z,2025-06-02T23:30:00Z,FALSE
11.1_32.1_18.2,2025-06-03,8.770228571428571,35,2025-06-03T00:30:00Z,2025-06-04T00:00:00Z,FALSE
11.1_32.1_18.2,2025-06-04,25.273380952380954,42,2025-06-04T00:30:00Z,2025-06-05T00:00:00Z,TRUE
11.1_32.1_18.2,2025-06-05,26.597636363636365,22,2025-06-05T00:30:00Z,2025-06-05T23:30:00Z,FALSE
11.1_32.1_18.2,2025-06-06,30.34045,20,2025-06-06T00:30:00Z,2025-06-06T23:30:00Z,FALSE
11.1_32.1_18.2,2025-06-07,49.87336,25,2025-06-07T00:30:00Z,2025-06-08T00:00:00Z,FALSE
11.1_32.1_18.2,2025-06-08,38.78106666666667,15,2025-06-08T01:30:00Z,2025-06-09T00:00:00Z,FALSE
11.1_32.1_18.2,2025-06-09,17.891347826086957,23,2025-06-09T01:30:00Z,2025-06-10T00:00:00Z,FALSE
11.1_32.1_18.2,2025-06-10,8.712863636363636,22,2025-06-10T00:30:00Z,2025-06-10T22:00:00Z,FALSE
11.1_32.1_18.2,2025-06-11,14.076384615384615,13,2025-06-11T01:00:00Z,2025-06-11T20:00:00Z,FALSE
11.1_32.1_18.2,2025-06-12,20.534,13,2025-06-12T01:00:00Z,2025-06-12T23:30:00Z,FALSE
11.1_32.1_18.2,2025-06-13,20.04464705882353,17,2025-06-13T00:30:00Z,2025-06-14T00:00:00Z,FALSE
11.1_32.1_18.2,2025-06-14,9.969323529411765,34,2025-06-14T00:30:00Z,2025-06-15T00:00:00Z,FALSE
11.1_32.1_18.2,2025-06-15,11.455235294117648,17,2025-06-15T00:30:00Z,2025-06-16T00:00:00Z,FALSE
11.1_32.1_18.2,2025-06-16,9.803230769230769,13,2025-06-16T05:00:00Z,2025-06-16T22:00:00Z,FALSE
11.1_32.1_18.2,2025-06-17,11.43125,12,2025-06-17T02:00:00Z,2025-06-17T23:30:00Z,FALSE
11.1_32.1_18.2,2025-06-18,9.095545454545455,11,2025-06-18T03:00:00Z,2025-06-18T21:00:00Z,FALSE
11.1_32.1_18.2,2025-06-19,6.146333333333334,9,2025-06-19T01:00:00Z,2025-06-19T15:00:00Z,FALSE
11.1_32.1_18.2,2025-07-25,8.570666666666666,6,2025-07-25T12:00:00Z,2025-07-25T23:00:00Z,FALSE
11.1_32.1_18.2,2025-07-26,11.08164705882353,17,2025-07-26T01:30:00Z,2025-07-26T22:00:00Z,FALSE
11.1_32.1_18.2,2025-07-27,11.6985,2,2025-07-27T01:00:00Z,2025-07-27T01:30:00Z,FALSE
11.1_32.1_18.2,2025-08-13,5.859,4,2025-08-13T19:30:00Z,2025-08-14T00:00:00Z,FALSE
11.1_32.1_18.2,2025-08-14,19.35548,25,2025-08-14T00:30:00Z,2025-08-14T23:00:00Z,FALSE
11.1_32.1_18.2,2025-08-15,28.435894736842105,19,2025-08-15T00:30:00Z,2025-08-15T22:00:00Z,FALSE
11.1_32.1_18.2,2025-08-16,18.227444444444444,9,2025-08-16T06:00:00Z,2025-08-16T23:00:00Z,FALSE
11.1_32.1_18.2,2025-08-17,13.40223076923077,26,2025-08-17T00:30:00Z,2025-08-18T00:00:00Z,FALSE
11.1_32.1_18.2,2025-08-18,3.3556874999999997,16,2025-08-18T03:00:00Z,2025-08-18T23:30:00Z,FALSE
11.1_32.1_18.2,2025-08-19,3.967,13,2025-08-19T04:00:00Z,2025-08-19T22:30:00Z,FALSE
11.1_32.1_18.2,2025-08-20,34.71385,20,2025-08-20T01:00:00Z,2025-08-20T23:00:00Z,FALSE
11.1_32.1_18.2,2025-08-21,3.3104999999999998,8,2025-08-21T04:30:00Z,2025-08-21T20:30:00Z,FALSE
11.1_32.1_18.2,2025-08-22,2.964611111111111,18,2025-08-22T00:30:00Z,2025-08-22T23:00:00Z,FALSE
11.1_32.1_18.2,2025-08-23,4.735904761904762,21,2025-08-23T02:30:00Z,2025-08-23T23:30:00Z,FALSE
11.1_32.1_18.2,2025-08-24,4.710896551724138,29,2025-08-24T00:30:00Z,2025-08-24T23:30:00Z,FALSE
11.1_32.1_18.2,2025-08-25,1.750846153846154,13,2025-08-25T02:30:00Z,2025-08-25T21:00:00Z,FALSE
11.1_32.1_18.2,2025-08-26,2.9388823529411767,17,2025-08-26T01:00:00Z,2025-08-26T23:30:00Z,FALSE
11.1_32.1_18.2,2025-08-27,4.636666666666667,18,2025-08-27T03:30:00Z,2025-08-28T00:00:00Z,FALSE
11.1_32.1_18.2,2025-08-28,4.498857142857143,14,2025-08-28T01:00:00Z,2025-08-28T22:00:00Z,FALSE
11.1_32.1_18.2,2025-08-29,2.5077727272727275,22,2025-08-29T04:00:00Z,2025-08-30T00:00:00Z,FALSE
11.1_32.1_18.2,2025-08-30,2.154857142857143,21,2025-08-30T00:30:00Z,2025-08-30T23:30:00Z,FALSE
11.1_32.1_18.2,2025-08-31,4.425083333333333,24,2025-08-31T00:30:00Z,2025-09-01T00:00:00Z,FALSE
11.1_32.1_18.2,2025-09-01,4.05425,20,2025-09-01T02:00:00Z,2025-09-01T23:30:00Z,FALSE
11.1_32.1_18.2,2025-09-02,3.54952,25,2025-09-02T00:30:00Z,2025-09-02T22:00:00Z,FALSE
11.1_32.1_18.2,2025-09-03,4.338888888888889,18,2025-09-03T08:00:00Z,2025-09-04T00:00:00Z,FALSE
11.1_32.1_18.2,2025-09-04,5.647615384615385,13,2025-09-04T02:30:00Z,2025-09-04T22:00:00Z,FALSE
11.1_32.1_18.2,2025-09-05,12.464666666666666,18,2025-09-05T00:30:00Z,2025-09-05T23:30:00Z,FALSE
11.1_32.1_18.2,2025-09-06,3.0503333333333336,21,2025-09-06T02:30:00Z,2025-09-06T23:00:00Z,FALSE
11.1_32.1_18.2,2025-09-07,3.657529411764706,17,2025-09-07T00:30:00Z,2025-09-08T00:00:00Z,FALSE
11.1_32.1_18.2,2025-09-08,3.34335,20,2025-09-08T01:00:00Z,2025-09-08T23:30:00Z,FALSE
11.1_32.1_18.2,2025-09-09,2.88075,12,2025-09-09T03:00:00Z,2025-09-09T22:00:00Z,FALSE
11.1_32.1_18.2,2025-09-10,3.8052727272727274,22,2025-09-10T01:00:00Z,2025-09-11T00:00:00Z,FALSE
11.1_32.1_18.2,2025-09-11,5.568666666666667,18,2025-09-11T00:30:00Z,2025-09-11T22:30:00Z,FALSE
11.1_32.1_18.2,2025-09-12,8.846409090909091,22,2025-09-12T00:30:00Z,2025-09-12T23:30:00Z,FALSE
11.1_32.1_18.2,2025-09-13,8.669461538461539,13,2025-09-13T00:30:00Z,2025-09-13T18:30:00Z,FALSE
11.1_32.1_18.2,2025-09-14,10.497214285714286,14,2025-09-14T01:00:00Z,2025-09-14T23:30:00Z,FALSE
11.1_32.1_18.2,2025-09-15,11.62386956521739,23,2025-09-15T01:30:00Z,2025-09-15T23:30:00Z,FALSE
11.1_32.1_18.2,2025-09-16,9.29890909090909,22,2025-09-16T05:30:00Z,2025-09-16T22:30:00Z,FALSE
11.1_32.1_18.2,2025-09-17,10.745086956521739,23,2025-09-17T01:30:00Z,2025-09-17T22:30:00Z,FALSE
11.1_32.1_18.2,2025-09-18,11.22295,20,2025-09-18T01:00:00Z,2025-09-19T00:00:00Z,FALSE
11.1_32.1_18.2,2025-09-19,10.92024,25,2025-09-19T02:00:00Z,2025-09-20T00:00:00Z,FALSE
11.1_32.1_18.2,2025-09-20,3.733,24,2025-09-20T01:00:00Z,2025-09-20T23:30:00Z,FALSE
11.1_32.1_18.2,2025-09-21,8.581545454545454,22,2025-09-21T00:30:00Z,2025-09-22T00:00:00Z,FALSE
11.1_32.1_18.2,2025-09-22,14.649222222222223,18,2025-09-22T02:30:00Z,2025-09-22T22:30:00Z,FALSE
11.1_32.1_18.2,2025-09-23,5.5239,20,2025-09-23T01:30:00Z,2025-09-23T23:30:00Z,FALSE
11.1_32.1_18.2,2025-09-24,8.707444444444445,18,2025-09-24T04:00:00Z,2025-09-25T00:00:00Z,FALSE
11.1_32.1_18.2,2025-09-25,21.933625,24,2025-09-25T00:30:00Z,2025-09-25T21:00:00Z,FALSE
11.1_32.1_18.2,2025-09-26,29.59264705882353,17,2025-09-26T03:30:00Z,2025-09-27T00:00:00Z,FALSE
11.1_32.1_18.2,2025-09-27,7.2852,20,2025-09-27T01:30:00Z,2025-09-28T00:00:00Z,FALSE
11.1_32.1_18.2,2025-09-28,7.495535714285714,28,2025-09-28T00:30:00Z,2025-09-28T23:30:00Z,FALSE
11.1_32.1_18.2,2025-09-29,5.610333333333333,18,2025-09-29T05:30:00Z,2025-09-29T23:30:00Z,FALSE
11.1_32.1_18.2,2025-09-30,7.08512,25,2025-09-30T00:30:00Z,2025-10-01T00:00:00Z,FALSE
11.1_32.1_18.2,2025-10-01,2.744222222222222,27,2025-10-01T00:30:00Z,2025-10-02T00:00:00Z,FALSE
11.1_32.1_18.2,2025-10-02,1.9896190476190476,21,2025-10-02T00:30:00Z,2025-10-03T00:00:00Z,FALSE
11.1_32.1_18.2,2025-10-03,5.8519375,16,2025-10-03T00:30:00Z,2025-10-03T21:30:00Z,FALSE
11.1_32.1_18.2,2025-10-04,8.27864,25,2025-10-04T00:30:00Z,2025-10-04T23:30:00Z,FALSE
11.1_32.1_18.2,2025-10-05,6.319458333333333,24,2025-10-05T03:00:00Z,2025-10-06T00:00:00Z,FALSE
11.1_32.1_18.2,2025-10-06,3.6285,14,2025-10-06T03:30:00Z,2025-10-06T21:00:00Z,FALSE
11.1_32.1_18.2,2025-10-07,5.863999999999999,6,2025-10-07T04:30:00Z,2025-10-07T23:00:00Z,FALSE
11.1_32.1_18.2,2025-10-08,33.2021,10,2025-10-08T00:30:00Z,2025-10-08T21:00:00Z,FALSE
11.1_32.1_18.2,2025-10-09,18.46357142857143,7,2025-10-09T00:30:00Z,2025-10-09T22:30:00Z,FALSE
11.1_32.1_18.2,2025-10-10,45.718333333333334,3,2025-10-10T12:00:00Z,2025-10-10T17:30:00Z,FALSE
11.1_32.1_18.2,2025-10-11,81.03966666666668,3,2025-10-11T08:00:00Z,2025-10-11T23:00:00Z,FALSE
11.1_32.1_18.2,2025-10-12,22.64214285714286,7,2025-10-12T02:30:00Z,2025-10-12T20:30:00Z,FALSE
11.1_32.1_18.2,2025-10-13,7.725,5,2025-10-13T17:00:00Z,2025-10-14T00:00:00Z,FALSE
11.1_32.1_18.2,2025-10-14,39.679833333333335,6,2025-10-14T01:00:00Z,2025-10-15T00:00:00Z,FALSE
11.1_32.1_18.2,2025-10-15,3.1060000000000003,5,2025-10-15T03:00:00Z,2025-10-15T21:30:00Z,FALSE
11.1_32.1_18.2,2025-10-16,10.2081,10,2025-10-16T00:30:00Z,2025-10-16T22:30:00Z,FALSE
11.1_32.1_18.2,2025-10-17,2.9817142857142853,7,2025-10-17T04:30:00Z,2025-10-18T00:00:00Z,FALSE
11.1_32.1_18.2,2025-10-18,4.225,6,2025-10-18T02:00:00Z,2025-10-18T23:00:00Z,FALSE
11.1_32.1_18.2,2025-10-19,42.63766666666667,9,2025-10-19T03:30:00Z,2025-10-19T22:30:00Z,FALSE
11.1_32.1_18.2,2025-10-20,1.786,1,2025-10-20T21:30:00Z,2025-10-20T21:30:00Z,FALSE
11.1_32.1_18.2,2025-10-21,4.7248,5,2025-10-21T03:30:00Z,2025-10-21T23:00:00Z,FALSE
11.1_32.1_18.2,2025-10-22,42.347727272727276,11,2025-10-22T02:30:00Z,2025-10-22T23:30:00Z,FALSE
11.1_32.1_18.2,2025-10-23,52.509,4,2025-10-23T01:30:00Z,2025-10-23T08:30:00Z,FALSE
11.1_32.1_18.2,2025-10-24,14.9787,10,2025-10-24T05:30:00Z,2025-10-24T14:00:00Z,FALSE
11.1_32.1_18.2,2025-10-25,14.029625000000001,8,2025-10-25T01:30:00Z,2025-10-25T19:00:00Z,FALSE
11.1_32.1_18.2,2025-10-26,14.654545454545454,11,2025-10-26T01:30:00Z,2025-10-26T21:30:00Z,FALSE
11.1_32.1_18.2,2025-10-27,6.95275,4,2025-10-27T07:00:00Z,2025-10-27T16:00:00Z,FALSE
11.1_32.1_18.2,2025-10-28,6.739333333333334,3,2025-10-28T08:30:00Z,2025-10-28T13:00:00Z,FALSE
11.1_32.1_18.2,2025-10-29,42.59325,8,2025-10-29T02:30:00Z,2025-10-29T20:30:00Z,FALSE
11.1_32.1_18.2,2025-10-30,26.965111111111113,9,2025-10-30T01:30:00Z,2025-10-30T17:00:00Z,FALSE
11.1_32.1_18.2,2025-10-31,1.8355000000000001,2,2025-10-31T05:00:00Z,2025-10-31T08:30:00Z,FALSE
11.1_32.1_18.2,2025-11-01,24.89776923076923,13,2025-11-01T06:00:00Z,2025-11-02T00:00:00Z,FALSE
11.1_32.1_18.2,2025-11-02,13.6235,8,2025-11-02T09:00:00Z,2025-11-03T00:00:00Z,FALSE
11.1_32.1_18.2,2025-11-03,14.126166666666666,6,2025-11-03T02:00:00Z,2025-11-03T18:00:00Z,FALSE
11.1_32.1_18.2,2025-11-04,15.966571428571427,7,2025-11-04T05:00:00Z,2025-11-05T00:00:00Z,FALSE
11.1_32.1_18.2,2025-11-05,19.220166666666664,6,2025-11-05T01:00:00Z,2025-11-05T18:00:00Z,FALSE
11.1_32.1_18.2,2025-11-06,11.495066666666666,15,2025-11-06T02:00:00Z,2025-11-06T23:00:00Z,FALSE
11.1_32.1_18.2,2025-11-07,25.337699999999998,10,2025-11-07T01:00:00Z,2025-11-08T00:00:00Z,FALSE
11.1_32.1_18.2,2025-11-08,9.93223076923077,13,2025-11-08T00:30:00Z,2025-11-09T00:00:00Z,FALSE
11.1_32.1_18.2,2025-11-09,17.724333333333334,6,2025-11-09T03:00:00Z,2025-11-09T19:00:00Z,FALSE
11.1_32.1_18.2,2025-11-10,36.135555555555555,9,2025-11-10T00:30:00Z,2025-11-10T21:00:00Z,FALSE
11.1_32.1_18.2,2025-11-11,15.07625,4,2025-11-11T04:00:00Z,2025-11-11T18:30:00Z,FALSE
11.1_32.1_18.2,2025-11-12,4.920142857142857,7,2025-11-12T03:30:00Z,2025-11-12T22:30:00Z,FALSE
11.1_32.1_18.2,2025-11-13,47.08906666666667,15,2025-11-13T03:30:00Z,2025-11-13T23:00:00Z,FALSE
11.1_32.1_18.2,2025-11-14,5.359,8,2025-11-14T06:00:00Z,2025-11-14T23:00:00Z,FALSE
11.1_32.1_18.2,2025-11-15,24.68122222222222,9,2025-11-15T01:30:00Z,2025-11-15T22:00:00Z,FALSE
11.1_32.1_18.2,2025-11-16,17.48442105263158,19,2025-11-16T00:30:00Z,2025-11-16T23:00:00Z,FALSE
11.1_32.1_18.2,2025-11-17,29.925333333333334,9,2025-11-17T03:00:00Z,2025-11-17T23:00:00Z,FALSE
11.1_32.1_18.2,2025-11-18,54.467625,8,2025-11-18T00:30:00Z,2025-11-18T18:00:00Z,FALSE
11.1_32.1_18.2,2025-11-19,43.81066666666666,12,2025-11-19T03:30:00Z,2025-11-19T23:30:00Z,FALSE
11.1_32.1_18.2,2025-11-20,40.02525,12,2025-11-20T02:00:00Z,2025-11-20T23:30:00Z,FALSE
11.1_32.1_18.2,2025-11-21,42.58566666666667,15,2025-11-21T01:00:00Z,2025-11-21T20:30:00Z,FALSE
11.1_32.1_18.2,2025-11-22,37.39575,12,2025-11-22T01:30:00Z,2025-11-23T00:00:00Z,FALSE
11.1_32.1_18.2,2025-11-23,12.2538,10,2025-11-23T08:00:00Z,2025-11-24T00:00:00Z,FALSE
11.1_32.1_18.2,2025-11-24,27.69075,12,2025-11-24T01:30:00Z,2025-11-24T23:30:00Z,FALSE
11.1_32.1_18.2,2025-11-25,20.000444444444447,9,2025-11-25T03:00:00Z,2025-11-25T14:00:00Z,FALSE
11.1_32.1_18.2,2025-11-26,75.45766666666667,9,2025-11-26T04:30:00Z,2025-11-26T22:30:00Z,FALSE
11.1_32.1_18.2,2025-12-07,24.771,2,2025-12-07T22:30:00Z,2025-12-07T23:00:00Z,FALSE
11.1_32.1_18.2,2025-12-08,10.70275,12,2025-12-08T00:30:00Z,2025-12-08T23:00:00Z,FALSE
11.1_32.1_18.2,2025-12-09,72.699375,8,2025-12-09T02:00:00Z,2025-12-09T21:30:00Z,FALSE
11.1_32.1_18.2,2025-12-10,23.741,2,2025-12-10T01:00:00Z,2025-12-10T01:30:00Z,FALSE
11.1_32.1_18.2,2025-12-11,12.1061,10,2025-12-11T01:00:00Z,2025-12-12T00:00:00Z,FALSE
11.1_32.1_18.2,2025-12-12,13.4124,10,2025-12-12T02:00:00Z,2025-12-12T20:00:00Z,FALSE
11.1_32.1_18.2,2025-12-13,53.883428571428574,7,2025-12-13T06:00:00Z,2025-12-13T18:30:00Z,FALSE
11.1_32.1_18.2,2025-12-14,43.82333333333334,6,2025-12-14T02:00:00Z,2025-12-14T09:30:00Z,FALSE
11.1_32.1_18.2,2025-12-15,46.683846153846154,13,2025-12-15T08:00:00Z,2025-12-15T23:30:00Z,FALSE
11.1_32.1_18.2,2025-12-16,42.542699999999996,10,2025-12-16T00:30:00Z,2025-12-16T19:00:00Z,FALSE
11.1_32.1_18.2,2025-12-17,82.92625,4,2025-12-17T01:00:00Z,2025-12-17T18:30:00Z,FALSE
11.1_32.1_18.2,2025-12-18,13.445333333333334,6,2025-12-18T03:00:00Z,2025-12-18T19:30:00Z,FALSE
11.1_32.1_18.2,2025-12-19,99.5575,4,2025-12-19T04:30:00Z,2025-12-19T11:30:00Z,FALSE
11.1_32.1_18.2,2025-12-23,72.631,2,2025-12-23T06:00:00Z,2025-12-24T00:00:00Z,FALSE
11.1_32.1_18.2,2025-12-24,61.165333333333336,3,2025-12-24T00:30:00Z,2025-12-24T21:30:00Z,FALSE
11.1_32.1_18.2,2025-12-25,146.94799999999998,4,2025-12-25T04:30:00Z,2025-12-25T08:00:00Z,FALSE
11.1_32.1_18.2,2025-12-26,13.7074,5,2025-12-26T15:30:00Z,2025-12-26T21:00:00Z,FALSE
11.1_32.1_18.2,2025-12-27,35.25233333333333,3,2025-12-27T06:00:00Z,2025-12-27T23:30:00Z,FALSE
11.1_32.1_18.2,2025-12-28,31.523111111111113,9,2025-12-28T00:30:00Z,2025-12-28T23:00:00Z,FALSE
11.1_32.1_18.2,2025-12-29,35.458,3,2025-12-29T00:30:00Z,2025-12-29T02:00:00Z,FALSE
11.1_32.1_18.2,2025-12-30,5.713,2,2025-12-30T11:30:00Z,2025-12-30T22:30:00Z,FALSE
11.1_32.1_18.2,2025-12-31,37.739,4,2025-12-31T10:00:00Z,2025-12-31T18:00:00Z,FALSE
12.1_5.2,2024-11-20,5.721166666666666,6,2024-11-20T19:00:00Z,2024-11-20T21:30:00Z,FALSE
12.1_5.2,2024-11-21,2.719333333333333,15,2024-11-21T07:00:00Z,2024-11-21T14:00:00Z,FALSE
12.1_5.2,2024-11-22,5.060242424242424,33,2024-11-22T05:30:00Z,2024-11-23T00:00:00Z,FALSE
12.1_5.2,2024-11-23,1.8027954545454545,44,2024-11-23T00:30:00Z,2024-11-23T22:30:00Z,TRUE
12.1_5.2,2024-11-24,15.154848484848486,33,2024-11-24T01:30:00Z,2024-11-24T17:30:00Z,FALSE
12.1_5.2,2024-11-25,18.75421875,32,2024-11-25T04:30:00Z,2024-11-25T20:00:00Z,FALSE
12.1_5.2,2024-11-26,6.999852941176471,34,2024-11-26T05:30:00Z,2024-11-27T00:00:00Z,FALSE
12.1_5.2,2024-11-27,5.513516129032258,31,2024-11-27T00:30:00Z,2024-11-27T16:30:00Z,FALSE
12.1_5.2,2024-11-28,9.458137931034482,29,2024-11-28T09:00:00Z,2024-11-29T00:00:00Z,FALSE
12.1_5.2,2024-11-29,9.64656,25,2024-11-29T00:30:00Z,2024-11-29T15:30:00Z,FALSE
12.1_5.2,2024-11-30,9.775230769230769,13,2024-11-30T07:00:00Z,2024-11-30T14:00:00Z,FALSE
12.1_5.2,2024-12-01,7.167869565217392,23,2024-12-01T09:30:00Z,2024-12-02T00:00:00Z,FALSE
12.1_5.2,2024-12-02,12.970791666666667,24,2024-12-02T00:30:00Z,2024-12-02T13:30:00Z,FALSE
12.1_5.2,2024-12-03,18.40579411764706,34,2024-12-03T07:30:00Z,2024-12-04T00:00:00Z,FALSE
12.1_5.2,2024-12-04,14.107558823529411,34,2024-12-04T00:30:00Z,2024-12-04T18:00:00Z,FALSE
12.1_5.2,2024-12-06,3.865842105263158,19,2024-12-06T05:30:00Z,2024-12-06T15:00:00Z,FALSE
12.1_5.2,2024-12-07,4.6441739130434785,46,2024-12-07T01:00:00Z,2024-12-07T23:30:00Z,TRUE
12.1_5.2,2024-12-08,6.416310344827586,29,2024-12-08T08:30:00Z,2024-12-09T00:00:00Z,FALSE
12.1_5.2,2024-12-09,10.738249999999999,44,2024-12-09T01:30:00Z,2024-12-10T00:00:00Z,TRUE
12.1_5.2,2024-12-10,39.834649999999996,40,2024-12-10T00:30:00Z,2024-12-10T22:30:00Z,TRUE
12.1_5.2,2024-12-11,15.298681818181818,22,2024-12-11T08:30:00Z,2024-12-12T00:00:00Z,FALSE
12.1_5.2,2024-12-12,7.462793103448275,29,2024-12-12T00:30:00Z,2024-12-13T00:00:00Z,FALSE
12.1_5.2,2024-12-13,5.103,25,2024-12-13T00:30:00Z,2024-12-13T12:30:00Z,FALSE
12.1_5.2,2024-12-14,9.298478260869565,46,2024-12-14T01:30:00Z,2024-12-15T00:00:00Z,TRUE
12.1_5.2,2024-12-15,17.1885625,48,2024-12-15T00:30:00Z,2024-12-16T00:00:00Z,TRUE
12.1_5.2,2024-12-16,22.88711111111111,45,2024-12-16T01:00:00Z,2024-12-17T00:00:00Z,TRUE
12.1_5.2,2024-12-17,13.1989375,48,2024-12-17T00:30:00Z,2024-12-18T00:00:00Z,TRUE
12.1_5.2,2024-12-18,39.61472340425532,47,2024-12-18T00:30:00Z,2024-12-19T00:00:00Z,TRUE
12.1_5.2,2024-12-19,5.807043478260869,46,2024-12-19T00:30:00Z,2024-12-20T00:00:00Z,TRUE
12.1_5.2,2024-12-20,18.041714285714285,28,2024-12-20T00:30:00Z,2024-12-20T14:30:00Z,FALSE
12.1_5.2,2024-12-21,2.318,35,2024-12-21T01:30:00Z,2024-12-21T20:00:00Z,FALSE
12.1_5.2,2024-12-22,3.170166666666667,36,2024-12-22T05:30:00Z,2024-12-23T00:00:00Z,TRUE
12.1_5.2,2024-12-23,7.686542857142857,35,2024-12-23T00:30:00Z,2024-12-23T18:30:00Z,FALSE
12.1_5.2,2024-12-24,23.104225,40,2024-12-24T04:30:00Z,2024-12-25T00:00:00Z,TRUE
12.1_5.2,2024-12-25,29.20227659574468,47,2024-12-25T00:30:00Z,2024-12-26T00:00:00Z,TRUE
12.1_5.2,2024-12-26,14.918239130434783,46,2024-12-26T00:30:00Z,2024-12-27T00:00:00Z,TRUE
12.1_5.2,2024-12-27,14.844520833333334,48,2024-12-27T00:30:00Z,2024-12-28T00:00:00Z,TRUE
12.1_5.2,2024-12-28,6.9789545454545445,44,2024-12-28T00:30:00Z,2024-12-28T22:30:00Z,TRUE
12.1_5.2,2024-12-29,12.971214285714286,42,2024-12-29T01:00:00Z,2024-12-30T00:00:00Z,TRUE
12.1_5.2,2024-12-30,3.8665862068965513,29,2024-12-30T00:30:00Z,2024-12-31T00:00:00Z,FALSE
12.1_5.2,2024-12-31,13.902511627906977,43,2024-12-31T00:30:00Z,2024-12-31T22:00:00Z,TRUE
12.1_5.2,2025-01-01,5.10340625,32,2025-01-01T08:00:00Z,2025-01-02T00:00:00Z,FALSE
12.1_5.2,2025-01-02,9.622975609756097,41,2025-01-02T00:30:00Z,2025-01-03T00:00:00Z,TRUE
12.1_5.2,2025-01-03,11.159295454545454,44,2025-01-03T00:30:00Z,2025-01-04T00:00:00Z,TRUE
12.1_5.2,2025-01-04,2.366214285714286,42,2025-01-04T00:30:00Z,2025-01-05T00:00:00Z,TRUE
12.1_5.2,2025-01-05,8.684184210526317,38,2025-01-05T04:30:00Z,2025-01-06T00:00:00Z,TRUE
12.1_5.2,2025-01-06,9.360181818181818,22,2025-01-06T00:30:00Z,2025-01-06T11:00:00Z,FALSE
12.1_5.2,2025-01-07,2.06915,20,2025-01-07T06:00:00Z,2025-01-07T16:30:00Z,FALSE
12.1_5.2,2025-01-08,2.515310344827586,29,2025-01-08T02:00:00Z,2025-01-08T16:30:00Z,FALSE
12.1_5.2,2025-01-09,2.61596,25,2025-01-09T03:30:00Z,2025-01-09T16:30:00Z,FALSE
12.1_5.2,2025-01-10,21.423454545454547,22,2025-01-10T08:30:00Z,2025-01-10T19:00:00Z,FALSE
12.1_5.2,2025-01-11,33.735052631578945,38,2025-01-11T05:30:00Z,2025-01-12T00:00:00Z,TRUE
12.1_5.2,2025-01-12,25.60293103448276,29,2025-01-12T00:30:00Z,2025-01-13T00:00:00Z,FALSE
12.1_5.2,2025-01-13,7.647200000000001,45,2025-01-13T00:30:00Z,2025-01-14T00:00:00Z,TRUE
12.1_5.2,2025-01-14,4.530689655172414,29,2025-01-14T00:30:00Z,2025-01-15T00:00:00Z,FALSE
12.1_5.2,2025-01-15,6.372068181818182,44,2025-01-15T00:30:00Z,2025-01-16T00:00:00Z,TRUE
12.1_5.2,2025-01-16,18.304261904761905,42,2025-01-16T00:30:00Z,2025-01-16T23:30:00Z,TRUE
12.1_5.2,2025-01-17,29.4984,10,2025-01-17T08:30:00Z,2025-01-17T13:00:00Z,FALSE
12.1_5.2,2025-01-18,5.474733333333334,30,2025-01-18T06:00:00Z,2025-01-19T00:00:00Z,FALSE
12.1_5.2,2025-01-19,2.7295945945945945,37,2025-01-19T00:30:00Z,2025-01-19T19:30:00Z,TRUE
12.1_5.2,2025-01-20,2.5685384615384614,13,2025-01-20T06:00:00Z,2025-01-20T12:30:00Z,FALSE
12.1_5.2,2025-01-21,3.475142857142857,42,2025-01-21T01:30:00Z,2025-01-22T00:00:00Z,TRUE
12.1_5.2,2025-01-22,3.3549615384615383,26,2025-01-22T00:30:00Z,2025-01-22T17:30:00Z,FALSE
12.1_5.2,2025-01-23,7.9774,15,2025-01-23T10:30:00Z,2025-01-23T19:30:00Z,FALSE
12.1_5.2,2025-01-24,6.932454545454545,11,2025-01-24T13:30:00Z,2025-01-24T20:00:00Z,FALSE
12.1_5.2,2025-01-25,14.446166666666667,18,2025-01-25T05:30:00Z,2025-01-25T15:30:00Z,FALSE
12.1_5.2,2025-01-26,5.200483870967742,31,2025-01-26T08:30:00Z,2025-01-27T00:00:00Z,FALSE
12.1_5.2,2025-01-27,6.388886363636364,44,2025-01-27T00:30:00Z,2025-01-27T23:30:00Z,TRUE
12.1_5.2,2025-01-28,5.166951219512195,41,2025-01-28T01:30:00Z,2025-01-29T00:00:00Z,TRUE
12.1_5.2,2025-01-29,4.352222222222222,45,2025-01-29T00:30:00Z,2025-01-30T00:00:00Z,TRUE
12.1_5.2,2025-01-30,7.660608695652174,46,2025-01-30T00:30:00Z,2025-01-31T00:00:00Z,TRUE
12.1_5.2,2025-01-31,3.9506428571428573,14,2025-01-31T00:30:00Z,2025-01-31T07:30:00Z,FALSE
12.1_5.2,2025-02-01,2.9558823529411766,34,2025-02-01T05:30:00Z,2025-02-01T22:30:00Z,FALSE
12.1_5.2,2025-02-02,7.668125,40,2025-02-02T01:30:00Z,2025-02-03T00:00:00Z,TRUE
12.1_5.2,2025-02-03,32.63278260869565,46,2025-02-03T00:30:00Z,2025-02-04T00:00:00Z,TRUE
12.1_5.2,2025-02-04,15.32596875,32,2025-02-04T00:30:00Z,2025-02-04T19:00:00Z,FALSE
12.1_5.2,2025-02-05,2.9145641025641025,39,2025-02-05T05:00:00Z,2025-02-06T00:00:00Z,TRUE
12.1_5.2,2025-02-06,17.338234042553193,47,2025-02-06T00:30:00Z,2025-02-07T00:00:00Z,TRUE
12.1_5.2,2025-02-07,4.542363636363636,22,2025-02-07T01:00:00Z,2025-02-07T14:00:00Z,FALSE
12.1_5.2,2025-02-08,11.978612903225807,31,2025-02-08T07:30:00Z,2025-02-09T00:00:00Z,FALSE
12.1_5.2,2025-02-09,12.610076923076925,26,2025-02-09T00:30:00Z,2025-02-10T00:00:00Z,FALSE
12.1_5.2,2025-02-10,8.339108695652174,46,2025-02-10T00:30:00Z,2025-02-11T00:00:00Z,TRUE
12.1_5.2,2025-02-11,24.672434782608697,46,2025-02-11T00:30:00Z,2025-02-11T23:30:00Z,TRUE
12.1_5.2,2025-02-12,27.064217391304346,46,2025-02-12T00:30:00Z,2025-02-13T00:00:00Z,TRUE
12.1_5.2,2025-02-13,24.010432432432435,37,2025-02-13T00:30:00Z,2025-02-14T00:00:00Z,TRUE
12.1_5.2,2025-02-14,8.569744680851064,47,2025-02-14T00:30:00Z,2025-02-15T00:00:00Z,TRUE
12.1_5.2,2025-02-15,17.229,32,2025-02-15T00:30:00Z,2025-02-15T16:00:00Z,FALSE
12.1_5.2,2025-02-16,7.483714285714286,7,2025-02-16T20:00:00Z,2025-02-17T00:00:00Z,FALSE
12.1_5.2,2025-02-17,3.7259024390243902,41,2025-02-17T00:30:00Z,2025-02-18T00:00:00Z,TRUE
12.1_5.2,2025-02-18,3.3739166666666667,24,2025-02-18T00:30:00Z,2025-02-18T23:30:00Z,FALSE
12.1_5.2,2025-02-19,3.0608260869565216,46,2025-02-19T00:30:00Z,2025-02-19T23:30:00Z,TRUE
12.1_5.2,2025-02-20,4.8653571428571425,28,2025-02-20T01:00:00Z,2025-02-20T15:00:00Z,FALSE
12.1_5.2,2025-02-21,3.381945945945946,37,2025-02-21T05:00:00Z,2025-02-22T00:00:00Z,TRUE
12.1_5.2,2025-02-22,13.116634146341463,41,2025-02-22T00:30:00Z,2025-02-23T00:00:00Z,TRUE
12.1_5.2,2025-02-23,11.958473684210526,38,2025-02-23T00:30:00Z,2025-02-24T00:00:00Z,TRUE
12.1_5.2,2025-02-24,13.114244444444445,45,2025-02-24T00:30:00Z,2025-02-25T00:00:00Z,TRUE
12.1_5.2,2025-02-25,9.7885625,48,2025-02-25T00:30:00Z,2025-02-26T00:00:00Z,TRUE
12.1_5.2,2025-02-26,17.915574468085104,47,2025-02-26T00:30:00Z,2025-02-27T00:00:00Z,TRUE
12.1_5.2,2025-02-27,36.861111111111114,27,2025-02-27T00:30:00Z,2025-02-28T00:00:00Z,FALSE
12.1_5.2,2025-02-28,10.640704545454545,44,2025-02-28T00:30:00Z,2025-02-28T23:00:00Z,TRUE
12.1_5.2,2025-03-01,2.4026285714285716,35,2025-03-01T00:30:00Z,2025-03-01T19:30:00Z,FALSE
12.1_5.2,2025-03-02,2.9105714285714286,35,2025-03-02T06:00:00Z,2025-03-03T00:00:00Z,FALSE
12.1_5.2,2025-03-03,6.851347826086957,46,2025-03-03T00:30:00Z,2025-03-04T00:00:00Z,TRUE
12.1_5.2,2025-03-04,6.853239130434782,46,2025-03-04T00:30:00Z,2025-03-05T00:00:00Z,TRUE
12.1_5.2,2025-03-05,4.671977272727273,44,2025-03-05T00:30:00Z,2025-03-06T00:00:00Z,TRUE
12.1_5.2,2025-03-06,2.31648,25,2025-03-06T00:30:00Z,2025-03-07T00:00:00Z,FALSE
12.1_5.2,2025-03-07,6.244404761904762,42,2025-03-07T00:30:00Z,2025-03-08T00:00:00Z,TRUE
12.1_5.2,2025-03-08,11.017250000000002,48,2025-03-08T00:30:00Z,2025-03-09T00:00:00Z,TRUE
12.1_5.2,2025-03-09,4.920595744680851,47,2025-03-09T00:30:00Z,2025-03-10T00:00:00Z,TRUE
12.1_5.2,2025-03-10,4.9004651162790696,43,2025-03-10T00:30:00Z,2025-03-10T22:00:00Z,TRUE
12.1_5.2,2025-03-11,5.895818181818182,44,2025-03-11T00:30:00Z,2025-03-12T00:00:00Z,TRUE
12.1_5.2,2025-03-12,3.0752608695652173,46,2025-03-12T00:30:00Z,2025-03-13T00:00:00Z,TRUE
12.1_5.2,2025-03-13,7.2851914893617025,47,2025-03-13T00:30:00Z,2025-03-14T00:00:00Z,TRUE
12.1_5.2,2025-03-14,12.724479166666667,48,2025-03-14T00:30:00Z,2025-03-15T00:00:00Z,TRUE
12.1_5.2,2025-03-15,12.006931818181819,44,2025-03-15T00:30:00Z,2025-03-16T00:00:00Z,TRUE
12.1_5.2,2025-03-16,7.450909090909091,44,2025-03-16T01:30:00Z,2025-03-17T00:00:00Z,TRUE
12.1_5.2,2025-03-17,3.1875,42,2025-03-17T00:30:00Z,2025-03-18T00:00:00Z,TRUE
12.1_5.2,2025-03-18,6.189520833333333,48,2025-03-18T00:30:00Z,2025-03-19T00:00:00Z,TRUE
12.1_5.2,2025-03-19,5.937239130434782,46,2025-03-19T01:00:00Z,2025-03-20T00:00:00Z,TRUE
12.1_5.2,2025-03-20,3.4098478260869567,46,2025-03-20T00:30:00Z,2025-03-21T00:00:00Z,TRUE
12.1_5.2,2025-03-21,2.8440444444444446,45,2025-03-21T01:00:00Z,2025-03-22T00:00:00Z,TRUE
12.1_5.2,2025-03-22,3.143511111111111,45,2025-03-22T00:30:00Z,2025-03-23T00:00:00Z,TRUE
12.1_5.2,2025-03-23,5.911622222222222,45,2025-03-23T00:30:00Z,2025-03-24T00:00:00Z,TRUE
12.1_5.2,2025-03-24,7.089727272727273,44,2025-03-24T00:30:00Z,2025-03-25T00:00:00Z,TRUE
12.1_5.2,2025-03-25,7.370371428571428,35,2025-03-25T00:30:00Z,2025-03-25T19:00:00Z,FALSE
12.1_5.2,2025-03-26,3.5922,40,2025-03-26T04:30:00Z,2025-03-27T00:00:00Z,TRUE
12.1_5.2,2025-03-27,7.92109756097561,41,2025-03-27T00:30:00Z,2025-03-28T00:00:00Z,TRUE
12.1_5.2,2025-03-28,10.678266666666667,45,2025-03-28T01:00:00Z,2025-03-29T00:00:00Z,TRUE
12.1_5.2,2025-03-29,10.127783783783784,37,2025-03-29T00:30:00Z,2025-03-30T00:00:00Z,TRUE
12.1_5.2,2025-03-30,12.06835,40,2025-03-30T00:30:00Z,2025-03-31T00:00:00Z,TRUE
12.1_5.2,2025-03-31,4.7466,45,2025-03-31T00:30:00Z,2025-04-01T00:00:00Z,TRUE
12.1_5.2,2025-04-01,3.70109756097561,41,2025-04-01T00:30:00Z,2025-04-02T00:00:00Z,TRUE
12.1_5.2,2025-04-02,5.903808510638298,47,2025-04-02T00:30:00Z,2025-04-03T00:00:00Z,TRUE
12.1_5.2,2025-04-03,4.142125,40,2025-04-03T00:30:00Z,2025-04-03T20:30:00Z,TRUE
12.1_5.2,2025-04-04,3.265823529411765,34,2025-04-04T06:30:00Z,2025-04-05T00:00:00Z,FALSE
12.1_5.2,2025-04-05,7.025971428571429,35,2025-04-05T00:30:00Z,2025-04-05T20:30:00Z,FALSE
12.1_5.2,2025-04-06,2.3702380952380953,21,2025-04-06T13:30:00Z,2025-04-07T00:00:00Z,FALSE
12.1_5.2,2025-04-07,7.473847826086956,46,2025-04-07T00:30:00Z,2025-04-08T00:00:00Z,TRUE
12.1_5.2,2025-04-08,2.8661521739130436,46,2025-04-08T00:30:00Z,2025-04-09T00:00:00Z,TRUE
12.1_5.2,2025-04-09,4.143355555555556,45,2025-04-09T00:30:00Z,2025-04-10T00:00:00Z,TRUE
12.1_5.2,2025-04-10,21.219063829787235,47,2025-04-10T00:30:00Z,2025-04-11T00:00:00Z,TRUE
12.1_5.2,2025-04-11,13.365883720930233,43,2025-04-11T00:30:00Z,2025-04-12T00:00:00Z,TRUE
12.1_5.2,2025-04-12,8.360152173913043,46,2025-04-12T00:30:00Z,2025-04-13T00:00:00Z,TRUE
12.1_5.2,2025-04-13,9.787977272727273,44,2025-04-13T00:30:00Z,2025-04-14T00:00:00Z,TRUE
12.1_5.2,2025-04-14,5.077325581395349,43,2025-04-14T00:30:00Z,2025-04-14T23:30:00Z,TRUE
12.1_5.2,2025-04-15,2.9617317073170732,41,2025-04-15T00:30:00Z,2025-04-16T00:00:00Z,TRUE
12.1_5.2,2025-04-16,2.8625106382978727,47,2025-04-16T00:30:00Z,2025-04-17T00:00:00Z,TRUE
12.1_5.2,2025-04-17,10.40915909090909,44,2025-04-17T00:30:00Z,2025-04-18T00:00:00Z,TRUE
12.1_5.2,2025-04-18,5.6433333333333335,48,2025-04-18T00:30:00Z,2025-04-19T00:00:00Z,TRUE
12.1_5.2,2025-04-19,10.88085,40,2025-04-19T00:30:00Z,2025-04-19T21:30:00Z,TRUE
12.1_5.2,2025-04-20,4.119955555555556,45,2025-04-20T02:00:00Z,2025-04-21T00:00:00Z,TRUE
12.1_5.2,2025-04-21,4.4172,45,2025-04-21T00:30:00Z,2025-04-21T23:30:00Z,TRUE
12.1_5.2,2025-04-22,2.1072444444444445,45,2025-04-22T01:00:00Z,2025-04-23T00:00:00Z,TRUE
12.1_5.2,2025-04-23,5.017608695652174,46,2025-04-23T00:30:00Z,2025-04-24T00:00:00Z,TRUE
12.1_5.2,2025-04-24,8.340395833333334,48,2025-04-24T00:30:00Z,2025-04-25T00:00:00Z,TRUE
12.1_5.2,2025-04-25,6.830477272727273,44,2025-04-25T00:30:00Z,2025-04-26T00:00:00Z,TRUE
12.1_5.2,2025-04-26,5.466312500000001,32,2025-04-26T00:30:00Z,2025-04-27T00:00:00Z,FALSE
12.1_5.2,2025-04-27,6.063545454545454,44,2025-04-27T00:30:00Z,2025-04-28T00:00:00Z,TRUE
12.1_5.2,2025-04-28,5.1978409090909095,44,2025-04-28T00:30:00Z,2025-04-29T00:00:00Z,TRUE
12.1_5.2,2025-04-29,6.467229166666667,48,2025-04-29T00:30:00Z,2025-04-30T00:00:00Z,TRUE
12.1_5.2,2025-04-30,1.9387906976744187,43,2025-04-30T01:00:00Z,2025-05-01T00:00:00Z,TRUE
12.1_5.2,2025-05-01,5.160205128205128,39,2025-05-01T00:30:00Z,2025-05-02T00:00:00Z,TRUE
12.1_5.2,2025-05-02,7.457428571428571,42,2025-05-02T00:30:00Z,2025-05-03T00:00:00Z,TRUE
12.1_5.2,2025-05-03,12.003846153846153,13,2025-05-03T00:30:00Z,2025-05-03T08:00:00Z,FALSE
12.1_5.2,2025-05-04,12.2385,20,2025-05-04T05:30:00Z,2025-05-04T23:00:00Z,FALSE
12.1_5.2,2025-05-05,18.608428571428572,35,2025-05-05T07:00:00Z,2025-05-06T00:00:00Z,FALSE
12.1_5.2,2025-05-06,4.7774375,32,2025-05-06T00:30:00Z,2025-05-07T00:00:00Z,FALSE
12.1_5.2,2025-05-07,15.344972222222223,36,2025-05-07T00:30:00Z,2025-05-08T00:00:00Z,TRUE
12.1_5.2,2025-05-08,7.837625,40,2025-05-08T00:30:00Z,2025-05-09T00:00:00Z,TRUE
12.1_5.2,2025-05-09,6.399933333333333,45,2025-05-09T00:30:00Z,2025-05-10T00:00:00Z,TRUE
12.1_5.2,2025-05-10,4.3264,45,2025-05-10T00:30:00Z,2025-05-11T00:00:00Z,TRUE
12.1_5.2,2025-05-11,4.609064516129032,31,2025-05-11T00:30:00Z,2025-05-11T23:30:00Z,FALSE
12.1_5.2,2025-05-12,6.7555116279069765,43,2025-05-12T01:00:00Z,2025-05-13T00:00:00Z,TRUE
12.1_5.2,2025-05-13,5.5088,40,2025-05-13T00:30:00Z,2025-05-14T00:00:00Z,TRUE
12.1_5.2,2025-05-14,2.491595238095238,42,2025-05-14T00:30:00Z,2025-05-15T00:00:00Z,TRUE
12.1_5.2,2025-05-15,9.28671052631579,38,2025-05-15T00:30:00Z,2025-05-16T00:00:00Z,TRUE
12.1_5.2,2025-05-16,7.173871794871795,39,2025-05-16T00:30:00Z,2025-05-17T00:00:00Z,TRUE
12.1_5.2,2025-05-17,4.246772727272727,22,2025-05-17T00:30:00Z,2025-05-17T13:00:00Z,FALSE
12.1_5.2,2025-05-18,11.883875,8,2025-05-18T20:30:00Z,2025-05-19T00:00:00Z,FALSE
12.1_5.2,2025-05-19,7.036825,40,2025-05-19T00:30:00Z,2025-05-19T20:00:00Z,TRUE
12.1_5.2,2025-05-20,7.956421052631579,19,2025-05-20T06:00:00Z,2025-05-20T15:00:00Z,FALSE
12.1_5.2,2025-05-21,16.529,6,2025-05-21T16:30:00Z,2025-05-21T21:00:00Z,FALSE
12.1_5.2,2025-05-22,9.186333333333334,3,2025-05-22T00:30:00Z,2025-05-22T01:30:00Z,FALSE
12.1_5.2,2025-05-25,4.683677419354838,31,2025-05-25T07:00:00Z,2025-05-26T00:00:00Z,FALSE
12.1_5.2,2025-05-26,11.64035294117647,34,2025-05-26T00:30:00Z,2025-05-26T18:00:00Z,FALSE
12.1_5.2,2025-05-27,3.997076923076923,26,2025-05-27T04:00:00Z,2025-05-28T00:00:00Z,FALSE
12.1_5.2,2025-05-28,2.532208333333333,24,2025-05-28T00:30:00Z,2025-05-28T12:30:00Z,FALSE
12.1_5.2,2025-05-30,7.178285714285714,7,2025-05-30T18:00:00Z,2025-05-30T21:00:00Z,FALSE
12.1_5.2,2025-05-31,6.669,32,2025-05-31T07:00:00Z,2025-06-01T00:00:00Z,FALSE
12.1_5.2,2025-06-01,7.009285714285714,7,2025-06-01T01:00:00Z,2025-06-01T04:00:00Z,FALSE
12.1_5.2,2025-06-02,2.7849285714285714,14,2025-06-02T15:30:00Z,2025-06-03T00:00:00Z,FALSE
12.1_5.2,2025-06-03,8.99214705882353,34,2025-06-03T00:30:00Z,2025-06-04T00:00:00Z,FALSE
12.1_5.2,2025-06-04,26.5686,40,2025-06-04T00:30:00Z,2025-06-05T00:00:00Z,TRUE
12.1_5.2,2025-06-05,29.508525,40,2025-06-05T01:00:00Z,2025-06-06T00:00:00Z,TRUE
12.1_5.2,2025-06-06,59.44082926829268,41,2025-06-06T00:30:00Z,2025-06-07T00:00:00Z,TRUE
12.1_5.2,2025-06-07,71.18870588235293,17,2025-06-07T00:30:00Z,2025-06-07T20:30:00Z,FALSE
12.1_5.2,2025-06-10,6.30765,20,2025-06-10T13:30:00Z,2025-06-11T00:00:00Z,FALSE
12.1_5.2,2025-06-11,13.964846153846153,13,2025-06-11T00:30:00Z,2025-06-11T08:00:00Z,FALSE
12.1_5.2,2025-06-12,33.499,1,2025-06-12T14:00:00Z,2025-06-12T14:00:00Z,FALSE
12.1_5.2,2025-06-15,13.643166666666668,24,2025-06-15T09:30:00Z,2025-06-16T00:00:00Z,FALSE
12.1_5.2,2025-06-16,11.050536585365853,41,2025-06-16T01:00:00Z,2025-06-17T00:00:00Z,TRUE
12.1_5.2,2025-06-17,11.697842105263158,38,2025-06-17T00:30:00Z,2025-06-18T00:00:00Z,TRUE
12.1_5.2,2025-06-18,8.6132,45,2025-06-18T00:30:00Z,2025-06-19T00:00:00Z,TRUE
12.1_5.2,2025-06-19,12.5875,2,2025-06-19T00:30:00Z,2025-06-19T01:00:00Z,FALSE
12.1_5.2,2025-06-20,10.881153846153847,13,2025-06-20T16:00:00Z,2025-06-20T23:30:00Z,FALSE
12.1_5.2,2025-06-21,9.270884615384615,26,2025-06-21T00:30:00Z,2025-06-22T00:00:00Z,FALSE
12.1_5.2,2025-06-22,8.583333333333334,48,2025-06-22T00:30:00Z,2025-06-23T00:00:00Z,TRUE
12.1_5.2,2025-06-23,9.43804347826087,46,2025-06-23T00:30:00Z,2025-06-24T00:00:00Z,TRUE
12.1_5.2,2025-06-24,8.256372093023256,43,2025-06-24T00:30:00Z,2025-06-25T00:00:00Z,TRUE
12.1_5.2,2025-06-25,13.801738095238095,42,2025-06-25T00:30:00Z,2025-06-26T00:00:00Z,TRUE
12.1_5.2,2025-06-26,15.371292682926828,41,2025-06-26T00:30:00Z,2025-06-27T00:00:00Z,TRUE
12.1_5.2,2025-06-27,10.639468085106383,47,2025-06-27T00:30:00Z,2025-06-28T00:00:00Z,TRUE
12.1_5.2,2025-06-28,9.841340425531914,47,2025-06-28T00:30:00Z,2025-06-29T00:00:00Z,TRUE
12.1_5.2,2025-06-29,6.419369565217392,46,2025-06-29T00:30:00Z,2025-06-30T00:00:00Z,TRUE
12.1_5.2,2025-06-30,9.433769230769231,39,2025-06-30T00:30:00Z,2025-07-01T00:00:00Z,TRUE
12.1_5.2,2025-07-01,10.041868421052632,38,2025-07-01T00:30:00Z,2025-07-02T00:00:00Z,TRUE
12.1_5.2,2025-07-02,9.443605263157895,38,2025-07-02T00:30:00Z,2025-07-03T00:00:00Z,TRUE
12.1_5.2,2025-07-03,17.075666666666667,42,2025-07-03T00:30:00Z,2025-07-04T00:00:00Z,TRUE
12.1_5.2,2025-07-04,20.912526315789474,38,2025-07-04T00:30:00Z,2025-07-05T00:00:00Z,TRUE
12.1_5.2,2025-07-05,17.836256410256407,39,2025-07-05T00:30:00Z,2025-07-06T00:00:00Z,TRUE
12.1_5.2,2025-07-06,10.444111111111111,45,2025-07-06T00:30:00Z,2025-07-07T00:00:00Z,TRUE
12.1_5.2,2025-07-07,10.677272727272728,33,2025-07-07T01:00:00Z,2025-07-08T00:00:00Z,FALSE
12.1_5.2,2025-07-08,12.958525,40,2025-07-08T00:30:00Z,2025-07-09T00:00:00Z,TRUE
12.1_5.2,2025-07-09,24.358666666666668,36,2025-07-09T00:30:00Z,2025-07-10T00:00:00Z,TRUE
12.1_5.2,2025-07-10,19.462060606060607,33,2025-07-10T00:30:00Z,2025-07-10T23:00:00Z,FALSE
12.1_5.2,2025-07-11,12.899454545454544,44,2025-07-11T00:30:00Z,2025-07-12T00:00:00Z,TRUE
12.1_5.2,2025-07-12,8.7996875,48,2025-07-12T00:30:00Z,2025-07-13T00:00:00Z,TRUE
12.1_5.2,2025-07-13,6.735711111111111,45,2025-07-13T00:30:00Z,2025-07-14T00:00:00Z,TRUE
12.1_5.2,2025-07-14,23.94115789473684,38,2025-07-14T00:30:00Z,2025-07-15T00:00:00Z,TRUE
12.1_5.2,2025-07-15,36.436902439024394,41,2025-07-15T00:30:00Z,2025-07-15T23:30:00Z,TRUE
12.1_5.2,2025-07-16,36.696560975609756,41,2025-07-16T00:30:00Z,2025-07-17T00:00:00Z,TRUE
12.1_5.2,2025-07-17,10.538555555555556,36,2025-07-17T00:30:00Z,2025-07-18T00:00:00Z,TRUE
12.1_5.2,2025-07-18,2.1880454545454544,44,2025-07-18T00:30:00Z,2025-07-19T00:00:00Z,TRUE
12.1_5.2,2025-07-19,3.106,42,2025-07-19T00:30:00Z,2025-07-20T00:00:00Z,TRUE
12.1_5.2,2025-07-20,7.0712558139534885,43,2025-07-20T00:30:00Z,2025-07-21T00:00:00Z,TRUE
12.1_5.2,2025-07-21,21.636060606060603,33,2025-07-21T00:30:00Z,2025-07-22T00:00:00Z,FALSE
12.1_5.2,2025-07-22,6.037045454545455,44,2025-07-22T00:30:00Z,2025-07-23T00:00:00Z,TRUE
12.1_5.2,2025-07-23,5.300361111111111,36,2025-07-23T00:30:00Z,2025-07-24T00:00:00Z,TRUE
12.1_5.2,2025-07-24,13.839702702702702,37,2025-07-24T00:30:00Z,2025-07-25T00:00:00Z,TRUE
12.1_5.2,2025-07-25,13.71325,48,2025-07-25T00:30:00Z,2025-07-26T00:00:00Z,TRUE
12.1_5.2,2025-07-26,11.1325,38,2025-07-26T00:30:00Z,2025-07-26T23:30:00Z,TRUE
12.1_5.2,2025-07-27,10.662749999999999,40,2025-07-27T00:30:00Z,2025-07-28T00:00:00Z,TRUE
12.1_5.2,2025-07-28,10.902972222222223,36,2025-07-28T00:30:00Z,2025-07-28T23:00:00Z,TRUE
12.1_5.2,2025-07-29,9.859795454545454,44,2025-07-29T00:30:00Z,2025-07-30T00:00:00Z,TRUE
12.1_5.2,2025-07-30,16.34713157894737,38,2025-07-30T00:30:00Z,2025-07-31T00:00:00Z,TRUE
12.1_5.2,2025-07-31,42.397666666666666,12,2025-07-31T00:30:00Z,2025-07-31T08:30:00Z,FALSE
12.1_5.2,2025-08-01,15.057000000000002,30,2025-08-01T06:30:00Z,2025-08-01T23:30:00Z,FALSE
12.1_5.2,2025-08-02,5.892545454545455,33,2025-08-02T00:30:00Z,2025-08-02T21:00:00Z,FALSE
12.1_5.2,2025-08-03,13.11557142857143,42,2025-08-03T00:30:00Z,2025-08-04T00:00:00Z,TRUE
12.1_5.2,2025-08-04,49.41129268292683,41,2025-08-04T01:00:00Z,2025-08-05T00:00:00Z,TRUE
12.1_5.2,2025-08-05,40.55322857142857,35,2025-08-05T00:30:00Z,2025-08-06T00:00:00Z,FALSE
12.1_5.2,2025-08-06,25.085069767441862,43,2025-08-06T00:30:00Z,2025-08-07T00:00:00Z,TRUE
12.1_5.2,2025-08-07,22.167545454545454,44,2025-08-07T00:30:00Z,2025-08-08T00:00:00Z,TRUE
12.1_5.2,2025-08-08,15.233918918918919,37,2025-08-08T00:30:00Z,2025-08-09T00:00:00Z,TRUE
12.1_5.2,2025-08-09,21.33419512195122,41,2025-08-09T00:30:00Z,2025-08-10T00:00:00Z,TRUE
12.1_5.2,2025-08-10,26.914340425531915,47,2025-08-10T01:00:00Z,2025-08-11T00:00:00Z,TRUE
12.1_5.2,2025-08-11,20.992304347826085,46,2025-08-11T00:30:00Z,2025-08-12T00:00:00Z,TRUE
12.1_5.2,2025-08-12,15.107076923076923,26,2025-08-12T00:30:00Z,2025-08-12T14:30:00Z,FALSE
12.1_5.2,2025-08-13,9.931333333333333,6,2025-08-13T03:30:00Z,2025-08-13T06:00:00Z,FALSE
12.1_5.2,2025-08-15,33.12375,4,2025-08-15T06:30:00Z,2025-08-15T08:00:00Z,FALSE
12.1_5.2,2025-08-16,27.251857142857144,7,2025-08-16T06:30:00Z,2025-08-16T09:30:00Z,FALSE
12.1_5.2,2025-08-25,2.146,8,2025-08-25T07:00:00Z,2025-08-25T21:30:00Z,FALSE
12.1_5.2,2025-08-26,3.4935454545454547,11,2025-08-26T08:00:00Z,2025-08-26T23:30:00Z,FALSE
12.1_5.2,2025-08-27,6.257,8,2025-08-27T01:00:00Z,2025-08-27T08:30:00Z,FALSE
12.1_5.2,2025-08-28,3.6212857142857144,7,2025-08-28T05:00:00Z,2025-08-28T08:00:00Z,FALSE
12.1_5.2,2025-08-30,3.345428571428571,14,2025-08-30T09:30:00Z,2025-08-30T16:00:00Z,FALSE
12.1_5.2,2025-08-31,8.6674375,16,2025-08-31T06:00:00Z,2025-08-31T14:30:00Z,FALSE
12.1_5.2,2025-09-01,7.039642857142857,14,2025-09-01T01:00:00Z,2025-09-01T10:30:00Z,FALSE
12.1_5.2,2025-09-02,9.046,4,2025-09-02T11:00:00Z,2025-09-02T22:30:00Z,FALSE
12.1_5.2,2025-09-03,18.706,5,2025-09-03T08:00:00Z,2025-09-03T11:30:00Z,FALSE
12.1_5.2,2025-09-04,5.065,1,2025-09-04T00:30:00Z,2025-09-04T00:30:00Z,FALSE
12.1_5.2,2025-09-09,12.959357142857144,14,2025-09-09T09:30:00Z,2025-09-10T00:00:00Z,FALSE
12.1_5.2,2025-09-11,11.0901,20,2025-09-11T03:30:00Z,2025-09-11T15:30:00Z,FALSE
12.1_5.2,2025-09-12,24.500307692307693,13,2025-09-12T06:00:00Z,2025-09-12T12:00:00Z,FALSE
12.1_5.2,2025-09-13,14.026285714285715,14,2025-09-13T04:00:00Z,2025-09-13T11:30:00Z,FALSE
12.1_5.2,2025-09-14,40.10114285714286,7,2025-09-14T07:30:00Z,2025-09-14T11:00:00Z,FALSE
12.1_5.2,2025-09-18,12.05888888888889,18,2025-09-18T01:30:00Z,2025-09-18T23:30:00Z,FALSE
12.1_5.2,2025-09-19,13.249571428571429,7,2025-09-19T03:00:00Z,2025-09-19T23:30:00Z,FALSE
12.1_5.2,2025-09-20,4.085263157894737,19,2025-09-20T09:00:00Z,2025-09-21T00:00:00Z,FALSE
12.1_5.2,2025-09-21,5.8272272727272725,22,2025-09-21T00:30:00Z,2025-09-21T14:30:00Z,FALSE
12.1_5.2,2025-09-22,14.691090909090908,11,2025-09-22T05:30:00Z,2025-09-22T15:00:00Z,FALSE
12.1_5.2,2025-09-23,8.686571428571428,7,2025-09-23T04:30:00Z,2025-09-23T08:00:00Z,FALSE
12.1_5.2,2025-09-27,10.996,1,2025-09-27T06:00:00Z,2025-09-27T06:00:00Z,FALSE
12.1_5.2,2025-10-06,6.770258064516129,31,2025-10-06T00:30:00Z,2025-10-06T16:00:00Z,FALSE
12.1_5.2,2025-10-11,2.1594375,16,2025-10-11T05:30:00Z,2025-10-11T23:30:00Z,FALSE
12.1_5.2,2025-10-12,3.073166666666667,6,2025-10-12T00:30:00Z,2025-10-12T03:00:00Z,FALSE
12.1_5.2,2025-10-13,2.551842105263158,19,2025-10-13T13:00:00Z,2025-10-13T22:00:00Z,FALSE
12.1_5.2,2025-10-14,3.1368,5,2025-10-14T21:30:00Z,2025-10-15T00:00:00Z,FALSE
12.1_5.2,2025-10-15,3.583,1,2025-10-15T00:30:00Z,2025-10-15T00:30:00Z,FALSE
12.1_5.2,2025-10-17,2.9184615384615387,13,2025-10-17T17:00:00Z,2025-10-17T23:00:00Z,FALSE
12.1_5.2,2025-10-18,4.048333333333333,15,2025-10-18T02:00:00Z,2025-10-18T11:00:00Z,FALSE
12.1_5.2,2025-10-19,11.284,1,2025-10-19T08:30:00Z,2025-10-19T08:30:00Z,FALSE
12.1_5.2,2025-10-29,4.097818181818182,11,2025-10-29T03:00:00Z,2025-10-29T09:30:00Z,FALSE
12.1_5.2,2025-10-31,1.9024166666666666,12,2025-10-31T18:30:00Z,2025-11-01T00:00:00Z,FALSE
12.1_5.2,2025-11-01,8.880172413793105,29,2025-11-01T00:30:00Z,2025-11-01T14:30:00Z,FALSE
12.1_5.2,2025-11-02,15.69871875,32,2025-11-02T02:00:00Z,2025-11-03T00:00:00Z,FALSE
12.1_5.2,2025-11-03,10.881755555555555,45,2025-11-03T00:30:00Z,2025-11-04T00:00:00Z,TRUE
12.1_5.2,2025-11-04,2.735,47,2025-11-04T00:30:00Z,2025-11-05T00:00:00Z,TRUE
12.1_5.2,2025-11-05,5.103229166666667,48,2025-11-05T00:30:00Z,2025-11-06T00:00:00Z,TRUE
12.1_5.2,2025-11-06,2.1294583333333335,48,2025-11-06T00:30:00Z,2025-11-07T00:00:00Z,TRUE
12.1_5.2,2025-11-07,9.3521875,48,2025-11-07T00:30:00Z,2025-11-08T00:00:00Z,TRUE
12.1_5.2,2025-11-08,7.236673913043478,46,2025-11-08T00:30:00Z,2025-11-09T00:00:00Z,TRUE
12.1_5.2,2025-11-09,7.184225806451613,31,2025-11-09T00:30:00Z,2025-11-09T17:00:00Z,FALSE
12.1_5.2,2025-11-11,3.210875,16,2025-11-11T13:00:00Z,2025-11-12T00:00:00Z,FALSE
12.1_5.2,2025-11-12,4.23175,48,2025-11-12T00:30:00Z,2025-11-13T00:00:00Z,TRUE
12.1_5.2,2025-11-13,2.878979166666667,48,2025-11-13T00:30:00Z,2025-11-14T00:00:00Z,TRUE
12.1_5.2,2025-11-14,7.474229166666667,48,2025-11-14T00:30:00Z,2025-11-15T00:00:00Z,TRUE
12.1_5.2,2025-11-15,14.404645833333333,48,2025-11-15T00:30:00Z,2025-11-16T00:00:00Z,TRUE
12.1_5.2,2025-11-16,2.9640416666666662,48,2025-11-16T00:30:00Z,2025-11-17T00:00:00Z,TRUE
12.1_5.2,2025-11-17,2.3217916666666665,48,2025-11-17T00:30:00Z,2025-11-18T00:00:00Z,TRUE
12.1_5.2,2025-11-18,9.069191489361701,47,2025-11-18T00:30:00Z,2025-11-19T00:00:00Z,TRUE
12.1_5.2,2025-11-19,14.322375,48,2025-11-19T00:30:00Z,2025-11-20T00:00:00Z,TRUE
12.1_5.2,2025-11-20,26.9934375,48,2025-11-20T00:30:00Z,2025-11-21T00:00:00Z,TRUE
12.1_5.2,2025-11-21,23.286229166666665,48,2025-11-21T00:30:00Z,2025-11-22T00:00:00Z,TRUE
12.1_5.2,2025-11-22,12.845520833333333,48,2025-11-22T00:30:00Z,2025-11-23T00:00:00Z,TRUE
12.1_5.2,2025-11-23,11.6098125,48,2025-11-23T00:30:00Z,2025-11-24T00:00:00Z,TRUE
12.1_5.2,2025-11-24,5.6831875,48,2025-11-24T00:30:00Z,2025-11-25T00:00:00Z,TRUE
12.1_5.2,2025-11-25,9.844177777777778,45,2025-11-25T00:30:00Z,2025-11-25T23:00:00Z,TRUE
12.1_5.2,2025-11-26,1.5327272727272727,11,2025-11-26T19:00:00Z,2025-11-27T00:00:00Z,FALSE
12.1_5.2,2025-11-27,2.7203488372093023,43,2025-11-27T00:30:00Z,2025-11-27T21:30:00Z,TRUE
12.1_5.2,2025-11-28,2.25575,4,2025-11-28T22:30:00Z,2025-11-29T00:00:00Z,FALSE
12.1_5.2,2025-11-29,2.3295,4,2025-11-29T00:30:00Z,2025-11-29T02:00:00Z,FALSE
13.1_33.2,2024-11-01,1.611,4,2024-11-01T17:00:00Z,2024-11-02T00:00:00Z,FALSE
13.1_33.2,2024-11-02,3.559780487804878,41,2024-11-02T00:30:00Z,2024-11-03T00:00:00Z,TRUE
13.1_33.2,2024-11-03,5.210242424242424,33,2024-11-03T00:30:00Z,2024-11-04T00:00:00Z,FALSE
13.1_33.2,2024-11-04,4,17,2024-11-04T01:00:00Z,2024-11-04T22:30:00Z,FALSE
13.1_33.2,2024-11-05,3.9208125000000003,16,2024-11-05T00:30:00Z,2024-11-05T22:00:00Z,FALSE
13.1_33.2,2024-11-06,8.9342,35,2024-11-06T00:30:00Z,2024-11-07T00:00:00Z,FALSE
13.1_33.2,2024-11-07,4.837086956521739,23,2024-11-07T00:30:00Z,2024-11-07T23:00:00Z,FALSE
13.1_33.2,2024-11-08,10.465375,16,2024-11-08T02:30:00Z,2024-11-09T00:00:00Z,FALSE
13.1_33.2,2024-11-09,2.5065675675675676,37,2024-11-09T00:30:00Z,2024-11-10T00:00:00Z,TRUE
13.1_33.2,2024-11-10,13.953708333333333,24,2024-11-10T00:30:00Z,2024-11-11T00:00:00Z,FALSE
13.1_33.2,2024-11-11,8.40625,24,2024-11-11T00:30:00Z,2024-11-11T20:30:00Z,FALSE
13.1_33.2,2024-11-12,1.272375,16,2024-11-12T02:30:00Z,2024-11-12T23:00:00Z,FALSE
13.1_33.2,2024-11-13,3.779785714285714,14,2024-11-13T01:00:00Z,2024-11-13T22:00:00Z,FALSE
13.1_33.2,2024-11-14,9.459586206896553,29,2024-11-14T03:30:00Z,2024-11-15T00:00:00Z,FALSE
13.1_33.2,2024-11-15,45.91896969696969,33,2024-11-15T00:30:00Z,2024-11-16T00:00:00Z,FALSE
13.1_33.2,2024-11-16,4.641312500000001,48,2024-11-16T00:30:00Z,2024-11-17T00:00:00Z,TRUE
13.1_33.2,2024-11-17,13.907333333333334,48,2024-11-17T00:30:00Z,2024-11-18T00:00:00Z,TRUE
13.1_33.2,2024-11-18,23.271514285714286,35,2024-11-18T00:30:00Z,2024-11-19T00:00:00Z,FALSE
13.1_33.2,2024-11-19,23.584045454545453,22,2024-11-19T00:30:00Z,2024-11-19T19:30:00Z,FALSE
13.1_33.2,2024-11-20,10.75265,20,2024-11-20T00:30:00Z,2024-11-21T00:00:00Z,FALSE
13.1_33.2,2024-11-21,9.503729166666666,48,2024-11-21T00:30:00Z,2024-11-22T00:00:00Z,TRUE
13.1_33.2,2024-11-22,10.169481481481482,27,2024-11-22T00:30:00Z,2024-11-22T23:30:00Z,FALSE
13.1_33.2,2024-11-26,9.146964285714287,28,2024-11-26T06:30:00Z,2024-11-27T00:00:00Z,FALSE
13.1_33.2,2024-11-27,7.584676470588235,34,2024-11-27T00:30:00Z,2024-11-27T22:00:00Z,FALSE
13.1_33.2,2024-11-28,7.987954545454546,22,2024-11-28T01:00:00Z,2024-11-29T00:00:00Z,FALSE
13.1_33.2,2024-11-29,9.699142857142858,28,2024-11-29T00:30:00Z,2024-11-30T00:00:00Z,FALSE
13.1_33.2,2024-11-30,10.14967741935484,31,2024-11-30T00:30:00Z,2024-12-01T00:00:00Z,FALSE
13.1_33.2,2024-12-01,8.492119047619049,42,2024-12-01T01:00:00Z,2024-12-02T00:00:00Z,TRUE
13.1_33.2,2024-12-02,13.520785714285713,42,2024-12-02T00:30:00Z,2024-12-03T00:00:00Z,TRUE
13.1_33.2,2024-12-03,14.941650000000001,20,2024-12-03T00:30:00Z,2024-12-03T23:00:00Z,FALSE
13.1_33.2,2024-12-04,13.722821428571429,28,2024-12-04T01:30:00Z,2024-12-04T23:30:00Z,FALSE
13.1_33.2,2024-12-05,6.766615384615385,13,2024-12-05T01:30:00Z,2024-12-06T00:00:00Z,FALSE
13.1_33.2,2024-12-06,6.648815789473684,38,2024-12-06T00:30:00Z,2024-12-06T22:30:00Z,TRUE
13.1_33.2,2024-12-07,7.321,18,2024-12-07T00:30:00Z,2024-12-07T22:30:00Z,FALSE
13.1_33.2,2024-12-08,8.111545454545455,11,2024-12-08T02:00:00Z,2024-12-09T00:00:00Z,FALSE
13.1_33.2,2024-12-09,11.0174375,16,2024-12-09T00:30:00Z,2024-12-10T00:00:00Z,FALSE
13.1_33.2,2024-12-10,35.458777777777776,18,2024-12-10T00:30:00Z,2024-12-10T23:30:00Z,FALSE
13.1_33.2,2024-12-11,20.963027027027028,37,2024-12-11T01:00:00Z,2024-12-12T00:00:00Z,TRUE
13.1_33.2,2024-12-12,9.616916666666668,48,2024-12-12T00:30:00Z,2024-12-13T00:00:00Z,TRUE
13.1_33.2,2024-12-13,7.723692307692308,39,2024-12-13T00:30:00Z,2024-12-14T00:00:00Z,TRUE
13.1_33.2,2024-12-14,8.5165263157894735,38,2024-12-14T00:30:00Z,2024-12-15T00:00:00Z,TRUE
13.1_33.2,2024-12-15,16.051625,16,2024-12-15T00:30:00Z,2024-12-16T00:00:00Z,FALSE
13.1_33.2,2024-12-16,34.481,11,2024-12-16T00:30:00Z,2024-12-16T21:30:00Z,FALSE
13.1_33.2,2024-12-17,13.4178,15,2024-12-17T03:30:00Z,2024-12-17T22:30:00Z,FALSE
13.1_33.2,2024-12-18,42.41838461538462,13,2024-12-18T01:00:00Z,2024-12-18T14:30:00Z,FALSE
13.1_33.2,2024-12-20,21.645611111111112,18,2024-12-20T08:00:00Z,2024-12-20T23:30:00Z,FALSE
13.1_33.2,2024-12-21,1.9188666666666667,30,2024-12-21T03:00:00Z,2024-12-22T00:00:00Z,FALSE
13.1_33.2,2024-12-22,4.461333333333333,48,2024-12-22T00:30:00Z,2024-12-23T00:00:00Z,TRUE
13.1_33.2,2024-12-23,7.34371875,32,2024-12-23T00:30:00Z,2024-12-24T00:00:00Z,FALSE
13.1_33.2,2024-12-24,22.56661111111111,18,2024-12-24T03:30:00Z,2024-12-25T00:00:00Z,FALSE
13.1_33.2,2024-12-25,32.777633333333334,30,2024-12-25T00:30:00Z,2024-12-26T00:00:00Z,FALSE
13.1_33.2,2024-12-26,15.128085714285714,35,2024-12-26T00:30:00Z,2024-12-27T00:00:00Z,FALSE
13.1_33.2,2024-12-27,13.2453125,48,2024-12-27T00:30:00Z,2024-12-28T00:00:00Z,TRUE
13.1_33.2,2024-12-28,7.631,38,2024-12-28T00:30:00Z,2024-12-28T23:30:00Z,TRUE
13.1_33.2,2024-12-29,14.7456,20,2024-12-29T01:00:00Z,2024-12-30T00:00:00Z,FALSE
13.1_33.2,2024-12-30,7.200185185185186,27,2024-12-30T02:00:00Z,2024-12-31T00:00:00Z,FALSE
13.1_33.2,2024-12-31,13.291972222222222,36,2024-12-31T00:30:00Z,2024-12-31T22:30:00Z,TRUE
13.1_33.2,2025-01-01,11.013281249999999,32,2025-01-01T01:00:00Z,2025-01-02T00:00:00Z,FALSE
13.1_33.2,2025-01-02,11.635523809523809,21,2025-01-02T01:00:00Z,2025-01-03T00:00:00Z,FALSE
13.1_33.2,2025-01-03,12.74375,24,2025-01-03T00:30:00Z,2025-01-04T00:00:00Z,FALSE
13.1_33.2,2025-01-04,3.7762647058823533,34,2025-01-04T00:30:00Z,2025-01-05T00:00:00Z,FALSE
13.1_33.2,2025-01-05,11.343666666666667,48,2025-01-05T00:30:00Z,2025-01-06T00:00:00Z,TRUE
13.1_33.2,2025-01-06,8.6033125,48,2025-01-06T00:30:00Z,2025-01-07T00:00:00Z,TRUE
13.1_33.2,2025-01-07,2.8922666666666665,45,2025-01-07T00:30:00Z,2025-01-08T00:00:00Z,TRUE
13.1_33.2,2025-01-08,2.780361111111111,36,2025-01-08T00:30:00Z,2025-01-09T00:00:00Z,TRUE
13.1_33.2,2025-01-09,3.3567878787878787,33,2025-01-09T03:00:00Z,2025-01-10T00:00:00Z,FALSE
13.1_33.2,2025-01-10,15.160625000000001,48,2025-01-10T00:30:00Z,2025-01-11T00:00:00Z,TRUE
13.1_33.2,2025-01-11,28.374375,40,2025-01-11T00:30:00Z,2025-01-12T00:00:00Z,TRUE
13.1_33.2,2025-01-12,27.99191666666667,48,2025-01-12T00:30:00Z,2025-01-13T00:00:00Z,TRUE
13.1_33.2,2025-01-13,8.3456875,48,2025-01-13T00:30:00Z,2025-01-14T00:00:00Z,TRUE
13.1_33.2,2025-01-14,7.0651874999999995,48,2025-01-14T00:30:00Z,2025-01-15T00:00:00Z,TRUE
13.1_33.2,2025-01-15,10.664565217391305,23,2025-01-15T00:30:00Z,2025-01-16T00:00:00Z,FALSE
13.1_33.2,2025-01-16,22.129041666666666,48,2025-01-16T00:30:00Z,2025-01-17T00:00:00Z,TRUE
13.1_33.2,2025-01-17,33.035978723404256,47,2025-01-17T00:30:00Z,2025-01-18T00:00:00Z,TRUE
13.1_33.2,2025-01-18,6.186844444444445,45,2025-01-18T00:30:00Z,2025-01-19T00:00:00Z,TRUE
13.1_33.2,2025-01-19,3.245375,48,2025-01-19T00:30:00Z,2025-01-20T00:00:00Z,TRUE
13.1_33.2,2025-01-20,5.9351627906976745,43,2025-01-20T00:30:00Z,2025-01-20T22:00:00Z,TRUE
13.1_33.2,2025-01-21,6.079833333333333,30,2025-01-21T02:30:00Z,2025-01-22T00:00:00Z,FALSE
13.1_33.2,2025-01-22,3.9861063829787233,47,2025-01-22T00:30:00Z,2025-01-23T00:00:00Z,TRUE
13.1_33.2,2025-01-23,10.498000000000001,34,2025-01-23T00:30:00Z,2025-01-24T00:00:00Z,FALSE
13.1_33.2,2025-01-24,7.6367659574468085,47,2025-01-24T00:30:00Z,2025-01-25T00:00:00Z,TRUE
13.1_33.2,2025-01-25,12.372636363636364,33,2025-01-25T00:30:00Z,2025-01-26T00:00:00Z,FALSE
13.1_33.2,2025-01-26,8.308479166666666,48,2025-01-26T00:30:00Z,2025-01-27T00:00:00Z,TRUE
13.1_33.2,2025-01-27,6.9605,48,2025-01-27T00:30:00Z,2025-01-28T00:00:00Z,TRUE
13.1_33.2,2025-01-28,7.287041666666667,48,2025-01-28T00:30:00Z,2025-01-29T00:00:00Z,TRUE
13.1_33.2,2025-01-29,6.99525,44,2025-01-29T00:30:00Z,2025-01-30T00:00:00Z,TRUE
13.1_33.2,2025-01-30,7.724565217391304,46,2025-01-30T00:30:00Z,2025-01-31T00:00:00Z,TRUE
13.1_33.2,2025-01-31,4.814928571428571,14,2025-01-31T00:30:00Z,2025-01-31T07:00:00Z,FALSE
13.1_33.2,2025-02-01,2.3449411764705883,34,2025-02-01T07:30:00Z,2025-02-02T00:00:00Z,FALSE
13.1_33.2,2025-02-02,4.54871875,32,2025-02-02T00:30:00Z,2025-02-02T18:00:00Z,FALSE
13.1_33.2,2025-02-03,15.733526315789474,19,2025-02-03T15:00:00Z,2025-02-04T00:00:00Z,FALSE
13.1_33.2,2025-02-04,54.8754,5,2025-02-04T00:30:00Z,2025-02-04T02:30:00Z,FALSE
13.1_33.2,2025-02-13,11.62885,20,2025-02-13T14:30:00Z,2025-02-14T00:00:00Z,FALSE
13.1_33.2,2025-02-14,9.656395833333333,48,2025-02-14T00:30:00Z,2025-02-15T00:00:00Z,TRUE
13.1_33.2,2025-02-15,13.43630303030303,33,2025-02-15T00:30:00Z,2025-02-15T16:30:00Z,FALSE
13.1_33.2,2025-02-16,18.098777777777777,9,2025-02-16T13:30:00Z,2025-02-16T23:30:00Z,FALSE
13.1_33.2,2025-02-17,4.624823529411764,17,2025-02-17T01:00:00Z,2025-02-18T00:00:00Z,FALSE
13.1_33.2,2025-02-18,3.8017708333333333,48,2025-02-18T00:30:00Z,2025-02-19T00:00:00Z,TRUE
13.1_33.2,2025-02-19,3.3928958333333332,48,2025-02-19T00:30:00Z,2025-02-20T00:00:00Z,TRUE
13.1_33.2,2025-02-20,6.287622222222223,45,2025-02-20T00:30:00Z,2025-02-21T00:00:00Z,TRUE
13.1_33.2,2025-02-21,4.36478125,32,2025-02-21T00:30:00Z,2025-02-22T00:00:00Z,FALSE
13.1_33.2,2025-02-22,14.020617021276596,47,2025-02-22T00:30:00Z,2025-02-23T00:00:00Z,TRUE
13.1_33.2,2025-02-23,11.60520588235294,34,2025-02-23T00:30:00Z,2025-02-24T00:00:00Z,FALSE
13.1_33.2,2025-02-24,11.760565217391305,46,2025-02-24T00:30:00Z,2025-02-25T00:00:00Z,TRUE
13.1_33.2,2025-02-25,11.919977777777778,45,2025-02-25T00:30:00Z,2025-02-25T22:30:00Z,TRUE
13.1_33.2,2025-02-26,15.909894736842107,19,2025-02-26T03:30:00Z,2025-02-26T21:00:00Z,FALSE
13.1_33.2,2025-02-27,32.44894117647059,17,2025-02-27T11:00:00Z,2025-02-28T00:00:00Z,FALSE
13.1_33.2,2025-02-28,10.867425531914893,47,2025-02-28T00:30:00Z,2025-03-01T00:00:00Z,TRUE
13.1_33.2,2025-03-01,2.5616875,48,2025-03-01T00:30:00Z,2025-03-02T00:00:00Z,TRUE
13.1_33.2,2025-03-02,3.2801458333333335,48,2025-03-02T00:30:00Z,2025-03-03T00:00:00Z,TRUE
13.1_33.2,2025-03-03,7.2881875,48,2025-03-03T00:30:00Z,2025-03-04T00:00:00Z,TRUE
13.1_33.2,2025-03-04,5.601934782608696,46,2025-03-04T00:30:00Z,2025-03-05T00:00:00Z,TRUE
13.1_33.2,2025-03-05,5.799648648648649,37,2025-03-05T00:30:00Z,2025-03-06T00:00:00Z,TRUE
13.1_33.2,2025-03-06,2.9371276595744678,47,2025-03-06T00:30:00Z,2025-03-07T00:00:00Z,TRUE
13.1_33.2,2025-03-07,8.046729166666667,48,2025-03-07T00:30:00Z,2025-03-08T00:00:00Z,TRUE
13.1_33.2,2025-03-08,10.383979166666666,48,2025-03-08T00:30:00Z,2025-03-09T00:00:00Z,TRUE
13.1_33.2,2025-03-09,6.584090909090909,44,2025-03-09T00:30:00Z,2025-03-10T00:00:00Z,TRUE
13.1_33.2,2025-03-10,6.270727272727273,44,2025-03-10T00:30:00Z,2025-03-10T22:00:00Z,TRUE
13.1_33.2,2025-03-11,5.452222222222222,45,2025-03-11T01:30:00Z,2025-03-12T00:00:00Z,TRUE
13.1_33.2,2025-03-12,2.6830416666666665,48,2025-03-12T00:30:00Z,2025-03-13T00:00:00Z,TRUE
13.1_33.2,2025-03-13,6.768395833333333,48,2025-03-13T00:30:00Z,2025-03-14T00:00:00Z,TRUE
13.1_33.2,2025-03-14,12.40795238095238,42,2025-03-14T00:30:00Z,2025-03-15T00:00:00Z,TRUE
13.1_33.2,2025-03-15,12.677135135135135,37,2025-03-15T00:30:00Z,2025-03-16T00:00:00Z,TRUE
13.1_33.2,2025-03-16,6.280875,8,2025-03-16T00:30:00Z,2025-03-16T07:00:00Z,FALSE
13.1_33.2,2025-03-30,6.790111111111111,9,2025-03-30T17:30:00Z,2025-03-31T00:00:00Z,FALSE
13.1_33.2,2025-03-31,3.697777777777778,18,2025-03-31T00:30:00Z,2025-04-01T00:00:00Z,FALSE
13.1_33.2,2025-04-01,3.888,48,2025-04-01T00:30:00Z,2025-04-02T00:00:00Z,TRUE
13.1_33.2,2025-04-02,5.741439024390244,41,2025-04-02T00:30:00Z,2025-04-03T00:00:00Z,TRUE
13.1_33.2,2025-04-03,6.584133333333333,30,2025-04-03T00:30:00Z,2025-04-04T00:00:00Z,FALSE
13.1_33.2,2025-04-04,3.5242978723404255,47,2025-04-04T00:30:00Z,2025-04-05T00:00:00Z,TRUE
13.1_33.2,2025-04-05,6.267714285714286,21,2025-04-05T00:30:00Z,2025-04-05T19:30:00Z,FALSE
13.1_33.2,2025-04-06,2.9337999999999997,25,2025-04-06T12:00:00Z,2025-04-07T00:00:00Z,FALSE
13.1_33.2,2025-04-07,5.758666666666667,48,2025-04-07T00:30:00Z,2025-04-08T00:00:00Z,TRUE
13.1_33.2,2025-04-08,2.8639791666666667,48,2025-04-08T00:30:00Z,2025-04-09T00:00:00Z,TRUE
13.1_33.2,2025-04-09,4.907333333333334,48,2025-04-09T00:30:00Z,2025-04-10T00:00:00Z,TRUE
13.1_33.2,2025-04-10,21.64,42,2025-04-10T00:30:00Z,2025-04-11T00:00:00Z,TRUE
13.1_33.2,2025-04-11,14.580250000000001,48,2025-04-11T00:30:00Z,2025-04-12T00:00:00Z,TRUE
13.1_33.2,2025-04-12,7.4900625,48,2025-04-12T00:30:00Z,2025-04-13T00:00:00Z,TRUE
13.1_33.2,2025-04-13,8.5887,40,2025-04-13T00:30:00Z,2025-04-14T00:00:00Z,TRUE
13.1_33.2,2025-04-14,5.339928571428572,42,2025-04-14T00:30:00Z,2025-04-15T00:00:00Z,TRUE
13.1_33.2,2025-04-15,3.033875,48,2025-04-15T00:30:00Z,2025-04-16T00:00:00Z,TRUE
13.1_33.2,2025-04-16,3.1982083333333335,48,2025-04-16T00:30:00Z,2025-04-17T00:00:00Z,TRUE
13.1_33.2,2025-04-17,9.5219375,48,2025-04-17T00:30:00Z,2025-04-18T00:00:00Z,TRUE
13.1_33.2,2025-04-18,5.624133333333333,45,2025-04-18T00:30:00Z,2025-04-19T00:00:00Z,TRUE
13.1_33.2,2025-04-19,13.711621621621621,37,2025-04-19T00:30:00Z,2025-04-20T00:00:00Z,TRUE
13.1_33.2,2025-04-20,3.964,48,2025-04-20T00:30:00Z,2025-04-21T00:00:00Z,TRUE
13.1_33.2,2025-04-21,4.347042553191489,47,2025-04-21T00:30:00Z,2025-04-22T00:00:00Z,TRUE
13.1_33.2,2025-04-22,2.4058125,48,2025-04-22T00:30:00Z,2025-04-23T00:00:00Z,TRUE
13.1_33.2,2025-04-23,4.6459777777777775,45,2025-04-23T00:30:00Z,2025-04-24T00:00:00Z,TRUE
13.1_33.2,2025-04-24,7.777613636363636,44,2025-04-24T00:30:00Z,2025-04-25T00:00:00Z,TRUE
13.1_33.2,2025-04-25,6.466473684210526,38,2025-04-25T00:30:00Z,2025-04-26T00:00:00Z,TRUE
13.1_33.2,2025-04-26,35.827953488372096,43,2025-04-26T02:00:00Z,2025-04-27T00:00:00Z,TRUE
13.1_33.2,2025-04-27,7.413208333333333,48,2025-04-27T00:30:00Z,2025-04-28T00:00:00Z,TRUE
13.1_33.2,2025-04-28,4.947933333333333,45,2025-04-28T00:30:00Z,2025-04-29T00:00:00Z,TRUE
13.1_33.2,2025-04-29,7.675511111111111,45,2025-04-29T00:30:00Z,2025-04-30T00:00:00Z,TRUE
13.1_33.2,2025-04-30,2.3533870967741937,31,2025-04-30T01:00:00Z,2025-05-01T00:00:00Z,FALSE
13.1_33.2,2025-05-01,4.9151951219512195,41,2025-05-01T00:30:00Z,2025-05-01T22:30:00Z,TRUE
13.1_33.2,2025-05-02,8.752972222222223,36,2025-05-02T00:30:00Z,2025-05-03T00:00:00Z,TRUE
13.1_33.2,2025-05-03,11.605204545454546,44,2025-05-03T00:30:00Z,2025-05-03T23:00:00Z,TRUE
13.1_33.2,2025-07-30,2.8012,20,2025-07-30T13:30:00Z,2025-07-31T00:00:00Z,FALSE
13.1_33.2,2025-07-31,7.858314285714285,35,2025-07-31T01:00:00Z,2025-08-01T00:00:00Z,FALSE
13.1_33.2,2025-08-01,5.3538421052631575,38,2025-08-01T00:30:00Z,2025-08-02T00:00:00Z,TRUE
13.1_33.2,2025-08-02,2.988730769230769,26,2025-08-02T00:30:00Z,2025-08-03T00:00:00Z,FALSE
13.1_33.2,2025-08-03,3.4399166666666665,36,2025-08-03T00:30:00Z,2025-08-04T00:00:00Z,TRUE
13.1_33.2,2025-08-04,6.601857142857143,7,2025-08-04T00:30:00Z,2025-08-04T03:30:00Z,FALSE
13.1_33.2,2025-08-06,6.080125,16,2025-08-06T14:30:00Z,2025-08-07T00:00:00Z,FALSE
13.1_33.2,2025-08-07,6.0361111111111105,45,2025-08-07T00:30:00Z,2025-08-08T00:00:00Z,TRUE
13.1_33.2,2025-08-08,3.457658536585366,41,2025-08-08T00:30:00Z,2025-08-09T00:00:00Z,TRUE
13.1_33.2,2025-08-09,4.999475,40,2025-08-09T00:30:00Z,2025-08-10T00:00:00Z,TRUE
13.1_33.2,2025-08-10,5.671159090909091,44,2025-08-10T00:30:00Z,2025-08-11T00:00:00Z,TRUE
13.1_33.2,2025-08-11,4.908571428571428,42,2025-08-11T00:30:00Z,2025-08-12T00:00:00Z,TRUE
13.1_33.2,2025-08-12,3.837225806451613,31,2025-08-12T00:30:00Z,2025-08-12T22:30:00Z,FALSE
13.1_33.2,2025-08-13,2.9338108108108107,37,2025-08-13T00:30:00Z,2025-08-14T00:00:00Z,TRUE
13.1_33.2,2025-08-14,6.15746511627907,43,2025-08-14T00:30:00Z,2025-08-15T00:00:00Z,TRUE
13.1_33.2,2025-08-15,6.2688,40,2025-08-15T00:30:00Z,2025-08-15T23:30:00Z,TRUE
13.1_33.2,2025-08-16,5.116217391304348,23,2025-08-16T01:00:00Z,2025-08-17T00:00:00Z,FALSE
13.1_33.2,2025-08-17,4.470692307692308,26,2025-08-17T00:30:00Z,2025-08-17T21:00:00Z,FALSE
13.1_33.2,2025-08-18,2.13815,20,2025-08-18T01:00:00Z,2025-08-19T00:00:00Z,FALSE
13.1_33.2,2025-08-19,2.5697272727272726,11,2025-08-19T04:30:00Z,2025-08-20T00:00:00Z,FALSE
13.1_33.2,2025-08-20,4.610416666666667,48,2025-08-20T00:30:00Z,2025-08-21T00:00:00Z,TRUE
13.1_33.2,2025-08-21,1.5687916666666666,48,2025-08-21T00:30:00Z,2025-08-22T00:00:00Z,TRUE
13.1_33.2,2025-08-22,1.2599666666666667,30,2025-08-22T00:30:00Z,2025-08-23T00:00:00Z,FALSE
13.1_33.2,2025-08-23,2.4151081081081083,37,2025-08-23T00:30:00Z,2025-08-24T00:00:00Z,TRUE
13.1_33.2,2025-08-24,3.9905208333333335,48,2025-08-24T00:30:00Z,2025-08-25T00:00:00Z,TRUE
13.1_33.2,2025-08-25,3.375703703703704,27,2025-08-25T00:30:00Z,2025-08-25T22:30:00Z,FALSE
13.1_33.2,2025-08-26,2.8333636363636363,11,2025-08-26T00:30:00Z,2025-08-26T23:30:00Z,FALSE
13.1_33.2,2025-11-24,19.774666666666665,12,2025-11-24T17:00:00Z,2025-11-25T00:00:00Z,FALSE
13.1_33.2,2025-11-25,31.856727272727273,44,2025-11-25T00:30:00Z,2025-11-26T00:00:00Z,TRUE
13.1_33.2,2025-11-26,12.38411111111111,45,2025-11-26T00:30:00Z,2025-11-27T00:00:00Z,TRUE
13.1_33.2,2025-11-27,2.3872978723404255,47,2025-11-27T01:00:00Z,2025-11-28T00:00:00Z,TRUE
13.1_33.2,2025-11-28,1.9063720930232557,43,2025-11-28T00:30:00Z,2025-11-29T00:00:00Z,TRUE
13.1_33.2,2025-11-29,7.60475,48,2025-11-29T00:30:00Z,2025-11-30T00:00:00Z,TRUE
13.1_33.2,2025-11-30,19.160666666666668,48,2025-11-30T00:30:00Z,2025-12-01T00:00:00Z,TRUE
13.1_33.2,2025-12-01,6.127446808510638,47,2025-12-01T00:30:00Z,2025-12-02T00:00:00Z,TRUE
13.1_33.2,2025-12-02,9.877375,48,2025-12-02T00:30:00Z,2025-12-03T00:00:00Z,TRUE
13.1_33.2,2025-12-03,25.062375,48,2025-12-03T00:30:00Z,2025-12-04T00:00:00Z,TRUE
13.1_33.2,2025-12-04,12.343291666666667,48,2025-12-04T00:30:00Z,2025-12-05T00:00:00Z,TRUE
13.1_33.2,2025-12-05,17.463583333333332,48,2025-12-05T00:30:00Z,2025-12-06T00:00:00Z,TRUE
13.1_33.2,2025-12-06,39.70191666666667,48,2025-12-06T00:30:00Z,2025-12-07T00:00:00Z,TRUE
13.1_33.2,2025-12-07,18.8085,48,2025-12-07T00:30:00Z,2025-12-08T00:00:00Z,TRUE
13.1_33.2,2025-12-08,2.9892499999999997,48,2025-12-08T00:30:00Z,2025-12-09T00:00:00Z,TRUE
13.1_33.2,2025-12-09,22.605979166666664,48,2025-12-09T00:30:00Z,2025-12-10T00:00:00Z,TRUE
13.1_33.2,2025-12-10,47.640466666666676,45,2025-12-10T00:30:00Z,2025-12-11T00:00:00Z,TRUE
13.1_33.2,2025-12-11,2.0068723404255318,47,2025-12-11T00:30:00Z,2025-12-12T00:00:00Z,TRUE
13.1_33.2,2025-12-12,8.440958333333334,48,2025-12-12T00:30:00Z,2025-12-13T00:00:00Z,TRUE
13.1_33.2,2025-12-13,17.024625,48,2025-12-13T00:30:00Z,2025-12-14T00:00:00Z,TRUE
13.1_33.2,2025-12-14,2.789416666666667,48,2025-12-14T00:30:00Z,2025-12-15T00:00:00Z,TRUE
13.1_33.2,2025-12-15,16.997166666666665,48,2025-12-15T00:30:00Z,2025-12-16T00:00:00Z,TRUE
13.1_33.2,2025-12-16,18.3828085106383,47,2025-12-16T00:30:00Z,2025-12-17T00:00:00Z,TRUE
13.1_33.2,2025-12-17,33.837041666666664,48,2025-12-17T00:30:00Z,2025-12-18T00:00:00Z,TRUE
13.1_33.2,2025-12-18,54.34795833333333,48,2025-12-18T00:30:00Z,2025-12-19T00:00:00Z,TRUE
13.1_33.2,2025-12-19,15.459957446808508,47,2025-12-19T00:30:00Z,2025-12-20T00:00:00Z,TRUE
13.1_33.2,2025-12-20,24.83989361702128,47,2025-12-20T00:30:00Z,2025-12-21T00:00:00Z,TRUE
13.1_33.2,2025-12-21,3.5373125,48,2025-12-21T00:30:00Z,2025-12-22T00:00:00Z,TRUE
13.1_33.2,2025-12-22,31.8058085106383,47,2025-12-22T00:30:00Z,2025-12-23T00:00:00Z,TRUE
13.1_33.2,2025-12-23,31.655625,48,2025-12-23T00:30:00Z,2025-12-24T00:00:00Z,TRUE
13.1_33.2,2025-12-24,16.318520833333334,48,2025-12-24T00:30:00Z,2025-12-25T00:00:00Z,TRUE
13.1_33.2,2025-12-25,27.874583333333334,48,2025-12-25T00:30:00Z,2025-12-26T00:00:00Z,TRUE
13.1_33.2,2025-12-26,21.232851063829788,47,2025-12-26T00:30:00Z,2025-12-27T00:00:00Z,TRUE
13.1_33.2,2025-12-27,8.667375,48,2025-12-27T00:30:00Z,2025-12-28T00:00:00Z,TRUE
13.1_33.2,2025-12-28,107.39939024390243,41,2025-12-28T00:30:00Z,2025-12-29T00:00:00Z,TRUE
13.1_33.2,2025-12-29,9.039937499999997,48,2025-12-29T00:30:00Z,2025-12-30T00:00:00Z,TRUE
13.1_33.2,2025-12-30,2.4706875,48,2025-12-30T00:30:00Z,2025-12-31T00:00:00Z,TRUE
13.1_33.2,2025-12-31,9.2973695652173909,46,2025-12-31T00:30:00Z,2025-12-31T23:30:00Z,TRUE
14.1,2025-05-12,3.881307692307692,13,2025-05-12T18:00:00Z,2025-05-13T00:00:00Z,FALSE
14.1,2025-05-13,4.10068085106383,47,2025-05-13T00:30:00Z,2025-05-14T00:00:00Z,TRUE
14.1,2025-05-14,2.407673913043478,46,2025-05-14T00:30:00Z,2025-05-15T00:00:00Z,TRUE
14.1,2025-05-15,8.065791666666666,48,2025-05-15T00:30:00Z,2025-05-16T00:00:00Z,TRUE
14.1,2025-05-16,11.150872340425533,47,2025-05-16T00:30:00Z,2025-05-17T00:00:00Z,TRUE
14.1,2025-05-17,4.137145833333333,48,2025-05-17T00:30:00Z,2025-05-18T00:00:00Z,TRUE
14.1,2025-05-18,4.449708333333334,48,2025-05-18T00:30:00Z,2025-05-19T00:00:00Z,TRUE
14.1,2025-05-19,5.546291666666667,48,2025-05-19T00:30:00Z,2025-05-20T00:00:00Z,TRUE
14.1,2025-05-20,5.079978723404255,47,2025-05-20T00:30:00Z,2025-05-21T00:00:00Z,TRUE
14.1,2025-05-21,11.905520833333332,48,2025-05-21T00:30:00Z,2025-05-22T00:00:00Z,TRUE
14.1,2025-05-22,10.698723404255318,47,2025-05-22T00:30:00Z,2025-05-23T00:00:00Z,TRUE
14.1,2025-05-23,2.1897234042553193,47,2025-05-23T00:30:00Z,2025-05-24T00:00:00Z,TRUE
14.1,2025-05-24,1.5500652173913043,46,2025-05-24T00:30:00Z,2025-05-25T00:00:00Z,TRUE
14.1,2025-05-25,6.308000000000001,48,2025-05-25T00:30:00Z,2025-05-26T00:00:00Z,TRUE
14.1,2025-05-26,10.369916666666668,48,2025-05-26T00:30:00Z,2025-05-27T00:00:00Z,TRUE
14.1,2025-05-27,3.6561041666666667,48,2025-05-27T00:30:00Z,2025-05-28T00:00:00Z,TRUE
14.1,2025-05-28,2.829875,48,2025-05-28T00:30:00Z,2025-05-29T00:00:00Z,TRUE
14.1,2025-05-29,19.140520833333333,48,2025-05-29T00:30:00Z,2025-05-30T00:00:00Z,TRUE
14.1,2025-05-30,11.139782608695652,46,2025-05-30T00:30:00Z,2025-05-31T00:00:00Z,TRUE
14.1,2025-05-31,8.605562499999998,48,2025-05-31T00:30:00Z,2025-06-01T00:00:00Z,TRUE
14.1,2025-06-01,8.385170212765958,47,2025-06-01T00:30:00Z,2025-06-02T00:00:00Z,TRUE
14.1,2025-06-02,4.074375,48,2025-06-02T00:30:00Z,2025-06-03T00:00:00Z,TRUE
14.1,2025-06-03,8.373916666666666,48,2025-06-03T00:30:00Z,2025-06-04T00:00:00Z,TRUE
14.1,2025-06-04,26.6135625,48,2025-06-04T00:30:00Z,2025-06-05T00:00:00Z,TRUE
14.1,2025-06-05,31.407916666666665,48,2025-06-05T00:30:00Z,2025-06-06T00:00:00Z,TRUE
14.1,2025-06-06,65.53651063829787,47,2025-06-06T00:30:00Z,2025-06-07T00:00:00Z,TRUE
14.1,2025-06-07,66.51025531914894,47,2025-06-07T00:30:00Z,2025-06-08T00:00:00Z,TRUE
14.1,2025-06-08,40.732617021276596,47,2025-06-08T00:30:00Z,2025-06-09T00:00:00Z,TRUE
14.1,2025-06-09,21.492875,48,2025-06-09T00:30:00Z,2025-06-10T00:00:00Z,TRUE
14.1,2025-06-10,11.037244444444445,45,2025-06-10T00:30:00Z,2025-06-11T00:00:00Z,TRUE
14.1,2025-06-11,16.12247916666667,48,2025-06-11T00:30:00Z,2025-06-12T00:00:00Z,TRUE
14.1,2025-06-12,22.572041666666667,48,2025-06-12T00:30:00Z,2025-06-13T00:00:00Z,TRUE
14.1,2025-06-13,22.343541666666667,48,2025-06-13T00:30:00Z,2025-06-14T00:00:00Z,TRUE
14.1,2025-06-14,16.340229166666667,48,2025-06-14T00:30:00Z,2025-06-15T00:00:00Z,TRUE
14.1,2025-06-15,11.066195652173914,46,2025-06-15T00:30:00Z,2025-06-16T00:00:00Z,TRUE
14.1,2025-06-16,9.6425,48,2025-06-16T00:30:00Z,2025-06-17T00:00:00Z,TRUE
14.1,2025-06-17,12.378326086956521,46,2025-06-17T00:30:00Z,2025-06-18T00:00:00Z,TRUE
14.1,2025-06-18,10.068145833333332,48,2025-06-18T00:30:00Z,2025-06-19T00:00:00Z,TRUE
14.1,2025-06-19,5.844391304347826,46,2025-06-19T00:30:00Z,2025-06-20T00:00:00Z,TRUE
14.1,2025-06-20,8.628020833333334,48,2025-06-20T00:30:00Z,2025-06-21T00:00:00Z,TRUE
14.1,2025-06-21,11.850541666666667,48,2025-06-21T00:30:00Z,2025-06-22T00:00:00Z,TRUE
14.1,2025-06-22,8.81475,48,2025-06-22T00:30:00Z,2025-06-23T00:00:00Z,TRUE
14.1,2025-06-23,9.123416666666667,48,2025-06-23T00:30:00Z,2025-06-24T00:00:00Z,TRUE
14.1,2025-06-24,9.503145833333333,48,2025-06-24T00:30:00Z,2025-06-25T00:00:00Z,TRUE
14.1,2025-06-25,10.398583333333333,48,2025-06-25T00:30:00Z,2025-06-26T00:00:00Z,TRUE
14.1,2025-06-26,17.9156875,48,2025-06-26T00:30:00Z,2025-06-27T00:00:00Z,TRUE
14.1,2025-06-27,10.470458333333333,48,2025-06-27T00:30:00Z,2025-06-28T00:00:00Z,TRUE
14.1,2025-06-28,9.644375,48,2025-06-28T00:30:00Z,2025-06-29T00:00:00Z,TRUE
14.1,2025-06-29,6.341479166666667,48,2025-06-29T00:30:00Z,2025-06-30T00:00:00Z,TRUE
14.1,2025-06-30,10.282446808510638,47,2025-06-30T00:30:00Z,2025-07-01T00:00:00Z,TRUE
14.1,2025-07-01,8.019604166666667,48,2025-07-01T00:30:00Z,2025-07-02T00:00:00Z,TRUE
14.1,2025-07-02,9.431979166666666,48,2025-07-02T00:30:00Z,2025-07-03T00:00:00Z,TRUE
14.1,2025-07-03,15.595208333333332,48,2025-07-03T00:30:00Z,2025-07-04T00:00:00Z,TRUE
14.1,2025-07-04,18.104770833333333,48,2025-07-04T00:30:00Z,2025-07-05T00:00:00Z,TRUE
14.1,2025-07-05,20.6823125,48,2025-07-05T00:30:00Z,2025-07-06T00:00:00Z,TRUE
14.1,2025-07-06,10.0468125,48,2025-07-06T00:30:00Z,2025-07-07T00:00:00Z,TRUE
14.1,2025-07-07,9.643520833333334,48,2025-07-07T00:30:00Z,2025-07-08T00:00:00Z,TRUE
14.1,2025-07-08,12.914041666666666,48,2025-07-08T00:30:00Z,2025-07-09T00:00:00Z,TRUE
14.1,2025-07-09,22.27987234042553,47,2025-07-09T00:30:00Z,2025-07-10T00:00:00Z,TRUE
14.1,2025-07-10,18.563645833333332,48,2025-07-10T00:30:00Z,2025-07-11T00:00:00Z,TRUE
14.1,2025-07-11,13.817020833333332,48,2025-07-11T00:30:00Z,2025-07-12T00:00:00Z,TRUE
14.1,2025-07-12,8.71963829787234,47,2025-07-12T00:30:00Z,2025-07-13T00:00:00Z,TRUE
14.1,2025-07-13,6.208958333333333,48,2025-07-13T00:30:00Z,2025-07-14T00:00:00Z,TRUE
14.1,2025-07-14,22.524,48,2025-07-14T00:30:00Z,2025-07-15T00:00:00Z,TRUE
14.1,2025-07-15,35.56789583333333,48,2025-07-15T00:30:00Z,2025-07-16T00:00:00Z,TRUE
14.1,2025-07-16,36.54445833333333,48,2025-07-16T00:30:00Z,2025-07-17T00:00:00Z,TRUE
14.1,2025-07-17,13.065106382978723,47,2025-07-17T00:30:00Z,2025-07-18T00:00:00Z,TRUE
14.1,2025-07-18,2.5923023255813957,43,2025-07-18T00:30:00Z,2025-07-19T00:00:00Z,TRUE
14.1,2025-07-19,3.402,48,2025-07-19T00:30:00Z,2025-07-20T00:00:00Z,TRUE
14.1,2025-07-20,6.700354166666667,48,2025-07-20T00:30:00Z,2025-07-21T00:00:00Z,TRUE
14.1,2025-07-21,19.720666666666666,45,2025-07-21T01:00:00Z,2025-07-22T00:00:00Z,TRUE
14.1,2025-07-22,5.001347826086957,46,2025-07-22T00:30:00Z,2025-07-23T00:00:00Z,TRUE
14.1,2025-07-23,3.8490212765957446,47,2025-07-23T00:30:00Z,2025-07-24T00:00:00Z,TRUE
14.1,2025-07-24,14.301478260869565,46,2025-07-24T00:30:00Z,2025-07-25T00:00:00Z,TRUE
14.1,2025-07-25,18.30355319148936,47,2025-07-25T00:30:00Z,2025-07-26T00:00:00Z,TRUE
14.1,2025-07-26,12.389312499999999,48,2025-07-26T00:30:00Z,2025-07-27T00:00:00Z,TRUE
14.1,2025-07-27,12.354260869565218,46,2025-07-27T00:30:00Z,2025-07-28T00:00:00Z,TRUE
14.1,2025-07-28,15.530234042553191,47,2025-07-28T00:30:00Z,2025-07-29T00:00:00Z,TRUE
14.1,2025-07-29,9.24927659574468,47,2025-07-29T00:30:00Z,2025-07-30T00:00:00Z,TRUE
14.1,2025-07-30,21.038333333333334,48,2025-07-30T00:30:00Z,2025-07-31T00:00:00Z,TRUE
14.1,2025-07-31,40.637458333333335,48,2025-07-31T00:30:00Z,2025-08-01T00:00:00Z,TRUE
14.1,2025-08-01,18.363704545454546,44,2025-08-01T00:30:00Z,2025-08-02T00:00:00Z,TRUE
14.1,2025-08-02,7.406553191489362,47,2025-08-02T00:30:00Z,2025-08-03T00:00:00Z,TRUE
14.1,2025-08-03,12.582510638297872,47,2025-08-03T00:30:00Z,2025-08-04T00:00:00Z,TRUE
14.1,2025-08-04,39.954875,48,2025-08-04T00:30:00Z,2025-08-05T00:00:00Z,TRUE
14.1,2025-08-05,39.68025531914894,47,2025-08-05T00:30:00Z,2025-08-06T00:00:00Z,TRUE
14.1,2025-08-06,25.4115,48,2025-08-06T00:30:00Z,2025-08-07T00:00:00Z,TRUE
14.1,2025-08-07,20.19625,48,2025-08-07T00:30:00Z,2025-08-08T00:00:00Z,TRUE
14.1,2025-08-08,15.878916666666667,48,2025-08-08T00:30:00Z,2025-08-09T00:00:00Z,TRUE
14.1,2025-08-09,20.3775625,48,2025-08-09T00:30:00Z,2025-08-10T00:00:00Z,TRUE
14.1,2025-08-10,25.538630434782608,46,2025-08-10T00:30:00Z,2025-08-11T00:00:00Z,TRUE
14.1,2025-08-11,20.415936170212767,47,2025-08-11T00:30:00Z,2025-08-12T00:00:00Z,TRUE
14.1,2025-08-12,13.598208333333334,48,2025-08-12T00:30:00Z,2025-08-13T00:00:00Z,TRUE
14.1,2025-08-13,6.625045454545455,44,2025-08-13T00:30:00Z,2025-08-14T00:00:00Z,TRUE
14.1,2025-08-14,22.767291666666665,48,2025-08-14T00:30:00Z,2025-08-15T00:00:00Z,TRUE
14.1,2025-08-15,25.69409090909091,44,2025-08-15T00:30:00Z,2025-08-15T23:30:00Z,TRUE
14.1,2025-08-16,20.13948936170213,47,2025-08-16T00:30:00Z,2025-08-17T00:00:00Z,TRUE
14.1,2025-08-17,12.810913043478262,46,2025-08-17T00:30:00Z,2025-08-18T00:00:00Z,TRUE
14.1,2025-08-18,3.3069999999999995,45,2025-08-18T00:30:00Z,2025-08-19T00:00:00Z,TRUE
14.1,2025-08-19,5.796652173913044,46,2025-08-19T01:30:00Z,2025-08-20T00:00:00Z,TRUE
14.1,2025-08-20,23.468574468085105,47,2025-08-20T00:30:00Z,2025-08-21T00:00:00Z,TRUE
14.1,2025-08-21,2.7463555555555557,45,2025-08-21T00:30:00Z,2025-08-22T00:00:00Z,TRUE
14.1,2025-08-22,3.143127659574468,47,2025-08-22T00:30:00Z,2025-08-23T00:00:00Z,TRUE
14.1,2025-08-23,7.164744680851064,47,2025-08-23T00:30:00Z,2025-08-24T00:00:00Z,TRUE
14.1,2025-08-24,5.3946595744680845,47,2025-08-24T00:30:00Z,2025-08-25T00:00:00Z,TRUE
14.1,2025-08-25,2.676608695652174,46,2025-08-25T00:30:00Z,2025-08-26T00:00:00Z,TRUE
14.1,2025-08-26,4.485108695652174,46,2025-08-26T00:30:00Z,2025-08-27T00:00:00Z,TRUE
14.1,2025-08-27,4.751021739130435,46,2025-08-27T00:30:00Z,2025-08-28T00:00:00Z,TRUE
14.1,2025-08-28,4.652,47,2025-08-28T00:30:00Z,2025-08-29T00:00:00Z,TRUE
14.1,2025-08-29,4.1017777777777775,45,2025-08-29T00:30:00Z,2025-08-30T00:00:00Z,TRUE
14.1,2025-08-30,2.6127291666666665,48,2025-08-30T00:30:00Z,2025-08-31T00:00:00Z,TRUE
14.1,2025-08-31,4.747893617021277,47,2025-08-31T00:30:00Z,2025-09-01T00:00:00Z,TRUE
14.1,2025-09-01,7.013326086956522,46,2025-09-01T00:30:00Z,2025-09-02T00:00:00Z,TRUE
14.1,2025-09-02,3.747413043478261,46,2025-09-02T00:30:00Z,2025-09-03T00:00:00Z,TRUE
14.1,2025-09-03,5.1728695652173915,46,2025-09-03T00:30:00Z,2025-09-04T00:00:00Z,TRUE
14.1,2025-09-04,7.4846382978723405,47,2025-09-04T00:30:00Z,2025-09-05T00:00:00Z,TRUE
14.1,2025-09-05,17.42626086956522,46,2025-09-05T00:30:00Z,2025-09-06T00:00:00Z,TRUE
14.1,2025-09-06,4.4020638297872345,47,2025-09-06T00:30:00Z,2025-09-07T00:00:00Z,TRUE
14.1,2025-09-07,3.9823617021276596,47,2025-09-07T00:30:00Z,2025-09-08T00:00:00Z,TRUE
14.1,2025-09-08,3.969872340425532,47,2025-09-08T00:30:00Z,2025-09-09T00:00:00Z,TRUE
14.1,2025-09-09,3.1704772727272728,44,2025-09-09T00:30:00Z,2025-09-09T23:30:00Z,TRUE
14.1,2025-09-10,4.0174375,48,2025-09-10T00:30:00Z,2025-09-11T00:00:00Z,TRUE
14.1,2025-09-11,6.983604166666667,48,2025-09-11T00:30:00Z,2025-09-12T00:00:00Z,TRUE
14.1,2025-09-12,11.842085106382978,47,2025-09-12T00:30:00Z,2025-09-13T00:00:00Z,TRUE
14.1,2025-09-13,9.327239130434783,46,2025-09-13T00:30:00Z,2025-09-14T00:00:00Z,TRUE
14.1,2025-09-14,22.565854166666668,48,2025-09-14T00:30:00Z,2025-09-15T00:00:00Z,TRUE
14.1,2025-09-15,13.700340425531914,47,2025-09-15T00:30:00Z,2025-09-16T00:00:00Z,TRUE
14.1,2025-09-16,10.466977272727272,44,2025-09-16T00:30:00Z,2025-09-17T00:00:00Z,TRUE
14.1,2025-09-17,16.159021739130434,46,2025-09-17T00:30:00Z,2025-09-18T00:00:00Z,TRUE
14.1,2025-09-18,12.586622222222221,45,2025-09-18T00:30:00Z,2025-09-19T00:00:00Z,TRUE
14.1,2025-09-19,11.520170212765958,47,2025-09-19T00:30:00Z,2025-09-20T00:00:00Z,TRUE
14.1,2025-09-20,4.060288888888889,45,2025-09-20T00:30:00Z,2025-09-21T00:00:00Z,TRUE
14.1,2025-09-21,7.868520833333333,48,2025-09-21T00:30:00Z,2025-09-22T00:00:00Z,TRUE
14.1,2025-09-22,11.9253125,48,2025-09-22T00:30:00Z,2025-09-23T00:00:00Z,TRUE
14.1,2025-09-23,6.1996382978723394,47,2025-09-23T00:30:00Z,2025-09-24T00:00:00Z,TRUE
14.1,2025-09-24,8.524260869565218,46,2025-09-24T00:30:00Z,2025-09-25T00:00:00Z,TRUE
14.1,2025-09-25,16.329617021276594,47,2025-09-25T00:30:00Z,2025-09-26T00:00:00Z,TRUE
14.1,2025-09-26,34.137791666666665,48,2025-09-26T00:30:00Z,2025-09-27T00:00:00Z,TRUE
14.1,2025-09-27,9.115255319148936,47,2025-09-27T00:30:00Z,2025-09-28T00:00:00Z,TRUE
14.1,2025-09-28,9.988531914893617,47,2025-09-28T00:30:00Z,2025-09-29T00:00:00Z,TRUE
14.1,2025-09-29,9.410229166666666,48,2025-09-29T00:30:00Z,2025-09-30T00:00:00Z,TRUE
14.1,2025-09-30,7.321478260869565,46,2025-09-30T00:30:00Z,2025-10-01T00:00:00Z,TRUE
14.1,2025-10-01,2.7578541666666667,48,2025-10-01T00:30:00Z,2025-10-02T00:00:00Z,TRUE
14.1,2025-10-02,2.196270833333333,48,2025-10-02T00:30:00Z,2025-10-03T00:00:00Z,TRUE
14.1,2025-10-03,4.919170212765957,47,2025-10-03T00:30:00Z,2025-10-04T00:00:00Z,TRUE
14.1,2025-10-04,8.960127659574468,47,2025-10-04T00:30:00Z,2025-10-05T00:00:00Z,TRUE
14.1,2025-10-05,8.173717391304347,46,2025-10-05T00:30:00Z,2025-10-06T00:00:00Z,TRUE
14.1,2025-10-06,3.8935652173913042,46,2025-10-06T00:30:00Z,2025-10-07T00:00:00Z,TRUE
14.1,2025-10-07,4.553266666666667,45,2025-10-07T01:00:00Z,2025-10-08T00:00:00Z,TRUE
14.1,2025-10-08,1.6737916666666666,48,2025-10-08T00:30:00Z,2025-10-09T00:00:00Z,TRUE
14.1,2025-10-09,1.468659574468085,47,2025-10-09T00:30:00Z,2025-10-10T00:00:00Z,TRUE
14.1,2025-10-10,2.6130666666666666,45,2025-10-10T00:30:00Z,2025-10-11T00:00:00Z,TRUE
14.1,2025-10-11,2.5784255319148937,47,2025-10-11T00:30:00Z,2025-10-12T00:00:00Z,TRUE
14.1,2025-10-12,8.82691489361702,47,2025-10-12T00:30:00Z,2025-10-13T00:00:00Z,TRUE
14.1,2025-10-13,4.945744680851064,47,2025-10-13T00:30:00Z,2025-10-14T00:00:00Z,TRUE
14.1,2025-10-14,3.537255319148936,47,2025-10-14T00:30:00Z,2025-10-15T00:00:00Z,TRUE
14.1,2025-10-15,2.0966666666666667,45,2025-10-15T00:30:00Z,2025-10-16T00:00:00Z,TRUE
14.1,2025-10-16,1.9819148936170212,47,2025-10-16T00:30:00Z,2025-10-17T00:00:00Z,TRUE
14.1,2025-10-17,3.4733124999999996,48,2025-10-17T00:30:00Z,2025-10-18T00:00:00Z,TRUE
14.1,2025-10-18,4.881729166666667,48,2025-10-18T00:30:00Z,2025-10-19T00:00:00Z,TRUE
14.1,2025-10-19,9.1436875,48,2025-10-19T00:30:00Z,2025-10-20T00:00:00Z,TRUE
14.1,2025-10-20,2.662166666666667,42,2025-10-20T00:30:00Z,2025-10-21T00:00:00Z,TRUE
14.1,2025-10-21,2.8346666666666667,48,2025-10-21T00:30:00Z,2025-10-22T00:00:00Z,TRUE
14.1,2025-10-22,3.2969375,48,2025-10-22T00:30:00Z,2025-10-23T00:00:00Z,TRUE
14.1,2025-10-23,3.5492291666666667,48,2025-10-23T00:30:00Z,2025-10-24T00:00:00Z,TRUE
14.1,2025-10-24,3.62275,48,2025-10-24T00:30:00Z,2025-10-25T00:00:00Z,TRUE
14.1,2025-10-25,4.551958333333333,48,2025-10-25T00:30:00Z,2025-10-26T00:00:00Z,TRUE
14.1,2025-10-26,4.1827708333333335,48,2025-10-26T00:30:00Z,2025-10-27T00:00:00Z,TRUE
14.1,2025-10-27,2.7362083333333334,48,2025-10-27T00:30:00Z,2025-10-28T00:00:00Z,TRUE
14.1,2025-10-28,2.2596041666666666,48,2025-10-28T00:30:00Z,2025-10-29T00:00:00Z,TRUE
14.1,2025-10-29,2.769125,48,2025-10-29T00:30:00Z,2025-10-30T00:00:00Z,TRUE
14.1,2025-10-30,2.3730652173913045,46,2025-10-30T00:30:00Z,2025-10-31T00:00:00Z,TRUE
14.1,2025-10-31,3.310416666666667,48,2025-10-31T00:30:00Z,2025-11-01T00:00:00Z,TRUE
14.1,2025-11-01,8.909531914893618,47,2025-11-01T00:30:00Z,2025-11-02T00:00:00Z,TRUE
14.1,2025-11-02,18.3261875,48,2025-11-02T00:30:00Z,2025-11-03T00:00:00Z,TRUE
14.1,2025-11-03,12.480586956521739,46,2025-11-03T00:30:00Z,2025-11-03T23:30:00Z,TRUE
14.1,2025-11-04,3.8944347826086956,46,2025-11-04T00:30:00Z,2025-11-05T00:00:00Z,TRUE
14.1,2025-11-05,5.482291666666667,48,2025-11-05T00:30:00Z,2025-11-06T00:00:00Z,TRUE
14.1,2025-11-06,2.6597173913043477,46,2025-11-06T00:30:00Z,2025-11-07T00:00:00Z,TRUE
14.1,2025-11-07,8.754354166666667,48,2025-11-07T00:30:00Z,2025-11-08T00:00:00Z,TRUE
14.1,2025-11-08,10.3233125,48,2025-11-08T00:30:00Z,2025-11-09T00:00:00Z,TRUE
14.1,2025-11-09,8.619395833333332,48,2025-11-09T00:30:00Z,2025-11-10T00:00:00Z,TRUE
14.1,2025-11-10,1.7667708333333332,48,2025-11-10T00:30:00Z,2025-11-11T00:00:00Z,TRUE
14.1,2025-11-11,5.6566875,48,2025-11-11T00:30:00Z,2025-11-12T00:00:00Z,TRUE
14.1,2025-11-12,5.156770833333333,48,2025-11-12T00:30:00Z,2025-11-13T00:00:00Z,TRUE
14.1,2025-11-13,3.255166666666667,48,2025-11-13T00:30:00Z,2025-11-14T00:00:00Z,TRUE
14.1,2025-11-14,7.582104166666666,48,2025-11-14T00:30:00Z,2025-11-15T00:00:00Z,TRUE
14.1,2025-11-15,13.891020833333332,48,2025-11-15T00:30:00Z,2025-11-16T00:00:00Z,TRUE
14.1,2025-11-16,3.4552391304347827,46,2025-11-16T00:30:00Z,2025-11-17T00:00:00Z,TRUE
14.1,2025-11-17,1.9573333333333334,48,2025-11-17T00:30:00Z,2025-11-18T00:00:00Z,TRUE
14.1,2025-11-18,8.820437499999999,48,2025-11-18T00:30:00Z,2025-11-19T00:00:00Z,TRUE
14.1,2025-11-19,13.946770833333334,48,2025-11-19T00:30:00Z,2025-11-20T00:00:00Z,TRUE
14.1,2025-11-20,25.66775,48,2025-11-20T00:30:00Z,2025-11-21T00:00:00Z,TRUE
14.1,2025-11-21,24.517229166666667,48,2025-11-21T00:30:00Z,2025-11-22T00:00:00Z,TRUE
14.1,2025-11-22,15.744782608695651,46,2025-11-22T00:30:00Z,2025-11-23T00:00:00Z,TRUE
14.1,2025-11-23,11.90023404255319,47,2025-11-23T00:30:00Z,2025-11-24T00:00:00Z,TRUE
14.1,2025-11-24,4.419520833333333,48,2025-11-24T00:30:00Z,2025-11-25T00:00:00Z,TRUE
14.1,2025-11-25,7.824083333333333,48,2025-11-25T00:30:00Z,2025-11-26T00:00:00Z,TRUE
14.1,2025-11-26,8.178291666666667,48,2025-11-26T00:30:00Z,2025-11-27T00:00:00Z,TRUE
14.1,2025-11-27,3.5633829787234044,47,2025-11-27T00:30:00Z,2025-11-28T00:00:00Z,TRUE
14.1,2025-11-28,5.5402708333333335,48,2025-11-28T00:30:00Z,2025-11-29T00:00:00Z,TRUE
14.1,2025-11-29,8.788531914893618,47,2025-11-29T00:30:00Z,2025-11-30T00:00:00Z,TRUE
14.1,2025-11-30,9.754854166666666,48,2025-11-30T00:30:00Z,2025-12-01T00:00:00Z,TRUE
14.1,2025-12-01,6.377297872340424,47,2025-12-01T00:30:00Z,2025-12-02T00:00:00Z,TRUE
14.1,2025-12-02,11.959270833333333,48,2025-12-02T00:30:00Z,2025-12-03T00:00:00Z,TRUE
14.1,2025-12-03,24.801595744680853,47,2025-12-03T00:30:00Z,2025-12-04T00:00:00Z,TRUE
14.1,2025-12-04,19.97991666666667,48,2025-12-04T00:30:00Z,2025-12-05T00:00:00Z,TRUE
14.1,2025-12-05,8.545489361702128,47,2025-12-05T00:30:00Z,2025-12-06T00:00:00Z,TRUE
14.1,2025-12-06,29.881255319148938,47,2025-12-06T00:30:00Z,2025-12-07T00:00:00Z,TRUE
14.1,2025-12-07,24.322020833333333,48,2025-12-07T00:30:00Z,2025-12-08T00:00:00Z,TRUE
14.1,2025-12-08,2.712833333333333,48,2025-12-08T00:30:00Z,2025-12-09T00:00:00Z,TRUE
14.1,2025-12-09,7.624791666666666,48,2025-12-09T00:30:00Z,2025-12-10T00:00:00Z,TRUE
14.1,2025-12-10,12.7171875,48,2025-12-10T00:30:00Z,2025-12-11T00:00:00Z,TRUE
14.1,2025-12-11,2.6941041666666665,48,2025-12-11T00:30:00Z,2025-12-12T00:00:00Z,TRUE
14.1,2025-12-12,5.708145833333334,48,2025-12-12T00:30:00Z,2025-12-13T00:00:00Z,TRUE
14.1,2025-12-13,19.279770833333334,48,2025-12-13T00:30:00Z,2025-12-14T00:00:00Z,TRUE
14.1,2025-12-14,3.8651041666666663,48,2025-12-14T00:30:00Z,2025-12-15T00:00:00Z,TRUE
14.1,2025-12-15,12.7941875,48,2025-12-15T00:30:00Z,2025-12-16T00:00:00Z,TRUE
14.1,2025-12-16,10.025854166666667,48,2025-12-16T00:30:00Z,2025-12-17T00:00:00Z,TRUE
14.1,2025-12-17,13.799212765957446,47,2025-12-17T00:30:00Z,2025-12-18T00:00:00Z,TRUE
14.1,2025-12-18,14.415955555555557,45,2025-12-18T00:30:00Z,2025-12-19T00:00:00Z,TRUE
14.1,2025-12-19,7.739895833333334,48,2025-12-19T00:30:00Z,2025-12-20T00:00:00Z,TRUE
14.1,2025-12-20,7.957854166666667,48,2025-12-20T00:30:00Z,2025-12-21T00:00:00Z,TRUE
14.1,2025-12-21,3.846229166666667,48,2025-12-21T00:30:00Z,2025-12-22T00:00:00Z,TRUE
14.1,2025-12-22,9.051270833333334,48,2025-12-22T00:30:00Z,2025-12-23T00:00:00Z,TRUE
14.1,2025-12-23,16.674170212765958,47,2025-12-23T00:30:00Z,2025-12-24T00:00:00Z,TRUE
14.1,2025-12-24,22.931541666666668,48,2025-12-24T00:30:00Z,2025-12-25T00:00:00Z,TRUE
14.1,2025-12-25,24.77,48,2025-12-25T00:30:00Z,2025-12-26T00:00:00Z,TRUE
14.1,2025-12-26,13.165173913043477,46,2025-12-26T00:30:00Z,2025-12-27T00:00:00Z,TRUE
14.1,2025-12-27,12.668770833333333,48,2025-12-27T00:30:00Z,2025-12-28T00:00:00Z,TRUE
14.1,2025-12-28,30.890166666666666,48,2025-12-28T00:30:00Z,2025-12-29T00:00:00Z,TRUE
14.1,2025-12-29,5.340934782608696,46,2025-12-29T00:30:00Z,2025-12-30T00:00:00Z,TRUE
14.1,2025-12-30,4.366437500000001,48,2025-12-30T00:30:00Z,2025-12-31T00:00:00Z,TRUE
14.1,2025-12-31,16.08708888888889,45,2025-12-31T00:30:00Z,2025-12-31T23:30:00Z,TRUE
15.1,2024-10-31,2.534,1,2024-11-01T00:00:00Z,2024-11-01T00:00:00Z,FALSE
15.1,2024-11-01,2.2534,15,2024-11-01T00:30:00Z,2024-11-02T00:00:00Z,FALSE
15.1,2024-11-02,2.41968,25,2024-11-02T00:30:00Z,2024-11-03T00:00:00Z,FALSE
15.1,2024-11-03,2.9528,10,2024-11-03T00:30:00Z,2024-11-04T00:00:00Z,FALSE
15.1,2024-11-04,4.730571428571428,21,2024-11-04T03:30:00Z,2024-11-05T00:00:00Z,FALSE
15.1,2024-11-05,4.551375,8,2024-11-05T04:00:00Z,2024-11-05T23:00:00Z,FALSE
15.1,2024-11-06,8.253238095238094,21,2024-11-06T01:00:00Z,2024-11-06T23:30:00Z,FALSE
15.1,2024-11-07,6.268578947368421,19,2024-11-07T00:30:00Z,2024-11-08T00:00:00Z,FALSE
15.1,2024-11-08,9.291705882352941,17,2024-11-08T00:30:00Z,2024-11-09T00:00:00Z,FALSE
15.1,2024-11-09,1.924,20,2024-11-09T03:30:00Z,2024-11-09T23:30:00Z,FALSE
15.1,2024-11-10,10.290349999999998,20,2024-11-10T00:30:00Z,2024-11-11T00:00:00Z,FALSE
15.1,2024-11-11,5.466090909090909,22,2024-11-11T01:30:00Z,2024-11-11T23:30:00Z,FALSE
15.1,2024-11-12,2.0487894736842103,19,2024-11-12T02:30:00Z,2024-11-12T23:30:00Z,FALSE
15.1,2024-11-13,2.171409090909091,22,2024-11-13T02:00:00Z,2024-11-14T00:00:00Z,FALSE
15.1,2024-11-14,3.882,21,2024-11-14T02:30:00Z,2024-11-14T22:30:00Z,FALSE
15.1,2024-11-15,25.5792,25,2024-11-15T01:30:00Z,2024-11-16T00:00:00Z,FALSE
15.1,2024-11-16,3.8127857142857144,14,2024-11-16T01:30:00Z,2024-11-16T23:00:00Z,FALSE
15.1,2024-11-17,12.308826086956522,23,2024-11-17T01:00:00Z,2024-11-18T00:00:00Z,FALSE
15.1,2024-11-18,23.008423076923076,26,2024-11-18T00:30:00Z,2024-11-18T22:30:00Z,FALSE
15.1,2024-11-19,16.355545454545457,22,2024-11-19T00:30:00Z,2024-11-19T22:30:00Z,FALSE
15.1,2024-11-20,9.493272727272727,22,2024-11-20T00:30:00Z,2024-11-21T00:00:00Z,FALSE
15.1,2024-11-21,4.276086956521739,23,2024-11-21T00:30:00Z,2024-11-21T23:00:00Z,FALSE
15.1,2024-11-22,8.638954545454546,22,2024-11-22T00:30:00Z,2024-11-23T00:00:00Z,FALSE
15.1,2024-11-23,1.742653846153846,26,2024-11-23T00:30:00Z,2024-11-24T00:00:00Z,FALSE
15.1,2024-11-24,13.9955,24,2024-11-24T01:00:00Z,2024-11-25T00:00:00Z,FALSE
15.1,2024-11-25,12.418117647058823,17,2024-11-25T01:00:00Z,2024-11-25T23:30:00Z,FALSE
15.1,2024-11-26,8.804461538461538,26,2024-11-26T01:00:00Z,2024-11-26T23:30:00Z,FALSE
15.1,2024-11-27,7.181580645161291,31,2024-11-27T01:00:00Z,2024-11-28T00:00:00Z,FALSE
15.1,2024-11-28,10.272153846153845,26,2024-11-28T02:30:00Z,2024-11-28T23:00:00Z,FALSE
15.1,2024-11-29,9.418333333333333,24,2024-11-29T01:00:00Z,2024-11-29T22:30:00Z,FALSE
15.1,2024-11-30,7.9595,28,2024-11-30T00:30:00Z,2024-12-01T00:00:00Z,FALSE
15.1,2024-12-01,5.946857142857143,28,2024-12-01T00:30:00Z,2024-12-02T00:00:00Z,FALSE
15.1,2024-12-02,11.983357142857143,28,2024-12-02T01:30:00Z,2024-12-02T23:30:00Z,FALSE
15.1,2024-12-03,13.501750000000001,28,2024-12-03T01:00:00Z,2024-12-04T00:00:00Z,FALSE
15.1,2024-12-04,14.974192307692308,26,2024-12-04T01:00:00Z,2024-12-05T00:00:00Z,FALSE
15.1,2024-12-05,8.27055,20,2024-12-05T00:30:00Z,2024-12-05T20:00:00Z,FALSE
15.1,2024-12-06,2.7063478260869562,23,2024-12-06T02:00:00Z,2024-12-07T00:00:00Z,FALSE
15.1,2024-12-07,5.5406969696969695,33,2024-12-07T01:00:00Z,2024-12-08T00:00:00Z,FALSE
15.1,2024-12-08,6.667076923076923,26,2024-12-08T00:30:00Z,2024-12-08T23:00:00Z,FALSE
15.1,2024-12-09,8.00726923076923,26,2024-12-09T01:00:00Z,2024-12-10T00:00:00Z,FALSE
15.1,2024-12-10,40.80828571428572,21,2024-12-10T01:00:00Z,2024-12-11T00:00:00Z,FALSE
15.1,2024-12-11,24.91184,25,2024-12-11T00:30:00Z,2024-12-12T00:00:00Z,FALSE
15.1,2024-12-12,5.771310344827587,29,2024-12-12T01:30:00Z,2024-12-12T23:00:00Z,FALSE
15.1,2024-12-13,5.3821724137931035,29,2024-12-13T00:30:00Z,2024-12-14T00:00:00Z,FALSE
15.1,2024-12-14,7.6509,20,2024-12-14T00:30:00Z,2024-12-15T00:00:00Z,FALSE
15.1,2024-12-15,12.841333333333333,21,2024-12-15T00:30:00Z,2024-12-15T23:00:00Z,FALSE
15.1,2024-12-16,12.869608695652174,23,2024-12-16T01:30:00Z,2024-12-17T00:00:00Z,FALSE
15.1,2024-12-17,12.095344827586207,29,2024-12-17T01:30:00Z,2024-12-18T00:00:00Z,FALSE
15.1,2024-12-18,44.424772727272725,22,2024-12-18T00:30:00Z,2024-12-19T00:00:00Z,FALSE
15.1,2024-12-19,7.427333333333333,30,2024-12-19T01:00:00Z,2024-12-20T00:00:00Z,FALSE
15.1,2024-12-20,17.206695652173913,23,2024-12-20T01:00:00Z,2024-12-21T00:00:00Z,FALSE
15.1,2024-12-21,3.0200666666666667,30,2024-12-21T00:30:00Z,2024-12-22T00:00:00Z,FALSE
15.1,2024-12-22,2.344,33,2024-12-22T00:30:00Z,2024-12-22T22:00:00Z,FALSE
15.1,2024-12-23,6.169551724137931,29,2024-12-23T00:30:00Z,2024-12-24T00:00:00Z,FALSE
15.1,2024-12-24,22.90141935483871,31,2024-12-24T02:00:00Z,2024-12-25T00:00:00Z,FALSE
15.1,2024-12-25,26.58716,25,2024-12-25T01:30:00Z,2024-12-25T23:00:00Z,FALSE
15.1,2024-12-26,13.902095238095237,21,2024-12-26T00:30:00Z,2024-12-26T23:30:00Z,FALSE
15.1,2024-12-27,11.925892857142857,28,2024-12-27T00:30:00Z,2024-12-28T00:00:00Z,FALSE
15.1,2024-12-28,6.339814814814814,27,2024-12-28T00:30:00Z,2024-12-29T00:00:00Z,FALSE
15.1,2024-12-29,10.878047619047619,21,2024-12-29T00:30:00Z,2024-12-30T00:00:00Z,FALSE
15.1,2024-12-30,4.851291666666667,24,2024-12-30T00:30:00Z,2024-12-30T23:30:00Z,FALSE
15.1,2024-12-31,10.66608695652174,23,2024-12-31T01:00:00Z,2025-01-01T00:00:00Z,FALSE
15.1,2025-01-01,7.91256,25,2025-01-01T01:00:00Z,2025-01-02T00:00:00Z,FALSE
15.1,2025-01-02,9.970038461538461,26,2025-01-02T00:30:00Z,2025-01-03T00:00:00Z,FALSE
15.1,2025-01-03,12.256535714285715,28,2025-01-03T00:30:00Z,2025-01-03T23:00:00Z,FALSE
15.1,2025-01-04,2.03475,24,2025-01-04T00:30:00Z,2025-01-05T00:00:00Z,FALSE
15.1,2025-01-05,7.808233333333333,30,2025-01-05T00:30:00Z,2025-01-05T23:30:00Z,FALSE
15.1,2025-01-06,7.7790952380952385,21,2025-01-06T01:00:00Z,2025-01-07T00:00:00Z,FALSE
15.1,2025-01-07,2.055222222222222,27,2025-01-07T00:30:00Z,2025-01-07T23:00:00Z,FALSE
15.1,2025-01-08,2.86904,25,2025-01-08T00:30:00Z,2025-01-09T00:00:00Z,FALSE
15.1,2025-01-09,2.6742,25,2025-01-09T00:30:00Z,2025-01-10T00:00:00Z,FALSE
15.1,2025-01-10,12.745214285714285,28,2025-01-10T00:30:00Z,2025-01-10T22:00:00Z,FALSE
15.1,2025-01-11,31.3485,30,2025-01-11T00:30:00Z,2025-01-12T00:00:00Z,FALSE
15.1,2025-01-12,27.796866666666666,30,2025-01-12T01:00:00Z,2025-01-12T23:00:00Z,FALSE
15.1,2025-01-13,7.570785714285714,14,2025-01-13T02:00:00Z,2025-01-13T20:00:00Z,FALSE
15.1,2025-01-14,4.929923076923077,26,2025-01-14T00:30:00Z,2025-01-15T00:00:00Z,FALSE
15.1,2025-01-15,7.100608695652174,23,2025-01-15T00:30:00Z,2025-01-15T21:30:00Z,FALSE
15.1,2025-01-16,19.364625,24,2025-01-16T00:30:00Z,2025-01-16T21:00:00Z,FALSE
15.1,2025-01-17,22.59896296296296,27,2025-01-17T02:30:00Z,2025-01-18T00:00:00Z,FALSE
15.1,2025-01-18,8.985846153846154,13,2025-01-18T01:00:00Z,2025-01-18T14:00:00Z,FALSE
15.1,2025-01-21,1.9666666666666666,6,2025-01-21T20:00:00Z,2025-01-22T00:00:00Z,FALSE
15.1,2025-01-22,4.207857142857143,28,2025-01-22T00:30:00Z,2025-01-22T23:00:00Z,FALSE
15.1,2025-01-23,8.5406,25,2025-01-23T00:30:00Z,2025-01-23T22:00:00Z,FALSE
15.1,2025-01-24,5.7835,20,2025-01-24T01:00:00Z,2025-01-25T00:00:00Z,FALSE
15.1,2025-01-25,11.955454545454545,22,2025-01-25T01:30:00Z,2025-01-25T20:00:00Z,FALSE
15.1,2025-01-26,6.281941176470588,17,2025-01-26T01:00:00Z,2025-01-26T23:30:00Z,FALSE
15.1,2025-01-27,5.266,27,2025-01-27T00:30:00Z,2025-01-27T23:00:00Z,FALSE
15.1,2025-01-28,5.084833333333333,12,2025-01-28T05:30:00Z,2025-01-29T00:00:00Z,FALSE
15.1,2025-01-29,4.28325,16,2025-01-29T00:30:00Z,2025-01-29T23:30:00Z,FALSE
15.1,2025-01-30,5.8389999999999995,26,2025-01-30T01:00:00Z,2025-01-30T22:30:00Z,FALSE
15.1,2025-01-31,4.189285714285714,7,2025-01-31T01:30:00Z,2025-01-31T06:00:00Z,FALSE
15.1,2025-02-07,3.0843125,16,2025-02-07T04:30:00Z,2025-02-07T23:30:00Z,FALSE
15.1,2025-02-08,9.452764705882354,17,2025-02-08T01:00:00Z,2025-02-08T21:30:00Z,FALSE
15.1,2025-02-09,10.414375,8,2025-02-09T13:30:00Z,2025-02-10T00:00:00Z,FALSE
15.1,2025-02-10,7.506666666666667,21,2025-02-10T00:30:00Z,2025-02-10T23:30:00Z,FALSE
15.1,2025-02-11,17.72657142857143,21,2025-02-11T02:00:00Z,2025-02-12T00:00:00Z,FALSE
15.1,2025-02-12,23.4984375,16,2025-02-12T01:30:00Z,2025-02-12T19:00:00Z,FALSE
15.1,2025-02-13,8.661,6,2025-02-13T19:30:00Z,2025-02-14T00:00:00Z,FALSE
15.1,2025-02-14,7.510759999999999,25,2025-02-14T01:00:00Z,2025-02-14T23:00:00Z,FALSE
15.1,2025-02-15,9.9429375,16,2025-02-15T00:30:00Z,2025-02-15T12:30:00Z,FALSE
15.1,2025-02-16,6.222,1,2025-02-16T20:00:00Z,2025-02-16T20:00:00Z,FALSE
15.1,2025-02-17,2.4903,10,2025-02-17T06:30:00Z,2025-02-17T22:00:00Z,FALSE
15.1,2025-02-18,2.7291538461538463,26,2025-02-18T01:00:00Z,2025-02-19T00:00:00Z,FALSE
15.1,2025-02-19,2.3662916666666667,24,2025-02-19T00:30:00Z,2025-02-19T23:00:00Z,FALSE
15.1,2025-02-20,4.967730769230769,26,2025-02-20T00:30:00Z,2025-02-20T23:30:00Z,FALSE
15.1,2025-02-21,3.1015384615384614,26,2025-02-21T01:00:00Z,2025-02-21T23:30:00Z,FALSE
15.1,2025-02-22,14.362916666666667,24,2025-02-22T00:30:00Z,2025-02-22T22:00:00Z,FALSE
15.1,2025-02-23,9.622764705882354,17,2025-02-23T00:30:00Z,2025-02-23T23:30:00Z,FALSE
15.1,2025-02-24,7.8491,10,2025-02-24T09:00:00Z,2025-02-25T00:00:00Z,FALSE
15.1,2025-02-25,7.301055555555555,18,2025-02-25T01:00:00Z,2025-02-25T21:30:00Z,FALSE
15.1,2025-02-26,22.51775,8,2025-02-26T03:30:00Z,2025-02-26T20:30:00Z,FALSE
15.1,2025-02-27,24.9135,8,2025-02-27T09:30:00Z,2025-02-27T23:30:00Z,FALSE
15.1,2025-02-28,12.315470588235295,17,2025-02-28T02:00:00Z,2025-02-28T20:30:00Z,FALSE
15.1,2025-03-01,2.2746666666666666,18,2025-03-01T02:30:00Z,2025-03-02T00:00:00Z,FALSE
15.1,2025-03-02,3.180633333333333,30,2025-03-02T01:30:00Z,2025-03-03T00:00:00Z,FALSE
15.1,2025-03-03,7.7127,20,2025-03-03T00:30:00Z,2025-03-03T23:30:00Z,FALSE
15.1,2025-03-04,6.1880625,16,2025-03-04T01:00:00Z,2025-03-04T23:30:00Z,FALSE
15.1,2025-03-05,4.433777777777777,9,2025-03-05T02:00:00Z,2025-03-05T21:00:00Z,FALSE
15.1,2025-03-06,1.8992173913043477,23,2025-03-06T01:00:00Z,2025-03-07T00:00:00Z,FALSE
15.1,2025-03-07,4.2391764705882355,17,2025-03-07T01:30:00Z,2025-03-07T21:00:00Z,FALSE
15.1,2025-03-08,1.4652222222222222,9,2025-03-08T14:30:00Z,2025-03-08T22:30:00Z,FALSE
15.1,2025-03-09,4.6848,20,2025-03-09T04:00:00Z,2025-03-09T21:30:00Z,FALSE
15.1,2025-03-10,5.200722222222223,18,2025-03-10T00:30:00Z,2025-03-10T23:30:00Z,FALSE
15.1,2025-03-11,6.035807692307692,26,2025-03-11T01:00:00Z,2025-03-11T23:00:00Z,FALSE
15.1,2025-03-12,3.176388888888889,18,2025-03-12T01:00:00Z,2025-03-13T00:00:00Z,FALSE
15.1,2025-03-13,7.030222222222222,18,2025-03-13T00:30:00Z,2025-03-13T22:30:00Z,FALSE
15.1,2025-03-14,11.8510625,16,2025-03-14T02:00:00Z,2025-03-15T00:00:00Z,FALSE
15.1,2025-03-15,11.95,13,2025-03-15T03:00:00Z,2025-03-15T23:30:00Z,FALSE
15.1,2025-03-16,6.299125,16,2025-03-16T03:00:00Z,2025-03-17T00:00:00Z,FALSE
15.1,2025-03-17,3.834230769230769,13,2025-03-17T01:00:00Z,2025-03-17T23:00:00Z,FALSE
15.1,2025-03-18,5.072947368421053,19,2025-03-18T01:00:00Z,2025-03-19T00:00:00Z,FALSE
15.1,2025-03-19,5.39035,20,2025-03-19T01:00:00Z,2025-03-19T23:30:00Z,FALSE
15.1,2025-03-20,2.6166190476190474,21,2025-03-20T00:30:00Z,2025-03-21T00:00:00Z,FALSE
15.1,2025-03-21,2.4308947368421054,19,2025-03-21T00:30:00Z,2025-03-21T23:30:00Z,FALSE
15.1,2025-03-22,3.3909473684210525,19,2025-03-22T01:30:00Z,2025-03-23T00:00:00Z,FALSE
15.1,2025-03-23,4.693652173913043,23,2025-03-23T01:00:00Z,2025-03-24T00:00:00Z,FALSE
15.1,2025-03-24,5.656,27,2025-03-24T01:30:00Z,2025-03-25T00:00:00Z,FALSE
15.1,2025-03-25,5.442764705882353,17,2025-03-25T01:00:00Z,2025-03-25T23:00:00Z,FALSE
15.1,2025-03-26,3.8724545454545454,22,2025-03-26T03:00:00Z,2025-03-26T19:00:00Z,FALSE
15.1,2025-03-27,6.409,18,2025-03-27T04:00:00Z,2025-03-27T23:30:00Z,FALSE
15.1,2025-03-28,8.825076923076923,13,2025-03-28T00:30:00Z,2025-03-28T23:30:00Z,FALSE
15.1,2025-03-29,8.6831,20,2025-03-29T03:00:00Z,2025-03-29T23:30:00Z,FALSE
15.1,2025-03-30,12.41075,12,2025-03-30T01:30:00Z,2025-03-31T00:00:00Z,FALSE
15.1,2025-03-31,4.711388888888889,18,2025-03-31T01:00:00Z,2025-03-31T23:00:00Z,FALSE
15.1,2025-04-01,2.8588,15,2025-04-01T00:30:00Z,2025-04-01T23:00:00Z,FALSE
15.1,2025-04-02,5.515272727272728,11,2025-04-02T00:30:00Z,2025-04-02T23:30:00Z,FALSE
15.1,2025-04-03,2.853235294117647,17,2025-04-03T02:30:00Z,2025-04-03T23:30:00Z,FALSE
15.1,2025-04-04,3.3619285714285714,14,2025-04-04T02:30:00Z,2025-04-05T00:00:00Z,FALSE
15.1,2025-04-05,3.8706470588235296,17,2025-04-05T01:30:00Z,2025-04-05T23:00:00Z,FALSE
15.1,2025-04-06,4.2314,10,2025-04-06T06:30:00Z,2025-04-07T00:00:00Z,FALSE
15.1,2025-04-07,8.5755,20,2025-04-07T03:30:00Z,2025-04-07T23:00:00Z,FALSE
15.1,2025-04-08,2.6961875,16,2025-04-08T04:00:00Z,2025-04-08T23:00:00Z,FALSE
15.1,2025-04-09,5.75525,16,2025-04-09T00:30:00Z,2025-04-09T23:30:00Z,FALSE
15.1,2025-04-10,13.17138888888889,18,2025-04-10T00:30:00Z,2025-04-10T22:30:00Z,FALSE
15.1,2025-04-11,15.967392857142858,28,2025-04-11T02:00:00Z,2025-04-11T23:30:00Z,FALSE
15.1,2025-04-12,8.382857142857143,14,2025-04-12T01:30:00Z,2025-04-12T22:30:00Z,FALSE
15.1,2025-04-13,10.3515625,16,2025-04-13T00:30:00Z,2025-04-13T19:30:00Z,FALSE
15.1,2025-04-14,5.0109,20,2025-04-14T01:00:00Z,2025-04-14T23:00:00Z,FALSE
15.1,2025-04-15,1.8082777777777779,18,2025-04-15T01:00:00Z,2025-04-15T23:30:00Z,FALSE
15.1,2025-04-16,2.4184615384615387,26,2025-04-16T01:30:00Z,2025-04-16T22:30:00Z,FALSE
15.1,2025-04-17,6.438714285714286,14,2025-04-17T00:30:00Z,2025-04-18T00:00:00Z,FALSE
15.1,2025-04-18,4.191391304347826,23,2025-04-18T00:30:00Z,2025-04-18T23:00:00Z,FALSE
15.1,2025-04-19,11.568181818181818,11,2025-04-19T01:00:00Z,2025-04-19T23:30:00Z,FALSE
15.1,2025-04-20,3.353,10,2025-04-20T02:30:00Z,2025-04-20T22:30:00Z,FALSE
15.1,2025-04-21,4.7974,15,2025-04-21T00:30:00Z,2025-04-21T23:30:00Z,FALSE
15.1,2025-04-22,2.2245333333333335,15,2025-04-22T02:30:00Z,2025-04-22T22:30:00Z,FALSE
15.1,2025-04-23,5.800833333333333,12,2025-04-23T03:30:00Z,2025-04-23T21:30:00Z,FALSE
15.1,2025-04-24,5.7195625,16,2025-04-24T00:30:00Z,2025-04-25T00:00:00Z,FALSE
15.1,2025-04-25,5.718230769230769,13,2025-04-25T01:30:00Z,2025-04-25T20:00:00Z,FALSE
15.1,2025-04-26,12.675454545454546,22,2025-04-26T02:00:00Z,2025-04-26T22:00:00Z,FALSE
15.1,2025-04-27,5.828176470588235,17,2025-04-27T03:30:00Z,2025-04-28T00:00:00Z,FALSE
15.1,2025-04-28,5.377533333333333,30,2025-04-28T00:30:00Z,2025-04-29T00:00:00Z,FALSE
15.1,2025-04-29,6.177928571428572,14,2025-04-29T01:00:00Z,2025-04-30T00:00:00Z,FALSE
15.1,2025-04-30,2.748923076923077,13,2025-04-30T01:30:00Z,2025-04-30T23:30:00Z,FALSE
15.1,2025-05-01,5.865333333333333,30,2025-05-01T00:30:00Z,2025-05-02T00:00:00Z,FALSE
15.1,2025-05-02,8.132277777777777,18,2025-05-02T00:30:00Z,2025-05-02T23:30:00Z,FALSE
15.1,2025-05-03,10.444055555555556,18,2025-05-03T04:00:00Z,2025-05-03T23:00:00Z,FALSE
15.1,2025-05-04,6.882,17,2025-05-04T01:00:00Z,2025-05-05T00:00:00Z,FALSE
15.1,2025-05-05,13.614055555555556,18,2025-05-05T01:30:00Z,2025-05-06T00:00:00Z,FALSE
15.1,2025-05-06,4.905625000000001,8,2025-05-06T02:30:00Z,2025-05-06T19:00:00Z,FALSE
15.1,2025-05-09,4.36,5,2025-05-09T14:30:00Z,2025-05-09T22:00:00Z,FALSE
15.1,2025-05-10,5.229,16,2025-05-10T01:00:00Z,2025-05-10T21:00:00Z,FALSE
15.1,2025-05-11,4.197615384615385,13,2025-05-11T00:30:00Z,2025-05-11T22:30:00Z,FALSE
15.1,2025-05-12,6.96304347826087,23,2025-05-12T02:00:00Z,2025-05-12T23:30:00Z,FALSE
15.1,2025-05-13,4.7379444444444445,18,2025-05-13T00:30:00Z,2025-05-14T00:00:00Z,FALSE
15.1,2025-05-14,2.203772727272727,22,2025-05-14T01:00:00Z,2025-05-14T23:30:00Z,FALSE
15.1,2025-05-15,8.05709090909091,22,2025-05-15T00:30:00Z,2025-05-16T00:00:00Z,FALSE
15.1,2025-05-16,7.468649999999999,20,2025-05-16T01:30:00Z,2025-05-16T22:30:00Z,FALSE
15.1,2025-05-17,5.373153846153846,13,2025-05-17T01:30:00Z,2025-05-18T00:00:00Z,FALSE
15.1,2025-05-18,6.5095600000000005,25,2025-05-18T03:30:00Z,2025-05-19T00:00:00Z,FALSE
15.1,2025-05-19,4.553269230769231,26,2025-05-19T01:00:00Z,2025-05-20T00:00:00Z,FALSE
15.1,2025-05-20,5.2545,16,2025-05-20T01:00:00Z,2025-05-21T00:00:00Z,FALSE
15.1,2025-05-21,7.872333333333334,18,2025-05-21T00:30:00Z,2025-05-21T23:00:00Z,FALSE
15.1,2025-05-22,4.736,4,2025-05-22T17:00:00Z,2025-05-23T00:00:00Z,FALSE
15.1,2025-05-23,2.0205,14,2025-05-23T00:30:00Z,2025-05-23T23:30:00Z,FALSE
15.1,2025-05-24,1.8069333333333335,15,2025-05-24T00:30:00Z,2025-05-25T00:00:00Z,FALSE
15.1,2025-05-25,6.2395000000000005,12,2025-05-25T01:30:00Z,2025-05-25T21:00:00Z,FALSE
15.1,2025-05-26,8.1926875,16,2025-05-26T01:00:00Z,2025-05-26T21:30:00Z,FALSE
15.1,2025-05-27,3.6327,10,2025-05-27T00:30:00Z,2025-05-28T00:00:00Z,FALSE
15.1,2025-05-28,2.43572,25,2025-05-28T02:30:00Z,2025-05-28T23:00:00Z,FALSE
15.1,2025-05-29,11.967461538461539,13,2025-05-29T01:00:00Z,2025-05-29T23:30:00Z,FALSE
15.1,2025-05-30,14.802846153846154,13,2025-05-30T03:30:00Z,2025-05-30T23:00:00Z,FALSE
15.1,2025-05-31,6.022166666666666,24,2025-05-31T03:00:00Z,2025-06-01T00:00:00Z,FALSE
15.1,2025-06-01,6.434909090909091,22,2025-06-01T00:30:00Z,2025-06-02T00:00:00Z,FALSE
15.1,2025-06-02,5.726357142857143,14,2025-06-02T01:30:00Z,2025-06-02T23:00:00Z,FALSE
15.1,2025-06-03,9.2815625,16,2025-06-03T00:30:00Z,2025-06-03T22:30:00Z,FALSE
15.1,2025-06-04,27.889117647058825,17,2025-06-04T00:30:00Z,2025-06-04T23:30:00Z,FALSE
15.1,2025-06-05,34.50673333333334,15,2025-06-05T01:00:00Z,2025-06-06T00:00:00Z,FALSE
15.1,2025-06-06,49.651714285714284,14,2025-06-06T02:30:00Z,2025-06-07T00:00:00Z,FALSE
15.1,2025-06-07,56.846333333333334,18,2025-06-07T00:30:00Z,2025-06-07T22:00:00Z,FALSE
15.1,2025-06-08,42.543866666666666,15,2025-06-08T00:30:00Z,2025-06-08T22:30:00Z,FALSE
15.1,2025-06-09,24.087055555555555,18,2025-06-09T02:00:00Z,2025-06-09T23:00:00Z,FALSE
15.1,2025-06-10,9.476647058823529,17,2025-06-10T00:30:00Z,2025-06-10T16:30:00Z,FALSE
15.1,2025-06-11,16.630111111111113,9,2025-06-11T01:30:00Z,2025-06-12T00:00:00Z,FALSE
15.1,2025-06-12,26.355083333333333,12,2025-06-12T04:30:00Z,2025-06-13T00:00:00Z,FALSE
15.1,2025-06-13,25.062416666666667,12,2025-06-13T02:30:00Z,2025-06-14T00:00:00Z,FALSE
15.1,2025-06-14,13.168,13,2025-06-14T01:30:00Z,2025-06-14T22:00:00Z,FALSE
15.1,2025-06-15,12.944368421052632,19,2025-06-15T04:00:00Z,2025-06-15T23:30:00Z,FALSE
15.1,2025-06-16,9.61575,12,2025-06-16T01:30:00Z,2025-06-17T00:00:00Z,FALSE
15.1,2025-06-17,12.059272727272727,11,2025-06-17T01:30:00Z,2025-06-18T00:00:00Z,FALSE
15.1,2025-06-18,9.9995,14,2025-06-18T00:30:00Z,2025-06-18T23:00:00Z,FALSE
15.1,2025-06-19,6.837125,16,2025-06-19T02:00:00Z,2025-06-19T22:30:00Z,FALSE
15.1,2025-06-20,8.757176470588234,17,2025-06-20T00:30:00Z,2025-06-20T20:30:00Z,FALSE
15.1,2025-06-21,7.564181818181819,11,2025-06-21T01:00:00Z,2025-06-21T23:00:00Z,FALSE
15.1,2025-06-22,5.009333333333333,12,2025-06-22T02:30:00Z,2025-06-23T00:00:00Z,FALSE
15.1,2025-06-23,4.4208125,16,2025-06-23T05:30:00Z,2025-06-23T23:30:00Z,FALSE
15.1,2025-06-24,4.644470588235294,17,2025-06-24T01:00:00Z,2025-06-24T21:00:00Z,FALSE
15.1,2025-06-25,6.430727272727273,22,2025-06-25T00:30:00Z,2025-06-26T00:00:00Z,FALSE
15.1,2025-06-26,9.19818181818182,11,2025-06-26T01:30:00Z,2025-06-26T22:00:00Z,FALSE
15.1,2025-06-27,6.520666666666666,9,2025-06-27T02:30:00Z,2025-06-27T23:30:00Z,FALSE
15.1,2025-06-28,4.768583333333334,12,2025-06-28T00:30:00Z,2025-06-28T22:30:00Z,FALSE
15.1,2025-06-29,3.3565,16,2025-06-29T02:00:00Z,2025-06-29T23:30:00Z,FALSE
15.1,2025-06-30,5.0642499999999995,8,2025-06-30T00:30:00Z,2025-06-30T18:00:00Z,FALSE
15.1,2025-07-01,4.6566,15,2025-07-01T01:30:00Z,2025-07-01T23:30:00Z,FALSE
15.1,2025-07-02,3.7929999999999997,9,2025-07-02T01:00:00Z,2025-07-02T22:30:00Z,FALSE
15.1,2025-07-03,9.711615384615385,26,2025-07-03T00:30:00Z,2025-07-04T00:00:00Z,FALSE
15.1,2025-07-04,8.944842105263158,19,2025-07-04T02:30:00Z,2025-07-04T22:30:00Z,FALSE
15.1,2025-07-05,11.776,9,2025-07-05T00:30:00Z,2025-07-06T00:00:00Z,FALSE
15.1,2025-07-06,6.242133333333333,15,2025-07-06T02:00:00Z,2025-07-06T20:00:00Z,FALSE
15.1,2025-07-07,6.327692307692308,13,2025-07-07T01:00:00Z,2025-07-07T21:30:00Z,FALSE
15.1,2025-07-08,9.732866666666666,15,2025-07-08T07:00:00Z,2025-07-08T22:30:00Z,FALSE
15.1,2025-07-09,12.797421052631579,19,2025-07-09T02:00:00Z,2025-07-09T22:00:00Z,FALSE
15.1,2025-07-10,11.308066666666667,30,2025-07-10T01:00:00Z,2025-07-11T00:00:00Z,FALSE
15.1,2025-07-11,7.532100000000001,10,2025-07-11T00:30:00Z,2025-07-11T21:00:00Z,FALSE
15.1,2025-07-12,5.179333333333333,9,2025-07-12T01:00:00Z,2025-07-13T00:00:00Z,FALSE
15.1,2025-07-13,3.2805,8,2025-07-13T02:00:00Z,2025-07-13T21:00:00Z,FALSE
15.1,2025-07-14,13.59925,20,2025-07-14T01:00:00Z,2025-07-15T00:00:00Z,FALSE
15.1,2025-07-15,19.712583333333335,12,2025-07-15T01:00:00Z,2025-07-16T00:00:00Z,FALSE
15.1,2025-07-16,23.132227272727274,22,2025-07-16T00:30:00Z,2025-07-16T23:30:00Z,FALSE
15.1,2025-07-17,4.426615384615385,13,2025-07-17T05:00:00Z,2025-07-17T23:00:00Z,FALSE
15.1,2025-07-18,2.325,10,2025-07-18T01:30:00Z,2025-07-18T23:30:00Z,FALSE
15.1,2025-07-19,2.8122499999999997,8,2025-07-19T05:00:00Z,2025-07-19T21:30:00Z,FALSE
15.1,2025-07-20,4.453888888888889,18,2025-07-20T02:00:00Z,2025-07-20T23:30:00Z,FALSE
15.1,2025-07-21,11.208375,16,2025-07-21T00:30:00Z,2025-07-21T19:30:00Z,FALSE
15.1,2025-07-22,3.5525833333333336,12,2025-07-22T01:00:00Z,2025-07-22T23:30:00Z,FALSE
15.1,2025-07-23,2.232375,8,2025-07-23T03:30:00Z,2025-07-23T22:00:00Z,FALSE
15.1,2025-07-24,8.8268,10,2025-07-24T04:30:00Z,2025-07-25T00:00:00Z,FALSE
15.1,2025-07-25,6.80525,24,2025-07-25T03:00:00Z,2025-07-25T23:30:00Z,FALSE
15.1,2025-07-26,5.005888888888889,9,2025-07-26T01:00:00Z,2025-07-26T23:30:00Z,FALSE
15.1,2025-07-27,5.398941176470588,17,2025-07-27T09:00:00Z,2025-07-27T23:30:00Z,FALSE
15.1,2025-07-28,7.632846153846154,13,2025-07-28T01:30:00Z,2025-07-28T23:30:00Z,FALSE
15.1,2025-07-29,5.260818181818181,11,2025-07-29T00:30:00Z,2025-07-29T21:30:00Z,FALSE
15.1,2025-07-30,7.8755,6,2025-07-30T04:30:00Z,2025-07-31T00:00:00Z,FALSE
15.1,2025-07-31,18.13625,4,2025-07-31T03:30:00Z,2025-08-01T00:00:00Z,FALSE
15.1,2025-08-01,11.116941176470588,17,2025-08-01T05:00:00Z,2025-08-01T23:30:00Z,FALSE
15.1,2025-08-02,6.077814814814815,27,2025-08-02T02:00:00Z,2025-08-02T23:00:00Z,FALSE
15.1,2025-08-03,6.193785714285714,14,2025-08-03T02:30:00Z,2025-08-04T00:00:00Z,FALSE
15.1,2025-08-04,27.6055,8,2025-08-04T02:00:00Z,2025-08-04T21:00:00Z,FALSE
15.1,2025-08-05,15.523950000000001,20,2025-08-05T01:30:00Z,2025-08-05T23:30:00Z,FALSE
15.1,2025-08-06,14.88845,20,2025-08-06T00:30:00Z,2025-08-06T23:30:00Z,FALSE
15.1,2025-08-07,11.67065,20,2025-08-07T01:00:00Z,2025-08-08T00:00:00Z,FALSE
15.1,2025-08-08,10.9882,15,2025-08-08T00:30:00Z,2025-08-08T20:30:00Z,FALSE
15.1,2025-08-09,11.945076923076924,13,2025-08-09T01:00:00Z,2025-08-09T23:30:00Z,FALSE
15.1,2025-08-10,11.3751,20,2025-08-10T03:30:00Z,2025-08-10T23:30:00Z,FALSE
15.1,2025-08-11,8.422,13,2025-08-11T00:30:00Z,2025-08-11T20:00:00Z,FALSE
15.1,2025-08-12,5.588238095238095,21,2025-08-12T01:00:00Z,2025-08-12T22:30:00Z,FALSE
15.1,2025-08-13,3.710294117647059,17,2025-08-13T01:00:00Z,2025-08-13T23:30:00Z,FALSE
15.1,2025-08-14,8.1718,25,2025-08-14T05:30:00Z,2025-08-14T23:00:00Z,FALSE
15.1,2025-08-15,9.42263157894737,19,2025-08-15T00:30:00Z,2025-08-16T00:00:00Z,FALSE
15.1,2025-08-16,7.82278125,32,2025-08-16T00:30:00Z,2025-08-17T00:00:00Z,FALSE
15.1,2025-08-17,3.8274166666666667,12,2025-08-17T04:00:00Z,2025-08-17T23:30:00Z,FALSE
15.1,2025-08-18,2.7379,10,2025-08-18T02:00:00Z,2025-08-18T18:00:00Z,FALSE
15.1,2025-08-19,3.0860666666666665,15,2025-08-19T01:30:00Z,2025-08-20T00:00:00Z,FALSE
15.1,2025-08-20,10.374533333333334,15,2025-08-20T00:30:00Z,2025-08-20T20:00:00Z,FALSE
15.1,2025-08-21,1.1914166666666666,24,2025-08-21T05:00:00Z,2025-08-22T00:00:00Z,FALSE
15.1,2025-08-22,1.974952380952381,42,2025-08-22T00:30:00Z,2025-08-23T00:00:00Z,TRUE
15.1,2025-08-23,2.5891777777777776,45,2025-08-23T00:30:00Z,2025-08-24T00:00:00Z,TRUE
15.1,2025-08-24,2.106288888888889,45,2025-08-24T00:30:00Z,2025-08-25T00:00:00Z,TRUE
15.1,2025-08-25,1.8520222222222222,45,2025-08-25T00:30:00Z,2025-08-26T00:00:00Z,TRUE
15.1,2025-08-26,2.214736842105263,38,2025-08-26T00:30:00Z,2025-08-27T00:00:00Z,TRUE
15.1,2025-08-27,2.0047380952380953,42,2025-08-27T00:30:00Z,2025-08-28T00:00:00Z,TRUE
15.1,2025-08-28,2.899047619047619,42,2025-08-28T00:30:00Z,2025-08-29T00:00:00Z,TRUE
15.1,2025-08-29,2.626191489361702,47,2025-08-29T00:30:00Z,2025-08-30T00:00:00Z,TRUE
15.1,2025-08-30,1.8699565217391305,46,2025-08-30T00:30:00Z,2025-08-31T00:00:00Z,TRUE
15.1,2025-08-31,2.7847708333333334,48,2025-08-31T00:30:00Z,2025-09-01T00:00:00Z,TRUE
15.1,2025-09-01,2.6787021276595744,47,2025-09-01T00:30:00Z,2025-09-02T00:00:00Z,TRUE
15.1,2025-09-02,2.2551489361702126,47,2025-09-02T00:30:00Z,2025-09-03T00:00:00Z,TRUE
15.1,2025-09-03,2.3347441860465117,43,2025-09-03T00:30:00Z,2025-09-04T00:00:00Z,TRUE
15.1,2025-09-04,3.176565217391304,46,2025-09-04T00:30:00Z,2025-09-05T00:00:00Z,TRUE
15.1,2025-09-05,6.2515217391304345,46,2025-09-05T00:30:00Z,2025-09-06T00:00:00Z,TRUE
15.1,2025-09-06,2.8724565217391307,46,2025-09-06T00:30:00Z,2025-09-06T23:30:00Z,TRUE
15.1,2025-09-07,1.866531914893617,47,2025-09-07T00:30:00Z,2025-09-08T00:00:00Z,TRUE
15.1,2025-09-08,2.4277872340425533,47,2025-09-08T00:30:00Z,2025-09-09T00:00:00Z,TRUE
15.1,2025-09-09,1.8509333333333333,45,2025-09-09T00:30:00Z,2025-09-10T00:00:00Z,TRUE
15.1,2025-09-10,2.411627906976744,43,2025-09-10T00:30:00Z,2025-09-11T00:00:00Z,TRUE
15.1,2025-09-11,3.3168478260869563,46,2025-09-11T01:00:00Z,2025-09-12T00:00:00Z,TRUE
15.1,2025-09-12,4.2557446808510635,47,2025-09-12T00:30:00Z,2025-09-13T00:00:00Z,TRUE
15.1,2025-09-13,4.168152173913043,46,2025-09-13T00:30:00Z,2025-09-14T00:00:00Z,TRUE
15.1,2025-09-14,5.966369565217391,46,2025-09-14T00:30:00Z,2025-09-15T00:00:00Z,TRUE
15.1,2025-09-15,4.837755555555555,45,2025-09-15T00:30:00Z,2025-09-16T00:00:00Z,TRUE
15.1,2025-09-16,4.617127659574468,47,2025-09-16T00:30:00Z,2025-09-17T00:00:00Z,TRUE
15.1,2025-09-17,5.045936170212766,47,2025-09-17T00:30:00Z,2025-09-18T00:00:00Z,TRUE
15.1,2025-09-18,5.219,46,2025-09-18T00:30:00Z,2025-09-19T00:00:00Z,TRUE
15.1,2025-09-19,8.849522727272728,44,2025-09-19T00:30:00Z,2025-09-20T00:00:00Z,TRUE
15.1,2025-09-20,1.9859375,48,2025-09-20T00:30:00Z,2025-09-21T00:00:00Z,TRUE
15.1,2025-09-21,3.299130434782609,46,2025-09-21T00:30:00Z,2025-09-22T00:00:00Z,TRUE
15.1,2025-09-22,4.742555555555556,45,2025-09-22T00:30:00Z,2025-09-23T00:00:00Z,TRUE
15.1,2025-09-23,2.645021276595745,47,2025-09-23T00:30:00Z,2025-09-24T00:00:00Z,TRUE
15.1,2025-09-24,3.7029782608695654,46,2025-09-24T00:30:00Z,2025-09-25T00:00:00Z,TRUE
15.1,2025-09-25,6.83331914893617,47,2025-09-25T00:30:00Z,2025-09-26T00:00:00Z,TRUE
15.1,2025-09-26,8.993083333333333,48,2025-09-26T00:30:00Z,2025-09-27T00:00:00Z,TRUE
15.1,2025-09-27,3.968851063829787,47,2025-09-27T00:30:00Z,2025-09-28T00:00:00Z,TRUE
15.1,2025-09-28,3.462340425531915,47,2025-09-28T00:30:00Z,2025-09-29T00:00:00Z,TRUE
15.1,2025-09-29,4.985152173913043,46,2025-09-29T00:30:00Z,2025-09-30T00:00:00Z,TRUE
15.1,2025-09-30,3.4573478260869566,46,2025-09-30T00:30:00Z,2025-10-01T00:00:00Z,TRUE
15.1,2025-10-01,2.4623913043478263,46,2025-10-01T00:30:00Z,2025-10-02T00:00:00Z,TRUE
15.1,2025-10-02,1.984195652173913,46,2025-10-02T00:30:00Z,2025-10-03T00:00:00Z,TRUE
15.1,2025-10-03,2.771916666666667,48,2025-10-03T00:30:00Z,2025-10-04T00:00:00Z,TRUE
15.1,2025-10-04,4.485295454545454,44,2025-10-04T00:30:00Z,2025-10-05T00:00:00Z,TRUE
15.1,2025-10-05,3.4361875,48,2025-10-05T00:30:00Z,2025-10-06T00:00:00Z,TRUE
15.1,2025-10-06,2.8916595744680853,47,2025-10-06T00:30:00Z,2025-10-07T00:00:00Z,TRUE
15.1,2025-10-07,2.624673913043478,46,2025-10-07T00:30:00Z,2025-10-07T23:30:00Z,TRUE
15.1,2025-10-08,1.3633409090909092,44,2025-10-08T00:30:00Z,2025-10-09T00:00:00Z,TRUE
15.1,2025-10-09,1.684340425531915,47,2025-10-09T00:30:00Z,2025-10-10T00:00:00Z,TRUE
15.1,2025-10-10,2.963574468085106,47,2025-10-10T00:30:00Z,2025-10-11T00:00:00Z,TRUE
15.1,2025-10-11,1.2861521739130435,46,2025-10-11T00:30:00Z,2025-10-12T00:00:00Z,TRUE
15.1,2025-10-12,2.6063043478260868,46,2025-10-12T00:30:00Z,2025-10-13T00:00:00Z,TRUE
15.1,2025-10-13,2.5087777777777776,45,2025-10-13T00:30:00Z,2025-10-14T00:00:00Z,TRUE
15.1,2025-10-14,2.9587555555555554,45,2025-10-14T00:30:00Z,2025-10-15T00:00:00Z,TRUE
15.1,2025-10-15,1.659255319148936,47,2025-10-15T00:30:00Z,2025-10-16T00:00:00Z,TRUE
15.1,2025-10-16,1.8706521739130435,46,2025-10-16T00:30:00Z,2025-10-17T00:00:00Z,TRUE
15.1,2025-10-17,2.096195652173913,46,2025-10-17T00:30:00Z,2025-10-18T00:00:00Z,TRUE
15.1,2025-10-18,2.595063829787234,47,2025-10-18T00:30:00Z,2025-10-19T00:00:00Z,TRUE
15.1,2025-10-19,3.8781555555555554,45,2025-10-19T00:30:00Z,2025-10-20T00:00:00Z,TRUE
15.1,2025-10-20,2.4173529411764707,34,2025-10-20T00:30:00Z,2025-10-21T00:00:00Z,FALSE
15.1,2025-10-21,2.41355,40,2025-10-21T00:30:00Z,2025-10-22T00:00:00Z,TRUE
15.1,2025-10-22,1.9242954545454545,44,2025-10-22T00:30:00Z,2025-10-23T00:00:00Z,TRUE
15.1,2025-10-23,2.1749302325581397,43,2025-10-23T00:30:00Z,2025-10-24T00:00:00Z,TRUE
15.1,2025-10-24,1.7319761904761906,42,2025-10-24T00:30:00Z,2025-10-25T00:00:00Z,TRUE
15.1,2025-10-25,2.2307045454545453,44,2025-10-25T00:30:00Z,2025-10-26T00:00:00Z,TRUE
15.1,2025-10-26,1.9437777777777776,45,2025-10-26T00:30:00Z,2025-10-27T00:00:00Z,TRUE
15.1,2025-10-27,1.87775,44,2025-10-27T00:30:00Z,2025-10-28T00:00:00Z,TRUE
15.1,2025-10-28,2.0633260869565215,46,2025-10-28T00:30:00Z,2025-10-29T00:00:00Z,TRUE
15.1,2025-10-29,1.6825609756097561,41,2025-10-29T00:30:00Z,2025-10-30T00:00:00Z,TRUE
15.1,2025-10-30,2.263195652173913,46,2025-10-30T00:30:00Z,2025-10-31T00:00:00Z,TRUE
15.1,2025-10-31,1.8298409090909091,44,2025-10-31T00:30:00Z,2025-11-01T00:00:00Z,TRUE
15.1,2025-11-01,4.383761904761904,42,2025-11-01T00:30:00Z,2025-11-02T00:00:00Z,TRUE
15.1,2025-11-02,7.352813953488373,43,2025-11-02T00:30:00Z,2025-11-03T00:00:00Z,TRUE
15.1,2025-11-03,5.394952380952381,42,2025-11-03T00:30:00Z,2025-11-04T00:00:00Z,TRUE
15.1,2025-11-04,2.924046511627907,43,2025-11-04T00:30:00Z,2025-11-05T00:00:00Z,TRUE
15.1,2025-11-05,2.813222222222222,45,2025-11-05T00:30:00Z,2025-11-06T00:00:00Z,TRUE
15.1,2025-11-06,2.0164888888888886,45,2025-11-06T00:30:00Z,2025-11-07T00:00:00Z,TRUE
15.1,2025-11-07,4.266431818181818,44,2025-11-07T00:30:00Z,2025-11-07T23:30:00Z,TRUE
15.1,2025-11-08,3.595377777777778,45,2025-11-08T00:30:00Z,2025-11-09T00:00:00Z,TRUE
15.1,2025-11-09,3.3303695652173912,46,2025-11-09T00:30:00Z,2025-11-10T00:00:00Z,TRUE
15.1,2025-11-10,1.46025,40,2025-11-10T00:30:00Z,2025-11-11T00:00:00Z,TRUE
15.1,2025-11-11,2.535355555555556,45,2025-11-11T00:30:00Z,2025-11-12T00:00:00Z,TRUE
15.1,2025-11-12,2.939404761904762,42,2025-11-12T00:30:00Z,2025-11-13T00:00:00Z,TRUE
15.1,2025-11-13,1.865627906976744,43,2025-11-13T01:00:00Z,2025-11-14T00:00:00Z,TRUE
15.1,2025-11-14,3.4418541666666664,48,2025-11-14T00:30:00Z,2025-11-15T00:00:00Z,TRUE
15.1,2025-11-15,6.370955555555556,45,2025-11-15T00:30:00Z,2025-11-16T00:00:00Z,TRUE
15.1,2025-11-16,2.7636,40,2025-11-16T00:30:00Z,2025-11-17T00:00:00Z,TRUE
15.1,2025-11-17,1.802125,40,2025-11-17T00:30:00Z,2025-11-18T00:00:00Z,TRUE
15.1,2025-11-18,3.5608666666666666,45,2025-11-18T00:30:00Z,2025-11-19T00:00:00Z,TRUE
15.1,2025-11-19,5.512261904761905,42,2025-11-19T00:30:00Z,2025-11-20T00:00:00Z,TRUE
15.1,2025-11-20,7.582681818181818,44,2025-11-20T00:30:00Z,2025-11-21T00:00:00Z,TRUE
15.1,2025-11-21,10.132833333333334,48,2025-11-21T00:30:00Z,2025-11-22T00:00:00Z,TRUE
15.1,2025-11-22,5.617395348837209,43,2025-11-22T00:30:00Z,2025-11-23T00:00:00Z,TRUE
15.1,2025-11-23,5.487466666666667,45,2025-11-23T00:30:00Z,2025-11-24T00:00:00Z,TRUE
15.1,2025-11-24,2.1992083333333334,48,2025-11-24T00:30:00Z,2025-11-25T00:00:00Z,TRUE
15.1,2025-11-25,3.2017380952380954,42,2025-11-25T00:30:00Z,2025-11-26T00:00:00Z,TRUE
15.1,2025-11-26,4.635565217391305,46,2025-11-26T00:30:00Z,2025-11-27T00:00:00Z,TRUE
15.1,2025-11-27,2.275552631578947,38,2025-11-27T00:30:00Z,2025-11-28T00:00:00Z,TRUE
15.1,2025-11-28,1.7606857142857142,35,2025-11-28T00:30:00Z,2025-11-29T00:00:00Z,FALSE
15.1,2025-11-29,1.7283809523809524,42,2025-11-29T00:30:00Z,2025-11-30T00:00:00Z,TRUE
15.1,2025-11-30,3.5645897435897433,39,2025-11-30T00:30:00Z,2025-12-01T00:00:00Z,TRUE
15.1,2025-12-01,2.403536585365854,41,2025-12-01T00:30:00Z,2025-12-01T23:30:00Z,TRUE
15.1,2025-12-02,3.762891891891892,37,2025-12-02T00:30:00Z,2025-12-02T23:00:00Z,TRUE
15.1,2025-12-03,8.664571428571428,42,2025-12-03T00:30:00Z,2025-12-04T00:00:00Z,TRUE
15.1,2025-12-04,7.257682926829268,41,2025-12-04T00:30:00Z,2025-12-05T00:00:00Z,TRUE
15.1,2025-12-05,2.3788478260869566,46,2025-12-05T00:30:00Z,2025-12-06T00:00:00Z,TRUE
15.1,2025-12-06,9.736,44,2025-12-06T00:30:00Z,2025-12-07T00:00:00Z,TRUE
15.1,2025-12-07,7.962162790697675,43,2025-12-07T00:30:00Z,2025-12-08T00:00:00Z,TRUE
15.1,2025-12-08,1.5515897435897437,39,2025-12-08T01:00:00Z,2025-12-09T00:00:00Z,TRUE
15.1,2025-12-09,2.9650434782608692,46,2025-12-09T00:30:00Z,2025-12-10T00:00:00Z,TRUE
15.1,2025-12-10,5.80290243902439,41,2025-12-10T00:30:00Z,2025-12-11T00:00:00Z,TRUE
15.1,2025-12-11,1.2803846153846152,39,2025-12-11T00:30:00Z,2025-12-12T00:00:00Z,TRUE
15.1,2025-12-12,1.9122391304347826,46,2025-12-12T00:30:00Z,2025-12-13T00:00:00Z,TRUE
15.1,2025-12-13,7.250847826086956,46,2025-12-13T00:30:00Z,2025-12-14T00:00:00Z,TRUE
15.1,2025-12-14,1.8670277777777777,36,2025-12-14T00:30:00Z,2025-12-14T22:30:00Z,TRUE
15.1,2025-12-15,3.213285714285714,35,2025-12-15T01:00:00Z,2025-12-16T00:00:00Z,FALSE
15.1,2025-12-16,3.226763157894737,38,2025-12-16T00:30:00Z,2025-12-16T23:30:00Z,TRUE
15.1,2025-12-17,5.4473863636363635,44,2025-12-17T00:30:00Z,2025-12-18T00:00:00Z,TRUE
15.1,2025-12-18,4.4214722222222225,36,2025-12-18T00:30:00Z,2025-12-19T00:00:00Z,TRUE
15.1,2025-12-19,3.3805641025641027,39,2025-12-19T00:30:00Z,2025-12-20T00:00:00Z,TRUE
15.1,2025-12-20,2.6725333333333334,45,2025-12-20T00:30:00Z,2025-12-21T00:00:00Z,TRUE
15.1,2025-12-21,2.2974594594594593,37,2025-12-21T00:30:00Z,2025-12-22T00:00:00Z,TRUE
15.1,2025-12-22,3.64753488372093,43,2025-12-22T00:30:00Z,2025-12-23T00:00:00Z,TRUE
15.1,2025-12-23,7.9821282051282045,39,2025-12-23T00:30:00Z,2025-12-24T00:00:00Z,TRUE
15.1,2025-12-24,8.802439024390244,41,2025-12-24T00:30:00Z,2025-12-25T00:00:00Z,TRUE
15.1,2025-12-25,8.596613636363637,44,2025-12-25T00:30:00Z,2025-12-25T23:30:00Z,TRUE
15.1,2025-12-26,4.903772727272727,44,2025-12-26T00:30:00Z,2025-12-27T00:00:00Z,TRUE
15.1,2025-12-27,4.737348837209303,43,2025-12-27T00:30:00Z,2025-12-28T00:00:00Z,TRUE
15.1,2025-12-28,9.466052631578947,38,2025-12-28T00:30:00Z,2025-12-29T00:00:00Z,TRUE
15.1,2025-12-29,3.2729743589743587,39,2025-12-29T00:30:00Z,2025-12-29T23:30:00Z,TRUE
15.1,2025-12-30,2.6111874999999998,32,2025-12-30T00:30:00Z,2025-12-30T23:00:00Z,FALSE
15.1,2025-12-31,6.275,40,2025-12-31T00:30:00Z,2025-12-31T23:30:00Z,TRUE
18.1_26.1,2024-11-13,2.485,13,2024-11-13T17:30:00Z,2024-11-14T00:00:00Z,FALSE
18.1_26.1,2024-11-14,7.732488372093024,43,2024-11-14T00:30:00Z,2024-11-15T00:00:00Z,TRUE
18.1_26.1,2024-11-15,43.912,48,2024-11-15T00:30:00Z,2024-11-16T00:00:00Z,TRUE
18.1_26.1,2024-11-16,4.362756756756757,37,2024-11-16T00:30:00Z,2024-11-17T00:00:00Z,TRUE
18.1_26.1,2024-11-17,15.432166666666667,48,2024-11-17T00:30:00Z,2024-11-18T00:00:00Z,TRUE
18.1_26.1,2024-11-18,22.38948936170213,47,2024-11-18T00:30:00Z,2024-11-19T00:00:00Z,TRUE
18.1_26.1,2024-11-19,20.361829787234043,47,2024-11-19T00:30:00Z,2024-11-20T00:00:00Z,TRUE
18.1_26.1,2024-11-20,12.475574468085107,47,2024-11-20T00:30:00Z,2024-11-21T00:00:00Z,TRUE
18.1_26.1,2024-11-21,5.484583333333333,48,2024-11-21T00:30:00Z,2024-11-22T00:00:00Z,TRUE
18.1_26.1,2024-11-22,6.73025,48,2024-11-22T00:30:00Z,2024-11-23T00:00:00Z,TRUE
18.1_26.1,2024-11-23,2.3905357142857144,28,2024-11-23T00:30:00Z,2024-11-24T00:00:00Z,FALSE
18.1_26.1,2024-11-24,15.738808510638298,47,2024-11-24T00:30:00Z,2024-11-25T00:00:00Z,TRUE
18.1_26.1,2024-11-25,16.413687499999998,48,2024-11-25T00:30:00Z,2024-11-26T00:00:00Z,TRUE
18.1_26.1,2024-11-26,10.991083333333334,48,2024-11-26T00:30:00Z,2024-11-27T00:00:00Z,TRUE
18.1_26.1,2024-11-27,6.909957446808511,47,2024-11-27T00:30:00Z,2024-11-28T00:00:00Z,TRUE
18.1_26.1,2024-11-28,14.662295454545456,44,2024-11-28T00:30:00Z,2024-11-29T00:00:00Z,TRUE
18.1_26.1,2024-11-29,10.015708333333333,48,2024-11-29T00:30:00Z,2024-11-30T00:00:00Z,TRUE
18.1_26.1,2024-11-30,8.507065217391304,46,2024-11-30T00:30:00Z,2024-12-01T00:00:00Z,TRUE
18.1_26.1,2024-12-01,7.1361875,48,2024-12-01T00:30:00Z,2024-12-02T00:00:00Z,TRUE
18.1_26.1,2024-12-02,11.15923404255319,47,2024-12-02T00:30:00Z,2024-12-03T00:00:00Z,TRUE
18.1_26.1,2024-12-03,17.34695744680851,47,2024-12-03T00:30:00Z,2024-12-04T00:00:00Z,TRUE
18.1_26.1,2024-12-04,15.20919512195122,41,2024-12-04T00:30:00Z,2024-12-05T00:00:00Z,TRUE
18.1_26.1,2024-12-05,5.992872340425532,47,2024-12-05T01:00:00Z,2024-12-06T00:00:00Z,TRUE
18.1_26.1,2024-12-06,4.78668085106383,47,2024-12-06T00:30:00Z,2024-12-07T00:00:00Z,TRUE
18.1_26.1,2024-12-07,4.4405,32,2024-12-07T00:30:00Z,2024-12-08T00:00:00Z,FALSE
18.1_26.1,2024-12-08,6.693791666666667,48,2024-12-08T00:30:00Z,2024-12-09T00:00:00Z,TRUE
18.1_26.1,2024-12-09,9.74780487804878,41,2024-12-09T00:30:00Z,2024-12-10T00:00:00Z,TRUE
18.1_26.1,2024-12-10,52.620979166666665,48,2024-12-10T00:30:00Z,2024-12-11T00:00:00Z,TRUE
18.1_26.1,2024-12-11,30.463190476190473,42,2024-12-11T00:30:00Z,2024-12-11T21:30:00Z,TRUE
18.1_26.1,2024-12-12,5.343282608695652,46,2024-12-12T01:00:00Z,2024-12-13T00:00:00Z,TRUE
18.1_26.1,2024-12-13,4.343891891891892,37,2024-12-13T00:30:00Z,2024-12-14T00:00:00Z,TRUE
18.1_26.1,2024-12-14,9.990421052631579,38,2024-12-14T00:30:00Z,2024-12-15T00:00:00Z,TRUE
18.1_26.1,2024-12-15,17.204,47,2024-12-15T00:30:00Z,2024-12-16T00:00:00Z,TRUE
18.1_26.1,2024-12-16,17.14740425531915,47,2024-12-16T00:30:00Z,2024-12-17T00:00:00Z,TRUE
18.1_26.1,2024-12-17,12.895489361702127,47,2024-12-17T00:30:00Z,2024-12-18T00:00:00Z,TRUE
18.1_26.1,2024-12-18,55.081854166666666,48,2024-12-18T00:30:00Z,2024-12-19T00:00:00Z,TRUE
18.1_26.1,2024-12-19,6.31,48,2024-12-19T00:30:00Z,2024-12-20T00:00:00Z,TRUE
18.1_26.1,2024-12-20,19.833895833333333,48,2024-12-20T00:30:00Z,2024-12-21T00:00:00Z,TRUE
18.1_26.1,2024-12-21,3.096261904761905,42,2024-12-21T00:30:00Z,2024-12-21T22:00:00Z,TRUE
18.1_26.1,2024-12-22,2.604392857142857,28,2024-12-22T02:00:00Z,2024-12-22T21:30:00Z,FALSE
18.1_26.1,2024-12-23,6.746700000000001,40,2024-12-23T04:00:00Z,2024-12-24T00:00:00Z,TRUE
18.1_26.1,2024-12-24,25.567384615384615,39,2024-12-24T00:30:00Z,2024-12-25T00:00:00Z,TRUE
18.1_26.1,2024-12-25,32.798812500000004,48,2024-12-25T00:30:00Z,2024-12-26T00:00:00Z,TRUE
18.1_26.1,2024-12-26,13.914083333333332,48,2024-12-26T00:30:00Z,2024-12-27T00:00:00Z,TRUE
18.1_26.1,2024-12-27,13.384106382978723,47,2024-12-27T00:30:00Z,2024-12-28T00:00:00Z,TRUE
18.1_26.1,2024-12-28,6.520708333333333,48,2024-12-28T00:30:00Z,2024-12-29T00:00:00Z,TRUE
18.1_26.1,2024-12-29,16.066729166666665,48,2024-12-29T00:30:00Z,2024-12-30T00:00:00Z,TRUE
18.1_26.1,2024-12-30,4.438191489361702,47,2024-12-30T00:30:00Z,2024-12-31T00:00:00Z,TRUE
18.1_26.1,2024-12-31,14.246708333333332,48,2024-12-31T00:30:00Z,2025-01-01T00:00:00Z,TRUE
18.1_26.1,2025-01-01,10.780872340425532,47,2025-01-01T00:30:00Z,2025-01-02T00:00:00Z,TRUE
18.1_26.1,2025-01-02,9.593659574468084,47,2025-01-02T00:30:00Z,2025-01-03T00:00:00Z,TRUE
18.1_26.1,2025-01-03,11.74731914893617,47,2025-01-03T00:30:00Z,2025-01-04T00:00:00Z,TRUE
18.1_26.1,2025-01-04,2.8225416666666665,48,2025-01-04T00:30:00Z,2025-01-05T00:00:00Z,TRUE
18.1_26.1,2025-01-05,7.359468085106383,47,2025-01-05T00:30:00Z,2025-01-06T00:00:00Z,TRUE
18.1_26.1,2025-01-06,9.028416666666667,36,2025-01-06T00:30:00Z,2025-01-07T00:00:00Z,TRUE
18.1_26.1,2025-01-07,2.3764468085106385,47,2025-01-07T00:30:00Z,2025-01-08T00:00:00Z,TRUE
18.1_26.1,2025-01-08,3.18275,48,2025-01-08T00:30:00Z,2025-01-09T00:00:00Z,TRUE
18.1_26.1,2025-01-09,3.0605,48,2025-01-09T00:30:00Z,2025-01-10T00:00:00Z,TRUE
18.1_26.1,2025-01-10,17.98204255319149,47,2025-01-10T00:30:00Z,2025-01-11T00:00:00Z,TRUE
18.1_26.1,2025-01-11,27.968285714285713,35,2025-01-11T00:30:00Z,2025-01-12T00:00:00Z,FALSE
18.1_26.1,2025-01-12,27.85076470588235,34,2025-01-12T00:30:00Z,2025-01-13T00:00:00Z,FALSE
18.1_26.1,2025-01-13,7.357770833333333,48,2025-01-13T00:30:00Z,2025-01-14T00:00:00Z,TRUE
18.1_26.1,2025-01-14,6.501617021276596,47,2025-01-14T00:30:00Z,2025-01-15T00:00:00Z,TRUE
18.1_26.1,2025-01-15,6.577595238095238,42,2025-01-15T00:30:00Z,2025-01-16T00:00:00Z,TRUE
18.1_26.1,2025-01-16,20.501458333333332,48,2025-01-16T00:30:00Z,2025-01-17T00:00:00Z,TRUE
18.1_26.1,2025-01-17,28.901105263157895,38,2025-01-17T00:30:00Z,2025-01-18T00:00:00Z,TRUE
18.1_26.1,2025-01-18,7.061145833333334,48,2025-01-18T00:30:00Z,2025-01-19T00:00:00Z,TRUE
18.1_26.1,2025-01-19,2.759531914893617,47,2025-01-19T00:30:00Z,2025-01-20T00:00:00Z,TRUE
18.1_26.1,2025-01-20,3.6304166666666666,48,2025-01-20T00:30:00Z,2025-01-21T00:00:00Z,TRUE
18.1_26.1,2025-01-21,4.058979166666667,48,2025-01-21T00:30:00Z,2025-01-22T00:00:00Z,TRUE
18.1_26.1,2025-01-22,3.702933333333333,45,2025-01-22T00:30:00Z,2025-01-23T00:00:00Z,TRUE
18.1_26.1,2025-01-23,9.220347826086956,46,2025-01-23T00:30:00Z,2025-01-24T00:00:00Z,TRUE
18.1_26.1,2025-01-24,6.364916666666667,36,2025-01-24T00:30:00Z,2025-01-25T00:00:00Z,TRUE
18.1_26.1,2025-01-25,12.895333333333333,48,2025-01-25T00:30:00Z,2025-01-26T00:00:00Z,TRUE
18.1_26.1,2025-01-26,7.605404255319149,47,2025-01-26T00:30:00Z,2025-01-27T00:00:00Z,TRUE
18.1_26.1,2025-01-27,5.6591875,48,2025-01-27T00:30:00Z,2025-01-28T00:00:00Z,TRUE
18.1_26.1,2025-01-28,4.590208333333333,48,2025-01-28T00:30:00Z,2025-01-29T00:00:00Z,TRUE
18.1_26.1,2025-01-29,3.8564166666666666,48,2025-01-29T00:30:00Z,2025-01-30T00:00:00Z,TRUE
18.1_26.1,2025-01-30,6.647936170212766,47,2025-01-30T00:30:00Z,2025-01-31T00:00:00Z,TRUE
18.1_26.1,2025-01-31,22.297414634146342,41,2025-01-31T00:30:00Z,2025-01-31T23:30:00Z,TRUE
18.1_26.1,2025-02-01,10.099146341463413,41,2025-02-01T00:30:00Z,2025-02-02T00:00:00Z,TRUE
18.1_26.1,2025-02-02,10.250270833333335,48,2025-02-02T00:30:00Z,2025-02-03T00:00:00Z,TRUE
18.1_26.1,2025-02-03,43.392808510638304,47,2025-02-03T00:30:00Z,2025-02-03T23:30:00Z,TRUE
18.1_26.1,2025-02-04,12.65556818181818,44,2025-02-04T00:30:00Z,2025-02-05T00:00:00Z,TRUE
18.1_26.1,2025-02-05,2.6678541666666664,48,2025-02-05T00:30:00Z,2025-02-06T00:00:00Z,TRUE
18.1_26.1,2025-02-06,10.004869565217392,46,2025-02-06T00:30:00Z,2025-02-07T00:00:00Z,TRUE
18.1_26.1,2025-02-07,5.6809375,48,2025-02-07T00:30:00Z,2025-02-08T00:00:00Z,TRUE
18.1_26.1,2025-02-08,9.629212765957448,47,2025-02-08T00:30:00Z,2025-02-09T00:00:00Z,TRUE
18.1_26.1,2025-02-09,9.3794,20,2025-02-09T00:30:00Z,2025-02-09T10:00:00Z,FALSE
18.1_26.1,2025-02-16,8.3001,10,2025-02-16T19:00:00Z,2025-02-17T00:00:00Z,FALSE
18.1_26.1,2025-02-17,3.9132083333333334,48,2025-02-17T00:30:00Z,2025-02-18T00:00:00Z,TRUE
18.1_26.1,2025-02-18,3.695125,48,2025-02-18T00:30:00Z,2025-02-19T00:00:00Z,TRUE
18.1_26.1,2025-02-19,3.5472916666666667,48,2025-02-19T00:30:00Z,2025-02-20T00:00:00Z,TRUE
18.1_26.1,2025-02-20,5.7568636363636365,44,2025-02-20T01:00:00Z,2025-02-21T00:00:00Z,TRUE
18.1_26.1,2025-02-21,3.410791666666667,48,2025-02-21T00:30:00Z,2025-02-22T00:00:00Z,TRUE
18.1_26.1,2025-02-22,13.937872340425532,47,2025-02-22T00:30:00Z,2025-02-23T00:00:00Z,TRUE
18.1_26.1,2025-02-23,11.163673913043478,46,2025-02-23T00:30:00Z,2025-02-24T00:00:00Z,TRUE
18.1_26.1,2025-02-24,11.928541666666668,48,2025-02-24T00:30:00Z,2025-02-25T00:00:00Z,TRUE
18.1_26.1,2025-02-25,9.718479166666667,48,2025-02-25T00:30:00Z,2025-02-26T00:00:00Z,TRUE
18.1_26.1,2025-02-26,19.92675,48,2025-02-26T00:30:00Z,2025-02-27T00:00:00Z,TRUE
18.1_26.1,2025-02-27,46.797380952380955,42,2025-02-27T00:30:00Z,2025-02-28T00:00:00Z,TRUE
18.1_26.1,2025-02-28,9.819437500000001,48,2025-02-28T00:30:00Z,2025-03-01T00:00:00Z,TRUE
18.1_26.1,2025-03-01,2.3733541666666667,48,2025-03-01T00:30:00Z,2025-03-02T00:00:00Z,TRUE
18.1_26.1,2025-03-02,3.2410434782608695,46,2025-03-02T00:30:00Z,2025-03-03T00:00:00Z,TRUE
18.1_26.1,2025-03-03,7.803926829268293,41,2025-03-03T00:30:00Z,2025-03-04T00:00:00Z,TRUE
18.1_26.1,2025-03-04,5.5365625000000005,48,2025-03-04T00:30:00Z,2025-03-05T00:00:00Z,TRUE
18.1_26.1,2025-03-05,5.201589743589744,39,2025-03-05T00:30:00Z,2025-03-05T19:30:00Z,TRUE
18.1_26.1,2025-03-06,2.444391304347826,46,2025-03-06T01:00:00Z,2025-03-07T00:00:00Z,TRUE
18.1_26.1,2025-03-07,6.897124999999999,48,2025-03-07T00:30:00Z,2025-03-08T00:00:00Z,TRUE
18.1_26.1,2025-03-08,11.83371111111111,45,2025-03-08T00:30:00Z,2025-03-09T00:00:00Z,TRUE
18.1_26.1,2025-03-09,4.695229166666667,48,2025-03-09T00:30:00Z,2025-03-10T00:00:00Z,TRUE
18.1_26.1,2025-03-10,4.658272727272728,33,2025-03-10T00:30:00Z,2025-03-10T22:00:00Z,FALSE
18.1_26.1,2025-03-11,5.971292682926829,41,2025-03-11T01:30:00Z,2025-03-12T00:00:00Z,TRUE
18.1_26.1,2025-03-12,2.7676458333333334,48,2025-03-12T00:30:00Z,2025-03-13T00:00:00Z,TRUE
18.1_26.1,2025-03-13,8.074553191489361,47,2025-03-13T00:30:00Z,2025-03-14T00:00:00Z,TRUE
18.1_26.1,2025-03-14,12.720555555555555,45,2025-03-14T00:30:00Z,2025-03-15T00:00:00Z,TRUE
18.1_26.1,2025-03-15,10.714538461538462,39,2025-03-15T00:30:00Z,2025-03-16T00:00:00Z,TRUE
18.1_26.1,2025-03-16,7.5765111111111105,45,2025-03-16T00:30:00Z,2025-03-17T00:00:00Z,TRUE
18.1_26.1,2025-03-17,3.2754166666666666,48,2025-03-17T00:30:00Z,2025-03-18T00:00:00Z,TRUE
18.1_26.1,2025-03-18,5.054021739130435,46,2025-03-18T00:30:00Z,2025-03-18T23:00:00Z,TRUE
18.1_26.1,2025-03-19,5.634951219512195,41,2025-03-19T01:30:00Z,2025-03-20T00:00:00Z,TRUE
18.1_26.1,2025-03-20,3.1874444444444445,45,2025-03-20T00:30:00Z,2025-03-21T00:00:00Z,TRUE
18.1_26.1,2025-03-21,3.1883191489361704,47,2025-03-21T00:30:00Z,2025-03-22T00:00:00Z,TRUE
18.1_26.1,2025-03-22,4.07845652173913,46,2025-03-22T00:30:00Z,2025-03-23T00:00:00Z,TRUE
18.1_26.1,2025-03-23,6.427829787234042,47,2025-03-23T00:30:00Z,2025-03-24T00:00:00Z,TRUE
18.1_26.1,2025-03-24,6.1410833333333334,48,2025-03-24T00:30:00Z,2025-03-25T00:00:00Z,TRUE
18.1_26.1,2025-03-25,6.3421875,48,2025-03-25T00:30:00Z,2025-03-26T00:00:00Z,TRUE
18.1_26.1,2025-03-26,3.5294893617021277,47,2025-03-26T00:30:00Z,2025-03-27T00:00:00Z,TRUE
18.1_26.1,2025-03-27,5.9370416666666666,48,2025-03-27T00:30:00Z,2025-03-28T00:00:00Z,TRUE
18.1_26.1,2025-03-28,10.535770833333332,48,2025-03-28T00:30:00Z,2025-03-29T00:00:00Z,TRUE
18.1_26.1,2025-03-29,10.248944444444444,36,2025-03-29T00:30:00Z,2025-03-30T00:00:00Z,TRUE
18.1_26.1,2025-03-30,10.485387096774193,31,2025-03-30T00:30:00Z,2025-03-31T00:00:00Z,FALSE
18.1_26.1,2025-03-31,4.8637500000000005,44,2025-03-31T00:30:00Z,2025-03-31T23:30:00Z,TRUE
18.1_26.1,2025-04-01,4.329340425531915,47,2025-04-01T00:30:00Z,2025-04-02T00:00:00Z,TRUE
18.1_26.1,2025-04-02,5.421191489361703,47,2025-04-02T00:30:00Z,2025-04-03T00:00:00Z,TRUE
18.1_26.1,2025-04-03,3.971,35,2025-04-03T00:30:00Z,2025-04-04T00:00:00Z,FALSE
18.1_26.1,2025-04-04,3.2791702127659574,47,2025-04-04T00:30:00Z,2025-04-05T00:00:00Z,TRUE
18.1_26.1,2025-04-05,5.9769411764705875,34,2025-04-05T00:30:00Z,2025-04-06T00:00:00Z,FALSE
18.1_26.1,2025-04-06,6.025382352941177,34,2025-04-06T00:30:00Z,2025-04-07T00:00:00Z,FALSE
18.1_26.1,2025-04-07,9.137782608695652,46,2025-04-07T00:30:00Z,2025-04-08T00:00:00Z,TRUE
18.1_26.1,2025-04-08,2.47675,48,2025-04-08T00:30:00Z,2025-04-09T00:00:00Z,TRUE
18.1_26.1,2025-04-09,4.38075,48,2025-04-09T00:30:00Z,2025-04-10T00:00:00Z,TRUE
18.1_26.1,2025-04-10,25.765347826086956,46,2025-04-10T00:30:00Z,2025-04-11T00:00:00Z,TRUE
18.1_26.1,2025-04-11,13.277282608695652,46,2025-04-11T00:30:00Z,2025-04-12T00:00:00Z,TRUE
18.1_26.1,2025-04-12,7.435104166666666,48,2025-04-12T00:30:00Z,2025-04-13T00:00:00Z,TRUE
18.1_26.1,2025-04-13,9.101083333333333,48,2025-04-13T00:30:00Z,2025-04-14T00:00:00Z,TRUE
18.1_26.1,2025-04-14,3.8655,38,2025-04-14T00:30:00Z,2025-04-14T23:30:00Z,TRUE
18.1_26.1,2025-04-15,2.3526511627906976,43,2025-04-15T03:00:00Z,2025-04-16T00:00:00Z,TRUE
18.1_26.1,2025-04-16,2.5492916666666665,48,2025-04-16T00:30:00Z,2025-04-17T00:00:00Z,TRUE
18.1_26.1,2025-04-17,8.319363636363637,44,2025-04-17T00:30:00Z,2025-04-18T00:00:00Z,TRUE
18.1_26.1,2025-04-18,6.358645833333333,48,2025-04-18T00:30:00Z,2025-04-19T00:00:00Z,TRUE
18.1_26.1,2025-04-19,8.582555555555555,36,2025-04-19T00:30:00Z,2025-04-20T00:00:00Z,TRUE
18.1_26.1,2025-04-20,5.0945,48,2025-04-20T00:30:00Z,2025-04-21T00:00:00Z,TRUE
18.1_26.1,2025-04-21,4.217083333333333,48,2025-04-21T00:30:00Z,2025-04-22T00:00:00Z,TRUE
18.1_26.1,2025-04-22,2.16868085106383,47,2025-04-22T00:30:00Z,2025-04-22T23:30:00Z,TRUE
18.1_26.1,2025-04-23,3.478542857142857,35,2025-04-23T03:00:00Z,2025-04-23T23:30:00Z,FALSE
18.1_26.1,2025-04-24,7.389130434782609,23,2025-04-24T00:30:00Z,2025-04-25T00:00:00Z,FALSE
18.1_26.1,2025-04-25,44.641,26,2025-04-25T00:30:00Z,2025-04-26T00:00:00Z,FALSE
18.1_26.1,2025-04-26,29.155529411764707,17,2025-04-26T00:30:00Z,2025-04-26T15:30:00Z,FALSE
18.1_26.1,2025-04-27,63.817750000000004,20,2025-04-27T00:30:00Z,2025-04-27T11:00:00Z,FALSE
18.1_26.1,2025-04-28,91.10421428571429,14,2025-04-28T02:30:00Z,2025-04-28T10:30:00Z,FALSE
18.1_26.1,2025-05-07,3.9313000000000002,10,2025-05-07T19:30:00Z,2025-05-08T00:00:00Z,FALSE
18.1_26.1,2025-05-08,8.438106382978724,47,2025-05-08T00:30:00Z,2025-05-09T00:00:00Z,TRUE
18.1_26.1,2025-05-09,6.242041666666666,48,2025-05-09T00:30:00Z,2025-05-10T00:00:00Z,TRUE
18.1_26.1,2025-05-10,4.322916666666666,48,2025-05-10T00:30:00Z,2025-05-11T00:00:00Z,TRUE
18.1_26.1,2025-05-11,4.327260869565217,46,2025-05-11T00:30:00Z,2025-05-12T00:00:00Z,TRUE
18.1_26.1,2025-05-12,5.681416666666666,48,2025-05-12T00:30:00Z,2025-05-13T00:00:00Z,TRUE
18.1_26.1,2025-05-13,6.737708333333333,48,2025-05-13T00:30:00Z,2025-05-14T00:00:00Z,TRUE
18.1_26.1,2025-05-14,2.1299166666666665,48,2025-05-14T00:30:00Z,2025-05-15T00:00:00Z,TRUE
18.1_26.1,2025-05-15,7.3814166666666665,48,2025-05-15T00:30:00Z,2025-05-16T00:00:00Z,TRUE
18.1_26.1,2025-05-16,8.427624999999999,48,2025-05-16T00:30:00Z,2025-05-17T00:00:00Z,TRUE
18.1_26.1,2025-05-17,3.6977659574468085,47,2025-05-17T00:30:00Z,2025-05-18T00:00:00Z,TRUE
18.1_26.1,2025-05-18,5.220208333333333,48,2025-05-18T00:30:00Z,2025-05-19T00:00:00Z,TRUE
18.1_26.1,2025-05-19,7.110416666666667,48,2025-05-19T00:30:00Z,2025-05-20T00:00:00Z,TRUE
18.1_26.1,2025-05-20,5.633020833333333,48,2025-05-20T00:30:00Z,2025-05-21T00:00:00Z,TRUE
18.1_26.1,2025-05-21,12.510041666666668,48,2025-05-21T00:30:00Z,2025-05-22T00:00:00Z,TRUE
18.1_26.1,2025-05-22,6.208297872340425,47,2025-05-22T00:30:00Z,2025-05-23T00:00:00Z,TRUE
18.1_26.1,2025-05-23,1.6371458333333333,48,2025-05-23T00:30:00Z,2025-05-24T00:00:00Z,TRUE
18.1_26.1,2025-05-24,1.4142708333333334,48,2025-05-24T00:30:00Z,2025-05-25T00:00:00Z,TRUE
18.1_26.1,2025-05-25,8.076791666666667,48,2025-05-25T00:30:00Z,2025-05-26T00:00:00Z,TRUE
18.1_26.1,2025-05-26,26.760416666666668,48,2025-05-26T00:30:00Z,2025-05-27T00:00:00Z,TRUE
18.1_26.1,2025-05-27,4.148145833333333,48,2025-05-27T00:30:00Z,2025-05-28T00:00:00Z,TRUE
18.1_26.1,2025-05-28,2.9760416666666667,48,2025-05-28T00:30:00Z,2025-05-29T00:00:00Z,TRUE
18.1_26.1,2025-05-29,42.04161904761905,21,2025-05-29T00:30:00Z,2025-05-29T10:30:00Z,FALSE
18.1_26.1,2025-05-30,11.650717948717949,39,2025-05-30T02:30:00Z,2025-05-31T00:00:00Z,TRUE
18.1_26.1,2025-05-31,8.1063125,48,2025-05-31T00:30:00Z,2025-06-01T00:00:00Z,TRUE
18.1_26.1,2025-06-01,5.934770833333333,48,2025-06-01T00:30:00Z,2025-06-02T00:00:00Z,TRUE
18.1_26.1,2025-06-02,4.374854166666666,48,2025-06-02T00:30:00Z,2025-06-03T00:00:00Z,TRUE
18.1_26.1,2025-06-03,8.699708333333334,48,2025-06-03T00:30:00Z,2025-06-04T00:00:00Z,TRUE
18.1_26.1,2025-06-04,28.523,46,2025-06-04T00:30:00Z,2025-06-05T00:00:00Z,TRUE
18.1_26.1,2025-06-05,35.012125,48,2025-06-05T00:30:00Z,2025-06-06T00:00:00Z,TRUE
18.1_26.1,2025-06-06,67.7930909090909,11,2025-06-06T00:30:00Z,2025-06-06T05:30:00Z,FALSE
18.1_26.1,2025-06-07,38.68286111111111,36,2025-06-07T05:30:00Z,2025-06-08T00:00:00Z,TRUE
18.1_26.1,2025-06-08,48.444833333333335,48,2025-06-08T00:30:00Z,2025-06-09T00:00:00Z,TRUE
18.1_26.1,2025-06-09,25.519333333333332,48,2025-06-09T00:30:00Z,2025-06-10T00:00:00Z,TRUE
18.1_26.1,2025-06-10,10.82459574468085,47,2025-06-10T00:30:00Z,2025-06-11T00:00:00Z,TRUE
18.1_26.1,2025-06-11,15.0064375,48,2025-06-11T00:30:00Z,2025-06-12T00:00:00Z,TRUE
18.1_26.1,2025-06-12,23.121395833333334,48,2025-06-12T00:30:00Z,2025-06-13T00:00:00Z,TRUE
18.1_26.1,2025-06-13,23.13325,48,2025-06-13T00:30:00Z,2025-06-14T00:00:00Z,TRUE
18.1_26.1,2025-06-14,20.779947368421052,19,2025-06-14T00:30:00Z,2025-06-14T09:30:00Z,FALSE
18.1_26.1,2025-06-17,10.267900000000001,10,2025-06-17T13:30:00Z,2025-06-17T21:30:00Z,FALSE
18.1_26.1,2025-06-18,9.352,1,2025-06-18T06:30:00Z,2025-06-18T06:30:00Z,FALSE
18.1_26.1,2025-06-19,4.112,2,2025-06-19T09:30:00Z,2025-06-19T21:00:00Z,FALSE
18.1_26.1,2025-06-20,9.134,1,2025-06-20T17:30:00Z,2025-06-20T17:30:00Z,FALSE
18.1_26.1,2025-06-21,9.09325,8,2025-06-21T09:30:00Z,2025-06-21T21:00:00Z,FALSE
18.1_26.1,2025-06-22,11.485,2,2025-06-22T15:30:00Z,2025-06-22T18:00:00Z,FALSE
18.1_26.1,2025-06-23,7.004,1,2025-06-23T23:00:00Z,2025-06-23T23:00:00Z,FALSE
18.1_26.1,2025-06-24,7.6735,12,2025-06-24T00:30:00Z,2025-06-24T17:00:00Z,FALSE
18.1_26.1,2025-07-01,3.584888888888889,9,2025-07-01T18:30:00Z,2025-07-02T00:00:00Z,FALSE
18.1_26.1,2025-07-02,16.689857142857143,21,2025-07-02T00:30:00Z,2025-07-02T11:30:00Z,FALSE
18.1_26.1,2025-07-11,11.5830625,16,2025-07-11T08:00:00Z,2025-07-11T20:00:00Z,FALSE
18.1_26.1,2025-07-12,7.031777777777778,9,2025-07-12T14:30:00Z,2025-07-12T23:30:00Z,FALSE
18.1_26.1,2025-07-13,6.359500000000001,2,2025-07-13T01:00:00Z,2025-07-13T01:30:00Z,FALSE
18.1_26.1,2025-07-18,2.1590249999999997,40,2025-07-18T04:00:00Z,2025-07-19T00:00:00Z,TRUE
18.1_26.1,2025-07-19,4.589043478260869,46,2025-07-19T00:30:00Z,2025-07-20T00:00:00Z,TRUE
18.1_26.1,2025-07-20,8.14697619047619,42,2025-07-20T00:30:00Z,2025-07-21T00:00:00Z,TRUE
18.1_26.1,2025-07-21,23.428510638297873,47,2025-07-21T00:30:00Z,2025-07-22T00:00:00Z,TRUE
18.1_26.1,2025-07-22,5.518574468085107,47,2025-07-22T00:30:00Z,2025-07-23T00:00:00Z,TRUE
18.1_26.1,2025-07-23,3.9724791666666666,48,2025-07-23T00:30:00Z,2025-07-24T00:00:00Z,TRUE
18.1_26.1,2025-07-24,15.069312499999999,48,2025-07-24T00:30:00Z,2025-07-25T00:00:00Z,TRUE
18.1_26.1,2025-07-25,20.713580645161286,31,2025-07-25T00:30:00Z,2025-07-26T00:00:00Z,FALSE
18.1_26.1,2025-07-26,13.767541666666666,48,2025-07-26T00:30:00Z,2025-07-27T00:00:00Z,TRUE
18.1_26.1,2025-07-27,12.204255319148936,47,2025-07-27T00:30:00Z,2025-07-28T00:00:00Z,TRUE
18.1_26.1,2025-07-28,14.291958333333334,48,2025-07-28T00:30:00Z,2025-07-29T00:00:00Z,TRUE
18.1_26.1,2025-07-29,16.270604166666665,48,2025-07-29T00:30:00Z,2025-07-30T00:00:00Z,TRUE
18.1_26.1,2025-07-30,22.752229166666666,48,2025-07-30T00:30:00Z,2025-07-31T00:00:00Z,TRUE
18.1_26.1,2025-07-31,41.283255319148935,47,2025-07-31T00:30:00Z,2025-08-01T00:00:00Z,TRUE
18.1_26.1,2025-08-01,19.497787234042555,47,2025-08-01T00:30:00Z,2025-08-02T00:00:00Z,TRUE
18.1_26.1,2025-08-02,9.637458333333333,48,2025-08-02T00:30:00Z,2025-08-03T00:00:00Z,TRUE
18.1_26.1,2025-08-03,15.34304255319149,47,2025-08-03T00:30:00Z,2025-08-04T00:00:00Z,TRUE
18.1_26.1,2025-08-04,51.90963829787234,47,2025-08-04T00:30:00Z,2025-08-05T00:00:00Z,TRUE
18.1_26.1,2025-08-05,47.046956521739126,46,2025-08-05T00:30:00Z,2025-08-06T00:00:00Z,TRUE
18.1_26.1,2025-08-06,25.784645833333332,48,2025-08-06T00:30:00Z,2025-08-07T00:00:00Z,TRUE
18.1_26.1,2025-08-07,22.567869565217393,46,2025-08-07T00:30:00Z,2025-08-08T00:00:00Z,TRUE
18.1_26.1,2025-08-08,16.5629375,48,2025-08-08T00:30:00Z,2025-08-09T00:00:00Z,TRUE
18.1_26.1,2025-08-09,22.59068085106383,47,2025-08-09T00:30:00Z,2025-08-10T00:00:00Z,TRUE
18.1_26.1,2025-08-10,28.472916666666666,48,2025-08-10T00:30:00Z,2025-08-11T00:00:00Z,TRUE
18.1_26.1,2025-08-11,20.960729166666667,48,2025-08-11T00:30:00Z,2025-08-12T00:00:00Z,TRUE
18.1_26.1,2025-08-12,14.496708333333332,48,2025-08-12T00:30:00Z,2025-08-13T00:00:00Z,TRUE
18.1_26.1,2025-08-13,8.831375,48,2025-08-13T00:30:00Z,2025-08-14T00:00:00Z,TRUE
18.1_26.1,2025-08-14,20.176895833333333,48,2025-08-14T00:30:00Z,2025-08-15T00:00:00Z,TRUE
18.1_26.1,2025-08-15,31.261520833333332,48,2025-08-15T00:30:00Z,2025-08-16T00:00:00Z,TRUE
18.1_26.1,2025-08-16,25.202708333333334,48,2025-08-16T00:30:00Z,2025-08-17T00:00:00Z,TRUE
18.1_26.1,2025-08-17,15.123958333333334,48,2025-08-17T00:30:00Z,2025-08-18T00:00:00Z,TRUE
18.1_26.1,2025-08-18,3.649446808510638,47,2025-08-18T00:30:00Z,2025-08-19T00:00:00Z,TRUE
18.1_26.1,2025-08-19,8.084145833333332,48,2025-08-19T00:30:00Z,2025-08-20T00:00:00Z,TRUE
18.1_26.1,2025-08-20,30.718166666666665,48,2025-08-20T00:30:00Z,2025-08-21T00:00:00Z,TRUE
18.1_26.1,2025-08-21,2.5157708333333333,48,2025-08-21T00:30:00Z,2025-08-22T00:00:00Z,TRUE
18.1_26.1,2025-08-22,2.91136170212766,47,2025-08-22T00:30:00Z,2025-08-23T00:00:00Z,TRUE
18.1_26.1,2025-08-23,8.235851063829788,47,2025-08-23T00:30:00Z,2025-08-24T00:00:00Z,TRUE
18.1_26.1,2025-08-24,8.895395833333335,48,2025-08-24T00:30:00Z,2025-08-25T00:00:00Z,TRUE
18.1_26.1,2025-08-25,2.85675,48,2025-08-25T00:30:00Z,2025-08-26T00:00:00Z,TRUE
18.1_26.1,2025-08-26,4.123851063829787,47,2025-08-26T00:30:00Z,2025-08-27T00:00:00Z,TRUE
18.1_26.1,2025-08-27,4.675595744680851,47,2025-08-27T00:30:00Z,2025-08-28T00:00:00Z,TRUE
18.1_26.1,2025-08-28,4.4270625,48,2025-08-28T00:30:00Z,2025-08-29T00:00:00Z,TRUE
18.1_26.1,2025-08-29,3.334583333333334,48,2025-08-29T00:30:00Z,2025-08-30T00:00:00Z,TRUE
18.1_26.1,2025-08-30,2.6426875,48,2025-08-30T00:30:00Z,2025-08-31T00:00:00Z,TRUE
18.1_26.1,2025-08-31,6.5401875,48,2025-08-31T00:30:00Z,2025-09-01T00:00:00Z,TRUE
18.1_26.1,2025-09-01,7.464270833333333,48,2025-09-01T00:30:00Z,2025-09-02T00:00:00Z,TRUE
18.1_26.1,2025-09-02,5.036041666666667,48,2025-09-02T00:30:00Z,2025-09-03T00:00:00Z,TRUE
18.1_26.1,2025-09-03,6.057375,48,2025-09-03T00:30:00Z,2025-09-04T00:00:00Z,TRUE
18.1_26.1,2025-09-04,9.590479166666666,48,2025-09-04T00:30:00Z,2025-09-05T00:00:00Z,TRUE
18.1_26.1,2025-09-05,24.115125,48,2025-09-05T00:30:00Z,2025-09-06T00:00:00Z,TRUE
18.1_26.1,2025-09-06,4.707145833333333,48,2025-09-06T00:30:00Z,2025-09-07T00:00:00Z,TRUE
18.1_26.1,2025-09-07,3.048291666666667,48,2025-09-07T00:30:00Z,2025-09-08T00:00:00Z,TRUE
18.1_26.1,2025-09-08,3.867,48,2025-09-08T00:30:00Z,2025-09-09T00:00:00Z,TRUE
18.1_26.1,2025-09-09,3.5957872340425534,47,2025-09-09T00:30:00Z,2025-09-10T00:00:00Z,TRUE
18.1_26.1,2025-09-10,7.259062500000001,48,2025-09-10T00:30:00Z,2025-09-11T00:00:00Z,TRUE
18.1_26.1,2025-09-11,10.860666666666665,48,2025-09-11T00:30:00Z,2025-09-12T00:00:00Z,TRUE
18.1_26.1,2025-09-12,20.422479166666665,48,2025-09-12T00:30:00Z,2025-09-13T00:00:00Z,TRUE
18.1_26.1,2025-09-13,14.2648125,48,2025-09-13T00:30:00Z,2025-09-14T00:00:00Z,TRUE
18.1_26.1,2025-09-14,36.787645833333336,48,2025-09-14T00:30:00Z,2025-09-15T00:00:00Z,TRUE
18.1_26.1,2025-09-15,18.066270833333334,48,2025-09-15T00:30:00Z,2025-09-16T00:00:00Z,TRUE
18.1_26.1,2025-09-16,11.845104166666667,48,2025-09-16T00:30:00Z,2025-09-17T00:00:00Z,TRUE
18.1_26.1,2025-09-17,29.207645833333334,48,2025-09-17T00:30:00Z,2025-09-18T00:00:00Z,TRUE
18.1_26.1,2025-09-18,15.441770833333333,48,2025-09-18T00:30:00Z,2025-09-19T00:00:00Z,TRUE
18.1_26.1,2025-09-19,15.262638297872341,47,2025-09-19T00:30:00Z,2025-09-20T00:00:00Z,TRUE
18.1_26.1,2025-09-20,5.2467291666666664,48,2025-09-20T00:30:00Z,2025-09-21T00:00:00Z,TRUE
18.1_26.1,2025-09-21,9.396404255319148,47,2025-09-21T01:00:00Z,2025-09-22T00:00:00Z,TRUE
18.1_26.1,2025-09-22,14.245541666666666,48,2025-09-22T00:30:00Z,2025-09-23T00:00:00Z,TRUE
18.1_26.1,2025-09-23,9.461893617021277,47,2025-09-23T00:30:00Z,2025-09-24T00:00:00Z,TRUE
18.1_26.1,2025-09-24,14.597979166666667,48,2025-09-24T00:30:00Z,2025-09-25T00:00:00Z,TRUE
18.1_26.1,2025-09-25,35.81597916666667,48,2025-09-25T00:30:00Z,2025-09-26T00:00:00Z,TRUE
18.1_26.1,2025-09-26,39.2693125,48,2025-09-26T00:30:00Z,2025-09-27T00:00:00Z,TRUE
18.1_26.1,2025-09-27,16.4195,48,2025-09-27T00:30:00Z,2025-09-28T00:00:00Z,TRUE
18.1_26.1,2025-09-28,12.270791666666666,48,2025-09-28T00:30:00Z,2025-09-29T00:00:00Z,TRUE
18.1_26.1,2025-09-29,12.211770833333336,48,2025-09-29T00:30:00Z,2025-09-30T00:00:00Z,TRUE
18.1_26.1,2025-09-30,13.772333333333334,48,2025-09-30T00:30:00Z,2025-10-01T00:00:00Z,TRUE
18.1_26.1,2025-10-01,3.2036041666666666,48,2025-10-01T00:30:00Z,2025-10-02T00:00:00Z,TRUE
18.1_26.1,2025-10-02,2.8300625,48,2025-10-02T00:30:00Z,2025-10-03T00:00:00Z,TRUE
18.1_26.1,2025-10-03,7.9688125,48,2025-10-03T00:30:00Z,2025-10-04T00:00:00Z,TRUE
18.1_26.1,2025-10-04,15.665520833333334,48,2025-10-04T00:30:00Z,2025-10-05T00:00:00Z,TRUE
18.1_26.1,2025-10-05,13.352229166666666,48,2025-10-05T00:30:00Z,2025-10-06T00:00:00Z,TRUE
18.1_26.1,2025-10-06,5.172583333333333,48,2025-10-06T00:30:00Z,2025-10-07T00:00:00Z,TRUE
18.1_26.1,2025-10-07,5.9228958333333335,48,2025-10-07T00:30:00Z,2025-10-08T00:00:00Z,TRUE
18.1_26.1,2025-10-08,1.7201489361702127,47,2025-10-08T00:30:00Z,2025-10-08T23:30:00Z,TRUE
18.1_26.1,2025-10-09,1.6390208333333334,48,2025-10-09T00:30:00Z,2025-10-10T00:00:00Z,TRUE
18.1_26.1,2025-10-10,3.694583333333333,48,2025-10-10T00:30:00Z,2025-10-11T00:00:00Z,TRUE
18.1_26.1,2025-10-11,2.9674375,48,2025-10-11T00:30:00Z,2025-10-12T00:00:00Z,TRUE
18.1_26.1,2025-10-12,12.080854166666667,48,2025-10-12T00:30:00Z,2025-10-13T00:00:00Z,TRUE
18.1_26.1,2025-10-13,7.2904583333333335,48,2025-10-13T00:30:00Z,2025-10-14T00:00:00Z,TRUE
18.1_26.1,2025-10-14,2.544958333333333,48,2025-10-14T00:30:00Z,2025-10-15T00:00:00Z,TRUE
18.1_26.1,2025-10-15,2.0545833333333334,48,2025-10-15T00:30:00Z,2025-10-16T00:00:00Z,TRUE
18.1_26.1,2025-10-16,1.5486041666666666,48,2025-10-16T00:30:00Z,2025-10-17T00:00:00Z,TRUE
18.1_26.1,2025-10-17,4.271229166666666,48,2025-10-17T00:30:00Z,2025-10-18T00:00:00Z,TRUE
18.1_26.1,2025-10-18,4.9329583333333336,48,2025-10-18T00:30:00Z,2025-10-19T00:00:00Z,TRUE
18.1_26.1,2025-10-19,9.655375000000001,48,2025-10-19T00:30:00Z,2025-10-20T00:00:00Z,TRUE
18.1_26.1,2025-10-20,2.371302325581395,43,2025-10-20T00:30:00Z,2025-10-21T00:00:00Z,TRUE
18.1_26.1,2025-10-21,3.4623749999999998,48,2025-10-21T00:30:00Z,2025-10-22T00:00:00Z,TRUE
18.1_26.1,2025-10-22,2.2710208333333335,48,2025-10-22T00:30:00Z,2025-10-23T00:00:00Z,TRUE
18.1_26.1,2025-10-23,3.4790425531914893,47,2025-10-23T00:30:00Z,2025-10-24T00:00:00Z,TRUE
18.1_26.1,2025-10-24,3.71075,48,2025-10-24T00:30:00Z,2025-10-25T00:00:00Z,TRUE
18.1_26.1,2025-10-25,3.3231458333333332,48,2025-10-25T00:30:00Z,2025-10-26T00:00:00Z,TRUE
18.1_26.1,2025-10-26,5.656645833333333,48,2025-10-26T00:30:00Z,2025-10-27T00:00:00Z,TRUE
18.1_26.1,2025-10-27,4.204291666666667,48,2025-10-27T00:30:00Z,2025-10-28T00:00:00Z,TRUE
18.1_26.1,2025-10-28,2.9278541666666666,48,2025-10-28T00:30:00Z,2025-10-29T00:00:00Z,TRUE
18.1_26.1,2025-10-29,3.8560625,48,2025-10-29T00:30:00Z,2025-10-30T00:00:00Z,TRUE
18.1_26.1,2025-10-30,3.690395833333333,48,2025-10-30T00:30:00Z,2025-10-31T00:00:00Z,TRUE
18.1_26.1,2025-10-31,3.0869375,48,2025-10-31T00:30:00Z,2025-11-01T00:00:00Z,TRUE
18.1_26.1,2025-11-01,10.982270833333333,48,2025-11-01T00:30:00Z,2025-11-02T00:00:00Z,TRUE
18.1_26.1,2025-11-02,21.607979166666667,48,2025-11-02T00:30:00Z,2025-11-03T00:00:00Z,TRUE
18.1_26.1,2025-11-03,16.004979166666665,48,2025-11-03T00:30:00Z,2025-11-04T00:00:00Z,TRUE
18.1_26.1,2025-11-04,2.6257083333333333,48,2025-11-04T00:30:00Z,2025-11-05T00:00:00Z,TRUE
18.1_26.1,2025-11-05,5.038479166666667,48,2025-11-05T00:30:00Z,2025-11-06T00:00:00Z,TRUE
18.1_26.1,2025-11-06,2.3364583333333333,48,2025-11-06T00:30:00Z,2025-11-07T00:00:00Z,TRUE
18.1_26.1,2025-11-07,9.414416666666666,48,2025-11-07T00:30:00Z,2025-11-08T00:00:00Z,TRUE
18.1_26.1,2025-11-08,10.895583333333335,48,2025-11-08T00:30:00Z,2025-11-09T00:00:00Z,TRUE
18.1_26.1,2025-11-09,9.262520833333333,48,2025-11-09T00:30:00Z,2025-11-10T00:00:00Z,TRUE
18.1_26.1,2025-11-10,1.907,48,2025-11-10T00:30:00Z,2025-11-11T00:00:00Z,TRUE
18.1_26.1,2025-11-11,5.722127659574468,47,2025-11-11T00:30:00Z,2025-11-12T00:00:00Z,TRUE
18.1_26.1,2025-11-12,4.739765957446808,47,2025-11-12T00:30:00Z,2025-11-13T00:00:00Z,TRUE
18.1_26.1,2025-11-13,3.2970625,48,2025-11-13T00:30:00Z,2025-11-14T00:00:00Z,TRUE
18.1_26.1,2025-11-14,7.368255319148936,47,2025-11-14T00:30:00Z,2025-11-15T00:00:00Z,TRUE
18.1_26.1,2025-11-15,16.314041666666668,48,2025-11-15T00:30:00Z,2025-11-16T00:00:00Z,TRUE
18.1_26.1,2025-11-16,3.7131458333333334,48,2025-11-16T00:30:00Z,2025-11-17T00:00:00Z,TRUE
18.1_26.1,2025-11-17,1.8368333333333333,48,2025-11-17T00:30:00Z,2025-11-18T00:00:00Z,TRUE
18.1_26.1,2025-11-18,8.589729166666666,48,2025-11-18T00:30:00Z,2025-11-19T00:00:00Z,TRUE
18.1_26.1,2025-11-19,15.781291666666666,48,2025-11-19T00:30:00Z,2025-11-20T00:00:00Z,TRUE
18.1_26.1,2025-11-20,28.515229166666668,48,2025-11-20T00:30:00Z,2025-11-21T00:00:00Z,TRUE
18.1_26.1,2025-11-21,27.67197916666667,48,2025-11-21T00:30:00Z,2025-11-22T00:00:00Z,TRUE
18.1_26.1,2025-11-22,17.8985625,48,2025-11-22T00:30:00Z,2025-11-23T00:00:00Z,TRUE
18.1_26.1,2025-11-23,12.901458333333332,48,2025-11-23T00:30:00Z,2025-11-24T00:00:00Z,TRUE
18.1_26.1,2025-11-24,4.837583333333334,48,2025-11-24T00:30:00Z,2025-11-25T00:00:00Z,TRUE
18.1_26.1,2025-11-25,8.371791666666667,48,2025-11-25T00:30:00Z,2025-11-26T00:00:00Z,TRUE
18.1_26.1,2025-11-26,10.1616875,48,2025-11-26T00:30:00Z,2025-11-27T00:00:00Z,TRUE
18.1_26.1,2025-11-27,3.6126666666666667,48,2025-11-27T00:30:00Z,2025-11-28T00:00:00Z,TRUE
18.1_26.1,2025-11-28,3.2476382978723404,47,2025-11-28T00:30:00Z,2025-11-29T00:00:00Z,TRUE
18.1_26.1,2025-11-29,4.373041666666667,48,2025-11-29T00:30:00Z,2025-11-30T00:00:00Z,TRUE
18.1_26.1,2025-11-30,9.373872340425532,47,2025-11-30T00:30:00Z,2025-12-01T00:00:00Z,TRUE
18.1_26.1,2025-12-01,5.182333333333333,48,2025-12-01T00:30:00Z,2025-12-02T00:00:00Z,TRUE
18.1_26.1,2025-12-02,14.5864375,48,2025-12-02T00:30:00Z,2025-12-03T00:00:00Z,TRUE
18.1_26.1,2025-12-03,24.3655625,48,2025-12-03T00:30:00Z,2025-12-04T00:00:00Z,TRUE
18.1_26.1,2025-12-04,19.210553191489364,47,2025-12-04T00:30:00Z,2025-12-05T00:00:00Z,TRUE
18.1_26.1,2025-12-05,8.273260869565219,46,2025-12-05T00:30:00Z,2025-12-06T00:00:00Z,TRUE
18.1_26.1,2025-12-06,28.485104166666666,48,2025-12-06T00:30:00Z,2025-12-07T00:00:00Z,TRUE
18.1_26.1,2025-12-07,24.824666666666666,48,2025-12-07T00:30:00Z,2025-12-08T00:00:00Z,TRUE
18.1_26.1,2025-12-08,2.837645833333333,48,2025-12-08T00:30:00Z,2025-12-09T00:00:00Z,TRUE
18.1_26.1,2025-12-09,6.7811458333333325,48,2025-12-09T00:30:00Z,2025-12-10T00:00:00Z,TRUE
18.1_26.1,2025-12-10,11.045604166666667,48,2025-12-10T00:30:00Z,2025-12-11T00:00:00Z,TRUE
18.1_26.1,2025-12-11,2.285468085106383,47,2025-12-11T01:00:00Z,2025-12-12T00:00:00Z,TRUE
18.1_26.1,2025-12-12,6.025291666666667,48,2025-12-12T00:30:00Z,2025-12-13T00:00:00Z,TRUE
18.1_26.1,2025-12-13,19.812755555555555,45,2025-12-13T00:30:00Z,2025-12-14T00:00:00Z,TRUE
18.1_26.1,2025-12-14,2.8192954545454545,44,2025-12-14T00:30:00Z,2025-12-15T00:00:00Z,TRUE
18.1_26.1,2025-12-15,6.855555555555556,45,2025-12-15T00:30:00Z,2025-12-16T00:00:00Z,TRUE
18.1_26.1,2025-12-16,8.815829787234042,47,2025-12-16T00:30:00Z,2025-12-17T00:00:00Z,TRUE
18.1_26.1,2025-12-17,11.139133333333334,45,2025-12-17T00:30:00Z,2025-12-17T22:30:00Z,TRUE
18.1_26.1,2025-12-18,15.173875,48,2025-12-18T00:30:00Z,2025-12-19T00:00:00Z,TRUE
18.1_26.1,2025-12-19,6.1928125000000005,48,2025-12-19T00:30:00Z,2025-12-20T00:00:00Z,TRUE
18.1_26.1,2025-12-20,6.748020833333333,48,2025-12-20T00:30:00Z,2025-12-21T00:00:00Z,TRUE
18.1_26.1,2025-12-21,3.7328958333333335,48,2025-12-21T00:30:00Z,2025-12-22T00:00:00Z,TRUE
18.1_26.1,2025-12-22,9.842416666666667,48,2025-12-22T00:30:00Z,2025-12-23T00:00:00Z,TRUE
18.1_26.1,2025-12-23,15.84144680851064,47,2025-12-23T00:30:00Z,2025-12-24T00:00:00Z,TRUE
18.1_26.1,2025-12-24,23.2579375,48,2025-12-24T00:30:00Z,2025-12-25T00:00:00Z,TRUE
18.1_26.1,2025-12-25,27.741145833333334,48,2025-12-25T00:30:00Z,2025-12-26T00:00:00Z,TRUE
18.1_26.1,2025-12-26,13.759560975609755,41,2025-12-26T00:30:00Z,2025-12-26T20:30:00Z,TRUE
18.1_26.1,2025-12-27,7.347545454545455,22,2025-12-27T10:00:00Z,2025-12-28T00:00:00Z,FALSE
18.1_26.1,2025-12-28,30.886115384615387,26,2025-12-28T01:00:00Z,2025-12-28T14:30:00Z,FALSE
18.1_26.1,2025-12-29,3.894615384615385,39,2025-12-29T04:30:00Z,2025-12-30T00:00:00Z,TRUE
18.1_26.1,2025-12-30,3.779208333333333,48,2025-12-30T00:30:00Z,2025-12-31T00:00:00Z,TRUE
18.1_26.1,2025-12-31,13.704553191489362,47,2025-12-31T00:30:00Z,2025-12-31T23:30:00Z,TRUE
19.1,2024-10-31,2.624,1,2024-11-01T00:00:00Z,2024-11-01T00:00:00Z,FALSE
19.1,2024-11-01,3.188727272727273,11,2024-11-01T01:00:00Z,2024-11-01T16:00:00Z,FALSE
19.1,2024-11-02,4.037333333333333,3,2024-11-02T15:00:00Z,2024-11-02T23:30:00Z,FALSE
19.1,2024-11-03,3.399,7,2024-11-03T03:30:00Z,2024-11-03T23:00:00Z,FALSE
19.1,2024-11-04,5.255,2,2024-11-04T00:30:00Z,2024-11-04T20:30:00Z,FALSE
19.1,2024-11-05,5.143,15,2024-11-05T00:30:00Z,2024-11-05T17:30:00Z,FALSE
19.1,2024-11-06,7.896166666666667,6,2024-11-06T05:30:00Z,2024-11-06T12:30:00Z,FALSE
19.1,2024-11-07,11.0195,4,2024-11-07T01:30:00Z,2024-11-07T15:30:00Z,FALSE
19.1,2024-11-08,9.412333333333333,3,2024-11-08T06:00:00Z,2024-11-08T17:30:00Z,FALSE
19.1,2024-11-09,6.671,1,2024-11-09T02:30:00Z,2024-11-09T02:30:00Z,FALSE
19.1,2024-11-10,16.623,2,2024-11-10T20:00:00Z,2024-11-10T23:00:00Z,FALSE
19.1,2024-11-11,6.4848,5,2024-11-11T02:30:00Z,2024-11-12T00:00:00Z,FALSE
19.1,2024-11-12,3.3930000000000002,5,2024-11-12T02:00:00Z,2024-11-13T00:00:00Z,FALSE
19.1,2024-11-13,3.118444444444444,9,2024-11-13T01:00:00Z,2024-11-13T20:00:00Z,FALSE
19.1,2024-11-14,3.777875,8,2024-11-14T01:30:00Z,2024-11-14T23:00:00Z,FALSE
19.1,2024-11-15,27.428,9,2024-11-15T02:30:00Z,2024-11-15T23:30:00Z,FALSE
19.1,2024-11-16,3.320666666666667,3,2024-11-16T06:00:00Z,2024-11-16T12:30:00Z,FALSE
19.1,2024-11-18,29.831,3,2024-11-18T21:00:00Z,2024-11-18T23:00:00Z,FALSE
19.1,2024-11-19,14.2215,2,2024-11-19T06:30:00Z,2024-11-19T11:00:00Z,FALSE
19.1,2024-11-20,1.7440000000000002,2,2024-11-20T22:00:00Z,2024-11-20T22:30:00Z,FALSE
19.1,2024-11-21,4.4311428571428575,7,2024-11-21T01:30:00Z,2024-11-21T20:00:00Z,FALSE
19.1,2024-11-22,12.7035,8,2024-11-22T04:30:00Z,2024-11-22T20:30:00Z,FALSE
19.1,2024-11-23,2.9980434782608696,23,2024-11-23T00:30:00Z,2024-11-24T00:00:00Z,FALSE
19.1,2024-11-24,12.554461538461538,13,2024-11-24T00:30:00Z,2024-11-24T22:00:00Z,FALSE
19.1,2024-11-25,18.623461538461537,13,2024-11-25T06:00:00Z,2024-11-26T00:00:00Z,FALSE
19.1,2024-11-26,18.394642857142856,14,2024-11-26T00:30:00Z,2024-11-26T23:30:00Z,FALSE
19.1,2024-11-27,7.144461538461538,13,2024-11-27T00:30:00Z,2024-11-27T21:30:00Z,FALSE
19.1,2024-11-28,20.2885,6,2024-11-28T04:00:00Z,2024-11-28T11:30:00Z,FALSE
19.1,2024-11-29,9.8733,10,2024-11-29T03:30:00Z,2024-11-30T00:00:00Z,FALSE
19.1,2024-11-30,7.7841875,16,2024-11-30T02:00:00Z,2024-12-01T00:00:00Z,FALSE
19.1,2024-12-01,6.0764545454545456,11,2024-12-01T00:30:00Z,2024-12-01T17:30:00Z,FALSE
19.1,2024-12-02,8.959222222222222,9,2024-12-02T01:00:00Z,2024-12-02T23:30:00Z,FALSE
19.1,2024-12-03,18.027,4,2024-12-03T12:00:00Z,2024-12-03T21:30:00Z,FALSE
19.1,2024-12-04,12.37490909090909,11,2024-12-04T00:30:00Z,2024-12-04T20:00:00Z,FALSE
19.1,2024-12-05,10.439777777777778,9,2024-12-05T01:00:00Z,2024-12-05T22:00:00Z,FALSE
19.1,2024-12-06,4.8755,8,2024-12-06T05:00:00Z,2024-12-06T23:30:00Z,FALSE
19.1,2024-12-07,4.786125,8,2024-12-07T07:00:00Z,2024-12-07T22:30:00Z,FALSE
19.1,2024-12-08,6.019714285714286,7,2024-12-08T03:00:00Z,2024-12-08T19:30:00Z,FALSE
19.1,2024-12-09,7.811571428571429,7,2024-12-09T05:30:00Z,2024-12-09T20:00:00Z,FALSE
19.1,2024-12-10,49.1674,5,2024-12-10T00:30:00Z,2024-12-10T18:30:00Z,FALSE
19.1,2024-12-11,23.946,5,2024-12-11T14:00:00Z,2024-12-11T23:00:00Z,FALSE
19.1,2024-12-12,7.9417,10,2024-12-12T02:00:00Z,2024-12-12T22:30:00Z,FALSE
19.1,2024-12-13,4.085375,8,2024-12-13T01:30:00Z,2024-12-13T23:30:00Z,FALSE
19.1,2024-12-14,10.134636363636364,11,2024-12-14T01:00:00Z,2024-12-14T23:00:00Z,FALSE
19.1,2024-12-15,20.532333333333334,3,2024-12-15T00:30:00Z,2024-12-15T20:30:00Z,FALSE
19.1,2024-12-16,25.55525,4,2024-12-16T03:00:00Z,2024-12-16T23:30:00Z,FALSE
19.1,2024-12-17,12.332600000000001,10,2024-12-17T02:30:00Z,2024-12-18T00:00:00Z,FALSE
19.1,2024-12-18,36.5086,5,2024-12-18T01:30:00Z,2024-12-18T23:30:00Z,FALSE
19.1,2024-12-19,8.929,8,2024-12-19T01:30:00Z,2024-12-19T23:00:00Z,FALSE
19.1,2024-12-20,22.6755,4,2024-12-20T15:00:00Z,2024-12-20T22:00:00Z,FALSE
19.1,2024-12-21,2.432714285714286,14,2024-12-21T04:30:00Z,2024-12-21T23:00:00Z,FALSE
19.1,2024-12-22,2.5271666666666666,6,2024-12-22T03:00:00Z,2024-12-22T18:00:00Z,FALSE
19.1,2024-12-23,7.0725454545454545,11,2024-12-23T02:00:00Z,2024-12-23T12:30:00Z,FALSE
19.1,2024-12-24,23.34466666666667,6,2024-12-24T04:30:00Z,2024-12-24T23:00:00Z,FALSE
19.1,2024-12-25,32.75875,8,2024-12-25T02:00:00Z,2024-12-25T23:30:00Z,FALSE
19.1,2024-12-26,18.677333333333333,6,2024-12-26T04:00:00Z,2024-12-26T17:30:00Z,FALSE
19.1,2024-12-27,12.3375,4,2024-12-27T05:30:00Z,2024-12-27T22:30:00Z,FALSE
19.1,2024-12-28,6.253166666666667,6,2024-12-28T07:00:00Z,2024-12-28T22:30:00Z,FALSE
19.1,2024-12-29,8.472285714285714,7,2024-12-29T03:00:00Z,2024-12-29T22:30:00Z,FALSE
19.1,2024-12-30,5.45421052631579,19,2024-12-30T01:00:00Z,2024-12-30T23:30:00Z,FALSE
19.1,2024-12-31,10.584733333333332,15,2024-12-31T00:30:00Z,2024-12-31T21:30:00Z,FALSE
19.1,2025-01-01,12.833400000000001,5,2025-01-01T00:30:00Z,2025-01-01T03:00:00Z,FALSE
19.1,2025-01-02,9.110466666666667,15,2025-01-02T02:30:00Z,2025-01-02T23:30:00Z,FALSE
19.1,2025-01-03,11.798636363636364,11,2025-01-03T02:00:00Z,2025-01-03T20:00:00Z,FALSE
19.1,2025-01-04,3.1896,5,2025-01-04T03:30:00Z,2025-01-04T21:30:00Z,FALSE
19.1,2025-01-05,6.2438,10,2025-01-05T01:30:00Z,2025-01-05T22:30:00Z,FALSE
19.1,2025-01-06,6.895,8,2025-01-06T02:00:00Z,2025-01-06T22:30:00Z,FALSE
19.1,2025-01-07,2.1404545454545456,11,2025-01-07T00:30:00Z,2025-01-07T23:30:00Z,FALSE
19.1,2025-01-08,2.7300833333333334,12,2025-01-08T03:30:00Z,2025-01-08T22:30:00Z,FALSE
19.1,2025-01-09,4.691888888888888,9,2025-01-09T00:30:00Z,2025-01-09T20:30:00Z,FALSE
19.1,2025-01-10,18.5875,2,2025-01-10T16:00:00Z,2025-01-10T22:30:00Z,FALSE
19.1,2025-01-11,33.586,13,2025-01-11T04:30:00Z,2025-01-11T23:00:00Z,FALSE
19.1,2025-01-12,31.5217,10,2025-01-12T03:00:00Z,2025-01-12T17:30:00Z,FALSE
19.1,2025-01-13,16.224,1,2025-01-13T01:30:00Z,2025-01-13T01:30:00Z,FALSE
19.1,2025-01-14,3.761,5,2025-01-14T13:30:00Z,2025-01-14T22:00:00Z,FALSE
19.1,2025-01-15,5.376250000000001,4,2025-01-15T02:30:00Z,2025-01-15T09:00:00Z,FALSE
19.1,2025-01-16,24.23475,4,2025-01-16T04:30:00Z,2025-01-17T00:00:00Z,FALSE
19.1,2025-01-17,41.937333333333335,3,2025-01-17T01:30:00Z,2025-01-17T07:00:00Z,FALSE
19.1,2025-01-19,1.98625,4,2025-01-19T09:00:00Z,2025-01-19T21:30:00Z,FALSE
19.1,2025-01-20,3.6004,10,2025-01-20T01:30:00Z,2025-01-20T23:30:00Z,FALSE
19.1,2025-01-21,3.669,16,2025-01-21T01:00:00Z,2025-01-22T00:00:00Z,FALSE
19.1,2025-01-22,3.3714,10,2025-01-22T01:30:00Z,2025-01-22T20:00:00Z,FALSE
19.1,2025-01-23,10.59375,12,2025-01-23T02:00:00Z,2025-01-24T00:00:00Z,FALSE
19.1,2025-01-24,6.25076923076923,13,2025-01-24T01:30:00Z,2025-01-24T23:00:00Z,FALSE
19.1,2025-01-25,10.434818181818182,11,2025-01-25T01:00:00Z,2025-01-25T18:00:00Z,FALSE
19.1,2025-01-26,10.7725,2,2025-01-26T05:00:00Z,2025-01-26T06:00:00Z,FALSE
19.1,2025-01-27,7.031666666666667,3,2025-01-27T07:00:00Z,2025-01-27T10:30:00Z,FALSE
19.1,2025-01-28,7.8185,4,2025-01-28T03:00:00Z,2025-01-28T23:00:00Z,FALSE
19.1,2025-01-29,5.5865,2,2025-01-29T00:30:00Z,2025-01-29T01:30:00Z,FALSE
19.1,2025-02-01,1.679,8,2025-02-01T10:00:00Z,2025-02-01T23:30:00Z,FALSE
19.1,2025-02-02,4.716,7,2025-02-02T01:30:00Z,2025-02-02T16:30:00Z,FALSE
19.1,2025-02-04,11.266,2,2025-02-04T20:00:00Z,2025-02-04T21:00:00Z,FALSE
19.1,2025-02-05,3.1335,2,2025-02-05T00:30:00Z,2025-02-05T08:00:00Z,FALSE
19.1,2025-02-08,16.5855,2,2025-02-08T11:30:00Z,2025-02-08T13:00:00Z,FALSE
19.1,2025-02-09,14.5,1,2025-02-09T16:00:00Z,2025-02-09T16:00:00Z,FALSE
19.1,2025-02-10,9.217,2,2025-02-10T12:00:00Z,2025-02-10T13:30:00Z,FALSE
19.1,2025-02-11,33.914,1,2025-02-11T13:30:00Z,2025-02-11T13:30:00Z,FALSE
19.1,2025-02-12,19.0993,10,2025-02-12T02:00:00Z,2025-02-12T14:30:00Z,FALSE
19.1,2025-02-13,12.109,6,2025-02-13T16:30:00Z,2025-02-14T00:00:00Z,FALSE
19.1,2025-02-14,8.438090909090908,11,2025-02-14T07:00:00Z,2025-02-15T00:00:00Z,FALSE
19.1,2025-02-15,9.375,6,2025-02-15T00:30:00Z,2025-02-15T10:00:00Z,FALSE
19.1,2025-02-16,7.971,1,2025-02-16T22:30:00Z,2025-02-16T22:30:00Z,FALSE
19.1,2025-02-17,4.758,4,2025-02-17T03:30:00Z,2025-02-17T18:30:00Z,FALSE
19.1,2025-02-18,3.7535,6,2025-02-18T05:00:00Z,2025-02-18T13:00:00Z,FALSE
19.1,2025-02-19,3.4265,2,2025-02-19T04:30:00Z,2025-02-19T17:30:00Z,FALSE
19.1,2025-02-20,8.25,2,2025-02-20T09:00:00Z,2025-02-20T09:30:00Z,FALSE
19.1,2025-02-21,2.9465000000000003,2,2025-02-21T12:00:00Z,2025-02-21T19:00:00Z,FALSE
19.1,2025-02-22,20.90475,4,2025-02-22T10:30:00Z,2025-02-22T13:30:00Z,FALSE
19.1,2025-02-23,9.17375,4,2025-02-23T09:00:00Z,2025-02-23T14:30:00Z,FALSE
19.1,2025-03-01,2.23,5,2025-03-01T18:00:00Z,2025-03-01T23:30:00Z,FALSE
19.1,2025-03-02,3.0809166666666665,12,2025-03-02T00:30:00Z,2025-03-02T22:30:00Z,FALSE
19.1,2025-03-03,7.54725,8,2025-03-03T01:30:00Z,2025-03-03T12:00:00Z,FALSE
19.1,2025-03-08,1.2253333333333334,3,2025-03-08T13:00:00Z,2025-03-08T16:00:00Z,FALSE
19.1,2025-03-18,6.7554,5,2025-03-18T00:30:00Z,2025-03-18T22:00:00Z,FALSE
19.1,2025-03-20,2.126,1,2025-03-20T03:30:00Z,2025-03-20T03:30:00Z,FALSE
19.1,2025-03-22,4.566666666666666,6,2025-03-22T05:00:00Z,2025-03-23T00:00:00Z,FALSE
19.1,2025-03-23,4.584375,8,2025-03-23T04:00:00Z,2025-03-23T21:30:00Z,FALSE
19.1,2025-03-24,6.664941176470588,17,2025-03-24T04:00:00Z,2025-03-24T23:00:00Z,FALSE
19.1,2025-03-25,7.469166666666666,6,2025-03-25T02:30:00Z,2025-03-25T20:00:00Z,FALSE
19.1,2025-03-26,3.5075000000000003,2,2025-03-26T04:00:00Z,2025-03-26T21:30:00Z,FALSE
19.1,2025-03-27,5.547461538461539,13,2025-03-27T01:00:00Z,2025-03-27T18:30:00Z,FALSE
19.1,2025-03-28,15.023,2,2025-03-28T20:00:00Z,2025-03-28T23:00:00Z,FALSE
19.1,2025-03-29,10.53375,8,2025-03-29T02:00:00Z,2025-03-30T00:00:00Z,FALSE
19.1,2025-03-30,13.570428571428572,7,2025-03-30T01:00:00Z,2025-03-30T22:30:00Z,FALSE
19.1,2025-03-31,8.046624999999999,8,2025-03-31T08:00:00Z,2025-04-01T00:00:00Z,FALSE
19.1,2025-04-01,5.656142857142857,7,2025-04-01T02:30:00Z,2025-04-02T00:00:00Z,FALSE
19.1,2025-04-02,5.45,1,2025-04-02T21:00:00Z,2025-04-02T21:00:00Z,FALSE
19.1,2025-04-04,2.088,1,2025-04-04T02:30:00Z,2025-04-04T02:30:00Z,FALSE
19.1,2025-04-06,2.9411666666666667,6,2025-04-06T10:30:00Z,2025-04-06T22:30:00Z,FALSE
19.1,2025-04-07,6.742,3,2025-04-07T14:00:00Z,2025-04-08T00:00:00Z,FALSE
19.1,2025-04-08,3.3708,15,2025-04-08T00:30:00Z,2025-04-08T23:00:00Z,FALSE
19.1,2025-04-09,3.3998,5,2025-04-09T03:00:00Z,2025-04-09T23:00:00Z,FALSE
19.1,2025-04-10,21.529555555555554,9,2025-04-10T02:30:00Z,2025-04-11T00:00:00Z,FALSE
19.1,2025-04-11,11.668714285714286,7,2025-04-11T00:30:00Z,2025-04-12T00:00:00Z,FALSE
19.1,2025-04-12,5.4638,5,2025-04-12T01:00:00Z,2025-04-13T00:00:00Z,FALSE
19.1,2025-04-13,9.2165625,16,2025-04-13T01:00:00Z,2025-04-13T23:00:00Z,FALSE
19.1,2025-04-14,4.7327272727272724,11,2025-04-14T00:30:00Z,2025-04-14T22:00:00Z,FALSE
19.1,2025-04-15,3.7712857142857144,7,2025-04-15T01:00:00Z,2025-04-16T00:00:00Z,FALSE
19.1,2025-04-16,3.646777777777778,9,2025-04-16T07:00:00Z,2025-04-16T19:30:00Z,FALSE
19.1,2025-04-17,8.256,7,2025-04-17T02:30:00Z,2025-04-17T23:30:00Z,FALSE
19.1,2025-04-18,6.95125,4,2025-04-18T03:30:00Z,2025-04-18T22:30:00Z,FALSE
19.1,2025-04-22,2.008,3,2025-04-22T11:00:00Z,2025-04-23T00:00:00Z,FALSE
19.1,2025-04-24,4.372,1,2025-04-24T20:30:00Z,2025-04-24T20:30:00Z,FALSE
19.1,2025-04-25,5.72375,4,2025-04-25T05:00:00Z,2025-04-25T23:30:00Z,FALSE
19.1,2025-04-26,2.0625,2,2025-04-26T21:30:00Z,2025-04-26T22:30:00Z,FALSE
19.1,2025-04-27,6.96,3,2025-04-27T03:00:00Z,2025-04-27T14:00:00Z,FALSE
19.1,2025-04-28,3.3058,5,2025-04-28T00:30:00Z,2025-04-28T20:30:00Z,FALSE
19.1,2025-04-29,7.796142857142857,7,2025-04-29T04:30:00Z,2025-04-29T23:00:00Z,FALSE
19.1,2025-04-30,1.8456,5,2025-04-30T00:30:00Z,2025-04-30T23:00:00Z,FALSE
19.1,2025-05-01,8.964500000000001,6,2025-05-01T04:00:00Z,2025-05-01T22:00:00Z,FALSE
19.1,2025-05-02,5.0435,8,2025-05-02T01:00:00Z,2025-05-02T23:30:00Z,FALSE
19.1,2025-05-03,8.910571428571428,7,2025-05-03T00:30:00Z,2025-05-03T19:30:00Z,FALSE
19.1,2025-05-05,18.1955,4,2025-05-05T05:30:00Z,2025-05-05T23:00:00Z,FALSE
19.1,2025-05-06,6.4704999999999995,2,2025-05-06T06:00:00Z,2025-05-06T12:30:00Z,FALSE
19.1,2025-05-07,12.5716,5,2025-05-07T06:00:00Z,2025-05-07T18:00:00Z,FALSE
19.1,2025-05-08,15.018,1,2025-05-08T16:00:00Z,2025-05-08T16:00:00Z,FALSE
19.1,2025-05-09,9.68825,4,2025-05-09T00:30:00Z,2025-05-09T13:30:00Z,FALSE
19.1,2025-05-10,4.529538461538461,13,2025-05-10T04:00:00Z,2025-05-10T23:30:00Z,FALSE
19.1,2025-05-11,4.6574285714285715,7,2025-05-11T03:30:00Z,2025-05-11T15:00:00Z,FALSE
19.1,2025-05-12,6.868125,8,2025-05-12T02:30:00Z,2025-05-13T00:00:00Z,FALSE
19.1,2025-05-13,5.46625,8,2025-05-13T04:00:00Z,2025-05-13T11:30:00Z,FALSE
19.1,2025-05-14,2.6697142857142855,7,2025-05-14T01:00:00Z,2025-05-14T16:00:00Z,FALSE
19.1,2025-05-15,8.002214285714286,14,2025-05-15T01:00:00Z,2025-05-15T18:00:00Z,FALSE
19.1,2025-05-16,9.8308,5,2025-05-16T06:00:00Z,2025-05-16T11:00:00Z,FALSE
19.1,2025-05-19,3.3307142857142855,14,2025-05-19T17:30:00Z,2025-05-20T00:00:00Z,FALSE
19.1,2025-05-20,5.909142857142857,35,2025-05-20T00:30:00Z,2025-05-20T17:30:00Z,FALSE
19.2,2025-05-30,8.165333333333333,9,2025-05-30T16:00:00Z,2025-05-31T00:00:00Z,FALSE
19.2,2025-05-31,20.1515,10,2025-05-31T00:30:00Z,2025-06-01T00:00:00Z,FALSE
19.2,2025-06-01,9.490058823529411,34,2025-06-01T00:30:00Z,2025-06-02T00:00:00Z,FALSE
19.2,2025-06-02,4.270296296296297,27,2025-06-02T01:30:00Z,2025-06-02T23:00:00Z,FALSE
19.2,2025-06-03,7.99923076923077,26,2025-06-03T00:30:00Z,2025-06-03T23:30:00Z,FALSE
19.2,2025-06-04,23.009700000000002,20,2025-06-04T01:00:00Z,2025-06-04T23:30:00Z,FALSE
19.2,2025-06-05,32.65889473684211,38,2025-06-05T01:00:00Z,2025-06-06T00:00:00Z,TRUE
19.2,2025-06-06,25.248375,16,2025-06-06T10:00:00Z,2025-06-06T23:30:00Z,FALSE
19.2,2025-06-07,118.96799999999999,2,2025-06-07T01:30:00Z,2025-06-07T02:30:00Z,FALSE
19.2,2025-06-08,33.48657142857143,14,2025-06-08T14:30:00Z,2025-06-09T00:00:00Z,FALSE
19.2,2025-06-09,27.1765,20,2025-06-09T01:00:00Z,2025-06-09T22:00:00Z,FALSE
19.2,2025-06-10,10.823888888888888,9,2025-06-10T01:00:00Z,2025-06-10T23:30:00Z,FALSE
19.2,2025-06-11,16.769625,8,2025-06-11T02:30:00Z,2025-06-11T14:30:00Z,FALSE
19.2,2025-06-12,25.670176470588235,17,2025-06-12T02:30:00Z,2025-06-13T00:00:00Z,FALSE
19.2,2025-06-13,27.04611111111111,18,2025-06-13T02:00:00Z,2025-06-13T21:30:00Z,FALSE
19.2,2025-06-14,17.870166666666666,6,2025-06-14T01:00:00Z,2025-06-14T03:30:00Z,FALSE
19.2,2025-06-15,11.53275,8,2025-06-15T04:00:00Z,2025-06-15T14:30:00Z,FALSE
19.2,2025-06-16,10.85925,16,2025-06-16T00:30:00Z,2025-06-16T22:00:00Z,FALSE
19.2,2025-06-17,14.669368421052631,19,2025-06-17T01:30:00Z,2025-06-17T18:30:00Z,FALSE
19.2,2025-06-18,18.569000000000003,2,2025-06-18T07:00:00Z,2025-06-18T11:30:00Z,FALSE
19.2,2025-06-19,12.93675,4,2025-06-19T20:30:00Z,2025-06-19T23:00:00Z,FALSE
19.2,2025-06-20,9.189571428571428,7,2025-06-20T04:00:00Z,2025-06-20T22:30:00Z,FALSE
19.2,2025-06-21,12.620833333333334,6,2025-06-21T09:30:00Z,2025-06-21T16:00:00Z,FALSE
19.2,2025-06-22,8.4794,5,2025-06-22T04:00:00Z,2025-06-22T21:00:00Z,FALSE
19.2,2025-06-23,12.339,4,2025-06-23T01:30:00Z,2025-06-23T11:30:00Z,FALSE
19.2,2025-06-25,18.028,1,2025-06-25T01:30:00Z,2025-06-25T01:30:00Z,FALSE
19.2,2025-07-16,26.3395,2,2025-07-16T17:30:00Z,2025-07-16T19:30:00Z,FALSE
19.2,2025-07-17,26.37,1,2025-07-17T00:30:00Z,2025-07-17T00:30:00Z,FALSE
19.2,2025-07-28,15.755125,8,2025-07-28T02:00:00Z,2025-07-28T14:30:00Z,FALSE
19.2,2025-07-30,27.044,5,2025-07-30T03:00:00Z,2025-07-30T18:00:00Z,FALSE
19.2,2025-07-31,66.9,3,2025-07-31T04:30:00Z,2025-07-31T08:30:00Z,FALSE
19.2,2025-08-13,2.976,2,2025-08-13T15:00:00Z,2025-08-13T16:30:00Z,FALSE
19.2,2025-08-14,13.9265,2,2025-08-14T01:30:00Z,2025-08-14T02:00:00Z,FALSE
19.2,2025-08-19,9.666,3,2025-08-19T18:30:00Z,2025-08-19T22:30:00Z,FALSE
19.2,2025-08-20,23.387,10,2025-08-20T12:00:00Z,2025-08-20T20:00:00Z,FALSE
19.2,2025-08-21,4.895555555555556,9,2025-08-21T01:00:00Z,2025-08-21T23:00:00Z,FALSE
19.2,2025-08-22,6.4235,10,2025-08-22T01:30:00Z,2025-08-22T20:30:00Z,FALSE
19.2,2025-08-23,9.2639,10,2025-08-23T01:30:00Z,2025-08-24T00:00:00Z,FALSE
19.2,2025-08-24,7.041333333333333,21,2025-08-24T00:30:00Z,2025-08-24T23:00:00Z,FALSE
19.2,2025-08-25,4.711952380952381,21,2025-08-25T00:30:00Z,2025-08-25T23:30:00Z,FALSE
19.2,2025-08-26,8.254076923076923,13,2025-08-26T02:00:00Z,2025-08-26T19:00:00Z,FALSE
19.2,2025-08-27,6.448941176470588,17,2025-08-27T00:30:00Z,2025-08-27T18:30:00Z,FALSE
19.2,2025-08-28,3.9943,10,2025-08-28T03:00:00Z,2025-08-28T23:00:00Z,FALSE
19.2,2025-08-29,12.782214285714286,14,2025-08-29T02:30:00Z,2025-08-29T20:00:00Z,FALSE
19.2,2025-08-30,2.7294,10,2025-08-30T02:30:00Z,2025-08-30T21:30:00Z,FALSE
19.2,2025-08-31,6.194,1,2025-08-31T00:30:00Z,2025-08-31T00:30:00Z,FALSE
19.2,2025-09-04,8.422,12,2025-09-04T10:30:00Z,2025-09-04T22:30:00Z,FALSE
19.2,2025-09-05,22.513,5,2025-09-05T01:30:00Z,2025-09-06T00:00:00Z,FALSE
19.2,2025-09-06,5.6435625,16,2025-09-06T00:30:00Z,2025-09-06T21:30:00Z,FALSE
19.2,2025-09-07,5.661833333333333,12,2025-09-07T00:30:00Z,2025-09-08T00:00:00Z,FALSE
19.2,2025-09-08,5.209583333333334,12,2025-09-08T02:00:00Z,2025-09-09T00:00:00Z,FALSE
19.2,2025-09-09,3.5272,5,2025-09-09T04:00:00Z,2025-09-09T09:30:00Z,FALSE
19.2,2025-09-10,3.29375,4,2025-09-10T07:00:00Z,2025-09-11T00:00:00Z,FALSE
19.2,2025-09-11,6.103,17,2025-09-11T01:00:00Z,2025-09-11T22:00:00Z,FALSE
19.2,2025-09-12,15.049454545454545,11,2025-09-12T05:00:00Z,2025-09-12T20:30:00Z,FALSE
19.2,2025-09-13,10.07011111111111,18,2025-09-13T00:30:00Z,2025-09-13T23:30:00Z,FALSE
19.2,2025-09-14,21.226399999999998,15,2025-09-14T01:00:00Z,2025-09-14T23:30:00Z,FALSE
19.2,2025-10-01,1.84025,4,2025-10-01T04:30:00Z,2025-10-01T10:30:00Z,FALSE
20.1,2024-10-31,1.778,1,2024-11-01T00:00:00Z,2024-11-01T00:00:00Z,FALSE
20.1,2024-11-01,3.1938333333333335,48,2024-11-01T00:30:00Z,2024-11-02T00:00:00Z,TRUE
20.1,2024-11-02,2.5454565217391303,46,2024-11-02T00:30:00Z,2024-11-03T00:00:00Z,TRUE
20.1,2024-11-03,3.999636363636364,44,2024-11-03T00:30:00Z,2024-11-04T00:00:00Z,TRUE
20.1,2024-11-04,3.8702045454545457,44,2024-11-04T00:30:00Z,2024-11-05T00:00:00Z,TRUE
20.1,2024-11-05,3.564978260869565,46,2024-11-05T00:30:00Z,2024-11-06T00:00:00Z,TRUE
20.1,2024-11-06,6.388809523809524,42,2024-11-06T00:30:00Z,2024-11-07T00:00:00Z,TRUE
20.1,2024-11-07,4.505723404255319,47,2024-11-07T00:30:00Z,2024-11-08T00:00:00Z,TRUE
20.1,2024-11-08,9.71572340425532,47,2024-11-08T00:30:00Z,2024-11-09T00:00:00Z,TRUE
20.1,2024-11-09,3.056042553191489,47,2024-11-09T00:30:00Z,2024-11-10T00:00:00Z,TRUE
20.1,2024-11-10,9.714636363636364,44,2024-11-10T00:30:00Z,2024-11-11T00:00:00Z,TRUE
20.1,2024-11-11,4.8406,45,2024-11-11T00:30:00Z,2024-11-12T00:00:00Z,TRUE
20.1,2024-11-12,2.0209555555555556,45,2024-11-12T00:30:00Z,2024-11-13T00:00:00Z,TRUE
20.1,2024-11-13,2.4133953488372093,43,2024-11-13T00:30:00Z,2024-11-14T00:00:00Z,TRUE
20.1,2024-11-14,3.5987659574468083,47,2024-11-14T00:30:00Z,2024-11-15T00:00:00Z,TRUE
20.1,2024-11-15,16.023347826086958,46,2024-11-15T00:30:00Z,2024-11-16T00:00:00Z,TRUE
20.1,2024-11-16,3.542595744680851,47,2024-11-16T00:30:00Z,2024-11-17T00:00:00Z,TRUE
20.1,2024-11-17,10.162604166666666,48,2024-11-17T00:30:00Z,2024-11-18T00:00:00Z,TRUE
20.1,2024-11-18,20.932978723404254,47,2024-11-18T00:30:00Z,2024-11-19T00:00:00Z,TRUE
20.1,2024-11-19,14.262125,48,2024-11-19T00:30:00Z,2024-11-20T00:00:00Z,TRUE
20.1,2024-11-20,6.060893617021277,47,2024-11-20T00:30:00Z,2024-11-21T00:00:00Z,TRUE
20.1,2024-11-21,4.408829787234042,47,2024-11-21T00:30:00Z,2024-11-22T00:00:00Z,TRUE
20.1,2024-11-22,8.384636363636364,44,2024-11-22T00:30:00Z,2024-11-23T00:00:00Z,TRUE
20.1,2024-11-23,2.0305833333333334,48,2024-11-23T00:30:00Z,2024-11-24T00:00:00Z,TRUE
20.1,2024-11-24,15.88463043478261,46,2024-11-24T00:30:00Z,2024-11-25T00:00:00Z,TRUE
20.1,2024-11-25,14.065674418604651,43,2024-11-25T00:30:00Z,2024-11-26T00:00:00Z,TRUE
20.1,2024-11-26,11.161243902439024,41,2024-11-26T01:00:00Z,2024-11-27T00:00:00Z,TRUE
20.1,2024-11-27,6.343886363636364,44,2024-11-27T00:30:00Z,2024-11-28T00:00:00Z,TRUE
20.1,2024-11-28,9.34376595744681,47,2024-11-28T01:00:00Z,2024-11-29T00:00:00Z,TRUE
20.1,2024-11-29,8.908068181818182,44,2024-11-29T00:30:00Z,2024-11-30T00:00:00Z,TRUE
20.1,2024-11-30,9.472181818181818,44,2024-11-30T00:30:00Z,2024-12-01T00:00:00Z,TRUE
20.1,2024-12-01,7.520309523809524,42,2024-12-01T00:30:00Z,2024-12-02T00:00:00Z,TRUE
20.1,2024-12-02,14.247217391304348,46,2024-12-02T00:30:00Z,2024-12-03T00:00:00Z,TRUE
20.1,2024-12-03,14.161785714285715,42,2024-12-03T00:30:00Z,2024-12-04T00:00:00Z,TRUE
20.1,2024-12-04,13.150424242424242,33,2024-12-04T00:30:00Z,2024-12-05T00:00:00Z,FALSE
20.1,2024-12-05,7.521155555555556,45,2024-12-05T00:30:00Z,2024-12-06T00:00:00Z,TRUE
20.1,2024-12-06,3.4485777777777775,45,2024-12-06T00:30:00Z,2024-12-07T00:00:00Z,TRUE
20.1,2024-12-07,4.670644444444444,45,2024-12-07T00:30:00Z,2024-12-08T00:00:00Z,TRUE
20.1,2024-12-08,7.239159090909091,44,2024-12-08T00:30:00Z,2024-12-09T00:00:00Z,TRUE
20.1,2024-12-09,6.5884418604651165,43,2024-12-09T00:30:00Z,2024-12-10T00:00:00Z,TRUE
20.1,2024-12-10,30.257128205128204,39,2024-12-10T00:30:00Z,2024-12-11T00:00:00Z,TRUE
20.1,2024-12-11,27.860477272727273,44,2024-12-11T00:30:00Z,2024-12-12T00:00:00Z,TRUE
20.1,2024-12-12,7.485755555555557,45,2024-12-12T00:30:00Z,2024-12-13T00:00:00Z,TRUE
20.1,2024-12-13,5.521357142857143,42,2024-12-13T00:30:00Z,2024-12-13T23:30:00Z,TRUE
20.1,2024-12-14,8.9604,45,2024-12-14T00:30:00Z,2024-12-15T00:00:00Z,TRUE
20.1,2024-12-15,12.74936170212766,47,2024-12-15T00:30:00Z,2024-12-16T00:00:00Z,TRUE
20.1,2024-12-16,10.440590909090908,44,2024-12-16T00:30:00Z,2024-12-17T00:00:00Z,TRUE
20.1,2024-12-17,13.249825,40,2024-12-17T00:30:00Z,2024-12-18T00:00:00Z,TRUE
20.1,2024-12-18,37.58859574468085,47,2024-12-18T00:30:00Z,2024-12-19T00:00:00Z,TRUE
20.1,2024-12-19,7.994295454545455,44,2024-12-19T00:30:00Z,2024-12-20T00:00:00Z,TRUE
20.1,2024-12-20,15.525595744680851,47,2024-12-20T00:30:00Z,2024-12-21T00:00:00Z,TRUE
20.1,2024-12-21,3.2328666666666672,45,2024-12-21T00:30:00Z,2024-12-22T00:00:00Z,TRUE
20.1,2024-12-22,2.6256666666666666,33,2024-12-22T01:00:00Z,2024-12-23T00:00:00Z,FALSE
20.1,2024-12-23,4.703255813953488,43,2024-12-23T00:30:00Z,2024-12-24T00:00:00Z,TRUE
20.1,2024-12-24,23.774229166666665,48,2024-12-24T00:30:00Z,2024-12-25T00:00:00Z,TRUE
20.1,2024-12-25,21.984568181818183,44,2024-12-25T00:30:00Z,2024-12-26T00:00:00Z,TRUE
20.1,2024-12-26,13.681234042553191,47,2024-12-26T00:30:00Z,2024-12-27T00:00:00Z,TRUE
20.1,2024-12-27,11.101354166666667,48,2024-12-27T00:30:00Z,2024-12-28T00:00:00Z,TRUE
20.1,2024-12-28,5.451755555555556,45,2024-12-28T00:30:00Z,2024-12-29T00:00:00Z,TRUE
20.1,2024-12-29,7.336604651162791,43,2024-12-29T00:30:00Z,2024-12-30T00:00:00Z,TRUE
20.1,2024-12-30,4.659769230769231,39,2024-12-30T00:30:00Z,2024-12-31T00:00:00Z,TRUE
20.1,2024-12-31,10.451978723404256,47,2024-12-31T00:30:00Z,2025-01-01T00:00:00Z,TRUE
20.1,2025-01-01,8.869829268292683,41,2025-01-01T00:30:00Z,2025-01-01T23:30:00Z,TRUE
20.1,2025-01-02,10.444260869565218,46,2025-01-02T00:30:00Z,2025-01-03T00:00:00Z,TRUE
20.1,2025-01-03,11.878021739130435,46,2025-01-03T00:30:00Z,2025-01-04T00:00:00Z,TRUE
20.1,2025-01-04,2.1814883720930234,43,2025-01-04T00:30:00Z,2025-01-05T00:00:00Z,TRUE
20.1,2025-01-05,7.5600645161290325,31,2025-01-05T00:30:00Z,2025-01-06T00:00:00Z,FALSE
20.1,2025-01-06,6.1030625,32,2025-01-06T00:30:00Z,2025-01-07T00:00:00Z,FALSE
20.1,2025-01-07,2.49545,40,2025-01-07T00:30:00Z,2025-01-08T00:00:00Z,TRUE
20.1,2025-01-08,2.5975675675675673,37,2025-01-08T00:30:00Z,2025-01-09T00:00:00Z,TRUE
20.1,2025-01-09,3.0382093023255816,43,2025-01-09T01:00:00Z,2025-01-10T00:00:00Z,TRUE
20.1,2025-01-10,14.564037037037037,27,2025-01-10T00:30:00Z,2025-01-11T00:00:00Z,FALSE
20.1,2025-01-11,30.427394736842107,38,2025-01-11T00:30:00Z,2025-01-12T00:00:00Z,TRUE
20.1,2025-01-12,22.252738095238097,42,2025-01-12T00:30:00Z,2025-01-13T00:00:00Z,TRUE
20.1,2025-01-13,7.9972391304347825,46,2025-01-13T00:30:00Z,2025-01-14T00:00:00Z,TRUE
20.1,2025-01-14,5.4496,35,2025-01-14T00:30:00Z,2025-01-14T20:30:00Z,FALSE
20.1,2025-01-15,6.7216249999999995,32,2025-01-15T02:00:00Z,2025-01-15T23:30:00Z,FALSE
20.1,2025-01-16,22.413846153846155,39,2025-01-16T00:30:00Z,2025-01-17T00:00:00Z,TRUE
20.1,2025-01-17,27.796533333333333,45,2025-01-17T00:30:00Z,2025-01-18T00:00:00Z,TRUE
20.1,2025-01-18,6.0988,40,2025-01-18T00:30:00Z,2025-01-19T00:00:00Z,TRUE
20.1,2025-01-19,2.8767391304347827,46,2025-01-19T00:30:00Z,2025-01-20T00:00:00Z,TRUE
20.1,2025-01-20,3.4870833333333335,36,2025-01-20T00:30:00Z,2025-01-21T00:00:00Z,TRUE
20.1,2025-01-21,5.313944444444444,18,2025-01-21T00:30:00Z,2025-01-22T00:00:00Z,FALSE
20.1,2025-01-22,4.4082333333333334,30,2025-01-22T00:30:00Z,2025-01-23T00:00:00Z,FALSE
20.1,2025-01-23,9.523102564102564,39,2025-01-23T00:30:00Z,2025-01-24T00:00:00Z,TRUE
20.1,2025-01-24,5.6725,36,2025-01-24T01:00:00Z,2025-01-25T00:00:00Z,TRUE
20.1,2025-01-25,14.294344827586206,29,2025-01-25T00:30:00Z,2025-01-26T00:00:00Z,FALSE
20.1,2025-01-26,7.753851063829788,47,2025-01-26T00:30:00Z,2025-01-27T00:00:00Z,TRUE
20.1,2025-01-27,5.353644444444444,45,2025-01-27T00:30:00Z,2025-01-28T00:00:00Z,TRUE
20.1,2025-01-28,5.184765957446809,47,2025-01-28T00:30:00Z,2025-01-29T00:00:00Z,TRUE
20.1,2025-01-29,4.388780487804878,41,2025-01-29T01:00:00Z,2025-01-30T00:00:00Z,TRUE
20.1,2025-01-30,5.245,42,2025-01-30T00:30:00Z,2025-01-31T00:00:00Z,TRUE
20.1,2025-01-31,7.13925,36,2025-01-31T00:30:00Z,2025-01-31T20:00:00Z,TRUE
20.1,2025-02-01,3.5879714285714286,35,2025-02-01T04:00:00Z,2025-02-02T00:00:00Z,FALSE
20.1,2025-02-02,7.727978260869565,46,2025-02-02T00:30:00Z,2025-02-03T00:00:00Z,TRUE
20.1,2025-02-03,30.398155555555554,45,2025-02-03T00:30:00Z,2025-02-04T00:00:00Z,TRUE
20.1,2025-02-04,9.773048780487803,41,2025-02-04T00:30:00Z,2025-02-05T00:00:00Z,TRUE
20.1,2025-02-05,2.421104166666667,48,2025-02-05T00:30:00Z,2025-02-06T00:00:00Z,TRUE
20.1,2025-02-06,12.907750000000002,40,2025-02-06T00:30:00Z,2025-02-07T00:00:00Z,TRUE
20.1,2025-02-07,5.285854166666667,48,2025-02-07T00:30:00Z,2025-02-08T00:00:00Z,TRUE
20.1,2025-02-08,9.799521739130435,46,2025-02-08T00:30:00Z,2025-02-09T00:00:00Z,TRUE
20.1,2025-02-09,16.87802272727273,44,2025-02-09T00:30:00Z,2025-02-10T00:00:00Z,TRUE
20.1,2025-02-10,8.4010625,48,2025-02-10T00:30:00Z,2025-02-11T00:00:00Z,TRUE
20.1,2025-02-11,18.722755555555555,45,2025-02-11T00:30:00Z,2025-02-12T00:00:00Z,TRUE
20.1,2025-02-12,22.910045454545454,44,2025-02-12T00:30:00Z,2025-02-12T23:30:00Z,TRUE
20.1,2025-02-13,15.67155319148936,47,2025-02-13T00:30:00Z,2025-02-14T00:00:00Z,TRUE
20.1,2025-02-14,8.191891304347827,46,2025-02-14T00:30:00Z,2025-02-15T00:00:00Z,TRUE
20.1,2025-02-15,11.223264705882352,34,2025-02-15T00:30:00Z,2025-02-16T00:00:00Z,FALSE
20.1,2025-02-16,15.373842105263158,38,2025-02-16T00:30:00Z,2025-02-17T00:00:00Z,TRUE
20.1,2025-02-17,4.900395348837209,43,2025-02-17T00:30:00Z,2025-02-18T00:00:00Z,TRUE
20.1,2025-02-18,3.7211555555555553,45,2025-02-18T00:30:00Z,2025-02-19T00:00:00Z,TRUE
20.1,2025-02-19,3.563282608695652,46,2025-02-19T00:30:00Z,2025-02-20T00:00:00Z,TRUE
20.1,2025-02-20,6.127282608695652,46,2025-02-20T00:30:00Z,2025-02-21T00:00:00Z,TRUE
20.1,2025-02-21,4.056688888888889,45,2025-02-21T01:00:00Z,2025-02-22T00:00:00Z,TRUE
20.1,2025-02-22,13.941459459459459,37,2025-02-22T00:30:00Z,2025-02-23T00:00:00Z,TRUE
20.1,2025-02-23,11.218895833333333,48,2025-02-23T00:30:00Z,2025-02-24T00:00:00Z,TRUE
20.1,2025-02-24,11.531760869565218,46,2025-02-24T00:30:00Z,2025-02-24T23:30:00Z,TRUE
20.1,2025-02-25,9.095904761904762,42,2025-02-25T00:30:00Z,2025-02-26T00:00:00Z,TRUE
20.1,2025-02-26,17.33793023255814,43,2025-02-26T00:30:00Z,2025-02-27T00:00:00Z,TRUE
20.1,2025-02-27,25.249875,16,2025-02-27T00:30:00Z,2025-02-28T00:00:00Z,FALSE
20.1,2025-02-28,18.14446511627907,43,2025-02-28T00:30:00Z,2025-03-01T00:00:00Z,TRUE
20.1,2025-03-01,2.5838297872340426,47,2025-03-01T00:30:00Z,2025-03-02T00:00:00Z,TRUE
20.1,2025-03-02,3.3015909090909092,44,2025-03-02T00:30:00Z,2025-03-03T00:00:00Z,TRUE
20.1,2025-03-03,6.543928571428571,42,2025-03-03T00:30:00Z,2025-03-04T00:00:00Z,TRUE
20.1,2025-03-04,5.522489361702128,47,2025-03-04T00:30:00Z,2025-03-05T00:00:00Z,TRUE
20.1,2025-03-05,4.439152173913044,46,2025-03-05T00:30:00Z,2025-03-06T00:00:00Z,TRUE
20.1,2025-03-06,1.9932619047619047,42,2025-03-06T00:30:00Z,2025-03-06T23:30:00Z,TRUE
20.1,2025-03-07,6.492717391304348,46,2025-03-07T01:00:00Z,2025-03-08T00:00:00Z,TRUE
20.1,2025-03-08,10.875478260869565,46,2025-03-08T00:30:00Z,2025-03-09T00:00:00Z,TRUE
20.1,2025-03-09,5.720295454545455,44,2025-03-09T00:30:00Z,2025-03-10T00:00:00Z,TRUE
20.1,2025-03-10,4.4568125,48,2025-03-10T00:30:00Z,2025-03-11T00:00:00Z,TRUE
20.1,2025-03-11,4.992595238095237,42,2025-03-11T00:30:00Z,2025-03-11T21:00:00Z,TRUE
20.1,2025-05-08,7.375555555555556,9,2025-05-08T02:00:00Z,2025-05-09T00:00:00Z,FALSE
20.1,2025-05-09,6.169604651162791,43,2025-05-09T00:30:00Z,2025-05-10T00:00:00Z,TRUE
20.1,2025-05-10,3.8251818181818185,33,2025-05-10T01:00:00Z,2025-05-10T17:00:00Z,FALSE
20.1,2025-05-11,4.02219512195122,41,2025-05-11T01:00:00Z,2025-05-12T00:00:00Z,TRUE
20.1,2025-05-12,4.001035714285714,28,2025-05-12T00:30:00Z,2025-05-12T14:30:00Z,FALSE
20.1,2025-05-13,3.5468249999999997,40,2025-05-13T01:00:00Z,2025-05-14T00:00:00Z,TRUE
20.1,2025-05-14,2.4076521739130436,23,2025-05-14T00:30:00Z,2025-05-15T00:00:00Z,FALSE
20.1,2025-05-15,7.632941176470588,34,2025-05-15T00:30:00Z,2025-05-15T17:00:00Z,FALSE
20.1,2025-05-16,6.918285714285714,14,2025-05-16T07:30:00Z,2025-05-16T14:30:00Z,FALSE
20.1,2025-05-17,3.80784,25,2025-05-17T06:30:00Z,2025-05-18T00:00:00Z,FALSE
20.1,2025-05-18,4.273058823529412,34,2025-05-18T00:30:00Z,2025-05-19T00:00:00Z,FALSE
20.1,2025-05-19,4.101125000000001,40,2025-05-19T01:00:00Z,2025-05-20T00:00:00Z,TRUE
20.1,2025-05-20,3.508111111111111,27,2025-05-20T00:30:00Z,2025-05-21T00:00:00Z,FALSE
20.1,2025-05-21,6.24029268292683,41,2025-05-21T00:30:00Z,2025-05-22T00:00:00Z,TRUE
20.1,2025-05-22,4.200111111111111,36,2025-05-22T01:30:00Z,2025-05-23T00:00:00Z,TRUE
20.1,2025-05-23,1.867625,24,2025-05-23T00:30:00Z,2025-05-23T12:30:00Z,FALSE
20.2,2025-09-17,7.1915000000000004,12,2025-09-17T18:30:00Z,2025-09-18T00:00:00Z,FALSE
20.2,2025-09-18,10.324333333333334,48,2025-09-18T00:30:00Z,2025-09-19T00:00:00Z,TRUE
20.2,2025-09-19,11.191125000000001,48,2025-09-19T00:30:00Z,2025-09-20T00:00:00Z,TRUE
20.2,2025-09-20,3.8384468085106382,47,2025-09-20T00:30:00Z,2025-09-21T00:00:00Z,TRUE
20.2,2025-09-21,7.085833333333333,48,2025-09-21T00:30:00Z,2025-09-22T00:00:00Z,TRUE
20.2,2025-09-22,11.297052631578948,38,2025-09-22T00:30:00Z,2025-09-22T22:00:00Z,TRUE
20.2,2025-09-23,3.602190476190476,21,2025-09-23T14:00:00Z,2025-09-24T00:00:00Z,FALSE
20.2,2025-09-24,8.74554054054054,37,2025-09-24T00:30:00Z,2025-09-25T00:00:00Z,TRUE
20.2,2025-09-25,10.58475,4,2025-09-25T00:30:00Z,2025-09-25T06:30:00Z,FALSE
20.2,2025-09-26,6.36265,20,2025-09-26T14:30:00Z,2025-09-27T00:00:00Z,FALSE
20.2,2025-09-27,8.721020833333332,48,2025-09-27T00:30:00Z,2025-09-28T00:00:00Z,TRUE
20.2,2025-09-28,9.140083333333333,48,2025-09-28T00:30:00Z,2025-09-29T00:00:00Z,TRUE
20.2,2025-09-29,7.295125,48,2025-09-29T00:30:00Z,2025-09-30T00:00:00Z,TRUE
20.2,2025-09-30,6.022875,48,2025-09-30T00:30:00Z,2025-10-01T00:00:00Z,TRUE
20.2,2025-10-01,2.767354166666667,48,2025-10-01T00:30:00Z,2025-10-02T00:00:00Z,TRUE
20.2,2025-10-02,2.2676875,48,2025-10-02T00:30:00Z,2025-10-03T00:00:00Z,TRUE
20.2,2025-10-03,5.752354166666667,48,2025-10-03T00:30:00Z,2025-10-04T00:00:00Z,TRUE
20.2,2025-10-04,9.3695625,48,2025-10-04T00:30:00Z,2025-10-05T00:00:00Z,TRUE
20.2,2025-10-05,8.134291666666666,48,2025-10-05T00:30:00Z,2025-10-06T00:00:00Z,TRUE
20.2,2025-10-06,3.804479166666667,48,2025-10-06T00:30:00Z,2025-10-07T00:00:00Z,TRUE
20.2,2025-10-07,4.831878048780488,41,2025-10-07T00:30:00Z,2025-10-08T00:00:00Z,TRUE
20.2,2025-10-08,1.5036444444444446,45,2025-10-08T00:30:00Z,2025-10-09T00:00:00Z,TRUE
20.2,2025-10-09,1.5296666666666667,48,2025-10-09T00:30:00Z,2025-10-10T00:00:00Z,TRUE
20.2,2025-10-10,3.3509166666666665,48,2025-10-10T00:30:00Z,2025-10-11T00:00:00Z,TRUE
20.2,2025-10-11,2.6251458333333333,48,2025-10-11T00:30:00Z,2025-10-12T00:00:00Z,TRUE
20.2,2025-10-12,4.2316875,48,2025-10-12T00:30:00Z,2025-10-13T00:00:00Z,TRUE
20.2,2025-10-13,4.103340425531915,47,2025-10-13T00:30:00Z,2025-10-14T00:00:00Z,TRUE
20.2,2025-10-14,2.310020833333333,48,2025-10-14T00:30:00Z,2025-10-15T00:00:00Z,TRUE
20.2,2025-10-15,2.0584375,48,2025-10-15T00:30:00Z,2025-10-16T00:00:00Z,TRUE
20.2,2025-10-16,1.6161666666666668,48,2025-10-16T00:30:00Z,2025-10-17T00:00:00Z,TRUE
20.2,2025-10-17,3.272,48,2025-10-17T00:30:00Z,2025-10-18T00:00:00Z,TRUE
20.2,2025-10-18,4.131104166666666,48,2025-10-18T00:30:00Z,2025-10-19T00:00:00Z,TRUE
20.2,2025-10-19,7.2154375,48,2025-10-19T00:30:00Z,2025-10-20T00:00:00Z,TRUE
20.2,2025-10-20,2.9518372093023255,43,2025-10-20T00:30:00Z,2025-10-21T00:00:00Z,TRUE
20.2,2025-10-21,2.7011458333333334,48,2025-10-21T00:30:00Z,2025-10-22T00:00:00Z,TRUE
20.2,2025-10-22,2.5008125,48,2025-10-22T00:30:00Z,2025-10-23T00:00:00Z,TRUE
20.2,2025-10-23,2.4180833333333336,48,2025-10-23T00:30:00Z,2025-10-24T00:00:00Z,TRUE
20.2,2025-10-24,2.029916666666667,48,2025-10-24T00:30:00Z,2025-10-25T00:00:00Z,TRUE
20.2,2025-10-25,3.746,48,2025-10-25T00:30:00Z,2025-10-26T00:00:00Z,TRUE
20.2,2025-10-26,3.4848541666666666,48,2025-10-26T00:30:00Z,2025-10-27T00:00:00Z,TRUE
20.2,2025-10-27,2.252875,48,2025-10-27T00:30:00Z,2025-10-28T00:00:00Z,TRUE
20.2,2025-10-28,2.163375,48,2025-10-28T00:30:00Z,2025-10-29T00:00:00Z,TRUE
20.2,2025-10-29,3.3032222222222223,9,2025-10-29T00:30:00Z,2025-10-29T04:30:00Z,FALSE
20.2,2025-10-30,2.8375882352941177,17,2025-10-30T16:00:00Z,2025-10-31T00:00:00Z,FALSE
20.2,2025-10-31,2.979979166666667,48,2025-10-31T00:30:00Z,2025-11-01T00:00:00Z,TRUE
20.2,2025-11-01,7.977395833333333,48,2025-11-01T00:30:00Z,2025-11-02T00:00:00Z,TRUE
20.2,2025-11-02,16.451916666666666,48,2025-11-02T00:30:00Z,2025-11-03T00:00:00Z,TRUE
20.2,2025-11-03,15.860666666666667,12,2025-11-03T00:30:00Z,2025-11-03T06:30:00Z,FALSE
20.2,2025-11-04,2.2421304347826085,23,2025-11-04T13:00:00Z,2025-11-05T00:00:00Z,FALSE
20.2,2025-11-05,4.760088888888888,45,2025-11-05T00:30:00Z,2025-11-06T00:00:00Z,TRUE
20.2,2025-11-06,2.3033076923076923,39,2025-11-06T00:30:00Z,2025-11-07T00:00:00Z,TRUE
20.2,2025-11-07,5.14674358974359,39,2025-11-07T00:30:00Z,2025-11-08T00:00:00Z,TRUE
20.2,2025-11-08,7.436520833333333,48,2025-11-08T00:30:00Z,2025-11-09T00:00:00Z,TRUE
20.2,2025-11-09,3.0903684210526317,19,2025-11-09T00:30:00Z,2025-11-09T09:30:00Z,FALSE
20.2,2025-11-10,1.7505555555555556,18,2025-11-10T15:00:00Z,2025-11-10T23:30:00Z,FALSE
20.2,2025-11-13,2.3236521739130436,23,2025-11-13T13:00:00Z,2025-11-14T00:00:00Z,FALSE
20.2,2025-11-14,7.442145833333334,48,2025-11-14T00:30:00Z,2025-11-15T00:00:00Z,TRUE
20.2,2025-11-15,12.672613636363636,44,2025-11-15T00:30:00Z,2025-11-16T00:00:00Z,TRUE
20.2,2025-11-16,3.499756097560976,41,2025-11-16T00:30:00Z,2025-11-17T00:00:00Z,TRUE
20.2,2025-11-17,2.081785714285714,28,2025-11-17T00:30:00Z,2025-11-18T00:00:00Z,FALSE
20.2,2025-11-18,7.0735,6,2025-11-18T00:30:00Z,2025-11-18T03:00:00Z,FALSE
20.2,2025-11-22,3.5707142857142857,21,2025-11-22T14:00:00Z,2025-11-23T00:00:00Z,FALSE
20.2,2025-11-23,11.384354166666666,48,2025-11-23T00:30:00Z,2025-11-24T00:00:00Z,TRUE
20.2,2025-11-24,4.708958333333333,48,2025-11-24T00:30:00Z,2025-11-25T00:00:00Z,TRUE
20.2,2025-11-25,6.3094166666666665,48,2025-11-25T00:30:00Z,2025-11-26T00:00:00Z,TRUE
20.2,2025-11-26,9.628604166666667,48,2025-11-26T00:30:00Z,2025-11-27T00:00:00Z,TRUE
20.2,2025-11-27,2.4336363636363636,11,2025-11-27T00:30:00Z,2025-11-27T05:30:00Z,FALSE
20.2,2025-11-29,5.458823529411765,17,2025-11-29T16:00:00Z,2025-11-30T00:00:00Z,FALSE
20.2,2025-11-30,6.499625,8,2025-11-30T00:30:00Z,2025-11-30T04:00:00Z,FALSE
20.2,2025-12-02,6.929315789473684,19,2025-12-02T15:00:00Z,2025-12-03T00:00:00Z,FALSE
20.2,2025-12-03,15.58458064516129,31,2025-12-03T00:30:00Z,2025-12-04T00:00:00Z,FALSE
20.2,2025-12-04,13.167375,48,2025-12-04T00:30:00Z,2025-12-05T00:00:00Z,TRUE
20.2,2025-12-05,6.7404166666666665,48,2025-12-05T00:30:00Z,2025-12-06T00:00:00Z,TRUE
20.2,2025-12-06,22.9045625,48,2025-12-06T00:30:00Z,2025-12-07T00:00:00Z,TRUE
20.2,2025-12-07,20.585895833333332,48,2025-12-07T00:30:00Z,2025-12-08T00:00:00Z,TRUE
20.2,2025-12-08,2.5190208333333333,48,2025-12-08T00:30:00Z,2025-12-09T00:00:00Z,TRUE
20.2,2025-12-09,6.1329375,48,2025-12-09T00:30:00Z,2025-12-10T00:00:00Z,TRUE
20.2,2025-12-10,8.936729166666666,48,2025-12-10T00:30:00Z,2025-12-11T00:00:00Z,TRUE
20.2,2025-12-11,2.021,48,2025-12-11T00:30:00Z,2025-12-12T00:00:00Z,TRUE
20.2,2025-12-12,3.4728666666666665,30,2025-12-12T00:30:00Z,2025-12-12T15:30:00Z,FALSE
20.2,2025-12-15,5.331875,8,2025-12-15T18:00:00Z,2025-12-15T21:30:00Z,FALSE
20.2,2025-12-16,8.869136363636363,22,2025-12-16T13:30:00Z,2025-12-17T00:00:00Z,FALSE
20.2,2025-12-17,10.786999999999999,48,2025-12-17T00:30:00Z,2025-12-18T00:00:00Z,TRUE
20.2,2025-12-18,11.357854166666666,48,2025-12-18T00:30:00Z,2025-12-19T00:00:00Z,TRUE
20.2,2025-12-19,5.3135200000000005,25,2025-12-19T00:30:00Z,2025-12-19T12:30:00Z,FALSE
20.2,2025-12-21,3.438222222222222,18,2025-12-21T15:30:00Z,2025-12-22T00:00:00Z,FALSE
20.2,2025-12-22,7.4099615384615385,26,2025-12-22T00:30:00Z,2025-12-23T00:00:00Z,FALSE
20.2,2025-12-23,3.1794000000000002,10,2025-12-23T00:30:00Z,2025-12-23T05:00:00Z,FALSE
20.2,2025-12-24,7.8142499999999995,12,2025-12-24T16:00:00Z,2025-12-24T21:30:00Z,FALSE
21.1,2024-11-07,2.961692307692308,13,2024-11-07T18:00:00Z,2024-11-08T00:00:00Z,FALSE
21.1,2024-11-08,10.002813953488372,43,2024-11-08T00:30:00Z,2024-11-09T00:00:00Z,TRUE
21.1,2024-11-09,2.3292727272727274,44,2024-11-09T00:30:00Z,2024-11-09T23:30:00Z,TRUE
21.1,2024-11-10,10.563244444444445,45,2024-11-10T00:30:00Z,2024-11-11T00:00:00Z,TRUE
21.1,2024-11-11,5.264,41,2024-11-11T00:30:00Z,2024-11-12T00:00:00Z,TRUE
21.1,2024-11-12,1.726179487179487,39,2024-11-12T01:00:00Z,2024-11-13T00:00:00Z,TRUE
21.1,2024-11-13,2.1861063829787235,47,2024-11-13T00:30:00Z,2024-11-14T00:00:00Z,TRUE
21.1,2024-11-14,4.783170731707317,41,2024-11-14T01:00:00Z,2024-11-15T00:00:00Z,TRUE
21.1,2024-11-15,26.66730434782609,46,2024-11-15T00:30:00Z,2024-11-16T00:00:00Z,TRUE
21.1,2024-11-16,4.534704545454545,44,2024-11-16T01:00:00Z,2024-11-17T00:00:00Z,TRUE
21.1,2024-11-17,11.008700000000001,40,2024-11-17T00:30:00Z,2024-11-18T00:00:00Z,TRUE
21.1,2024-11-18,24.619948717948716,39,2024-11-18T01:00:00Z,2024-11-19T00:00:00Z,TRUE
21.1,2024-11-19,16.728511627906975,43,2024-11-19T00:30:00Z,2024-11-20T00:00:00Z,TRUE
21.1,2024-11-20,8.802405405405406,37,2024-11-20T00:30:00Z,2024-11-21T00:00:00Z,TRUE
21.1,2024-11-21,4.227371428571429,35,2024-11-21T01:00:00Z,2024-11-22T00:00:00Z,FALSE
21.1,2024-11-22,8.83286956521739,46,2024-11-22T00:30:00Z,2024-11-23T00:00:00Z,TRUE
21.1,2024-11-23,2.402190476190476,42,2024-11-23T00:30:00Z,2024-11-24T00:00:00Z,TRUE
21.1,2024-11-24,17.878068181818183,44,2024-11-24T01:00:00Z,2024-11-25T00:00:00Z,TRUE
21.1,2024-11-25,15.172511111111112,45,2024-11-25T00:30:00Z,2024-11-26T00:00:00Z,TRUE
21.1,2024-11-26,12.213404761904762,42,2024-11-26T00:30:00Z,2024-11-27T00:00:00Z,TRUE
21.1,2024-11-27,7.353815789473685,38,2024-11-27T01:00:00Z,2024-11-28T00:00:00Z,TRUE
21.1,2024-11-28,12.703086956521739,46,2024-11-28T00:30:00Z,2024-11-29T00:00:00Z,TRUE
21.1,2024-11-29,9.596354166666666,48,2024-11-29T00:30:00Z,2024-11-30T00:00:00Z,TRUE
21.1,2024-11-30,8.132065217391304,46,2024-11-30T00:30:00Z,2024-12-01T00:00:00Z,TRUE
21.1,2024-12-01,7.1625,40,2024-12-01T00:30:00Z,2024-12-02T00:00:00Z,TRUE
21.1,2024-12-02,12.424868421052631,38,2024-12-02T01:00:00Z,2024-12-02T23:30:00Z,TRUE
21.1,2024-12-03,16.941309523809522,42,2024-12-03T00:30:00Z,2024-12-04T00:00:00Z,TRUE
21.1,2024-12-04,16.10821052631579,38,2024-12-04T00:30:00Z,2024-12-05T00:00:00Z,TRUE
21.1,2024-12-05,6.443958333333333,48,2024-12-05T00:30:00Z,2024-12-06T00:00:00Z,TRUE
21.1,2024-12-06,4.648421052631579,38,2024-12-06T00:30:00Z,2024-12-07T00:00:00Z,TRUE
21.1,2024-12-07,5.678857142857143,42,2024-12-07T00:30:00Z,2024-12-08T00:00:00Z,TRUE
21.1,2024-12-08,7.324432432432433,37,2024-12-08T01:00:00Z,2024-12-09T00:00:00Z,TRUE
21.1,2024-12-09,6.909777777777778,45,2024-12-09T00:30:00Z,2024-12-10T00:00:00Z,TRUE
21.1,2024-12-10,36.52563157894737,38,2024-12-10T00:30:00Z,2024-12-10T23:30:00Z,TRUE
21.1,2024-12-11,22.12631818181818,44,2024-12-11T01:00:00Z,2024-12-12T00:00:00Z,TRUE
21.1,2024-12-12,6.090458333333333,48,2024-12-12T00:30:00Z,2024-12-13T00:00:00Z,TRUE
21.1,2024-12-13,5.819767441860465,43,2024-12-13T00:30:00Z,2024-12-14T00:00:00Z,TRUE
21.1,2024-12-14,9.0173,40,2024-12-14T00:30:00Z,2024-12-15T00:00:00Z,TRUE
21.1,2024-12-15,15.411589743589744,39,2024-12-15T00:30:00Z,2024-12-16T00:00:00Z,TRUE
21.1,2024-12-16,16.943795454545455,44,2024-12-16T00:30:00Z,2024-12-17T00:00:00Z,TRUE
21.1,2024-12-17,12.13147619047619,42,2024-12-17T00:30:00Z,2024-12-18T00:00:00Z,TRUE
21.1,2024-12-18,44.38218181818182,44,2024-12-18T00:30:00Z,2024-12-19T00:00:00Z,TRUE
21.1,2024-12-19,6.844190476190477,42,2024-12-19T00:30:00Z,2024-12-20T00:00:00Z,TRUE
21.1,2024-12-20,17.712139534883722,43,2024-12-20T00:30:00Z,2024-12-21T00:00:00Z,TRUE
21.1,2024-12-21,3.7205744680851067,47,2024-12-21T00:30:00Z,2024-12-22T00:00:00Z,TRUE
21.1,2024-12-22,3.540813953488372,43,2024-12-22T00:30:00Z,2024-12-23T00:00:00Z,TRUE
21.1,2024-12-23,6.558209302325581,43,2024-12-23T00:30:00Z,2024-12-24T00:00:00Z,TRUE
21.1,2024-12-24,22.148619047619047,42,2024-12-24T00:30:00Z,2024-12-25T00:00:00Z,TRUE
21.1,2024-12-25,28.559785714285713,42,2024-12-25T00:30:00Z,2024-12-26T00:00:00Z,TRUE
21.1,2024-12-26,13.326666666666666,48,2024-12-26T00:30:00Z,2024-12-27T00:00:00Z,TRUE
21.1,2024-12-27,12.891395348837209,43,2024-12-27T00:30:00Z,2024-12-28T00:00:00Z,TRUE
21.1,2024-12-28,6.4017333333333335,45,2024-12-28T00:30:00Z,2024-12-29T00:00:00Z,TRUE
21.1,2024-12-29,7.989354838709677,31,2024-12-29T00:30:00Z,2024-12-30T00:00:00Z,FALSE
21.1,2024-12-30,5.893404761904762,42,2024-12-30T00:30:00Z,2024-12-31T00:00:00Z,TRUE
21.1,2024-12-31,9.817404255319149,47,2024-12-31T00:30:00Z,2025-01-01T00:00:00Z,TRUE
21.1,2025-01-01,8.62111111111111,45,2025-01-01T00:30:00Z,2025-01-02T00:00:00Z,TRUE
21.1,2025-01-02,9.149697674418604,43,2025-01-02T00:30:00Z,2025-01-03T00:00:00Z,TRUE
21.1,2025-01-03,12.716533333333333,45,2025-01-03T00:30:00Z,2025-01-04T00:00:00Z,TRUE
21.1,2025-01-04,3.002145833333333,48,2025-01-04T00:30:00Z,2025-01-05T00:00:00Z,TRUE
21.1,2025-01-05,8.190022222222222,45,2025-01-05T00:30:00Z,2025-01-06T00:00:00Z,TRUE
21.1,2025-01-06,8.094414634146341,41,2025-01-06T00:30:00Z,2025-01-07T00:00:00Z,TRUE
21.1,2025-01-07,2.8048863636363635,44,2025-01-07T00:30:00Z,2025-01-08T00:00:00Z,TRUE
21.1,2025-01-08,3.323342105263158,38,2025-01-08T00:30:00Z,2025-01-08T23:30:00Z,TRUE
21.1,2025-01-09,2.8688,40,2025-01-09T00:30:00Z,2025-01-10T00:00:00Z,TRUE
21.1,2025-01-10,15.679520833333333,48,2025-01-10T00:30:00Z,2025-01-11T00:00:00Z,TRUE
21.1,2025-01-11,32.633880952380956,42,2025-01-11T00:30:00Z,2025-01-12T00:00:00Z,TRUE
21.1,2025-01-12,28.687521739130435,46,2025-01-12T00:30:00Z,2025-01-13T00:00:00Z,TRUE
21.1,2025-01-13,8.60048780487805,41,2025-01-13T00:30:00Z,2025-01-14T00:00:00Z,TRUE
21.1,2025-01-14,6.0919,40,2025-01-14T00:30:00Z,2025-01-15T00:00:00Z,TRUE
21.1,2025-01-15,7.467951219512195,41,2025-01-15T00:30:00Z,2025-01-15T23:30:00Z,TRUE
21.1,2025-01-16,19.34776923076923,39,2025-01-16T00:30:00Z,2025-01-17T00:00:00Z,TRUE
21.1,2025-01-17,26.522477272727272,44,2025-01-17T02:00:00Z,2025-01-18T00:00:00Z,TRUE
21.1,2025-01-18,6.7212000000000005,35,2025-01-18T00:30:00Z,2025-01-19T00:00:00Z,FALSE
21.1,2025-01-19,2.309447368421053,38,2025-01-19T00:30:00Z,2025-01-19T22:00:00Z,TRUE
21.1,2025-01-20,4.191068181818181,44,2025-01-20T00:30:00Z,2025-01-21T00:00:00Z,TRUE
21.1,2025-01-21,4.10548717948718,39,2025-01-21T00:30:00Z,2025-01-22T00:00:00Z,TRUE
21.1,2025-01-22,5.835411764705882,34,2025-01-22T00:30:00Z,2025-01-23T00:00:00Z,FALSE
21.1,2025-01-23,8.510384615384615,26,2025-01-23T00:30:00Z,2025-01-23T22:00:00Z,FALSE
21.1,2025-01-24,6.002,42,2025-01-24T01:30:00Z,2025-01-25T00:00:00Z,TRUE
21.1,2025-01-25,13.907489361702128,47,2025-01-25T00:30:00Z,2025-01-26T00:00:00Z,TRUE
21.1,2025-01-26,8.318868421052631,38,2025-01-26T00:30:00Z,2025-01-26T23:30:00Z,TRUE
21.1,2025-01-27,6.539648648648648,37,2025-01-27T00:30:00Z,2025-01-27T23:30:00Z,TRUE
21.1,2025-01-28,5.0530952380952385,42,2025-01-28T00:30:00Z,2025-01-29T00:00:00Z,TRUE
21.1,2025-01-29,5.048605263157895,38,2025-01-29T00:30:00Z,2025-01-30T00:00:00Z,TRUE
21.1,2025-01-30,6.618285714285714,42,2025-01-30T00:30:00Z,2025-01-31T00:00:00Z,TRUE
21.1,2025-01-31,5.3976,15,2025-01-31T00:30:00Z,2025-01-31T11:00:00Z,FALSE
21.1,2025-02-01,4.280181818181818,22,2025-02-01T00:30:00Z,2025-02-02T00:00:00Z,FALSE
21.1,2025-02-02,3.771161290322581,31,2025-02-02T01:00:00Z,2025-02-02T17:30:00Z,FALSE
21.1,2025-02-03,13.969416666666667,12,2025-02-03T15:30:00Z,2025-02-03T22:00:00Z,FALSE
21.1,2025-02-04,6.484058823529412,17,2025-02-04T13:30:00Z,2025-02-05T00:00:00Z,FALSE
21.1,2025-02-05,2.650547619047619,42,2025-02-05T00:30:00Z,2025-02-06T00:00:00Z,TRUE
21.1,2025-02-06,6.387785714285714,14,2025-02-06T00:30:00Z,2025-02-07T00:00:00Z,FALSE
21.1,2025-02-07,5.32439534883721,43,2025-02-07T01:30:00Z,2025-02-08T00:00:00Z,TRUE
21.1,2025-02-08,8.289407407407408,27,2025-02-08T00:30:00Z,2025-02-08T21:00:00Z,FALSE
21.1,2025-02-09,10.524111111111111,18,2025-02-09T14:30:00Z,2025-02-10T00:00:00Z,FALSE
21.1,2025-02-10,9.187342105263157,38,2025-02-10T00:30:00Z,2025-02-11T00:00:00Z,TRUE
21.1,2025-02-11,22.241666666666667,42,2025-02-11T00:30:00Z,2025-02-12T00:00:00Z,TRUE
21.1,2025-02-12,22.46971875,32,2025-02-12T00:30:00Z,2025-02-12T19:00:00Z,FALSE
21.1,2025-02-13,13.2388,20,2025-02-13T00:30:00Z,2025-02-14T00:00:00Z,FALSE
21.1,2025-02-14,9.012093023255813,43,2025-02-14T00:30:00Z,2025-02-14T23:30:00Z,TRUE
21.1,2025-02-15,10.132,23,2025-02-15T01:00:00Z,2025-02-15T12:00:00Z,FALSE
21.1,2025-02-17,4.503433333333334,30,2025-02-17T06:00:00Z,2025-02-18T00:00:00Z,FALSE
21.1,2025-02-18,3.017837209302326,43,2025-02-18T02:00:00Z,2025-02-19T00:00:00Z,TRUE
21.1,2025-02-19,4.409666666666667,45,2025-02-19T00:30:00Z,2025-02-20T00:00:00Z,TRUE
21.1,2025-02-20,6.235916666666666,24,2025-02-20T00:30:00Z,2025-02-21T00:00:00Z,FALSE
21.1,2025-02-21,3.102279069767442,43,2025-02-21T00:30:00Z,2025-02-22T00:00:00Z,TRUE
21.1,2025-02-22,11.395521739130434,23,2025-02-22T01:00:00Z,2025-02-23T00:00:00Z,FALSE
21.1,2025-02-23,10.660170212765957,47,2025-02-23T00:30:00Z,2025-02-24T00:00:00Z,TRUE
21.1,2025-02-24,13.18445652173913,46,2025-02-24T00:30:00Z,2025-02-25T00:00:00Z,TRUE
21.1,2025-02-25,10.155658536585365,41,2025-02-25T00:30:00Z,2025-02-26T00:00:00Z,TRUE
21.1,2025-02-26,17.670857142857145,14,2025-02-26T03:30:00Z,2025-02-26T21:00:00Z,FALSE
21.1,2025-02-27,22.2521,10,2025-02-27T18:30:00Z,2025-02-27T23:00:00Z,FALSE
21.1,2025-02-28,8.41723076923077,39,2025-02-28T03:30:00Z,2025-03-01T00:00:00Z,TRUE
21.1,2025-03-01,2.633609756097561,41,2025-03-01T00:30:00Z,2025-03-02T00:00:00Z,TRUE
21.1,2025-03-02,3.4908333333333332,42,2025-03-02T00:30:00Z,2025-03-03T00:00:00Z,TRUE
21.1,2025-03-03,7.775857142857143,35,2025-03-03T00:30:00Z,2025-03-04T00:00:00Z,FALSE
21.1,2025-03-04,5.5350222222222225,45,2025-03-04T01:00:00Z,2025-03-05T00:00:00Z,TRUE
21.1,2025-03-05,3.239875,32,2025-03-05T00:30:00Z,2025-03-06T00:00:00Z,FALSE
21.1,2025-03-06,2.173125,40,2025-03-06T00:30:00Z,2025-03-07T00:00:00Z,TRUE
21.1,2025-03-07,8.268024390243902,41,2025-03-07T00:30:00Z,2025-03-07T23:30:00Z,TRUE
21.1,2025-03-08,4.205233333333333,30,2025-03-08T09:00:00Z,2025-03-09T00:00:00Z,FALSE
21.1,2025-03-09,5.848690476190476,42,2025-03-09T00:30:00Z,2025-03-10T00:00:00Z,TRUE
21.1,2025-03-10,4.94865,40,2025-03-10T00:30:00Z,2025-03-11T00:00:00Z,TRUE
21.1,2025-03-11,6.1795277777777775,36,2025-03-11T00:30:00Z,2025-03-12T00:00:00Z,TRUE
21.1,2025-03-12,3.2420526315789475,38,2025-03-12T00:30:00Z,2025-03-13T00:00:00Z,TRUE
21.1,2025-03-13,6.449294117647059,34,2025-03-13T00:30:00Z,2025-03-13T23:30:00Z,FALSE
21.1,2025-03-14,8.906128205128205,39,2025-03-14T00:30:00Z,2025-03-15T00:00:00Z,TRUE
21.1,2025-03-15,11.374155555555555,45,2025-03-15T00:30:00Z,2025-03-16T00:00:00Z,TRUE
21.1,2025-03-16,5.2588928571428575,28,2025-03-16T00:30:00Z,2025-03-17T00:00:00Z,FALSE
21.1,2025-03-17,2.9695405405405406,37,2025-03-17T00:30:00Z,2025-03-18T00:00:00Z,TRUE
21.1,2025-03-18,6.136225,40,2025-03-18T00:30:00Z,2025-03-19T00:00:00Z,TRUE
21.1,2025-03-19,6.022906976744186,43,2025-03-19T00:30:00Z,2025-03-19T23:30:00Z,TRUE
21.1,2025-03-20,3.7820857142857145,35,2025-03-20T00:30:00Z,2025-03-20T19:30:00Z,FALSE
21.1,2025-03-21,3.13909375,32,2025-03-21T05:00:00Z,2025-03-22T00:00:00Z,FALSE
21.1,2025-03-22,4.3244,45,2025-03-22T00:30:00Z,2025-03-23T00:00:00Z,TRUE
21.1,2025-03-23,4.476652173913044,46,2025-03-23T00:30:00Z,2025-03-24T00:00:00Z,TRUE
21.1,2025-03-24,6.81440625,32,2025-03-24T00:30:00Z,2025-03-25T00:00:00Z,FALSE
21.1,2025-03-25,6.8473902439024386,41,2025-03-25T00:30:00Z,2025-03-26T00:00:00Z,TRUE
21.1,2025-03-26,3.7439705882352943,34,2025-03-26T00:30:00Z,2025-03-27T00:00:00Z,FALSE
21.1,2025-03-27,6.265775,40,2025-03-27T00:30:00Z,2025-03-28T00:00:00Z,TRUE
21.1,2025-03-28,10.234179487179487,39,2025-03-28T00:30:00Z,2025-03-29T00:00:00Z,TRUE
21.1,2025-03-29,11.310744680851064,47,2025-03-29T00:30:00Z,2025-03-30T00:00:00Z,TRUE
21.1,2025-03-30,12.618733333333333,30,2025-03-30T00:30:00Z,2025-03-31T00:00:00Z,FALSE
21.1,2025-03-31,5.163105263157895,19,2025-03-31T00:30:00Z,2025-03-31T23:30:00Z,FALSE
21.1,2025-04-01,3.634666666666667,42,2025-04-01T00:30:00Z,2025-04-02T00:00:00Z,TRUE
21.1,2025-04-02,5.149106382978723,47,2025-04-02T00:30:00Z,2025-04-03T00:00:00Z,TRUE
21.1,2025-04-03,4.199055555555556,36,2025-04-03T00:30:00Z,2025-04-04T00:00:00Z,TRUE
21.1,2025-04-04,2.20715,40,2025-04-04T01:00:00Z,2025-04-05T00:00:00Z,TRUE
21.1,2025-04-05,2.9132105263157895,19,2025-04-05T00:30:00Z,2025-04-05T18:00:00Z,FALSE
21.1,2025-04-06,1.243,1,2025-04-06T14:00:00Z,2025-04-06T14:00:00Z,FALSE
21.1,2025-04-07,6.077714285714285,7,2025-04-07T14:30:00Z,2025-04-07T20:30:00Z,FALSE
21.1,2025-04-08,3.1352444444444445,45,2025-04-08T00:30:00Z,2025-04-09T00:00:00Z,TRUE
21.1,2025-04-09,6.516844444444445,45,2025-04-09T00:30:00Z,2025-04-10T00:00:00Z,TRUE
21.1,2025-04-10,10.113624999999999,8,2025-04-10T00:30:00Z,2025-04-10T19:30:00Z,FALSE
21.1,2025-04-11,15.76328,25,2025-04-11T07:30:00Z,2025-04-12T00:00:00Z,FALSE
21.1,2025-04-12,8.74048717948718,39,2025-04-12T00:30:00Z,2025-04-13T00:00:00Z,TRUE
21.1,2025-04-13,7.3870000000000005,44,2025-04-13T00:30:00Z,2025-04-14T00:00:00Z,TRUE
21.1,2025-04-14,4.843780487804878,41,2025-04-14T00:30:00Z,2025-04-15T00:00:00Z,TRUE
21.1,2025-04-15,2.9557872340425533,47,2025-04-15T00:30:00Z,2025-04-16T00:00:00Z,TRUE
21.1,2025-04-16,3.6033829787234044,47,2025-04-16T00:30:00Z,2025-04-17T00:00:00Z,TRUE
21.1,2025-04-17,6.7398,45,2025-04-17T00:30:00Z,2025-04-18T00:00:00Z,TRUE
21.1,2025-04-18,6.0158048780487805,41,2025-04-18T00:30:00Z,2025-04-19T00:00:00Z,TRUE
21.1,2025-04-19,10.726552631578947,38,2025-04-19T00:30:00Z,2025-04-20T00:00:00Z,TRUE
21.1,2025-04-20,4.303999999999999,36,2025-04-20T00:30:00Z,2025-04-20T23:30:00Z,TRUE
21.1,2025-04-21,5.048272727272727,44,2025-04-21T00:30:00Z,2025-04-21T23:30:00Z,TRUE
21.1,2025-04-22,3.196230769230769,39,2025-04-22T00:30:00Z,2025-04-23T00:00:00Z,TRUE
21.1,2025-04-23,4.295682926829269,41,2025-04-23T00:30:00Z,2025-04-24T00:00:00Z,TRUE
21.1,2025-04-24,4.941272727272727,44,2025-04-24T00:30:00Z,2025-04-25T00:00:00Z,TRUE
21.1,2025-04-25,5.606880952380952,42,2025-04-25T00:30:00Z,2025-04-25T22:30:00Z,TRUE
21.1,2025-04-26,5.928571428571428,21,2025-04-26T13:30:00Z,2025-04-27T00:00:00Z,FALSE
21.1,2025-04-27,8.2642,45,2025-04-27T00:30:00Z,2025-04-28T00:00:00Z,TRUE
21.1,2025-04-28,3.59475,44,2025-04-28T00:30:00Z,2025-04-29T00:00:00Z,TRUE
21.1,2025-04-29,6.628744186046512,43,2025-04-29T00:30:00Z,2025-04-30T00:00:00Z,TRUE
21.1,2025-04-30,2.4508260869565217,46,2025-04-30T00:30:00Z,2025-05-01T00:00:00Z,TRUE
21.1,2025-05-01,4.792853658536585,41,2025-05-01T00:30:00Z,2025-05-02T00:00:00Z,TRUE
21.1,2025-05-02,7.051558139534883,43,2025-05-02T00:30:00Z,2025-05-03T00:00:00Z,TRUE
21.1,2025-05-03,14.017071428571429,14,2025-05-03T00:30:00Z,2025-05-03T08:30:00Z,FALSE
21.1,2025-05-04,6.395111111111111,9,2025-05-04T18:00:00Z,2025-05-04T22:30:00Z,FALSE
21.1,2025-05-05,12.821,1,2025-05-05T13:30:00Z,2025-05-05T13:30:00Z,FALSE
21.1,2025-05-06,4.138722222222222,18,2025-05-06T11:30:00Z,2025-05-07T00:00:00Z,FALSE
21.1,2025-05-07,12.28204347826087,46,2025-05-07T00:30:00Z,2025-05-07T23:30:00Z,TRUE
21.1,2025-05-08,8.392021739130435,46,2025-05-08T00:30:00Z,2025-05-09T00:00:00Z,TRUE
21.1,2025-05-09,6.857046511627908,43,2025-05-09T00:30:00Z,2025-05-10T00:00:00Z,TRUE
21.1,2025-05-10,4.393631578947368,38,2025-05-10T00:30:00Z,2025-05-11T00:00:00Z,TRUE
21.1,2025-05-11,4.5636190476190475,42,2025-05-11T00:30:00Z,2025-05-12T00:00:00Z,TRUE
21.1,2025-05-12,5.03284375,32,2025-05-12T00:30:00Z,2025-05-13T00:00:00Z,FALSE
21.1,2025-05-13,4.435277777777777,36,2025-05-13T00:30:00Z,2025-05-14T00:00:00Z,TRUE
21.1,2025-05-14,2.0843589743589743,39,2025-05-14T00:30:00Z,2025-05-15T00:00:00Z,TRUE
21.1,2025-05-15,8.571975609756098,41,2025-05-15T00:30:00Z,2025-05-15T23:00:00Z,TRUE
21.1,2025-05-16,7.9308749999999995,40,2025-05-16T00:30:00Z,2025-05-17T00:00:00Z,TRUE
21.1,2025-05-17,3.964159090909091,44,2025-05-17T00:30:00Z,2025-05-18T00:00:00Z,TRUE
21.1,2025-05-18,4.09572972972973,37,2025-05-18T00:30:00Z,2025-05-18T23:00:00Z,TRUE
21.1,2025-05-19,5.746255319148936,47,2025-05-19T00:30:00Z,2025-05-20T00:00:00Z,TRUE
21.1,2025-05-20,5.366,43,2025-05-20T01:00:00Z,2025-05-21T00:00:00Z,TRUE
21.1,2025-05-21,10.8698,45,2025-05-21T00:30:00Z,2025-05-22T00:00:00Z,TRUE
21.1,2025-05-22,9.0678181818181809,11,2025-05-22T00:30:00Z,2025-05-23T00:00:00Z,FALSE
21.1,2025-05-23,1.9870243902439024,41,2025-05-23T00:30:00Z,2025-05-23T23:30:00Z,TRUE
21.1,2025-05-24,1.7357560975609756,41,2025-05-24T00:30:00Z,2025-05-25T00:00:00Z,TRUE
21.1,2025-05-25,3.6497575757575755,33,2025-05-25T01:00:00Z,2025-05-26T00:00:00Z,FALSE
21.1,2025-05-26,5.681209302325581,43,2025-05-26T00:30:00Z,2025-05-27T00:00:00Z,TRUE
21.1,2025-05-27,4.119666666666666,39,2025-05-27T00:30:00Z,2025-05-28T00:00:00Z,TRUE
21.1,2025-05-28,3.3482307692307693,39,2025-05-28T00:30:00Z,2025-05-29T00:00:00Z,TRUE
21.1,2025-05-29,16.045170212765957,47,2025-05-29T00:30:00Z,2025-05-30T00:00:00Z,TRUE
21.1,2025-05-30,10.060906976744185,43,2025-05-30T00:30:00Z,2025-05-31T00:00:00Z,TRUE
21.1,2025-05-31,8.491975,40,2025-05-31T00:30:00Z,2025-06-01T00:00:00Z,TRUE
21.1,2025-06-01,7.828872340425532,47,2025-06-01T00:30:00Z,2025-06-02T00:00:00Z,TRUE
21.1,2025-06-02,4.803871794871795,39,2025-06-02T01:30:00Z,2025-06-03T00:00:00Z,TRUE
21.1,2025-06-03,9.085057142857142,35,2025-06-03T00:30:00Z,2025-06-04T00:00:00Z,FALSE
21.1,2025-06-04,27.16038888888889,36,2025-06-04T00:30:00Z,2025-06-05T00:00:00Z,TRUE
21.1,2025-06-05,28.99230303030303,33,2025-06-05T00:30:00Z,2025-06-05T23:00:00Z,FALSE
21.1,2025-06-06,41.298631578947365,38,2025-06-06T00:30:00Z,2025-06-06T23:30:00Z,TRUE
21.1,2025-06-07,50.36936956521739,46,2025-06-07T01:00:00Z,2025-06-08T00:00:00Z,TRUE
21.1,2025-06-08,41.620777777777775,36,2025-06-08T00:30:00Z,2025-06-09T00:00:00Z,TRUE
21.1,2025-06-09,20.932771428571428,35,2025-06-09T00:30:00Z,2025-06-10T00:00:00Z,FALSE
21.1,2025-06-10,11.33539534883721,43,2025-06-10T00:30:00Z,2025-06-10T23:30:00Z,TRUE
21.1,2025-06-11,15.541066666666666,45,2025-06-11T00:30:00Z,2025-06-12T00:00:00Z,TRUE
21.1,2025-06-12,22.993000000000002,43,2025-06-12T00:30:00Z,2025-06-13T00:00:00Z,TRUE
21.1,2025-06-13,22.24418181818182,44,2025-06-13T00:30:00Z,2025-06-14T00:00:00Z,TRUE
21.1,2025-06-14,14.622473684210526,19,2025-06-14T00:30:00Z,2025-06-15T00:00:00Z,FALSE
21.1,2025-06-15,10.888933333333332,45,2025-06-15T00:30:00Z,2025-06-16T00:00:00Z,TRUE
21.1,2025-06-16,9.91925,40,2025-06-16T00:30:00Z,2025-06-17T00:00:00Z,TRUE
21.1,2025-06-17,11.121236842105263,38,2025-06-17T00:30:00Z,2025-06-18T00:00:00Z,TRUE
21.1,2025-06-18,8.876185185185186,27,2025-06-18T00:30:00Z,2025-06-19T00:00:00Z,FALSE
21.1,2025-06-19,5.903956521739131,23,2025-06-19T00:30:00Z,2025-06-19T22:30:00Z,FALSE
21.1,2025-06-20,9.727870967741936,31,2025-06-20T00:30:00Z,2025-06-21T00:00:00Z,FALSE
21.1,2025-06-21,11.424913043478261,23,2025-06-21T01:00:00Z,2025-06-22T00:00:00Z,FALSE
21.1,2025-06-22,8.803161290322581,31,2025-06-22T00:30:00Z,2025-06-23T00:00:00Z,FALSE
21.1,2025-06-23,10.065785714285713,28,2025-06-23T00:30:00Z,2025-06-23T23:30:00Z,FALSE
21.1,2025-06-24,8.573527777777777,36,2025-06-24T00:30:00Z,2025-06-25T00:00:00Z,TRUE
21.1,2025-06-25,9.910789473684211,38,2025-06-25T00:30:00Z,2025-06-26T00:00:00Z,TRUE
21.1,2025-06-26,13.013833333333334,36,2025-06-26T00:30:00Z,2025-06-27T00:00:00Z,TRUE
21.1,2025-06-27,9.40713888888889,36,2025-06-27T00:30:00Z,2025-06-27T23:30:00Z,TRUE
21.1,2025-06-28,9.922235294117646,34,2025-06-28T00:30:00Z,2025-06-29T00:00:00Z,FALSE
21.1,2025-06-29,6.731548387096774,31,2025-06-29T00:30:00Z,2025-06-30T00:00:00Z,FALSE
21.1,2025-06-30,11.231032258064516,31,2025-06-30T01:00:00Z,2025-07-01T00:00:00Z,FALSE
21.1,2025-07-01,8.147032258064517,31,2025-07-01T01:00:00Z,2025-07-02T00:00:00Z,FALSE
21.1,2025-07-02,9.213909090909091,33,2025-07-02T01:30:00Z,2025-07-03T00:00:00Z,FALSE
21.1,2025-07-03,17.988666666666667,30,2025-07-03T01:00:00Z,2025-07-03T23:30:00Z,FALSE
21.1,2025-07-04,20.255499999999998,38,2025-07-04T00:30:00Z,2025-07-05T00:00:00Z,TRUE
21.1,2025-07-05,25.01074358974359,39,2025-07-05T01:00:00Z,2025-07-06T00:00:00Z,TRUE
21.1,2025-07-06,10.978114285714286,35,2025-07-06T01:30:00Z,2025-07-06T23:30:00Z,FALSE
21.1,2025-07-07,9.884243243243244,37,2025-07-07T01:00:00Z,2025-07-08T00:00:00Z,TRUE
21.1,2025-07-08,14.40060465116279,43,2025-07-08T00:30:00Z,2025-07-08T23:00:00Z,TRUE
21.1,2025-07-09,23.00328888888889,45,2025-07-09T00:30:00Z,2025-07-10T00:00:00Z,TRUE
21.1,2025-07-10,20.335977272727273,44,2025-07-10T00:30:00Z,2025-07-11T00:00:00Z,TRUE
21.1,2025-07-11,13.042641025641025,39,2025-07-11T00:30:00Z,2025-07-12T00:00:00Z,TRUE
21.1,2025-07-12,9.244216216216216,37,2025-07-12T00:30:00Z,2025-07-13T00:00:00Z,TRUE
21.1,2025-07-13,6.17775,44,2025-07-13T00:30:00Z,2025-07-14T00:00:00Z,TRUE
21.1,2025-07-14,26.069581395348838,43,2025-07-14T00:30:00Z,2025-07-15T00:00:00Z,TRUE
21.1,2025-07-15,35.624457142857146,35,2025-07-15T00:30:00Z,2025-07-16T00:00:00Z,FALSE
21.1,2025-07-16,34.667,42,2025-07-16T00:30:00Z,2025-07-17T00:00:00Z,TRUE
21.1,2025-07-17,11.087,40,2025-07-17T01:00:00Z,2025-07-18T00:00:00Z,TRUE
21.1,2025-07-18,5.242232558139536,43,2025-07-18T00:30:00Z,2025-07-19T00:00:00Z,TRUE
21.1,2025-07-19,3.4919736842105262,38,2025-07-19T00:30:00Z,2025-07-20T00:00:00Z,TRUE
21.1,2025-07-20,7.535027777777778,36,2025-07-20T00:30:00Z,2025-07-21T00:00:00Z,TRUE
21.1,2025-07-21,20.27230555555556,36,2025-07-21T00:30:00Z,2025-07-22T00:00:00Z,TRUE
21.1,2025-07-22,4.708184210526316,38,2025-07-22T00:30:00Z,2025-07-23T00:00:00Z,TRUE
21.1,2025-07-23,3.6625,44,2025-07-23T00:30:00Z,2025-07-24T00:00:00Z,TRUE
21.1,2025-07-24,14.033029411764705,34,2025-07-24T00:30:00Z,2025-07-25T00:00:00Z,FALSE
21.1,2025-07-25,21.960697674418604,43,2025-07-25T01:00:00Z,2025-07-26T00:00:00Z,TRUE
21.1,2025-07-26,11.396177777777778,45,2025-07-26T00:30:00Z,2025-07-27T00:00:00Z,TRUE
21.1,2025-07-27,12.255272727272727,44,2025-07-27T00:30:00Z,2025-07-28T00:00:00Z,TRUE
21.1,2025-07-28,10.731205128205128,39,2025-07-28T00:30:00Z,2025-07-29T00:00:00Z,TRUE
21.1,2025-07-29,9.280630434782609,46,2025-07-29T00:30:00Z,2025-07-30T00:00:00Z,TRUE
21.1,2025-07-30,15.917239130434782,46,2025-07-30T00:30:00Z,2025-07-31T00:00:00Z,TRUE
21.1,2025-07-31,40.95714893617021,47,2025-07-31T00:30:00Z,2025-08-01T00:00:00Z,TRUE
21.1,2025-08-01,18.541,38,2025-08-01T01:00:00Z,2025-08-02T00:00:00Z,TRUE
21.1,2025-08-02,5.760818181818182,44,2025-08-02T00:30:00Z,2025-08-03T00:00:00Z,TRUE
21.1,2025-08-03,13.163585365853658,41,2025-08-03T00:30:00Z,2025-08-03T23:30:00Z,TRUE
21.1,2025-08-04,39.48386046511628,43,2025-08-04T00:30:00Z,2025-08-05T00:00:00Z,TRUE
21.1,2025-08-05,38.48455813953488,43,2025-08-05T00:30:00Z,2025-08-06T00:00:00Z,TRUE
21.1,2025-08-06,26.274255319148935,47,2025-08-06T00:30:00Z,2025-08-07T00:00:00Z,TRUE
21.1,2025-08-07,19.52660465116279,43,2025-08-07T00:30:00Z,2025-08-08T00:00:00Z,TRUE
21.1,2025-08-08,16.63186046511628,43,2025-08-08T00:30:00Z,2025-08-09T00:00:00Z,TRUE
21.1,2025-08-09,22.4471,40,2025-08-09T00:30:00Z,2025-08-10T00:00:00Z,TRUE
21.1,2025-08-10,25.231545454545454,44,2025-08-10T00:30:00Z,2025-08-11T00:00:00Z,TRUE
21.1,2025-08-11,20.6265,38,2025-08-11T00:30:00Z,2025-08-12T00:00:00Z,TRUE
21.1,2025-08-12,14.571574468085107,47,2025-08-12T00:30:00Z,2025-08-13T00:00:00Z,TRUE
21.1,2025-08-13,7.930461538461538,39,2025-08-13T00:30:00Z,2025-08-14T00:00:00Z,TRUE
21.1,2025-08-14,17.400777777777776,45,2025-08-14T01:00:00Z,2025-08-15T00:00:00Z,TRUE
21.1,2025-08-15,26.273500000000002,40,2025-08-15T00:30:00Z,2025-08-15T23:30:00Z,TRUE
21.1,2025-08-16,21.044238095238097,42,2025-08-16T00:30:00Z,2025-08-17T00:00:00Z,TRUE
21.1,2025-08-17,14.449023255813954,43,2025-08-17T00:30:00Z,2025-08-18T00:00:00Z,TRUE
21.1,2025-08-18,3.5239210526315787,38,2025-08-18T00:30:00Z,2025-08-19T00:00:00Z,TRUE
21.1,2025-08-19,6.40660465116279,43,2025-08-19T01:00:00Z,2025-08-20T00:00:00Z,TRUE
21.1,2025-08-20,21.454156250000004,32,2025-08-20T01:00:00Z,2025-08-21T00:00:00Z,FALSE
21.1,2025-08-21,2.7400454545454545,44,2025-08-21T01:00:00Z,2025-08-22T00:00:00Z,TRUE
21.1,2025-08-22,2.1726,40,2025-08-22T01:00:00Z,2025-08-23T00:00:00Z,TRUE
21.1,2025-08-23,6.1745,38,2025-08-23T00:30:00Z,2025-08-24T00:00:00Z,TRUE
21.1,2025-08-24,4.758772727272728,44,2025-08-24T00:30:00Z,2025-08-25T00:00:00Z,TRUE
21.1,2025-08-25,2.9510238095238095,42,2025-08-25T00:30:00Z,2025-08-26T00:00:00Z,TRUE
21.1,2025-08-26,4.193268292682927,41,2025-08-26T00:30:00Z,2025-08-27T00:00:00Z,TRUE
21.1,2025-08-27,4.935075,40,2025-08-27T00:30:00Z,2025-08-28T00:00:00Z,TRUE
21.1,2025-08-28,4.961170212765958,47,2025-08-28T00:30:00Z,2025-08-29T00:00:00Z,TRUE
21.1,2025-08-29,3.5976363636363633,44,2025-08-29T00:30:00Z,2025-08-30T00:00:00Z,TRUE
21.1,2025-08-30,2.9075609756097562,41,2025-08-30T00:30:00Z,2025-08-31T00:00:00Z,TRUE
21.1,2025-08-31,5.4289772727272725,44,2025-08-31T00:30:00Z,2025-09-01T00:00:00Z,TRUE
21.1,2025-09-01,5.297568181818182,44,2025-09-01T00:30:00Z,2025-09-02T00:00:00Z,TRUE
21.1,2025-09-02,3.729688888888889,45,2025-09-02T00:30:00Z,2025-09-03T00:00:00Z,TRUE
21.1,2025-09-03,5.125697674418604,43,2025-09-03T00:30:00Z,2025-09-04T00:00:00Z,TRUE
21.1,2025-09-04,6.423622222222222,45,2025-09-04T00:30:00Z,2025-09-05T00:00:00Z,TRUE
21.1,2025-09-05,15.9209375,48,2025-09-05T00:30:00Z,2025-09-06T00:00:00Z,TRUE
21.1,2025-09-06,5.20345,40,2025-09-06T00:30:00Z,2025-09-07T00:00:00Z,TRUE
21.1,2025-09-07,3.1147,40,2025-09-07T00:30:00Z,2025-09-08T00:00:00Z,TRUE
21.1,2025-09-08,3.688463414634146,41,2025-09-08T00:30:00Z,2025-09-09T00:00:00Z,TRUE
21.1,2025-09-09,3.5431666666666666,42,2025-09-09T00:30:00Z,2025-09-10T00:00:00Z,TRUE
21.1,2025-09-10,3.5942340425531913,47,2025-09-10T00:30:00Z,2025-09-11T00:00:00Z,TRUE
21.1,2025-09-11,6.631119047619047,42,2025-09-11T00:30:00Z,2025-09-12T00:00:00Z,TRUE
21.1,2025-09-12,9.465391304347827,46,2025-09-12T00:30:00Z,2025-09-13T00:00:00Z,TRUE
21.1,2025-09-13,8.292761904761905,42,2025-09-13T00:30:00Z,2025-09-14T00:00:00Z,TRUE
21.1,2025-09-14,12.306116279069768,43,2025-09-14T00:30:00Z,2025-09-14T23:30:00Z,TRUE
21.1,2025-09-15,10.303477272727273,44,2025-09-15T00:30:00Z,2025-09-16T00:00:00Z,TRUE
21.1,2025-09-16,9.540888888888889,45,2025-09-16T00:30:00Z,2025-09-17T00:00:00Z,TRUE
21.1,2025-09-17,14.28180487804878,41,2025-09-17T00:30:00Z,2025-09-17T23:30:00Z,TRUE
21.1,2025-09-18,11.230704545454545,44,2025-09-18T00:30:00Z,2025-09-19T00:00:00Z,TRUE
21.1,2025-09-19,11.838375000000001,40,2025-09-19T00:30:00Z,2025-09-20T00:00:00Z,TRUE
21.1,2025-09-20,4.089857142857143,35,2025-09-20T01:00:00Z,2025-09-21T00:00:00Z,FALSE
21.1,2025-09-21,7.690243902439025,41,2025-09-21T00:30:00Z,2025-09-22T00:00:00Z,TRUE
21.1,2025-09-22,13.335733333333334,45,2025-09-22T00:30:00Z,2025-09-23T00:00:00Z,TRUE
21.1,2025-09-23,5.42652380952381,42,2025-09-23T00:30:00Z,2025-09-23T23:00:00Z,TRUE
21.1,2025-09-24,8.891416666666666,36,2025-09-24T00:30:00Z,2025-09-25T00:00:00Z,TRUE
21.1,2025-09-25,13.992909090909091,44,2025-09-25T00:30:00Z,2025-09-26T00:00:00Z,TRUE
21.1,2025-09-26,8.411882352941177,17,2025-09-26T14:30:00Z,2025-09-27T00:00:00Z,FALSE
21.1,2025-09-27,12.031078947368421,38,2025-09-27T00:30:00Z,2025-09-28T00:00:00Z,TRUE
21.1,2025-09-28,12.071,44,2025-09-28T00:30:00Z,2025-09-29T00:00:00Z,TRUE
21.1,2025-09-29,9.107377777777778,45,2025-09-29T00:30:00Z,2025-09-30T00:00:00Z,TRUE
21.1,2025-09-30,6.761395348837209,43,2025-09-30T00:30:00Z,2025-10-01T00:00:00Z,TRUE
21.1,2025-10-01,3.0139565217391304,46,2025-10-01T00:30:00Z,2025-10-02T00:00:00Z,TRUE
21.1,2025-10-02,2.4370526315789474,38,2025-10-02T00:30:00Z,2025-10-03T00:00:00Z,TRUE
21.1,2025-10-03,6.253717391304348,46,2025-10-03T00:30:00Z,2025-10-04T00:00:00Z,TRUE
21.1,2025-10-04,9.813866666666668,45,2025-10-04T00:30:00Z,2025-10-05T00:00:00Z,TRUE
21.1,2025-10-05,8.492871794871794,39,2025-10-05T01:00:00Z,2025-10-06T00:00:00Z,TRUE
21.1,2025-10-06,4.077684210526316,38,2025-10-06T00:30:00Z,2025-10-07T00:00:00Z,TRUE
21.1,2025-10-07,8.687108108108108,37,2025-10-07T00:30:00Z,2025-10-08T00:00:00Z,TRUE
21.1,2025-10-08,2.061369565217391,46,2025-10-08T00:30:00Z,2025-10-09T00:00:00Z,TRUE
21.1,2025-10-09,1.5169555555555556,45,2025-10-09T00:30:00Z,2025-10-10T00:00:00Z,TRUE
21.1,2025-10-10,2.9972826086956523,46,2025-10-10T00:30:00Z,2025-10-11T00:00:00Z,TRUE
21.1,2025-10-11,3.432911111111111,45,2025-10-11T00:30:00Z,2025-10-11T23:30:00Z,TRUE
21.1,2025-10-12,6.350071428571428,42,2025-10-12T00:30:00Z,2025-10-13T00:00:00Z,TRUE
21.1,2025-10-13,5.289325,40,2025-10-13T02:30:00Z,2025-10-14T00:00:00Z,TRUE
21.1,2025-10-14,3.5943055555555556,36,2025-10-14T00:30:00Z,2025-10-15T00:00:00Z,TRUE
21.1,2025-10-15,2.1057234042553192,47,2025-10-15T00:30:00Z,2025-10-16T00:00:00Z,TRUE
21.1,2025-10-16,2.3512173913043477,46,2025-10-16T00:30:00Z,2025-10-17T00:00:00Z,TRUE
21.1,2025-10-17,3.635102564102564,39,2025-10-17T00:30:00Z,2025-10-18T00:00:00Z,TRUE
21.1,2025-10-18,5.14695,40,2025-10-18T01:00:00Z,2025-10-19T00:00:00Z,TRUE
21.1,2025-10-19,8.662243902439025,41,2025-10-19T01:30:00Z,2025-10-20T00:00:00Z,TRUE
21.1,2025-10-20,3.2348684210526315,38,2025-10-20T00:30:00Z,2025-10-21T00:00:00Z,TRUE
21.1,2025-10-21,2.925761904761905,42,2025-10-21T00:30:00Z,2025-10-22T00:00:00Z,TRUE
21.1,2025-10-22,2.260095238095238,42,2025-10-22T01:00:00Z,2025-10-23T00:00:00Z,TRUE
21.1,2025-10-23,3.6982553191489362,47,2025-10-23T00:30:00Z,2025-10-24T00:00:00Z,TRUE
21.1,2025-10-24,4.335837209302325,43,2025-10-24T00:30:00Z,2025-10-24T23:00:00Z,TRUE
21.1,2025-10-25,4.5087142857142855,42,2025-10-25T00:30:00Z,2025-10-26T00:00:00Z,TRUE
21.1,2025-10-26,4.766613636363637,44,2025-10-26T00:30:00Z,2025-10-27T00:00:00Z,TRUE
21.1,2025-10-27,2.801,48,2025-10-27T00:30:00Z,2025-10-28T00:00:00Z,TRUE
21.1,2025-10-28,2.3455813953488374,43,2025-10-28T01:00:00Z,2025-10-29T00:00:00Z,TRUE
21.1,2025-10-29,3.1417555555555556,45,2025-10-29T00:30:00Z,2025-10-29T23:30:00Z,TRUE
21.1,2025-10-30,2.360088888888889,45,2025-10-30T00:30:00Z,2025-10-31T00:00:00Z,TRUE
21.1,2025-10-31,3.418560975609756,41,2025-10-31T01:00:00Z,2025-11-01T00:00:00Z,TRUE
21.1,2025-11-01,10.388021739130435,46,2025-11-01T00:30:00Z,2025-11-02T00:00:00Z,TRUE
21.1,2025-11-02,20.121116279069767,43,2025-11-02T00:30:00Z,2025-11-03T00:00:00Z,TRUE
21.1,2025-11-03,13.67591111111111,45,2025-11-03T00:30:00Z,2025-11-04T00:00:00Z,TRUE
21.1,2025-11-04,3.615255319148936,47,2025-11-04T00:30:00Z,2025-11-05T00:00:00Z,TRUE
21.1,2025-11-05,5.898866666666667,45,2025-11-05T00:30:00Z,2025-11-06T00:00:00Z,TRUE
21.1,2025-11-06,3.5084,40,2025-11-06T00:30:00Z,2025-11-07T00:00:00Z,TRUE
21.1,2025-11-07,9.454914285714286,35,2025-11-07T00:30:00Z,2025-11-08T00:00:00Z,FALSE
21.1,2025-11-08,8.224452380952382,42,2025-11-08T00:30:00Z,2025-11-09T00:00:00Z,TRUE
21.1,2025-11-09,7.061166666666667,36,2025-11-09T00:30:00Z,2025-11-10T00:00:00Z,TRUE
21.1,2025-11-10,1.5972777777777778,36,2025-11-10T00:30:00Z,2025-11-11T00:00:00Z,TRUE
21.1,2025-11-11,6.055617021276595,47,2025-11-11T00:30:00Z,2025-11-12T00:00:00Z,TRUE
21.1,2025-11-12,5.306651162790698,43,2025-11-12T00:30:00Z,2025-11-13T00:00:00Z,TRUE
21.1,2025-11-13,5.096675675675676,37,2025-11-13T00:30:00Z,2025-11-14T00:00:00Z,TRUE
21.1,2025-11-14,8.405702702702703,37,2025-11-14T00:30:00Z,2025-11-15T00:00:00Z,TRUE
21.1,2025-11-15,15.86774358974359,39,2025-11-15T00:30:00Z,2025-11-16T00:00:00Z,TRUE
21.1,2025-11-16,4.0055000000000005,32,2025-11-16T01:00:00Z,2025-11-16T23:30:00Z,FALSE
21.1,2025-11-17,1.8546,35,2025-11-17T01:30:00Z,2025-11-18T00:00:00Z,FALSE
21.1,2025-11-18,9.023611111111112,36,2025-11-18T00:30:00Z,2025-11-19T00:00:00Z,TRUE
21.1,2025-11-19,15.510900000000001,40,2025-11-19T00:30:00Z,2025-11-20T00:00:00Z,TRUE
21.1,2025-11-20,29.561951219512196,41,2025-11-20T00:30:00Z,2025-11-21T00:00:00Z,TRUE
21.1,2025-11-21,26.38054054054054,37,2025-11-21T00:30:00Z,2025-11-21T23:30:00Z,TRUE
21.1,2025-11-22,15.7172,40,2025-11-22T00:30:00Z,2025-11-23T00:00:00Z,TRUE
21.1,2025-11-23,11.897083333333335,36,2025-11-23T02:30:00Z,2025-11-24T00:00:00Z,TRUE
21.1,2025-11-24,4.291586956521739,46,2025-11-24T00:30:00Z,2025-11-25T00:00:00Z,TRUE
21.1,2025-11-25,6.442205128205129,39,2025-11-25T00:30:00Z,2025-11-26T00:00:00Z,TRUE
21.1,2025-11-26,8.117782608695652,46,2025-11-26T00:30:00Z,2025-11-27T00:00:00Z,TRUE
21.1,2025-11-27,4.0407631578947365,38,2025-11-27T00:30:00Z,2025-11-28T00:00:00Z,TRUE
21.1,2025-11-28,3.58253488372093,43,2025-11-28T00:30:00Z,2025-11-29T00:00:00Z,TRUE
21.1,2025-11-29,4.107228571428571,35,2025-11-29T00:30:00Z,2025-11-30T00:00:00Z,FALSE
21.1,2025-11-30,6.891738095238095,42,2025-11-30T00:30:00Z,2025-12-01T00:00:00Z,TRUE
21.1,2025-12-01,4.951973684210527,38,2025-12-01T00:30:00Z,2025-12-02T00:00:00Z,TRUE
21.1,2025-12-02,12.919023809523809,42,2025-12-02T00:30:00Z,2025-12-03T00:00:00Z,TRUE
21.1,2025-12-03,22.52461764705882,34,2025-12-03T00:30:00Z,2025-12-04T00:00:00Z,FALSE
21.1,2025-12-04,16.065454545454546,44,2025-12-04T00:30:00Z,2025-12-05T00:00:00Z,TRUE
21.1,2025-12-05,7.8555238095238105,42,2025-12-05T01:00:00Z,2025-12-06T00:00:00Z,TRUE
21.1,2025-12-06,27.741756756756757,37,2025-12-06T00:30:00Z,2025-12-06T23:30:00Z,TRUE
21.1,2025-12-07,25.038833333333333,36,2025-12-07T00:30:00Z,2025-12-08T00:00:00Z,TRUE
21.1,2025-12-08,2.505025641025641,39,2025-12-08T00:30:00Z,2025-12-09T00:00:00Z,TRUE
21.1,2025-12-09,6.845935483870967,31,2025-12-09T00:30:00Z,2025-12-10T00:00:00Z,FALSE
21.1,2025-12-10,10.103264705882353,34,2025-12-10T02:00:00Z,2025-12-10T23:30:00Z,FALSE
21.1,2025-12-11,2.234709677419355,31,2025-12-11T00:30:00Z,2025-12-12T00:00:00Z,FALSE
21.1,2025-12-12,7.301270270270271,37,2025-12-12T01:00:00Z,2025-12-13T00:00:00Z,TRUE
21.1,2025-12-13,16.914775,40,2025-12-13T00:30:00Z,2025-12-14T00:00:00Z,TRUE
21.1,2025-12-14,3.5522820512820514,39,2025-12-14T00:30:00Z,2025-12-15T00:00:00Z,TRUE
21.1,2025-12-15,7.573111111111111,36,2025-12-15T00:30:00Z,2025-12-16T00:00:00Z,TRUE
21.1,2025-12-16,9.11935,40,2025-12-16T01:00:00Z,2025-12-17T00:00:00Z,TRUE
21.1,2025-12-17,12.4799,30,2025-12-17T01:30:00Z,2025-12-17T23:00:00Z,FALSE
21.1,2025-12-18,12.690555555555555,36,2025-12-18T01:00:00Z,2025-12-18T23:30:00Z,TRUE
21.1,2025-12-19,6.798790697674418,43,2025-12-19T00:30:00Z,2025-12-20T00:00:00Z,TRUE
21.1,2025-12-20,6.829648648648649,37,2025-12-20T00:30:00Z,2025-12-20T23:00:00Z,TRUE
21.1,2025-12-21,3.795952380952381,42,2025-12-21T00:30:00Z,2025-12-22T00:00:00Z,TRUE
21.1,2025-12-22,8.757511627906977,43,2025-12-22T00:30:00Z,2025-12-23T00:00:00Z,TRUE
21.1,2025-12-23,18.276065217391306,46,2025-12-23T00:30:00Z,2025-12-24T00:00:00Z,TRUE
21.1,2025-12-24,18.753268292682925,41,2025-12-24T00:30:00Z,2025-12-25T00:00:00Z,TRUE
21.1,2025-12-25,22.735772727272728,44,2025-12-25T00:30:00Z,2025-12-25T23:30:00Z,TRUE
21.1,2025-12-26,10.995263157894737,38,2025-12-26T00:30:00Z,2025-12-27T00:00:00Z,TRUE
21.1,2025-12-27,12.903138888888888,36,2025-12-27T01:00:00Z,2025-12-28T00:00:00Z,TRUE
21.1,2025-12-28,26.38025,40,2025-12-28T00:30:00Z,2025-12-28T23:30:00Z,TRUE
21.1,2025-12-29,5.028181818181818,33,2025-12-29T00:30:00Z,2025-12-30T00:00:00Z,FALSE
21.1,2025-12-30,3.676219512195122,41,2025-12-30T00:30:00Z,2025-12-31T00:00:00Z,TRUE
21.1,2025-12-31,14.054176470588235,34,2025-12-31T00:30:00Z,2025-12-31T23:30:00Z,FALSE
22.1,2025-05-07,4.4622,10,2025-05-07T19:30:00Z,2025-05-08T00:00:00Z,FALSE
22.1,2025-05-08,8.6135,48,2025-05-08T00:30:00Z,2025-05-09T00:00:00Z,TRUE
22.1,2025-05-09,6.749979166666667,48,2025-05-09T00:30:00Z,2025-05-10T00:00:00Z,TRUE
22.1,2025-05-10,4.02825,48,2025-05-10T00:30:00Z,2025-05-11T00:00:00Z,TRUE
22.1,2025-05-11,4.815791666666667,48,2025-05-11T00:30:00Z,2025-05-12T00:00:00Z,TRUE
22.1,2025-05-12,5.1778125,48,2025-05-12T00:30:00Z,2025-05-13T00:00:00Z,TRUE
22.1,2025-05-13,7.119395833333334,48,2025-05-13T00:30:00Z,2025-05-14T00:00:00Z,TRUE
22.1,2025-05-14,2.223375,48,2025-05-14T00:30:00Z,2025-05-15T00:00:00Z,TRUE
22.1,2025-05-15,8.7089375,48,2025-05-15T00:30:00Z,2025-05-16T00:00:00Z,TRUE
22.1,2025-05-16,9.354875,48,2025-05-16T00:30:00Z,2025-05-17T00:00:00Z,TRUE
22.1,2025-05-17,3.1819583333333332,48,2025-05-17T00:30:00Z,2025-05-18T00:00:00Z,TRUE
22.1,2025-05-18,4.486041666666667,48,2025-05-18T00:30:00Z,2025-05-19T00:00:00Z,TRUE
22.1,2025-05-19,6.85225,48,2025-05-19T00:30:00Z,2025-05-20T00:00:00Z,TRUE
22.1,2025-05-20,6.701604166666667,48,2025-05-20T00:30:00Z,2025-05-21T00:00:00Z,TRUE
22.1,2025-05-21,13.953145833333334,48,2025-05-21T00:30:00Z,2025-05-22T00:00:00Z,TRUE
22.1,2025-05-22,7.417520833333333,48,2025-05-22T00:30:00Z,2025-05-23T00:00:00Z,TRUE
22.1,2025-05-23,2.05875,48,2025-05-23T00:30:00Z,2025-05-24T00:00:00Z,TRUE
22.1,2025-05-24,1.57825,48,2025-05-24T00:30:00Z,2025-05-25T00:00:00Z,TRUE
22.1,2025-05-25,12.225666666666667,48,2025-05-25T00:30:00Z,2025-05-26T00:00:00Z,TRUE
22.1,2025-05-26,27.295562500000003,48,2025-05-26T00:30:00Z,2025-05-27T00:00:00Z,TRUE
22.1,2025-05-27,4.2060208333333335,48,2025-05-27T00:30:00Z,2025-05-28T00:00:00Z,TRUE
22.1,2025-05-28,3.733270833333333,48,2025-05-28T00:30:00Z,2025-05-29T00:00:00Z,TRUE
22.1,2025-05-29,26.702936170212766,47,2025-05-29T00:30:00Z,2025-05-30T00:00:00Z,TRUE
22.1,2025-05-30,11.077791666666666,48,2025-05-30T00:30:00Z,2025-05-31T00:00:00Z,TRUE
22.1,2025-05-31,8.287145833333334,48,2025-05-31T00:30:00Z,2025-06-01T00:00:00Z,TRUE
22.1,2025-06-01,7.433041666666667,48,2025-06-01T00:30:00Z,2025-06-02T00:00:00Z,TRUE
22.1,2025-06-02,3.864,48,2025-06-02T00:30:00Z,2025-06-03T00:00:00Z,TRUE
22.1,2025-06-03,7.7249791666666665,48,2025-06-03T00:30:00Z,2025-06-04T00:00:00Z,TRUE
22.1,2025-06-04,28.208583333333333,48,2025-06-04T00:30:00Z,2025-06-05T00:00:00Z,TRUE
22.1,2025-06-05,30.718520833333333,48,2025-06-05T00:30:00Z,2025-06-06T00:00:00Z,TRUE
22.1,2025-06-06,78.64804761904762,42,2025-06-06T00:30:00Z,2025-06-07T00:00:00Z,TRUE
22.1,2025-06-07,65.77045833333332,48,2025-06-07T00:30:00Z,2025-06-08T00:00:00Z,TRUE
22.1,2025-06-08,46.868291666666664,48,2025-06-08T00:30:00Z,2025-06-09T00:00:00Z,TRUE
22.1,2025-06-09,21.708395833333334,48,2025-06-09T00:30:00Z,2025-06-10T00:00:00Z,TRUE
22.1,2025-06-10,11.1328125,48,2025-06-10T00:30:00Z,2025-06-11T00:00:00Z,TRUE
22.1,2025-06-11,14.386979166666666,48,2025-06-11T00:30:00Z,2025-06-12T00:00:00Z,TRUE
22.1,2025-06-12,22.2484375,48,2025-06-12T00:30:00Z,2025-06-13T00:00:00Z,TRUE
22.1,2025-06-13,24.173229166666665,48,2025-06-13T00:30:00Z,2025-06-14T00:00:00Z,TRUE
22.1,2025-06-14,22.70420512820513,39,2025-06-14T00:30:00Z,2025-06-15T00:00:00Z,TRUE
22.1,2025-06-15,13.376895833333334,48,2025-06-15T00:30:00Z,2025-06-16T00:00:00Z,TRUE
22.1,2025-06-16,11.025208333333333,48,2025-06-16T00:30:00Z,2025-06-17T00:00:00Z,TRUE
22.1,2025-06-17,12.582749999999999,48,2025-06-17T00:30:00Z,2025-06-18T00:00:00Z,TRUE
22.1,2025-06-18,9.851375,48,2025-06-18T00:30:00Z,2025-06-19T00:00:00Z,TRUE
22.1,2025-06-19,6.796604166666667,48,2025-06-19T00:30:00Z,2025-06-20T00:00:00Z,TRUE
22.1,2025-06-20,8.273270833333333,48,2025-06-20T00:30:00Z,2025-06-21T00:00:00Z,TRUE
22.1,2025-06-21,12.9800625,48,2025-06-21T00:30:00Z,2025-06-22T00:00:00Z,TRUE
22.1,2025-06-22,8.603645833333333,48,2025-06-22T00:30:00Z,2025-06-23T00:00:00Z,TRUE
22.1,2025-06-23,7.988145833333333,48,2025-06-23T00:30:00Z,2025-06-24T00:00:00Z,TRUE
22.1,2025-06-24,8.555083333333334,48,2025-06-24T00:30:00Z,2025-06-25T00:00:00Z,TRUE
22.1,2025-06-25,14.8786875,48,2025-06-25T00:30:00Z,2025-06-26T00:00:00Z,TRUE
22.1,2025-06-26,13.605895833333333,48,2025-06-26T00:30:00Z,2025-06-27T00:00:00Z,TRUE
22.1,2025-06-27,10.232645833333333,48,2025-06-27T00:30:00Z,2025-06-28T00:00:00Z,TRUE
22.1,2025-06-28,10.074208333333333,48,2025-06-28T00:30:00Z,2025-06-29T00:00:00Z,TRUE
22.1,2025-06-29,7.570520833333333,48,2025-06-29T00:30:00Z,2025-06-30T00:00:00Z,TRUE
22.1,2025-06-30,10.020020833333334,48,2025-06-30T00:30:00Z,2025-07-01T00:00:00Z,TRUE
22.1,2025-07-01,8.126291666666667,48,2025-07-01T00:30:00Z,2025-07-02T00:00:00Z,TRUE
22.1,2025-07-02,10.937875,48,2025-07-02T00:30:00Z,2025-07-03T00:00:00Z,TRUE
22.1,2025-07-03,15.9863125,48,2025-07-03T00:30:00Z,2025-07-04T00:00:00Z,TRUE
22.1,2025-07-04,21.520500000000002,48,2025-07-04T00:30:00Z,2025-07-05T00:00:00Z,TRUE
22.1,2025-07-05,20.58010416666667,48,2025-07-05T00:30:00Z,2025-07-06T00:00:00Z,TRUE
22.1,2025-07-06,11.408208333333333,48,2025-07-06T00:30:00Z,2025-07-07T00:00:00Z,TRUE
22.1,2025-07-07,12.011583333333334,48,2025-07-07T00:30:00Z,2025-07-08T00:00:00Z,TRUE
22.1,2025-07-08,15.44825,48,2025-07-08T00:30:00Z,2025-07-09T00:00:00Z,TRUE
22.1,2025-07-09,22.492979166666668,48,2025-07-09T00:30:00Z,2025-07-10T00:00:00Z,TRUE
22.1,2025-07-10,21.560083333333335,48,2025-07-10T00:30:00Z,2025-07-11T00:00:00Z,TRUE
22.1,2025-07-11,13.685166666666666,48,2025-07-11T00:30:00Z,2025-07-12T00:00:00Z,TRUE
22.1,2025-07-12,8.693104166666666,48,2025-07-12T00:30:00Z,2025-07-13T00:00:00Z,TRUE
22.1,2025-07-13,5.768770833333333,48,2025-07-13T00:30:00Z,2025-07-14T00:00:00Z,TRUE
22.1,2025-07-14,24.394479166666667,48,2025-07-14T00:30:00Z,2025-07-15T00:00:00Z,TRUE
22.1,2025-07-15,35.42972916666667,48,2025-07-15T00:30:00Z,2025-07-16T00:00:00Z,TRUE
22.1,2025-07-16,34.673833333333334,48,2025-07-16T00:30:00Z,2025-07-17T00:00:00Z,TRUE
22.1,2025-07-17,9.682354166666666,48,2025-07-17T00:30:00Z,2025-07-18T00:00:00Z,TRUE
22.1,2025-07-18,2.1790625,48,2025-07-18T00:30:00Z,2025-07-19T00:00:00Z,TRUE
22.1,2025-07-19,3.8607708333333335,48,2025-07-19T00:30:00Z,2025-07-20T00:00:00Z,TRUE
22.1,2025-07-20,8.146729166666667,48,2025-07-20T00:30:00Z,2025-07-21T00:00:00Z,TRUE
22.1,2025-07-21,20.1203125,48,2025-07-21T00:30:00Z,2025-07-22T00:00:00Z,TRUE
22.1,2025-07-22,5.7280625,48,2025-07-22T00:30:00Z,2025-07-23T00:00:00Z,TRUE
22.1,2025-07-23,3.355395833333333,48,2025-07-23T00:30:00Z,2025-07-24T00:00:00Z,TRUE
22.1,2025-07-24,12.4875,48,2025-07-24T00:30:00Z,2025-07-25T00:00:00Z,TRUE
22.1,2025-07-25,17.424812499999998,48,2025-07-25T00:30:00Z,2025-07-26T00:00:00Z,TRUE
22.1,2025-07-26,11.425021739130434,46,2025-07-26T00:30:00Z,2025-07-27T00:00:00Z,TRUE
22.1,2025-07-27,10.68684090909091,44,2025-07-27T00:30:00Z,2025-07-28T00:00:00Z,TRUE
22.1,2025-07-28,11.304708333333334,48,2025-07-28T00:30:00Z,2025-07-29T00:00:00Z,TRUE
22.1,2025-07-29,11.098895833333334,48,2025-07-29T00:30:00Z,2025-07-30T00:00:00Z,TRUE
22.1,2025-07-30,16.790229166666666,48,2025-07-30T00:30:00Z,2025-07-31T00:00:00Z,TRUE
22.1,2025-07-31,42.8695625,48,2025-07-31T00:30:00Z,2025-08-01T00:00:00Z,TRUE
22.1,2025-08-01,20.5576875,48,2025-08-01T00:30:00Z,2025-08-02T00:00:00Z,TRUE
22.1,2025-08-02,8.769895833333333,48,2025-08-02T00:30:00Z,2025-08-03T00:00:00Z,TRUE
22.1,2025-08-03,14.663625,48,2025-08-03T00:30:00Z,2025-08-04T00:00:00Z,TRUE
22.1,2025-08-04,37.45547916666666,48,2025-08-04T00:30:00Z,2025-08-05T00:00:00Z,TRUE
22.1,2025-08-05,41.33160416666667,48,2025-08-05T00:30:00Z,2025-08-06T00:00:00Z,TRUE
22.1,2025-08-06,23.489125,48,2025-08-06T00:30:00Z,2025-08-07T00:00:00Z,TRUE
22.1,2025-08-07,19.546395833333335,48,2025-08-07T00:30:00Z,2025-08-08T00:00:00Z,TRUE
22.1,2025-08-08,14.174229166666667,48,2025-08-08T00:30:00Z,2025-08-09T00:00:00Z,TRUE
22.1,2025-08-09,20.3628125,48,2025-08-09T00:30:00Z,2025-08-10T00:00:00Z,TRUE
22.1,2025-08-10,27.397041666666667,48,2025-08-10T00:30:00Z,2025-08-11T00:00:00Z,TRUE
22.1,2025-08-11,19.737166666666667,48,2025-08-11T00:30:00Z,2025-08-12T00:00:00Z,TRUE
22.1,2025-08-12,13.6525625,48,2025-08-12T00:30:00Z,2025-08-13T00:00:00Z,TRUE
22.1,2025-08-13,12.305583333333333,24,2025-08-13T00:30:00Z,2025-08-13T21:30:00Z,FALSE
22.1,2025-08-14,19.92497142857143,35,2025-08-14T02:00:00Z,2025-08-15T00:00:00Z,FALSE
22.1,2025-08-15,26.177770833333334,48,2025-08-15T00:30:00Z,2025-08-16T00:00:00Z,TRUE
22.1,2025-08-16,21.00166666666667,48,2025-08-16T00:30:00Z,2025-08-17T00:00:00Z,TRUE
22.1,2025-08-17,14.190958333333334,48,2025-08-17T00:30:00Z,2025-08-18T00:00:00Z,TRUE
22.1,2025-08-18,3.8554375,48,2025-08-18T00:30:00Z,2025-08-19T00:00:00Z,TRUE
22.1,2025-08-19,7.780208333333333,48,2025-08-19T00:30:00Z,2025-08-20T00:00:00Z,TRUE
22.1,2025-08-20,14.227681818181818,22,2025-08-20T00:30:00Z,2025-08-21T00:00:00Z,FALSE
22.1,2025-08-21,2.7785625,48,2025-08-21T00:30:00Z,2025-08-22T00:00:00Z,TRUE
22.1,2025-08-22,2.7551666666666663,48,2025-08-22T00:30:00Z,2025-08-23T00:00:00Z,TRUE
22.1,2025-08-23,8.556541666666668,48,2025-08-23T00:30:00Z,2025-08-24T00:00:00Z,TRUE
22.1,2025-08-24,7.472708333333333,48,2025-08-24T00:30:00Z,2025-08-25T00:00:00Z,TRUE
22.1,2025-08-25,2.4270625,48,2025-08-25T00:30:00Z,2025-08-26T00:00:00Z,TRUE
22.1,2025-08-26,4.232104166666667,48,2025-08-26T00:30:00Z,2025-08-27T00:00:00Z,TRUE
22.1,2025-08-27,4.112520833333333,48,2025-08-27T00:30:00Z,2025-08-28T00:00:00Z,TRUE
22.1,2025-08-28,4.158125,48,2025-08-28T00:30:00Z,2025-08-29T00:00:00Z,TRUE
22.1,2025-08-29,3.7383125,48,2025-08-29T00:30:00Z,2025-08-30T00:00:00Z,TRUE
22.1,2025-08-30,3.0498958333333333,48,2025-08-30T00:30:00Z,2025-08-31T00:00:00Z,TRUE
22.1,2025-08-31,8.7189375,48,2025-08-31T00:30:00Z,2025-09-01T00:00:00Z,TRUE
22.1,2025-09-01,7.4725,48,2025-09-01T00:30:00Z,2025-09-02T00:00:00Z,TRUE
22.1,2025-09-02,4.003875,48,2025-09-02T00:30:00Z,2025-09-03T00:00:00Z,TRUE
22.1,2025-09-03,8.110104166666666,48,2025-09-03T00:30:00Z,2025-09-04T00:00:00Z,TRUE
22.1,2025-09-04,8.343125,48,2025-09-04T00:30:00Z,2025-09-05T00:00:00Z,TRUE
22.1,2025-09-05,21.099270833333332,48,2025-09-05T00:30:00Z,2025-09-06T00:00:00Z,TRUE
22.1,2025-09-06,4.56125,48,2025-09-06T00:30:00Z,2025-09-07T00:00:00Z,TRUE
22.1,2025-09-07,2.7217083333333334,48,2025-09-07T00:30:00Z,2025-09-08T00:00:00Z,TRUE
22.1,2025-09-08,3.997625,48,2025-09-08T00:30:00Z,2025-09-09T00:00:00Z,TRUE
22.1,2025-09-09,3.1375,48,2025-09-09T00:30:00Z,2025-09-10T00:00:00Z,TRUE
22.1,2025-09-10,5.255270833333333,48,2025-09-10T00:30:00Z,2025-09-11T00:00:00Z,TRUE
22.1,2025-09-11,11.231958333333335,48,2025-09-11T00:30:00Z,2025-09-12T00:00:00Z,TRUE
22.1,2025-09-12,18.251562500000002,48,2025-09-12T00:30:00Z,2025-09-13T00:00:00Z,TRUE
22.1,2025-09-13,11.783604166666667,48,2025-09-13T00:30:00Z,2025-09-14T00:00:00Z,TRUE
22.1,2025-09-14,33.0579375,48,2025-09-14T00:30:00Z,2025-09-15T00:00:00Z,TRUE
22.1,2025-09-15,14.114937500000002,48,2025-09-15T00:30:00Z,2025-09-16T00:00:00Z,TRUE
22.1,2025-09-16,10.289166666666667,48,2025-09-16T00:30:00Z,2025-09-17T00:00:00Z,TRUE
22.1,2025-09-17,21.940125,48,2025-09-17T00:30:00Z,2025-09-18T00:00:00Z,TRUE
22.1,2025-09-18,14.007520833333334,48,2025-09-18T00:30:00Z,2025-09-19T00:00:00Z,TRUE
22.1,2025-09-19,13.282708333333334,48,2025-09-19T00:30:00Z,2025-09-20T00:00:00Z,TRUE
22.1,2025-09-20,4.127020833333334,48,2025-09-20T00:30:00Z,2025-09-21T00:00:00Z,TRUE
22.1,2025-09-21,7.70625,48,2025-09-21T00:30:00Z,2025-09-22T00:00:00Z,TRUE
22.1,2025-09-22,12.167270833333333,48,2025-09-22T00:30:00Z,2025-09-23T00:00:00Z,TRUE
22.1,2025-09-23,8.623125,48,2025-09-23T00:30:00Z,2025-09-24T00:00:00Z,TRUE
22.1,2025-09-24,12.964020833333333,48,2025-09-24T00:30:00Z,2025-09-25T00:00:00Z,TRUE
22.1,2025-09-25,30.690708333333333,48,2025-09-25T00:30:00Z,2025-09-26T00:00:00Z,TRUE
22.1,2025-09-26,30.515041666666665,48,2025-09-26T00:30:00Z,2025-09-27T00:00:00Z,TRUE
22.1,2025-09-27,19.747229166666667,48,2025-09-27T00:30:00Z,2025-09-28T00:00:00Z,TRUE
22.1,2025-09-28,12.505020833333333,48,2025-09-28T00:30:00Z,2025-09-29T00:00:00Z,TRUE
22.1,2025-09-29,13.492437500000001,48,2025-09-29T00:30:00Z,2025-09-30T00:00:00Z,TRUE
22.1,2025-09-30,8.205979166666667,48,2025-09-30T00:30:00Z,2025-10-01T00:00:00Z,TRUE
22.1,2025-10-01,3.1457291666666665,48,2025-10-01T00:30:00Z,2025-10-02T00:00:00Z,TRUE
22.1,2025-10-02,2.5565625,48,2025-10-02T00:30:00Z,2025-10-03T00:00:00Z,TRUE
22.1,2025-10-03,6.385979166666667,48,2025-10-03T00:30:00Z,2025-10-04T00:00:00Z,TRUE
22.1,2025-10-04,14.282187500000001,48,2025-10-04T00:30:00Z,2025-10-05T00:00:00Z,TRUE
22.1,2025-10-05,11.922916666666666,48,2025-10-05T00:30:00Z,2025-10-06T00:00:00Z,TRUE
22.1,2025-10-06,4.144020833333333,48,2025-10-06T00:30:00Z,2025-10-07T00:00:00Z,TRUE
22.1,2025-10-07,4.769583333333333,48,2025-10-07T00:30:00Z,2025-10-08T00:00:00Z,TRUE
22.1,2025-10-08,1.4257916666666666,48,2025-10-08T00:30:00Z,2025-10-09T00:00:00Z,TRUE
22.1,2025-10-09,1.5233125,48,2025-10-09T00:30:00Z,2025-10-10T00:00:00Z,TRUE
22.1,2025-10-10,3.3901458333333334,48,2025-10-10T00:30:00Z,2025-10-11T00:00:00Z,TRUE
22.1,2025-10-11,2.4833333333333334,48,2025-10-11T00:30:00Z,2025-10-12T00:00:00Z,TRUE
22.1,2025-10-12,15.139958333333333,48,2025-10-12T00:30:00Z,2025-10-13T00:00:00Z,TRUE
22.1,2025-10-13,6.707416666666667,48,2025-10-13T00:30:00Z,2025-10-14T00:00:00Z,TRUE
22.1,2025-10-14,4.014875,48,2025-10-14T00:30:00Z,2025-10-15T00:00:00Z,TRUE
22.1,2025-10-15,1.756125,48,2025-10-15T00:30:00Z,2025-10-16T00:00:00Z,TRUE
22.1,2025-10-16,1.8172083333333333,48,2025-10-16T00:30:00Z,2025-10-17T00:00:00Z,TRUE
22.1,2025-10-17,4.116854166666667,48,2025-10-17T00:30:00Z,2025-10-18T00:00:00Z,TRUE
22.1,2025-10-18,4.840590909090909,44,2025-10-18T00:30:00Z,2025-10-19T00:00:00Z,TRUE
22.1,2025-10-19,7.952333333333333,48,2025-10-19T00:30:00Z,2025-10-20T00:00:00Z,TRUE
22.1,2025-10-20,2.8496190476190475,42,2025-10-20T00:30:00Z,2025-10-21T00:00:00Z,TRUE
22.1,2025-10-21,3.0354375,48,2025-10-21T00:30:00Z,2025-10-22T00:00:00Z,TRUE
22.1,2025-10-22,2.23475,48,2025-10-22T00:30:00Z,2025-10-23T00:00:00Z,TRUE
22.1,2025-10-23,2.8681666666666668,48,2025-10-23T00:30:00Z,2025-10-24T00:00:00Z,TRUE
22.1,2025-10-24,3.103875,48,2025-10-24T00:30:00Z,2025-10-25T00:00:00Z,TRUE
22.1,2025-10-25,3.1048541666666667,48,2025-10-25T00:30:00Z,2025-10-26T00:00:00Z,TRUE
22.1,2025-10-26,7.116125,48,2025-10-26T00:30:00Z,2025-10-27T00:00:00Z,TRUE
22.1,2025-10-27,3.2821041666666666,48,2025-10-27T00:30:00Z,2025-10-28T00:00:00Z,TRUE
22.1,2025-10-28,2.1894583333333335,48,2025-10-28T00:30:00Z,2025-10-29T00:00:00Z,TRUE
22.1,2025-10-29,3.5580416666666665,48,2025-10-29T00:30:00Z,2025-10-30T00:00:00Z,TRUE
22.1,2025-10-30,3.7065625,48,2025-10-30T00:30:00Z,2025-10-31T00:00:00Z,TRUE
22.1,2025-10-31,3.109875,48,2025-10-31T00:30:00Z,2025-11-01T00:00:00Z,TRUE
22.1,2025-11-01,10.35525,48,2025-11-01T00:30:00Z,2025-11-02T00:00:00Z,TRUE
22.1,2025-11-02,18.829520833333333,48,2025-11-02T00:30:00Z,2025-11-03T00:00:00Z,TRUE
22.1,2025-11-03,13.462749999999998,48,2025-11-03T00:30:00Z,2025-11-04T00:00:00Z,TRUE
22.1,2025-11-04,2.076604166666667,48,2025-11-04T00:30:00Z,2025-11-05T00:00:00Z,TRUE
22.1,2025-11-05,5.047291666666666,48,2025-11-05T00:30:00Z,2025-11-06T00:00:00Z,TRUE
22.1,2025-11-06,2.461875,48,2025-11-06T00:30:00Z,2025-11-07T00:00:00Z,TRUE
22.1,2025-11-07,8.3323125,48,2025-11-07T00:30:00Z,2025-11-08T00:00:00Z,TRUE
22.1,2025-11-08,9.962270833333333,48,2025-11-08T00:30:00Z,2025-11-09T00:00:00Z,TRUE
22.1,2025-11-09,12.859895833333333,48,2025-11-09T00:30:00Z,2025-11-10T00:00:00Z,TRUE
22.1,2025-11-10,2.107375,48,2025-11-10T00:30:00Z,2025-11-11T00:00:00Z,TRUE
22.1,2025-11-11,4.943791666666667,48,2025-11-11T00:30:00Z,2025-11-12T00:00:00Z,TRUE
22.1,2025-11-12,4.439479166666667,48,2025-11-12T00:30:00Z,2025-11-13T00:00:00Z,TRUE
22.1,2025-11-13,3.388916666666667,48,2025-11-13T00:30:00Z,2025-11-14T00:00:00Z,TRUE
22.1,2025-11-14,6.9388125,48,2025-11-14T00:30:00Z,2025-11-15T00:00:00Z,TRUE
22.1,2025-11-15,13.955291666666668,48,2025-11-15T00:30:00Z,2025-11-16T00:00:00Z,TRUE
22.1,2025-11-16,3.074895833333333,48,2025-11-16T00:30:00Z,2025-11-17T00:00:00Z,TRUE
22.1,2025-11-17,2.0987708333333335,48,2025-11-17T00:30:00Z,2025-11-18T00:00:00Z,TRUE
22.1,2025-11-18,10.027729166666667,48,2025-11-18T00:30:00Z,2025-11-19T00:00:00Z,TRUE
22.1,2025-11-19,15.1295625,48,2025-11-19T00:30:00Z,2025-11-20T00:00:00Z,TRUE
22.1,2025-11-20,26.638895833333333,48,2025-11-20T00:30:00Z,2025-11-21T00:00:00Z,TRUE
22.1,2025-11-21,27.973958333333336,48,2025-11-21T00:30:00Z,2025-11-22T00:00:00Z,TRUE
22.1,2025-11-22,19.902645833333334,48,2025-11-22T00:30:00Z,2025-11-23T00:00:00Z,TRUE
22.1,2025-11-23,11.114,48,2025-11-23T00:30:00Z,2025-11-24T00:00:00Z,TRUE
22.1,2025-11-24,5.538083333333334,48,2025-11-24T00:30:00Z,2025-11-25T00:00:00Z,TRUE
22.1,2025-11-25,5.438078947368421,38,2025-11-25T00:30:00Z,2025-11-25T19:00:00Z,TRUE
22.1,2025-11-27,2.726608695652174,23,2025-11-27T08:30:00Z,2025-11-27T19:30:00Z,FALSE
22.1,2025-11-28,2.764777777777778,18,2025-11-28T12:00:00Z,2025-11-29T00:00:00Z,FALSE
22.1,2025-11-29,3.164470588235294,17,2025-11-29T00:30:00Z,2025-11-29T08:30:00Z,FALSE
22.1,2025-11-30,7.15003448275862,29,2025-11-30T05:30:00Z,2025-12-01T00:00:00Z,FALSE
22.1,2025-12-01,4.625979166666667,48,2025-12-01T00:30:00Z,2025-12-02T00:00:00Z,TRUE
22.1,2025-12-02,14.633418604651162,43,2025-12-02T00:30:00Z,2025-12-03T00:00:00Z,TRUE
22.1,2025-12-03,20.874291666666668,48,2025-12-03T00:30:00Z,2025-12-04T00:00:00Z,TRUE
22.1,2025-12-04,19.844937499999997,48,2025-12-04T00:30:00Z,2025-12-05T00:00:00Z,TRUE
22.1,2025-12-05,6.992624999999999,48,2025-12-05T00:30:00Z,2025-12-06T00:00:00Z,TRUE
22.1,2025-12-06,25.311916666666665,48,2025-12-06T00:30:00Z,2025-12-07T00:00:00Z,TRUE
22.1,2025-12-07,21.109142857142857,42,2025-12-07T00:30:00Z,2025-12-08T00:00:00Z,TRUE
22.1,2025-12-08,2.4906666666666664,48,2025-12-08T00:30:00Z,2025-12-09T00:00:00Z,TRUE
22.1,2025-12-09,5.475145833333333,48,2025-12-09T00:30:00Z,2025-12-10T00:00:00Z,TRUE
22.1,2025-12-10,8.649875,32,2025-12-10T00:30:00Z,2025-12-11T00:00:00Z,FALSE
22.1,2025-12-11,2.4303333333333335,48,2025-12-11T00:30:00Z,2025-12-12T00:00:00Z,TRUE
22.1,2025-12-12,5.714688888888889,45,2025-12-12T00:30:00Z,2025-12-12T22:30:00Z,TRUE
22.1,2025-12-13,17.115642857142856,14,2025-12-13T02:00:00Z,2025-12-14T00:00:00Z,FALSE
22.1,2025-12-14,3.5398750000000003,48,2025-12-14T00:30:00Z,2025-12-15T00:00:00Z,TRUE
22.1,2025-12-15,6.9271666666666665,48,2025-12-15T00:30:00Z,2025-12-16T00:00:00Z,TRUE
22.1,2025-12-16,4.276083333333333,12,2025-12-16T00:30:00Z,2025-12-16T09:00:00Z,FALSE
22.1,2025-12-17,5.525526315789474,19,2025-12-17T04:30:00Z,2025-12-17T13:30:00Z,FALSE
22.1,2025-12-18,16.72586206896552,29,2025-12-18T02:00:00Z,2025-12-18T16:00:00Z,FALSE
22.1,2025-12-19,5.386358974358974,39,2025-12-19T05:00:00Z,2025-12-20T00:00:00Z,TRUE
22.1,2025-12-20,6.145791666666667,48,2025-12-20T00:30:00Z,2025-12-21T00:00:00Z,TRUE
22.1,2025-12-21,4.222208333333334,48,2025-12-21T00:30:00Z,2025-12-22T00:00:00Z,TRUE
22.1,2025-12-22,9.7111875,48,2025-12-22T00:30:00Z,2025-12-23T00:00:00Z,TRUE
22.1,2025-12-23,15.2378125,48,2025-12-23T00:30:00Z,2025-12-24T00:00:00Z,TRUE
22.1,2025-12-24,22.4969375,48,2025-12-24T00:30:00Z,2025-12-25T00:00:00Z,TRUE
22.1,2025-12-25,26.272750000000002,48,2025-12-25T00:30:00Z,2025-12-26T00:00:00Z,TRUE
22.1,2025-12-26,13.4814375,48,2025-12-26T00:30:00Z,2025-12-27T00:00:00Z,TRUE
22.1,2025-12-27,11.827854166666667,48,2025-12-27T00:30:00Z,2025-12-28T00:00:00Z,TRUE
22.1,2025-12-28,29.38702222222222,45,2025-12-28T00:30:00Z,2025-12-29T00:00:00Z,TRUE
22.1,2025-12-29,4.1938125,48,2025-12-29T00:30:00Z,2025-12-30T00:00:00Z,TRUE
22.1,2025-12-30,3.9215,48,2025-12-30T00:30:00Z,2025-12-31T00:00:00Z,TRUE
22.1,2025-12-31,10.884553191489362,47,2025-12-31T00:30:00Z,2025-12-31T23:30:00Z,TRUE
23.1,2024-11-07,5.561714285714285,14,2024-11-07T17:30:00Z,2024-11-08T00:00:00Z,FALSE
23.1,2024-11-08,10.17236170212766,47,2024-11-08T00:30:00Z,2024-11-09T00:00:00Z,TRUE
23.1,2024-11-09,2.9396595744680853,47,2024-11-09T00:30:00Z,2024-11-10T00:00:00Z,TRUE
23.1,2024-11-10,21.102702127659576,47,2024-11-10T00:30:00Z,2024-11-10T23:30:00Z,TRUE
23.1,2024-11-11,6.6665531914893625,47,2024-11-11T00:30:00Z,2024-11-12T00:00:00Z,TRUE
23.1,2024-11-12,2.473375,48,2024-11-12T00:30:00Z,2024-11-13T00:00:00Z,TRUE
23.1,2024-11-13,2.6064255319148937,47,2024-11-13T00:30:00Z,2024-11-14T00:00:00Z,TRUE
23.1,2024-11-14,6.834042553191488,47,2024-11-14T00:30:00Z,2024-11-15T00:00:00Z,TRUE
23.1,2024-11-15,73.11184782608696,46,2024-11-15T00:30:00Z,2024-11-16T00:00:00Z,TRUE
23.1,2024-11-16,5.463041666666666,48,2024-11-16T00:30:00Z,2024-11-17T00:00:00Z,TRUE
23.1,2024-11-17,11.026760869565218,46,2024-11-17T00:30:00Z,2024-11-18T00:00:00Z,TRUE
23.1,2024-11-18,25.98495833333333,48,2024-11-18T00:30:00Z,2024-11-19T00:00:00Z,TRUE
23.1,2024-11-19,17.985377777777778,45,2024-11-19T00:30:00Z,2024-11-20T00:00:00Z,TRUE
23.1,2024-11-20,14.35057777777778,45,2024-11-20T00:30:00Z,2024-11-21T00:00:00Z,TRUE
23.1,2024-11-21,4.534125,48,2024-11-21T00:30:00Z,2024-11-22T00:00:00Z,TRUE
23.1,2024-11-22,10.382914893617022,47,2024-11-22T00:30:00Z,2024-11-23T00:00:00Z,TRUE
23.1,2024-11-23,4.695291666666667,48,2024-11-23T00:30:00Z,2024-11-24T00:00:00Z,TRUE
23.1,2024-11-24,16.431229166666668,48,2024-11-24T00:30:00Z,2024-11-25T00:00:00Z,TRUE
23.1,2024-11-25,14.595872340425531,47,2024-11-25T00:30:00Z,2024-11-26T00:00:00Z,TRUE
23.1,2024-11-26,12.454729166666667,48,2024-11-26T00:30:00Z,2024-11-27T00:00:00Z,TRUE
23.1,2024-11-27,6.4872708333333335,48,2024-11-27T00:30:00Z,2024-11-28T00:00:00Z,TRUE
23.1,2024-11-28,15.894717391304349,46,2024-11-28T00:30:00Z,2024-11-29T00:00:00Z,TRUE
23.1,2024-11-29,8.993851063829787,47,2024-11-29T00:30:00Z,2024-11-30T00:00:00Z,TRUE
23.1,2024-11-30,7.432729166666667,48,2024-11-30T00:30:00Z,2024-12-01T00:00:00Z,TRUE
23.1,2024-12-01,6.030531914893617,47,2024-12-01T00:30:00Z,2024-12-02T00:00:00Z,TRUE
23.1,2024-12-02,12.224510638297872,47,2024-12-02T00:30:00Z,2024-12-03T00:00:00Z,TRUE
23.1,2024-12-03,15.668148936170214,47,2024-12-03T00:30:00Z,2024-12-04T00:00:00Z,TRUE
23.1,2024-12-04,14.1004375,48,2024-12-04T00:30:00Z,2024-12-05T00:00:00Z,TRUE
23.1,2024-12-05,7.164617021276595,47,2024-12-05T00:30:00Z,2024-12-06T00:00:00Z,TRUE
23.1,2024-12-06,6.9265,48,2024-12-06T00:30:00Z,2024-12-07T00:00:00Z,TRUE
23.1,2024-12-07,4.3318125,48,2024-12-07T00:30:00Z,2024-12-08T00:00:00Z,TRUE
23.1,2024-12-08,6.688404255319149,47,2024-12-08T00:30:00Z,2024-12-09T00:00:00Z,TRUE
23.1,2024-12-09,7.991574468085107,47,2024-12-09T00:30:00Z,2024-12-10T00:00:00Z,TRUE
23.1,2024-12-10,49.73043181818182,44,2024-12-10T00:30:00Z,2024-12-11T00:00:00Z,TRUE
23.1,2024-12-11,27.324969696969696,33,2024-12-11T00:30:00Z,2024-12-12T00:00:00Z,FALSE
23.1,2024-12-12,5.603666666666666,48,2024-12-12T00:30:00Z,2024-12-13T00:00:00Z,TRUE
23.1,2024-12-13,5.546234042553191,47,2024-12-13T00:30:00Z,2024-12-14T00:00:00Z,TRUE
23.1,2024-12-14,8.783955555555556,45,2024-12-14T00:30:00Z,2024-12-14T23:30:00Z,TRUE
23.1,2024-12-15,13.796333333333333,33,2024-12-15T00:30:00Z,2024-12-15T19:30:00Z,FALSE
23.1,2024-12-16,56.0723125,16,2024-12-16T03:00:00Z,2024-12-16T22:00:00Z,FALSE
23.1,2024-12-17,14.50847619047619,42,2024-12-17T03:30:00Z,2024-12-18T00:00:00Z,TRUE
23.1,2024-12-18,45.65593617021277,47,2024-12-18T00:30:00Z,2024-12-19T00:00:00Z,TRUE
23.1,2024-12-19,8.72804255319149,47,2024-12-19T00:30:00Z,2024-12-20T00:00:00Z,TRUE
23.1,2024-12-20,18.152068181818183,44,2024-12-20T00:30:00Z,2024-12-20T22:00:00Z,TRUE
23.1,2024-12-21,3.0284565217391304,46,2024-12-21T01:30:00Z,2024-12-22T00:00:00Z,TRUE
23.1,2024-12-22,3.039851063829787,47,2024-12-22T00:30:00Z,2024-12-23T00:00:00Z,TRUE
23.1,2024-12-23,6.513255319148937,47,2024-12-23T00:30:00Z,2024-12-24T00:00:00Z,TRUE
23.1,2024-12-24,30.459542857142857,35,2024-12-24T00:30:00Z,2024-12-25T00:00:00Z,FALSE
23.1,2024-12-25,20.55128260869565,46,2024-12-25T00:30:00Z,2024-12-26T00:00:00Z,TRUE
23.1,2024-12-26,13.229354166666667,48,2024-12-26T00:30:00Z,2024-12-27T00:00:00Z,TRUE
23.1,2024-12-27,12.88927659574468,47,2024-12-27T00:30:00Z,2024-12-28T00:00:00Z,TRUE
23.1,2024-12-28,6.71225,44,2024-12-28T00:30:00Z,2024-12-29T00:00:00Z,TRUE
23.1,2024-12-29,7.5661,40,2024-12-29T00:30:00Z,2024-12-30T00:00:00Z,TRUE
23.1,2024-12-30,4.743186046511628,43,2024-12-30T00:30:00Z,2024-12-31T00:00:00Z,TRUE
23.1,2024-12-31,9.228955555555556,45,2024-12-31T00:30:00Z,2025-01-01T00:00:00Z,TRUE
23.1,2025-01-01,9.29215909090909,44,2025-01-01T00:30:00Z,2025-01-02T00:00:00Z,TRUE
23.1,2025-01-02,9.354723404255319,47,2025-01-02T00:30:00Z,2025-01-03T00:00:00Z,TRUE
23.1,2025-01-03,11.558106382978723,47,2025-01-03T00:30:00Z,2025-01-04T00:00:00Z,TRUE
23.1,2025-01-04,3.5292916666666665,48,2025-01-04T00:30:00Z,2025-01-05T00:00:00Z,TRUE
23.1,2025-01-05,6.910382978723404,47,2025-01-05T00:30:00Z,2025-01-06T00:00:00Z,TRUE
23.1,2025-01-06,7.8262307692307695,39,2025-01-06T00:30:00Z,2025-01-07T00:00:00Z,TRUE
23.1,2025-01-07,6.83136170212766,47,2025-01-07T00:30:00Z,2025-01-08T00:00:00Z,TRUE
23.1,2025-01-08,5.2408936170212765,47,2025-01-08T00:30:00Z,2025-01-09T00:00:00Z,TRUE
23.1,2025-01-09,5.470702127659574,47,2025-01-09T00:30:00Z,2025-01-10T00:00:00Z,TRUE
23.1,2025-01-10,13.656041666666667,48,2025-01-10T00:30:00Z,2025-01-11T00:00:00Z,TRUE
23.1,2025-01-11,31.038083333333333,48,2025-01-11T00:30:00Z,2025-01-12T00:00:00Z,TRUE
23.1,2025-01-12,26.4350243902439,41,2025-01-12T00:30:00Z,2025-01-12T23:30:00Z,TRUE
23.1,2025-01-13,7.361659574468086,47,2025-01-13T00:30:00Z,2025-01-14T00:00:00Z,TRUE
23.1,2025-01-14,5.742066666666667,45,2025-01-14T00:30:00Z,2025-01-15T00:00:00Z,TRUE
23.1,2025-01-15,6.5005434782608695,46,2025-01-15T00:30:00Z,2025-01-15T23:30:00Z,TRUE
23.1,2025-01-16,18.654205128205128,39,2025-01-16T00:30:00Z,2025-01-17T00:00:00Z,TRUE
23.1,2025-01-17,32.36492682926829,41,2025-01-17T00:30:00Z,2025-01-18T00:00:00Z,TRUE
23.1,2025-01-18,7.723688888888889,45,2025-01-18T00:30:00Z,2025-01-19T00:00:00Z,TRUE
23.1,2025-01-19,5.033875,48,2025-01-19T00:30:00Z,2025-01-20T00:00:00Z,TRUE
23.1,2025-01-20,4.338913043478261,46,2025-01-20T00:30:00Z,2025-01-21T00:00:00Z,TRUE
23.1,2025-01-21,3.6841041666666667,48,2025-01-21T00:30:00Z,2025-01-22T00:00:00Z,TRUE
23.1,2025-01-22,2.791422222222222,45,2025-01-22T00:30:00Z,2025-01-23T00:00:00Z,TRUE
23.1,2025-01-23,8.717755555555556,45,2025-01-23T00:30:00Z,2025-01-24T00:00:00Z,TRUE
23.1,2025-01-24,6.042808510638298,47,2025-01-24T00:30:00Z,2025-01-25T00:00:00Z,TRUE
23.1,2025-01-25,11.976955555555556,45,2025-01-25T00:30:00Z,2025-01-26T00:00:00Z,TRUE
23.1,2025-01-26,7.4022,45,2025-01-26T00:30:00Z,2025-01-27T00:00:00Z,TRUE
23.1,2025-01-27,5.2822790697674415,43,2025-01-27T00:30:00Z,2025-01-27T23:30:00Z,TRUE
23.1,2025-01-28,5.0240638297872335,47,2025-01-28T00:30:00Z,2025-01-29T00:00:00Z,TRUE
23.1,2025-01-29,8.02739534883721,43,2025-01-29T00:30:00Z,2025-01-30T00:00:00Z,TRUE
23.1,2025-01-30,5.695,42,2025-01-30T00:30:00Z,2025-01-31T00:00:00Z,TRUE
23.1,2025-01-31,16.413733333333333,45,2025-01-31T00:30:00Z,2025-02-01T00:00:00Z,TRUE
23.1,2025-02-01,12.410955555555557,45,2025-02-01T00:30:00Z,2025-02-02T00:00:00Z,TRUE
23.1,2025-02-02,9.103124999999999,48,2025-02-02T00:30:00Z,2025-02-03T00:00:00Z,TRUE
23.1,2025-02-03,42.94776086956522,46,2025-02-03T00:30:00Z,2025-02-04T00:00:00Z,TRUE
23.1,2025-02-04,16.460044444444446,45,2025-02-04T00:30:00Z,2025-02-05T00:00:00Z,TRUE
23.1,2025-02-05,2.6452391304347826,46,2025-02-05T00:30:00Z,2025-02-06T00:00:00Z,TRUE
23.1,2025-02-06,17.88408108108108,37,2025-02-06T00:30:00Z,2025-02-06T23:30:00Z,TRUE
23.1,2025-02-07,7.0768125,48,2025-02-07T00:30:00Z,2025-02-08T00:00:00Z,TRUE
23.1,2025-02-08,9.22944680851064,47,2025-02-08T00:30:00Z,2025-02-09T00:00:00Z,TRUE
23.1,2025-02-09,23.180708333333335,48,2025-02-09T00:30:00Z,2025-02-10T00:00:00Z,TRUE
23.1,2025-02-10,8.941553191489362,47,2025-02-10T00:30:00Z,2025-02-11T00:00:00Z,TRUE
23.1,2025-02-11,22.26369565217391,46,2025-02-11T00:30:00Z,2025-02-12T00:00:00Z,TRUE
23.1,2025-02-12,22.297844444444443,45,2025-02-12T00:30:00Z,2025-02-13T00:00:00Z,TRUE
23.1,2025-02-13,22.453870967741935,31,2025-02-13T00:30:00Z,2025-02-14T00:00:00Z,FALSE
23.1,2025-02-14,8.711644444444445,45,2025-02-14T00:30:00Z,2025-02-15T00:00:00Z,TRUE
23.1,2025-02-15,14.908142857142858,42,2025-02-15T00:30:00Z,2025-02-16T00:00:00Z,TRUE
23.1,2025-02-16,25.304644444444445,45,2025-02-16T00:30:00Z,2025-02-17T00:00:00Z,TRUE
23.1,2025-02-17,4.40963829787234,47,2025-02-17T00:30:00Z,2025-02-18T00:00:00Z,TRUE
23.1,2025-02-18,4.5029130434782605,46,2025-02-18T00:30:00Z,2025-02-19T00:00:00Z,TRUE
23.1,2025-02-19,4.392047619047619,42,2025-02-19T00:30:00Z,2025-02-20T00:00:00Z,TRUE
23.1,2025-02-20,5.771391304347826,46,2025-02-20T00:30:00Z,2025-02-21T00:00:00Z,TRUE
23.1,2025-02-21,4.805833333333333,48,2025-02-21T00:30:00Z,2025-02-22T00:00:00Z,TRUE
23.1,2025-02-22,12.557622222222221,45,2025-02-22T00:30:00Z,2025-02-23T00:00:00Z,TRUE
23.1,2025-02-23,9.330219512195121,41,2025-02-23T00:30:00Z,2025-02-24T00:00:00Z,TRUE
23.1,2025-02-24,10.826772727272727,44,2025-02-24T00:30:00Z,2025-02-25T00:00:00Z,TRUE
23.1,2025-02-25,8.790977777777778,45,2025-02-25T00:30:00Z,2025-02-26T00:00:00Z,TRUE
23.1,2025-02-26,16.978093023255813,43,2025-02-26T00:30:00Z,2025-02-27T00:00:00Z,TRUE
23.1,2025-02-27,45.91017391304348,23,2025-02-27T01:00:00Z,2025-02-28T00:00:00Z,FALSE
23.1,2025-02-28,12.35836170212766,47,2025-02-28T00:30:00Z,2025-02-28T23:30:00Z,TRUE
23.1,2025-03-01,3.116090909090909,44,2025-03-01T00:30:00Z,2025-03-02T00:00:00Z,TRUE
23.1,2025-03-02,5.251851063829787,47,2025-03-02T00:30:00Z,2025-03-03T00:00:00Z,TRUE
23.1,2025-03-03,7.410553191489361,47,2025-03-03T00:30:00Z,2025-03-04T00:00:00Z,TRUE
23.1,2025-03-04,5.806318181818182,44,2025-03-04T00:30:00Z,2025-03-05T00:00:00Z,TRUE
23.1,2025-03-05,4.562658536585366,41,2025-03-05T00:30:00Z,2025-03-06T00:00:00Z,TRUE
23.1,2025-03-06,3.0869545454545455,44,2025-03-06T00:30:00Z,2025-03-07T00:00:00Z,TRUE
23.1,2025-03-07,7.549553191489362,47,2025-03-07T00:30:00Z,2025-03-08T00:00:00Z,TRUE
23.1,2025-03-08,9.24097435897436,39,2025-03-08T00:30:00Z,2025-03-09T00:00:00Z,TRUE
23.1,2025-03-09,5.666444444444444,45,2025-03-09T00:30:00Z,2025-03-10T00:00:00Z,TRUE
23.1,2025-03-10,4.270979166666667,48,2025-03-10T00:30:00Z,2025-03-11T00:00:00Z,TRUE
23.1,2025-03-11,6.315133333333333,45,2025-03-11T00:30:00Z,2025-03-12T00:00:00Z,TRUE
23.1,2025-03-12,2.274159090909091,44,2025-03-12T00:30:00Z,2025-03-13T00:00:00Z,TRUE
23.1,2025-03-13,6.984555555555556,45,2025-03-13T00:30:00Z,2025-03-14T00:00:00Z,TRUE
23.1,2025-03-14,7.1142,45,2025-03-14T00:30:00Z,2025-03-15T00:00:00Z,TRUE
23.1,2025-03-15,12.17804347826087,46,2025-03-15T00:30:00Z,2025-03-16T00:00:00Z,TRUE
23.1,2025-03-16,4.869655172413793,29,2025-03-16T00:30:00Z,2025-03-17T00:00:00Z,FALSE
23.1,2025-03-17,4.539288888888889,45,2025-03-17T00:30:00Z,2025-03-18T00:00:00Z,TRUE
23.1,2025-03-18,5.11731914893617,47,2025-03-18T00:30:00Z,2025-03-19T00:00:00Z,TRUE
23.1,2025-03-19,4.734239130434783,46,2025-03-19T00:30:00Z,2025-03-20T00:00:00Z,TRUE
23.1,2025-03-20,4.814027027027027,37,2025-03-20T00:30:00Z,2025-03-21T00:00:00Z,TRUE
23.1,2025-03-21,4.116347826086956,46,2025-03-21T00:30:00Z,2025-03-22T00:00:00Z,TRUE
23.1,2025-03-22,4.325577777777778,45,2025-03-22T00:30:00Z,2025-03-23T00:00:00Z,TRUE
23.1,2025-03-23,5.184720930232558,43,2025-03-23T00:30:00Z,2025-03-24T00:00:00Z,TRUE
23.1,2025-03-24,6.813891304347826,46,2025-03-24T00:30:00Z,2025-03-25T00:00:00Z,TRUE
23.1,2025-03-25,7.357279069767442,43,2025-03-25T00:30:00Z,2025-03-26T00:00:00Z,TRUE
23.1,2025-03-26,6.997249999999999,48,2025-03-26T00:30:00Z,2025-03-27T00:00:00Z,TRUE
23.1,2025-03-27,5.927607142857143,28,2025-03-27T00:30:00Z,2025-03-28T00:00:00Z,FALSE
23.1,2025-03-28,10.791227272727273,44,2025-03-28T00:30:00Z,2025-03-29T00:00:00Z,TRUE
23.1,2025-03-29,10.183904761904762,42,2025-03-29T00:30:00Z,2025-03-29T23:30:00Z,TRUE
23.1,2025-03-30,12.413566666666666,30,2025-03-30T00:30:00Z,2025-03-31T00:00:00Z,FALSE
23.1,2025-03-31,5.8890666666666664,45,2025-03-31T01:00:00Z,2025-04-01T00:00:00Z,TRUE
23.1,2025-04-01,4.3794130434782605,46,2025-04-01T00:30:00Z,2025-04-02T00:00:00Z,TRUE
23.1,2025-04-02,4.616260869565218,46,2025-04-02T00:30:00Z,2025-04-03T00:00:00Z,TRUE
23.1,2025-04-03,4.124170731707317,41,2025-04-03T00:30:00Z,2025-04-04T00:00:00Z,TRUE
23.1,2025-04-04,2.156833333333333,48,2025-04-04T00:30:00Z,2025-04-05T00:00:00Z,TRUE
23.1,2025-04-05,7.424171428571428,35,2025-04-05T00:30:00Z,2025-04-05T23:00:00Z,FALSE
23.1,2025-04-06,4.393137931034483,29,2025-04-06T08:30:00Z,2025-04-07T00:00:00Z,FALSE
23.1,2025-04-07,8.521104166666666,48,2025-04-07T00:30:00Z,2025-04-08T00:00:00Z,TRUE
23.1,2025-04-08,5.0645454545454545,44,2025-04-08T00:30:00Z,2025-04-09T00:00:00Z,TRUE
23.1,2025-04-09,7.126558139534883,43,2025-04-09T00:30:00Z,2025-04-10T00:00:00Z,TRUE
23.1,2025-04-10,23.121583333333334,36,2025-04-10T00:30:00Z,2025-04-11T00:00:00Z,TRUE
23.1,2025-04-11,18.443704545454548,44,2025-04-11T00:30:00Z,2025-04-12T00:00:00Z,TRUE
23.1,2025-04-12,12.422463414634146,41,2025-04-12T00:30:00Z,2025-04-13T00:00:00Z,TRUE
23.1,2025-04-13,7.273042553191489,47,2025-04-13T00:30:00Z,2025-04-14T00:00:00Z,TRUE
23.1,2025-04-14,4.695829787234042,47,2025-04-14T00:30:00Z,2025-04-15T00:00:00Z,TRUE
23.1,2025-04-15,4.261688888888889,45,2025-04-15T00:30:00Z,2025-04-15T23:30:00Z,TRUE
23.1,2025-04-16,7.460999999999999,47,2025-04-16T00:30:00Z,2025-04-17T00:00:00Z,TRUE
23.1,2025-04-17,6.668468085106383,47,2025-04-17T00:30:00Z,2025-04-17T23:30:00Z,TRUE
23.1,2025-04-18,6.345239130434783,46,2025-04-18T00:30:00Z,2025-04-19T00:00:00Z,TRUE
23.1,2025-04-19,10.08841304347826,46,2025-04-19T00:30:00Z,2025-04-20T00:00:00Z,TRUE
23.1,2025-04-20,5.281750000000001,48,2025-04-20T00:30:00Z,2025-04-21T00:00:00Z,TRUE
23.1,2025-04-21,5.647181818181818,44,2025-04-21T00:30:00Z,2025-04-21T23:30:00Z,TRUE
23.1,2025-04-22,9.160822222222222,45,2025-04-22T00:30:00Z,2025-04-23T00:00:00Z,TRUE
23.1,2025-04-23,4.119297872340425,47,2025-04-23T00:30:00Z,2025-04-24T00:00:00Z,TRUE
23.1,2025-04-24,4.9078333333333335,48,2025-04-24T00:30:00Z,2025-04-25T00:00:00Z,TRUE
23.1,2025-04-25,6.695477272727272,44,2025-04-25T00:30:00Z,2025-04-25T23:30:00Z,TRUE
23.1,2025-04-26,18.394222222222222,18,2025-04-26T14:30:00Z,2025-04-27T00:00:00Z,FALSE
23.1,2025-04-27,6.754782608695653,46,2025-04-27T00:30:00Z,2025-04-28T00:00:00Z,TRUE
23.1,2025-04-28,2.9809782608695654,46,2025-04-28T00:30:00Z,2025-04-29T00:00:00Z,TRUE
23.1,2025-04-29,6.906148936170212,47,2025-04-29T00:30:00Z,2025-04-30T00:00:00Z,TRUE
23.1,2025-04-30,8.71091304347826,46,2025-04-30T00:30:00Z,2025-05-01T00:00:00Z,TRUE
23.1,2025-05-01,4.510291666666666,48,2025-05-01T00:30:00Z,2025-05-02T00:00:00Z,TRUE
23.1,2025-05-02,6.792717391304348,46,2025-05-02T00:30:00Z,2025-05-03T00:00:00Z,TRUE
23.1,2025-05-03,16.457418604651163,43,2025-05-03T00:30:00Z,2025-05-04T00:00:00Z,TRUE
23.1,2025-05-04,8.087108695652173,46,2025-05-04T00:30:00Z,2025-05-05T00:00:00Z,TRUE
23.1,2025-05-05,11.833285714285715,28,2025-05-05T00:30:00Z,2025-05-06T00:00:00Z,FALSE
23.1,2025-05-06,6.381866666666666,45,2025-05-06T00:30:00Z,2025-05-07T00:00:00Z,TRUE
23.1,2025-05-07,12.788340909090909,44,2025-05-07T00:30:00Z,2025-05-08T00:00:00Z,TRUE
23.1,2025-05-08,8.52213953488372,43,2025-05-08T00:30:00Z,2025-05-09T00:00:00Z,TRUE
23.1,2025-05-09,9.711234042553192,47,2025-05-09T00:30:00Z,2025-05-10T00:00:00Z,TRUE
23.1,2025-05-10,4.9522916666666665,48,2025-05-10T00:30:00Z,2025-05-11T00:00:00Z,TRUE
23.1,2025-05-11,4.856363636363636,44,2025-05-11T01:30:00Z,2025-05-12T00:00:00Z,TRUE
23.1,2025-05-12,4.44854347826087,46,2025-05-12T00:30:00Z,2025-05-13T00:00:00Z,TRUE
23.1,2025-05-13,5.475854166666666,48,2025-05-13T00:30:00Z,2025-05-14T00:00:00Z,TRUE
23.1,2025-05-14,2.2411333333333334,45,2025-05-14T00:30:00Z,2025-05-15T00:00:00Z,TRUE
23.1,2025-05-15,11.841304347826087,46,2025-05-15T00:30:00Z,2025-05-16T00:00:00Z,TRUE
23.1,2025-05-16,8.891288888888889,45,2025-05-16T00:30:00Z,2025-05-17T00:00:00Z,TRUE
23.1,2025-05-17,8.000958333333333,48,2025-05-17T00:30:00Z,2025-05-18T00:00:00Z,TRUE
23.1,2025-05-18,5.93636170212766,47,2025-05-18T00:30:00Z,2025-05-19T00:00:00Z,TRUE
23.1,2025-05-19,7.018142857142856,42,2025-05-19T00:30:00Z,2025-05-20T00:00:00Z,TRUE
23.1,2025-05-20,5.327083333333333,48,2025-05-20T00:30:00Z,2025-05-21T00:00:00Z,TRUE
23.1,2025-05-21,11.01197619047619,42,2025-05-21T00:30:00Z,2025-05-22T00:00:00Z,TRUE
23.1,2025-05-22,8.603866666666667,45,2025-05-22T00:30:00Z,2025-05-23T00:00:00Z,TRUE
23.1,2025-05-23,8.048,45,2025-05-23T00:30:00Z,2025-05-24T00:00:00Z,TRUE
23.1,2025-05-24,2.6075416666666666,48,2025-05-24T00:30:00Z,2025-05-25T00:00:00Z,TRUE
23.1,2025-05-25,5.873866666666666,45,2025-05-25T00:30:00Z,2025-05-26T00:00:00Z,TRUE
23.1,2025-05-26,5.0843541666666665,48,2025-05-26T00:30:00Z,2025-05-27T00:00:00Z,TRUE
23.1,2025-05-27,3.553775,40,2025-05-27T00:30:00Z,2025-05-28T00:00:00Z,TRUE
23.1,2025-05-28,3.7260454545454547,44,2025-05-28T00:30:00Z,2025-05-29T00:00:00Z,TRUE
23.1,2025-05-29,18.32002222222222,45,2025-05-29T00:30:00Z,2025-05-30T00:00:00Z,TRUE
23.1,2025-05-30,10.894733333333333,45,2025-05-30T00:30:00Z,2025-05-31T00:00:00Z,TRUE
23.1,2025-05-31,11.64304347826087,46,2025-05-31T00:30:00Z,2025-06-01T00:00:00Z,TRUE
23.1,2025-06-01,5.781104166666666,48,2025-06-01T00:30:00Z,2025-06-02T00:00:00Z,TRUE
23.1,2025-06-02,4.294391304347826,46,2025-06-02T00:30:00Z,2025-06-03T00:00:00Z,TRUE
23.1,2025-06-03,8.996260869565218,46,2025-06-03T00:30:00Z,2025-06-04T00:00:00Z,TRUE
23.1,2025-06-04,25.629595744680852,47,2025-06-04T00:30:00Z,2025-06-05T00:00:00Z,TRUE
23.1,2025-06-05,36.0556875,48,2025-06-05T00:30:00Z,2025-06-06T00:00:00Z,TRUE
23.1,2025-06-06,23.505375,48,2025-06-06T00:30:00Z,2025-06-07T00:00:00Z,TRUE
23.1,2025-06-07,56.399478260869564,46,2025-06-07T00:30:00Z,2025-06-08T00:00:00Z,TRUE
23.1,2025-06-08,38.63362222222222,45,2025-06-08T00:30:00Z,2025-06-09T00:00:00Z,TRUE
23.1,2025-06-09,20.64008510638298,47,2025-06-09T00:30:00Z,2025-06-10T00:00:00Z,TRUE
23.1,2025-06-10,11.979347826086956,46,2025-06-10T00:30:00Z,2025-06-11T00:00:00Z,TRUE
23.1,2025-06-11,15.847872340425532,47,2025-06-11T00:30:00Z,2025-06-12T00:00:00Z,TRUE
23.1,2025-06-12,24.38995744680851,47,2025-06-12T00:30:00Z,2025-06-13T00:00:00Z,TRUE
23.1,2025-06-13,27.203978723404255,47,2025-06-13T00:30:00Z,2025-06-14T00:00:00Z,TRUE
23.1,2025-06-14,16.80991304347826,46,2025-06-14T00:30:00Z,2025-06-15T00:00:00Z,TRUE
23.1,2025-06-15,10.4965625,48,2025-06-15T00:30:00Z,2025-06-16T00:00:00Z,TRUE
23.1,2025-06-16,10.904489361702128,47,2025-06-16T00:30:00Z,2025-06-17T00:00:00Z,TRUE
23.1,2025-06-17,13.9115,48,2025-06-17T00:30:00Z,2025-06-18T00:00:00Z,TRUE
23.1,2025-06-18,10.865739130434783,46,2025-06-18T00:30:00Z,2025-06-19T00:00:00Z,TRUE
23.1,2025-06-19,6.868744680851064,47,2025-06-19T00:30:00Z,2025-06-20T00:00:00Z,TRUE
23.1,2025-06-20,9.004297872340425,47,2025-06-20T00:30:00Z,2025-06-21T00:00:00Z,TRUE
23.1,2025-06-21,13.190130434782608,46,2025-06-21T00:30:00Z,2025-06-22T00:00:00Z,TRUE
23.1,2025-06-22,9.308666666666667,45,2025-06-22T00:30:00Z,2025-06-23T00:00:00Z,TRUE
23.1,2025-06-23,9.04995652173913,46,2025-06-23T00:30:00Z,2025-06-24T00:00:00Z,TRUE
23.1,2025-06-24,9.522333333333334,48,2025-06-24T00:30:00Z,2025-06-25T00:00:00Z,TRUE
23.1,2025-06-25,11.02171052631579,38,2025-06-25T00:30:00Z,2025-06-26T00:00:00Z,TRUE
23.1,2025-06-26,15.947979166666666,48,2025-06-26T00:30:00Z,2025-06-27T00:00:00Z,TRUE
23.1,2025-06-27,11.46967441860465,43,2025-06-27T00:30:00Z,2025-06-28T00:00:00Z,TRUE
23.1,2025-06-28,16.903,46,2025-06-28T00:30:00Z,2025-06-29T00:00:00Z,TRUE
23.1,2025-06-29,12.40414893617021,47,2025-06-29T00:30:00Z,2025-06-30T00:00:00Z,TRUE
23.1,2025-06-30,12.325208333333332,48,2025-06-30T00:30:00Z,2025-07-01T00:00:00Z,TRUE
23.1,2025-07-01,13.643416666666667,48,2025-07-01T00:30:00Z,2025-07-02T00:00:00Z,TRUE
23.1,2025-07-02,10.49975,48,2025-07-02T00:30:00Z,2025-07-03T00:00:00Z,TRUE
23.1,2025-07-03,19.786234042553193,47,2025-07-03T00:30:00Z,2025-07-04T00:00:00Z,TRUE
23.1,2025-07-04,21.150041666666667,48,2025-07-04T00:30:00Z,2025-07-05T00:00:00Z,TRUE
23.1,2025-07-05,18.321413043478262,46,2025-07-05T00:30:00Z,2025-07-06T00:00:00Z,TRUE
23.1,2025-07-06,13.071159090909092,44,2025-07-06T00:30:00Z,2025-07-07T00:00:00Z,TRUE
23.1,2025-07-07,14.703489361702127,47,2025-07-07T00:30:00Z,2025-07-08T00:00:00Z,TRUE
23.1,2025-07-08,15.8696875,48,2025-07-08T00:30:00Z,2025-07-09T00:00:00Z,TRUE
23.1,2025-07-09,23.64945833333333,48,2025-07-09T00:30:00Z,2025-07-10T00:00:00Z,TRUE
23.1,2025-07-10,22.922291666666666,48,2025-07-10T00:30:00Z,2025-07-11T00:00:00Z,TRUE
23.1,2025-07-11,13.586212765957447,47,2025-07-11T00:30:00Z,2025-07-12T00:00:00Z,TRUE
23.1,2025-07-12,10.471195652173913,46,2025-07-12T00:30:00Z,2025-07-13T00:00:00Z,TRUE
23.1,2025-07-13,9.011891304347825,46,2025-07-13T01:00:00Z,2025-07-13T23:30:00Z,TRUE
23.1,2025-07-18,2.648,1,2025-07-19T00:00:00Z,2025-07-19T00:00:00Z,FALSE
23.1,2025-07-19,5.052782608695652,46,2025-07-19T00:30:00Z,2025-07-20T00:00:00Z,TRUE
23.1,2025-07-20,8.548021276595744,47,2025-07-20T00:30:00Z,2025-07-21T00:00:00Z,TRUE
23.1,2025-07-21,21.097522727272725,44,2025-07-21T00:30:00Z,2025-07-22T00:00:00Z,TRUE
23.1,2025-07-22,8.460755555555554,45,2025-07-22T00:30:00Z,2025-07-23T00:00:00Z,TRUE
23.1,2025-07-23,3.9630851063829784,47,2025-07-23T00:30:00Z,2025-07-24T00:00:00Z,TRUE
23.1,2025-07-24,15.882125,48,2025-07-24T00:30:00Z,2025-07-25T00:00:00Z,TRUE
23.1,2025-07-25,14.537934782608696,46,2025-07-25T00:30:00Z,2025-07-26T00:00:00Z,TRUE
23.1,2025-07-26,11.807340425531915,47,2025-07-26T00:30:00Z,2025-07-27T00:00:00Z,TRUE
23.1,2025-07-27,13.330782608695651,46,2025-07-27T00:30:00Z,2025-07-28T00:00:00Z,TRUE
23.1,2025-07-28,10.286604166666667,48,2025-07-28T00:30:00Z,2025-07-29T00:00:00Z,TRUE
23.1,2025-07-29,9.992729166666667,48,2025-07-29T00:30:00Z,2025-07-30T00:00:00Z,TRUE
23.1,2025-07-30,14.211729166666666,48,2025-07-30T00:30:00Z,2025-07-31T00:00:00Z,TRUE
23.1,2025-07-31,42.80083333333333,42,2025-07-31T00:30:00Z,2025-08-01T00:00:00Z,TRUE
23.1,2025-08-01,19.653744186046513,43,2025-08-01T00:30:00Z,2025-08-02T00:00:00Z,TRUE
23.1,2025-08-02,5.9491875,48,2025-08-02T00:30:00Z,2025-08-03T00:00:00Z,TRUE
23.1,2025-08-03,12.620375,48,2025-08-03T00:30:00Z,2025-08-04T00:00:00Z,TRUE
23.1,2025-08-04,43.75485106382978,47,2025-08-04T00:30:00Z,2025-08-05T00:00:00Z,TRUE
23.1,2025-08-05,37.683586956521744,46,2025-08-05T00:30:00Z,2025-08-05T23:30:00Z,TRUE
23.1,2025-08-06,27.78841304347826,46,2025-08-06T00:30:00Z,2025-08-07T00:00:00Z,TRUE
23.1,2025-08-07,20.686086956521738,46,2025-08-07T00:30:00Z,2025-08-08T00:00:00Z,TRUE
23.1,2025-08-08,15.973875,48,2025-08-08T00:30:00Z,2025-08-09T00:00:00Z,TRUE
23.1,2025-08-09,22.686434782608696,46,2025-08-09T00:30:00Z,2025-08-10T00:00:00Z,TRUE
23.1,2025-08-10,26.102086956521738,46,2025-08-10T00:30:00Z,2025-08-11T00:00:00Z,TRUE
23.1,2025-08-11,21.683531914893617,47,2025-08-11T00:30:00Z,2025-08-12T00:00:00Z,TRUE
23.1,2025-08-12,14.282382978723405,47,2025-08-12T00:30:00Z,2025-08-13T00:00:00Z,TRUE
23.1,2025-08-13,8.426127659574469,47,2025-08-13T00:30:00Z,2025-08-14T00:00:00Z,TRUE
23.1,2025-08-14,18.683577777777778,45,2025-08-14T00:30:00Z,2025-08-15T00:00:00Z,TRUE
23.1,2025-08-15,26.701574468085106,47,2025-08-15T00:30:00Z,2025-08-16T00:00:00Z,TRUE
23.1,2025-08-16,23.984595744680853,47,2025-08-16T00:30:00Z,2025-08-17T00:00:00Z,TRUE
23.1,2025-08-17,16.31102083333333,48,2025-08-17T00:30:00Z,2025-08-18T00:00:00Z,TRUE
23.1,2025-08-18,3.807288888888889,45,2025-08-18T00:30:00Z,2025-08-19T00:00:00Z,TRUE
23.1,2025-08-19,5.49231914893617,47,2025-08-19T00:30:00Z,2025-08-20T00:00:00Z,TRUE
23.1,2025-08-20,22.9,47,2025-08-20T00:30:00Z,2025-08-21T00:00:00Z,TRUE
23.1,2025-08-21,3.6620208333333335,48,2025-08-21T00:30:00Z,2025-08-22T00:00:00Z,TRUE
23.1,2025-08-22,3.40568085106383,47,2025-08-22T00:30:00Z,2025-08-23T00:00:00Z,TRUE
23.1,2025-08-23,6.523191489361702,47,2025-08-23T00:30:00Z,2025-08-24T00:00:00Z,TRUE
23.1,2025-08-24,5.61463829787234,47,2025-08-24T00:30:00Z,2025-08-25T00:00:00Z,TRUE
23.1,2025-08-25,3.8555,48,2025-08-25T00:30:00Z,2025-08-26T00:00:00Z,TRUE
23.1,2025-08-26,5.0158000000000005,45,2025-08-26T00:30:00Z,2025-08-27T00:00:00Z,TRUE
23.1,2025-08-27,4.456979166666667,48,2025-08-27T00:30:00Z,2025-08-28T00:00:00Z,TRUE
23.1,2025-08-28,4.298583333333333,48,2025-08-28T00:30:00Z,2025-08-29T00:00:00Z,TRUE
23.1,2025-08-29,5.147173913043479,46,2025-08-29T00:30:00Z,2025-08-30T00:00:00Z,TRUE
23.1,2025-08-30,3.318978723404255,47,2025-08-30T00:30:00Z,2025-08-31T00:00:00Z,TRUE
23.1,2025-08-31,4.295282608695652,46,2025-08-31T00:30:00Z,2025-09-01T00:00:00Z,TRUE
23.1,2025-09-01,4.036583333333334,48,2025-09-01T00:30:00Z,2025-09-02T00:00:00Z,TRUE
23.1,2025-09-02,4.0826170212765955,47,2025-09-02T00:30:00Z,2025-09-03T00:00:00Z,TRUE
23.1,2025-09-03,5.116340425531915,47,2025-09-03T00:30:00Z,2025-09-04T00:00:00Z,TRUE
23.1,2025-09-04,7.859,48,2025-09-04T00:30:00Z,2025-09-05T00:00:00Z,TRUE
23.1,2025-09-05,17.493934782608697,46,2025-09-05T00:30:00Z,2025-09-06T00:00:00Z,TRUE
23.1,2025-09-06,7.803187500000001,48,2025-09-06T00:30:00Z,2025-09-07T00:00:00Z,TRUE
23.1,2025-09-07,3.8794375,48,2025-09-07T00:30:00Z,2025-09-08T00:00:00Z,TRUE
23.1,2025-09-08,6.0283125,48,2025-09-08T00:30:00Z,2025-09-09T00:00:00Z,TRUE
23.1,2025-09-09,3.3711458333333333,48,2025-09-09T00:30:00Z,2025-09-10T00:00:00Z,TRUE
23.1,2025-09-10,4.7415625,48,2025-09-10T00:30:00Z,2025-09-11T00:00:00Z,TRUE
23.1,2025-09-11,6.7120212765957445,47,2025-09-11T00:30:00Z,2025-09-12T00:00:00Z,TRUE
23.1,2025-09-12,7.9037021276595745,47,2025-09-12T00:30:00Z,2025-09-13T00:00:00Z,TRUE
23.1,2025-09-13,7.78504255319149,47,2025-09-13T00:30:00Z,2025-09-14T00:00:00Z,TRUE
23.1,2025-09-14,10.832437500000001,48,2025-09-14T00:30:00Z,2025-09-15T00:00:00Z,TRUE
23.1,2025-09-15,8.104042553191489,47,2025-09-15T00:30:00Z,2025-09-16T00:00:00Z,TRUE
23.1,2025-09-16,9.057847826086956,46,2025-09-16T00:30:00Z,2025-09-17T00:00:00Z,TRUE
23.1,2025-09-17,10.931979166666666,48,2025-09-17T00:30:00Z,2025-09-18T00:00:00Z,TRUE
23.1,2025-09-18,9.969148936170212,47,2025-09-18T00:30:00Z,2025-09-19T00:00:00Z,TRUE
23.1,2025-09-19,12.861979166666666,48,2025-09-19T00:30:00Z,2025-09-20T00:00:00Z,TRUE
23.1,2025-09-20,5.973130434782608,46,2025-09-20T00:30:00Z,2025-09-21T00:00:00Z,TRUE
23.1,2025-09-21,8.70728888888889,45,2025-09-21T00:30:00Z,2025-09-22T00:00:00Z,TRUE
23.1,2025-09-22,13.737,48,2025-09-22T00:30:00Z,2025-09-23T00:00:00Z,TRUE
23.1,2025-09-23,7.280395833333333,48,2025-09-23T00:30:00Z,2025-09-24T00:00:00Z,TRUE
23.1,2025-09-24,9.766152173913044,46,2025-09-24T00:30:00Z,2025-09-25T00:00:00Z,TRUE
23.1,2025-09-25,20.70336170212766,47,2025-09-25T00:30:00Z,2025-09-26T00:00:00Z,TRUE
23.1,2025-09-26,22.5106875,48,2025-09-26T00:30:00Z,2025-09-27T00:00:00Z,TRUE
23.1,2025-09-27,10.694479166666667,48,2025-09-27T00:30:00Z,2025-09-28T00:00:00Z,TRUE
23.1,2025-09-28,11.89708695652174,46,2025-09-28T00:30:00Z,2025-09-29T00:00:00Z,TRUE
23.1,2025-09-29,6.790739130434782,46,2025-09-29T00:30:00Z,2025-09-30T00:00:00Z,TRUE
23.1,2025-09-30,4.999531914893617,47,2025-09-30T00:30:00Z,2025-10-01T00:00:00Z,TRUE
23.1,2025-10-01,2.5472954545454547,44,2025-10-01T00:30:00Z,2025-10-02T00:00:00Z,TRUE
23.1,2025-10-02,2.4462083333333333,48,2025-10-02T00:30:00Z,2025-10-03T00:00:00Z,TRUE
23.1,2025-10-03,5.996872340425532,47,2025-10-03T00:30:00Z,2025-10-04T00:00:00Z,TRUE
23.1,2025-10-04,11.23725,48,2025-10-04T00:30:00Z,2025-10-05T00:00:00Z,TRUE
23.1,2025-10-05,8.547702127659575,47,2025-10-05T00:30:00Z,2025-10-06T00:00:00Z,TRUE
23.1,2025-10-06,5.104911111111111,45,2025-10-06T00:30:00Z,2025-10-07T00:00:00Z,TRUE
23.1,2025-10-07,5.8879166666666665,48,2025-10-07T00:30:00Z,2025-10-08T00:00:00Z,TRUE
23.1,2025-10-08,3.3044285714285717,42,2025-10-08T00:30:00Z,2025-10-08T23:30:00Z,TRUE
23.1,2025-10-09,1.7755869565217393,46,2025-10-09T00:30:00Z,2025-10-10T00:00:00Z,TRUE
23.1,2025-10-10,2.7110652173913046,46,2025-10-10T00:30:00Z,2025-10-11T00:00:00Z,TRUE
23.1,2025-10-11,3.3962083333333335,48,2025-10-11T00:30:00Z,2025-10-12T00:00:00Z,TRUE
23.1,2025-10-12,5.145782608695652,46,2025-10-12T00:30:00Z,2025-10-13T00:00:00Z,TRUE
23.1,2025-10-13,3.1404680851063826,47,2025-10-13T00:30:00Z,2025-10-14T00:00:00Z,TRUE
23.1,2025-10-14,3.6462499999999998,48,2025-10-14T00:30:00Z,2025-10-15T00:00:00Z,TRUE
23.1,2025-10-15,2.3639130434782607,46,2025-10-15T00:30:00Z,2025-10-16T00:00:00Z,TRUE
23.1,2025-10-16,2.2173478260869564,46,2025-10-16T00:30:00Z,2025-10-17T00:00:00Z,TRUE
23.1,2025-10-17,3.2179791666666664,48,2025-10-17T00:30:00Z,2025-10-18T00:00:00Z,TRUE
23.1,2025-10-18,5.463404255319149,47,2025-10-18T00:30:00Z,2025-10-19T00:00:00Z,TRUE
23.1,2025-10-19,8.870229166666666,48,2025-10-19T00:30:00Z,2025-10-20T00:00:00Z,TRUE
23.1,2025-10-20,4.1851,40,2025-10-20T00:30:00Z,2025-10-21T00:00:00Z,TRUE
23.1,2025-10-21,3.4296521739130434,46,2025-10-21T00:30:00Z,2025-10-22T00:00:00Z,TRUE
23.1,2025-10-22,2.722311111111111,45,2025-10-22T00:30:00Z,2025-10-23T00:00:00Z,TRUE
23.1,2025-10-23,3.2226170212765957,47,2025-10-23T00:30:00Z,2025-10-24T00:00:00Z,TRUE
23.1,2025-10-24,3.2043125,48,2025-10-24T00:30:00Z,2025-10-25T00:00:00Z,TRUE
23.1,2025-10-25,4.1941304347826085,46,2025-10-25T00:30:00Z,2025-10-26T00:00:00Z,TRUE
23.1,2025-10-26,3.1797954545454545,44,2025-10-26T00:30:00Z,2025-10-27T00:00:00Z,TRUE
23.1,2025-10-27,2.8068181818181817,44,2025-10-27T00:30:00Z,2025-10-28T00:00:00Z,TRUE
23.1,2025-10-28,2.6803260869565215,46,2025-10-28T00:30:00Z,2025-10-29T00:00:00Z,TRUE
23.1,2025-10-29,3.2391041666666665,48,2025-10-29T00:30:00Z,2025-10-30T00:00:00Z,TRUE
23.1,2025-10-30,3.1800869565217393,46,2025-10-30T00:30:00Z,2025-10-31T00:00:00Z,TRUE
23.1,2025-10-31,4.823076923076923,26,2025-10-31T00:30:00Z,2025-10-31T22:00:00Z,FALSE
23.1,2025-11-01,4.89675,4,2025-11-01T00:30:00Z,2025-11-01T05:00:00Z,FALSE
23.1,2025-11-04,2.536,2,2025-11-04T21:30:00Z,2025-11-04T23:00:00Z,FALSE
23.1,2025-11-05,7.578076923076923,13,2025-11-05T03:00:00Z,2025-11-06T00:00:00Z,FALSE
23.1,2025-11-06,5.913235294117647,17,2025-11-06T02:30:00Z,2025-11-06T23:00:00Z,FALSE
23.1,2025-11-07,9.1378,10,2025-11-07T00:30:00Z,2025-11-07T23:30:00Z,FALSE
23.1,2025-11-08,17.16423076923077,13,2025-11-08T00:30:00Z,2025-11-08T21:30:00Z,FALSE
23.1,2025-11-09,7.740461538461537,13,2025-11-09T00:30:00Z,2025-11-09T23:00:00Z,FALSE
23.1,2025-11-10,2.6706315789473685,19,2025-11-10T00:30:00Z,2025-11-11T00:00:00Z,FALSE
23.1,2025-11-11,4.937708333333334,24,2025-11-11T01:00:00Z,2025-11-12T00:00:00Z,FALSE
23.1,2025-11-12,4.633,22,2025-11-12T01:00:00Z,2025-11-13T00:00:00Z,FALSE
23.1,2025-11-13,3.78515,20,2025-11-13T01:30:00Z,2025-11-13T22:30:00Z,FALSE
23.1,2025-11-14,6.943705882352941,17,2025-11-14T00:30:00Z,2025-11-15T00:00:00Z,FALSE
23.1,2025-11-15,15.475588235294119,17,2025-11-15T03:00:00Z,2025-11-16T00:00:00Z,FALSE
23.1,2025-11-16,8.3506,20,2025-11-16T00:30:00Z,2025-11-16T22:00:00Z,FALSE
23.1,2025-11-17,8.452571428571428,28,2025-11-17T01:30:00Z,2025-11-18T00:00:00Z,FALSE
23.1,2025-11-18,8.515884615384616,26,2025-11-18T01:30:00Z,2025-11-18T23:30:00Z,FALSE
23.1,2025-11-19,13.968,20,2025-11-19T02:00:00Z,2025-11-19T22:30:00Z,FALSE
23.1,2025-11-20,18.59691304347826,23,2025-11-20T01:00:00Z,2025-11-20T22:30:00Z,FALSE
23.1,2025-11-21,26.81908695652174,23,2025-11-21T02:00:00Z,2025-11-22T00:00:00Z,FALSE
23.1,2025-11-22,20.30271875,32,2025-11-22T00:30:00Z,2025-11-23T00:00:00Z,FALSE
23.1,2025-11-23,12.577344827586206,29,2025-11-23T01:00:00Z,2025-11-23T23:30:00Z,FALSE
23.1,2025-11-24,4.006952380952381,21,2025-11-24T00:30:00Z,2025-11-25T00:00:00Z,FALSE
23.1,2025-11-25,7.261222222222222,18,2025-11-25T01:00:00Z,2025-11-25T23:00:00Z,FALSE
23.1,2025-11-26,15.112666666666666,6,2025-11-26T00:30:00Z,2025-11-26T12:00:00Z,FALSE
23.1,2025-11-27,3.3475,14,2025-11-27T00:30:00Z,2025-11-27T22:00:00Z,FALSE
23.1,2025-11-28,3.68616,25,2025-11-28T00:30:00Z,2025-11-29T00:00:00Z,FALSE
23.1,2025-11-29,4.6525,20,2025-11-29T01:30:00Z,2025-11-29T22:00:00Z,FALSE
23.1,2025-11-30,7.121294117647059,17,2025-11-30T05:30:00Z,2025-12-01T00:00:00Z,FALSE
23.1,2025-12-01,6.788333333333334,15,2025-12-01T00:30:00Z,2025-12-01T18:00:00Z,FALSE
23.1,2025-12-02,11.581071428571429,14,2025-12-02T02:30:00Z,2025-12-02T23:00:00Z,FALSE
23.1,2025-12-03,17.0586,10,2025-12-03T02:00:00Z,2025-12-03T22:00:00Z,FALSE
23.1,2025-12-04,16.916125,24,2025-12-04T00:30:00Z,2025-12-05T00:00:00Z,FALSE
23.1,2025-12-05,7.799,17,2025-12-05T01:00:00Z,2025-12-05T23:00:00Z,FALSE
23.1,2025-12-06,26.68068,25,2025-12-06T01:00:00Z,2025-12-07T00:00:00Z,FALSE
23.1,2025-12-07,26.957444444444445,18,2025-12-07T00:30:00Z,2025-12-07T21:00:00Z,FALSE
23.1,2025-12-08,3.81244,25,2025-12-08T00:30:00Z,2025-12-08T23:00:00Z,FALSE
23.1,2025-12-09,5.257290322580645,31,2025-12-09T00:30:00Z,2025-12-09T23:00:00Z,FALSE
23.1,2025-12-10,11.507,19,2025-12-10T01:00:00Z,2025-12-10T23:30:00Z,FALSE
23.1,2025-12-11,3.1375714285714285,14,2025-12-11T03:00:00Z,2025-12-11T22:30:00Z,FALSE
23.1,2025-12-12,6.8533888888888885,18,2025-12-12T00:30:00Z,2025-12-13T00:00:00Z,FALSE
23.1,2025-12-13,16.8565,22,2025-12-13T00:30:00Z,2025-12-13T23:00:00Z,FALSE
23.1,2025-12-14,4.8478,25,2025-12-14T00:30:00Z,2025-12-15T00:00:00Z,FALSE
23.1,2025-12-15,5.647962962962963,27,2025-12-15T00:30:00Z,2025-12-16T00:00:00Z,FALSE
23.1,2025-12-16,7.294521739130435,23,2025-12-16T01:00:00Z,2025-12-16T23:30:00Z,FALSE
23.1,2025-12-17,13.377880000000001,25,2025-12-17T01:00:00Z,2025-12-18T00:00:00Z,FALSE
23.1,2025-12-18,14.244727272727273,11,2025-12-18T01:30:00Z,2025-12-18T17:30:00Z,FALSE
23.1,2025-12-20,7.74025,20,2025-12-20T05:30:00Z,2025-12-20T21:00:00Z,FALSE
23.1,2025-12-21,6.830454545454546,22,2025-12-21T03:30:00Z,2025-12-21T23:30:00Z,FALSE
23.1,2025-12-22,9.376107142857142,28,2025-12-22T00:30:00Z,2025-12-22T22:00:00Z,FALSE
23.1,2025-12-23,3.369571428571428,7,2025-12-23T01:00:00Z,2025-12-23T08:30:00Z,FALSE
23.1,2025-12-24,15.81690909090909,22,2025-12-24T01:00:00Z,2025-12-25T00:00:00Z,FALSE
23.1,2025-12-25,21.437976744186045,43,2025-12-25T00:30:00Z,2025-12-26T00:00:00Z,TRUE
23.1,2025-12-26,11.989975609756097,41,2025-12-26T01:30:00Z,2025-12-27T00:00:00Z,TRUE
23.1,2025-12-27,19.9636,40,2025-12-27T00:30:00Z,2025-12-28T00:00:00Z,TRUE
23.1,2025-12-28,34.07037209302325,43,2025-12-28T00:30:00Z,2025-12-29T00:00:00Z,TRUE
23.1,2025-12-29,4.930857142857143,42,2025-12-29T01:00:00Z,2025-12-30T00:00:00Z,TRUE
23.1,2025-12-30,4.386434782608696,46,2025-12-30T00:30:00Z,2025-12-31T00:00:00Z,TRUE
23.1,2025-12-31,11.954239130434782,46,2025-12-31T00:30:00Z,2025-12-31T23:30:00Z,TRUE
24.1_1.2,2024-11-08,6.109071428571428,14,2024-11-08T17:30:00Z,2024-11-09T00:00:00Z,FALSE
24.1_1.2,2024-11-09,2.1865217391304346,46,2024-11-09T00:30:00Z,2024-11-10T00:00:00Z,TRUE
24.1_1.2,2024-11-10,11.238695652173913,46,2024-11-10T00:30:00Z,2024-11-11T00:00:00Z,TRUE
24.1_1.2,2024-11-11,4.710627906976744,43,2024-11-11T00:30:00Z,2024-11-12T00:00:00Z,TRUE
24.1_1.2,2024-11-12,1.2843023255813952,43,2024-11-12T00:30:00Z,2024-11-13T00:00:00Z,TRUE
24.1_1.2,2024-11-13,2.7228444444444446,45,2024-11-13T01:00:00Z,2024-11-14T00:00:00Z,TRUE
24.1_1.2,2024-11-14,3.097688888888889,45,2024-11-14T01:00:00Z,2024-11-15T00:00:00Z,TRUE
24.1_1.2,2024-11-15,18.13025,48,2024-11-15T00:30:00Z,2024-11-16T00:00:00Z,TRUE
24.1_1.2,2024-11-16,3.6261111111111113,45,2024-11-16T00:30:00Z,2024-11-17T00:00:00Z,TRUE
24.1_1.2,2024-11-17,8.655190476190477,42,2024-11-17T00:30:00Z,2024-11-18T00:00:00Z,TRUE
24.1_1.2,2024-11-18,20.446391304347827,46,2024-11-18T00:30:00Z,2024-11-19T00:00:00Z,TRUE
24.1_1.2,2024-11-19,13.026847826086957,46,2024-11-19T00:30:00Z,2024-11-20T00:00:00Z,TRUE
24.1_1.2,2024-11-20,6.337553191489362,47,2024-11-20T00:30:00Z,2024-11-21T00:00:00Z,TRUE
24.1_1.2,2024-11-21,4.038,46,2024-11-21T00:30:00Z,2024-11-22T00:00:00Z,TRUE
24.1_1.2,2024-11-22,8.303933333333333,45,2024-11-22T00:30:00Z,2024-11-23T00:00:00Z,TRUE
24.1_1.2,2024-11-23,2.6443829787234043,47,2024-11-23T00:30:00Z,2024-11-24T00:00:00Z,TRUE
24.1_1.2,2024-11-24,14.447893617021276,47,2024-11-24T00:30:00Z,2024-11-25T00:00:00Z,TRUE
24.1_1.2,2024-11-25,12.308488888888888,45,2024-11-25T00:30:00Z,2024-11-26T00:00:00Z,TRUE
24.1_1.2,2024-11-26,10.398463414634147,41,2024-11-26T00:30:00Z,2024-11-27T00:00:00Z,TRUE
24.1_1.2,2024-11-27,6.1949069767441856,43,2024-11-27T00:30:00Z,2024-11-28T00:00:00Z,TRUE
24.1_1.2,2024-11-28,7.933477272727273,44,2024-11-28T00:30:00Z,2024-11-29T00:00:00Z,TRUE
24.1_1.2,2024-11-29,8.152478260869565,46,2024-11-29T00:30:00Z,2024-11-30T00:00:00Z,TRUE
24.1_1.2,2024-11-30,7.6455652173913045,46,2024-11-30T00:30:00Z,2024-12-01T00:00:00Z,TRUE
24.1_1.2,2024-12-01,6.419531914893618,47,2024-12-01T00:30:00Z,2024-12-02T00:00:00Z,TRUE
24.1_1.2,2024-12-02,11.113152173913043,46,2024-12-02T00:30:00Z,2024-12-03T00:00:00Z,TRUE
24.1_1.2,2024-12-03,12.156333333333334,45,2024-12-03T00:30:00Z,2024-12-04T00:00:00Z,TRUE
24.1_1.2,2024-12-04,12.743133333333333,45,2024-12-04T00:30:00Z,2024-12-05T00:00:00Z,TRUE
24.1_1.2,2024-12-05,5.204191489361702,47,2024-12-05T00:30:00Z,2024-12-06T00:00:00Z,TRUE
24.1_1.2,2024-12-06,2.9675777777777776,45,2024-12-06T00:30:00Z,2024-12-07T00:00:00Z,TRUE
24.1_1.2,2024-12-07,4.005021276595745,47,2024-12-07T00:30:00Z,2024-12-08T00:00:00Z,TRUE
24.1_1.2,2024-12-08,6.176733333333333,45,2024-12-08T00:30:00Z,2024-12-09T00:00:00Z,TRUE
24.1_1.2,2024-12-09,8.705270833333334,48,2024-12-09T00:30:00Z,2024-12-10T00:00:00Z,TRUE
24.1_1.2,2024-12-10,40.44831111111111,45,2024-12-10T00:30:00Z,2024-12-11T00:00:00Z,TRUE
24.1_1.2,2024-12-11,30.601045454545456,44,2024-12-11T00:30:00Z,2024-12-12T00:00:00Z,TRUE
24.1_1.2,2024-12-12,6.35202380952381,42,2024-12-12T00:30:00Z,2024-12-13T00:00:00Z,TRUE
24.1_1.2,2024-12-13,5.010431818181818,44,2024-12-13T00:30:00Z,2024-12-14T00:00:00Z,TRUE
24.1_1.2,2024-12-14,7.270958333333334,48,2024-12-14T00:30:00Z,2024-12-15T00:00:00Z,TRUE
24.1_1.2,2024-12-15,10.110958333333333,24,2024-12-15T00:30:00Z,2024-12-15T21:00:00Z,FALSE
24.1_1.2,2024-12-16,13.062970588235293,34,2024-12-16T06:30:00Z,2024-12-16T23:30:00Z,FALSE
24.1_1.2,2024-12-17,13.201804878048781,41,2024-12-17T03:30:00Z,2024-12-18T00:00:00Z,TRUE
24.1_1.2,2024-12-18,40.36304347826087,46,2024-12-18T00:30:00Z,2024-12-19T00:00:00Z,TRUE
24.1_1.2,2024-12-19,7.276357142857143,42,2024-12-19T00:30:00Z,2024-12-20T00:00:00Z,TRUE
24.1_1.2,2024-12-20,15.351711111111111,45,2024-12-20T00:30:00Z,2024-12-20T23:00:00Z,TRUE
24.1_1.2,2024-12-21,2.093444444444444,45,2024-12-21T02:00:00Z,2024-12-22T00:00:00Z,TRUE
24.1_1.2,2024-12-22,2.297311111111111,45,2024-12-22T00:30:00Z,2024-12-23T00:00:00Z,TRUE
24.1_1.2,2024-12-23,5.622238095238095,42,2024-12-23T00:30:00Z,2024-12-24T00:00:00Z,TRUE
24.1_1.2,2024-12-24,24.10504761904762,42,2024-12-24T00:30:00Z,2024-12-25T00:00:00Z,TRUE
24.1_1.2,2024-12-25,23.633770833333333,48,2024-12-25T00:30:00Z,2024-12-26T00:00:00Z,TRUE
24.1_1.2,2024-12-26,11.628065217391304,46,2024-12-26T00:30:00Z,2024-12-27T00:00:00Z,TRUE
24.1_1.2,2024-12-27,10.871125,48,2024-12-27T00:30:00Z,2024-12-28T00:00:00Z,TRUE
24.1_1.2,2024-12-28,5.009309523809524,42,2024-12-28T00:30:00Z,2024-12-29T00:00:00Z,TRUE
24.1_1.2,2024-12-29,10.347105263157895,19,2024-12-29T00:30:00Z,2024-12-29T10:00:00Z,FALSE
24.1_1.2,2024-12-30,4.181829268292683,41,2024-12-30T00:30:00Z,2024-12-31T00:00:00Z,TRUE
24.1_1.2,2024-12-31,9.021971428571428,35,2024-12-31T01:00:00Z,2024-12-31T18:30:00Z,FALSE
24.1_1.2,2025-01-01,6.478810810810811,37,2025-01-01T02:30:00Z,2025-01-02T00:00:00Z,TRUE
24.1_1.2,2025-01-02,9.72159090909091,44,2025-01-02T00:30:00Z,2025-01-03T00:00:00Z,TRUE
24.1_1.2,2025-01-03,9.857933333333333,45,2025-01-03T00:30:00Z,2025-01-04T00:00:00Z,TRUE
24.1_1.2,2025-01-04,2.2334583333333335,48,2025-01-04T00:30:00Z,2025-01-05T00:00:00Z,TRUE
24.1_1.2,2025-01-05,7.553914893617021,47,2025-01-05T00:30:00Z,2025-01-06T00:00:00Z,TRUE
24.1_1.2,2025-01-06,6.928446808510638,47,2025-01-06T00:30:00Z,2025-01-07T00:00:00Z,TRUE
24.1_1.2,2025-01-07,2.109477272727273,44,2025-01-07T00:30:00Z,2025-01-08T00:00:00Z,TRUE
24.1_1.2,2025-01-08,2.236063829787234,47,2025-01-08T00:30:00Z,2025-01-09T00:00:00Z,TRUE
24.1_1.2,2025-01-09,2.4137391304347826,46,2025-01-09T00:30:00Z,2025-01-10T00:00:00Z,TRUE
24.1_1.2,2025-01-10,11.97551111111111,45,2025-01-10T00:30:00Z,2025-01-10T23:00:00Z,TRUE
24.1_1.2,2025-01-11,30.070520833333333,48,2025-01-11T00:30:00Z,2025-01-12T00:00:00Z,TRUE
24.1_1.2,2025-01-12,22.56718181818182,44,2025-01-12T00:30:00Z,2025-01-13T00:00:00Z,TRUE
24.1_1.2,2025-01-13,7.3270888888888885,45,2025-01-13T00:30:00Z,2025-01-14T00:00:00Z,TRUE
24.1_1.2,2025-01-14,5.865318181818182,44,2025-01-14T00:30:00Z,2025-01-15T00:00:00Z,TRUE
24.1_1.2,2025-01-15,6.918066666666666,45,2025-01-15T00:30:00Z,2025-01-15T23:30:00Z,TRUE
24.1_1.2,2025-01-16,21.23678048780488,41,2025-01-16T00:30:00Z,2025-01-17T00:00:00Z,TRUE
24.1_1.2,2025-01-17,26.542688888888886,45,2025-01-17T00:30:00Z,2025-01-18T00:00:00Z,TRUE
24.1_1.2,2025-01-18,7.132020833333333,48,2025-01-18T00:30:00Z,2025-01-19T00:00:00Z,TRUE
24.1_1.2,2025-01-19,1.9825416666666666,48,2025-01-19T00:30:00Z,2025-01-20T00:00:00Z,TRUE
24.1_1.2,2025-01-20,3.457568181818182,44,2025-01-20T00:30:00Z,2025-01-21T00:00:00Z,TRUE
24.1_1.2,2025-01-21,3.9240232558139536,43,2025-01-21T00:30:00Z,2025-01-21T23:30:00Z,TRUE
24.1_1.2,2025-01-22,3.175,43,2025-01-22T00:30:00Z,2025-01-23T00:00:00Z,TRUE
24.1_1.2,2025-01-23,9.019121951219512,41,2025-01-23T00:30:00Z,2025-01-23T23:30:00Z,TRUE
24.1_1.2,2025-01-24,5.962045454545454,44,2025-01-24T00:30:00Z,2025-01-25T00:00:00Z,TRUE
24.1_1.2,2025-01-25,11.177083333333334,48,2025-01-25T00:30:00Z,2025-01-26T00:00:00Z,TRUE
24.1_1.2,2025-01-26,8.572531914893618,47,2025-01-26T00:30:00Z,2025-01-27T00:00:00Z,TRUE
24.1_1.2,2025-01-27,4.910204545454546,44,2025-01-27T00:30:00Z,2025-01-28T00:00:00Z,TRUE
24.1_1.2,2025-01-28,4.061209302325581,43,2025-01-28T00:30:00Z,2025-01-29T00:00:00Z,TRUE
24.1_1.2,2025-01-29,3.8582608695652176,46,2025-01-29T00:30:00Z,2025-01-30T00:00:00Z,TRUE
24.1_1.2,2025-01-30,6.1571702127659576,47,2025-01-30T00:30:00Z,2025-01-31T00:00:00Z,TRUE
24.1_1.2,2025-01-31,7.627176470588235,34,2025-01-31T00:30:00Z,2025-01-31T22:00:00Z,FALSE
24.1_1.2,2025-02-01,7.440261904761907,42,2025-02-01T03:00:00Z,2025-02-02T00:00:00Z,TRUE
24.1_1.2,2025-02-02,4.371769230769231,39,2025-02-02T00:30:00Z,2025-02-02T19:30:00Z,TRUE
24.1_1.2,2025-02-03,14.2205,20,2025-02-03T14:30:00Z,2025-02-04T00:00:00Z,FALSE
24.1_1.2,2025-02-04,11.83974358974359,39,2025-02-04T00:30:00Z,2025-02-05T00:00:00Z,TRUE
24.1_1.2,2025-02-05,2.6693617021276594,47,2025-02-05T00:30:00Z,2025-02-06T00:00:00Z,TRUE
24.1_1.2,2025-02-06,14.733799999999999,40,2025-02-06T00:30:00Z,2025-02-07T00:00:00Z,TRUE
24.1_1.2,2025-02-07,4.763108695652174,46,2025-02-07T00:30:00Z,2025-02-08T00:00:00Z,TRUE
24.1_1.2,2025-02-08,9.688893617021277,47,2025-02-08T00:30:00Z,2025-02-09T00:00:00Z,TRUE
24.1_1.2,2025-02-09,12.353214285714285,28,2025-02-09T00:30:00Z,2025-02-10T00:00:00Z,FALSE
24.1_1.2,2025-02-10,7.382510638297872,47,2025-02-10T00:30:00Z,2025-02-10T23:30:00Z,TRUE
24.1_1.2,2025-02-11,18.419555555555554,45,2025-02-11T00:30:00Z,2025-02-12T00:00:00Z,TRUE
24.1_1.2,2025-02-12,22.85304255319149,47,2025-02-12T00:30:00Z,2025-02-13T00:00:00Z,TRUE
24.1_1.2,2025-02-13,14.268545454545455,33,2025-02-13T00:30:00Z,2025-02-14T00:00:00Z,FALSE
24.1_1.2,2025-02-14,8.389333333333333,48,2025-02-14T00:30:00Z,2025-02-15T00:00:00Z,TRUE
24.1_1.2,2025-02-15,11.28175,28,2025-02-15T00:30:00Z,2025-02-15T14:00:00Z,FALSE
24.1_1.2,2025-02-17,3.1574444444444443,27,2025-02-17T10:30:00Z,2025-02-18T00:00:00Z,FALSE
24.1_1.2,2025-02-18,3.1468095238095235,42,2025-02-18T00:30:00Z,2025-02-19T00:00:00Z,TRUE
24.1_1.2,2025-02-19,2.501808510638298,47,2025-02-19T00:30:00Z,2025-02-20T00:00:00Z,TRUE
24.1_1.2,2025-02-20,4.796297872340426,47,2025-02-20T00:30:00Z,2025-02-21T00:00:00Z,TRUE
24.1_1.2,2025-02-21,2.6535555555555557,45,2025-02-21T00:30:00Z,2025-02-22T00:00:00Z,TRUE
24.1_1.2,2025-02-22,12.610787234042553,47,2025-02-22T00:30:00Z,2025-02-23T00:00:00Z,TRUE
24.1_1.2,2025-02-23,10.491425531914894,47,2025-02-23T00:30:00Z,2025-02-24T00:00:00Z,TRUE
24.1_1.2,2025-02-24,10.499891304347827,46,2025-02-24T00:30:00Z,2025-02-25T00:00:00Z,TRUE
24.1_1.2,2025-02-25,9.534813953488372,43,2025-02-25T00:30:00Z,2025-02-25T23:00:00Z,TRUE
24.1_1.2,2025-02-26,17.304574468085107,47,2025-02-26T00:30:00Z,2025-02-27T00:00:00Z,TRUE
24.1_1.2,2025-02-27,34.17033333333333,15,2025-02-27T00:30:00Z,2025-02-27T19:00:00Z,FALSE
24.1_1.2,2025-02-28,6.63173076923077,26,2025-02-28T11:30:00Z,2025-03-01T00:00:00Z,FALSE
24.1_1.2,2025-03-01,2.061063829787234,47,2025-03-01T00:30:00Z,2025-03-02T00:00:00Z,TRUE
24.1_1.2,2025-03-02,2.6262857142857143,42,2025-03-02T00:30:00Z,2025-03-03T00:00:00Z,TRUE
24.1_1.2,2025-03-03,6.539136363636364,44,2025-03-03T00:30:00Z,2025-03-04T00:00:00Z,TRUE
24.1_1.2,2025-03-04,5.5750625,48,2025-03-04T00:30:00Z,2025-03-05T00:00:00Z,TRUE
24.1_1.2,2025-03-05,4.051452380952381,42,2025-03-05T00:30:00Z,2025-03-06T00:00:00Z,TRUE
24.1_1.2,2025-03-06,1.9392444444444443,45,2025-03-06T00:30:00Z,2025-03-07T00:00:00Z,TRUE
24.1_1.2,2025-03-07,6.198510638297872,47,2025-03-07T00:30:00Z,2025-03-08T00:00:00Z,TRUE
24.1_1.2,2025-03-08,8.079447368421052,38,2025-03-08T00:30:00Z,2025-03-09T00:00:00Z,TRUE
24.1_1.2,2025-03-09,4.931659574468085,47,2025-03-09T00:30:00Z,2025-03-09T23:30:00Z,TRUE
24.1_1.2,2025-03-10,4.819875,48,2025-03-10T00:30:00Z,2025-03-11T00:00:00Z,TRUE
24.1_1.2,2025-03-11,4.653276595744681,47,2025-03-11T00:30:00Z,2025-03-12T00:00:00Z,TRUE
24.1_1.2,2025-03-12,2.160833333333333,48,2025-03-12T00:30:00Z,2025-03-13T00:00:00Z,TRUE
24.1_1.2,2025-03-13,6.080720930232558,43,2025-03-13T00:30:00Z,2025-03-13T23:30:00Z,TRUE
24.1_1.2,2025-03-14,9.752155555555555,45,2025-03-14T00:30:00Z,2025-03-15T00:00:00Z,TRUE
24.1_1.2,2025-03-15,9.062837209302325,43,2025-03-15T00:30:00Z,2025-03-16T00:00:00Z,TRUE
24.1_1.2,2025-03-16,4.990166666666667,30,2025-03-16T00:30:00Z,2025-03-17T00:00:00Z,FALSE
24.1_1.2,2025-03-17,2.6541063829787235,47,2025-03-17T00:30:00Z,2025-03-18T00:00:00Z,TRUE
24.1_1.2,2025-03-18,4.683934782608696,46,2025-03-18T00:30:00Z,2025-03-19T00:00:00Z,TRUE
24.1_1.2,2025-03-19,4.522956521739131,46,2025-03-19T00:30:00Z,2025-03-20T00:00:00Z,TRUE
24.1_1.2,2025-03-20,3.085853658536585,41,2025-03-20T00:30:00Z,2025-03-21T00:00:00Z,TRUE
24.1_1.2,2025-03-21,2.7242916666666668,48,2025-03-21T00:30:00Z,2025-03-22T00:00:00Z,TRUE
24.1_1.2,2025-03-22,3.0619791666666667,48,2025-03-22T00:30:00Z,2025-03-23T00:00:00Z,TRUE
24.1_1.2,2025-03-23,4.757541666666667,48,2025-03-23T00:30:00Z,2025-03-24T00:00:00Z,TRUE
24.1_1.2,2025-03-24,5.7527234042553195,47,2025-03-24T00:30:00Z,2025-03-25T00:00:00Z,TRUE
24.1_1.2,2025-03-25,5.531173913043478,46,2025-03-25T00:30:00Z,2025-03-25T23:30:00Z,TRUE
24.1_1.2,2025-03-26,3.240291666666667,48,2025-03-26T00:30:00Z,2025-03-27T00:00:00Z,TRUE
24.1_1.2,2025-03-27,5.277155555555556,45,2025-03-27T00:30:00Z,2025-03-28T00:00:00Z,TRUE
24.1_1.2,2025-03-28,10.544260869565218,46,2025-03-28T00:30:00Z,2025-03-29T00:00:00Z,TRUE
24.1_1.2,2025-03-29,9.16075,48,2025-03-29T00:30:00Z,2025-03-30T00:00:00Z,TRUE
24.1_1.2,2025-03-30,10.94305882352941,34,2025-03-30T00:30:00Z,2025-03-31T00:00:00Z,FALSE
24.1_1.2,2025-03-31,3.778486486486486,37,2025-03-31T00:30:00Z,2025-04-01T00:00:00Z,TRUE
24.1_1.2,2025-04-01,2.8943617021276595,47,2025-04-01T00:30:00Z,2025-04-02T00:00:00Z,TRUE
24.1_1.2,2025-04-02,5.166978260869565,46,2025-04-02T00:30:00Z,2025-04-03T00:00:00Z,TRUE
24.1_1.2,2025-04-03,3.7754285714285714,42,2025-04-03T00:30:00Z,2025-04-04T00:00:00Z,TRUE
24.1_1.2,2025-04-04,2.632833333333333,48,2025-04-04T00:30:00Z,2025-04-05T00:00:00Z,TRUE
24.1_1.2,2025-04-05,5.582428571428571,35,2025-04-05T00:30:00Z,2025-04-06T00:00:00Z,FALSE
24.1_1.2,2025-04-06,9.054489361702128,47,2025-04-06T00:30:00Z,2025-04-07T00:00:00Z,TRUE
24.1_1.2,2025-04-07,6.4462553191489365,47,2025-04-07T01:00:00Z,2025-04-08T00:00:00Z,TRUE
24.1_1.2,2025-04-08,2.661363636363636,44,2025-04-08T00:30:00Z,2025-04-09T00:00:00Z,TRUE
24.1_1.2,2025-04-09,5.362333333333333,48,2025-04-09T00:30:00Z,2025-04-10T00:00:00Z,TRUE
24.1_1.2,2025-04-10,16.580893617021278,47,2025-04-10T00:30:00Z,2025-04-11T00:00:00Z,TRUE
24.1_1.2,2025-04-11,14.9738125,48,2025-04-11T00:30:00Z,2025-04-12T00:00:00Z,TRUE
24.1_1.2,2025-04-12,8.577125,40,2025-04-12T00:30:00Z,2025-04-13T00:00:00Z,TRUE
24.1_1.2,2025-04-13,6.797446808510639,47,2025-04-13T00:30:00Z,2025-04-14T00:00:00Z,TRUE
24.1_1.2,2025-04-14,4.419239130434783,46,2025-04-14T00:30:00Z,2025-04-15T00:00:00Z,TRUE
24.1_1.2,2025-04-15,1.6906956521739132,46,2025-04-15T00:30:00Z,2025-04-16T00:00:00Z,TRUE
24.1_1.2,2025-04-16,2.6974347826086955,46,2025-04-16T00:30:00Z,2025-04-17T00:00:00Z,TRUE
24.1_1.2,2025-04-17,8.220872340425531,47,2025-04-17T00:30:00Z,2025-04-18T00:00:00Z,TRUE
24.1_1.2,2025-04-18,5.364148936170213,47,2025-04-18T00:30:00Z,2025-04-19T00:00:00Z,TRUE
24.1_1.2,2025-04-19,10.32445652173913,46,2025-04-19T00:30:00Z,2025-04-20T00:00:00Z,TRUE
24.1_1.2,2025-04-20,3.8824680851063835,47,2025-04-20T00:30:00Z,2025-04-21T00:00:00Z,TRUE
24.1_1.2,2025-04-21,4.8056086956521735,46,2025-04-21T00:30:00Z,2025-04-22T00:00:00Z,TRUE
24.1_1.2,2025-04-22,2.0235833333333333,48,2025-04-22T00:30:00Z,2025-04-23T00:00:00Z,TRUE
24.1_1.2,2025-04-23,3.2828478260869565,46,2025-04-23T00:30:00Z,2025-04-24T00:00:00Z,TRUE
24.1_1.2,2025-04-24,4.470434782608696,46,2025-04-24T00:30:00Z,2025-04-25T00:00:00Z,TRUE
24.1_1.2,2025-04-25,5.3728510638297875,47,2025-04-25T00:30:00Z,2025-04-25T23:30:00Z,TRUE
24.1_1.2,2025-04-26,13.220688888888889,45,2025-04-26T00:30:00Z,2025-04-27T00:00:00Z,TRUE
24.1_1.2,2025-04-27,5.282531914893617,47,2025-04-27T00:30:00Z,2025-04-28T00:00:00Z,TRUE
24.1_1.2,2025-04-28,3.743382978723404,47,2025-04-28T00:30:00Z,2025-04-29T00:00:00Z,TRUE
24.1_1.2,2025-04-29,6.243382978723404,47,2025-04-29T00:30:00Z,2025-04-30T00:00:00Z,TRUE
24.1_1.2,2025-04-30,1.9132340425531915,47,2025-04-30T00:30:00Z,2025-05-01T00:00:00Z,TRUE
24.1_1.2,2025-05-01,4.385818181818181,44,2025-05-01T00:30:00Z,2025-05-01T23:30:00Z,TRUE
24.1_1.2,2025-05-02,8.611531914893618,47,2025-05-02T00:30:00Z,2025-05-03T00:00:00Z,TRUE
24.1_1.2,2025-05-03,13.810478260869566,46,2025-05-03T01:00:00Z,2025-05-04T00:00:00Z,TRUE
24.1_1.2,2025-05-04,9.3216,25,2025-05-04T00:30:00Z,2025-05-04T13:00:00Z,FALSE
24.1_1.2,2025-05-05,4.4445,4,2025-05-05T22:30:00Z,2025-05-06T00:00:00Z,FALSE
24.1_1.2,2025-05-06,5.458428571428572,42,2025-05-06T00:30:00Z,2025-05-07T00:00:00Z,TRUE
24.1_1.2,2025-05-07,12.262541666666667,48,2025-05-07T00:30:00Z,2025-05-08T00:00:00Z,TRUE
24.1_1.2,2025-05-08,7.19925,48,2025-05-08T00:30:00Z,2025-05-09T00:00:00Z,TRUE
24.1_1.2,2025-05-09,6.4228695652173915,46,2025-05-09T00:30:00Z,2025-05-10T00:00:00Z,TRUE
24.1_1.2,2025-05-10,4.518645833333333,48,2025-05-10T00:30:00Z,2025-05-11T00:00:00Z,TRUE
24.1_1.2,2025-05-11,3.8895,48,2025-05-11T00:30:00Z,2025-05-12T00:00:00Z,TRUE
24.1_1.2,2025-05-12,4.898340425531915,47,2025-05-12T00:30:00Z,2025-05-13T00:00:00Z,TRUE
24.1_1.2,2025-05-13,3.3347777777777776,45,2025-05-13T00:30:00Z,2025-05-14T00:00:00Z,TRUE
24.1_1.2,2025-05-14,1.772159090909091,44,2025-05-14T00:30:00Z,2025-05-15T00:00:00Z,TRUE
24.1_1.2,2025-05-15,6.513229166666667,48,2025-05-15T00:30:00Z,2025-05-16T00:00:00Z,TRUE
24.1_1.2,2025-05-16,6.603638297872341,47,2025-05-16T00:30:00Z,2025-05-17T00:00:00Z,TRUE
24.1_1.2,2025-05-17,3.643,46,2025-05-17T00:30:00Z,2025-05-18T00:00:00Z,TRUE
24.1_1.2,2025-05-18,5.792022222222222,45,2025-05-18T00:30:00Z,2025-05-19T00:00:00Z,TRUE
24.1_1.2,2025-05-19,4.724044444444443,45,2025-05-19T00:30:00Z,2025-05-20T00:00:00Z,TRUE
24.1_1.2,2025-05-20,3.944173913043478,46,2025-05-20T00:30:00Z,2025-05-20T23:30:00Z,TRUE
24.1_1.2,2025-05-21,8.430760869565217,46,2025-05-21T00:30:00Z,2025-05-22T00:00:00Z,TRUE
24.1_1.2,2025-05-22,6.483625,32,2025-05-22T00:30:00Z,2025-05-22T16:00:00Z,FALSE
24.1_1.2,2025-05-23,1.4063571428571429,42,2025-05-23T03:00:00Z,2025-05-24T00:00:00Z,TRUE
24.1_1.2,2025-05-24,1.1559777777777778,45,2025-05-24T00:30:00Z,2025-05-25T00:00:00Z,TRUE
24.1_1.2,2025-05-25,4.728787234042553,47,2025-05-25T00:30:00Z,2025-05-26T00:00:00Z,TRUE
24.1_1.2,2025-05-26,5.171510638297872,47,2025-05-26T00:30:00Z,2025-05-27T00:00:00Z,TRUE
24.1_1.2,2025-05-27,3.4821041666666668,48,2025-05-27T00:30:00Z,2025-05-28T00:00:00Z,TRUE
24.1_1.2,2025-05-28,2.188829268292683,41,2025-05-28T00:30:00Z,2025-05-29T00:00:00Z,TRUE
24.1_1.2,2025-05-29,13.46968888888889,45,2025-05-29T00:30:00Z,2025-05-30T00:00:00Z,TRUE
24.1_1.2,2025-05-30,11.214270833333334,48,2025-05-30T00:30:00Z,2025-05-31T00:00:00Z,TRUE
24.1_1.2,2025-05-31,8.125733333333333,45,2025-05-31T00:30:00Z,2025-06-01T00:00:00Z,TRUE
24.1_1.2,2025-06-01,5.647374999999999,40,2025-06-01T01:00:00Z,2025-06-02T00:00:00Z,TRUE
24.1_1.2,2025-06-02,3.546413043478261,46,2025-06-02T00:30:00Z,2025-06-03T00:00:00Z,TRUE
24.1_1.2,2025-06-03,6.898533333333334,45,2025-06-03T00:30:00Z,2025-06-04T00:00:00Z,TRUE
24.1_1.2,2025-06-04,24.464886363636364,44,2025-06-04T00:30:00Z,2025-06-05T00:00:00Z,TRUE
24.1_1.2,2025-06-05,25.54971111111111,45,2025-06-05T00:30:00Z,2025-06-06T00:00:00Z,TRUE
24.1_1.2,2025-06-06,43.69570833333333,48,2025-06-06T00:30:00Z,2025-06-07T00:00:00Z,TRUE
24.1_1.2,2025-06-07,44.69266666666667,45,2025-06-07T00:30:00Z,2025-06-08T00:00:00Z,TRUE
24.1_1.2,2025-06-08,37.35091111111111,45,2025-06-08T00:30:00Z,2025-06-09T00:00:00Z,TRUE
24.1_1.2,2025-06-09,21.370826086956523,46,2025-06-09T00:30:00Z,2025-06-09T23:30:00Z,TRUE
24.1_1.2,2025-06-10,9.916595744680851,47,2025-06-10T00:30:00Z,2025-06-11T00:00:00Z,TRUE
24.1_1.2,2025-06-11,14.022977777777777,45,2025-06-11T00:30:00Z,2025-06-12T00:00:00Z,TRUE
24.1_1.2,2025-06-12,21.741255319148937,47,2025-06-12T00:30:00Z,2025-06-13T00:00:00Z,TRUE
24.1_1.2,2025-06-13,19.812266666666666,45,2025-06-13T00:30:00Z,2025-06-14T00:00:00Z,TRUE
24.1_1.2,2025-06-14,10.97927027027027,37,2025-06-14T00:30:00Z,2025-06-14T18:30:00Z,TRUE
24.1_1.2,2025-06-15,11.255075,40,2025-06-15T03:30:00Z,2025-06-16T00:00:00Z,TRUE
24.1_1.2,2025-06-16,9.029458333333334,48,2025-06-16T00:30:00Z,2025-06-17T00:00:00Z,TRUE
24.1_1.2,2025-06-17,11.1630625,48,2025-06-17T00:30:00Z,2025-06-18T00:00:00Z,TRUE
24.1_1.2,2025-06-18,8.0249375,48,2025-06-18T00:30:00Z,2025-06-19T00:00:00Z,TRUE
24.1_1.2,2025-06-19,6.3343030303030305,33,2025-06-19T00:30:00Z,2025-06-20T00:00:00Z,FALSE
24.1_1.2,2025-06-20,8.464195652173913,46,2025-06-20T01:00:00Z,2025-06-21T00:00:00Z,TRUE
24.1_1.2,2025-06-21,9.517291666666667,48,2025-06-21T00:30:00Z,2025-06-22T00:00:00Z,TRUE
24.1_1.2,2025-06-22,8.59775,48,2025-06-22T00:30:00Z,2025-06-23T00:00:00Z,TRUE
24.1_1.2,2025-06-23,7.61775,48,2025-06-23T00:30:00Z,2025-06-24T00:00:00Z,TRUE
24.1_1.2,2025-06-24,8.280630434782609,46,2025-06-24T00:30:00Z,2025-06-25T00:00:00Z,TRUE
24.1_1.2,2025-06-25,11.196021276595744,47,2025-06-25T00:30:00Z,2025-06-26T00:00:00Z,TRUE
24.1_1.2,2025-06-26,16.09028888888889,45,2025-06-26T00:30:00Z,2025-06-27T00:00:00Z,TRUE
24.1_1.2,2025-06-27,11.084958333333333,48,2025-06-27T00:30:00Z,2025-06-28T00:00:00Z,TRUE
24.1_1.2,2025-06-28,9.040468085106383,47,2025-06-28T00:30:00Z,2025-06-29T00:00:00Z,TRUE
24.1_1.2,2025-06-29,5.799979166666667,48,2025-06-29T00:30:00Z,2025-06-30T00:00:00Z,TRUE
24.1_1.2,2025-06-30,9.11336170212766,47,2025-06-30T00:30:00Z,2025-07-01T00:00:00Z,TRUE
24.1_1.2,2025-07-01,7.381297872340426,47,2025-07-01T00:30:00Z,2025-07-02T00:00:00Z,TRUE
24.1_1.2,2025-07-02,6.546354166666666,48,2025-07-02T00:30:00Z,2025-07-03T00:00:00Z,TRUE
24.1_1.2,2025-07-03,18.754659574468086,47,2025-07-03T00:30:00Z,2025-07-03T23:30:00Z,TRUE
24.1_1.2,2025-07-04,17.217875,48,2025-07-04T00:30:00Z,2025-07-05T00:00:00Z,TRUE
24.1_1.2,2025-07-05,17.480372093023256,43,2025-07-05T00:30:00Z,2025-07-06T00:00:00Z,TRUE
24.1_1.2,2025-07-06,9.684854166666666,48,2025-07-06T00:30:00Z,2025-07-07T00:00:00Z,TRUE
24.1_1.2,2025-07-07,9.079869565217392,46,2025-07-07T00:30:00Z,2025-07-08T00:00:00Z,TRUE
24.1_1.2,2025-07-08,13.766340425531915,47,2025-07-08T00:30:00Z,2025-07-09T00:00:00Z,TRUE
24.1_1.2,2025-07-09,19.584533333333333,45,2025-07-09T00:30:00Z,2025-07-10T00:00:00Z,TRUE
24.1_1.2,2025-07-10,18.899787234042552,47,2025-07-10T00:30:00Z,2025-07-11T00:00:00Z,TRUE
24.1_1.2,2025-07-11,13.149851063829788,47,2025-07-11T00:30:00Z,2025-07-12T00:00:00Z,TRUE
24.1_1.2,2025-07-12,8.336958333333333,48,2025-07-12T00:30:00Z,2025-07-13T00:00:00Z,TRUE
24.1_1.2,2025-07-13,5.566708333333334,48,2025-07-13T00:30:00Z,2025-07-14T00:00:00Z,TRUE
24.1_1.2,2025-07-14,20.977854166666667,48,2025-07-14T00:30:00Z,2025-07-15T00:00:00Z,TRUE
24.1_1.2,2025-07-15,33.71038636363637,44,2025-07-15T00:30:00Z,2025-07-16T00:00:00Z,TRUE
24.1_1.2,2025-07-16,30.635304347826086,46,2025-07-16T00:30:00Z,2025-07-17T00:00:00Z,TRUE
24.1_1.2,2025-07-17,9.255021276595745,47,2025-07-17T00:30:00Z,2025-07-18T00:00:00Z,TRUE
24.1_1.2,2025-07-18,1.7401063829787233,47,2025-07-18T00:30:00Z,2025-07-19T00:00:00Z,TRUE
24.1_1.2,2025-07-19,3.03825,48,2025-07-19T00:30:00Z,2025-07-20T00:00:00Z,TRUE
24.1_1.2,2025-07-20,6.235488372093023,43,2025-07-20T00:30:00Z,2025-07-21T00:00:00Z,TRUE
24.1_1.2,2025-07-21,20.05713043478261,46,2025-07-21T00:30:00Z,2025-07-22T00:00:00Z,TRUE
24.1_1.2,2025-07-22,4.0405,46,2025-07-22T00:30:00Z,2025-07-23T00:00:00Z,TRUE
24.1_1.2,2025-07-23,3.3638666666666666,45,2025-07-23T00:30:00Z,2025-07-24T00:00:00Z,TRUE
24.1_1.2,2025-07-24,14.528425531914895,47,2025-07-24T00:30:00Z,2025-07-25T00:00:00Z,TRUE
24.1_1.2,2025-07-25,11.221021739130435,46,2025-07-25T00:30:00Z,2025-07-26T00:00:00Z,TRUE
24.1_1.2,2025-07-26,11.451644444444444,45,2025-07-26T00:30:00Z,2025-07-27T00:00:00Z,TRUE
24.1_1.2,2025-07-27,9.492458333333333,48,2025-07-27T00:30:00Z,2025-07-28T00:00:00Z,TRUE
24.1_1.2,2025-07-28,10.728891304347826,46,2025-07-28T00:30:00Z,2025-07-29T00:00:00Z,TRUE
24.1_1.2,2025-07-29,7.407840909090909,44,2025-07-29T00:30:00Z,2025-07-30T00:00:00Z,TRUE
24.1_1.2,2025-07-30,14.409083333333333,24,2025-07-30T00:30:00Z,2025-07-30T12:30:00Z,FALSE
24.1_1.2,2025-07-31,39.1805,36,2025-07-31T06:00:00Z,2025-08-01T00:00:00Z,TRUE
24.1_1.2,2025-08-01,16.0476,45,2025-08-01T00:30:00Z,2025-08-02T00:00:00Z,TRUE
24.1_1.2,2025-08-02,7.291312499999999,48,2025-08-02T00:30:00Z,2025-08-03T00:00:00Z,TRUE
24.1_1.2,2025-08-03,12.770239130434783,46,2025-08-03T00:30:00Z,2025-08-04T00:00:00Z,TRUE
24.1_1.2,2025-08-04,41.45661702127659,47,2025-08-04T00:30:00Z,2025-08-05T00:00:00Z,TRUE
24.1_1.2,2025-08-05,35.0063125,48,2025-08-05T00:30:00Z,2025-08-06T00:00:00Z,TRUE
24.1_1.2,2025-08-06,25.638955555555555,45,2025-08-06T00:30:00Z,2025-08-07T00:00:00Z,TRUE
24.1_1.2,2025-08-07,18.474837209302326,43,2025-08-07T00:30:00Z,2025-08-08T00:00:00Z,TRUE
24.1_1.2,2025-08-08,14.948441860465115,43,2025-08-08T00:30:00Z,2025-08-09T00:00:00Z,TRUE
24.1_1.2,2025-08-09,21.581422222222223,45,2025-08-09T00:30:00Z,2025-08-10T00:00:00Z,TRUE
24.1_1.2,2025-08-10,23.33375,44,2025-08-10T00:30:00Z,2025-08-10T23:30:00Z,TRUE
24.1_1.2,2025-08-11,18.57842857142857,42,2025-08-11T00:30:00Z,2025-08-12T00:00:00Z,TRUE
24.1_1.2,2025-08-12,12.78891489361702,47,2025-08-12T00:30:00Z,2025-08-13T00:00:00Z,TRUE
24.1_1.2,2025-08-13,6.359340425531915,47,2025-08-13T00:30:00Z,2025-08-14T00:00:00Z,TRUE
24.1_1.2,2025-08-14,17.93575,48,2025-08-14T00:30:00Z,2025-08-15T00:00:00Z,TRUE
24.1_1.2,2025-08-15,29.268666666666668,45,2025-08-15T00:30:00Z,2025-08-16T00:00:00Z,TRUE
24.1_1.2,2025-08-16,19.051644444444445,45,2025-08-16T00:30:00Z,2025-08-17T00:00:00Z,TRUE
24.1_1.2,2025-08-17,12.667577777777778,45,2025-08-17T00:30:00Z,2025-08-18T00:00:00Z,TRUE
24.1_1.2,2025-08-18,3.0094583333333333,48,2025-08-18T00:30:00Z,2025-08-19T00:00:00Z,TRUE
24.1_1.2,2025-08-19,5.324431818181818,44,2025-08-19T00:30:00Z,2025-08-20T00:00:00Z,TRUE
24.1_1.2,2025-08-20,32.083,24,2025-08-20T00:30:00Z,2025-08-20T12:00:00Z,FALSE
24.1_1.2,2025-08-29,1.6008571428571428,14,2025-08-29T17:30:00Z,2025-08-30T00:00:00Z,FALSE
24.1_1.2,2025-08-30,1.9703695652173914,46,2025-08-30T00:30:00Z,2025-08-31T00:00:00Z,TRUE
24.1_1.2,2025-08-31,3.896,46,2025-08-31T00:30:00Z,2025-09-01T00:00:00Z,TRUE
24.1_1.2,2025-09-01,3.718717391304348,46,2025-09-01T00:30:00Z,2025-09-02T00:00:00Z,TRUE
24.1_1.2,2025-09-02,3.562,45,2025-09-02T00:30:00Z,2025-09-03T00:00:00Z,TRUE
24.1_1.2,2025-09-03,3.95655,40,2025-09-03T00:30:00Z,2025-09-04T00:00:00Z,TRUE
24.1_1.2,2025-09-04,5.888395833333333,48,2025-09-04T00:30:00Z,2025-09-05T00:00:00Z,TRUE
24.1_1.2,2025-09-05,12.062872340425532,47,2025-09-05T00:30:00Z,2025-09-06T00:00:00Z,TRUE
24.1_1.2,2025-09-06,3.2556956521739133,46,2025-09-06T00:30:00Z,2025-09-07T00:00:00Z,TRUE
24.1_1.2,2025-09-07,2.6041666666666665,48,2025-09-07T00:30:00Z,2025-09-08T00:00:00Z,TRUE
24.1_1.2,2025-09-08,3.1472045454545454,44,2025-09-08T00:30:00Z,2025-09-09T00:00:00Z,TRUE
24.1_1.2,2025-09-09,2.362645833333333,48,2025-09-09T00:30:00Z,2025-09-10T00:00:00Z,TRUE
24.1_1.2,2025-09-10,3.111891304347826,46,2025-09-10T00:30:00Z,2025-09-11T00:00:00Z,TRUE
24.1_1.2,2025-09-11,4.841957446808511,47,2025-09-11T00:30:00Z,2025-09-12T00:00:00Z,TRUE
24.1_1.2,2025-09-12,8.754911111111111,45,2025-09-12T00:30:00Z,2025-09-13T00:00:00Z,TRUE
24.1_1.2,2025-09-13,8.194217391304347,46,2025-09-13T00:30:00Z,2025-09-14T00:00:00Z,TRUE
24.1_1.2,2025-09-14,11.8452,45,2025-09-14T00:30:00Z,2025-09-15T00:00:00Z,TRUE
24.1_1.2,2025-09-15,9.59963043478261,46,2025-09-15T00:30:00Z,2025-09-16T00:00:00Z,TRUE
24.1_1.2,2025-09-16,9.077021276595746,47,2025-09-16T00:30:00Z,2025-09-17T00:00:00Z,TRUE
24.1_1.2,2025-09-17,11.1946875,48,2025-09-17T00:30:00Z,2025-09-18T00:00:00Z,TRUE
24.1_1.2,2025-09-18,10.730244444444445,45,2025-09-18T00:30:00Z,2025-09-19T00:00:00Z,TRUE
24.1_1.2,2025-09-19,10.72272340425532,47,2025-09-19T00:30:00Z,2025-09-20T00:00:00Z,TRUE
24.1_1.2,2025-09-20,3.3096666666666663,48,2025-09-20T00:30:00Z,2025-09-21T00:00:00Z,TRUE
24.1_1.2,2025-09-21,6.9591111111111115,45,2025-09-21T00:30:00Z,2025-09-22T00:00:00Z,TRUE
24.1_1.2,2025-09-22,11.255208333333334,48,2025-09-22T00:30:00Z,2025-09-23T00:00:00Z,TRUE
24.1_1.2,2025-09-23,11.436444444444444,9,2025-09-23T00:30:00Z,2025-09-23T05:00:00Z,FALSE
24.1_1.2,2025-10-06,2.7726666666666664,9,2025-10-06T20:00:00Z,2025-10-07T00:00:00Z,FALSE
24.1_1.2,2025-10-07,3.391086956521739,23,2025-10-07T00:30:00Z,2025-10-07T13:00:00Z,FALSE
24.1_1.2,2025-10-12,6.743416666666667,12,2025-10-12T07:00:00Z,2025-10-13T00:00:00Z,FALSE
24.1_1.2,2025-10-13,4.040894736842105,19,2025-10-13T00:30:00Z,2025-10-14T00:00:00Z,FALSE
24.1_1.2,2025-10-14,4.100148148148148,27,2025-10-14T00:30:00Z,2025-10-14T14:30:00Z,FALSE
24.1_1.2,2025-10-20,2.337,1,2025-10-20T15:30:00Z,2025-10-20T15:30:00Z,FALSE
24.1_1.2,2025-10-22,0.3585,4,2025-10-22T20:00:00Z,2025-10-22T23:30:00Z,FALSE
24.1_1.2,2025-10-23,2.0233333333333334,12,2025-10-23T02:30:00Z,2025-10-23T23:30:00Z,FALSE
24.1_1.2,2025-10-24,2.3339666666666665,30,2025-10-24T02:30:00Z,2025-10-25T00:00:00Z,FALSE
24.1_1.2,2025-10-25,0.055772727272727265,44,2025-10-25T00:30:00Z,2025-10-26T00:00:00Z,TRUE
24.1_1.2,2025-10-26,0,48,2025-10-26T00:30:00Z,2025-10-27T00:00:00Z,TRUE
24.1_1.2,2025-10-27,1.4532553191489361,47,2025-10-27T00:30:00Z,2025-10-28T00:00:00Z,TRUE
24.1_1.2,2025-10-28,0.6180769230769231,13,2025-10-28T00:30:00Z,2025-10-28T09:30:00Z,FALSE
25.1,2024-11-07,4.43375,4,2024-11-07T20:30:00Z,2024-11-08T00:00:00Z,FALSE
25.1,2024-11-08,9.606153846153846,26,2024-11-08T00:30:00Z,2024-11-09T00:00:00Z,FALSE
25.1,2024-11-09,2.9923636363636366,22,2024-11-09T02:00:00Z,2024-11-10T00:00:00Z,FALSE
25.1,2024-11-10,17.626565217391303,23,2024-11-10T01:00:00Z,2024-11-10T23:00:00Z,FALSE
25.1,2024-11-11,4.47928,25,2024-11-11T02:30:00Z,2024-11-12T00:00:00Z,FALSE
25.1,2024-11-12,6.355083333333333,24,2024-11-12T01:30:00Z,2024-11-12T22:30:00Z,FALSE
25.1,2024-11-13,7.24225,20,2024-11-13T02:30:00Z,2024-11-14T00:00:00Z,FALSE
25.1,2024-11-14,18.27672727272727,22,2024-11-14T00:30:00Z,2024-11-15T00:00:00Z,FALSE
25.1,2024-11-15,59.973846153846154,13,2024-11-15T00:30:00Z,2024-11-15T22:00:00Z,FALSE
25.1,2024-11-16,7.523692307692308,13,2024-11-16T01:30:00Z,2024-11-17T00:00:00Z,FALSE
25.1,2024-11-17,9.86926923076923,26,2024-11-17T00:30:00Z,2024-11-18T00:00:00Z,FALSE
25.1,2024-11-18,20.441888888888887,18,2024-11-18T01:00:00Z,2024-11-18T22:30:00Z,FALSE
25.1,2024-11-19,32.52133333333333,18,2024-11-19T00:30:00Z,2024-11-20T00:00:00Z,FALSE
25.1,2024-11-20,22.11413043478261,23,2024-11-20T01:30:00Z,2024-11-21T00:00:00Z,FALSE
25.1,2024-11-21,3.6403333333333334,24,2024-11-21T01:00:00Z,2024-11-22T00:00:00Z,FALSE
25.1,2024-11-22,10.6949,20,2024-11-22T02:30:00Z,2024-11-23T00:00:00Z,FALSE
25.1,2024-11-23,1.9686000000000001,15,2024-11-23T04:30:00Z,2024-11-24T00:00:00Z,FALSE
25.1,2024-11-24,12.404833333333332,12,2024-11-24T00:30:00Z,2024-11-25T00:00:00Z,FALSE
25.1,2024-11-25,26.731413793103446,29,2024-11-25T00:30:00Z,2024-11-25T22:30:00Z,FALSE
25.1,2024-11-26,14.1875,12,2024-11-26T04:00:00Z,2024-11-26T23:00:00Z,FALSE
25.1,2024-11-27,8.937608695652173,23,2024-11-27T00:30:00Z,2024-11-28T00:00:00Z,FALSE
25.1,2024-11-28,11.842260869565218,23,2024-11-28T02:00:00Z,2024-11-28T23:00:00Z,FALSE
25.1,2024-11-29,9.540000000000001,25,2024-11-29T02:00:00Z,2024-11-29T22:30:00Z,FALSE
25.1,2024-11-30,8.46182608695652,23,2024-11-30T00:30:00Z,2024-11-30T23:30:00Z,FALSE
25.1,2024-12-01,5.708090909090909,33,2024-12-01T00:30:00Z,2024-12-02T00:00:00Z,FALSE
25.1,2024-12-02,9.763238095238096,21,2024-12-02T00:30:00Z,2024-12-02T23:30:00Z,FALSE
25.1,2024-12-03,17.456607142857145,28,2024-12-03T01:00:00Z,2024-12-03T23:00:00Z,FALSE
25.1,2024-12-04,13.93404347826087,23,2024-12-04T02:00:00Z,2024-12-04T22:30:00Z,FALSE
25.1,2024-12-05,7.26644827586207,29,2024-12-05T00:30:00Z,2024-12-06T00:00:00Z,FALSE
25.1,2024-12-06,4.218533333333333,15,2024-12-06T01:00:00Z,2024-12-06T23:30:00Z,FALSE
25.1,2024-12-07,4.681454545454545,22,2024-12-07T02:30:00Z,2024-12-07T23:00:00Z,FALSE
25.1,2024-12-08,6.709958333333333,24,2024-12-08T01:30:00Z,2024-12-09T00:00:00Z,FALSE
25.1,2024-12-09,6.666454545454545,22,2024-12-09T03:30:00Z,2024-12-10T00:00:00Z,FALSE
25.1,2024-12-10,30.708571428571428,14,2024-12-10T02:00:00Z,2024-12-11T00:00:00Z,FALSE
25.1,2024-12-11,22.35175,24,2024-12-11T01:00:00Z,2024-12-11T23:00:00Z,FALSE
25.1,2024-12-12,6.491333333333333,21,2024-12-12T00:30:00Z,2024-12-12T23:30:00Z,FALSE
25.1,2024-12-13,6.138454545454546,22,2024-12-13T00:30:00Z,2024-12-14T00:00:00Z,FALSE
25.1,2024-12-14,6.240875,16,2024-12-14T01:30:00Z,2024-12-14T18:30:00Z,FALSE
25.1,2024-12-15,18.475470588235297,17,2024-12-15T00:30:00Z,2024-12-15T22:30:00Z,FALSE
25.1,2024-12-16,39.70805555555555,18,2024-12-16T01:30:00Z,2024-12-16T21:30:00Z,FALSE
25.1,2024-12-17,11.189176470588235,17,2024-12-17T03:30:00Z,2024-12-18T00:00:00Z,FALSE
25.1,2024-12-18,32.72375,28,2024-12-18T01:00:00Z,2024-12-18T23:30:00Z,FALSE
25.1,2024-12-19,8.004034482758621,29,2024-12-19T00:30:00Z,2024-12-20T00:00:00Z,FALSE
25.1,2024-12-20,16.585636363636365,22,2024-12-20T00:30:00Z,2024-12-21T00:00:00Z,FALSE
25.1,2024-12-21,2.832333333333333,21,2024-12-21T00:30:00Z,2024-12-22T00:00:00Z,FALSE
25.1,2024-12-22,2.3830833333333334,24,2024-12-22T00:30:00Z,2024-12-22T23:30:00Z,FALSE
25.1,2024-12-23,6.729555555555556,18,2024-12-23T01:00:00Z,2024-12-24T00:00:00Z,FALSE
25.1,2024-12-24,19.373058823529412,17,2024-12-24T00:30:00Z,2024-12-24T23:30:00Z,FALSE
25.1,2024-12-25,20.6945,16,2024-12-25T00:30:00Z,2024-12-25T22:00:00Z,FALSE
25.1,2024-12-26,16.50433333333333,15,2024-12-26T01:00:00Z,2024-12-26T21:30:00Z,FALSE
25.1,2024-12-27,16.716714285714286,21,2024-12-27T02:30:00Z,2024-12-27T23:30:00Z,FALSE
25.1,2024-12-28,7.462733333333333,15,2024-12-28T00:30:00Z,2024-12-29T00:00:00Z,FALSE
25.1,2024-12-29,7.5038846153846155,26,2024-12-29T01:00:00Z,2024-12-30T00:00:00Z,FALSE
25.1,2024-12-30,4.922956521739131,23,2024-12-30T02:30:00Z,2024-12-30T23:00:00Z,FALSE
25.1,2024-12-31,7.935434782608696,23,2024-12-31T00:30:00Z,2024-12-31T22:30:00Z,FALSE
25.1,2025-01-01,8.4077,10,2025-01-01T01:00:00Z,2025-01-01T23:30:00Z,FALSE
25.1,2025-01-02,8.024923076923077,26,2025-01-02T00:30:00Z,2025-01-03T00:00:00Z,FALSE
25.1,2025-01-03,10.185458333333333,24,2025-01-03T01:30:00Z,2025-01-04T00:00:00Z,FALSE
25.1,2025-01-04,3.0810789473684213,38,2025-01-04T00:30:00Z,2025-01-05T00:00:00Z,TRUE
25.1,2025-01-05,7.527322580645161,31,2025-01-05T00:30:00Z,2025-01-05T23:30:00Z,FALSE
25.1,2025-01-06,5.955344827586207,29,2025-01-06T01:00:00Z,2025-01-07T00:00:00Z,FALSE
25.1,2025-01-07,2.644346153846154,26,2025-01-07T01:00:00Z,2025-01-07T23:00:00Z,FALSE
25.1,2025-01-08,2.9455714285714287,28,2025-01-08T00:30:00Z,2025-01-09T00:00:00Z,FALSE
25.1,2025-01-09,5.738382352941176,34,2025-01-09T00:30:00Z,2025-01-09T23:30:00Z,FALSE
25.1,2025-01-10,13.215333333333334,27,2025-01-10T01:00:00Z,2025-01-10T23:00:00Z,FALSE
25.1,2025-01-11,26.24147619047619,21,2025-01-11T00:30:00Z,2025-01-11T21:30:00Z,FALSE
25.1,2025-01-12,24.0164375,16,2025-01-12T02:00:00Z,2025-01-13T00:00:00Z,FALSE
25.1,2025-01-13,5.636322580645161,31,2025-01-13T04:30:00Z,2025-01-14T00:00:00Z,FALSE
25.1,2025-01-14,5.484883720930233,43,2025-01-14T00:30:00Z,2025-01-15T00:00:00Z,TRUE
25.1,2025-01-15,6.227818181818182,22,2025-01-15T01:30:00Z,2025-01-16T00:00:00Z,FALSE
25.1,2025-01-16,15.626695652173913,23,2025-01-16T00:30:00Z,2025-01-16T23:00:00Z,FALSE
25.1,2025-01-17,22.225882352941177,17,2025-01-17T03:00:00Z,2025-01-17T23:30:00Z,FALSE
25.1,2025-01-18,7.618777777777778,18,2025-01-18T00:30:00Z,2025-01-18T18:30:00Z,FALSE
25.1,2025-01-19,2.6408095238095237,21,2025-01-19T05:00:00Z,2025-01-20T00:00:00Z,FALSE
25.1,2025-01-20,3.19009375,32,2025-01-20T01:00:00Z,2025-01-21T00:00:00Z,FALSE
25.1,2025-01-21,4.738487179487179,39,2025-01-21T00:30:00Z,2025-01-22T00:00:00Z,TRUE
25.1,2025-01-22,3.987731707317073,41,2025-01-22T00:30:00Z,2025-01-23T00:00:00Z,TRUE
25.1,2025-01-23,6.948173913043478,23,2025-01-23T00:30:00Z,2025-01-23T22:30:00Z,FALSE
25.1,2025-01-24,5.428717948717948,39,2025-01-24T01:00:00Z,2025-01-25T00:00:00Z,TRUE
25.1,2025-01-25,11.675416666666667,36,2025-01-25T00:30:00Z,2025-01-26T00:00:00Z,TRUE
25.1,2025-01-26,7.63876923076923,26,2025-01-26T00:30:00Z,2025-01-26T23:00:00Z,FALSE
25.1,2025-01-27,5.107888888888889,18,2025-01-27T01:30:00Z,2025-01-27T22:00:00Z,FALSE
25.1,2025-01-28,4.7836799999999995,25,2025-01-28T01:00:00Z,2025-01-29T00:00:00Z,FALSE
25.1,2025-01-29,4.804947368421053,19,2025-01-29T01:00:00Z,2025-01-30T00:00:00Z,FALSE
25.1,2025-01-30,7.1909374999999995,16,2025-01-30T01:30:00Z,2025-01-30T22:30:00Z,FALSE
25.1,2025-01-31,14.925333333333334,15,2025-01-31T00:30:00Z,2025-01-31T19:30:00Z,FALSE
25.1,2025-02-01,6.563526315789474,19,2025-02-01T00:30:00Z,2025-02-02T00:00:00Z,FALSE
25.1,2025-02-02,3.1692,20,2025-02-02T00:30:00Z,2025-02-02T16:00:00Z,FALSE
25.1,2025-02-03,64.64046153846154,13,2025-02-03T10:30:00Z,2025-02-04T00:00:00Z,FALSE
25.1,2025-02-04,10.978756756756757,37,2025-02-04T00:30:00Z,2025-02-05T00:00:00Z,TRUE
25.1,2025-02-05,2.2946923076923076,26,2025-02-05T00:30:00Z,2025-02-05T20:30:00Z,FALSE
25.1,2025-02-06,17.115266666666667,15,2025-02-06T00:30:00Z,2025-02-06T23:30:00Z,FALSE
25.1,2025-02-07,5.777777777777778,27,2025-02-07T01:00:00Z,2025-02-08T00:00:00Z,FALSE
25.1,2025-02-08,8.292285714285715,35,2025-02-08T00:30:00Z,2025-02-09T00:00:00Z,FALSE
25.1,2025-02-09,15.476933333333333,15,2025-02-09T01:00:00Z,2025-02-09T19:00:00Z,FALSE
25.1,2025-02-10,6.650066666666667,15,2025-02-10T00:30:00Z,2025-02-10T16:30:00Z,FALSE
25.1,2025-02-11,17.19481818181818,22,2025-02-11T01:30:00Z,2025-02-12T00:00:00Z,FALSE
25.1,2025-02-12,16.10890909090909,22,2025-02-12T00:30:00Z,2025-02-12T22:30:00Z,FALSE
25.1,2025-02-13,27.24688888888889,9,2025-02-13T02:00:00Z,2025-02-14T00:00:00Z,FALSE
25.1,2025-02-14,10.205043478260869,23,2025-02-14T03:00:00Z,2025-02-15T00:00:00Z,FALSE
25.1,2025-02-15,13.09084,25,2025-02-15T00:30:00Z,2025-02-15T18:30:00Z,FALSE
25.1,2025-02-16,8.916500000000001,4,2025-02-16T17:30:00Z,2025-02-16T21:30:00Z,FALSE
25.1,2025-02-17,3.9885,18,2025-02-17T05:30:00Z,2025-02-17T22:00:00Z,FALSE
25.1,2025-02-18,4.591473684210526,19,2025-02-18T03:00:00Z,2025-02-19T00:00:00Z,FALSE
25.1,2025-02-19,5.08752380952381,21,2025-02-19T00:30:00Z,2025-02-19T23:30:00Z,FALSE
25.1,2025-02-20,5.238666666666666,15,2025-02-20T02:00:00Z,2025-02-21T00:00:00Z,FALSE
25.1,2025-02-21,3.911578947368421,19,2025-02-21T01:00:00Z,2025-02-22T00:00:00Z,FALSE
25.1,2025-02-22,9.798318181818182,22,2025-02-22T01:00:00Z,2025-02-22T23:00:00Z,FALSE
25.1,2025-02-23,9.118648648648648,37,2025-02-23T00:30:00Z,2025-02-23T23:30:00Z,TRUE
25.1,2025-02-24,11.500483870967741,31,2025-02-24T00:30:00Z,2025-02-24T23:00:00Z,FALSE
25.1,2025-02-25,7.65476923076923,13,2025-02-25T00:30:00Z,2025-02-25T21:00:00Z,FALSE
25.1,2025-02-26,11.98088,25,2025-02-26T01:30:00Z,2025-02-26T23:00:00Z,FALSE
25.1,2025-04-05,10.4558,5,2025-04-05T14:00:00Z,2025-04-05T21:00:00Z,FALSE
25.1,2025-04-06,6.704363636363636,11,2025-04-06T03:30:00Z,2025-04-06T21:30:00Z,FALSE
25.1,2025-04-07,9.005866666666668,30,2025-04-07T00:30:00Z,2025-04-07T23:30:00Z,FALSE
25.1,2025-04-08,8.286793103448275,29,2025-04-08T00:30:00Z,2025-04-08T23:30:00Z,FALSE
25.1,2025-04-09,5.63945,20,2025-04-09T00:30:00Z,2025-04-09T23:30:00Z,FALSE
25.1,2025-04-10,28.906761904761904,21,2025-04-10T00:30:00Z,2025-04-10T23:30:00Z,FALSE
25.1,2025-04-11,23.347142857142856,21,2025-04-11T01:00:00Z,2025-04-11T23:00:00Z,FALSE
25.1,2025-04-12,6.3228800000000005,25,2025-04-12T00:30:00Z,2025-04-12T23:30:00Z,FALSE
25.1,2025-04-13,5.384761904761905,21,2025-04-13T02:00:00Z,2025-04-13T23:30:00Z,FALSE
25.1,2025-04-14,5.169,30,2025-04-14T00:30:00Z,2025-04-15T00:00:00Z,FALSE
25.1,2025-04-15,3.6399375,16,2025-04-15T02:30:00Z,2025-04-16T00:00:00Z,FALSE
25.1,2025-04-16,4.797318181818182,22,2025-04-16T00:30:00Z,2025-04-16T23:30:00Z,FALSE
25.1,2025-04-17,6.5728333333333335,18,2025-04-17T00:30:00Z,2025-04-17T22:00:00Z,FALSE
25.1,2025-04-18,5.75960606060606,33,2025-04-18T02:30:00Z,2025-04-19T00:00:00Z,FALSE
25.1,2025-04-19,8.93337037037037,27,2025-04-19T01:30:00Z,2025-04-19T23:30:00Z,FALSE
25.1,2025-04-20,2.62825,12,2025-04-20T06:00:00Z,2025-04-21T00:00:00Z,FALSE
25.1,2025-04-21,5.633565217391304,23,2025-04-21T04:30:00Z,2025-04-22T00:00:00Z,FALSE
25.1,2025-04-22,4.0145,22,2025-04-22T01:00:00Z,2025-04-23T00:00:00Z,FALSE
25.1,2025-04-23,4.849068965517241,29,2025-04-23T01:30:00Z,2025-04-24T00:00:00Z,FALSE
25.1,2025-04-24,7.5692702702702706,37,2025-04-24T01:00:00Z,2025-04-25T00:00:00Z,TRUE
25.1,2025-04-25,8.969606060606061,33,2025-04-25T01:30:00Z,2025-04-26T00:00:00Z,FALSE
25.1,2025-04-26,10.12986956521739,23,2025-04-26T01:00:00Z,2025-04-27T00:00:00Z,FALSE
25.1,2025-04-27,4.94036,25,2025-04-27T00:30:00Z,2025-04-28T00:00:00Z,FALSE
25.1,2025-04-28,9.10221875,32,2025-04-28T00:30:00Z,2025-04-29T00:00:00Z,FALSE
25.1,2025-04-29,5.776285714285714,35,2025-04-29T00:30:00Z,2025-04-30T00:00:00Z,FALSE
25.1,2025-04-30,4.566592592592593,27,2025-04-30T00:30:00Z,2025-05-01T00:00:00Z,FALSE
25.1,2025-05-01,5.834833333333334,24,2025-05-01T01:00:00Z,2025-05-01T22:30:00Z,FALSE
25.1,2025-05-02,5.948384615384615,26,2025-05-02T00:30:00Z,2025-05-03T00:00:00Z,FALSE
25.1,2025-05-03,7.39168,25,2025-05-03T00:30:00Z,2025-05-04T00:00:00Z,FALSE
25.1,2025-05-04,6.675222222222223,18,2025-05-04T00:30:00Z,2025-05-04T22:00:00Z,FALSE
25.1,2025-05-05,12.573230769230769,13,2025-05-05T01:30:00Z,2025-05-05T22:30:00Z,FALSE
25.1,2025-05-06,4.658939393939394,33,2025-05-06T00:30:00Z,2025-05-06T23:30:00Z,FALSE
25.1,2025-05-07,10.38671875,32,2025-05-07T00:30:00Z,2025-05-08T00:00:00Z,FALSE
25.1,2025-05-08,10.958933333333334,15,2025-05-08T02:30:00Z,2025-05-08T23:30:00Z,FALSE
25.1,2025-05-09,10.188190476190476,21,2025-05-09T00:30:00Z,2025-05-09T23:00:00Z,FALSE
25.1,2025-05-10,5.018833333333333,24,2025-05-10T02:00:00Z,2025-05-11T00:00:00Z,FALSE
25.1,2025-05-11,4.099620689655173,29,2025-05-11T00:30:00Z,2025-05-11T23:30:00Z,FALSE
25.1,2025-05-12,6.085387096774194,31,2025-05-12T00:30:00Z,2025-05-13T00:00:00Z,FALSE
25.1,2025-05-13,3.066384615384615,26,2025-05-13T00:30:00Z,2025-05-14T00:00:00Z,FALSE
25.1,2025-05-14,9.849533333333333,30,2025-05-14T00:30:00Z,2025-05-15T00:00:00Z,FALSE
25.1,2025-05-15,8.0753,30,2025-05-15T01:00:00Z,2025-05-16T00:00:00Z,FALSE
25.1,2025-05-16,7.089583333333334,36,2025-05-16T00:30:00Z,2025-05-17T00:00:00Z,TRUE
25.1,2025-05-17,3.6258695652173913,23,2025-05-17T00:30:00Z,2025-05-17T22:30:00Z,FALSE
25.1,2025-05-18,4.803714285714285,7,2025-05-18T01:30:00Z,2025-05-19T00:00:00Z,FALSE
25.1,2025-05-19,7.722133333333334,15,2025-05-19T01:00:00Z,2025-05-20T00:00:00Z,FALSE
25.1,2025-05-20,3.6838461538461535,13,2025-05-20T01:00:00Z,2025-05-21T00:00:00Z,FALSE
25.1,2025-05-21,9.17609090909091,22,2025-05-21T01:00:00Z,2025-05-21T23:30:00Z,FALSE
25.1,2025-05-22,6.816272727272727,11,2025-05-22T00:30:00Z,2025-05-23T00:00:00Z,FALSE
25.1,2025-05-23,2.423157894736842,19,2025-05-23T00:30:00Z,2025-05-24T00:00:00Z,FALSE
25.1,2025-05-24,1.6685384615384615,13,2025-05-24T00:30:00Z,2025-05-24T23:30:00Z,FALSE
25.1,2025-05-25,4.192086956521739,23,2025-05-25T00:30:00Z,2025-05-25T23:30:00Z,FALSE
25.1,2025-05-26,8.24312,25,2025-05-26T00:30:00Z,2025-05-26T22:30:00Z,FALSE
25.1,2025-05-27,4.527457142857143,35,2025-05-27T02:00:00Z,2025-05-27T23:00:00Z,FALSE
25.1,2025-05-28,6.188863636363637,22,2025-05-28T01:00:00Z,2025-05-28T23:30:00Z,FALSE
25.1,2025-05-29,13.272666666666666,21,2025-05-29T00:30:00Z,2025-05-30T00:00:00Z,FALSE
25.1,2025-05-30,9.014407407407408,27,2025-05-30T00:30:00Z,2025-05-30T23:30:00Z,FALSE
25.1,2025-05-31,9.9515,16,2025-05-31T02:30:00Z,2025-06-01T00:00:00Z,FALSE
25.1,2025-06-01,4.814076923076923,26,2025-06-01T00:30:00Z,2025-06-02T00:00:00Z,FALSE
25.1,2025-06-02,4.849514285714285,35,2025-06-02T01:30:00Z,2025-06-03T00:00:00Z,FALSE
25.1,2025-06-03,6.087142857142857,35,2025-06-03T00:30:00Z,2025-06-03T23:30:00Z,FALSE
25.1,2025-06-04,21.969948717948718,39,2025-06-04T00:30:00Z,2025-06-05T00:00:00Z,TRUE
25.1,2025-06-05,28.103236842105265,38,2025-06-05T00:30:00Z,2025-06-06T00:00:00Z,TRUE
25.1,2025-06-06,30.841733333333334,30,2025-06-06T02:00:00Z,2025-06-06T23:30:00Z,FALSE
25.1,2025-06-07,42.379290322580644,31,2025-06-07T00:30:00Z,2025-06-08T00:00:00Z,FALSE
25.1,2025-06-08,32.9767,30,2025-06-08T01:00:00Z,2025-06-09T00:00:00Z,FALSE
25.1,2025-06-09,18.59491304347826,23,2025-06-09T00:30:00Z,2025-06-09T23:00:00Z,FALSE
25.1,2025-06-10,9.064625,24,2025-06-10T00:30:00Z,2025-06-10T23:30:00Z,FALSE
25.1,2025-06-11,12.192923076923076,26,2025-06-11T00:30:00Z,2025-06-12T00:00:00Z,FALSE
25.1,2025-06-12,21.576171428571428,35,2025-06-12T01:00:00Z,2025-06-12T23:30:00Z,FALSE
25.1,2025-06-13,22.08532142857143,28,2025-06-13T00:30:00Z,2025-06-14T00:00:00Z,FALSE
25.1,2025-06-14,12.457615384615385,26,2025-06-14T01:00:00Z,2025-06-15T00:00:00Z,FALSE
25.1,2025-06-15,9.413,31,2025-06-15T00:30:00Z,2025-06-16T00:00:00Z,FALSE
25.1,2025-06-16,12.248,28,2025-06-16T01:30:00Z,2025-06-17T00:00:00Z,FALSE
25.1,2025-06-17,10.823117647058824,34,2025-06-17T00:30:00Z,2025-06-17T23:30:00Z,FALSE
25.1,2025-06-18,8.392941176470588,34,2025-06-18T00:30:00Z,2025-06-18T23:30:00Z,FALSE
25.1,2025-06-19,4.99365625,32,2025-06-19T01:00:00Z,2025-06-20T00:00:00Z,FALSE
25.1,2025-06-20,7.060206896551724,29,2025-06-20T00:30:00Z,2025-06-20T22:30:00Z,FALSE
25.1,2025-06-21,8.56871794871795,39,2025-06-21T00:30:00Z,2025-06-22T00:00:00Z,TRUE
25.1,2025-06-22,7.127621621621622,37,2025-06-22T00:30:00Z,2025-06-23T00:00:00Z,TRUE
25.1,2025-06-23,7.5944,35,2025-06-23T00:30:00Z,2025-06-24T00:00:00Z,FALSE
25.1,2025-06-24,8.044131578947368,38,2025-06-24T00:30:00Z,2025-06-24T23:30:00Z,TRUE
25.1,2025-06-25,10.415384615384616,39,2025-06-25T00:30:00Z,2025-06-26T00:00:00Z,TRUE
25.1,2025-06-26,10.86955,40,2025-06-26T01:00:00Z,2025-06-27T00:00:00Z,TRUE
25.1,2025-06-27,8.435487804878049,41,2025-06-27T00:30:00Z,2025-06-28T00:00:00Z,TRUE
25.1,2025-06-28,8.25457894736842,38,2025-06-28T00:30:00Z,2025-06-29T00:00:00Z,TRUE
25.1,2025-06-29,4.591904761904762,42,2025-06-29T00:30:00Z,2025-06-30T00:00:00Z,TRUE
25.1,2025-06-30,8.224055555555555,36,2025-06-30T00:30:00Z,2025-07-01T00:00:00Z,TRUE
25.1,2025-07-01,6.069527777777778,36,2025-07-01T00:30:00Z,2025-07-02T00:00:00Z,TRUE
25.1,2025-07-02,9.816589743589743,39,2025-07-02T00:30:00Z,2025-07-03T00:00:00Z,TRUE
25.1,2025-07-03,15.737264705882353,34,2025-07-03T01:30:00Z,2025-07-04T00:00:00Z,FALSE
25.1,2025-07-04,15.89935294117647,34,2025-07-04T01:00:00Z,2025-07-05T00:00:00Z,FALSE
25.1,2025-07-05,20.458025641025642,39,2025-07-05T00:30:00Z,2025-07-06T00:00:00Z,TRUE
25.1,2025-07-06,9.012538461538462,39,2025-07-06T00:30:00Z,2025-07-07T00:00:00Z,TRUE
25.1,2025-07-07,11.427129032258065,31,2025-07-07T00:30:00Z,2025-07-08T00:00:00Z,FALSE
25.1,2025-07-08,15.517375,24,2025-07-08T01:30:00Z,2025-07-08T22:30:00Z,FALSE
25.1,2025-07-09,21.266666666666666,33,2025-07-09T00:30:00Z,2025-07-10T00:00:00Z,FALSE
25.1,2025-07-10,16.17068,25,2025-07-10T01:00:00Z,2025-07-10T23:30:00Z,FALSE
25.1,2025-07-11,11.45270588235294,34,2025-07-11T01:00:00Z,2025-07-12T00:00:00Z,FALSE
25.1,2025-07-12,8.25525,36,2025-07-12T00:30:00Z,2025-07-12T23:30:00Z,TRUE
25.1,2025-07-13,5.270928571428572,28,2025-07-13T00:30:00Z,2025-07-14T00:00:00Z,FALSE
25.1,2025-07-14,17.878085714285714,35,2025-07-14T00:30:00Z,2025-07-14T23:30:00Z,FALSE
25.1,2025-07-15,32.98744444444444,36,2025-07-15T01:30:00Z,2025-07-15T23:30:00Z,TRUE
25.1,2025-07-16,30.520102564102565,39,2025-07-16T00:30:00Z,2025-07-17T00:00:00Z,TRUE
25.1,2025-07-17,12.519357142857142,28,2025-07-17T00:30:00Z,2025-07-17T23:30:00Z,FALSE
25.1,2025-07-18,6.278869565217391,23,2025-07-18T00:30:00Z,2025-07-19T00:00:00Z,FALSE
25.1,2025-07-19,3.174032258064516,31,2025-07-19T00:30:00Z,2025-07-19T23:30:00Z,FALSE
25.1,2025-07-20,5.794961538461538,26,2025-07-20T00:30:00Z,2025-07-20T23:30:00Z,FALSE
25.1,2025-07-21,18.940272727272728,22,2025-07-21T02:00:00Z,2025-07-21T22:30:00Z,FALSE
25.1,2025-07-22,10.308074074074074,27,2025-07-22T01:30:00Z,2025-07-23T00:00:00Z,FALSE
25.1,2025-07-23,5.748310344827586,29,2025-07-23T01:00:00Z,2025-07-24T00:00:00Z,FALSE
25.1,2025-07-24,12.653025,40,2025-07-24T00:30:00Z,2025-07-25T00:00:00Z,TRUE
25.1,2025-07-25,10.067972222222222,36,2025-07-25T00:30:00Z,2025-07-25T23:30:00Z,TRUE
25.1,2025-07-26,8.78881081081081,37,2025-07-26T00:30:00Z,2025-07-26T23:30:00Z,TRUE
25.1,2025-07-27,7.276314285714285,35,2025-07-27T01:00:00Z,2025-07-27T23:30:00Z,FALSE
25.1,2025-07-28,10.095454545454546,33,2025-07-28T00:30:00Z,2025-07-28T22:30:00Z,FALSE
25.1,2025-07-29,7.280323529411765,34,2025-07-29T00:30:00Z,2025-07-30T00:00:00Z,FALSE
25.1,2025-07-30,13.702542857142857,35,2025-07-30T00:30:00Z,2025-07-31T00:00:00Z,FALSE
25.1,2025-07-31,26.03620833333333,24,2025-07-31T00:30:00Z,2025-07-31T23:30:00Z,FALSE
25.1,2025-08-01,18.20025,24,2025-08-01T02:30:00Z,2025-08-02T00:00:00Z,FALSE
25.1,2025-08-02,4.304307692307693,26,2025-08-02T03:30:00Z,2025-08-03T00:00:00Z,FALSE
25.1,2025-08-03,12.136500000000002,32,2025-08-03T01:00:00Z,2025-08-04T00:00:00Z,FALSE
25.1,2025-08-04,34.9746,35,2025-08-04T00:30:00Z,2025-08-05T00:00:00Z,FALSE
25.1,2025-08-05,32.55533333333333,33,2025-08-05T01:00:00Z,2025-08-06T00:00:00Z,FALSE
25.1,2025-08-06,24.014870967741935,31,2025-08-06T00:30:00Z,2025-08-06T23:00:00Z,FALSE
25.1,2025-08-07,20.149,26,2025-08-07T00:30:00Z,2025-08-07T23:30:00Z,FALSE
25.1,2025-08-08,15.145107142857142,28,2025-08-08T00:30:00Z,2025-08-09T00:00:00Z,FALSE
25.1,2025-08-09,19.26215625,32,2025-08-09T01:00:00Z,2025-08-10T00:00:00Z,FALSE
25.1,2025-08-10,20.009171428571427,35,2025-08-10T00:30:00Z,2025-08-11T00:00:00Z,FALSE
25.1,2025-08-11,18.041,35,2025-08-11T00:30:00Z,2025-08-12T00:00:00Z,FALSE
25.1,2025-08-12,13.236727272727272,22,2025-08-12T00:30:00Z,2025-08-12T23:30:00Z,FALSE
25.1,2025-08-13,7.7152,15,2025-08-13T01:00:00Z,2025-08-14T00:00:00Z,FALSE
25.1,2025-08-14,15.4009,20,2025-08-14T00:30:00Z,2025-08-15T00:00:00Z,FALSE
25.1,2025-08-15,22.726185185185184,27,2025-08-15T01:00:00Z,2025-08-15T23:30:00Z,FALSE
25.1,2025-08-16,16.819666666666667,39,2025-08-16T00:30:00Z,2025-08-17T00:00:00Z,TRUE
25.1,2025-08-17,10.972862068965517,29,2025-08-17T00:30:00Z,2025-08-18T00:00:00Z,FALSE
25.1,2025-08-18,4.572266666666667,15,2025-08-18T05:00:00Z,2025-08-19T00:00:00Z,FALSE
25.1,2025-08-19,10.270458333333332,24,2025-08-19T01:00:00Z,2025-08-20T00:00:00Z,FALSE
25.1,2025-08-20,16.56995,20,2025-08-20T00:30:00Z,2025-08-20T23:30:00Z,FALSE
25.1,2025-08-21,4.041368421052631,19,2025-08-21T02:30:00Z,2025-08-22T00:00:00Z,FALSE
25.1,2025-08-22,3.475125,24,2025-08-22T01:00:00Z,2025-08-23T00:00:00Z,FALSE
25.1,2025-08-23,4.673764705882353,34,2025-08-23T00:30:00Z,2025-08-24T00:00:00Z,FALSE
25.1,2025-08-24,4.380625,24,2025-08-24T00:30:00Z,2025-08-24T23:30:00Z,FALSE
25.1,2025-08-25,4.762368421052631,19,2025-08-25T03:00:00Z,2025-08-25T23:30:00Z,FALSE
25.1,2025-08-26,3.8660625,32,2025-08-26T00:30:00Z,2025-08-26T23:30:00Z,FALSE
25.1,2025-08-27,3.6149999999999998,20,2025-08-27T04:00:00Z,2025-08-28T00:00:00Z,FALSE
25.1,2025-08-28,4.598722222222222,18,2025-08-28T01:30:00Z,2025-08-29T00:00:00Z,FALSE
25.1,2025-08-29,7.72912,25,2025-08-29T02:00:00Z,2025-08-30T00:00:00Z,FALSE
25.1,2025-08-30,3.083833333333333,30,2025-08-30T00:30:00Z,2025-08-31T00:00:00Z,FALSE
25.1,2025-08-31,4.057542857142857,35,2025-08-31T00:30:00Z,2025-08-31T22:30:00Z,FALSE
25.1,2025-09-01,3.564259259259259,27,2025-09-01T00:30:00Z,2025-09-01T23:30:00Z,FALSE
25.1,2025-09-02,6.640933333333333,30,2025-09-02T00:30:00Z,2025-09-03T00:00:00Z,FALSE
25.1,2025-09-03,6.2604999999999995,32,2025-09-03T00:30:00Z,2025-09-03T21:30:00Z,FALSE
25.1,2025-09-04,5.6735454545454544,33,2025-09-04T00:30:00Z,2025-09-05T00:00:00Z,FALSE
25.1,2025-09-05,13.452111111111112,27,2025-09-05T01:00:00Z,2025-09-05T22:30:00Z,FALSE
25.1,2025-09-06,4.1465555555555556,27,2025-09-06T00:30:00Z,2025-09-07T00:00:00Z,FALSE
25.1,2025-09-07,2.76130303030303,33,2025-09-07T00:30:00Z,2025-09-08T00:00:00Z,FALSE
25.1,2025-09-08,5.886,35,2025-09-08T00:30:00Z,2025-09-08T23:30:00Z,FALSE
25.1,2025-09-09,3.941411764705882,34,2025-09-09T00:30:00Z,2025-09-10T00:00:00Z,FALSE
25.1,2025-09-10,8.574541666666667,24,2025-09-10T01:30:00Z,2025-09-10T23:30:00Z,FALSE
25.1,2025-09-11,8.164233333333334,30,2025-09-11T00:30:00Z,2025-09-12T00:00:00Z,FALSE
25.1,2025-09-12,10.340363636363636,33,2025-09-12T01:00:00Z,2025-09-13T00:00:00Z,FALSE
25.1,2025-09-13,6.058766666666667,30,2025-09-13T01:00:00Z,2025-09-13T23:30:00Z,FALSE
25.1,2025-09-14,9.505842105263158,19,2025-09-14T01:00:00Z,2025-09-15T00:00:00Z,FALSE
25.1,2025-09-15,9.485076923076923,26,2025-09-15T01:30:00Z,2025-09-15T22:30:00Z,FALSE
25.1,2025-09-16,9.439809523809524,21,2025-09-16T00:30:00Z,2025-09-17T00:00:00Z,FALSE
25.1,2025-09-17,12.262657142857144,35,2025-09-17T01:00:00Z,2025-09-18T00:00:00Z,FALSE
25.1,2025-09-18,8.73556,25,2025-09-18T00:30:00Z,2025-09-18T23:30:00Z,FALSE
25.1,2025-09-19,11.5008,40,2025-09-19T01:00:00Z,2025-09-19T23:30:00Z,TRUE
25.1,2025-09-20,3.255333333333333,39,2025-09-20T00:30:00Z,2025-09-20T23:00:00Z,TRUE
25.1,2025-09-21,5.5765925925925925,27,2025-09-21T00:30:00Z,2025-09-21T23:30:00Z,FALSE
25.1,2025-09-22,9.20996,25,2025-09-22T00:30:00Z,2025-09-22T22:00:00Z,FALSE
25.1,2025-09-23,6.970833333333333,24,2025-09-23T00:30:00Z,2025-09-24T00:00:00Z,FALSE
25.1,2025-09-24,7.5160857142857145,35,2025-09-24T00:30:00Z,2025-09-24T23:00:00Z,FALSE
25.1,2025-09-25,17.776476190476192,21,2025-09-25T00:30:00Z,2025-09-26T00:00:00Z,FALSE
25.1,2025-09-26,17.26362962962963,27,2025-09-26T00:30:00Z,2025-09-27T00:00:00Z,FALSE
25.1,2025-09-27,9.32584375,32,2025-09-27T00:30:00Z,2025-09-28T00:00:00Z,FALSE
25.1,2025-09-28,8.595942857142857,35,2025-09-28T00:30:00Z,2025-09-29T00:00:00Z,FALSE
25.1,2025-09-29,9.16,35,2025-09-29T01:30:00Z,2025-09-30T00:00:00Z,FALSE
25.1,2025-09-30,5.99,24,2025-09-30T00:30:00Z,2025-09-30T23:30:00Z,FALSE
25.1,2025-10-01,2.968217391304348,23,2025-10-01T00:30:00Z,2025-10-01T23:30:00Z,FALSE
25.1,2025-10-02,3.384708333333333,24,2025-10-02T00:30:00Z,2025-10-03T00:00:00Z,FALSE
25.1,2025-10-03,10.445866666666667,30,2025-10-03T00:30:00Z,2025-10-03T23:30:00Z,FALSE
25.1,2025-10-04,8.503,32,2025-10-04T00:30:00Z,2025-10-05T00:00:00Z,FALSE
25.1,2025-10-05,6.944,41,2025-10-05T00:30:00Z,2025-10-06T00:00:00Z,TRUE
25.1,2025-10-06,5.455827586206897,29,2025-10-06T01:00:00Z,2025-10-07T00:00:00Z,FALSE
25.1,2025-10-07,4.879407407407408,27,2025-10-07T00:30:00Z,2025-10-07T22:00:00Z,FALSE
25.1,2025-10-08,8.907739130434782,23,2025-10-08T03:00:00Z,2025-10-08T23:30:00Z,FALSE
25.1,2025-10-09,3.5318888888888886,27,2025-10-09T01:00:00Z,2025-10-09T23:30:00Z,FALSE
25.1,2025-10-10,4.826666666666667,18,2025-10-10T00:30:00Z,2025-10-10T23:30:00Z,FALSE
25.1,2025-10-11,3.0407058823529414,17,2025-10-11T00:30:00Z,2025-10-12T00:00:00Z,FALSE
25.1,2025-10-12,4.963075,40,2025-10-12T00:30:00Z,2025-10-13T00:00:00Z,TRUE
25.1,2025-10-13,5.54171875,32,2025-10-13T00:30:00Z,2025-10-14T00:00:00Z,FALSE
25.1,2025-10-14,8.813,12,2025-10-14T00:30:00Z,2025-10-14T22:00:00Z,FALSE
25.1,2025-10-15,15.796409090909092,22,2025-10-15T00:30:00Z,2025-10-15T23:30:00Z,FALSE
25.1,2025-10-16,2.9023181818181816,22,2025-10-16T01:30:00Z,2025-10-16T23:00:00Z,FALSE
25.1,2025-10-17,6.762076923076923,26,2025-10-17T01:00:00Z,2025-10-18T00:00:00Z,FALSE
25.1,2025-10-18,4.538692307692307,39,2025-10-18T01:00:00Z,2025-10-19T00:00:00Z,TRUE
25.1,2025-10-19,7.927470588235295,34,2025-10-19T01:30:00Z,2025-10-20T00:00:00Z,FALSE
25.1,2025-10-20,3.0531111111111113,18,2025-10-20T00:30:00Z,2025-10-20T22:30:00Z,FALSE
25.1,2025-10-21,3.293878787878788,33,2025-10-21T00:30:00Z,2025-10-22T00:00:00Z,FALSE
25.1,2025-10-22,2.433,23,2025-10-22T00:30:00Z,2025-10-23T00:00:00Z,FALSE
25.1,2025-10-23,2.7474761904761906,21,2025-10-23T00:30:00Z,2025-10-23T22:30:00Z,FALSE
25.1,2025-10-24,3.3609375,16,2025-10-24T01:00:00Z,2025-10-25T00:00:00Z,FALSE
25.1,2025-10-25,2.0783,20,2025-10-25T01:30:00Z,2025-10-26T00:00:00Z,FALSE
25.1,2025-10-26,2.7325625000000002,16,2025-10-26T00:30:00Z,2025-10-26T20:30:00Z,FALSE
25.1,2025-10-27,2.754166666666667,18,2025-10-27T01:30:00Z,2025-10-27T22:30:00Z,FALSE
25.1,2025-10-28,2.053095238095238,21,2025-10-28T02:00:00Z,2025-10-29T00:00:00Z,FALSE
25.1,2025-10-29,3.5126666666666666,24,2025-10-29T00:30:00Z,2025-10-29T21:30:00Z,FALSE
25.1,2025-10-30,2.0628,10,2025-10-30T03:30:00Z,2025-10-30T22:00:00Z,FALSE
25.1,2025-10-31,3.0208125,16,2025-10-31T02:00:00Z,2025-11-01T00:00:00Z,FALSE
25.1,2025-11-01,8.989928571428571,28,2025-11-01T03:30:00Z,2025-11-02T00:00:00Z,FALSE
25.1,2025-11-02,12.507594594594595,37,2025-11-02T00:30:00Z,2025-11-02T23:30:00Z,TRUE
25.1,2025-11-03,10.235307692307693,13,2025-11-03T00:30:00Z,2025-11-03T19:30:00Z,FALSE
25.1,2025-11-04,2.3209615384615385,26,2025-11-04T01:30:00Z,2025-11-05T00:00:00Z,FALSE
25.1,2025-11-05,6.530233333333333,30,2025-11-05T00:30:00Z,2025-11-05T23:30:00Z,FALSE
25.1,2025-11-06,3.078782608695652,23,2025-11-06T00:30:00Z,2025-11-06T23:30:00Z,FALSE
25.1,2025-11-07,7.188846153846154,26,2025-11-07T01:30:00Z,2025-11-07T23:30:00Z,FALSE
25.1,2025-11-08,6.049733333333333,15,2025-11-08T01:00:00Z,2025-11-08T23:00:00Z,FALSE
25.1,2025-11-09,9.994047619047619,21,2025-11-09T03:00:00Z,2025-11-09T23:30:00Z,FALSE
25.1,2025-11-10,4.899407407407407,27,2025-11-10T00:30:00Z,2025-11-10T23:30:00Z,FALSE
25.1,2025-11-11,4.8145454545454545,22,2025-11-11T02:00:00Z,2025-11-12T00:00:00Z,FALSE
25.1,2025-11-12,4.797,18,2025-11-12T01:00:00Z,2025-11-13T00:00:00Z,FALSE
25.1,2025-11-13,4.124370370370371,27,2025-11-13T00:30:00Z,2025-11-13T23:30:00Z,FALSE
25.1,2025-11-14,7.54664,25,2025-11-14T00:30:00Z,2025-11-14T23:00:00Z,FALSE
25.1,2025-11-15,11.593103448275862,29,2025-11-15T00:30:00Z,2025-11-16T00:00:00Z,FALSE
25.1,2025-11-16,4.311916666666667,24,2025-11-16T00:30:00Z,2025-11-17T00:00:00Z,FALSE
25.1,2025-11-17,2.0985555555555555,27,2025-11-17T02:00:00Z,2025-11-18T00:00:00Z,FALSE
25.1,2025-11-18,11.148758620689655,29,2025-11-18T00:30:00Z,2025-11-19T00:00:00Z,FALSE
25.1,2025-11-19,13.232055555555556,18,2025-11-19T00:30:00Z,2025-11-19T20:00:00Z,FALSE
25.1,2025-11-20,19.332555555555555,18,2025-11-20T02:30:00Z,2025-11-21T00:00:00Z,FALSE
25.1,2025-11-21,21.789529411764708,17,2025-11-21T01:00:00Z,2025-11-21T23:00:00Z,FALSE
25.1,2025-11-22,13.349350000000001,20,2025-11-22T01:30:00Z,2025-11-22T23:00:00Z,FALSE
25.1,2025-11-23,10.264100000000001,10,2025-11-23T03:30:00Z,2025-11-23T23:00:00Z,FALSE
25.1,2025-11-24,8.081416666666666,24,2025-11-24T00:30:00Z,2025-11-25T00:00:00Z,FALSE
25.1,2025-11-25,12.411114285714286,35,2025-11-25T02:30:00Z,2025-11-26T00:00:00Z,FALSE
25.1,2025-11-26,11.377230769230769,26,2025-11-26T00:30:00Z,2025-11-27T00:00:00Z,FALSE
25.1,2025-11-27,3.2590000000000003,21,2025-11-27T01:00:00Z,2025-11-28T00:00:00Z,FALSE
25.1,2025-11-28,3.035361111111111,36,2025-11-28T00:30:00Z,2025-11-29T00:00:00Z,TRUE
25.1,2025-11-29,3.9794,30,2025-11-29T01:00:00Z,2025-11-29T20:00:00Z,FALSE
25.1,2025-11-30,6.3347727272727274,22,2025-11-30T00:30:00Z,2025-11-30T23:30:00Z,FALSE
25.1,2025-12-01,5.718193548387097,31,2025-12-01T01:00:00Z,2025-12-01T23:30:00Z,FALSE
25.1,2025-12-02,9.007516129032258,31,2025-12-02T00:30:00Z,2025-12-03T00:00:00Z,FALSE
25.1,2025-12-03,16.9444375,16,2025-12-03T00:30:00Z,2025-12-03T23:30:00Z,FALSE
25.1,2025-12-04,15.07008695652174,23,2025-12-04T01:00:00Z,2025-12-04T23:00:00Z,FALSE
25.1,2025-12-05,8.28652380952381,21,2025-12-05T00:30:00Z,2025-12-06T00:00:00Z,FALSE
25.1,2025-12-06,20.04518181818182,33,2025-12-06T00:30:00Z,2025-12-06T23:00:00Z,FALSE
25.1,2025-12-07,19.087227272727272,22,2025-12-07T01:30:00Z,2025-12-07T23:30:00Z,FALSE
25.1,2025-12-08,2.892142857142857,42,2025-12-08T01:00:00Z,2025-12-08T23:00:00Z,TRUE
25.1,2025-12-09,5.771888888888888,27,2025-12-09T00:30:00Z,2025-12-09T23:30:00Z,FALSE
25.1,2025-12-10,8.95045,20,2025-12-10T00:30:00Z,2025-12-11T00:00:00Z,FALSE
25.1,2025-12-11,2.313,15,2025-12-11T01:00:00Z,2025-12-12T00:00:00Z,FALSE
25.1,2025-12-12,4.983444444444444,18,2025-12-12T01:30:00Z,2025-12-12T22:00:00Z,FALSE
25.1,2025-12-13,14.330677419354839,31,2025-12-13T00:30:00Z,2025-12-13T22:30:00Z,FALSE
25.1,2025-12-14,3.1092,20,2025-12-14T00:30:00Z,2025-12-15T00:00:00Z,FALSE
25.1,2025-12-15,5.688617647058823,34,2025-12-15T01:00:00Z,2025-12-16T00:00:00Z,FALSE
25.1,2025-12-16,6.387105263157895,19,2025-12-16T01:00:00Z,2025-12-16T23:00:00Z,FALSE
25.1,2025-12-17,10.734566666666668,30,2025-12-17T00:30:00Z,2025-12-18T00:00:00Z,FALSE
25.1,2025-12-18,12.815190476190475,21,2025-12-18T00:30:00Z,2025-12-19T00:00:00Z,FALSE
25.1,2025-12-19,4.2066923076923075,13,2025-12-19T03:30:00Z,2025-12-19T23:30:00Z,FALSE
25.1,2025-12-20,5.341675675675676,37,2025-12-20T00:30:00Z,2025-12-21T00:00:00Z,TRUE
25.1,2025-12-21,4.046714285714286,14,2025-12-21T00:30:00Z,2025-12-22T00:00:00Z,FALSE
25.1,2025-12-22,7.515722222222222,18,2025-12-22T01:30:00Z,2025-12-23T00:00:00Z,FALSE
25.1,2025-12-23,14.149142857142857,21,2025-12-23T02:00:00Z,2025-12-23T22:00:00Z,FALSE
25.1,2025-12-24,13.310933333333333,15,2025-12-24T06:00:00Z,2025-12-24T20:30:00Z,FALSE
25.1,2025-12-25,16.85342857142857,14,2025-12-25T03:00:00Z,2025-12-25T22:00:00Z,FALSE
25.1,2025-12-26,8.241764705882353,17,2025-12-26T03:30:00Z,2025-12-27T00:00:00Z,FALSE
25.1,2025-12-27,6.969666666666667,15,2025-12-27T01:00:00Z,2025-12-27T23:30:00Z,FALSE
25.1,2025-12-28,25.6462,10,2025-12-28T01:00:00Z,2025-12-28T22:00:00Z,FALSE
25.1,2025-12-29,6.379428571428571,14,2025-12-29T01:30:00Z,2025-12-29T23:30:00Z,FALSE
25.1,2025-12-30,4.3595,26,2025-12-30T03:00:00Z,2025-12-30T23:30:00Z,FALSE
25.1,2025-12-31,8.791571428571428,28,2025-12-31T00:30:00Z,2025-12-31T22:00:00Z,FALSE
27.1,2024-11-08,4.740666666666667,9,2024-11-08T18:00:00Z,2024-11-09T00:00:00Z,FALSE
27.1,2024-11-09,2.576058823529412,34,2024-11-09T00:30:00Z,2024-11-09T23:00:00Z,FALSE
27.1,2024-11-10,12.90525,32,2024-11-10T01:30:00Z,2024-11-11T00:00:00Z,FALSE
27.1,2024-11-11,4.292259259259259,27,2024-11-11T01:00:00Z,2024-11-11T23:00:00Z,FALSE
27.1,2024-11-12,1.760741935483871,31,2024-11-12T00:30:00Z,2024-11-13T00:00:00Z,FALSE
27.1,2024-11-13,2.6516176470588237,34,2024-11-13T01:00:00Z,2024-11-14T00:00:00Z,FALSE
27.1,2024-11-14,4.494827586206896,29,2024-11-14T00:30:00Z,2024-11-14T22:30:00Z,FALSE
27.1,2024-11-15,64.25995999999999,25,2024-11-15T00:30:00Z,2024-11-15T23:00:00Z,FALSE
27.1,2024-11-16,4.56575,24,2024-11-16T00:30:00Z,2024-11-17T00:00:00Z,FALSE
27.1,2024-11-17,11.002407407407407,27,2024-11-17T00:30:00Z,2024-11-18T00:00:00Z,FALSE
27.1,2024-11-18,22.338718749999998,32,2024-11-18T00:30:00Z,2024-11-19T00:00:00Z,FALSE
27.1,2024-11-19,18.280184210526315,38,2024-11-19T00:30:00Z,2024-11-20T00:00:00Z,TRUE
27.1,2024-11-20,10.424875,32,2024-11-20T01:30:00Z,2024-11-21T00:00:00Z,FALSE
27.1,2024-11-21,4.020457142857143,35,2024-11-21T00:30:00Z,2024-11-22T00:00:00Z,FALSE
27.1,2024-11-22,7.300000000000001,35,2024-11-22T00:30:00Z,2024-11-23T00:00:00Z,FALSE
27.1,2024-11-23,2.0328846153846154,26,2024-11-23T00:30:00Z,2024-11-24T00:00:00Z,FALSE
27.1,2024-11-24,14.627815789473685,38,2024-11-24T00:30:00Z,2024-11-24T23:30:00Z,TRUE
27.1,2024-11-25,14.82675,36,2024-11-25T01:30:00Z,2024-11-25T23:30:00Z,TRUE
27.1,2024-11-26,23.955,11,2024-11-26T01:00:00Z,2024-11-26T06:00:00Z,FALSE
27.1,2024-11-27,6.513642857142857,28,2024-11-27T05:00:00Z,2024-11-27T23:00:00Z,FALSE
27.1,2024-11-28,10.530558823529413,34,2024-11-28T01:00:00Z,2024-11-29T00:00:00Z,FALSE
27.1,2024-11-29,7.748230769230769,39,2024-11-29T00:30:00Z,2024-11-30T00:00:00Z,TRUE
27.1,2024-11-30,6.5015,34,2024-11-30T00:30:00Z,2024-12-01T00:00:00Z,FALSE
27.1,2024-12-01,6.410439024390244,41,2024-12-01T01:00:00Z,2024-12-01T23:30:00Z,TRUE
27.1,2024-12-02,9.720794117647058,34,2024-12-02T01:00:00Z,2024-12-03T00:00:00Z,FALSE
27.1,2024-12-03,14.566815789473685,38,2024-12-03T01:00:00Z,2024-12-04T00:00:00Z,TRUE
27.1,2024-12-04,14.530658536585365,41,2024-12-04T01:30:00Z,2024-12-05T00:00:00Z,TRUE
27.1,2024-12-05,5.25245,40,2024-12-05T00:30:00Z,2024-12-05T23:30:00Z,TRUE
27.1,2024-12-06,2.956783783783784,37,2024-12-06T00:30:00Z,2024-12-07T00:00:00Z,TRUE
27.1,2024-12-07,4.750638888888889,36,2024-12-07T01:00:00Z,2024-12-08T00:00:00Z,TRUE
27.1,2024-12-08,6.765,37,2024-12-08T00:30:00Z,2024-12-09T00:00:00Z,TRUE
27.1,2024-12-09,8.2959375,16,2024-12-09T01:30:00Z,2024-12-09T19:00:00Z,FALSE
27.1,2024-12-10,23.568142857142856,7,2024-12-10T00:30:00Z,2024-12-10T16:30:00Z,FALSE
27.1,2024-12-11,17.438454545454544,11,2024-12-11T14:00:00Z,2024-12-12T00:00:00Z,FALSE
27.1,2024-12-12,5.16071875,32,2024-12-12T00:30:00Z,2024-12-13T00:00:00Z,FALSE
27.1,2024-12-13,4.823052631578947,38,2024-12-13T00:30:00Z,2024-12-14T00:00:00Z,TRUE
27.1,2024-12-14,7.059727272727272,33,2024-12-14T01:30:00Z,2024-12-14T23:30:00Z,FALSE
27.1,2024-12-15,10.089722222222223,18,2024-12-15T00:30:00Z,2024-12-15T11:30:00Z,FALSE
27.1,2024-12-16,19.4736,5,2024-12-16T03:30:00Z,2024-12-16T18:30:00Z,FALSE
27.1,2024-12-17,12.553687499999999,16,2024-12-17T04:00:00Z,2024-12-17T22:30:00Z,FALSE
27.1,2024-12-18,37.82521052631579,38,2024-12-18T00:30:00Z,2024-12-19T00:00:00Z,TRUE
27.1,2024-12-19,6.929029411764706,34,2024-12-19T00:30:00Z,2024-12-20T00:00:00Z,FALSE
27.1,2024-12-20,15.788638888888888,36,2024-12-20T00:30:00Z,2024-12-20T23:30:00Z,TRUE
27.1,2024-12-21,2.53369696969697,33,2024-12-21T01:00:00Z,2024-12-22T00:00:00Z,FALSE
27.1,2024-12-22,3.8145641025641024,39,2024-12-22T00:30:00Z,2024-12-23T00:00:00Z,TRUE
27.1,2024-12-23,6.851866666666667,30,2024-12-23T00:30:00Z,2024-12-23T23:30:00Z,FALSE
27.1,2024-12-24,16.66285,20,2024-12-24T00:30:00Z,2024-12-24T20:30:00Z,FALSE
27.1,2024-12-25,23.98386956521739,23,2024-12-25T09:00:00Z,2024-12-26T00:00:00Z,FALSE
27.1,2024-12-26,12.834,33,2024-12-26T00:30:00Z,2024-12-26T23:30:00Z,FALSE
27.1,2024-12-27,12.084735294117648,34,2024-12-27T01:00:00Z,2024-12-27T23:30:00Z,FALSE
27.1,2024-12-28,6.289323529411765,34,2024-12-28T01:00:00Z,2024-12-29T00:00:00Z,FALSE
27.1,2024-12-29,12.728941176470588,17,2024-12-29T01:00:00Z,2024-12-30T00:00:00Z,FALSE
27.1,2024-12-30,2.645,1,2024-12-30T05:00:00Z,2024-12-30T05:00:00Z,FALSE
27.1,2024-12-31,13.5275,2,2024-12-31T22:00:00Z,2024-12-31T23:30:00Z,FALSE
27.1,2025-01-01,16.422666666666665,6,2025-01-01T02:30:00Z,2025-01-01T06:00:00Z,FALSE
27.1,2025-01-02,8.387636363636364,33,2025-01-02T00:30:00Z,2025-01-02T23:30:00Z,FALSE
27.1,2025-01-03,11.034,35,2025-01-03T00:30:00Z,2025-01-04T00:00:00Z,FALSE
27.1,2025-01-04,2.6469285714285715,42,2025-01-04T00:30:00Z,2025-01-05T00:00:00Z,TRUE
27.1,2025-01-05,6.598761904761905,42,2025-01-05T00:30:00Z,2025-01-06T00:00:00Z,TRUE
27.1,2025-01-06,6.743525,40,2025-01-06T00:30:00Z,2025-01-07T00:00:00Z,TRUE
27.1,2025-01-07,2.189225,40,2025-01-07T00:30:00Z,2025-01-07T23:30:00Z,TRUE
27.1,2025-01-08,2.588,40,2025-01-08T00:30:00Z,2025-01-09T00:00:00Z,TRUE
27.1,2025-01-09,2.5116666666666667,30,2025-01-09T00:30:00Z,2025-01-09T18:30:00Z,FALSE
27.1,2025-01-10,15.689486486486485,37,2025-01-10T03:30:00Z,2025-01-11T00:00:00Z,TRUE
27.1,2025-01-11,31.720892857142857,28,2025-01-11T01:00:00Z,2025-01-12T00:00:00Z,FALSE
27.1,2025-01-12,27.30348148148148,27,2025-01-12T00:30:00Z,2025-01-12T23:30:00Z,FALSE
27.1,2025-01-13,7.583645161290322,31,2025-01-13T00:30:00Z,2025-01-14T00:00:00Z,FALSE
27.1,2025-01-14,6.80575,44,2025-01-14T00:30:00Z,2025-01-15T00:00:00Z,TRUE
27.1,2025-01-15,6.156142857142857,28,2025-01-15T01:00:00Z,2025-01-15T23:30:00Z,FALSE
27.1,2025-01-16,15.822239999999999,25,2025-01-16T01:00:00Z,2025-01-16T22:00:00Z,FALSE
27.1,2025-01-17,28.615222222222222,18,2025-01-17T01:00:00Z,2025-01-17T17:30:00Z,FALSE
27.1,2025-01-18,1.4965000000000002,2,2025-01-18T23:30:00Z,2025-01-19T00:00:00Z,FALSE
27.1,2025-01-19,3.150483870967742,31,2025-01-19T00:30:00Z,2025-01-19T23:30:00Z,FALSE
27.1,2025-01-20,3.890142857142857,28,2025-01-20T01:00:00Z,2025-01-21T00:00:00Z,FALSE
27.1,2025-01-21,3.662128205128205,39,2025-01-21T00:30:00Z,2025-01-22T00:00:00Z,TRUE
27.1,2025-01-22,3.997767441860465,43,2025-01-22T00:30:00Z,2025-01-23T00:00:00Z,TRUE
27.1,2025-01-23,9.54,32,2025-01-23T00:30:00Z,2025-01-23T23:30:00Z,FALSE
27.1,2025-01-24,5.419162162162162,37,2025-01-24T00:30:00Z,2025-01-25T00:00:00Z,TRUE
27.1,2025-01-25,11.670722222222222,36,2025-01-25T00:30:00Z,2025-01-26T00:00:00Z,TRUE
27.1,2025-01-26,6.893972972972973,37,2025-01-26T00:30:00Z,2025-01-27T00:00:00Z,TRUE
27.1,2025-01-27,6.18753125,32,2025-01-27T00:30:00Z,2025-01-28T00:00:00Z,FALSE
27.1,2025-01-28,5.033384615384615,39,2025-01-28T00:30:00Z,2025-01-29T00:00:00Z,TRUE
27.1,2025-01-29,4.011375,32,2025-01-29T01:00:00Z,2025-01-30T00:00:00Z,FALSE
27.1,2025-01-30,5.856073170731707,41,2025-01-30T00:30:00Z,2025-01-31T00:00:00Z,TRUE
27.1,2025-01-31,5.778181818181818,11,2025-01-31T00:30:00Z,2025-01-31T09:00:00Z,FALSE
27.1,2025-02-01,2.32904,25,2025-02-01T09:30:00Z,2025-02-02T00:00:00Z,FALSE
27.1,2025-02-02,9.367722222222222,36,2025-02-02T01:00:00Z,2025-02-03T00:00:00Z,TRUE
27.1,2025-02-03,50.85433333333333,30,2025-02-03T01:00:00Z,2025-02-04T00:00:00Z,FALSE
27.1,2025-02-04,11.016363636363636,33,2025-02-04T00:30:00Z,2025-02-04T23:30:00Z,FALSE
27.1,2025-02-05,3.0024615384615383,39,2025-02-05T01:00:00Z,2025-02-06T00:00:00Z,TRUE
27.1,2025-02-06,15.677088235294118,34,2025-02-06T01:00:00Z,2025-02-06T22:30:00Z,FALSE
27.1,2025-02-07,5.256722222222222,36,2025-02-07T00:30:00Z,2025-02-08T00:00:00Z,TRUE
27.1,2025-02-08,8.217405405405405,37,2025-02-08T00:30:00Z,2025-02-09T00:00:00Z,TRUE
27.1,2025-02-09,15.642827586206897,29,2025-02-09T01:00:00Z,2025-02-09T20:00:00Z,FALSE
27.1,2025-02-10,8.1288,15,2025-02-10T07:00:00Z,2025-02-11T00:00:00Z,FALSE
27.1,2025-02-11,21.064,20,2025-02-11T01:00:00Z,2025-02-11T18:00:00Z,FALSE
27.1,2025-02-12,20.30821052631579,19,2025-02-12T03:30:00Z,2025-02-12T15:30:00Z,FALSE
27.1,2025-02-13,19.889,15,2025-02-13T12:00:00Z,2025-02-13T22:30:00Z,FALSE
27.1,2025-02-14,7.7593125,32,2025-02-14T00:30:00Z,2025-02-14T23:30:00Z,FALSE
27.1,2025-02-15,12.0386,25,2025-02-15T00:30:00Z,2025-02-15T15:30:00Z,FALSE
27.1,2025-02-16,6.533857142857143,7,2025-02-16T20:00:00Z,2025-02-16T23:30:00Z,FALSE
27.1,2025-02-17,3.588093023255814,43,2025-02-17T00:30:00Z,2025-02-18T00:00:00Z,TRUE
27.1,2025-02-18,3.065763157894737,38,2025-02-18T00:30:00Z,2025-02-19T00:00:00Z,TRUE
27.1,2025-02-19,3.0733243243243242,37,2025-02-19T00:30:00Z,2025-02-19T23:00:00Z,TRUE
27.1,2025-02-20,4.788466666666666,30,2025-02-20T01:30:00Z,2025-02-20T23:00:00Z,FALSE
27.1,2025-02-21,2.3994117647058824,34,2025-02-21T00:30:00Z,2025-02-22T00:00:00Z,FALSE
27.1,2025-02-22,13.403025641025641,39,2025-02-22T00:30:00Z,2025-02-23T00:00:00Z,TRUE
27.1,2025-02-23,9.63063157894737,38,2025-02-23T00:30:00Z,2025-02-24T00:00:00Z,TRUE
27.1,2025-02-24,12.980162162162163,37,2025-02-24T00:30:00Z,2025-02-24T23:00:00Z,TRUE
27.1,2025-02-25,8.437076923076923,13,2025-02-25T00:30:00Z,2025-02-25T15:00:00Z,FALSE
27.1,2025-02-26,11.226857142857144,21,2025-02-26T02:00:00Z,2025-02-26T14:00:00Z,FALSE
27.1,2025-02-27,44.663599999999995,5,2025-02-27T01:00:00Z,2025-02-27T04:30:00Z,FALSE
27.1,2025-04-01,2.281111111111111,18,2025-04-01T10:00:00Z,2025-04-01T23:00:00Z,FALSE
27.1,2025-04-02,3.7029545454545456,22,2025-04-02T00:30:00Z,2025-04-02T15:30:00Z,FALSE
27.1,2025-04-03,2.4507142857142856,14,2025-04-03T05:00:00Z,2025-04-03T23:00:00Z,FALSE
27.1,2025-04-04,2.286,29,2025-04-04T01:30:00Z,2025-04-05T00:00:00Z,FALSE
27.1,2025-04-05,2.529333333333333,9,2025-04-05T01:00:00Z,2025-04-05T05:30:00Z,FALSE
27.1,2025-04-06,2.745,16,2025-04-06T11:30:00Z,2025-04-07T00:00:00Z,FALSE
27.1,2025-04-07,6.253,17,2025-04-07T00:30:00Z,2025-04-07T10:00:00Z,FALSE
27.1,2025-04-08,2.6875,24,2025-04-08T06:30:00Z,2025-04-09T00:00:00Z,FALSE
27.1,2025-04-09,5.312545454545455,22,2025-04-09T00:30:00Z,2025-04-09T14:00:00Z,FALSE
27.1,2025-04-10,24.514,2,2025-04-10T18:30:00Z,2025-04-10T19:30:00Z,FALSE
27.1,2025-04-11,13.170925925925925,27,2025-04-11T06:30:00Z,2025-04-12T00:00:00Z,FALSE
27.1,2025-04-12,6.138045454545455,22,2025-04-12T02:00:00Z,2025-04-12T23:30:00Z,FALSE
27.1,2025-04-13,8.658235294117647,34,2025-04-13T00:30:00Z,2025-04-13T23:00:00Z,FALSE
27.1,2025-04-14,4.0974,35,2025-04-14T00:30:00Z,2025-04-15T00:00:00Z,FALSE
27.1,2025-04-15,2.59295,20,2025-04-15T00:30:00Z,2025-04-16T00:00:00Z,FALSE
27.1,2025-04-16,1.8551363636363636,22,2025-04-16T00:30:00Z,2025-04-16T23:30:00Z,FALSE
27.1,2025-04-17,8.719,34,2025-04-17T01:00:00Z,2025-04-18T00:00:00Z,FALSE
27.1,2025-04-18,6.428875000000001,32,2025-04-18T00:30:00Z,2025-04-19T00:00:00Z,FALSE
27.1,2025-04-19,10.121481481481482,27,2025-04-19T00:30:00Z,2025-04-19T23:30:00Z,FALSE
27.1,2025-04-21,6.070586206896552,29,2025-04-21T05:30:00Z,2025-04-22T00:00:00Z,FALSE
27.1,2025-04-22,4.061249999999999,24,2025-04-22T00:30:00Z,2025-04-23T00:00:00Z,FALSE
27.1,2025-04-23,4.14375,36,2025-04-23T00:30:00Z,2025-04-24T00:00:00Z,TRUE
27.1,2025-04-24,6.7232972972972975,37,2025-04-24T00:30:00Z,2025-04-25T00:00:00Z,TRUE
27.1,2025-04-25,5.325466666666666,30,2025-04-25T00:30:00Z,2025-04-25T20:30:00Z,FALSE
27.1,2025-04-28,2.4321111111111113,18,2025-04-28T14:00:00Z,2025-04-29T00:00:00Z,FALSE
27.1,2025-04-29,6.417722222222222,36,2025-04-29T01:00:00Z,2025-04-29T23:00:00Z,TRUE
27.1,2025-04-30,1.8089333333333333,30,2025-04-30T00:30:00Z,2025-04-30T23:30:00Z,FALSE
27.1,2025-05-01,5.422028571428571,35,2025-05-01T00:30:00Z,2025-05-01T23:30:00Z,FALSE
27.1,2025-05-02,6.557878787878788,33,2025-05-02T02:00:00Z,2025-05-03T00:00:00Z,FALSE
27.1,2025-05-03,13.892588235294117,17,2025-05-03T00:30:00Z,2025-05-03T11:30:00Z,FALSE
27.1,2025-05-04,12.410533333333333,15,2025-05-04T01:30:00Z,2025-05-04T19:30:00Z,FALSE
27.1,2025-05-06,4.453538461538462,13,2025-05-06T11:30:00Z,2025-05-06T23:30:00Z,FALSE
27.1,2025-05-07,13.266878787878788,33,2025-05-07T00:30:00Z,2025-05-08T00:00:00Z,FALSE
27.1,2025-05-08,6.354541666666667,24,2025-05-08T00:30:00Z,2025-05-09T00:00:00Z,FALSE
27.1,2025-05-09,5.667794117647059,34,2025-05-09T00:30:00Z,2025-05-10T00:00:00Z,FALSE
27.1,2025-05-10,4.07928947368421,38,2025-05-10T00:30:00Z,2025-05-11T00:00:00Z,TRUE
27.1,2025-05-11,4.1135,34,2025-05-11T00:30:00Z,2025-05-11T22:30:00Z,FALSE
27.1,2025-05-12,5.283392857142857,28,2025-05-12T02:30:00Z,2025-05-13T00:00:00Z,FALSE
27.1,2025-05-13,3.3421315789473685,38,2025-05-13T00:30:00Z,2025-05-14T00:00:00Z,TRUE
27.1,2025-05-14,2.5514117647058825,34,2025-05-14T00:30:00Z,2025-05-14T23:30:00Z,FALSE
27.1,2025-05-15,7.700833333333334,36,2025-05-15T01:00:00Z,2025-05-16T00:00:00Z,TRUE
27.1,2025-05-16,6.55227027027027,37,2025-05-16T00:30:00Z,2025-05-16T23:30:00Z,TRUE
27.1,2025-05-17,3.940121212121212,33,2025-05-17T00:30:00Z,2025-05-18T00:00:00Z,FALSE
27.1,2025-05-18,5.146571428571428,35,2025-05-18T00:30:00Z,2025-05-19T00:00:00Z,FALSE
27.1,2025-05-19,5.096655172413793,29,2025-05-19T01:00:00Z,2025-05-19T22:30:00Z,FALSE
27.1,2025-05-20,4.537108108108108,37,2025-05-20T00:30:00Z,2025-05-20T23:30:00Z,TRUE
27.1,2025-05-21,8.7319,30,2025-05-21T00:30:00Z,2025-05-22T00:00:00Z,FALSE
27.1,2025-05-22,5.769,12,2025-05-22T00:30:00Z,2025-05-22T11:00:00Z,FALSE
27.1,2025-05-25,3.5435714285714286,7,2025-05-25T17:00:00Z,2025-05-25T20:00:00Z,FALSE
27.1,2025-05-27,3.0317307692307693,26,2025-05-27T04:00:00Z,2025-05-28T00:00:00Z,FALSE
27.1,2025-05-28,2.642161290322581,31,2025-05-28T00:30:00Z,2025-05-29T00:00:00Z,FALSE
27.1,2025-05-29,14.969617647058824,34,2025-05-29T00:30:00Z,2025-05-30T00:00:00Z,FALSE
27.1,2025-05-30,10.48248,25,2025-05-30T02:30:00Z,2025-05-30T23:30:00Z,FALSE
27.1,2025-05-31,7.471258064516129,31,2025-05-31T00:30:00Z,2025-05-31T22:00:00Z,FALSE
27.1,2025-06-01,4.9704482758620685,29,2025-06-01T00:30:00Z,2025-06-02T00:00:00Z,FALSE
27.1,2025-06-02,4.890487179487179,39,2025-06-02T00:30:00Z,2025-06-03T00:00:00Z,TRUE
27.1,2025-06-03,7.885885714285714,35,2025-06-03T00:30:00Z,2025-06-03T23:30:00Z,FALSE
27.1,2025-06-04,24.979756756756757,37,2025-06-04T00:30:00Z,2025-06-05T00:00:00Z,TRUE
27.1,2025-06-05,27.905073170731708,41,2025-06-05T00:30:00Z,2025-06-05T23:30:00Z,TRUE
27.1,2025-06-06,44.743722222222225,36,2025-06-06T00:30:00Z,2025-06-07T00:00:00Z,TRUE
27.1,2025-06-07,43.35333333333334,33,2025-06-07T00:30:00Z,2025-06-07T23:30:00Z,FALSE
27.1,2025-06-08,40.94802564102564,39,2025-06-08T00:30:00Z,2025-06-09T00:00:00Z,TRUE
27.1,2025-06-09,18.88874193548387,31,2025-06-09T01:00:00Z,2025-06-09T23:30:00Z,FALSE
27.1,2025-06-10,9.7560625,32,2025-06-10T01:00:00Z,2025-06-11T00:00:00Z,FALSE
27.1,2025-06-11,14.319552631578947,38,2025-06-11T00:30:00Z,2025-06-12T00:00:00Z,TRUE
27.1,2025-06-12,21.764552631578947,38,2025-06-12T00:30:00Z,2025-06-13T00:00:00Z,TRUE
27.1,2025-06-13,20.40297142857143,35,2025-06-13T00:30:00Z,2025-06-14T00:00:00Z,FALSE
27.1,2025-06-14,12.324416666666666,12,2025-06-14T00:30:00Z,2025-06-14T07:00:00Z,FALSE
27.1,2025-06-15,14.856,5,2025-06-15T16:00:00Z,2025-06-15T20:30:00Z,FALSE
27.1,2025-06-17,15.852,6,2025-06-17T05:30:00Z,2025-06-17T21:00:00Z,FALSE
27.1,2025-06-19,6.000083333333333,48,2025-06-19T00:30:00Z,2025-06-20T00:00:00Z,TRUE
27.1,2025-06-20,7.642857142857143,42,2025-06-20T00:30:00Z,2025-06-21T00:00:00Z,TRUE
27.1,2025-06-21,10.508464285714286,28,2025-06-21T00:30:00Z,2025-06-22T00:00:00Z,FALSE
27.1,2025-06-22,8.962833333333334,48,2025-06-22T00:30:00Z,2025-06-23T00:00:00Z,TRUE
27.1,2025-06-23,7.762446808510639,47,2025-06-23T00:30:00Z,2025-06-24T00:00:00Z,TRUE
27.1,2025-06-24,8.25904255319149,47,2025-06-24T00:30:00Z,2025-06-25T00:00:00Z,TRUE
27.1,2025-06-25,11.168956521739132,46,2025-06-25T00:30:00Z,2025-06-26T00:00:00Z,TRUE
27.1,2025-06-26,12.609363636363637,44,2025-06-26T00:30:00Z,2025-06-27T00:00:00Z,TRUE
27.1,2025-06-27,10.899695652173913,46,2025-06-27T00:30:00Z,2025-06-28T00:00:00Z,TRUE
27.1,2025-06-28,8.523659574468086,47,2025-06-28T00:30:00Z,2025-06-29T00:00:00Z,TRUE
27.1,2025-06-29,5.459404255319149,47,2025-06-29T00:30:00Z,2025-06-30T00:00:00Z,TRUE
27.1,2025-06-30,9.732727272727272,44,2025-06-30T01:00:00Z,2025-06-30T23:30:00Z,TRUE
28.1,2024-12-04,17.377333333333333,12,2024-12-04T18:30:00Z,2024-12-05T00:00:00Z,FALSE
28.1,2024-12-05,6.304937500000001,48,2024-12-05T00:30:00Z,2024-12-06T00:00:00Z,TRUE
28.1,2024-12-06,5.386782608695652,46,2024-12-06T00:30:00Z,2024-12-07T00:00:00Z,TRUE
28.1,2024-12-07,5.112875,48,2024-12-07T00:30:00Z,2024-12-08T00:00:00Z,TRUE
28.1,2024-12-08,7.297625,48,2024-12-08T00:30:00Z,2024-12-09T00:00:00Z,TRUE
28.1,2024-12-09,10.1102,45,2024-12-09T01:00:00Z,2024-12-10T00:00:00Z,TRUE
28.1,2024-12-10,45.22936956521739,46,2024-12-10T00:30:00Z,2024-12-11T00:00:00Z,TRUE
28.1,2024-12-11,34.498937500000004,48,2024-12-11T00:30:00Z,2024-12-12T00:00:00Z,TRUE
28.1,2024-12-12,6.9247499999999995,48,2024-12-12T00:30:00Z,2024-12-13T00:00:00Z,TRUE
28.1,2024-12-13,5.031673913043478,46,2024-12-13T00:30:00Z,2024-12-14T00:00:00Z,TRUE
28.1,2024-12-14,10.457666666666666,48,2024-12-14T00:30:00Z,2024-12-15T00:00:00Z,TRUE
28.1,2024-12-15,20.7176875,48,2024-12-15T00:30:00Z,2024-12-16T00:00:00Z,TRUE
28.1,2024-12-16,26.645255319148937,47,2024-12-16T00:30:00Z,2024-12-17T00:00:00Z,TRUE
28.1,2024-12-17,12.197021276595745,47,2024-12-17T00:30:00Z,2024-12-18T00:00:00Z,TRUE
28.1,2024-12-18,49.93718604651163,43,2024-12-18T00:30:00Z,2024-12-19T00:00:00Z,TRUE
28.1,2024-12-19,7.7681666666666676,48,2024-12-19T00:30:00Z,2024-12-20T00:00:00Z,TRUE
28.1,2024-12-20,22.4511914893617,47,2024-12-20T00:30:00Z,2024-12-21T00:00:00Z,TRUE
28.1,2024-12-21,2.6774375000000004,48,2024-12-21T00:30:00Z,2024-12-22T00:00:00Z,TRUE
28.1,2024-12-22,3.3126458333333333,48,2024-12-22T00:30:00Z,2024-12-23T00:00:00Z,TRUE
28.1,2024-12-23,6.665916666666667,48,2024-12-23T00:30:00Z,2024-12-24T00:00:00Z,TRUE
28.1,2024-12-24,24.000688888888888,45,2024-12-24T00:30:00Z,2024-12-25T00:00:00Z,TRUE
28.1,2024-12-25,31.406375,48,2024-12-25T00:30:00Z,2024-12-26T00:00:00Z,TRUE
28.1,2024-12-26,15.235145833333334,48,2024-12-26T00:30:00Z,2024-12-27T00:00:00Z,TRUE
28.1,2024-12-27,14.254162790697675,43,2024-12-27T00:30:00Z,2024-12-28T00:00:00Z,TRUE
28.1,2024-12-28,6.8037777777777775,45,2024-12-28T00:30:00Z,2024-12-29T00:00:00Z,TRUE
28.1,2024-12-29,13.38890909090909,44,2024-12-29T00:30:00Z,2024-12-30T00:00:00Z,TRUE
28.1,2024-12-30,5.405666666666667,48,2024-12-30T00:30:00Z,2024-12-31T00:00:00Z,TRUE
28.1,2024-12-31,14.058979166666667,48,2024-12-31T00:30:00Z,2025-01-01T00:00:00Z,TRUE
28.1,2025-01-01,11.903,45,2025-01-01T00:30:00Z,2025-01-02T00:00:00Z,TRUE
28.1,2025-01-02,9.781020833333333,48,2025-01-02T00:30:00Z,2025-01-03T00:00:00Z,TRUE
28.1,2025-01-03,12.154787234042553,47,2025-01-03T00:30:00Z,2025-01-04T00:00:00Z,TRUE
28.1,2025-01-04,4.0754166666666665,48,2025-01-04T00:30:00Z,2025-01-05T00:00:00Z,TRUE
28.1,2025-01-05,9.112488888888889,45,2025-01-05T00:30:00Z,2025-01-06T00:00:00Z,TRUE
28.1,2025-01-06,9.08325,44,2025-01-06T01:00:00Z,2025-01-07T00:00:00Z,TRUE
28.1,2025-01-07,2.5251702127659574,47,2025-01-07T00:30:00Z,2025-01-08T00:00:00Z,TRUE
28.1,2025-01-08,3.4050833333333337,48,2025-01-08T00:30:00Z,2025-01-09T00:00:00Z,TRUE
28.1,2025-01-09,3.1017272727272727,44,2025-01-09T00:30:00Z,2025-01-10T00:00:00Z,TRUE
28.1,2025-01-10,15.436063829787235,47,2025-01-10T00:30:00Z,2025-01-11T00:00:00Z,TRUE
28.1,2025-01-11,34.553063829787234,47,2025-01-11T00:30:00Z,2025-01-12T00:00:00Z,TRUE
28.1,2025-01-12,31.803355555555555,45,2025-01-12T00:30:00Z,2025-01-12T23:00:00Z,TRUE
28.1,2025-01-13,8.746102564102564,39,2025-01-13T00:30:00Z,2025-01-14T00:00:00Z,TRUE
28.1,2025-01-14,7.325765957446809,47,2025-01-14T00:30:00Z,2025-01-15T00:00:00Z,TRUE
28.1,2025-01-15,7.735957446808511,47,2025-01-15T00:30:00Z,2025-01-16T00:00:00Z,TRUE
28.1,2025-01-16,21.821,47,2025-01-16T00:30:00Z,2025-01-17T00:00:00Z,TRUE
28.1,2025-01-17,35.88063888888889,36,2025-01-17T00:30:00Z,2025-01-17T23:00:00Z,TRUE
28.1,2025-01-18,6.0580869565217395,46,2025-01-18T00:30:00Z,2025-01-19T00:00:00Z,TRUE
28.1,2025-01-19,3.819434782608696,46,2025-01-19T00:30:00Z,2025-01-20T00:00:00Z,TRUE
28.1,2025-01-20,4.481152173913044,46,2025-01-20T00:30:00Z,2025-01-21T00:00:00Z,TRUE
28.1,2025-01-21,4.692833333333334,48,2025-01-21T00:30:00Z,2025-01-22T00:00:00Z,TRUE
28.1,2025-01-22,4.919791666666667,48,2025-01-22T00:30:00Z,2025-01-23T00:00:00Z,TRUE
28.1,2025-01-23,10.822977777777778,45,2025-01-23T00:30:00Z,2025-01-24T00:00:00Z,TRUE
28.1,2025-01-24,7.165617021276596,47,2025-01-24T00:30:00Z,2025-01-25T00:00:00Z,TRUE
28.1,2025-01-25,15.045872340425532,47,2025-01-25T00:30:00Z,2025-01-26T00:00:00Z,TRUE
28.1,2025-01-26,8.582851063829787,47,2025-01-26T00:30:00Z,2025-01-27T00:00:00Z,TRUE
28.1,2025-01-27,5.7823863636363635,44,2025-01-27T00:30:00Z,2025-01-28T00:00:00Z,TRUE
28.1,2025-01-28,6.024756097560975,41,2025-01-28T00:30:00Z,2025-01-29T00:00:00Z,TRUE
28.1,2025-01-29,5.047575,40,2025-01-29T00:30:00Z,2025-01-30T00:00:00Z,TRUE
28.1,2025-01-30,6.862071428571428,42,2025-01-30T00:30:00Z,2025-01-31T00:00:00Z,TRUE
28.1,2025-01-31,24.577500000000004,36,2025-01-31T00:30:00Z,2025-02-01T00:00:00Z,TRUE
28.1,2025-02-01,19.536217391304348,46,2025-02-01T00:30:00Z,2025-02-02T00:00:00Z,TRUE
28.1,2025-02-02,10.277958333333334,48,2025-02-02T00:30:00Z,2025-02-03T00:00:00Z,TRUE
28.1,2025-02-03,49.88644186046512,43,2025-02-03T00:30:00Z,2025-02-04T00:00:00Z,TRUE
28.1,2025-02-04,16.679382978723403,47,2025-02-04T00:30:00Z,2025-02-05T00:00:00Z,TRUE
28.1,2025-02-05,2.908666666666667,48,2025-02-05T00:30:00Z,2025-02-06T00:00:00Z,TRUE
28.1,2025-02-06,19.61822727272727,44,2025-02-06T00:30:00Z,2025-02-07T00:00:00Z,TRUE
28.1,2025-02-07,6.246021739130435,46,2025-02-07T00:30:00Z,2025-02-08T00:00:00Z,TRUE
28.1,2025-02-08,12.173333333333334,48,2025-02-08T00:30:00Z,2025-02-09T00:00:00Z,TRUE
28.1,2025-02-09,19.560255319148936,47,2025-02-09T00:30:00Z,2025-02-10T00:00:00Z,TRUE
28.1,2025-02-10,8.47,45,2025-02-10T00:30:00Z,2025-02-11T00:00:00Z,TRUE
28.1,2025-02-11,24.28771111111111,45,2025-02-11T00:30:00Z,2025-02-12T00:00:00Z,TRUE
28.1,2025-02-12,29.7515,40,2025-02-12T00:30:00Z,2025-02-12T23:00:00Z,TRUE
28.1,2025-02-13,25.182431818181815,44,2025-02-13T02:00:00Z,2025-02-14T00:00:00Z,TRUE
28.1,2025-02-14,9.63695744680851,47,2025-02-14T00:30:00Z,2025-02-15T00:00:00Z,TRUE
28.1,2025-02-15,19.2781875,48,2025-02-15T00:30:00Z,2025-02-16T00:00:00Z,TRUE
28.1,2025-02-16,30.626468085106385,47,2025-02-16T00:30:00Z,2025-02-17T00:00:00Z,TRUE
28.1,2025-02-17,4.138541666666667,48,2025-02-17T00:30:00Z,2025-02-18T00:00:00Z,TRUE
28.1,2025-02-18,3.8769375,48,2025-02-18T00:30:00Z,2025-02-19T00:00:00Z,TRUE
28.1,2025-02-19,3.8145,48,2025-02-19T00:30:00Z,2025-02-20T00:00:00Z,TRUE
28.1,2025-02-20,6.332307692307692,39,2025-02-20T00:30:00Z,2025-02-21T00:00:00Z,TRUE
28.1,2025-02-21,3.44531914893617,47,2025-02-21T00:30:00Z,2025-02-22T00:00:00Z,TRUE
28.1,2025-02-22,16.124347826086957,46,2025-02-22T00:30:00Z,2025-02-23T00:00:00Z,TRUE
28.1,2025-02-23,10.832976744186047,43,2025-02-23T00:30:00Z,2025-02-23T23:30:00Z,TRUE
28.1,2025-02-24,12.802575,40,2025-02-24T00:30:00Z,2025-02-24T23:30:00Z,TRUE
28.1,2025-02-25,10.248822222222222,45,2025-02-25T00:30:00Z,2025-02-26T00:00:00Z,TRUE
28.1,2025-02-26,18.48928205128205,39,2025-02-26T00:30:00Z,2025-02-27T00:00:00Z,TRUE
28.1,2025-02-27,34.54229411764706,17,2025-02-27T00:30:00Z,2025-02-27T23:30:00Z,FALSE
28.1,2025-02-28,8.343076923076923,39,2025-02-28T03:00:00Z,2025-03-01T00:00:00Z,TRUE
28.1,2025-03-01,2.6630434782608696,46,2025-03-01T00:30:00Z,2025-03-02T00:00:00Z,TRUE
28.1,2025-03-02,3.524872340425532,47,2025-03-02T00:30:00Z,2025-03-03T00:00:00Z,TRUE
28.1,2025-03-03,7.314702127659575,47,2025-03-03T00:30:00Z,2025-03-04T00:00:00Z,TRUE
28.1,2025-03-04,6.4357999999999995,40,2025-03-04T00:30:00Z,2025-03-05T00:00:00Z,TRUE
28.1,2025-03-05,4.94359090909091,44,2025-03-05T00:30:00Z,2025-03-06T00:00:00Z,TRUE
28.1,2025-03-06,2.071093023255814,43,2025-03-06T00:30:00Z,2025-03-07T00:00:00Z,TRUE
28.1,2025-03-07,6.055977272727272,44,2025-03-07T00:30:00Z,2025-03-07T22:30:00Z,TRUE
28.1,2025-03-08,15.095487804878049,41,2025-03-08T01:30:00Z,2025-03-09T00:00:00Z,TRUE
28.1,2025-03-09,5.670395348837209,43,2025-03-09T00:30:00Z,2025-03-09T23:30:00Z,TRUE
28.1,2025-03-10,4.952,46,2025-03-10T01:00:00Z,2025-03-11T00:00:00Z,TRUE
28.1,2025-03-11,5.308318181818182,44,2025-03-11T00:30:00Z,2025-03-12T00:00:00Z,TRUE
28.1,2025-03-12,3.506925,40,2025-03-12T00:30:00Z,2025-03-13T00:00:00Z,TRUE
28.1,2025-03-13,8.667454545454545,44,2025-03-13T00:30:00Z,2025-03-14T00:00:00Z,TRUE
28.1,2025-03-14,11.983431818181819,44,2025-03-14T00:30:00Z,2025-03-15T00:00:00Z,TRUE
28.1,2025-03-15,12.159936170212767,47,2025-03-15T00:30:00Z,2025-03-16T00:00:00Z,TRUE
28.1,2025-03-16,8.416272727272727,44,2025-03-16T00:30:00Z,2025-03-16T23:00:00Z,TRUE
28.1,2025-03-17,4.011425,40,2025-03-17T00:30:00Z,2025-03-18T00:00:00Z,TRUE
28.1,2025-03-18,6.086354166666666,48,2025-03-18T00:30:00Z,2025-03-19T00:00:00Z,TRUE
28.1,2025-03-19,5.906395833333333,48,2025-03-19T00:30:00Z,2025-03-20T00:00:00Z,TRUE
28.1,2025-03-20,4.042232558139535,43,2025-03-20T00:30:00Z,2025-03-21T00:00:00Z,TRUE
28.1,2025-03-21,3.0118636363636364,44,2025-03-21T00:30:00Z,2025-03-22T00:00:00Z,TRUE
28.1,2025-03-22,4.313979166666667,48,2025-03-22T00:30:00Z,2025-03-23T00:00:00Z,TRUE
28.1,2025-03-23,6.052,48,2025-03-23T00:30:00Z,2025-03-24T00:00:00Z,TRUE
28.1,2025-03-24,6.9949375,48,2025-03-24T00:30:00Z,2025-03-25T00:00:00Z,TRUE
28.1,2025-03-25,7.1115,44,2025-03-25T00:30:00Z,2025-03-26T00:00:00Z,TRUE
28.1,2025-03-26,3.6731249999999998,48,2025-03-26T00:30:00Z,2025-03-27T00:00:00Z,TRUE
28.1,2025-03-27,6.138659574468085,47,2025-03-27T00:30:00Z,2025-03-28T00:00:00Z,TRUE
28.1,2025-03-28,12.155093023255814,43,2025-03-28T00:30:00Z,2025-03-29T00:00:00Z,TRUE
28.1,2025-03-29,11.784145833333334,48,2025-03-29T00:30:00Z,2025-03-30T00:00:00Z,TRUE
28.1,2025-03-30,13.282930232558138,43,2025-03-30T00:30:00Z,2025-03-31T00:00:00Z,TRUE
28.1,2025-03-31,5.603791666666667,48,2025-03-31T00:30:00Z,2025-04-01T00:00:00Z,TRUE
28.1,2025-04-01,4.907354166666666,48,2025-04-01T00:30:00Z,2025-04-02T00:00:00Z,TRUE
28.1,2025-04-02,6.002395348837209,43,2025-04-02T00:30:00Z,2025-04-03T00:00:00Z,TRUE
28.1,2025-04-03,4.026021276595745,47,2025-04-03T00:30:00Z,2025-04-04T00:00:00Z,TRUE
28.1,2025-04-04,3.6986666666666665,48,2025-04-04T00:30:00Z,2025-04-05T00:00:00Z,TRUE
28.1,2025-04-05,6.78435294117647,17,2025-04-05T00:30:00Z,2025-04-05T08:30:00Z,FALSE
28.1,2025-04-06,14.117282608695652,46,2025-04-06T01:30:00Z,2025-04-07T00:00:00Z,TRUE
28.1,2025-04-07,8.123391304347827,46,2025-04-07T00:30:00Z,2025-04-08T00:00:00Z,TRUE
28.1,2025-04-08,3.1157555555555554,45,2025-04-08T00:30:00Z,2025-04-09T00:00:00Z,TRUE
28.1,2025-04-09,5.34904347826087,46,2025-04-09T00:30:00Z,2025-04-10T00:00:00Z,TRUE
28.1,2025-04-10,26.57453191489362,47,2025-04-10T00:30:00Z,2025-04-11T00:00:00Z,TRUE
28.1,2025-04-11,16.348883720930232,43,2025-04-11T00:30:00Z,2025-04-12T00:00:00Z,TRUE
28.1,2025-04-12,8.2245681818181815,44,2025-04-12T00:30:00Z,2025-04-13T00:00:00Z,TRUE
28.1,2025-04-13,9.906250000000002,48,2025-04-13T00:30:00Z,2025-04-14T00:00:00Z,TRUE
28.1,2025-04-14,4.844478260869566,46,2025-04-14T00:30:00Z,2025-04-15T00:00:00Z,TRUE
28.1,2025-04-15,2.6363404255319147,47,2025-04-15T00:30:00Z,2025-04-16T00:00:00Z,TRUE
28.1,2025-04-16,3.5000652173913043,46,2025-04-16T00:30:00Z,2025-04-17T00:00:00Z,TRUE
28.1,2025-04-17,6.479808510638298,47,2025-04-17T00:30:00Z,2025-04-18T00:00:00Z,TRUE
28.1,2025-04-18,5.864340425531915,47,2025-04-18T00:30:00Z,2025-04-19T00:00:00Z,TRUE
28.1,2025-04-19,11.488416666666666,48,2025-04-19T00:30:00Z,2025-04-20T00:00:00Z,TRUE
28.1,2025-04-20,5.912895833333334,48,2025-04-20T00:30:00Z,2025-04-21T00:00:00Z,TRUE
28.1,2025-04-21,4.602340425531915,47,2025-04-21T00:30:00Z,2025-04-22T00:00:00Z,TRUE
28.1,2025-04-22,2.2498604651162792,43,2025-04-22T00:30:00Z,2025-04-23T00:00:00Z,TRUE
28.1,2025-04-23,4.125595744680851,47,2025-04-23T00:30:00Z,2025-04-23T23:30:00Z,TRUE
28.1,2025-04-24,6.609652173913044,46,2025-04-24T00:30:00Z,2025-04-25T00:00:00Z,TRUE
28.1,2025-04-25,7.692116279069768,43,2025-04-25T00:30:00Z,2025-04-25T23:00:00Z,TRUE
28.1,2025-04-26,14.8769375,32,2025-04-26T07:00:00Z,2025-04-27T00:00:00Z,FALSE
28.1,2025-04-27,4.41763829787234,47,2025-04-27T00:30:00Z,2025-04-28T00:00:00Z,TRUE
28.1,2025-04-28,4.4510625,48,2025-04-28T00:30:00Z,2025-04-29T00:00:00Z,TRUE
28.1,2025-04-29,7.7755833333333335,48,2025-04-29T00:30:00Z,2025-04-30T00:00:00Z,TRUE
28.1,2025-04-30,2.1275405405405405,37,2025-04-30T00:30:00Z,2025-05-01T00:00:00Z,TRUE
28.1,2025-05-01,6.2359148936170214,47,2025-05-01T00:30:00Z,2025-05-02T00:00:00Z,TRUE
28.1,2025-05-02,7.626195652173913,46,2025-05-02T00:30:00Z,2025-05-03T00:00:00Z,TRUE
28.1,2025-05-03,15.611066666666668,45,2025-05-03T00:30:00Z,2025-05-04T00:00:00Z,TRUE
28.1,2025-05-04,9.298829787234043,47,2025-05-04T00:30:00Z,2025-05-05T00:00:00Z,TRUE
28.1,2025-05-05,63.77616666666667,12,2025-05-05T00:30:00Z,2025-05-05T13:30:00Z,FALSE
28.1,2025-07-17,2.380813953488372,43,2025-07-17T02:00:00Z,2025-07-18T00:00:00Z,TRUE
28.1,2025-07-18,1.173046511627907,43,2025-07-18T00:30:00Z,2025-07-19T00:00:00Z,TRUE
28.1,2025-07-19,1.8998666666666666,45,2025-07-19T00:30:00Z,2025-07-20T00:00:00Z,TRUE
28.1,2025-07-20,2.2290625,48,2025-07-20T00:30:00Z,2025-07-21T00:00:00Z,TRUE
28.1,2025-07-21,4.691325581395349,43,2025-07-21T00:30:00Z,2025-07-22T00:00:00Z,TRUE
28.1,2025-07-22,2.0510444444444444,45,2025-07-22T00:30:00Z,2025-07-23T00:00:00Z,TRUE
28.1,2025-07-23,2.0505581395348838,43,2025-07-23T00:30:00Z,2025-07-24T00:00:00Z,TRUE
28.1,2025-07-24,3.8562439024390245,41,2025-07-24T01:00:00Z,2025-07-25T00:00:00Z,TRUE
28.1,2025-07-25,3.5941428571428573,42,2025-07-25T00:30:00Z,2025-07-26T00:00:00Z,TRUE
28.1,2025-07-26,2.9870697674418603,43,2025-07-26T00:30:00Z,2025-07-27T00:00:00Z,TRUE
28.1,2025-07-27,2.418318181818182,44,2025-07-27T00:30:00Z,2025-07-28T00:00:00Z,TRUE
28.1,2025-07-28,2.3964651162790696,43,2025-07-28T00:30:00Z,2025-07-29T00:00:00Z,TRUE
28.1,2025-07-29,2.6382826086956523,46,2025-07-29T00:30:00Z,2025-07-30T00:00:00Z,TRUE
28.1,2025-07-30,3.1833541666666667,48,2025-07-30T00:30:00Z,2025-07-31T00:00:00Z,TRUE
28.1,2025-07-31,9.538620689655172,29,2025-07-31T00:30:00Z,2025-07-31T15:30:00Z,FALSE
28.1,2025-08-06,5.198352941176471,17,2025-08-06T15:30:00Z,2025-08-07T00:00:00Z,FALSE
28.1,2025-08-07,4.22372340425532,47,2025-08-07T00:30:00Z,2025-08-08T00:00:00Z,TRUE
28.1,2025-08-08,3.7015,48,2025-08-08T00:30:00Z,2025-08-09T00:00:00Z,TRUE
28.1,2025-08-09,4.631431818181818,44,2025-08-09T00:30:00Z,2025-08-10T00:00:00Z,TRUE
28.1,2025-08-10,5.546878048780488,41,2025-08-10T00:30:00Z,2025-08-11T00:00:00Z,TRUE
28.1,2025-08-11,4.403951219512195,41,2025-08-11T00:30:00Z,2025-08-11T22:30:00Z,TRUE
28.1,2025-08-12,3.309282608695652,46,2025-08-12T01:00:00Z,2025-08-13T00:00:00Z,TRUE
28.1,2025-08-13,2.209595238095238,42,2025-08-13T00:30:00Z,2025-08-14T00:00:00Z,TRUE
28.1,2025-08-14,3.4598085106382976,47,2025-08-14T00:30:00Z,2025-08-15T00:00:00Z,TRUE
28.1,2025-08-15,5.633152173913044,46,2025-08-15T00:30:00Z,2025-08-16T00:00:00Z,TRUE
28.1,2025-08-16,4.63029268292683,41,2025-08-16T00:30:00Z,2025-08-17T00:00:00Z,TRUE
28.1,2025-08-17,3.7914864864864866,37,2025-08-17T00:30:00Z,2025-08-17T23:00:00Z,TRUE
28.1,2025-08-18,2.1015116279069765,43,2025-08-18T00:30:00Z,2025-08-19T00:00:00Z,TRUE
28.1,2025-08-19,1.9178958333333334,48,2025-08-19T00:30:00Z,2025-08-20T00:00:00Z,TRUE
28.1,2025-08-20,3.9112,40,2025-08-20T00:30:00Z,2025-08-21T00:00:00Z,TRUE
28.1,2025-08-21,1.7766666666666666,36,2025-08-21T00:30:00Z,2025-08-21T19:00:00Z,TRUE
28.1,2025-08-29,0.878,5,2025-08-29T17:30:00Z,2025-08-29T19:30:00Z,FALSE
28.1,2025-10-03,2.9210000000000003,15,2025-10-03T17:00:00Z,2025-10-04T00:00:00Z,FALSE
28.1,2025-10-04,2.760891304347826,46,2025-10-04T00:30:00Z,2025-10-05T00:00:00Z,TRUE
28.1,2025-10-05,2.632688888888889,45,2025-10-05T00:30:00Z,2025-10-06T00:00:00Z,TRUE
28.1,2025-10-06,2.0125531914893617,47,2025-10-06T01:00:00Z,2025-10-07T00:00:00Z,TRUE
28.1,2025-10-07,1.8238297872340425,47,2025-10-07T00:30:00Z,2025-10-08T00:00:00Z,TRUE
28.1,2025-10-08,1.658975,40,2025-10-08T00:30:00Z,2025-10-09T00:00:00Z,TRUE
28.1,2025-10-09,1.5757659574468086,47,2025-10-09T00:30:00Z,2025-10-10T00:00:00Z,TRUE
28.1,2025-10-10,1.6515365853658537,41,2025-10-10T00:30:00Z,2025-10-11T00:00:00Z,TRUE
28.1,2025-10-11,1.5501041666666666,48,2025-10-11T00:30:00Z,2025-10-12T00:00:00Z,TRUE
28.1,2025-10-12,2.5310212765957445,47,2025-10-12T00:30:00Z,2025-10-13T00:00:00Z,TRUE
28.1,2025-10-13,2.0493720930232557,43,2025-10-13T00:30:00Z,2025-10-14T00:00:00Z,TRUE
28.1,2025-10-14,2.184525,40,2025-10-14T00:30:00Z,2025-10-15T00:00:00Z,TRUE
28.1,2025-10-15,1.2695999999999998,40,2025-10-15T00:30:00Z,2025-10-15T23:30:00Z,TRUE
28.1,2025-10-16,1.1863636363636365,44,2025-10-16T01:00:00Z,2025-10-17T00:00:00Z,TRUE
28.1,2025-10-17,1.6846136363636364,44,2025-10-17T00:30:00Z,2025-10-17T23:00:00Z,TRUE
28.1,2025-10-18,2.0238095238095237,42,2025-10-18T00:30:00Z,2025-10-19T00:00:00Z,TRUE
28.1,2025-10-19,2.5995813953488374,43,2025-10-19T00:30:00Z,2025-10-20T00:00:00Z,TRUE
28.1,2025-10-20,1.3374054054054054,37,2025-10-20T00:30:00Z,2025-10-21T00:00:00Z,TRUE
28.1,2025-10-21,2.021,39,2025-10-21T00:30:00Z,2025-10-22T00:00:00Z,TRUE
28.1,2025-10-22,1.5130000000000001,47,2025-10-22T00:30:00Z,2025-10-23T00:00:00Z,TRUE
28.1,2025-10-23,1.8179583333333333,48,2025-10-23T00:30:00Z,2025-10-24T00:00:00Z,TRUE
28.1,2025-10-24,1.379288888888889,45,2025-10-24T00:30:00Z,2025-10-25T00:00:00Z,TRUE
28.1,2025-10-25,1.8431739130434783,46,2025-10-25T00:30:00Z,2025-10-26T00:00:00Z,TRUE
28.1,2025-10-26,1.8511304347826087,46,2025-10-26T00:30:00Z,2025-10-27T00:00:00Z,TRUE
28.1,2025-10-27,1.7914864864864866,37,2025-10-27T01:00:00Z,2025-10-28T00:00:00Z,TRUE
28.1,2025-10-28,1.9306222222222222,45,2025-10-28T00:30:00Z,2025-10-29T00:00:00Z,TRUE
28.1,2025-10-29,2.1001904761904764,42,2025-10-29T00:30:00Z,2025-10-29T23:00:00Z,TRUE
28.1,2025-10-30,1.8580444444444444,45,2025-10-30T00:30:00Z,2025-10-31T00:00:00Z,TRUE
28.1,2025-10-31,1.8148863636363637,44,2025-10-31T00:30:00Z,2025-11-01T00:00:00Z,TRUE
28.1,2025-11-01,2.8025116279069766,43,2025-11-01T00:30:00Z,2025-11-02T00:00:00Z,TRUE
28.1,2025-11-02,4.229391304347826,46,2025-11-02T00:30:00Z,2025-11-03T00:00:00Z,TRUE
28.1,2025-11-03,2.9719772727272726,44,2025-11-03T00:30:00Z,2025-11-04T00:00:00Z,TRUE
28.1,2025-11-04,1.7586,45,2025-11-04T00:30:00Z,2025-11-05T00:00:00Z,TRUE
28.1,2025-11-05,1.8018157894736841,38,2025-11-05T00:30:00Z,2025-11-05T23:30:00Z,TRUE
28.1,2025-11-06,1.1988478260869566,46,2025-11-06T00:30:00Z,2025-11-06T23:30:00Z,TRUE
28.1,2025-11-07,2.9318695652173914,46,2025-11-07T00:30:00Z,2025-11-08T00:00:00Z,TRUE
28.1,2025-11-08,3.0090851063829787,47,2025-11-08T00:30:00Z,2025-11-09T00:00:00Z,TRUE
28.1,2025-11-09,2.4224,45,2025-11-09T00:30:00Z,2025-11-10T00:00:00Z,TRUE
28.1,2025-11-10,1.1328863636363637,44,2025-11-10T01:00:00Z,2025-11-11T00:00:00Z,TRUE
28.1,2025-11-11,1.823875,48,2025-11-11T00:30:00Z,2025-11-12T00:00:00Z,TRUE
28.1,2025-11-12,2.2778478260869566,46,2025-11-12T01:00:00Z,2025-11-13T00:00:00Z,TRUE
28.1,2025-11-13,1.9063863636363636,44,2025-11-13T00:30:00Z,2025-11-14T00:00:00Z,TRUE
28.1,2025-11-14,2.244075,40,2025-11-14T00:30:00Z,2025-11-15T00:00:00Z,TRUE
28.1,2025-11-15,3.4147173913043476,46,2025-11-15T00:30:00Z,2025-11-16T00:00:00Z,TRUE
28.1,2025-11-16,1.7807380952380953,42,2025-11-16T00:30:00Z,2025-11-17T00:00:00Z,TRUE
28.1,2025-11-17,1.1578205128205128,39,2025-11-17T01:00:00Z,2025-11-18T00:00:00Z,TRUE
28.1,2025-11-18,3.107276595744681,47,2025-11-18T00:30:00Z,2025-11-19T00:00:00Z,TRUE
28.1,2025-11-19,3.618851063829787,47,2025-11-19T00:30:00Z,2025-11-20T00:00:00Z,TRUE
28.1,2025-11-20,5.084065217391304,46,2025-11-20T00:30:00Z,2025-11-21T00:00:00Z,TRUE
28.1,2025-11-21,5.568829787234042,47,2025-11-21T00:30:00Z,2025-11-22T00:00:00Z,TRUE
28.1,2025-11-22,4.447729166666667,48,2025-11-22T00:30:00Z,2025-11-23T00:00:00Z,TRUE
28.1,2025-11-23,2.8046382978723403,47,2025-11-23T00:30:00Z,2025-11-24T00:00:00Z,TRUE
28.1,2025-11-24,2.2804444444444445,45,2025-11-24T00:30:00Z,2025-11-25T00:00:00Z,TRUE
28.1,2025-11-25,2.4398333333333335,48,2025-11-25T00:30:00Z,2025-11-26T00:00:00Z,TRUE
28.1,2025-11-26,2.8030425531914895,47,2025-11-26T00:30:00Z,2025-11-27T00:00:00Z,TRUE
28.1,2025-11-27,2.0829756097560974,41,2025-11-27T01:00:00Z,2025-11-28T00:00:00Z,TRUE
28.1,2025-11-28,2.1443243243243244,37,2025-11-28T00:30:00Z,2025-11-29T00:00:00Z,TRUE
28.1,2025-11-29,2.2175454545454545,44,2025-11-29T00:30:00Z,2025-11-30T00:00:00Z,TRUE
28.1,2025-11-30,2.5478723404255317,47,2025-11-30T00:30:00Z,2025-12-01T00:00:00Z,TRUE
28.1,2025-12-01,1.8843953488372094,43,2025-12-01T00:30:00Z,2025-12-02T00:00:00Z,TRUE
28.1,2025-12-02,3.5546279069767444,43,2025-12-02T00:30:00Z,2025-12-02T23:30:00Z,TRUE
28.1,2025-12-03,4.696,45,2025-12-03T00:30:00Z,2025-12-04T00:00:00Z,TRUE
28.1,2025-12-04,3.9528809523809523,42,2025-12-04T00:30:00Z,2025-12-05T00:00:00Z,TRUE
28.1,2025-12-05,2.615139534883721,43,2025-12-05T00:30:00Z,2025-12-06T00:00:00Z,TRUE
28.1,2025-12-06,6.022263157894737,38,2025-12-06T00:30:00Z,2025-12-07T00:00:00Z,TRUE
28.1,2025-12-07,4.716936170212766,47,2025-12-07T00:30:00Z,2025-12-08T00:00:00Z,TRUE
28.1,2025-12-08,1.8520975609756098,41,2025-12-08T00:30:00Z,2025-12-09T00:00:00Z,TRUE
28.1,2025-12-09,2.3663617021276595,47,2025-12-09T00:30:00Z,2025-12-10T00:00:00Z,TRUE
28.1,2025-12-10,2.7964358974358974,39,2025-12-10T00:30:00Z,2025-12-11T00:00:00Z,TRUE
28.1,2025-12-11,1.1261025641025642,39,2025-12-11T00:30:00Z,2025-12-12T00:00:00Z,TRUE
28.1,2025-12-12,2.0719375,48,2025-12-12T00:30:00Z,2025-12-13T00:00:00Z,TRUE
28.1,2025-12-13,3.7918372093023254,43,2025-12-13T00:30:00Z,2025-12-13T23:30:00Z,TRUE
28.1,2025-12-14,1.1675526315789473,38,2025-12-14T04:30:00Z,2025-12-15T00:00:00Z,TRUE
28.1,2025-12-15,2.1426170212765956,47,2025-12-15T00:30:00Z,2025-12-16T00:00:00Z,TRUE
28.1,2025-12-16,2.6003777777777777,45,2025-12-16T00:30:00Z,2025-12-17T00:00:00Z,TRUE
28.1,2025-12-17,2.9949761904761907,42,2025-12-17T00:30:00Z,2025-12-18T00:00:00Z,TRUE
28.1,2025-12-18,3.7967272727272725,44,2025-12-18T00:30:00Z,2025-12-19T00:00:00Z,TRUE
28.1,2025-12-19,2.0868285714285713,35,2025-12-19T00:30:00Z,2025-12-20T00:00:00Z,FALSE
28.1,2025-12-20,2.2763,40,2025-12-20T00:30:00Z,2025-12-21T00:00:00Z,TRUE
28.1,2025-12-21,2.077021739130435,46,2025-12-21T01:00:00Z,2025-12-22T00:00:00Z,TRUE
28.1,2025-12-22,2.4956,40,2025-12-22T00:30:00Z,2025-12-23T00:00:00Z,TRUE
28.1,2025-12-23,4.235948717948718,39,2025-12-23T00:30:00Z,2025-12-24T00:00:00Z,TRUE
28.1,2025-12-24,4.744595238095238,42,2025-12-24T00:30:00Z,2025-12-25T00:00:00Z,TRUE
28.1,2025-12-25,4.533418604651163,43,2025-12-25T00:30:00Z,2025-12-26T00:00:00Z,TRUE
28.1,2025-12-26,2.8971764705882355,34,2025-12-26T00:30:00Z,2025-12-27T00:00:00Z,FALSE
28.1,2025-12-27,2.570625,40,2025-12-27T00:30:00Z,2025-12-28T00:00:00Z,TRUE
28.1,2025-12-28,5.414310344827586,29,2025-12-28T00:30:00Z,2025-12-29T00:00:00Z,FALSE
28.1,2025-12-29,2.0694,45,2025-12-29T00:30:00Z,2025-12-30T00:00:00Z,TRUE
28.1,2025-12-30,0.7742083333333332,48,2025-12-30T00:30:00Z,2025-12-31T00:00:00Z,TRUE
28.1,2025-12-31,3.4695675675675677,37,2025-12-31T00:30:00Z,2025-12-31T23:30:00Z,TRUE
29.1,2025-05-09,3.2453,10,2025-05-09T19:30:00Z,2025-05-10T00:00:00Z,FALSE
29.1,2025-05-10,4.213541666666667,48,2025-05-10T00:30:00Z,2025-05-11T00:00:00Z,TRUE
29.1,2025-05-11,4.26825,48,2025-05-11T00:30:00Z,2025-05-12T00:00:00Z,TRUE
29.1,2025-05-12,5.2234375,48,2025-05-12T00:30:00Z,2025-05-13T00:00:00Z,TRUE
29.1,2025-05-13,6.503625,48,2025-05-13T00:30:00Z,2025-05-14T00:00:00Z,TRUE
29.1,2025-05-14,1.7922083333333334,48,2025-05-14T00:30:00Z,2025-05-15T00:00:00Z,TRUE
29.1,2025-05-15,10.18425,48,2025-05-15T00:30:00Z,2025-05-16T00:00:00Z,TRUE
29.1,2025-05-16,9.130125,48,2025-05-16T00:30:00Z,2025-05-17T00:00:00Z,TRUE
29.1,2025-05-17,3.4132083333333334,48,2025-05-17T00:30:00Z,2025-05-18T00:00:00Z,TRUE
29.1,2025-05-18,3.8486458333333333,48,2025-05-18T00:30:00Z,2025-05-19T00:00:00Z,TRUE
29.1,2025-05-19,7.065979166666666,48,2025-05-19T00:30:00Z,2025-05-20T00:00:00Z,TRUE
29.1,2025-05-20,5.699458333333333,48,2025-05-20T00:30:00Z,2025-05-21T00:00:00Z,TRUE
29.1,2025-05-21,19.944909090909093,44,2025-05-21T00:30:00Z,2025-05-21T23:00:00Z,TRUE
29.1,2025-05-22,11.715021276595746,47,2025-05-22T01:00:00Z,2025-05-23T00:00:00Z,TRUE
29.1,2025-05-23,4.047958333333333,48,2025-05-23T00:30:00Z,2025-05-24T00:00:00Z,TRUE
29.1,2025-05-24,1.3759375,48,2025-05-24T00:30:00Z,2025-05-25T00:00:00Z,TRUE
29.1,2025-05-25,6.622812500000001,48,2025-05-25T00:30:00Z,2025-05-26T00:00:00Z,TRUE
29.1,2025-05-26,12.799854166666668,48,2025-05-26T00:30:00Z,2025-05-27T00:00:00Z,TRUE
29.1,2025-05-27,4.4171875,48,2025-05-27T00:30:00Z,2025-05-28T00:00:00Z,TRUE
29.1,2025-05-28,2.7804583333333333,48,2025-05-28T00:30:00Z,2025-05-29T00:00:00Z,TRUE
29.1,2025-05-29,17.84872916666667,48,2025-05-29T00:30:00Z,2025-05-30T00:00:00Z,TRUE
29.1,2025-05-30,11.059791666666667,48,2025-05-30T00:30:00Z,2025-05-31T00:00:00Z,TRUE
29.1,2025-05-31,8.540875,48,2025-05-31T00:30:00Z,2025-06-01T00:00:00Z,TRUE
29.1,2025-06-01,7.018437499999999,48,2025-06-01T00:30:00Z,2025-06-02T00:00:00Z,TRUE
29.1,2025-06-02,3.767770833333333,48,2025-06-02T00:30:00Z,2025-06-03T00:00:00Z,TRUE
29.1,2025-06-03,7.5800624999999995,48,2025-06-03T00:30:00Z,2025-06-04T00:00:00Z,TRUE
29.1,2025-06-04,28.285666666666668,48,2025-06-04T00:30:00Z,2025-06-05T00:00:00Z,TRUE
29.1,2025-06-05,26.751875,48,2025-06-05T00:30:00Z,2025-06-06T00:00:00Z,TRUE
29.1,2025-06-06,49.924791666666664,48,2025-06-06T00:30:00Z,2025-06-07T00:00:00Z,TRUE
29.1,2025-06-07,52.9715625,48,2025-06-07T00:30:00Z,2025-06-08T00:00:00Z,TRUE
29.1,2025-06-08,43.85272916666667,48,2025-06-08T00:30:00Z,2025-06-09T00:00:00Z,TRUE
29.1,2025-06-09,23.809395833333333,48,2025-06-09T00:30:00Z,2025-06-10T00:00:00Z,TRUE
29.1,2025-06-10,10.504083333333334,48,2025-06-10T00:30:00Z,2025-06-11T00:00:00Z,TRUE
29.1,2025-06-11,14.882666666666667,48,2025-06-11T00:30:00Z,2025-06-12T00:00:00Z,TRUE
29.1,2025-06-12,21.838833333333334,48,2025-06-12T00:30:00Z,2025-06-13T00:00:00Z,TRUE
29.1,2025-06-13,23.464458333333333,48,2025-06-13T00:30:00Z,2025-06-14T00:00:00Z,TRUE
29.1,2025-06-14,22.298365853658535,41,2025-06-14T00:30:00Z,2025-06-15T00:00:00Z,TRUE
29.1,2025-06-15,12.246020833333333,48,2025-06-15T00:30:00Z,2025-06-16T00:00:00Z,TRUE
29.1,2025-06-16,9.864104166666666,48,2025-06-16T00:30:00Z,2025-06-17T00:00:00Z,TRUE
29.1,2025-06-17,15.005020833333333,48,2025-06-17T00:30:00Z,2025-06-18T00:00:00Z,TRUE
29.1,2025-06-18,10.286395833333334,48,2025-06-18T00:30:00Z,2025-06-19T00:00:00Z,TRUE
29.1,2025-06-19,5.6885208333333335,48,2025-06-19T00:30:00Z,2025-06-20T00:00:00Z,TRUE
29.1,2025-06-20,8.537708333333333,48,2025-06-20T00:30:00Z,2025-06-21T00:00:00Z,TRUE
29.1,2025-06-21,11.593340425531915,47,2025-06-21T00:30:00Z,2025-06-22T00:00:00Z,TRUE
29.1,2025-06-22,9.158520833333334,48,2025-06-22T00:30:00Z,2025-06-23T00:00:00Z,TRUE
29.1,2025-06-23,8.399375,48,2025-06-23T00:30:00Z,2025-06-24T00:00:00Z,TRUE
29.1,2025-06-24,8.983104166666667,48,2025-06-24T00:30:00Z,2025-06-25T00:00:00Z,TRUE
29.1,2025-06-25,11.737416666666666,48,2025-06-25T00:30:00Z,2025-06-26T00:00:00Z,TRUE
29.1,2025-06-26,11.485770833333333,48,2025-06-26T00:30:00Z,2025-06-27T00:00:00Z,TRUE
29.1,2025-06-27,9.226979166666666,48,2025-06-27T00:30:00Z,2025-06-28T00:00:00Z,TRUE
29.1,2025-06-28,9.678541666666666,48,2025-06-28T00:30:00Z,2025-06-29T00:00:00Z,TRUE
29.1,2025-06-29,6.8464375,48,2025-06-29T00:30:00Z,2025-06-30T00:00:00Z,TRUE
29.1,2025-06-30,10.917895833333333,48,2025-06-30T00:30:00Z,2025-07-01T00:00:00Z,TRUE
29.1,2025-07-01,8.282291666666666,48,2025-07-01T00:30:00Z,2025-07-02T00:00:00Z,TRUE
29.1,2025-07-02,11.060270833333334,48,2025-07-02T00:30:00Z,2025-07-03T00:00:00Z,TRUE
29.1,2025-07-03,14.63925,48,2025-07-03T00:30:00Z,2025-07-04T00:00:00Z,TRUE
29.1,2025-07-04,19.202791666666666,48,2025-07-04T00:30:00Z,2025-07-05T00:00:00Z,TRUE
29.1,2025-07-05,25.2794375,48,2025-07-05T00:30:00Z,2025-07-06T00:00:00Z,TRUE
29.1,2025-07-06,11.432625,48,2025-07-06T00:30:00Z,2025-07-07T00:00:00Z,TRUE
29.1,2025-07-07,11.336916666666667,48,2025-07-07T00:30:00Z,2025-07-08T00:00:00Z,TRUE
29.1,2025-07-08,14.432520833333335,48,2025-07-08T00:30:00Z,2025-07-09T00:00:00Z,TRUE
29.1,2025-07-09,22.429354166666666,48,2025-07-09T00:30:00Z,2025-07-10T00:00:00Z,TRUE
29.1,2025-07-10,20.30920833333333,48,2025-07-10T00:30:00Z,2025-07-11T00:00:00Z,TRUE
29.1,2025-07-11,13.994229166666667,48,2025-07-11T00:30:00Z,2025-07-12T00:00:00Z,TRUE
29.1,2025-07-12,9.21075,48,2025-07-12T00:30:00Z,2025-07-13T00:00:00Z,TRUE
29.1,2025-07-13,6.9626875,48,2025-07-13T00:30:00Z,2025-07-14T00:00:00Z,TRUE
29.1,2025-07-14,24.675895833333332,48,2025-07-14T00:30:00Z,2025-07-15T00:00:00Z,TRUE
29.1,2025-07-15,38.04535416666667,48,2025-07-15T00:30:00Z,2025-07-16T00:00:00Z,TRUE
29.1,2025-07-16,32.141729166666664,48,2025-07-16T00:30:00Z,2025-07-17T00:00:00Z,TRUE
29.1,2025-07-17,10.681875,48,2025-07-17T00:30:00Z,2025-07-18T00:00:00Z,TRUE
29.1,2025-07-18,2.2892916666666667,48,2025-07-18T00:30:00Z,2025-07-19T00:00:00Z,TRUE
29.1,2025-07-19,5.331875,48,2025-07-19T00:30:00Z,2025-07-20T00:00:00Z,TRUE
29.1,2025-07-20,7.668520833333333,48,2025-07-20T00:30:00Z,2025-07-21T00:00:00Z,TRUE
29.1,2025-07-21,21.780041666666666,48,2025-07-21T00:30:00Z,2025-07-22T00:00:00Z,TRUE
29.1,2025-07-22,4.9389375,48,2025-07-22T00:30:00Z,2025-07-23T00:00:00Z,TRUE
29.1,2025-07-23,4.046020833333333,48,2025-07-23T00:30:00Z,2025-07-24T00:00:00Z,TRUE
29.1,2025-07-24,15.413083333333333,48,2025-07-24T00:30:00Z,2025-07-25T00:00:00Z,TRUE
29.1,2025-07-25,19.34177083333333,48,2025-07-25T00:30:00Z,2025-07-26T00:00:00Z,TRUE
29.1,2025-07-26,13.592729166666667,48,2025-07-26T00:30:00Z,2025-07-27T00:00:00Z,TRUE
29.1,2025-07-27,13.0655,48,2025-07-27T00:30:00Z,2025-07-28T00:00:00Z,TRUE
29.1,2025-07-28,12.135937499999999,48,2025-07-28T00:30:00Z,2025-07-29T00:00:00Z,TRUE
29.1,2025-07-29,15.834333333333333,48,2025-07-29T00:30:00Z,2025-07-30T00:00:00Z,TRUE
29.1,2025-07-30,16.494479166666665,48,2025-07-30T00:30:00Z,2025-07-31T00:00:00Z,TRUE
29.1,2025-07-31,47.4429375,48,2025-07-31T00:30:00Z,2025-08-01T00:00:00Z,TRUE
29.1,2025-08-01,20.351645833333336,48,2025-08-01T00:30:00Z,2025-08-02T00:00:00Z,TRUE
29.1,2025-08-02,9.969937500000002,48,2025-08-02T00:30:00Z,2025-08-03T00:00:00Z,TRUE
29.1,2025-08-03,15.122041666666666,48,2025-08-03T00:30:00Z,2025-08-04T00:00:00Z,TRUE
29.1,2025-08-04,40.053604166666666,48,2025-08-04T00:30:00Z,2025-08-05T00:00:00Z,TRUE
29.1,2025-08-05,38.84522916666667,48,2025-08-05T00:30:00Z,2025-08-06T00:00:00Z,TRUE
29.1,2025-08-06,22.1655625,48,2025-08-06T00:30:00Z,2025-08-07T00:00:00Z,TRUE
29.1,2025-08-07,18.067125,48,2025-08-07T00:30:00Z,2025-08-08T00:00:00Z,TRUE
29.1,2025-08-08,13.9735625,48,2025-08-08T00:30:00Z,2025-08-09T00:00:00Z,TRUE
29.1,2025-08-09,20.785354166666668,48,2025-08-09T00:30:00Z,2025-08-10T00:00:00Z,TRUE
29.1,2025-08-10,24.211145833333333,48,2025-08-10T00:30:00Z,2025-08-11T00:00:00Z,TRUE
29.1,2025-08-11,18.290354166666667,48,2025-08-11T00:30:00Z,2025-08-12T00:00:00Z,TRUE
29.1,2025-08-12,14.640458333333333,48,2025-08-12T00:30:00Z,2025-08-13T00:00:00Z,TRUE
29.1,2025-08-13,7.694291666666667,48,2025-08-13T00:30:00Z,2025-08-14T00:00:00Z,TRUE
29.1,2025-08-14,18.1039375,48,2025-08-14T00:30:00Z,2025-08-15T00:00:00Z,TRUE
29.1,2025-08-15,25.243583333333333,48,2025-08-15T00:30:00Z,2025-08-16T00:00:00Z,TRUE
29.1,2025-08-16,21.463875,48,2025-08-16T00:30:00Z,2025-08-17T00:00:00Z,TRUE
29.1,2025-08-17,14.488708333333333,48,2025-08-17T00:30:00Z,2025-08-18T00:00:00Z,TRUE
29.1,2025-08-18,3.7727291666666667,48,2025-08-18T00:30:00Z,2025-08-19T00:00:00Z,TRUE
29.1,2025-08-19,9.939479166666667,48,2025-08-19T00:30:00Z,2025-08-20T00:00:00Z,TRUE
29.1,2025-08-20,38.725458333333336,48,2025-08-20T00:30:00Z,2025-08-21T00:00:00Z,TRUE
29.1,2025-08-21,2.7659583333333333,48,2025-08-21T00:30:00Z,2025-08-22T00:00:00Z,TRUE
29.1,2025-08-22,3.1370851063829788,47,2025-08-22T00:30:00Z,2025-08-23T00:00:00Z,TRUE
29.1,2025-08-23,6.9991666666666665,48,2025-08-23T00:30:00Z,2025-08-24T00:00:00Z,TRUE
29.1,2025-08-24,7.346520833333334,48,2025-08-24T00:30:00Z,2025-08-25T00:00:00Z,TRUE
29.1,2025-08-25,2.5303125,48,2025-08-25T00:30:00Z,2025-08-26T00:00:00Z,TRUE
29.1,2025-08-26,5.327729166666667,48,2025-08-26T00:30:00Z,2025-08-27T00:00:00Z,TRUE
29.1,2025-08-27,5.2689375,48,2025-08-27T00:30:00Z,2025-08-28T00:00:00Z,TRUE
29.1,2025-08-28,4.454020833333334,48,2025-08-28T00:30:00Z,2025-08-29T00:00:00Z,TRUE
29.1,2025-08-29,2.4757083333333334,48,2025-08-29T00:30:00Z,2025-08-30T00:00:00Z,TRUE
29.1,2025-08-30,4.948854166666667,48,2025-08-30T00:30:00Z,2025-08-31T00:00:00Z,TRUE
29.1,2025-08-31,6.9853125,48,2025-08-31T00:30:00Z,2025-09-01T00:00:00Z,TRUE
29.1,2025-09-01,6.1310416666666665,48,2025-09-01T00:30:00Z,2025-09-02T00:00:00Z,TRUE
29.1,2025-09-02,4.23375,48,2025-09-02T00:30:00Z,2025-09-03T00:00:00Z,TRUE
29.1,2025-09-03,5.4039166666666665,48,2025-09-03T00:30:00Z,2025-09-04T00:00:00Z,TRUE
29.1,2025-09-04,8.90775,48,2025-09-04T00:30:00Z,2025-09-05T00:00:00Z,TRUE
29.1,2025-09-05,16.7280625,48,2025-09-05T00:30:00Z,2025-09-06T00:00:00Z,TRUE
29.1,2025-09-06,4.446291666666667,48,2025-09-06T00:30:00Z,2025-09-07T00:00:00Z,TRUE
29.1,2025-09-07,2.857978260869565,46,2025-09-07T00:30:00Z,2025-09-08T00:00:00Z,TRUE
29.1,2025-09-08,3.584404255319149,47,2025-09-08T00:30:00Z,2025-09-09T00:00:00Z,TRUE
29.1,2025-09-09,3.3186666666666667,48,2025-09-09T00:30:00Z,2025-09-10T00:00:00Z,TRUE
29.1,2025-09-10,4.9629375,48,2025-09-10T00:30:00Z,2025-09-11T00:00:00Z,TRUE
29.1,2025-09-11,7.911458333333334,48,2025-09-11T00:30:00Z,2025-09-12T00:00:00Z,TRUE
29.1,2025-09-12,11.004291666666667,48,2025-09-12T00:30:00Z,2025-09-13T00:00:00Z,TRUE
29.1,2025-09-13,12.219041666666667,48,2025-09-13T00:30:00Z,2025-09-14T00:00:00Z,TRUE
29.1,2025-09-14,23.6440625,48,2025-09-14T00:30:00Z,2025-09-15T00:00:00Z,TRUE
29.1,2025-09-15,13.123583333333334,48,2025-09-15T00:30:00Z,2025-09-16T00:00:00Z,TRUE
29.1,2025-09-16,11.045166666666667,48,2025-09-16T00:30:00Z,2025-09-17T00:00:00Z,TRUE
29.1,2025-09-17,17.947104166666666,48,2025-09-17T00:30:00Z,2025-09-18T00:00:00Z,TRUE
29.1,2025-09-18,13.075520833333334,48,2025-09-18T00:30:00Z,2025-09-19T00:00:00Z,TRUE
29.1,2025-09-19,12.021041666666667,48,2025-09-19T00:30:00Z,2025-09-20T00:00:00Z,TRUE
29.1,2025-09-20,4.63775,48,2025-09-20T00:30:00Z,2025-09-21T00:00:00Z,TRUE
29.1,2025-09-21,8.999708333333334,48,2025-09-21T00:30:00Z,2025-09-22T00:00:00Z,TRUE
29.1,2025-09-22,13.43995238095238,42,2025-09-22T00:30:00Z,2025-09-23T00:00:00Z,TRUE
29.1,2025-09-23,8.168333333333333,48,2025-09-23T00:30:00Z,2025-09-24T00:00:00Z,TRUE
29.1,2025-09-24,11.909062500000001,48,2025-09-24T00:30:00Z,2025-09-25T00:00:00Z,TRUE
29.1,2025-09-25,17.644395833333334,48,2025-09-25T00:30:00Z,2025-09-26T00:00:00Z,TRUE
29.1,2025-09-26,22.151520833333333,48,2025-09-26T00:30:00Z,2025-09-27T00:00:00Z,TRUE
29.1,2025-09-27,10.1114375,48,2025-09-27T00:30:00Z,2025-09-28T00:00:00Z,TRUE
29.1,2025-09-28,10.888958333333333,48,2025-09-28T00:30:00Z,2025-09-29T00:00:00Z,TRUE
29.1,2025-09-29,9.005354166666667,48,2025-09-29T00:30:00Z,2025-09-30T00:00:00Z,TRUE
29.1,2025-09-30,10.106020833333332,48,2025-09-30T00:30:00Z,2025-10-01T00:00:00Z,TRUE
29.1,2025-10-01,3.2938125,48,2025-10-01T00:30:00Z,2025-10-02T00:00:00Z,TRUE
29.1,2025-10-02,2.753,48,2025-10-02T00:30:00Z,2025-10-03T00:00:00Z,TRUE
29.1,2025-10-03,6.1349375,48,2025-10-03T00:30:00Z,2025-10-04T00:00:00Z,TRUE
29.1,2025-10-04,11.1231875,48,2025-10-04T00:30:00Z,2025-10-05T00:00:00Z,TRUE
29.1,2025-10-05,8.589833333333333,48,2025-10-05T00:30:00Z,2025-10-06T00:00:00Z,TRUE
29.1,2025-10-06,3.6954375,48,2025-10-06T00:30:00Z,2025-10-07T00:00:00Z,TRUE
29.1,2025-10-07,5.886,44,2025-10-07T00:30:00Z,2025-10-07T22:30:00Z,TRUE
29.1,2025-10-08,1.4578260869565218,23,2025-10-08T13:00:00Z,2025-10-09T00:00:00Z,FALSE
29.1,2025-10-09,1.8336170212765956,47,2025-10-09T00:30:00Z,2025-10-10T00:00:00Z,TRUE
29.1,2025-10-10,2.807354166666667,48,2025-10-10T00:30:00Z,2025-10-11T00:00:00Z,TRUE
29.1,2025-10-11,3.158375,48,2025-10-11T00:30:00Z,2025-10-12T00:00:00Z,TRUE
29.1,2025-10-12,11.265354166666667,48,2025-10-12T00:30:00Z,2025-10-13T00:00:00Z,TRUE
29.1,2025-10-13,6.086708333333333,48,2025-10-13T00:30:00Z,2025-10-14T00:00:00Z,TRUE
29.1,2025-10-14,2.5759791666666665,48,2025-10-14T00:30:00Z,2025-10-15T00:00:00Z,TRUE
29.1,2025-10-15,1.7381041666666666,48,2025-10-15T00:30:00Z,2025-10-16T00:00:00Z,TRUE
29.1,2025-10-16,1.3612083333333334,48,2025-10-16T00:30:00Z,2025-10-17T00:00:00Z,TRUE
29.1,2025-10-17,2.9649787234042555,47,2025-10-17T00:30:00Z,2025-10-18T00:00:00Z,TRUE
29.1,2025-10-18,5.455733333333334,30,2025-10-18T00:30:00Z,2025-10-19T00:00:00Z,FALSE
29.1,2025-10-19,8.728604166666667,48,2025-10-19T00:30:00Z,2025-10-20T00:00:00Z,TRUE
29.1,2025-10-20,2.286,24,2025-10-20T00:30:00Z,2025-10-21T00:00:00Z,FALSE
29.1,2025-10-21,2.5837499999999998,48,2025-10-21T00:30:00Z,2025-10-22T00:00:00Z,TRUE
29.1,2025-10-22,2.2566875,48,2025-10-22T00:30:00Z,2025-10-23T00:00:00Z,TRUE
29.1,2025-10-23,3.0837499999999998,48,2025-10-23T00:30:00Z,2025-10-24T00:00:00Z,TRUE
29.1,2025-10-24,2.6647,20,2025-10-24T00:30:00Z,2025-10-25T00:00:00Z,FALSE
29.1,2025-10-25,3.2033255813953487,43,2025-10-25T00:30:00Z,2025-10-26T00:00:00Z,TRUE
29.1,2025-10-26,6.658145833333334,48,2025-10-26T00:30:00Z,2025-10-27T00:00:00Z,TRUE
29.1,2025-10-27,4.13025,48,2025-10-27T00:30:00Z,2025-10-28T00:00:00Z,TRUE
29.1,2025-10-28,2.7491666666666665,48,2025-10-28T00:30:00Z,2025-10-29T00:00:00Z,TRUE
29.1,2025-10-29,3.2418958333333334,48,2025-10-29T00:30:00Z,2025-10-30T00:00:00Z,TRUE
29.1,2025-10-30,5.007333333333333,48,2025-10-30T00:30:00Z,2025-10-31T00:00:00Z,TRUE
29.1,2025-10-31,3.66575,48,2025-10-31T00:30:00Z,2025-11-01T00:00:00Z,TRUE
29.1,2025-11-01,10.38975,48,2025-11-01T00:30:00Z,2025-11-02T00:00:00Z,TRUE
29.1,2025-11-02,20.060645833333332,48,2025-11-02T00:30:00Z,2025-11-03T00:00:00Z,TRUE
29.1,2025-11-03,15.774125000000003,48,2025-11-03T00:30:00Z,2025-11-04T00:00:00Z,TRUE
29.1,2025-11-04,2.2254583333333335,48,2025-11-04T00:30:00Z,2025-11-05T00:00:00Z,TRUE
29.1,2025-11-05,5.464291666666667,48,2025-11-05T00:30:00Z,2025-11-06T00:00:00Z,TRUE
29.1,2025-11-06,2.3924375,48,2025-11-06T00:30:00Z,2025-11-07T00:00:00Z,TRUE
29.1,2025-11-07,9.734479166666667,48,2025-11-07T00:30:00Z,2025-11-08T00:00:00Z,TRUE
29.1,2025-11-08,13.2445,48,2025-11-08T00:30:00Z,2025-11-09T00:00:00Z,TRUE
29.1,2025-11-09,12.065604166666667,48,2025-11-09T00:30:00Z,2025-11-10T00:00:00Z,TRUE
29.1,2025-11-10,1.9493333333333334,48,2025-11-10T00:30:00Z,2025-11-11T00:00:00Z,TRUE
29.1,2025-11-11,5.315333333333333,48,2025-11-11T00:30:00Z,2025-11-12T00:00:00Z,TRUE
29.1,2025-11-12,4.166708333333333,48,2025-11-12T00:30:00Z,2025-11-13T00:00:00Z,TRUE
29.1,2025-11-13,3.1870416666666666,48,2025-11-13T00:30:00Z,2025-11-14T00:00:00Z,TRUE
29.1,2025-11-14,7.3958125,48,2025-11-14T00:30:00Z,2025-11-15T00:00:00Z,TRUE
29.1,2025-11-15,17.330416666666665,48,2025-11-15T00:30:00Z,2025-11-16T00:00:00Z,TRUE
29.1,2025-11-16,3.2924583333333333,48,2025-11-16T00:30:00Z,2025-11-17T00:00:00Z,TRUE
29.1,2025-11-17,1.6670625000000001,48,2025-11-17T00:30:00Z,2025-11-18T00:00:00Z,TRUE
29.1,2025-11-18,8.381083333333333,48,2025-11-18T00:30:00Z,2025-11-19T00:00:00Z,TRUE
29.1,2025-11-19,16.078500000000002,48,2025-11-19T00:30:00Z,2025-11-20T00:00:00Z,TRUE
29.1,2025-11-20,27.692,48,2025-11-20T00:30:00Z,2025-11-21T00:00:00Z,TRUE
29.1,2025-11-21,26.32225,48,2025-11-21T00:30:00Z,2025-11-22T00:00:00Z,TRUE
29.1,2025-11-22,22.65079166666667,48,2025-11-22T00:30:00Z,2025-11-23T00:00:00Z,TRUE
29.1,2025-11-23,11.720604166666666,48,2025-11-23T00:30:00Z,2025-11-24T00:00:00Z,TRUE
29.1,2025-11-24,5.752375,48,2025-11-24T00:30:00Z,2025-11-25T00:00:00Z,TRUE
29.1,2025-11-25,9.1053125,48,2025-11-25T00:30:00Z,2025-11-26T00:00:00Z,TRUE
29.1,2025-11-26,10.138,48,2025-11-26T00:30:00Z,2025-11-27T00:00:00Z,TRUE
29.1,2025-11-27,3.5243191489361703,47,2025-11-27T00:30:00Z,2025-11-28T00:00:00Z,TRUE
29.1,2025-11-28,4.1419999999999995,48,2025-11-28T00:30:00Z,2025-11-29T00:00:00Z,TRUE
29.1,2025-11-29,4.497625,48,2025-11-29T00:30:00Z,2025-11-30T00:00:00Z,TRUE
29.1,2025-11-30,8.599354166666666,48,2025-11-30T00:30:00Z,2025-12-01T00:00:00Z,TRUE
29.1,2025-12-01,4.854104166666667,48,2025-12-01T00:30:00Z,2025-12-02T00:00:00Z,TRUE
29.1,2025-12-02,20.911489361702127,47,2025-12-02T00:30:00Z,2025-12-03T00:00:00Z,TRUE
29.1,2025-12-03,23.499270833333334,48,2025-12-03T00:30:00Z,2025-12-04T00:00:00Z,TRUE
29.1,2025-12-04,21.432617021276595,47,2025-12-04T00:30:00Z,2025-12-05T00:00:00Z,TRUE
29.1,2025-12-05,8.097288888888889,45,2025-12-05T00:30:00Z,2025-12-06T00:00:00Z,TRUE
29.1,2025-12-06,27.755729166666665,48,2025-12-06T00:30:00Z,2025-12-07T00:00:00Z,TRUE
29.1,2025-12-07,23.900020833333333,48,2025-12-07T00:30:00Z,2025-12-08T00:00:00Z,TRUE
29.1,2025-12-08,3.355645833333333,48,2025-12-08T00:30:00Z,2025-12-09T00:00:00Z,TRUE
29.1,2025-12-09,6.7474791666666665,48,2025-12-09T00:30:00Z,2025-12-10T00:00:00Z,TRUE
29.1,2025-12-10,12.007604166666667,48,2025-12-10T00:30:00Z,2025-12-11T00:00:00Z,TRUE
29.1,2025-12-11,3.085851063829787,47,2025-12-11T00:30:00Z,2025-12-12T00:00:00Z,TRUE
29.1,2025-12-12,6.078166666666666,48,2025-12-12T00:30:00Z,2025-12-13T00:00:00Z,TRUE
29.1,2025-12-13,22.74416666666667,48,2025-12-13T00:30:00Z,2025-12-14T00:00:00Z,TRUE
29.1,2025-12-14,6.446229166666667,48,2025-12-14T00:30:00Z,2025-12-15T00:00:00Z,TRUE
29.1,2025-12-15,8.203333333333333,48,2025-12-15T00:30:00Z,2025-12-16T00:00:00Z,TRUE
29.1,2025-12-16,9.375541666666667,48,2025-12-16T00:30:00Z,2025-12-17T00:00:00Z,TRUE
29.1,2025-12-17,12.751125,48,2025-12-17T00:30:00Z,2025-12-18T00:00:00Z,TRUE
29.1,2025-12-18,12.417229166666665,48,2025-12-18T00:30:00Z,2025-12-19T00:00:00Z,TRUE
29.1,2025-12-19,4.882405405405406,37,2025-12-19T00:30:00Z,2025-12-20T00:00:00Z,TRUE
29.1,2025-12-20,6.003377777777778,45,2025-12-20T00:30:00Z,2025-12-21T00:00:00Z,TRUE
29.1,2025-12-21,4.4580625,48,2025-12-21T00:30:00Z,2025-12-22T00:00:00Z,TRUE
29.1,2025-12-22,9.552333333333333,45,2025-12-22T00:30:00Z,2025-12-23T00:00:00Z,TRUE
29.1,2025-12-23,14.396166666666666,36,2025-12-23T00:30:00Z,2025-12-24T00:00:00Z,TRUE
29.1,2025-12-24,20.597128205128204,39,2025-12-24T00:30:00Z,2025-12-25T00:00:00Z,TRUE
29.1,2025-12-25,19.832048780487806,41,2025-12-25T00:30:00Z,2025-12-26T00:00:00Z,TRUE
29.1,2025-12-26,10.421305555555556,36,2025-12-26T00:30:00Z,2025-12-26T18:00:00Z,TRUE
29.1,2025-12-27,10.288738095238095,42,2025-12-27T03:30:00Z,2025-12-28T00:00:00Z,TRUE
29.1,2025-12-28,27.40848484848485,33,2025-12-28T00:30:00Z,2025-12-29T00:00:00Z,FALSE
29.1,2025-12-29,4.390106382978724,47,2025-12-29T00:30:00Z,2025-12-30T00:00:00Z,TRUE
29.1,2025-12-30,4.0085,48,2025-12-30T00:30:00Z,2025-12-31T00:00:00Z,TRUE
29.1,2025-12-31,14.186510638297872,47,2025-12-31T00:30:00Z,2025-12-31T23:30:00Z,TRUE
30.1_17.1,2024-11-13,1.9089166666666666,12,2024-11-13T18:30:00Z,2024-11-14T00:00:00Z,FALSE
30.1_17.1,2024-11-14,5.0091875,48,2024-11-14T00:30:00Z,2024-11-15T00:00:00Z,TRUE
30.1_17.1,2024-11-15,33.97047826086956,46,2024-11-15T00:30:00Z,2024-11-16T00:00:00Z,TRUE
30.1_17.1,2024-11-16,4.4948958333333335,48,2024-11-16T00:30:00Z,2024-11-17T00:00:00Z,TRUE
30.1_17.1,2024-11-17,14.22782857142857,35,2024-11-17T00:30:00Z,2024-11-17T23:30:00Z,FALSE
30.1_17.1,2024-11-18,17.333153846153845,13,2024-11-18T01:30:00Z,2024-11-18T20:30:00Z,FALSE
30.1_17.1,2024-11-19,19.294249999999998,20,2024-11-19T01:30:00Z,2024-11-20T00:00:00Z,FALSE
30.1_17.1,2024-11-20,18.780555555555555,27,2024-11-20T04:00:00Z,2024-11-20T21:00:00Z,FALSE
30.1_17.1,2024-11-21,4.86554761904762,42,2024-11-21T00:30:00Z,2024-11-22T00:00:00Z,TRUE
30.1_17.1,2024-11-22,5.899413043478261,46,2024-11-22T00:30:00Z,2024-11-23T00:00:00Z,TRUE
30.1_17.1,2024-11-23,1.649264705882353,34,2024-11-23T00:30:00Z,2024-11-23T23:30:00Z,FALSE
30.1_17.1,2024-11-24,16.887810810810812,37,2024-11-24T04:30:00Z,2024-11-25T00:00:00Z,TRUE
30.1_17.1,2024-11-25,17.1931875,48,2024-11-25T00:30:00Z,2024-11-26T00:00:00Z,TRUE
30.1_17.1,2024-11-26,11.724297872340426,47,2024-11-26T00:30:00Z,2024-11-27T00:00:00Z,TRUE
30.1_17.1,2024-11-27,7.426868421052632,38,2024-11-27T00:30:00Z,2024-11-28T00:00:00Z,TRUE
30.1_17.1,2024-11-28,11.228955555555556,45,2024-11-28T00:30:00Z,2024-11-29T00:00:00Z,TRUE
30.1_17.1,2024-11-29,8.205423076923076,26,2024-11-29T00:30:00Z,2024-11-29T23:30:00Z,FALSE
30.1_17.1,2024-11-30,8.84545,20,2024-11-30T01:00:00Z,2024-11-30T19:30:00Z,FALSE
30.1_17.1,2024-12-01,6.512833333333333,30,2024-12-01T01:00:00Z,2024-12-01T22:30:00Z,FALSE
30.1_17.1,2024-12-02,9.872,38,2024-12-02T00:30:00Z,2024-12-03T00:00:00Z,TRUE
30.1_17.1,2024-12-03,15.995125,48,2024-12-03T00:30:00Z,2024-12-04T00:00:00Z,TRUE
30.1_17.1,2024-12-04,13.519124999999999,48,2024-12-04T00:30:00Z,2024-12-05T00:00:00Z,TRUE
30.1_17.1,2024-12-05,7.090472222222221,36,2024-12-05T00:30:00Z,2024-12-06T00:00:00Z,TRUE
30.1_17.1,2024-12-06,4.814390243902439,41,2024-12-06T00:30:00Z,2024-12-07T00:00:00Z,TRUE
30.1_17.1,2024-12-07,4.631425531914894,47,2024-12-07T00:30:00Z,2024-12-08T00:00:00Z,TRUE
30.1_17.1,2024-12-08,6.7649791666666665,48,2024-12-08T00:30:00Z,2024-12-09T00:00:00Z,TRUE
30.1_17.1,2024-12-09,8.63334090909091,44,2024-12-09T00:30:00Z,2024-12-10T00:00:00Z,TRUE
30.1_17.1,2024-12-10,39.0478,45,2024-12-10T00:30:00Z,2024-12-10T23:30:00Z,TRUE
30.1_17.1,2024-12-11,25.67075,48,2024-12-11T00:30:00Z,2024-12-12T00:00:00Z,TRUE
30.1_17.1,2024-12-12,4.902571428571429,35,2024-12-12T00:30:00Z,2024-12-13T00:00:00Z,FALSE
30.1_17.1,2024-12-13,5.08503125,32,2024-12-13T00:30:00Z,2024-12-13T23:30:00Z,FALSE
30.1_17.1,2024-12-14,10.043410256410256,39,2024-12-14T00:30:00Z,2024-12-15T00:00:00Z,TRUE
30.1_17.1,2024-12-15,17.933311111111113,45,2024-12-15T00:30:00Z,2024-12-16T00:00:00Z,TRUE
30.1_17.1,2024-12-16,26.724023809523807,42,2024-12-16T00:30:00Z,2024-12-17T00:00:00Z,TRUE
30.1_17.1,2024-12-17,8.416533333333334,15,2024-12-17T00:30:00Z,2024-12-17T16:00:00Z,FALSE
30.1_17.1,2024-12-18,38.321064516129034,31,2024-12-18T02:00:00Z,2024-12-19T00:00:00Z,FALSE
30.1_17.1,2024-12-19,8.811933333333334,15,2024-12-19T00:30:00Z,2024-12-19T14:30:00Z,FALSE
30.1_17.1,2024-12-20,19.299733333333332,30,2024-12-20T00:30:00Z,2024-12-21T00:00:00Z,FALSE
30.1_17.1,2024-12-21,3.9411666666666667,18,2024-12-21T00:30:00Z,2024-12-21T22:00:00Z,FALSE
30.1_17.1,2024-12-22,3.00875,32,2024-12-22T05:00:00Z,2024-12-23T00:00:00Z,FALSE
30.1_17.1,2024-12-23,7.236750000000001,40,2024-12-23T00:30:00Z,2024-12-24T00:00:00Z,TRUE
30.1_17.1,2024-12-24,19.156975609756095,41,2024-12-24T00:30:00Z,2024-12-24T23:30:00Z,TRUE
30.1_17.1,2024-12-25,28.949410256410257,39,2024-12-25T00:30:00Z,2024-12-26T00:00:00Z,TRUE
30.1_17.1,2024-12-26,12.802146341463414,41,2024-12-26T00:30:00Z,2024-12-26T23:30:00Z,TRUE
30.1_17.1,2024-12-27,12.773,43,2024-12-27T00:30:00Z,2024-12-28T00:00:00Z,TRUE
30.1_17.1,2024-12-28,7.11848717948718,39,2024-12-28T00:30:00Z,2024-12-29T00:00:00Z,TRUE
30.1_17.1,2024-12-29,13.525465116279069,43,2024-12-29T00:30:00Z,2024-12-29T23:00:00Z,TRUE
30.1_17.1,2024-12-30,3.961805555555556,36,2024-12-30T00:30:00Z,2024-12-30T22:30:00Z,TRUE
30.1_17.1,2024-12-31,12.093243902439024,41,2024-12-31T01:00:00Z,2025-01-01T00:00:00Z,TRUE
30.1_17.1,2025-01-01,9.813447368421052,38,2025-01-01T00:30:00Z,2025-01-01T23:30:00Z,TRUE
30.1_17.1,2025-01-02,9.6945,30,2025-01-02T00:30:00Z,2025-01-03T00:00:00Z,FALSE
30.1_17.1,2025-01-03,12.367033333333334,30,2025-01-03T00:30:00Z,2025-01-03T23:00:00Z,FALSE
30.1_17.1,2025-01-04,2.76065,40,2025-01-04T00:30:00Z,2025-01-05T00:00:00Z,TRUE
30.1_17.1,2025-01-05,7.691023809523809,42,2025-01-05T01:00:00Z,2025-01-06T00:00:00Z,TRUE
30.1_17.1,2025-01-06,8.656304347826087,23,2025-01-06T01:00:00Z,2025-01-07T00:00:00Z,FALSE
30.1_17.1,2025-01-07,1.994764705882353,34,2025-01-07T00:30:00Z,2025-01-08T00:00:00Z,FALSE
30.1_17.1,2025-01-08,2.7761515151515153,33,2025-01-08T00:30:00Z,2025-01-09T00:00:00Z,FALSE
30.1_17.1,2025-01-09,3.17337037037037,27,2025-01-09T01:00:00Z,2025-01-10T00:00:00Z,FALSE
30.1_17.1,2025-01-10,13.456285714285714,21,2025-01-10T00:30:00Z,2025-01-11T00:00:00Z,FALSE
30.1_17.1,2025-01-11,31.32374193548387,31,2025-01-11T01:00:00Z,2025-01-12T00:00:00Z,FALSE
30.1_17.1,2025-01-12,26.02570588235294,34,2025-01-12T00:30:00Z,2025-01-13T00:00:00Z,FALSE
30.1_17.1,2025-01-13,7.773666666666667,36,2025-01-13T01:00:00Z,2025-01-14T00:00:00Z,TRUE
30.1_17.1,2025-01-14,4.794666666666666,39,2025-01-14T00:30:00Z,2025-01-15T00:00:00Z,TRUE
30.1_17.1,2025-01-15,5.417258064516129,31,2025-01-15T00:30:00Z,2025-01-15T23:30:00Z,FALSE
30.1_17.1,2025-01-16,18.285810810810812,37,2025-01-16T00:30:00Z,2025-01-17T00:00:00Z,TRUE
30.1_17.1,2025-01-17,30.222129032258064,31,2025-01-17T00:30:00Z,2025-01-18T00:00:00Z,FALSE
30.1_17.1,2025-01-18,6.4806923076923075,39,2025-01-18T00:30:00Z,2025-01-18T23:30:00Z,TRUE
30.1_17.1,2025-01-19,3.013272727272727,33,2025-01-19T00:30:00Z,2025-01-20T00:00:00Z,FALSE
30.1_17.1,2025-01-20,3.67035,40,2025-01-20T00:30:00Z,2025-01-21T00:00:00Z,TRUE
30.1_17.1,2025-01-21,3.6107073170731705,41,2025-01-21T00:30:00Z,2025-01-22T00:00:00Z,TRUE
30.1_17.1,2025-01-22,3.82197619047619,42,2025-01-22T00:30:00Z,2025-01-23T00:00:00Z,TRUE
30.1_17.1,2025-01-23,7.382870967741935,31,2025-01-23T00:30:00Z,2025-01-24T00:00:00Z,FALSE
30.1_17.1,2025-01-24,5.6446,25,2025-01-24T01:30:00Z,2025-01-24T23:30:00Z,FALSE
30.1_17.1,2025-01-25,13.965935483870968,31,2025-01-25T01:00:00Z,2025-01-25T23:30:00Z,FALSE
30.1_17.1,2025-01-26,8.124600000000001,15,2025-01-26T01:30:00Z,2025-01-26T17:30:00Z,FALSE
30.1_17.1,2025-01-27,5.3323,40,2025-01-27T01:00:00Z,2025-01-28T00:00:00Z,TRUE
30.1_17.1,2025-01-28,5.062222222222222,27,2025-01-28T00:30:00Z,2025-01-28T23:30:00Z,FALSE
30.1_17.1,2025-01-29,4.420259259259259,27,2025-01-29T01:00:00Z,2025-01-29T17:30:00Z,FALSE
30.1_17.1,2025-01-30,5.876666666666666,24,2025-01-30T03:00:00Z,2025-01-30T23:30:00Z,FALSE
30.1_17.1,2025-01-31,14.974081081081083,37,2025-01-31T01:00:00Z,2025-02-01T00:00:00Z,TRUE
30.1_17.1,2025-02-01,35.474041666666665,24,2025-02-01T00:30:00Z,2025-02-01T23:30:00Z,FALSE
30.1_17.1,2025-02-02,8.023972972972972,37,2025-02-02T01:00:00Z,2025-02-02T23:00:00Z,TRUE
30.1_17.1,2025-02-03,57.916999999999994,36,2025-02-03T00:30:00Z,2025-02-04T00:00:00Z,TRUE
30.1_17.1,2025-02-04,9.348857142857144,14,2025-02-04T04:00:00Z,2025-02-04T23:30:00Z,FALSE
30.1_17.1,2025-02-05,4.098470588235294,17,2025-02-05T04:30:00Z,2025-02-05T22:30:00Z,FALSE
30.1_17.1,2025-02-06,15.040722222222222,36,2025-02-06T00:30:00Z,2025-02-07T00:00:00Z,TRUE
30.1_17.1,2025-02-07,5.165,23,2025-02-07T00:30:00Z,2025-02-08T00:00:00Z,FALSE
30.1_17.1,2025-02-08,10.183375,40,2025-02-08T00:30:00Z,2025-02-08T23:30:00Z,TRUE
30.1_17.1,2025-02-09,21.491481481481483,27,2025-02-09T00:30:00Z,2025-02-09T20:30:00Z,FALSE
30.1_17.1,2025-02-10,6.2797,20,2025-02-10T01:00:00Z,2025-02-10T16:30:00Z,FALSE
30.1_17.1,2025-02-11,20.551766666666666,30,2025-02-11T01:00:00Z,2025-02-12T00:00:00Z,FALSE
30.1_17.1,2025-02-12,22.083135135135137,37,2025-02-12T00:30:00Z,2025-02-12T23:30:00Z,TRUE
30.1_17.1,2025-02-13,18.904432432432433,37,2025-02-13T01:00:00Z,2025-02-14T00:00:00Z,TRUE
30.1_17.1,2025-02-14,7.673970588235294,34,2025-02-14T00:30:00Z,2025-02-15T00:00:00Z,FALSE
30.1_17.1,2025-02-15,12.777166666666666,42,2025-02-15T01:30:00Z,2025-02-16T00:00:00Z,TRUE
30.1_17.1,2025-02-16,30.69063636363636,33,2025-02-16T01:00:00Z,2025-02-17T00:00:00Z,FALSE
30.1_17.1,2025-02-17,5.012282051282051,39,2025-02-17T00:30:00Z,2025-02-18T00:00:00Z,TRUE
30.1_17.1,2025-02-18,3.6222173913043476,23,2025-02-18T00:30:00Z,2025-02-18T22:00:00Z,FALSE
30.1_17.1,2025-02-19,2.27075,4,2025-02-19T06:00:00Z,2025-02-19T12:00:00Z,FALSE
30.1_17.1,2025-02-20,4.3261111111111115,9,2025-02-20T01:00:00Z,2025-02-20T10:00:00Z,FALSE
30.1_17.1,2025-02-21,4.283857142857143,7,2025-02-21T04:30:00Z,2025-02-22T00:00:00Z,FALSE
30.1_17.1,2025-02-22,12.129722222222222,18,2025-02-22T00:30:00Z,2025-02-23T00:00:00Z,FALSE
30.1_17.1,2025-02-23,8.78376923076923,26,2025-02-23T00:30:00Z,2025-02-23T19:00:00Z,FALSE
30.1_17.1,2025-02-24,12.1009375,16,2025-02-24T01:00:00Z,2025-02-24T21:30:00Z,FALSE
30.1_17.1,2025-02-25,8.966181818181818,22,2025-02-25T00:30:00Z,2025-02-25T19:00:00Z,FALSE
30.1_17.1,2025-02-26,11.500166666666667,18,2025-02-26T02:00:00Z,2025-02-27T00:00:00Z,FALSE
30.1_17.1,2025-02-27,47.68222580645161,31,2025-02-27T00:30:00Z,2025-02-27T17:30:00Z,FALSE
30.1_17.1,2025-02-28,1.947,3,2025-02-28T23:00:00Z,2025-03-01T00:00:00Z,FALSE
30.1_17.1,2025-03-01,2.36305,40,2025-03-01T00:30:00Z,2025-03-02T00:00:00Z,TRUE
30.1_17.1,2025-03-02,3.0597105263157895,38,2025-03-02T00:30:00Z,2025-03-02T23:30:00Z,TRUE
30.1_17.1,2025-03-03,7.23725,16,2025-03-03T00:30:00Z,2025-03-03T11:30:00Z,FALSE
30.1_17.1,2025-03-04,5.770551724137931,29,2025-03-04T05:00:00Z,2025-03-05T00:00:00Z,FALSE
30.1_17.1,2025-03-05,4.487157894736842,38,2025-03-05T01:00:00Z,2025-03-06T00:00:00Z,TRUE
30.1_17.1,2025-03-06,2.1676969696969697,33,2025-03-06T00:30:00Z,2025-03-06T21:30:00Z,FALSE
30.1_17.1,2025-03-07,3.85725,16,2025-03-07T05:00:00Z,2025-03-07T16:00:00Z,FALSE
30.1_17.1,2025-03-08,17.971826086956522,23,2025-03-08T02:30:00Z,2025-03-08T15:30:00Z,FALSE
30.1_17.1,2025-03-09,4.092375,24,2025-03-09T02:30:00Z,2025-03-09T22:00:00Z,FALSE
30.1_17.1,2025-03-10,4.367266666666667,15,2025-03-10T09:00:00Z,2025-03-10T22:30:00Z,FALSE
30.1_17.1,2025-03-12,2.177888888888889,9,2025-03-12T05:30:00Z,2025-03-12T13:00:00Z,FALSE
30.1_17.1,2025-03-13,7.193866666666667,15,2025-03-13T03:00:00Z,2025-03-13T15:30:00Z,FALSE
30.1_17.1,2025-03-14,11.319972972972973,37,2025-03-14T03:00:00Z,2025-03-15T00:00:00Z,TRUE
30.1_17.1,2025-03-15,10.306463414634147,41,2025-03-15T00:30:00Z,2025-03-16T00:00:00Z,TRUE
30.1_17.1,2025-03-16,6.405827586206897,29,2025-03-16T02:00:00Z,2025-03-17T00:00:00Z,FALSE
30.1_17.1,2025-03-17,3.6693703703703706,27,2025-03-17T01:30:00Z,2025-03-18T00:00:00Z,FALSE
30.1_17.1,2025-03-18,5.23209090909091,33,2025-03-18T01:00:00Z,2025-03-19T00:00:00Z,FALSE
30.1_17.1,2025-03-19,5.331846153846154,39,2025-03-19T01:00:00Z,2025-03-20T00:00:00Z,TRUE
30.1_17.1,2025-03-20,4.206066666666667,30,2025-03-20T00:30:00Z,2025-03-21T00:00:00Z,FALSE
30.1_17.1,2025-03-21,1.9130666666666667,15,2025-03-21T00:30:00Z,2025-03-21T14:00:00Z,FALSE
30.1_17.1,2025-03-22,3.8414642857142853,28,2025-03-22T02:00:00Z,2025-03-22T23:00:00Z,FALSE
30.1_17.1,2025-03-23,5.7623,30,2025-03-23T02:00:00Z,2025-03-23T23:30:00Z,FALSE
30.1_17.1,2025-03-24,6.200928571428571,28,2025-03-24T00:30:00Z,2025-03-25T00:00:00Z,FALSE
30.1_17.1,2025-03-25,6.7485,8,2025-03-25T00:30:00Z,2025-03-26T00:00:00Z,FALSE
30.1_17.1,2025-03-26,2.857428571428571,21,2025-03-26T00:30:00Z,2025-03-26T21:00:00Z,FALSE
30.1_17.1,2025-03-27,8.173529411764706,17,2025-03-27T02:00:00Z,2025-03-28T00:00:00Z,FALSE
30.1_17.1,2025-03-28,8.624941176470589,17,2025-03-28T00:30:00Z,2025-03-28T18:00:00Z,FALSE
31.2,2025-10-08,2.034375,8,2025-10-08T16:00:00Z,2025-10-09T00:00:00Z,FALSE
31.2,2025-10-09,2.450341463414634,41,2025-10-09T00:30:00Z,2025-10-10T00:00:00Z,TRUE
31.2,2025-10-10,4.043386363636364,44,2025-10-10T00:30:00Z,2025-10-11T00:00:00Z,TRUE
31.2,2025-10-11,2.70525,44,2025-10-11T00:30:00Z,2025-10-12T00:00:00Z,TRUE
31.2,2025-10-12,9.131,45,2025-10-12T00:30:00Z,2025-10-13T00:00:00Z,TRUE
31.2,2025-10-13,6.840782608695653,46,2025-10-13T00:30:00Z,2025-10-14T00:00:00Z,TRUE
31.2,2025-10-14,2.9858048780487803,41,2025-10-14T00:30:00Z,2025-10-14T23:30:00Z,TRUE
31.2,2025-10-15,1.8402558139534884,43,2025-10-15T00:30:00Z,2025-10-16T00:00:00Z,TRUE
31.2,2025-10-16,1.6417391304347826,46,2025-10-16T00:30:00Z,2025-10-17T00:00:00Z,TRUE
31.2,2025-10-17,3.639404761904762,42,2025-10-17T00:30:00Z,2025-10-18T00:00:00Z,TRUE
31.2,2025-10-18,5.926604651162791,43,2025-10-18T00:30:00Z,2025-10-19T00:00:00Z,TRUE
31.2,2025-10-19,9.700181818181818,44,2025-10-19T00:30:00Z,2025-10-20T00:00:00Z,TRUE
31.2,2025-10-20,2.255025641025641,39,2025-10-20T00:30:00Z,2025-10-21T00:00:00Z,TRUE
31.2,2025-10-21,3.381022727272727,44,2025-10-21T00:30:00Z,2025-10-22T00:00:00Z,TRUE
31.2,2025-10-22,2.943911111111111,45,2025-10-22T00:30:00Z,2025-10-23T00:00:00Z,TRUE
31.2,2025-10-23,3.7158,45,2025-10-23T00:30:00Z,2025-10-24T00:00:00Z,TRUE
31.2,2025-10-24,4.16005,40,2025-10-24T00:30:00Z,2025-10-25T00:00:00Z,TRUE
31.2,2025-10-25,3.2605625,48,2025-10-25T00:30:00Z,2025-10-26T00:00:00Z,TRUE
31.2,2025-10-26,9.533652173913042,46,2025-10-26T00:30:00Z,2025-10-27T00:00:00Z,TRUE
31.2,2025-10-27,3.930409090909091,44,2025-10-27T00:30:00Z,2025-10-28T00:00:00Z,TRUE
31.2,2025-10-28,4.500717391304348,46,2025-10-28T00:30:00Z,2025-10-29T00:00:00Z,TRUE
31.2,2025-10-29,4.102289473684211,38,2025-10-29T00:30:00Z,2025-10-30T00:00:00Z,TRUE
31.2,2025-10-30,3.3135434782608697,46,2025-10-30T00:30:00Z,2025-10-31T00:00:00Z,TRUE
31.2,2025-10-31,3.224723404255319,47,2025-10-31T00:30:00Z,2025-11-01T00:00:00Z,TRUE
31.2,2025-11-01,10.572272727272727,44,2025-11-01T00:30:00Z,2025-11-02T00:00:00Z,TRUE
31.2,2025-11-02,20.369659090909092,44,2025-11-02T00:30:00Z,2025-11-03T00:00:00Z,TRUE
31.2,2025-11-03,13.393833333333333,48,2025-11-03T00:30:00Z,2025-11-04T00:00:00Z,TRUE
31.2,2025-11-04,2.564477272727273,44,2025-11-04T00:30:00Z,2025-11-05T00:00:00Z,TRUE
31.2,2025-11-05,6.101829787234043,47,2025-11-05T00:30:00Z,2025-11-06T00:00:00Z,TRUE
31.2,2025-11-06,2.3709555555555557,45,2025-11-06T00:30:00Z,2025-11-07T00:00:00Z,TRUE
31.2,2025-11-07,8.513842105263159,38,2025-11-07T01:00:00Z,2025-11-07T23:30:00Z,TRUE
31.2,2025-11-08,10.85584090909091,44,2025-11-08T00:30:00Z,2025-11-09T00:00:00Z,TRUE
31.2,2025-11-09,12.893954545454546,44,2025-11-09T00:30:00Z,2025-11-10T00:00:00Z,TRUE
31.2,2025-11-10,1.7164255319148936,47,2025-11-10T00:30:00Z,2025-11-11T00:00:00Z,TRUE
31.2,2025-11-11,5.870891304347826,46,2025-11-11T00:30:00Z,2025-11-12T00:00:00Z,TRUE
31.2,2025-11-12,4.259325581395349,43,2025-11-12T00:30:00Z,2025-11-13T00:00:00Z,TRUE
31.2,2025-11-13,3.155413043478261,46,2025-11-13T00:30:00Z,2025-11-14T00:00:00Z,TRUE
31.2,2025-11-14,8.297068181818181,44,2025-11-14T00:30:00Z,2025-11-15T00:00:00Z,TRUE
31.2,2025-11-15,14.61511111111111,45,2025-11-15T00:30:00Z,2025-11-16T00:00:00Z,TRUE
31.2,2025-11-16,3.8097,40,2025-11-16T00:30:00Z,2025-11-17T00:00:00Z,TRUE
31.2,2025-11-17,2.079772727272727,44,2025-11-17T00:30:00Z,2025-11-18T00:00:00Z,TRUE
31.2,2025-11-18,10.804340909090909,44,2025-11-18T00:30:00Z,2025-11-19T00:00:00Z,TRUE
31.2,2025-11-19,14.954931818181818,44,2025-11-19T01:00:00Z,2025-11-20T00:00:00Z,TRUE
31.2,2025-11-20,29.090756097560977,41,2025-11-20T01:00:00Z,2025-11-21T00:00:00Z,TRUE
31.2,2025-11-21,27.58511904761905,42,2025-11-21T02:30:00Z,2025-11-22T00:00:00Z,TRUE
31.2,2025-11-22,23.61406666666667,45,2025-11-22T00:30:00Z,2025-11-23T00:00:00Z,TRUE
31.2,2025-11-23,11.52375,44,2025-11-23T00:30:00Z,2025-11-24T00:00:00Z,TRUE
31.2,2025-11-24,5.1639333333333335,45,2025-11-24T00:30:00Z,2025-11-25T00:00:00Z,TRUE
31.2,2025-11-25,9.100125,48,2025-11-25T00:30:00Z,2025-11-26T00:00:00Z,TRUE
31.2,2025-11-26,9.926318181818182,44,2025-11-26T00:30:00Z,2025-11-27T00:00:00Z,TRUE
31.2,2025-11-27,4.249956521739131,46,2025-11-27T01:00:00Z,2025-11-28T00:00:00Z,TRUE
31.2,2025-11-28,3.8320285714285713,35,2025-11-28T00:30:00Z,2025-11-28T23:30:00Z,FALSE
31.2,2025-11-29,4.306261904761905,42,2025-11-29T00:30:00Z,2025-11-30T00:00:00Z,TRUE
31.2,2025-11-30,10.2585,44,2025-11-30T00:30:00Z,2025-12-01T00:00:00Z,TRUE
31.2,2025-12-01,4.3882619047619045,42,2025-12-01T00:30:00Z,2025-12-02T00:00:00Z,TRUE
31.2,2025-12-02,11.811219512195121,41,2025-12-02T00:30:00Z,2025-12-03T00:00:00Z,TRUE
31.2,2025-12-03,21.16821739130435,46,2025-12-03T00:30:00Z,2025-12-04T00:00:00Z,TRUE
31.2,2025-12-04,21.21258536585366,41,2025-12-04T00:30:00Z,2025-12-05T00:00:00Z,TRUE
31.2,2025-12-05,8.171309523809525,42,2025-12-05T00:30:00Z,2025-12-06T00:00:00Z,TRUE
31.2,2025-12-06,26.1857,40,2025-12-06T00:30:00Z,2025-12-07T00:00:00Z,TRUE
31.2,2025-12-07,22.83682222222222,45,2025-12-07T00:30:00Z,2025-12-08T00:00:00Z,TRUE
31.2,2025-12-08,3.0522727272727272,44,2025-12-08T00:30:00Z,2025-12-09T00:00:00Z,TRUE
31.2,2025-12-09,7.193866666666667,45,2025-12-09T00:30:00Z,2025-12-10T00:00:00Z,TRUE
31.2,2025-12-10,10.309522727272727,44,2025-12-10T00:30:00Z,2025-12-10T23:30:00Z,TRUE
31.2,2025-12-11,2.5603658536585368,41,2025-12-11T00:30:00Z,2025-12-12T00:00:00Z,TRUE
31.2,2025-12-12,5.668435897435898,39,2025-12-12T00:30:00Z,2025-12-13T00:00:00Z,TRUE
31.2,2025-12-13,18.350717391304347,46,2025-12-13T00:30:00Z,2025-12-14T00:00:00Z,TRUE
31.2,2025-12-14,2.946604166666667,48,2025-12-14T00:30:00Z,2025-12-15T00:00:00Z,TRUE
31.2,2025-12-15,7.8473125,48,2025-12-15T00:30:00Z,2025-12-16T00:00:00Z,TRUE
31.2,2025-12-16,8.103195652173913,46,2025-12-16T00:30:00Z,2025-12-17T00:00:00Z,TRUE
31.2,2025-12-17,11.604093023255814,43,2025-12-17T00:30:00Z,2025-12-18T00:00:00Z,TRUE
31.2,2025-12-18,14.59505,40,2025-12-18T00:30:00Z,2025-12-19T00:00:00Z,TRUE
31.2,2025-12-19,6.437285714285714,42,2025-12-19T00:30:00Z,2025-12-20T00:00:00Z,TRUE
31.2,2025-12-20,6.351913043478261,46,2025-12-20T00:30:00Z,2025-12-21T00:00:00Z,TRUE
31.2,2025-12-21,3.7990851063829787,47,2025-12-21T00:30:00Z,2025-12-22T00:00:00Z,TRUE
31.2,2025-12-22,10.290560975609756,41,2025-12-22T00:30:00Z,2025-12-23T00:00:00Z,TRUE
31.2,2025-12-23,18.38153658536585,41,2025-12-23T00:30:00Z,2025-12-23T23:30:00Z,TRUE
31.2,2025-12-24,19.29613953488372,43,2025-12-24T00:30:00Z,2025-12-25T00:00:00Z,TRUE
31.2,2025-12-25,26.584720930232557,43,2025-12-25T00:30:00Z,2025-12-26T00:00:00Z,TRUE
31.2,2025-12-26,16.217261904761905,42,2025-12-26T00:30:00Z,2025-12-27T00:00:00Z,TRUE
31.2,2025-12-27,11.853697674418603,43,2025-12-27T00:30:00Z,2025-12-28T00:00:00Z,TRUE
31.2,2025-12-28,36.37776744186046,43,2025-12-28T00:30:00Z,2025-12-29T00:00:00Z,TRUE
31.2,2025-12-29,4.847142857142857,42,2025-12-29T00:30:00Z,2025-12-30T00:00:00Z,TRUE
31.2,2025-12-30,4.344720930232558,43,2025-12-30T00:30:00Z,2025-12-31T00:00:00Z,TRUE
31.2,2025-12-31,15.091000000000001,39,2025-12-31T00:30:00Z,2025-12-31T23:30:00Z,TRUE
32.2,2025-10-28,2.0984285714285713,7,2025-10-28T15:30:00Z,2025-10-28T23:00:00Z,FALSE
32.2,2025-10-29,2.9120555555555554,36,2025-10-29T02:00:00Z,2025-10-30T00:00:00Z,TRUE
32.2,2025-10-30,2.273952380952381,42,2025-10-30T00:30:00Z,2025-10-31T00:00:00Z,TRUE
32.2,2025-10-31,3.501175,40,2025-10-31T01:00:00Z,2025-11-01T00:00:00Z,TRUE
32.2,2025-11-01,10.855872340425533,47,2025-11-01T00:30:00Z,2025-11-02T00:00:00Z,TRUE
32.2,2025-11-02,20.43692105263158,38,2025-11-02T00:30:00Z,2025-11-02T23:00:00Z,TRUE
32.2,2025-11-03,11.649325581395349,43,2025-11-03T00:30:00Z,2025-11-04T00:00:00Z,TRUE
32.2,2025-11-04,2.8871521739130435,46,2025-11-04T00:30:00Z,2025-11-05T00:00:00Z,TRUE
32.2,2025-11-05,4.962523809523809,42,2025-11-05T00:30:00Z,2025-11-06T00:00:00Z,TRUE
32.2,2025-11-06,2.950581395348837,43,2025-11-06T00:30:00Z,2025-11-07T00:00:00Z,TRUE
32.2,2025-11-07,9.020822222222222,45,2025-11-07T00:30:00Z,2025-11-08T00:00:00Z,TRUE
32.2,2025-11-08,12.46179069767442,43,2025-11-08T00:30:00Z,2025-11-09T00:00:00Z,TRUE
32.2,2025-11-09,10.406883720930232,43,2025-11-09T00:30:00Z,2025-11-10T00:00:00Z,TRUE
32.2,2025-11-10,1.7390714285714286,42,2025-11-10T01:00:00Z,2025-11-11T00:00:00Z,TRUE
32.2,2025-11-11,5.844209302325581,43,2025-11-11T00:30:00Z,2025-11-12T00:00:00Z,TRUE
32.2,2025-11-12,5.134704545454546,44,2025-11-12T00:30:00Z,2025-11-13T00:00:00Z,TRUE
32.2,2025-11-13,3.782581395348837,43,2025-11-13T00:30:00Z,2025-11-14T00:00:00Z,TRUE
32.2,2025-11-14,11.636756097560976,41,2025-11-14T00:30:00Z,2025-11-15T00:00:00Z,TRUE
32.2,2025-11-15,15.573522727272728,44,2025-11-15T00:30:00Z,2025-11-15T23:30:00Z,TRUE
32.2,2025-11-16,3.312840909090909,44,2025-11-16T00:30:00Z,2025-11-17T00:00:00Z,TRUE
32.2,2025-11-17,3.2899347826086958,46,2025-11-17T00:30:00Z,2025-11-18T00:00:00Z,TRUE
32.2,2025-11-18,9.0402,45,2025-11-18T00:30:00Z,2025-11-19T00:00:00Z,TRUE
32.2,2025-11-19,15.06725,32,2025-11-19T00:30:00Z,2025-11-20T00:00:00Z,FALSE
32.2,2025-11-20,26.080641025641025,39,2025-11-20T00:30:00Z,2025-11-21T00:00:00Z,TRUE
32.2,2025-11-21,29.22343181818182,44,2025-11-21T00:30:00Z,2025-11-22T00:00:00Z,TRUE
32.2,2025-11-22,16.7396,45,2025-11-22T00:30:00Z,2025-11-22T23:30:00Z,TRUE
32.2,2025-11-23,13.208046511627906,43,2025-11-23T00:30:00Z,2025-11-24T00:00:00Z,TRUE
32.2,2025-11-24,5.154195121951219,41,2025-11-24T00:30:00Z,2025-11-25T00:00:00Z,TRUE
32.2,2025-11-25,10.149810810810811,37,2025-11-25T00:30:00Z,2025-11-26T00:00:00Z,TRUE
32.2,2025-11-26,9.83875,36,2025-11-26T01:00:00Z,2025-11-27T00:00:00Z,TRUE
32.2,2025-11-27,4.146863636363636,44,2025-11-27T00:30:00Z,2025-11-28T00:00:00Z,TRUE
32.2,2025-11-28,4.789268292682927,41,2025-11-28T00:30:00Z,2025-11-29T00:00:00Z,TRUE
32.2,2025-11-29,4.471837837837838,37,2025-11-29T00:30:00Z,2025-11-30T00:00:00Z,TRUE
32.2,2025-11-30,9.060634146341464,41,2025-11-30T01:00:00Z,2025-12-01T00:00:00Z,TRUE
32.2,2025-12-01,6.1010232558139545,43,2025-12-01T00:30:00Z,2025-12-01T23:30:00Z,TRUE
32.2,2025-12-02,14.359484848484849,33,2025-12-02T00:30:00Z,2025-12-03T00:00:00Z,FALSE
32.2,2025-12-03,22.118102564102564,39,2025-12-03T00:30:00Z,2025-12-03T23:30:00Z,TRUE
32.2,2025-12-04,21.364228571428573,35,2025-12-04T01:00:00Z,2025-12-05T00:00:00Z,FALSE
32.2,2025-12-05,8.114523809523808,42,2025-12-05T00:30:00Z,2025-12-06T00:00:00Z,TRUE
32.2,2025-12-06,30.141844444444445,45,2025-12-06T01:00:00Z,2025-12-07T00:00:00Z,TRUE
32.2,2025-12-07,25.02911111111111,45,2025-12-07T00:30:00Z,2025-12-08T00:00:00Z,TRUE
32.2,2025-12-08,2.671431818181818,44,2025-12-08T00:30:00Z,2025-12-09T00:00:00Z,TRUE
32.2,2025-12-09,6.710909090909091,44,2025-12-09T00:30:00Z,2025-12-10T00:00:00Z,TRUE
32.2,2025-12-10,10.335648648648649,37,2025-12-10T00:30:00Z,2025-12-11T00:00:00Z,TRUE
32.2,2025-12-11,2.132395348837209,43,2025-12-11T00:30:00Z,2025-12-12T00:00:00Z,TRUE
32.2,2025-12-12,6.335883720930233,43,2025-12-12T00:30:00Z,2025-12-13T00:00:00Z,TRUE
32.2,2025-12-13,17.081394736842103,38,2025-12-13T00:30:00Z,2025-12-14T00:00:00Z,TRUE
32.2,2025-12-14,3.0044782608695653,46,2025-12-14T00:30:00Z,2025-12-15T00:00:00Z,TRUE
32.2,2025-12-15,7.5167179487179485,39,2025-12-15T00:30:00Z,2025-12-16T00:00:00Z,TRUE
32.2,2025-12-16,10.670135135135135,37,2025-12-16T00:30:00Z,2025-12-16T23:30:00Z,TRUE
32.2,2025-12-17,12.65806976744186,43,2025-12-17T00:30:00Z,2025-12-18T00:00:00Z,TRUE
32.2,2025-12-18,13.954474999999997,40,2025-12-18T00:30:00Z,2025-12-19T00:00:00Z,TRUE
32.2,2025-12-19,6.855186046511628,43,2025-12-19T00:30:00Z,2025-12-20T00:00:00Z,TRUE
32.2,2025-12-20,7.195692307692308,39,2025-12-20T00:30:00Z,2025-12-21T00:00:00Z,TRUE
32.2,2025-12-21,3.940434782608696,46,2025-12-21T00:30:00Z,2025-12-22T00:00:00Z,TRUE
32.2,2025-12-22,8.94632558139535,43,2025-12-22T00:30:00Z,2025-12-23T00:00:00Z,TRUE
32.2,2025-12-23,18.742590909090907,44,2025-12-23T00:30:00Z,2025-12-24T00:00:00Z,TRUE
32.2,2025-12-24,24.649232558139538,43,2025-12-24T00:30:00Z,2025-12-25T00:00:00Z,TRUE
32.2,2025-12-25,23.99113636363636,44,2025-12-25T00:30:00Z,2025-12-26T00:00:00Z,TRUE
32.2,2025-12-26,14.267869565217392,46,2025-12-26T00:30:00Z,2025-12-27T00:00:00Z,TRUE
32.2,2025-12-27,13.809558139534884,43,2025-12-27T00:30:00Z,2025-12-27T23:30:00Z,TRUE
32.2,2025-12-28,32.92763414634146,41,2025-12-28T00:30:00Z,2025-12-29T00:00:00Z,TRUE
32.2,2025-12-29,5.455205128205129,39,2025-12-29T00:30:00Z,2025-12-30T00:00:00Z,TRUE
32.2,2025-12-30,4.528957446808511,47,2025-12-30T00:30:00Z,2025-12-31T00:00:00Z,TRUE
32.2,2025-12-31,12.026325,40,2025-12-31T00:30:00Z,2025-12-31T22:00:00Z,TRUE
33.1,2025-07-03,21.39966666666667,6,2025-07-03T17:30:00Z,2025-07-03T23:00:00Z,FALSE
33.1,2025-07-04,14.13376923076923,13,2025-07-04T08:00:00Z,2025-07-04T23:00:00Z,FALSE
33.1,2025-07-05,20.3509,20,2025-07-05T00:30:00Z,2025-07-06T00:00:00Z,FALSE
33.1,2025-07-06,10.675583333333334,12,2025-07-06T01:30:00Z,2025-07-07T00:00:00Z,FALSE
33.1,2025-07-07,10.639949999999999,20,2025-07-07T01:00:00Z,2025-07-07T23:00:00Z,FALSE
33.1,2025-07-08,19.275125,8,2025-07-08T02:00:00Z,2025-07-08T21:30:00Z,FALSE
33.1,2025-07-09,25.740916666666667,12,2025-07-09T01:30:00Z,2025-07-09T18:30:00Z,FALSE
33.1,2025-07-10,17.288375,16,2025-07-10T00:30:00Z,2025-07-11T00:00:00Z,FALSE
33.1,2025-07-11,9.575375,8,2025-07-11T01:30:00Z,2025-07-11T21:00:00Z,FALSE
33.1,2025-07-12,7.99475,16,2025-07-12T04:00:00Z,2025-07-13T00:00:00Z,FALSE
33.1,2025-07-13,6.0519,10,2025-07-13T01:00:00Z,2025-07-13T18:00:00Z,FALSE
33.1,2025-07-14,24.272454545454544,11,2025-07-14T01:00:00Z,2025-07-15T00:00:00Z,FALSE
33.1,2025-07-15,36.4055625,16,2025-07-15T00:30:00Z,2025-07-16T00:00:00Z,FALSE
33.1,2025-07-16,43.2464375,16,2025-07-16T00:30:00Z,2025-07-16T23:30:00Z,FALSE
33.1,2025-07-17,9.830705882352941,17,2025-07-17T02:30:00Z,2025-07-17T23:30:00Z,FALSE
33.1,2025-07-18,3.5006250000000003,16,2025-07-18T00:30:00Z,2025-07-19T00:00:00Z,FALSE
33.1,2025-07-19,3.5414666666666665,15,2025-07-19T04:00:00Z,2025-07-19T23:00:00Z,FALSE
33.1,2025-07-20,7.4294375,16,2025-07-20T00:30:00Z,2025-07-20T22:00:00Z,FALSE
33.1,2025-07-21,25.8702,10,2025-07-21T05:00:00Z,2025-07-22T00:00:00Z,FALSE
33.1,2025-07-22,7.223125,8,2025-07-22T07:30:00Z,2025-07-22T19:30:00Z,FALSE
33.1,2025-07-23,3.9588823529411763,17,2025-07-23T03:30:00Z,2025-07-23T20:30:00Z,FALSE
33.1,2025-07-24,12.98775,16,2025-07-24T02:00:00Z,2025-07-24T23:30:00Z,FALSE
33.1,2025-07-25,37.3863,20,2025-07-25T01:00:00Z,2025-07-25T22:30:00Z,FALSE
33.1,2025-07-26,9.9273125,16,2025-07-26T00:30:00Z,2025-07-26T23:30:00Z,FALSE
33.1,2025-07-27,12.099055555555555,18,2025-07-27T03:30:00Z,2025-07-28T00:00:00Z,FALSE
33.1,2025-07-28,9.4778,20,2025-07-28T02:30:00Z,2025-07-28T23:30:00Z,FALSE
33.1,2025-07-29,9.406344827586206,29,2025-07-29T00:30:00Z,2025-07-29T22:30:00Z,FALSE
33.1,2025-07-30,12.811411764705882,17,2025-07-30T03:00:00Z,2025-07-31T00:00:00Z,FALSE
33.1,2025-07-31,34.679307692307695,13,2025-07-31T01:00:00Z,2025-07-31T22:00:00Z,FALSE
33.1,2025-08-01,16.455066666666667,15,2025-08-01T02:00:00Z,2025-08-01T19:00:00Z,FALSE
33.1,2025-08-02,7.64,13,2025-08-02T04:00:00Z,2025-08-03T00:00:00Z,FALSE
33.1,2025-08-03,14.708,12,2025-08-03T02:00:00Z,2025-08-03T22:30:00Z,FALSE
33.1,2025-08-04,32.67021428571429,14,2025-08-04T01:00:00Z,2025-08-04T23:30:00Z,FALSE
33.1,2025-08-05,38.28584615384615,13,2025-08-05T02:30:00Z,2025-08-06T00:00:00Z,FALSE
33.1,2025-08-06,19.27846153846154,13,2025-08-06T01:30:00Z,2025-08-06T19:30:00Z,FALSE
33.1,2025-08-07,18.0558,20,2025-08-07T00:30:00Z,2025-08-08T00:00:00Z,FALSE
33.1,2025-08-08,10.693200000000001,15,2025-08-08T02:00:00Z,2025-08-09T00:00:00Z,FALSE
33.1,2025-08-09,18.662625,16,2025-08-09T01:00:00Z,2025-08-09T22:30:00Z,FALSE
33.1,2025-08-10,23.163863636363637,22,2025-08-10T00:30:00Z,2025-08-10T23:30:00Z,FALSE
33.1,2025-08-11,16.868,18,2025-08-11T01:00:00Z,2025-08-11T23:30:00Z,FALSE
33.1,2025-08-12,10.2103,10,2025-08-12T03:00:00Z,2025-08-12T21:30:00Z,FALSE
33.1,2025-08-13,6.505692307692307,13,2025-08-13T06:00:00Z,2025-08-13T14:30:00Z,FALSE
33.1,2025-08-14,14.305538461538461,13,2025-08-14T01:30:00Z,2025-08-14T23:00:00Z,FALSE
33.1,2025-08-15,19.177333333333333,3,2025-08-15T01:30:00Z,2025-08-15T05:00:00Z,FALSE
33.1,2025-08-16,13.886166666666668,6,2025-08-16T01:30:00Z,2025-08-16T22:00:00Z,FALSE
33.1,2025-08-17,9.144571428571428,7,2025-08-17T02:00:00Z,2025-08-18T00:00:00Z,FALSE
33.1,2025-08-18,2.6468,5,2025-08-18T01:30:00Z,2025-08-18T23:30:00Z,FALSE
33.1,2025-08-19,7.925916666666667,12,2025-08-19T01:00:00Z,2025-08-20T00:00:00Z,FALSE
33.1,2025-08-20,31.719428571428573,14,2025-08-20T01:30:00Z,2025-08-20T23:30:00Z,FALSE
33.1,2025-08-21,2.0702,10,2025-08-21T02:00:00Z,2025-08-21T23:30:00Z,FALSE
33.1,2025-08-22,1.8294444444444444,9,2025-08-22T00:30:00Z,2025-08-22T21:00:00Z,FALSE
33.1,2025-08-23,5.18,8,2025-08-23T04:00:00Z,2025-08-24T00:00:00Z,FALSE
33.1,2025-08-24,4.8815,8,2025-08-24T01:30:00Z,2025-08-24T21:00:00Z,FALSE
33.1,2025-08-25,3.4266,15,2025-08-25T03:00:00Z,2025-08-26T00:00:00Z,FALSE
33.1,2025-08-26,4.192956521739131,23,2025-08-26T00:30:00Z,2025-08-26T20:30:00Z,FALSE
33.1,2025-08-27,4.280285714285714,14,2025-08-27T01:00:00Z,2025-08-27T22:30:00Z,FALSE
33.1,2025-08-28,2.0445454545454544,11,2025-08-28T01:30:00Z,2025-08-28T22:00:00Z,FALSE
33.1,2025-08-29,3.8036666666666665,15,2025-08-29T00:30:00Z,2025-08-30T00:00:00Z,FALSE
33.1,2025-08-30,2.5404545454545455,11,2025-08-30T01:30:00Z,2025-08-30T23:30:00Z,FALSE
33.1,2025-08-31,6.4725,4,2025-08-31T05:00:00Z,2025-08-31T20:00:00Z,FALSE
33.1,2025-09-01,3.934111111111111,9,2025-09-01T05:00:00Z,2025-09-01T21:30:00Z,FALSE
33.1,2025-09-02,2.5125,6,2025-09-02T02:00:00Z,2025-09-02T21:00:00Z,FALSE
33.1,2025-09-03,6.3100000000000005,8,2025-09-03T03:00:00Z,2025-09-04T00:00:00Z,FALSE
33.1,2025-09-04,8.942222222222222,9,2025-09-04T01:30:00Z,2025-09-04T20:00:00Z,FALSE
33.1,2025-09-05,21.381272727272727,11,2025-09-05T02:30:00Z,2025-09-05T23:30:00Z,FALSE
33.1,2025-09-06,3.9765333333333333,15,2025-09-06T00:30:00Z,2025-09-06T23:30:00Z,FALSE
33.1,2025-09-07,2.531111111111111,9,2025-09-07T01:00:00Z,2025-09-07T21:30:00Z,FALSE
33.1,2025-09-08,3.3045,8,2025-09-08T00:30:00Z,2025-09-09T00:00:00Z,FALSE
33.1,2025-09-09,3.1665,6,2025-09-09T02:30:00Z,2025-09-10T00:00:00Z,FALSE
33.1,2025-09-10,4.2620000000000005,9,2025-09-10T03:00:00Z,2025-09-10T22:00:00Z,FALSE
33.1,2025-09-11,4.5137777777777774,9,2025-09-11T08:30:00Z,2025-09-12T00:00:00Z,FALSE
33.1,2025-09-12,3.74,1,2025-09-12T19:00:00Z,2025-09-12T19:00:00Z,FALSE
33.1,2025-09-13,8.901555555555555,9,2025-09-13T01:30:00Z,2025-09-13T23:00:00Z,FALSE
33.1,2025-09-14,18.50925,4,2025-09-14T11:00:00Z,2025-09-15T00:00:00Z,FALSE
33.1,2025-09-15,13.810714285714285,7,2025-09-15T00:30:00Z,2025-09-15T17:00:00Z,FALSE
33.1,2025-09-16,6.154888888888889,9,2025-09-16T01:00:00Z,2025-09-17T00:00:00Z,FALSE
33.1,2025-09-17,16.37385714285714,7,2025-09-17T03:30:00Z,2025-09-17T19:30:00Z,FALSE
33.1,2025-09-18,9.92675,8,2025-09-18T03:00:00Z,2025-09-18T21:30:00Z,FALSE
33.1,2025-09-19,9.056000000000001,3,2025-09-19T11:30:00Z,2025-09-19T20:00:00Z,FALSE
33.1,2025-09-20,2.9246153846153846,13,2025-09-20T07:00:00Z,2025-09-20T23:30:00Z,FALSE
33.1,2025-09-21,6.86525,12,2025-09-21T01:30:00Z,2025-09-21T23:30:00Z,FALSE
33.1,2025-09-22,11.626666666666667,9,2025-09-22T01:00:00Z,2025-09-22T19:00:00Z,FALSE
33.1,2025-09-23,4.515857142857143,7,2025-09-23T05:30:00Z,2025-09-23T20:30:00Z,FALSE
33.1,2025-09-24,8.8327,10,2025-09-24T03:30:00Z,2025-09-24T23:30:00Z,FALSE
33.1,2025-09-25,18.995625,8,2025-09-25T04:30:00Z,2025-09-25T21:00:00Z,FALSE
33.1,2025-09-26,14.2387,10,2025-09-26T01:00:00Z,2025-09-26T23:30:00Z,FALSE
33.1,2025-09-27,6.324666666666666,6,2025-09-27T00:30:00Z,2025-09-27T20:00:00Z,FALSE
33.1,2025-09-28,8.737777777777778,9,2025-09-28T02:00:00Z,2025-09-28T21:30:00Z,FALSE
33.1,2025-09-29,18.1926,5,2025-09-29T03:00:00Z,2025-09-29T22:00:00Z,FALSE
33.1,2025-09-30,6.550428571428571,7,2025-09-30T00:30:00Z,2025-09-30T22:00:00Z,FALSE
33.1,2025-10-01,2.9779999999999998,8,2025-10-01T04:00:00Z,2025-10-01T21:00:00Z,FALSE
33.1,2025-10-02,3.063875,8,2025-10-02T00:30:00Z,2025-10-02T22:30:00Z,FALSE
33.1,2025-10-03,5.3084,5,2025-10-03T00:30:00Z,2025-10-03T12:30:00Z,FALSE
34.1_16.1,2025-06-05,20.601117647058825,17,2025-06-05T15:00:00Z,2025-06-05T23:30:00Z,FALSE
34.1_16.1,2025-06-06,82.11765,40,2025-06-06T00:30:00Z,2025-06-07T00:00:00Z,TRUE
34.1_16.1,2025-06-07,55.228184210526315,38,2025-06-07T00:30:00Z,2025-06-08T00:00:00Z,TRUE
34.1_16.1,2025-06-08,45.5974,35,2025-06-08T00:30:00Z,2025-06-09T00:00:00Z,FALSE
34.1_16.1,2025-06-09,25.64035,40,2025-06-09T00:30:00Z,2025-06-10T00:00:00Z,TRUE
34.1_16.1,2025-06-10,11.54809756097561,41,2025-06-10T00:30:00Z,2025-06-11T00:00:00Z,TRUE
34.1_16.1,2025-06-11,15.046585365853659,41,2025-06-11T00:30:00Z,2025-06-12T00:00:00Z,TRUE
34.1_16.1,2025-06-12,22.329,40,2025-06-12T00:30:00Z,2025-06-13T00:00:00Z,TRUE
34.1_16.1,2025-06-13,25.172487179487177,39,2025-06-13T00:30:00Z,2025-06-14T00:00:00Z,TRUE
34.1_16.1,2025-06-14,20.525074074074073,27,2025-06-14T01:00:00Z,2025-06-15T00:00:00Z,FALSE
34.1_16.1,2025-06-15,13.343128205128204,39,2025-06-15T00:30:00Z,2025-06-16T00:00:00Z,TRUE
34.1_16.1,2025-06-16,10.586,41,2025-06-16T00:30:00Z,2025-06-17T00:00:00Z,TRUE
34.1_16.1,2025-06-17,14.148725,40,2025-06-17T00:30:00Z,2025-06-18T00:00:00Z,TRUE
34.1_16.1,2025-06-18,8.535066666666667,45,2025-06-18T00:30:00Z,2025-06-19T00:00:00Z,TRUE
34.1_16.1,2025-06-19,5.737560975609756,41,2025-06-19T00:30:00Z,2025-06-20T00:00:00Z,TRUE
34.1_16.1,2025-06-20,7.5159,40,2025-06-20T00:30:00Z,2025-06-20T23:30:00Z,TRUE
34.1_16.1,2025-06-21,13.366349999999999,40,2025-06-21T00:30:00Z,2025-06-21T23:30:00Z,TRUE
34.1_16.1,2025-06-22,8.099622222222223,45,2025-06-22T00:30:00Z,2025-06-23T00:00:00Z,TRUE
34.1_16.1,2025-06-23,7.643756097560976,41,2025-06-23T00:30:00Z,2025-06-23T23:30:00Z,TRUE
34.1_16.1,2025-06-24,9.139694444444444,36,2025-06-24T01:00:00Z,2025-06-25T00:00:00Z,TRUE
34.1_16.1,2025-06-25,12.273893617021276,47,2025-06-25T00:30:00Z,2025-06-26T00:00:00Z,TRUE
34.1_16.1,2025-06-26,13.679,43,2025-06-26T00:30:00Z,2025-06-27T00:00:00Z,TRUE
34.1_16.1,2025-06-27,10.33095,40,2025-06-27T00:30:00Z,2025-06-28T00:00:00Z,TRUE
34.1_16.1,2025-06-28,9.117609756097561,41,2025-06-28T00:30:00Z,2025-06-29T00:00:00Z,TRUE
34.1_16.1,2025-06-29,5.9571538461538465,39,2025-06-29T00:30:00Z,2025-06-30T00:00:00Z,TRUE
34.1_16.1,2025-06-30,10.622128205128206,39,2025-06-30T00:30:00Z,2025-06-30T23:30:00Z,TRUE
34.1_16.1,2025-07-01,8.001441860465118,43,2025-07-01T00:30:00Z,2025-07-02T00:00:00Z,TRUE
34.1_16.1,2025-07-02,11.835358974358973,39,2025-07-02T00:30:00Z,2025-07-02T22:00:00Z,TRUE
34.1_16.1,2025-07-03,15.736775,40,2025-07-03T00:30:00Z,2025-07-04T00:00:00Z,TRUE
34.1_16.1,2025-07-04,21.742815789473685,38,2025-07-04T01:00:00Z,2025-07-05T00:00:00Z,TRUE
34.1_16.1,2025-07-05,31.16880487804879,41,2025-07-05T00:30:00Z,2025-07-06T00:00:00Z,TRUE
34.1_16.1,2025-07-06,10.368617647058823,34,2025-07-06T00:30:00Z,2025-07-07T00:00:00Z,FALSE
34.1_16.1,2025-07-07,11.228783783783785,37,2025-07-07T00:30:00Z,2025-07-08T00:00:00Z,TRUE
34.1_16.1,2025-07-08,13.257692307692308,39,2025-07-08T00:30:00Z,2025-07-09T00:00:00Z,TRUE
34.1_16.1,2025-07-09,24.092486486486486,37,2025-07-09T00:30:00Z,2025-07-10T00:00:00Z,TRUE
34.1_16.1,2025-07-10,20.83090243902439,41,2025-07-10T00:30:00Z,2025-07-10T23:30:00Z,TRUE
34.1_16.1,2025-07-11,13.942767441860465,43,2025-07-11T00:30:00Z,2025-07-11T23:30:00Z,TRUE
34.1_16.1,2025-07-12,8.6466,45,2025-07-12T00:30:00Z,2025-07-13T00:00:00Z,TRUE
34.1_16.1,2025-07-13,6.060857142857143,42,2025-07-13T01:00:00Z,2025-07-14T00:00:00Z,TRUE
34.1_16.1,2025-07-14,23.08071111111111,45,2025-07-14T00:30:00Z,2025-07-15T00:00:00Z,TRUE
34.1_16.1,2025-07-15,36.65557894736842,38,2025-07-15T00:30:00Z,2025-07-16T00:00:00Z,TRUE
34.1_16.1,2025-07-16,38.401199999999996,45,2025-07-16T00:30:00Z,2025-07-16T23:00:00Z,TRUE
34.1_16.1,2025-07-17,8.768684210526317,38,2025-07-17T01:30:00Z,2025-07-18T00:00:00Z,TRUE
34.1_16.1,2025-07-18,2.3415666666666666,30,2025-07-18T00:30:00Z,2025-07-19T00:00:00Z,FALSE
34.1_16.1,2025-07-19,4.938236842105264,38,2025-07-19T00:30:00Z,2025-07-19T23:30:00Z,TRUE
34.1_16.1,2025-07-20,7.170404761904762,42,2025-07-20T00:30:00Z,2025-07-20T23:30:00Z,TRUE
34.1_16.1,2025-07-21,23.564725,40,2025-07-21T00:30:00Z,2025-07-22T00:00:00Z,TRUE
34.1_16.1,2025-07-22,5.734918918918919,37,2025-07-22T00:30:00Z,2025-07-22T23:30:00Z,TRUE
34.1_16.1,2025-07-23,4.090794871794872,39,2025-07-23T01:00:00Z,2025-07-24T00:00:00Z,TRUE
34.1_16.1,2025-07-24,14.62546511627907,43,2025-07-24T00:30:00Z,2025-07-25T00:00:00Z,TRUE
34.1_16.1,2025-07-25,19.10567441860465,43,2025-07-25T00:30:00Z,2025-07-25T23:30:00Z,TRUE
34.1_16.1,2025-07-26,12.5893,40,2025-07-26T00:30:00Z,2025-07-27T00:00:00Z,TRUE
34.1_16.1,2025-07-27,11.179026315789473,38,2025-07-27T00:30:00Z,2025-07-28T00:00:00Z,TRUE
34.1_16.1,2025-07-28,14.46548717948718,39,2025-07-28T00:30:00Z,2025-07-29T00:00:00Z,TRUE
34.1_16.1,2025-07-29,11.706897435897435,39,2025-07-29T00:30:00Z,2025-07-29T23:30:00Z,TRUE
34.1_16.1,2025-07-30,19.293358974358974,39,2025-07-30T00:30:00Z,2025-07-31T00:00:00Z,TRUE
34.1_16.1,2025-07-31,40.43922222222222,36,2025-07-31T00:30:00Z,2025-08-01T00:00:00Z,TRUE
34.1_16.1,2025-08-01,19.337289473684212,38,2025-08-01T00:30:00Z,2025-08-01T23:00:00Z,TRUE
34.1_16.1,2025-08-02,11.338777777777779,36,2025-08-02T00:30:00Z,2025-08-02T23:00:00Z,TRUE
34.1_16.1,2025-08-03,17.517470588235295,34,2025-08-03T00:30:00Z,2025-08-04T00:00:00Z,FALSE
34.1_16.1,2025-08-04,50.008947368421055,38,2025-08-04T00:30:00Z,2025-08-04T22:30:00Z,TRUE
34.1_16.1,2025-08-05,41.736657894736844,38,2025-08-05T00:30:00Z,2025-08-06T00:00:00Z,TRUE
34.1_16.1,2025-08-06,25.921857142857142,35,2025-08-06T00:30:00Z,2025-08-07T00:00:00Z,FALSE
34.1_16.1,2025-08-07,22.229108108108107,37,2025-08-07T00:30:00Z,2025-08-07T23:30:00Z,TRUE
34.1_16.1,2025-08-08,16.550057142857142,35,2025-08-08T00:30:00Z,2025-08-09T00:00:00Z,FALSE
34.1_16.1,2025-08-09,22.03986842105263,38,2025-08-09T00:30:00Z,2025-08-09T23:30:00Z,TRUE
34.1_16.1,2025-08-10,29.311162790697676,43,2025-08-10T01:00:00Z,2025-08-11T00:00:00Z,TRUE
34.1_16.1,2025-08-11,21.801612903225806,31,2025-08-11T00:30:00Z,2025-08-12T00:00:00Z,FALSE
34.1_16.1,2025-08-12,14.348441860465117,43,2025-08-12T00:30:00Z,2025-08-13T00:00:00Z,TRUE
34.1_16.1,2025-08-13,8.524589743589743,39,2025-08-13T00:30:00Z,2025-08-14T00:00:00Z,TRUE
34.1_16.1,2025-08-14,16.606410256410257,39,2025-08-14T00:30:00Z,2025-08-15T00:00:00Z,TRUE
34.1_16.1,2025-08-15,29.279588235294117,34,2025-08-15T00:30:00Z,2025-08-16T00:00:00Z,FALSE
34.1_16.1,2025-08-16,21.7895625,32,2025-08-16T01:00:00Z,2025-08-16T23:30:00Z,FALSE
34.1_16.1,2025-08-17,13.155051282051282,39,2025-08-17T00:30:00Z,2025-08-18T00:00:00Z,TRUE
34.1_16.1,2025-08-18,3.233025,40,2025-08-18T01:30:00Z,2025-08-19T00:00:00Z,TRUE
34.1_16.1,2025-08-19,9.76425,32,2025-08-19T00:30:00Z,2025-08-20T00:00:00Z,FALSE
34.1_16.1,2025-08-20,43.78389285714286,28,2025-08-20T00:30:00Z,2025-08-21T00:00:00Z,FALSE
34.1_16.1,2025-08-21,2.5019117647058824,34,2025-08-21T01:00:00Z,2025-08-21T23:30:00Z,FALSE
34.1_16.1,2025-08-22,3.0416,25,2025-08-22T00:30:00Z,2025-08-22T23:30:00Z,FALSE
34.1_16.1,2025-08-23,10.816764705882354,34,2025-08-23T00:30:00Z,2025-08-24T00:00:00Z,FALSE
34.1_16.1,2025-08-24,7.565275862068965,29,2025-08-24T01:30:00Z,2025-08-25T00:00:00Z,FALSE
34.1_16.1,2025-08-25,2.3168928571428573,28,2025-08-25T00:30:00Z,2025-08-26T00:00:00Z,FALSE
34.1_16.1,2025-08-26,4.3725517241379315,29,2025-08-26T00:30:00Z,2025-08-27T00:00:00Z,FALSE
34.1_16.1,2025-08-27,5.788878787878788,33,2025-08-27T01:30:00Z,2025-08-28T00:00:00Z,FALSE
34.1_16.1,2025-08-28,4.7106071428571425,28,2025-08-28T01:00:00Z,2025-08-29T00:00:00Z,FALSE
34.1_16.1,2025-08-29,5.072379310344828,29,2025-08-29T00:30:00Z,2025-08-30T00:00:00Z,FALSE
34.1_16.1,2025-08-30,2.576285714285714,35,2025-08-30T02:00:00Z,2025-08-30T23:00:00Z,FALSE
34.1_16.1,2025-08-31,8.88875,32,2025-08-31T00:30:00Z,2025-08-31T23:30:00Z,FALSE
34.1_16.1,2025-09-01,9.871862068965518,29,2025-09-01T00:30:00Z,2025-09-01T22:30:00Z,FALSE
34.1_16.1,2025-09-02,4.976,22,2025-09-02T02:00:00Z,2025-09-03T00:00:00Z,FALSE
34.1_16.1,2025-09-03,7.258233333333333,30,2025-09-03T00:30:00Z,2025-09-03T23:30:00Z,FALSE
34.1_16.1,2025-09-04,8.355096774193548,31,2025-09-04T01:00:00Z,2025-09-05T00:00:00Z,FALSE
34.1_16.1,2025-09-05,23.808444444444444,36,2025-09-05T00:30:00Z,2025-09-06T00:00:00Z,TRUE
34.1_16.1,2025-09-06,5.28490625,32,2025-09-06T00:30:00Z,2025-09-06T23:00:00Z,FALSE
34.1_16.1,2025-09-07,3.299272727272727,22,2025-09-07T00:30:00Z,2025-09-08T00:00:00Z,FALSE
34.1_16.1,2025-09-08,6.879424242424243,33,2025-09-08T00:30:00Z,2025-09-09T00:00:00Z,FALSE
34.1_16.1,2025-09-09,3.452576923076923,26,2025-09-09T00:30:00Z,2025-09-10T00:00:00Z,FALSE
34.1_16.1,2025-09-10,4.664615384615384,26,2025-09-10T01:30:00Z,2025-09-11T00:00:00Z,FALSE
34.1_16.1,2025-09-11,20.043387096774193,31,2025-09-11T01:00:00Z,2025-09-12T00:00:00Z,FALSE
34.1_16.1,2025-09-12,24.70357142857143,21,2025-09-12T00:30:00Z,2025-09-13T00:00:00Z,FALSE
34.1_16.1,2025-09-13,15.10525806451613,31,2025-09-13T00:30:00Z,2025-09-13T23:30:00Z,FALSE
34.1_16.1,2025-09-14,45.21551851851852,27,2025-09-14T00:30:00Z,2025-09-15T00:00:00Z,FALSE
34.1_16.1,2025-09-15,14.3891,30,2025-09-15T00:30:00Z,2025-09-16T00:00:00Z,FALSE
34.1_16.1,2025-09-16,11.31355172413793,29,2025-09-16T00:30:00Z,2025-09-17T00:00:00Z,FALSE
34.1_16.1,2025-09-17,25.207666666666665,27,2025-09-17T00:30:00Z,2025-09-17T23:30:00Z,FALSE
34.1_16.1,2025-09-18,15.707806451612903,31,2025-09-18T00:30:00Z,2025-09-18T23:30:00Z,FALSE
34.1_16.1,2025-09-19,15.682333333333332,24,2025-09-19T00:30:00Z,2025-09-19T23:30:00Z,FALSE
34.1_16.1,2025-09-20,4.348148148148148,27,2025-09-20T00:30:00Z,2025-09-21T00:00:00Z,FALSE
34.1_16.1,2025-09-21,7.424468750000001,32,2025-09-21T00:30:00Z,2025-09-22T00:00:00Z,FALSE
34.1_16.1,2025-09-22,13.106294117647058,34,2025-09-22T00:30:00Z,2025-09-23T00:00:00Z,FALSE
34.1_16.1,2025-09-23,7.271538461538462,39,2025-09-23T00:30:00Z,2025-09-24T00:00:00Z,TRUE
34.1_16.1,2025-09-24,12.96651724137931,29,2025-09-24T02:00:00Z,2025-09-24T22:30:00Z,FALSE
34.1_16.1,2025-09-25,23.86618181818182,33,2025-09-25T00:30:00Z,2025-09-26T00:00:00Z,FALSE
34.1_16.1,2025-09-26,48.40274074074074,27,2025-09-26T01:00:00Z,2025-09-27T00:00:00Z,FALSE
34.1_16.1,2025-09-27,13.0330625,32,2025-09-27T00:30:00Z,2025-09-28T00:00:00Z,FALSE
34.1_16.1,2025-09-28,13.643457142857143,35,2025-09-28T00:30:00Z,2025-09-28T23:30:00Z,FALSE
34.1_16.1,2025-09-29,16.97564705882353,34,2025-09-29T01:30:00Z,2025-09-30T00:00:00Z,FALSE
34.1_16.1,2025-09-30,13.170513513513514,37,2025-09-30T01:30:00Z,2025-10-01T00:00:00Z,TRUE
34.1_16.1,2025-10-01,2.882794117647059,34,2025-10-01T01:00:00Z,2025-10-01T23:30:00Z,FALSE
34.1_16.1,2025-10-02,3.2172,30,2025-10-02T00:30:00Z,2025-10-03T00:00:00Z,FALSE
34.1_16.1,2025-10-03,7.313083333333333,24,2025-10-03T00:30:00Z,2025-10-04T00:00:00Z,FALSE
34.1_16.1,2025-10-04,13.804266666666667,30,2025-10-04T00:30:00Z,2025-10-04T23:30:00Z,FALSE
34.1_16.1,2025-10-05,12.569555555555556,36,2025-10-05T00:30:00Z,2025-10-05T23:30:00Z,TRUE
34.1_16.1,2025-10-06,4.8514375,32,2025-10-06T00:30:00Z,2025-10-07T00:00:00Z,FALSE
34.1_16.1,2025-10-07,5.6222702702702705,37,2025-10-07T00:30:00Z,2025-10-07T23:00:00Z,TRUE
34.1_16.1,2025-10-08,1.5995,48,2025-10-08T00:30:00Z,2025-10-09T00:00:00Z,TRUE
34.1_16.1,2025-10-09,1.9994,40,2025-10-09T00:30:00Z,2025-10-10T00:00:00Z,TRUE
34.1_16.1,2025-10-10,3.8685405405405406,37,2025-10-10T02:00:00Z,2025-10-11T00:00:00Z,TRUE
34.1_16.1,2025-10-11,2.5072857142857146,35,2025-10-11T01:30:00Z,2025-10-12T00:00:00Z,FALSE
34.1_16.1,2025-10-12,12.39905882352941,34,2025-10-12T00:30:00Z,2025-10-13T00:00:00Z,FALSE
34.1_16.1,2025-10-13,8.217486486486486,37,2025-10-13T01:30:00Z,2025-10-13T23:30:00Z,TRUE
34.1_16.1,2025-10-14,2.5592954545454547,44,2025-10-14T00:30:00Z,2025-10-15T00:00:00Z,TRUE
34.1_16.1,2025-10-15,1.8256315789473685,38,2025-10-15T00:30:00Z,2025-10-15T23:30:00Z,TRUE
34.1_16.1,2025-10-16,1.9108285714285713,35,2025-10-16T01:30:00Z,2025-10-16T23:30:00Z,FALSE
34.1_16.1,2025-10-17,5.093189189189189,37,2025-10-17T00:30:00Z,2025-10-18T00:00:00Z,TRUE
34.1_16.1,2025-10-18,6.425869565217392,46,2025-10-18T00:30:00Z,2025-10-19T00:00:00Z,TRUE
34.1_16.1,2025-10-19,8.218681818181818,44,2025-10-19T00:30:00Z,2025-10-20T00:00:00Z,TRUE
34.1_16.1,2025-10-20,2.5013870967741934,31,2025-10-20T00:30:00Z,2025-10-20T23:30:00Z,FALSE
34.1_16.1,2025-10-21,3.229285714285714,35,2025-10-21T00:30:00Z,2025-10-21T22:30:00Z,FALSE
34.1_16.1,2025-10-22,2.290810810810811,37,2025-10-22T00:30:00Z,2025-10-23T00:00:00Z,TRUE
34.1_16.1,2025-10-23,2.3646470588235293,34,2025-10-23T00:30:00Z,2025-10-24T00:00:00Z,FALSE
34.1_16.1,2025-10-24,3.458103448275862,29,2025-10-24T01:00:00Z,2025-10-25T00:00:00Z,FALSE
34.1_16.1,2025-10-25,4.033531914893617,47,2025-10-25T00:30:00Z,2025-10-26T00:00:00Z,TRUE
34.1_16.1,2025-10-26,8.819236842105264,38,2025-10-26T00:30:00Z,2025-10-27T00:00:00Z,TRUE
34.1_16.1,2025-10-27,4.282588235294118,34,2025-10-27T01:30:00Z,2025-10-28T00:00:00Z,FALSE
34.1_16.1,2025-10-28,3.594190476190476,42,2025-10-28T01:00:00Z,2025-10-29T00:00:00Z,TRUE
34.1_16.1,2025-10-29,4.538375,32,2025-10-29T00:30:00Z,2025-10-30T00:00:00Z,FALSE
34.1_16.1,2025-10-30,2.8237560975609757,41,2025-10-30T00:30:00Z,2025-10-31T00:00:00Z,TRUE
34.1_16.1,2025-10-31,3.4770000000000003,48,2025-10-31T00:30:00Z,2025-11-01T00:00:00Z,TRUE
34.1_16.1,2025-11-01,10.349756097560975,41,2025-11-01T00:30:00Z,2025-11-02T00:00:00Z,TRUE
34.1_16.1,2025-11-02,21.320205128205128,39,2025-11-02T00:30:00Z,2025-11-02T23:30:00Z,TRUE
34.1_16.1,2025-11-03,17.483117647058823,34,2025-11-03T01:00:00Z,2025-11-03T23:30:00Z,FALSE
34.1_16.1,2025-11-04,2.8394,35,2025-11-04T01:00:00Z,2025-11-05T00:00:00Z,FALSE
34.1_16.1,2025-11-05,5.5316,40,2025-11-05T00:30:00Z,2025-11-06T00:00:00Z,TRUE
34.1_16.1,2025-11-06,3.225625,40,2025-11-06T00:30:00Z,2025-11-07T00:00:00Z,TRUE
34.1_16.1,2025-11-07,10.163333333333332,36,2025-11-07T00:30:00Z,2025-11-08T00:00:00Z,TRUE
34.1_16.1,2025-11-08,11.39413888888889,36,2025-11-08T00:30:00Z,2025-11-09T00:00:00Z,TRUE
34.1_16.1,2025-11-09,8.617428571428572,35,2025-11-09T01:00:00Z,2025-11-10T00:00:00Z,FALSE
34.1_16.1,2025-11-10,1.6076818181818182,44,2025-11-10T00:30:00Z,2025-11-11T00:00:00Z,TRUE
34.1_16.1,2025-11-11,4.651368421052632,38,2025-11-11T00:30:00Z,2025-11-12T00:00:00Z,TRUE
34.1_16.1,2025-11-12,4.385605263157895,38,2025-11-12T00:30:00Z,2025-11-13T00:00:00Z,TRUE
34.1_16.1,2025-11-13,3.7334444444444443,36,2025-11-13T00:30:00Z,2025-11-14T00:00:00Z,TRUE
34.1_16.1,2025-11-14,7.258842105263158,38,2025-11-14T00:30:00Z,2025-11-14T23:30:00Z,TRUE
34.1_16.1,2025-11-15,14.440555555555555,36,2025-11-15T00:30:00Z,2025-11-16T00:00:00Z,TRUE
34.1_16.1,2025-11-16,3.4488333333333334,36,2025-11-16T00:30:00Z,2025-11-17T00:00:00Z,TRUE
34.1_16.1,2025-11-17,2.125814814814815,27,2025-11-17T00:30:00Z,2025-11-17T23:30:00Z,FALSE
34.1_16.1,2025-11-18,9.213588235294118,34,2025-11-18T01:00:00Z,2025-11-19T00:00:00Z,FALSE
34.1_16.1,2025-11-19,15.494666666666667,30,2025-11-19T01:30:00Z,2025-11-20T00:00:00Z,FALSE
34.1_16.1,2025-11-20,30.191485714285715,35,2025-11-20T00:30:00Z,2025-11-20T23:30:00Z,FALSE
34.1_16.1,2025-11-21,25.1336,35,2025-11-21T00:30:00Z,2025-11-21T23:30:00Z,FALSE
34.1_16.1,2025-11-22,17.858138888888888,36,2025-11-22T00:30:00Z,2025-11-22T23:30:00Z,TRUE
34.1_16.1,2025-11-23,13.819075,40,2025-11-23T00:30:00Z,2025-11-24T00:00:00Z,TRUE
34.1_16.1,2025-11-24,5.823935483870968,31,2025-11-24T01:00:00Z,2025-11-24T23:30:00Z,FALSE
34.1_16.1,2025-11-25,9.690393939393939,33,2025-11-25T00:30:00Z,2025-11-26T00:00:00Z,FALSE
34.1_16.1,2025-11-26,10.377078947368421,38,2025-11-26T00:30:00Z,2025-11-27T00:00:00Z,TRUE
34.1_16.1,2025-11-27,2.928257142857143,35,2025-11-27T00:30:00Z,2025-11-27T23:30:00Z,FALSE
34.1_16.1,2025-11-28,2.8543783783783785,37,2025-11-28T00:30:00Z,2025-11-29T00:00:00Z,TRUE
34.1_16.1,2025-11-29,4.438857142857143,42,2025-11-29T00:30:00Z,2025-11-30T00:00:00Z,TRUE
34.1_16.1,2025-11-30,9.70671052631579,38,2025-11-30T00:30:00Z,2025-12-01T00:00:00Z,TRUE
34.1_16.1,2025-12-01,4.608216216216215,37,2025-12-01T01:00:00Z,2025-12-02T00:00:00Z,TRUE
34.1_16.1,2025-12-02,13.91335294117647,34,2025-12-02T00:30:00Z,2025-12-03T00:00:00Z,FALSE
34.1_16.1,2025-12-03,21.69161111111111,36,2025-12-03T00:30:00Z,2025-12-04T00:00:00Z,TRUE
34.1_16.1,2025-12-04,12.695575757575757,33,2025-12-04T01:30:00Z,2025-12-05T00:00:00Z,FALSE
34.1_16.1,2025-12-05,7.736472222222222,36,2025-12-05T00:30:00Z,2025-12-06T00:00:00Z,TRUE
34.1_16.1,2025-12-06,26.276617647058824,34,2025-12-06T01:30:00Z,2025-12-07T00:00:00Z,FALSE
34.1_16.1,2025-12-07,22.982131578947367,38,2025-12-07T00:30:00Z,2025-12-08T00:00:00Z,TRUE
34.1_16.1,2025-12-08,2.4431333333333334,30,2025-12-08T01:00:00Z,2025-12-09T00:00:00Z,FALSE
34.1_16.1,2025-12-09,7.3100000000000005,36,2025-12-09T00:30:00Z,2025-12-10T00:00:00Z,TRUE
34.1_16.1,2025-12-10,10.496342857142857,35,2025-12-10T00:30:00Z,2025-12-10T23:00:00Z,FALSE
34.1_16.1,2025-12-11,1.9033333333333333,42,2025-12-11T01:30:00Z,2025-12-12T00:00:00Z,TRUE
34.1_16.1,2025-12-12,6.025842105263158,38,2025-12-12T00:30:00Z,2025-12-13T00:00:00Z,TRUE
34.1_16.1,2025-12-13,16.52637837837838,37,2025-12-13T00:30:00Z,2025-12-14T00:00:00Z,TRUE
34.1_16.1,2025-12-14,3.655175,40,2025-12-14T00:30:00Z,2025-12-14T23:30:00Z,TRUE
34.1_16.1,2025-12-15,6.8541428571428575,35,2025-12-15T00:30:00Z,2025-12-16T00:00:00Z,FALSE
34.1_16.1,2025-12-16,7.872166666666667,30,2025-12-16T00:30:00Z,2025-12-16T23:30:00Z,FALSE
34.1_16.1,2025-12-17,12.152000000000001,34,2025-12-17T00:30:00Z,2025-12-18T00:00:00Z,FALSE
34.1_16.1,2025-12-18,18.074190476190477,42,2025-12-18T00:30:00Z,2025-12-19T00:00:00Z,TRUE
34.1_16.1,2025-12-19,5.48628125,32,2025-12-19T00:30:00Z,2025-12-20T00:00:00Z,FALSE
34.1_16.1,2025-12-20,6.904225806451612,31,2025-12-20T00:30:00Z,2025-12-21T00:00:00Z,FALSE
34.1_16.1,2025-12-21,3.9000555555555554,36,2025-12-21T01:00:00Z,2025-12-22T00:00:00Z,TRUE
34.1_16.1,2025-12-22,10.776837837837839,37,2025-12-22T00:30:00Z,2025-12-23T00:00:00Z,TRUE
34.1_16.1,2025-12-23,16.959142857142858,28,2025-12-23T01:00:00Z,2025-12-23T23:00:00Z,FALSE
34.1_16.1,2025-12-24,19.518382352941178,34,2025-12-24T01:30:00Z,2025-12-24T23:30:00Z,FALSE
34.1_16.1,2025-12-25,23.11261111111111,36,2025-12-25T00:30:00Z,2025-12-26T00:00:00Z,TRUE
34.1_16.1,2025-12-26,15.379971428571428,35,2025-12-26T00:30:00Z,2025-12-26T23:30:00Z,FALSE
34.1_16.1,2025-12-27,10.084054054054054,37,2025-12-27T00:30:00Z,2025-12-28T00:00:00Z,TRUE
34.1_16.1,2025-12-28,30.709487804878048,41,2025-12-28T00:30:00Z,2025-12-28T23:00:00Z,TRUE
34.1_16.1,2025-12-29,4.3814705882352944,34,2025-12-29T00:30:00Z,2025-12-30T00:00:00Z,FALSE
34.1_16.1,2025-12-30,3.1457241379310346,29,2025-12-30T00:30:00Z,2025-12-31T00:00:00Z,FALSE
34.1_16.1,2025-12-31,12.971,32,2025-12-31T00:30:00Z,2025-12-31T22:30:00Z,FALSE
35.1,2025-06-16,7.450888888888889,9,2025-06-16T17:00:00Z,2025-06-16T23:00:00Z,FALSE
35.1,2025-06-17,11.335142857142857,21,2025-06-17T01:30:00Z,2025-06-18T00:00:00Z,FALSE
35.1,2025-06-18,9.483739130434783,23,2025-06-18T00:30:00Z,2025-06-19T00:00:00Z,FALSE
35.1,2025-06-19,7.9255,8,2025-06-19T00:30:00Z,2025-06-19T22:30:00Z,FALSE
35.1,2025-06-20,8.73,9,2025-06-20T01:00:00Z,2025-06-20T22:00:00Z,FALSE
35.1,2025-06-21,11.236576923076923,26,2025-06-21T01:00:00Z,2025-06-22T00:00:00Z,FALSE
35.1,2025-06-22,8.415966666666666,30,2025-06-22T01:30:00Z,2025-06-23T00:00:00Z,FALSE
35.1,2025-06-23,8.182076923076924,26,2025-06-23T01:00:00Z,2025-06-23T23:30:00Z,FALSE
35.1,2025-06-24,9.453689655172413,29,2025-06-24T00:30:00Z,2025-06-24T23:30:00Z,FALSE
35.1,2025-06-25,10.830066666666667,30,2025-06-25T00:30:00Z,2025-06-26T00:00:00Z,FALSE
35.1,2025-06-26,12.077787878787879,33,2025-06-26T00:30:00Z,2025-06-26T23:00:00Z,FALSE
35.1,2025-06-27,10.25265625,32,2025-06-27T00:30:00Z,2025-06-27T23:00:00Z,FALSE
35.1,2025-06-28,9.441,23,2025-06-28T01:00:00Z,2025-06-29T00:00:00Z,FALSE
35.1,2025-06-29,6.27162962962963,27,2025-06-29T01:00:00Z,2025-06-30T00:00:00Z,FALSE
35.1,2025-06-30,9.8986875,32,2025-06-30T01:00:00Z,2025-07-01T00:00:00Z,FALSE
35.1,2025-07-01,8.207966666666668,30,2025-07-01T00:30:00Z,2025-07-02T00:00:00Z,FALSE
35.1,2025-07-02,8.730586206896552,29,2025-07-02T01:00:00Z,2025-07-02T23:30:00Z,FALSE
35.1,2025-07-03,18.991774193548387,31,2025-07-03T01:30:00Z,2025-07-03T23:30:00Z,FALSE
35.1,2025-07-04,20.75940740740741,27,2025-07-04T02:30:00Z,2025-07-04T23:00:00Z,FALSE
35.1,2025-07-05,27.566030303030306,33,2025-07-05T00:30:00Z,2025-07-05T23:00:00Z,FALSE
35.1,2025-07-06,10.72430303030303,33,2025-07-06T00:30:00Z,2025-07-07T00:00:00Z,FALSE
35.1,2025-07-07,11.491333333333333,21,2025-07-07T01:00:00Z,2025-07-08T00:00:00Z,FALSE
35.1,2025-07-08,15.71765,20,2025-07-08T00:30:00Z,2025-07-08T22:30:00Z,FALSE
35.1,2025-07-09,19.72742857142857,21,2025-07-09T00:30:00Z,2025-07-10T00:00:00Z,FALSE
35.1,2025-07-10,17.19217391304348,23,2025-07-10T00:30:00Z,2025-07-10T23:00:00Z,FALSE
35.1,2025-07-11,10.8382,20,2025-07-11T02:00:00Z,2025-07-11T23:30:00Z,FALSE
35.1,2025-07-12,7.269608695652174,23,2025-07-12T00:30:00Z,2025-07-12T23:30:00Z,FALSE
35.1,2025-07-13,5.512172413793103,29,2025-07-13T00:30:00Z,2025-07-14T00:00:00Z,FALSE
35.1,2025-07-14,23.312538461538463,26,2025-07-14T00:30:00Z,2025-07-15T00:00:00Z,FALSE
35.1,2025-07-15,37.53006060606061,33,2025-07-15T00:30:00Z,2025-07-16T00:00:00Z,FALSE
35.1,2025-07-16,33.19770833333333,24,2025-07-16T00:30:00Z,2025-07-16T23:30:00Z,FALSE
35.1,2025-07-17,8.8928125,16,2025-07-17T02:00:00Z,2025-07-17T23:30:00Z,FALSE
35.1,2025-07-18,2.721,13,2025-07-18T00:30:00Z,2025-07-18T23:30:00Z,FALSE
35.1,2025-07-19,3.2959411764705884,17,2025-07-19T01:00:00Z,2025-07-19T23:30:00Z,FALSE
35.1,2025-07-20,7.935833333333333,18,2025-07-20T02:00:00Z,2025-07-20T21:30:00Z,FALSE
35.1,2025-07-21,19.841,10,2025-07-21T04:00:00Z,2025-07-21T21:00:00Z,FALSE
35.1,2025-07-22,5.322272727272727,11,2025-07-22T02:00:00Z,2025-07-22T23:30:00Z,FALSE
35.1,2025-07-23,3.7140555555555554,18,2025-07-23T00:30:00Z,2025-07-23T23:30:00Z,FALSE
35.1,2025-07-24,14.010914285714286,35,2025-07-24T00:30:00Z,2025-07-25T00:00:00Z,FALSE
35.1,2025-07-25,16.573882352941176,17,2025-07-25T00:30:00Z,2025-07-26T00:00:00Z,FALSE
35.1,2025-07-26,9.905866666666666,15,2025-07-26T01:00:00Z,2025-07-26T22:30:00Z,FALSE
35.1,2025-07-27,10.005736842105263,19,2025-07-27T00:30:00Z,2025-07-28T00:00:00Z,FALSE
35.1,2025-07-28,10.993296296296297,27,2025-07-28T01:00:00Z,2025-07-28T23:00:00Z,FALSE
35.1,2025-07-29,7.780392857142857,28,2025-07-29T00:30:00Z,2025-07-30T00:00:00Z,FALSE
35.1,2025-07-30,17.390969696969698,33,2025-07-30T01:30:00Z,2025-07-31T00:00:00Z,FALSE
35.1,2025-07-31,40.426875,8,2025-07-31T01:00:00Z,2025-07-31T17:00:00Z,FALSE
35.1,2025-08-01,13.50925,8,2025-08-01T00:30:00Z,2025-08-01T23:00:00Z,FALSE
35.1,2025-08-02,6.5885,8,2025-08-02T03:00:00Z,2025-08-02T21:00:00Z,FALSE
35.1,2025-08-03,16.12381818181818,22,2025-08-03T01:30:00Z,2025-08-03T23:00:00Z,FALSE
35.1,2025-08-04,33.04678571428572,14,2025-08-04T02:30:00Z,2025-08-05T00:00:00Z,FALSE
35.1,2025-08-05,37.629285714285714,21,2025-08-05T01:00:00Z,2025-08-05T23:30:00Z,FALSE
35.1,2025-08-06,25.6875,18,2025-08-06T01:00:00Z,2025-08-07T00:00:00Z,FALSE
35.1,2025-08-07,19.188076923076924,26,2025-08-07T01:00:00Z,2025-08-07T23:30:00Z,FALSE
35.1,2025-08-08,13.628730769230769,26,2025-08-08T00:30:00Z,2025-08-09T00:00:00Z,FALSE
35.1,2025-08-09,21.188,27,2025-08-09T00:30:00Z,2025-08-10T00:00:00Z,FALSE
35.1,2025-08-10,27.188965517241378,29,2025-08-10T00:30:00Z,2025-08-11T00:00:00Z,FALSE
35.1,2025-08-11,20.970387096774193,31,2025-08-11T00:30:00Z,2025-08-11T23:30:00Z,FALSE
35.1,2025-08-12,15.65904347826087,23,2025-08-12T01:00:00Z,2025-08-12T22:00:00Z,FALSE
35.1,2025-08-13,7.640000000000001,3,2025-08-13T04:30:00Z,2025-08-13T14:30:00Z,FALSE
35.1,2025-08-18,2.6637999999999997,5,2025-08-18T13:30:00Z,2025-08-19T00:00:00Z,FALSE
35.1,2025-08-21,1.1501666666666668,6,2025-08-21T05:30:00Z,2025-08-21T16:30:00Z,FALSE
35.1,2025-08-23,6.14175,4,2025-08-23T10:30:00Z,2025-08-23T16:30:00Z,FALSE
35.1,2025-08-26,7.148,1,2025-08-26T05:30:00Z,2025-08-26T05:30:00Z,FALSE
35.1,2025-08-27,10.204,1,2025-08-27T12:00:00Z,2025-08-27T12:00:00Z,FALSE
35.1,2025-08-28,3.249,3,2025-08-28T06:00:00Z,2025-08-28T10:30:00Z,FALSE
35.1,2025-09-01,6.0808,5,2025-09-01T09:30:00Z,2025-09-01T23:30:00Z,FALSE
35.1,2025-09-02,5.816,3,2025-09-02T04:00:00Z,2025-09-02T09:00:00Z,FALSE
35.1,2025-09-03,4.7915,2,2025-09-03T07:30:00Z,2025-09-03T14:00:00Z,FALSE
35.1,2025-09-04,4.42,2,2025-09-04T18:30:00Z,2025-09-04T23:30:00Z,FALSE
35.1,2025-09-05,16.992,7,2025-09-05T04:30:00Z,2025-09-05T19:30:00Z,FALSE
35.1,2025-09-06,8.013,5,2025-09-06T03:30:00Z,2025-09-06T13:00:00Z,FALSE
35.1,2025-09-07,4.4643999999999995,5,2025-09-07T06:30:00Z,2025-09-07T21:30:00Z,FALSE
35.1,2025-09-08,4.766166666666667,6,2025-09-08T01:00:00Z,2025-09-08T09:00:00Z,FALSE
35.1,2025-09-10,3.0105,2,2025-09-10T21:00:00Z,2025-09-10T23:30:00Z,FALSE
35.1,2025-09-11,9.859666666666666,3,2025-09-11T10:00:00Z,2025-09-11T12:30:00Z,FALSE
35.1,2025-09-12,8.2576,5,2025-09-12T01:00:00Z,2025-09-13T00:00:00Z,FALSE
35.1,2025-09-13,12.7928,5,2025-09-13T01:30:00Z,2025-09-13T13:00:00Z,FALSE
35.1,2025-09-15,13.373666666666667,6,2025-09-15T07:00:00Z,2025-09-16T00:00:00Z,FALSE
35.1,2025-09-16,12.130600000000001,5,2025-09-16T03:00:00Z,2025-09-16T18:00:00Z,FALSE
35.1,2025-09-17,19.915,1,2025-09-17T04:00:00Z,2025-09-17T04:00:00Z,FALSE
35.1,2025-09-21,7.397222222222222,18,2025-09-21T00:30:00Z,2025-09-21T23:00:00Z,FALSE
35.1,2025-09-22,15.214500000000001,4,2025-09-22T02:30:00Z,2025-09-22T18:00:00Z,FALSE
35.1,2025-09-23,7.566,1,2025-09-23T07:30:00Z,2025-09-23T07:30:00Z,FALSE
35.1,2025-09-24,12.1038,5,2025-09-24T05:00:00Z,2025-09-24T19:00:00Z,FALSE
35.1,2025-09-25,17.397833333333335,6,2025-09-25T04:00:00Z,2025-09-26T00:00:00Z,FALSE
35.1,2025-09-26,23.838666666666665,3,2025-09-26T14:00:00Z,2025-09-26T16:30:00Z,FALSE
35.2,2025-10-17,1.7357692307692307,13,2025-10-17T18:00:00Z,2025-10-18T00:00:00Z,FALSE
35.2,2025-10-18,4.433395833333333,48,2025-10-18T00:30:00Z,2025-10-19T00:00:00Z,TRUE
35.2,2025-10-19,8.059895833333334,48,2025-10-19T00:30:00Z,2025-10-20T00:00:00Z,TRUE
35.2,2025-10-20,2.2271627906976743,43,2025-10-20T00:30:00Z,2025-10-21T00:00:00Z,TRUE
35.2,2025-10-21,2.4522500000000003,48,2025-10-21T00:30:00Z,2025-10-22T00:00:00Z,TRUE
35.2,2025-10-22,2.290395833333333,48,2025-10-22T00:30:00Z,2025-10-23T00:00:00Z,TRUE
35.2,2025-10-23,3.215854166666667,48,2025-10-23T00:30:00Z,2025-10-24T00:00:00Z,TRUE
35.2,2025-10-24,2.222875,48,2025-10-24T00:30:00Z,2025-10-25T00:00:00Z,TRUE
35.2,2025-10-25,3.44725,48,2025-10-25T00:30:00Z,2025-10-26T00:00:00Z,TRUE
35.2,2025-10-26,2.59825,48,2025-10-26T00:30:00Z,2025-10-27T00:00:00Z,TRUE
35.2,2025-10-27,1.9998541666666667,48,2025-10-27T00:30:00Z,2025-10-28T00:00:00Z,TRUE
35.2,2025-10-28,2.2870833333333334,48,2025-10-28T00:30:00Z,2025-10-29T00:00:00Z,TRUE
35.2,2025-10-29,2.9367916666666667,48,2025-10-29T00:30:00Z,2025-10-30T00:00:00Z,TRUE
35.2,2025-10-30,2.1401875,48,2025-10-30T00:30:00Z,2025-10-31T00:00:00Z,TRUE
35.2,2025-10-31,2.5714166666666665,48,2025-10-31T00:30:00Z,2025-11-01T00:00:00Z,TRUE
35.2,2025-11-01,7.283729166666667,48,2025-11-01T00:30:00Z,2025-11-02T00:00:00Z,TRUE
35.2,2025-11-02,15.341291666666667,48,2025-11-02T00:30:00Z,2025-11-03T00:00:00Z,TRUE
35.2,2025-11-03,10.866666666666665,48,2025-11-03T00:30:00Z,2025-11-04T00:00:00Z,TRUE
35.2,2025-11-04,2.1211458333333333,48,2025-11-04T00:30:00Z,2025-11-05T00:00:00Z,TRUE
35.2,2025-11-05,4.404020833333333,48,2025-11-05T00:30:00Z,2025-11-06T00:00:00Z,TRUE
35.2,2025-11-06,1.7109375,48,2025-11-06T00:30:00Z,2025-11-07T00:00:00Z,TRUE
35.2,2025-11-07,7.775145833333334,48,2025-11-07T00:30:00Z,2025-11-08T00:00:00Z,TRUE
35.2,2025-11-08,7.898729166666666,48,2025-11-08T00:30:00Z,2025-11-09T00:00:00Z,TRUE
35.2,2025-11-09,5.452916666666667,48,2025-11-09T00:30:00Z,2025-11-10T00:00:00Z,TRUE
35.2,2025-11-10,1.6371041666666666,48,2025-11-10T00:30:00Z,2025-11-11T00:00:00Z,TRUE
35.2,2025-11-11,3.8691875,48,2025-11-11T00:30:00Z,2025-11-12T00:00:00Z,TRUE
35.2,2025-11-12,4.353553191489362,47,2025-11-12T00:30:00Z,2025-11-13T00:00:00Z,TRUE
35.2,2025-11-13,2.6443541666666666,48,2025-11-13T00:30:00Z,2025-11-14T00:00:00Z,TRUE
35.2,2025-11-14,6.799645833333333,48,2025-11-14T00:30:00Z,2025-11-15T00:00:00Z,TRUE
35.2,2025-11-15,12.809687499999999,48,2025-11-15T00:30:00Z,2025-11-16T00:00:00Z,TRUE
35.2,2025-11-16,3.830375,48,2025-11-16T00:30:00Z,2025-11-17T00:00:00Z,TRUE
35.2,2025-11-17,1.9170212765957448,47,2025-11-17T00:30:00Z,2025-11-18T00:00:00Z,TRUE
35.2,2025-11-18,6.0192499999999995,48,2025-11-18T00:30:00Z,2025-11-19T00:00:00Z,TRUE
35.2,2025-11-19,12.061166666666667,48,2025-11-19T00:30:00Z,2025-11-20T00:00:00Z,TRUE
35.2,2025-11-20,18.85275,48,2025-11-20T00:30:00Z,2025-11-21T00:00:00Z,TRUE
35.2,2025-11-21,22.665395833333335,48,2025-11-21T00:30:00Z,2025-11-22T00:00:00Z,TRUE
35.2,2025-11-22,11.961937500000001,48,2025-11-22T00:30:00Z,2025-11-23T00:00:00Z,TRUE
35.2,2025-11-23,11.7801875,48,2025-11-23T00:30:00Z,2025-11-24T00:00:00Z,TRUE
35.2,2025-11-24,3.1686666666666667,48,2025-11-24T00:30:00Z,2025-11-25T00:00:00Z,TRUE
35.2,2025-11-25,6.727645833333333,48,2025-11-25T00:30:00Z,2025-11-26T00:00:00Z,TRUE
35.2,2025-11-26,8.043666666666667,48,2025-11-26T00:30:00Z,2025-11-27T00:00:00Z,TRUE
35.2,2025-11-27,2.4507916666666665,48,2025-11-27T00:30:00Z,2025-11-28T00:00:00Z,TRUE
35.2,2025-11-28,2.179851063829787,47,2025-11-28T00:30:00Z,2025-11-29T00:00:00Z,TRUE
35.2,2025-11-29,3.468125,48,2025-11-29T00:30:00Z,2025-11-30T00:00:00Z,TRUE
35.2,2025-11-30,6.408041666666667,48,2025-11-30T00:30:00Z,2025-12-01T00:00:00Z,TRUE
35.2,2025-12-01,4.275625000000001,48,2025-12-01T00:30:00Z,2025-12-02T00:00:00Z,TRUE
35.2,2025-12-02,8.7633125,48,2025-12-02T00:30:00Z,2025-12-03T00:00:00Z,TRUE
35.2,2025-12-03,17.8171914893617,47,2025-12-03T00:30:00Z,2025-12-04T00:00:00Z,TRUE
35.2,2025-12-04,14.111229166666666,48,2025-12-04T00:30:00Z,2025-12-05T00:00:00Z,TRUE
35.2,2025-12-05,6.1956875,48,2025-12-05T00:30:00Z,2025-12-06T00:00:00Z,TRUE
35.2,2025-12-06,22.88975,48,2025-12-06T00:30:00Z,2025-12-07T00:00:00Z,TRUE
35.2,2025-12-07,20.215395833333332,48,2025-12-07T00:30:00Z,2025-12-08T00:00:00Z,TRUE
35.2,2025-12-08,2.5743541666666667,48,2025-12-08T00:30:00Z,2025-12-09T00:00:00Z,TRUE
35.2,2025-12-09,5.143479166666666,48,2025-12-09T00:30:00Z,2025-12-10T00:00:00Z,TRUE
35.2,2025-12-10,11.926833333333333,48,2025-12-10T00:30:00Z,2025-12-11T00:00:00Z,TRUE
35.2,2025-12-11,2.061,48,2025-12-11T00:30:00Z,2025-12-12T00:00:00Z,TRUE
35.2,2025-12-12,3.3552083333333336,48,2025-12-12T00:30:00Z,2025-12-13T00:00:00Z,TRUE
35.2,2025-12-13,15.738319148936169,47,2025-12-13T00:30:00Z,2025-12-14T00:00:00Z,TRUE
35.2,2025-12-14,2.6476041666666665,48,2025-12-14T00:30:00Z,2025-12-15T00:00:00Z,TRUE
35.2,2025-12-15,4.702,34,2025-12-15T00:30:00Z,2025-12-16T00:00:00Z,FALSE
35.2,2025-12-16,7.376972222222222,36,2025-12-16T00:30:00Z,2025-12-17T00:00:00Z,TRUE
35.2,2025-12-17,11.3536875,48,2025-12-17T00:30:00Z,2025-12-18T00:00:00Z,TRUE
35.2,2025-12-18,10.482166666666666,48,2025-12-18T00:30:00Z,2025-12-19T00:00:00Z,TRUE
35.2,2025-12-19,5.585833333333333,48,2025-12-19T00:30:00Z,2025-12-20T00:00:00Z,TRUE
35.2,2025-12-20,5.479729166666667,48,2025-12-20T00:30:00Z,2025-12-21T00:00:00Z,TRUE
35.2,2025-12-21,3.8561276595744682,47,2025-12-21T00:30:00Z,2025-12-22T00:00:00Z,TRUE
35.2,2025-12-22,6.8808125,48,2025-12-22T00:30:00Z,2025-12-23T00:00:00Z,TRUE
35.2,2025-12-23,13.758291666666665,48,2025-12-23T00:30:00Z,2025-12-24T00:00:00Z,TRUE
35.2,2025-12-24,23.841104166666668,48,2025-12-24T00:30:00Z,2025-12-25T00:00:00Z,TRUE
35.2,2025-12-25,19.154895833333335,48,2025-12-25T00:30:00Z,2025-12-26T00:00:00Z,TRUE
35.2,2025-12-26,10.1665625,48,2025-12-26T00:30:00Z,2025-12-27T00:00:00Z,TRUE
35.2,2025-12-27,11.504854166666666,48,2025-12-27T00:30:00Z,2025-12-28T00:00:00Z,TRUE
35.2,2025-12-28,27.585782608695652,46,2025-12-28T00:30:00Z,2025-12-28T23:30:00Z,TRUE
