sensor_id,site_id,latitude,longitude,datetime_utc,pm25,removal_reason
3.1,3.1,41.575635,-81.541699,2025-06-27T04:30:00Z,365.947,PM2.5 > 250
3.1,3.1,41.575635,-81.541699,2025-06-27T09:00:00Z,370.499,PM2.5 > 250
3.1,3.1,41.575635,-81.541699,2025-11-22T02:30:00Z,2570.117,PM2.5 > 250
5.1,5.1_19.3_24.2,41.46274,-81.65997,2025-09-21T06:30:00Z,436.353,PM2.5 > 250
17.2,9.1_17.2,41.49212,-81.67856,2025-06-07T02:00:00Z,581.901,PM2.5 > 250
11.1,11.1_32.1_18.2,41.56206,-81.564009,2025-03-28T07:30:00Z,1231.466,PM2.5 > 250
18.2,11.1_32.1_18.2,41.56206,-81.564009,2025-10-07T14:00:00Z,424.119,PM2.5 > 250
18.2,11.1_32.1_18.2,41.56206,-81.564009,2025-10-09T00:00:00Z,4694.168,PM2.5 > 250
18.2,11.1_32.1_18.2,41.56206,-81.564009,2025-10-09T07:30:00Z,4130.89,PM2.5 > 250
18.2,11.1_32.1_18.2,41.56206,-81.564009,2025-10-10T14:30:00Z,700.251,PM2.5 > 250
18.2,11.1_32.1_18.2,41.56206,-81.564009,2025-10-11T04:30:00Z,276.161,PM2.5 > 250
18.2,11.1_32.1_18.2,41.56206,-81.564009,2025-10-14T12:00:00Z,417.944,PM2.5 > 250
18.2,11.1_32.1_18.2,41.56206,-81.564009,2025-10-15T10:00:00Z,576.748,PM2.5 > 250
18.2,11.1_32.1_18.2,41.56206,-81.564009,2025-10-15T10:30:00Z,448.778,PM2.5 > 250
18.2,11.1_32.1_18.2,41.56206,-81.564009,2025-10-16T00:00:00Z,392.245,PM2.5 > 250
18.2,11.1_32.1_18.2,41.56206,-81.564009,2025-10-20T09:30:00Z,1491.95,PM2.5 > 250
18.2,11.1_32.1_18.2,41.56206,-81.564009,2025-10-20T10:00:00Z,2751.333,PM2.5 > 250
18.2,11.1_32.1_18.2,41.56206,-81.564009,2025-10-20T11:30:00Z,556.556,PM2.5 > 250
18.2,11.1_32.1_18.2,41.56206,-81.564009,2025-10-20T23:00:00Z,477.925,PM2.5 > 250
18.2,11.1_32.1_18.2,41.56206,-81.564009,2025-10-21T04:30:00Z,412.267,PM2.5 > 250
18.2,11.1_32.1_18.2,41.56206,-81.564009,2025-10-21T07:30:00Z,2551.725,PM2.5 > 250
18.2,11.1_32.1_18.2,41.56206,-81.564009,2025-10-21T09:30:00Z,2939.766,PM2.5 > 250
18.2,11.1_32.1_18.2,41.56206,-81.564009,2025-10-21T11:00:00Z,2483.902,PM2.5 > 250
18.2,11.1_32.1_18.2,41.56206,-81.564009,2025-10-23T09:30:00Z,668.542,PM2.5 > 250
18.2,11.1_32.1_18.2,41.56206,-81.564009,2025-10-23T11:30:00Z,1157.076,PM2.5 > 250
18.2,11.1_32.1_18.2,41.56206,-81.564009,2025-10-23T20:30:00Z,1376.052,PM2.5 > 250
18.2,11.1_32.1_18.2,41.56206,-81.564009,2025-10-23T23:00:00Z,1473.154,PM2.5 > 250
18.2,11.1_32.1_18.2,41.56206,-81.564009,2025-10-24T21:30:00Z,823.562,PM2.5 > 250
18.2,11.1_32.1_18.2,41.56206,-81.564009,2025-10-25T05:00:00Z,379.726,PM2.5 > 250
18.2,11.1_32.1_18.2,41.56206,-81.564009,2025-10-25T14:00:00Z,2246.667,PM2.5 > 250
18.2,11.1_32.1_18.2,41.56206,-81.564009,2025-10-28T23:30:00Z,603.271,PM2.5 > 250
18.2,11.1_32.1_18.2,41.56206,-81.564009,2025-10-30T08:30:00Z,699.872,PM2.5 > 250
18.2,11.1_32.1_18.2,41.56206,-81.564009,2025-10-30T15:00:00Z,276.552,PM2.5 > 250
18.2,11.1_32.1_18.2,41.56206,-81.564009,2025-10-30T16:30:00Z,256.564,PM2.5 > 250
18.2,11.1_32.1_18.2,41.56206,-81.564009,2025-10-31T17:00:00Z,791.378,PM2.5 > 250
18.2,11.1_32.1_18.2,41.56206,-81.564009,2025-10-31T20:00:00Z,2898.954,PM2.5 > 250
18.2,11.1_32.1_18.2,41.56206,-81.564009,2025-10-31T20:30:00Z,1118.526,PM2.5 > 250
18.2,11.1_32.1_18.2,41.56206,-81.564009,2025-10-31T22:30:00Z,3713.25,PM2.5 > 250
18.2,11.1_32.1_18.2,41.56206,-81.564009,2025-11-02T12:30:00Z,460.012,PM2.5 > 250
18.2,11.1_32.1_18.2,41.56206,-81.564009,2025-11-04T07:00:00Z,2172.92,PM2.5 > 250
18.2,11.1_32.1_18.2,41.56206,-81.564009,2025-11-05T04:00:00Z,659.213,PM2.5 > 250
18.2,11.1_32.1_18.2,41.56206,-81.564009,2025-11-05T05:00:00Z,291.935,PM2.5 > 250
18.2,11.1_32.1_18.2,41.56206,-81.564009,2025-11-05T13:00:00Z,2862.296,PM2.5 > 250
18.2,11.1_32.1_18.2,41.56206,-81.564009,2025-11-09T01:00:00Z,290.959,PM2.5 > 250
18.2,11.1_32.1_18.2,41.56206,-81.564009,2025-11-10T15:30:00Z,1094.501,PM2.5 > 250
18.2,11.1_32.1_18.2,41.56206,-81.564009,2025-11-10T16:00:00Z,264.758,PM2.5 > 250
18.2,11.1_32.1_18.2,41.56206,-81.564009,2025-11-10T18:30:00Z,397.033,PM2.5 > 250
18.2,11.1_32.1_18.2,41.56206,-81.564009,2025-11-10T19:00:00Z,3830.686,PM2.5 > 250
18.2,11.1_32.1_18.2,41.56206,-81.564009,2025-11-11T05:00:00Z,508.886,PM2.5 > 250
18.2,11.1_32.1_18.2,41.56206,-81.564009,2025-11-11T18:00:00Z,1047.671,PM2.5 > 250
18.2,11.1_32.1_18.2,41.56206,-81.564009,2025-11-11T20:30:00Z,618.886,PM2.5 > 250
18.2,11.1_32.1_18.2,41.56206,-81.564009,2025-11-12T12:00:00Z,504.028,PM2.5 > 250
18.2,11.1_32.1_18.2,41.56206,-81.564009,2025-11-13T12:00:00Z,801.692,PM2.5 > 250
18.2,11.1_32.1_18.2,41.56206,-81.564009,2025-11-13T17:30:00Z,744.061,PM2.5 > 250
18.2,11.1_32.1_18.2,41.56206,-81.564009,2025-11-14T01:30:00Z,853.936,PM2.5 > 250
18.2,11.1_32.1_18.2,41.56206,-81.564009,2025-11-15T07:00:00Z,544.098,PM2.5 > 250
18.2,11.1_32.1_18.2,41.56206,-81.564009,2025-11-16T05:30:00Z,574.583,PM2.5 > 250
18.2,11.1_32.1_18.2,41.56206,-81.564009,2025-11-17T09:00:00Z,956.727,PM2.5 > 250
18.2,11.1_32.1_18.2,41.56206,-81.564009,2025-11-17T10:00:00Z,1880.58,PM2.5 > 250
18.2,11.1_32.1_18.2,41.56206,-81.564009,2025-11-17T14:00:00Z,1686.807,PM2.5 > 250
18.2,11.1_32.1_18.2,41.56206,-81.564009,2025-11-18T20:30:00Z,1358.125,PM2.5 > 250
18.2,11.1_32.1_18.2,41.56206,-81.564009,2025-11-18T22:30:00Z,281.341,PM2.5 > 250
18.2,11.1_32.1_18.2,41.56206,-81.564009,2025-11-18T23:00:00Z,300.772,PM2.5 > 250
18.2,11.1_32.1_18.2,41.56206,-81.564009,2025-11-19T02:00:00Z,717.175,PM2.5 > 250
18.2,11.1_32.1_18.2,41.56206,-81.564009,2025-11-19T12:30:00Z,546.908,PM2.5 > 250
18.2,11.1_32.1_18.2,41.56206,-81.564009,2025-11-19T19:00:00Z,265.451,PM2.5 > 250
18.2,11.1_32.1_18.2,41.56206,-81.564009,2025-11-20T18:00:00Z,1044.037,PM2.5 > 250
18.2,11.1_32.1_18.2,41.56206,-81.564009,2025-11-21T11:30:00Z,622.31,PM2.5 > 250
18.2,11.1_32.1_18.2,41.56206,-81.564009,2025-11-21T14:00:00Z,427.579,PM2.5 > 250
18.2,11.1_32.1_18.2,41.56206,-81.564009,2025-11-22T03:30:00Z,1802.573,PM2.5 > 250
18.2,11.1_32.1_18.2,41.56206,-81.564009,2025-11-22T04:00:00Z,530.888,PM2.5 > 250
18.2,11.1_32.1_18.2,41.56206,-81.564009,2025-11-22T16:30:00Z,1779.119,PM2.5 > 250
18.2,11.1_32.1_18.2,41.56206,-81.564009,2025-11-23T01:00:00Z,472.253,PM2.5 > 250
18.2,11.1_32.1_18.2,41.56206,-81.564009,2025-11-23T06:00:00Z,251.043,PM2.5 > 250
18.2,11.1_32.1_18.2,41.56206,-81.564009,2025-11-23T19:30:00Z,311.668,PM2.5 > 250
18.2,11.1_32.1_18.2,41.56206,-81.564009,2025-11-24T08:30:00Z,808.985,PM2.5 > 250
18.2,11.1_32.1_18.2,41.56206,-81.564009,2025-11-26T07:30:00Z,1021.283,PM2.5 > 250
18.2,11.1_32.1_18.2,41.56206,-81.564009,2025-11-26T09:30:00Z,670.86,PM2.5 > 250
18.2,11.1_32.1_18.2,41.56206,-81.564009,2025-12-08T12:30:00Z,1958.172,PM2.5 > 250
18.2,11.1_32.1_18.2,41.56206,-81.564009,2025-12-08T13:00:00Z,6547.996,PM2.5 > 250
18.2,11.1_32.1_18.2,41.56206,-81.564009,2025-12-08T23:30:00Z,311.367,PM2.5 > 250
18.2,11.1_32.1_18.2,41.56206,-81.564009,2025-12-09T22:00:00Z,453.66,PM2.5 > 250
18.2,11.1_32.1_18.2,41.56206,-81.564009,2025-12-10T00:30:00Z,721.34,PM2.5 > 250
18.2,11.1_32.1_18.2,41.56206,-81.564009,2025-12-10T03:30:00Z,1006.466,PM2.5 > 250
18.2,11.1_32.1_18.2,41.56206,-81.564009,2025-12-10T23:00:00Z,1192.204,PM2.5 > 250
18.2,11.1_32.1_18.2,41.56206,-81.564009,2025-12-11T19:00:00Z,295.607,PM2.5 > 250
18.2,11.1_32.1_18.2,41.56206,-81.564009,2025-12-13T12:00:00Z,1401.666,PM2.5 > 250
18.2,11.1_32.1_18.2,41.56206,-81.564009,2025-12-13T15:00:00Z,430.098,PM2.5 > 250
18.2,11.1_32.1_18.2,41.56206,-81.564009,2025-12-13T20:00:00Z,277.227,PM2.5 > 250
18.2,11.1_32.1_18.2,41.56206,-81.564009,2025-12-14T11:00:00Z,897.107,PM2.5 > 250
18.2,11.1_32.1_18.2,41.56206,-81.564009,2025-12-14T19:00:00Z,613.933,PM2.5 > 250
18.2,11.1_32.1_18.2,41.56206,-81.564009,2025-12-14T21:00:00Z,773.878,PM2.5 > 250
18.2,11.1_32.1_18.2,41.56206,-81.564009,2025-12-15T03:30:00Z,1785.914,PM2.5 > 250
18.2,11.1_32.1_18.2,41.56206,-81.564009,2025-12-15T06:30:00Z,1020.444,PM2.5 > 250
18.2,11.1_32.1_18.2,41.56206,-81.564009,2025-12-15T11:30:00Z,541.13,PM2.5 > 250
18.2,11.1_32.1_18.2,41.56206,-81.564009,2025-12-16T10:00:00Z,742.956,PM2.5 > 250
18.2,11.1_32.1_18.2,41.56206,-81.564009,2025-12-16T22:00:00Z,1231.128,PM2.5 > 250
18.2,11.1_32.1_18.2,41.56206,-81.564009,2025-12-16T23:30:00Z,687.745,PM2.5 > 250
18.2,11.1_32.1_18.2,41.56206,-81.564009,2025-12-17T00:30:00Z,1011.87,PM2.5 > 250
18.2,11.1_32.1_18.2,41.56206,-81.564009,2025-12-17T03:00:00Z,1197.442,PM2.5 > 250
18.2,11.1_32.1_18.2,41.56206,-81.564009,2025-12-17T03:30:00Z,721.867,PM2.5 > 250
18.2,11.1_32.1_18.2,41.56206,-81.564009,2025-12-17T11:00:00Z,478.217,PM2.5 > 250
18.2,11.1_32.1_18.2,41.56206,-81.564009,2025-12-17T14:00:00Z,576.311,PM2.5 > 250
18.2,11.1_32.1_18.2,41.56206,-81.564009,2025-12-17T17:30:00Z,2297.31,PM2.5 > 250
18.2,11.1_32.1_18.2,41.56206,-81.564009,2025-12-17T21:30:00Z,2416.049,PM2.5 > 250
18.2,11.1_32.1_18.2,41.56206,-81.564009,2025-12-17T23:30:00Z,504.629,PM2.5 > 250
18.2,11.1_32.1_18.2,41.56206,-81.564009,2025-12-19T12:00:00Z,347.23,PM2.5 > 250
18.2,11.1_32.1_18.2,41.56206,-81.564009,2025-12-23T21:00:00Z,321.169,PM2.5 > 250
18.2,11.1_32.1_18.2,41.56206,-81.564009,2025-12-23T21:30:00Z,284.774,PM2.5 > 250
18.2,11.1_32.1_18.2,41.56206,-81.564009,2025-12-25T05:00:00Z,1090.835,PM2.5 > 250
18.2,11.1_32.1_18.2,41.56206,-81.564009,2025-12-25T07:30:00Z,362.284,PM2.5 > 250
18.2,11.1_32.1_18.2,41.56206,-81.564009,2025-12-26T16:30:00Z,514.894,PM2.5 > 250
18.2,11.1_32.1_18.2,41.56206,-81.564009,2025-12-27T18:00:00Z,400.903,PM2.5 > 250
18.2,11.1_32.1_18.2,41.56206,-81.564009,2025-12-27T22:00:00Z,947.476,PM2.5 > 250
18.2,11.1_32.1_18.2,41.56206,-81.564009,2025-12-28T06:00:00Z,4712.617,PM2.5 > 250
18.2,11.1_32.1_18.2,41.56206,-81.564009,2025-12-28T06:30:00Z,6824.529,PM2.5 > 250
18.2,11.1_32.1_18.2,41.56206,-81.564009,2025-12-28T07:30:00Z,4579.652,PM2.5 > 250
18.2,11.1_32.1_18.2,41.56206,-81.564009,2025-12-28T20:00:00Z,956.13,PM2.5 > 250
18.2,11.1_32.1_18.2,41.56206,-81.564009,2025-12-28T23:30:00Z,879.25,PM2.5 > 250
18.2,11.1_32.1_18.2,41.56206,-81.564009,2025-12-29T00:00:00Z,1188.925,PM2.5 > 250
18.2,11.1_32.1_18.2,41.56206,-81.564009,2025-12-29T11:00:00Z,1234.413,PM2.5 > 250
18.2,11.1_32.1_18.2,41.56206,-81.564009,2025-12-29T13:30:00Z,472.281,PM2.5 > 250
33.2,13.1_33.2,41.489571,-81.71175,2025-11-25T21:00:00Z,506.01,PM2.5 > 250
33.2,13.1_33.2,41.489571,-81.71175,2025-11-26T08:00:00Z,568.78,PM2.5 > 250
33.2,13.1_33.2,41.489571,-81.71175,2025-12-10T05:30:00Z,414.284,PM2.5 > 250
33.2,13.1_33.2,41.489571,-81.71175,2025-12-10T07:30:00Z,273.484,PM2.5 > 250
33.2,13.1_33.2,41.489571,-81.71175,2025-12-10T09:00:00Z,254.657,PM2.5 > 250
33.2,13.1_33.2,41.489571,-81.71175,2025-12-19T04:00:00Z,719.116,PM2.5 > 250
33.2,13.1_33.2,41.489571,-81.71175,2025-12-22T22:00:00Z,269.494,PM2.5 > 250
33.2,13.1_33.2,41.489571,-81.71175,2025-12-26T19:00:00Z,564.805,PM2.5 > 250
33.2,13.1_33.2,41.489571,-81.71175,2025-12-28T02:30:00Z,291.889,PM2.5 > 250
33.2,13.1_33.2,41.489571,-81.71175,2025-12-28T16:00:00Z,430.012,PM2.5 > 250
33.2,13.1_33.2,41.489571,-81.71175,2025-12-28T17:00:00Z,333.49,PM2.5 > 250
33.2,13.1_33.2,41.489571,-81.71175,2025-12-28T20:30:00Z,252.089,PM2.5 > 250
33.2,13.1_33.2,41.489571,-81.71175,2025-12-28T21:00:00Z,417.419,PM2.5 > 250
33.2,13.1_33.2,41.489571,-81.71175,2025-12-28T21:30:00Z,268.935,PM2.5 > 250
33.2,13.1_33.2,41.489571,-81.71175,2025-12-28T22:00:00Z,534.173,PM2.5 > 250
18.1,18.1_26.1,41.47918,-81.75257,2025-04-26T03:00:00Z,294.239,PM2.5 > 250
18.1,18.1_26.1,41.47918,-81.75257,2025-04-26T16:00:00Z,495.961,PM2.5 > 250
18.1,18.1_26.1,41.47918,-81.75257,2025-04-26T16:30:00Z,1159.71,PM2.5 > 250
18.1,18.1_26.1,41.47918,-81.75257,2025-04-26T17:00:00Z,329.431,PM2.5 > 250
18.1,18.1_26.1,41.47918,-81.75257,2025-04-26T17:30:00Z,374.368,PM2.5 > 250
18.1,18.1_26.1,41.47918,-81.75257,2025-04-26T18:00:00Z,957.547,PM2.5 > 250
18.1,18.1_26.1,41.47918,-81.75257,2025-04-26T18:30:00Z,1138.143,PM2.5 > 250
18.1,18.1_26.1,41.47918,-81.75257,2025-04-26T19:00:00Z,1773.672,PM2.5 > 250
18.1,18.1_26.1,41.47918,-81.75257,2025-04-26T19:30:00Z,1598.412,PM2.5 > 250
18.1,18.1_26.1,41.47918,-81.75257,2025-04-26T20:00:00Z,1626.31,PM2.5 > 250
18.1,18.1_26.1,41.47918,-81.75257,2025-04-26T20:30:00Z,1389.791,PM2.5 > 250
18.1,18.1_26.1,41.47918,-81.75257,2025-04-26T21:00:00Z,1504.778,PM2.5 > 250
18.1,18.1_26.1,41.47918,-81.75257,2025-04-26T21:30:00Z,820.563,PM2.5 > 250
18.1,18.1_26.1,41.47918,-81.75257,2025-04-26T22:00:00Z,785.32,PM2.5 > 250
18.1,18.1_26.1,41.47918,-81.75257,2025-04-26T22:30:00Z,687.258,PM2.5 > 250
18.1,18.1_26.1,41.47918,-81.75257,2025-04-26T23:00:00Z,592.951,PM2.5 > 250
18.1,18.1_26.1,41.47918,-81.75257,2025-04-26T23:30:00Z,435.307,PM2.5 > 250
18.1,18.1_26.1,41.47918,-81.75257,2025-04-27T00:00:00Z,265.061,PM2.5 > 250
18.1,18.1_26.1,41.47918,-81.75257,2025-04-27T03:30:00Z,253.482,PM2.5 > 250
18.1,18.1_26.1,41.47918,-81.75257,2025-04-27T11:30:00Z,1425.288,PM2.5 > 250
18.1,18.1_26.1,41.47918,-81.75257,2025-04-27T12:00:00Z,1996.534,PM2.5 > 250
18.1,18.1_26.1,41.47918,-81.75257,2025-04-27T12:30:00Z,506.496,PM2.5 > 250
18.1,18.1_26.1,41.47918,-81.75257,2025-04-27T13:00:00Z,494.449,PM2.5 > 250
18.1,18.1_26.1,41.47918,-81.75257,2025-04-27T13:30:00Z,695.325,PM2.5 > 250
18.1,18.1_26.1,41.47918,-81.75257,2025-04-27T14:00:00Z,1160.734,PM2.5 > 250
18.1,18.1_26.1,41.47918,-81.75257,2025-04-27T14:30:00Z,1318.397,PM2.5 > 250
18.1,18.1_26.1,41.47918,-81.75257,2025-04-27T15:00:00Z,268.289,PM2.5 > 250
18.1,18.1_26.1,41.47918,-81.75257,2025-04-27T15:30:00Z,609.611,PM2.5 > 250
18.1,18.1_26.1,41.47918,-81.75257,2025-04-27T16:00:00Z,1345.203,PM2.5 > 250
18.1,18.1_26.1,41.47918,-81.75257,2025-04-27T16:30:00Z,288.081,PM2.5 > 250
18.1,18.1_26.1,41.47918,-81.75257,2025-04-27T17:00:00Z,741.756,PM2.5 > 250
18.1,18.1_26.1,41.47918,-81.75257,2025-04-27T17:30:00Z,1091.721,PM2.5 > 250
18.1,18.1_26.1,41.47918,-81.75257,2025-04-27T18:00:00Z,263.159,PM2.5 > 250
18.1,18.1_26.1,41.47918,-81.75257,2025-04-27T18:30:00Z,522.015,PM2.5 > 250
18.1,18.1_26.1,41.47918,-81.75257,2025-04-27T19:00:00Z,1957.418,PM2.5 > 250
18.1,18.1_26.1,41.47918,-81.75257,2025-04-27T19:30:00Z,1738.302,PM2.5 > 250
18.1,18.1_26.1,41.47918,-81.75257,2025-04-27T20:00:00Z,2737.637,PM2.5 > 250
18.1,18.1_26.1,41.47918,-81.75257,2025-04-27T20:30:00Z,2490.213,PM2.5 > 250
18.1,18.1_26.1,41.47918,-81.75257,2025-04-27T21:00:00Z,2057.832,PM2.5 > 250
18.1,18.1_26.1,41.47918,-81.75257,2025-04-27T21:30:00Z,1810.115,PM2.5 > 250
18.1,18.1_26.1,41.47918,-81.75257,2025-04-27T22:30:00Z,1642.552,PM2.5 > 250
18.1,18.1_26.1,41.47918,-81.75257,2025-04-27T23:00:00Z,459.498,PM2.5 > 250
18.1,18.1_26.1,41.47918,-81.75257,2025-04-27T23:30:00Z,367.796,PM2.5 > 250
18.1,18.1_26.1,41.47918,-81.75257,2025-04-28T00:00:00Z,457.967,PM2.5 > 250
18.1,18.1_26.1,41.47918,-81.75257,2025-04-28T03:00:00Z,523.228,PM2.5 > 250
18.1,18.1_26.1,41.47918,-81.75257,2025-04-28T03:30:00Z,688.467,PM2.5 > 250
18.1,18.1_26.1,41.47918,-81.75257,2025-04-28T04:00:00Z,478.324,PM2.5 > 250
18.1,18.1_26.1,41.47918,-81.75257,2025-04-28T11:30:00Z,400.873,PM2.5 > 250
18.1,18.1_26.1,41.47918,-81.75257,2025-04-28T12:00:00Z,625.043,PM2.5 > 250
18.1,18.1_26.1,41.47918,-81.75257,2025-04-28T12:30:00Z,1180.799,PM2.5 > 250
18.1,18.1_26.1,41.47918,-81.75257,2025-04-28T13:00:00Z,1629.851,PM2.5 > 250
18.1,18.1_26.1,41.47918,-81.75257,2025-04-28T13:30:00Z,3244.474,PM2.5 > 250
18.1,18.1_26.1,41.47918,-81.75257,2025-04-28T14:00:00Z,3417.862,PM2.5 > 250
18.1,18.1_26.1,41.47918,-81.75257,2025-04-28T14:30:00Z,1279.476,PM2.5 > 250
18.1,18.1_26.1,41.47918,-81.75257,2025-04-28T15:00:00Z,312.048,PM2.5 > 250
20.1,20.1,41.569957,-81.541194,2025-05-13T14:30:00Z,306.273,PM2.5 > 250
27.1,27.1,41.50541,-81.66791,2025-08-02T00:30:00Z,312.788,PM2.5 > 250
27.1,27.1,41.50541,-81.66791,2025-08-02T03:00:00Z,401.668,PM2.5 > 250
27.1,27.1,41.50541,-81.66791,2025-08-02T03:30:00Z,478.588,PM2.5 > 250
27.1,27.1,41.50541,-81.66791,2025-08-02T04:00:00Z,534.448,PM2.5 > 250
27.1,27.1,41.50541,-81.66791,2025-08-02T04:30:00Z,565.887,PM2.5 > 250
27.1,27.1,41.50541,-81.66791,2025-08-02T05:00:00Z,505.567,PM2.5 > 250
27.1,27.1,41.50541,-81.66791,2025-08-02T05:30:00Z,544.73,PM2.5 > 250
27.1,27.1,41.50541,-81.66791,2025-08-02T06:00:00Z,475.102,PM2.5 > 250
27.1,27.1,41.50541,-81.66791,2025-08-02T06:30:00Z,906.391,PM2.5 > 250
27.1,27.1,41.50541,-81.66791,2025-08-02T07:00:00Z,618.421,PM2.5 > 250
27.1,27.1,41.50541,-81.66791,2025-08-02T07:30:00Z,633.684,PM2.5 > 250
27.1,27.1,41.50541,-81.66791,2025-08-02T08:00:00Z,566.38,PM2.5 > 250
27.1,27.1,41.50541,-81.66791,2025-08-02T09:00:00Z,259.998,PM2.5 > 250
27.1,27.1,41.50541,-81.66791,2025-08-02T09:30:00Z,393.244,PM2.5 > 250
27.1,27.1,41.50541,-81.66791,2025-08-02T10:00:00Z,853.866,PM2.5 > 250
27.1,27.1,41.50541,-81.66791,2025-08-03T09:30:00Z,550.624,PM2.5 > 250
27.1,27.1,41.50541,-81.66791,2025-08-03T10:00:00Z,668.922,PM2.5 > 250
27.1,27.1,41.50541,-81.66791,2025-08-03T10:30:00Z,578.222,PM2.5 > 250
27.1,27.1,41.50541,-81.66791,2025-08-04T13:30:00Z,677.499,PM2.5 > 250
27.1,27.1,41.50541,-81.66791,2025-08-04T22:30:00Z,264.734,PM2.5 > 250
27.1,27.1,41.50541,-81.66791,2025-08-05T21:30:00Z,250.156,PM2.5 > 250
27.1,27.1,41.50541,-81.66791,2025-08-06T00:00:00Z,256.695,PM2.5 > 250
27.1,27.1,41.50541,-81.66791,2025-08-06T03:30:00Z,480.221,PM2.5 > 250
27.1,27.1,41.50541,-81.66791,2025-08-06T04:00:00Z,480.221,PM2.5 > 250
27.1,27.1,41.50541,-81.66791,2025-08-07T01:30:00Z,295.66,PM2.5 > 250
27.1,27.1,41.50541,-81.66791,2025-08-23T13:30:00Z,262.676,PM2.5 > 250
27.1,27.1,41.50541,-81.66791,2025-08-25T10:30:00Z,529.714,PM2.5 > 250
27.1,27.1,41.50541,-81.66791,2025-08-25T11:30:00Z,805.966,PM2.5 > 250
27.1,27.1,41.50541,-81.66791,2025-08-25T14:00:00Z,448.087,PM2.5 > 250
27.1,27.1,41.50541,-81.66791,2025-08-25T16:00:00Z,396.005,PM2.5 > 250
27.1,27.1,41.50541,-81.66791,2025-08-28T19:00:00Z,310.701,PM2.5 > 250
27.1,27.1,41.50541,-81.66791,2025-08-29T00:00:00Z,270.385,PM2.5 > 250
27.1,27.1,41.50541,-81.66791,2025-08-30T19:30:00Z,512.232,PM2.5 > 250
27.1,27.1,41.50541,-81.66791,2025-09-04T10:30:00Z,250.474,PM2.5 > 250
27.1,27.1,41.50541,-81.66791,2025-09-04T12:30:00Z,1117.942,PM2.5 > 250
27.1,27.1,41.50541,-81.66791,2025-09-04T13:00:00Z,527.246,PM2.5 > 250
27.1,27.1,41.50541,-81.66791,2025-09-04T13:30:00Z,896.248,PM2.5 > 250
27.1,27.1,41.50541,-81.66791,2025-09-04T14:00:00Z,292.556,PM2.5 > 250
27.1,27.1,41.50541,-81.66791,2025-09-04T14:30:00Z,288.593,PM2.5 > 250
27.1,27.1,41.50541,-81.66791,2025-09-04T15:30:00Z,572.3,PM2.5 > 250
27.1,27.1,41.50541,-81.66791,2025-09-04T23:30:00Z,2201.116,PM2.5 > 250
27.1,27.1,41.50541,-81.66791,2025-09-05T04:30:00Z,325.306,PM2.5 > 250
27.1,27.1,41.50541,-81.66791,2025-09-05T09:00:00Z,274.849,PM2.5 > 250
27.1,27.1,41.50541,-81.66791,2025-09-05T09:30:00Z,308.671,PM2.5 > 250
27.1,27.1,41.50541,-81.66791,2025-09-05T11:00:00Z,579.726,PM2.5 > 250
27.1,27.1,41.50541,-81.66791,2025-09-05T11:30:00Z,256.497,PM2.5 > 250
27.1,27.1,41.50541,-81.66791,2025-09-05T12:00:00Z,505.452,PM2.5 > 250
27.1,27.1,41.50541,-81.66791,2025-09-06T12:00:00Z,661.014,PM2.5 > 250
27.1,27.1,41.50541,-81.66791,2025-09-06T13:00:00Z,446.247,PM2.5 > 250
27.1,27.1,41.50541,-81.66791,2025-09-12T12:00:00Z,273.958,PM2.5 > 250
27.1,27.1,41.50541,-81.66791,2025-09-12T22:00:00Z,4218.791,PM2.5 > 250
27.1,27.1,41.50541,-81.66791,2025-09-14T04:00:00Z,499.994,PM2.5 > 250
27.1,27.1,41.50541,-81.66791,2025-09-14T08:00:00Z,314.555,PM2.5 > 250
27.1,27.1,41.50541,-81.66791,2025-09-14T10:00:00Z,280.832,PM2.5 > 250
27.1,27.1,41.50541,-81.66791,2025-09-14T11:30:00Z,308.794,PM2.5 > 250
27.1,27.1,41.50541,-81.66791,2025-09-15T23:00:00Z,503.373,PM2.5 > 250
27.1,27.1,41.50541,-81.66791,2025-09-16T11:00:00Z,589.68,PM2.5 > 250
27.1,27.1,41.50541,-81.66791,2025-09-17T10:00:00Z,404.854,PM2.5 > 250
27.1,27.1,41.50541,-81.66791,2025-09-17T11:30:00Z,347.967,PM2.5 > 250
27.1,27.1,41.50541,-81.66791,2025-09-19T11:00:00Z,546.89,PM2.5 > 250
27.1,27.1,41.50541,-81.66791,2025-09-22T04:00:00Z,664.335,PM2.5 > 250
27.1,27.1,41.50541,-81.66791,2025-09-22T11:00:00Z,320.271,PM2.5 > 250
27.1,27.1,41.50541,-81.66791,2025-09-22T12:00:00Z,260.169,PM2.5 > 250
27.1,27.1,41.50541,-81.66791,2025-09-22T23:30:00Z,482.189,PM2.5 > 250
27.1,27.1,41.50541,-81.66791,2025-09-27T10:30:00Z,261.225,PM2.5 > 250
27.1,27.1,41.50541,-81.66791,2025-09-27T11:00:00Z,261.225,PM2.5 > 250
27.1,27.1,41.50541,-81.66791,2025-09-28T11:00:00Z,590.397,PM2.5 > 250
27.1,27.1,41.50541,-81.66791,2025-09-28T11:30:00Z,349.826,PM2.5 > 250
27.1,27.1,41.50541,-81.66791,2025-09-29T08:00:00Z,410.677,PM2.5 > 250
27.1,27.1,41.50541,-81.66791,2025-09-29T08:30:00Z,261.254,PM2.5 > 250
27.1,27.1,41.50541,-81.66791,2025-09-29T09:30:00Z,309.632,PM2.5 > 250
27.1,27.1,41.50541,-81.66791,2025-09-29T11:00:00Z,446.968,PM2.5 > 250
27.1,27.1,41.50541,-81.66791,2025-09-29T11:30:00Z,374.479,PM2.5 > 250
27.1,27.1,41.50541,-81.66791,2025-09-30T09:30:00Z,662.061,PM2.5 > 250
27.1,27.1,41.50541,-81.66791,2025-09-30T10:00:00Z,336.8,PM2.5 > 250
27.1,27.1,41.50541,-81.66791,2025-09-30T10:30:00Z,747.291,PM2.5 > 250
27.1,27.1,41.50541,-81.66791,2025-09-30T11:00:00Z,393.306,PM2.5 > 250
27.1,27.1,41.50541,-81.66791,2025-09-30T11:30:00Z,584.499,PM2.5 > 250
27.1,27.1,41.50541,-81.66791,2025-09-30T12:00:00Z,754.956,PM2.5 > 250
27.1,27.1,41.50541,-81.66791,2025-10-01T01:30:00Z,358.992,PM2.5 > 250
27.1,27.1,41.50541,-81.66791,2025-10-01T03:30:00Z,379.969,PM2.5 > 250
27.1,27.1,41.50541,-81.66791,2025-10-01T04:00:00Z,942.406,PM2.5 > 250
27.1,27.1,41.50541,-81.66791,2025-10-01T04:30:00Z,438.177,PM2.5 > 250
27.1,27.1,41.50541,-81.66791,2025-10-01T05:00:00Z,487.817,PM2.5 > 250
27.1,27.1,41.50541,-81.66791,2025-10-03T11:30:00Z,301.432,PM2.5 > 250
27.1,27.1,41.50541,-81.66791,2025-10-03T13:30:00Z,368.044,PM2.5 > 250
27.1,27.1,41.50541,-81.66791,2025-10-04T09:30:00Z,656.88,PM2.5 > 250
27.1,27.1,41.50541,-81.66791,2025-10-04T10:00:00Z,366.088,PM2.5 > 250
27.1,27.1,41.50541,-81.66791,2025-10-04T10:30:00Z,328.792,PM2.5 > 250
27.1,27.1,41.50541,-81.66791,2025-10-04T11:30:00Z,722.824,PM2.5 > 250
27.1,27.1,41.50541,-81.66791,2025-10-04T12:00:00Z,483.898,PM2.5 > 250
27.1,27.1,41.50541,-81.66791,2025-10-04T12:30:00Z,693.613,PM2.5 > 250
27.1,27.1,41.50541,-81.66791,2025-10-05T11:00:00Z,271.224,PM2.5 > 250
27.1,27.1,41.50541,-81.66791,2025-10-05T11:30:00Z,530.555,PM2.5 > 250
27.1,27.1,41.50541,-81.66791,2025-10-06T06:00:00Z,594.454,PM2.5 > 250
27.1,27.1,41.50541,-81.66791,2025-10-06T10:30:00Z,264.455,PM2.5 > 250
27.1,27.1,41.50541,-81.66791,2025-10-07T08:30:00Z,852.516,PM2.5 > 250
27.1,27.1,41.50541,-81.66791,2025-10-07T09:00:00Z,253.376,PM2.5 > 250
27.1,27.1,41.50541,-81.66791,2025-10-07T09:30:00Z,263.941,PM2.5 > 250
27.1,27.1,41.50541,-81.66791,2025-10-07T10:00:00Z,1039.476,PM2.5 > 250
27.1,27.1,41.50541,-81.66791,2025-10-07T10:30:00Z,927.666,PM2.5 > 250
27.1,27.1,41.50541,-81.66791,2025-10-07T11:00:00Z,1393.069,PM2.5 > 250
27.1,27.1,41.50541,-81.66791,2025-10-07T12:30:00Z,1393.069,PM2.5 > 250
27.1,27.1,41.50541,-81.66791,2025-10-07T15:00:00Z,489.895,PM2.5 > 250
27.1,27.1,41.50541,-81.66791,2025-10-07T17:30:00Z,387.794,PM2.5 > 250
27.1,27.1,41.50541,-81.66791,2025-10-07T18:00:00Z,1359.166,PM2.5 > 250
27.1,27.1,41.50541,-81.66791,2025-10-07T18:30:00Z,1359.166,PM2.5 > 250
27.1,27.1,41.50541,-81.66791,2025-10-07T21:30:00Z,504.841,PM2.5 > 250
27.1,27.1,41.50541,-81.66791,2025-10-07T22:00:00Z,486.961,PM2.5 > 250
27.1,27.1,41.50541,-81.66791,2025-10-07T23:00:00Z,385.81,PM2.5 > 250
27.1,27.1,41.50541,-81.66791,2025-10-10T10:30:00Z,323.014,PM2.5 > 250
27.1,27.1,41.50541,-81.66791,2025-10-10T11:30:00Z,450.277,PM2.5 > 250
27.1,27.1,41.50541,-81.66791,2025-10-12T02:30:00Z,306.115,PM2.5 > 250
27.1,27.1,41.50541,-81.66791,2025-10-12T06:30:00Z,904.408,PM2.5 > 250
27.1,27.1,41.50541,-81.66791,2025-10-12T07:30:00Z,532.718,PM2.5 > 250
27.1,27.1,41.50541,-81.66791,2025-10-12T08:00:00Z,485.264,PM2.5 > 250
27.1,27.1,41.50541,-81.66791,2025-10-12T09:00:00Z,566.869,PM2.5 > 250
27.1,27.1,41.50541,-81.66791,2025-10-12T10:00:00Z,327.859,PM2.5 > 250
27.1,27.1,41.50541,-81.66791,2025-10-12T10:30:00Z,604.514,PM2.5 > 250
27.1,27.1,41.50541,-81.66791,2025-10-12T11:00:00Z,350.966,PM2.5 > 250
27.1,27.1,41.50541,-81.66791,2025-10-12T11:30:00Z,484.755,PM2.5 > 250
27.1,27.1,41.50541,-81.66791,2025-10-12T12:00:00Z,332.137,PM2.5 > 250
27.1,27.1,41.50541,-81.66791,2025-10-12T18:30:00Z,2604.128,PM2.5 > 250
27.1,27.1,41.50541,-81.66791,2025-10-13T02:00:00Z,325.244,PM2.5 > 250
27.1,27.1,41.50541,-81.66791,2025-10-13T03:30:00Z,1226.095,PM2.5 > 250
27.1,27.1,41.50541,-81.66791,2025-10-13T04:00:00Z,293.478,PM2.5 > 250
27.1,27.1,41.50541,-81.66791,2025-10-13T04:30:00Z,461.298,PM2.5 > 250
27.1,27.1,41.50541,-81.66791,2025-10-13T05:00:00Z,460.334,PM2.5 > 250
27.1,27.1,41.50541,-81.66791,2025-10-13T11:30:00Z,1282.914,PM2.5 > 250
27.1,27.1,41.50541,-81.66791,2025-10-13T21:00:00Z,392.306,PM2.5 > 250
27.1,27.1,41.50541,-81.66791,2025-10-14T00:00:00Z,258.255,PM2.5 > 250
27.1,27.1,41.50541,-81.66791,2025-10-14T00:30:00Z,667.094,PM2.5 > 250
27.1,27.1,41.50541,-81.66791,2025-10-14T01:00:00Z,646.63,PM2.5 > 250
27.1,27.1,41.50541,-81.66791,2025-10-14T01:30:00Z,527.821,PM2.5 > 250
27.1,27.1,41.50541,-81.66791,2025-10-14T02:00:00Z,432.797,PM2.5 > 250
27.1,27.1,41.50541,-81.66791,2025-10-14T02:30:00Z,629.977,PM2.5 > 250
27.1,27.1,41.50541,-81.66791,2025-10-14T03:00:00Z,443.9,PM2.5 > 250
27.1,27.1,41.50541,-81.66791,2025-10-14T03:30:00Z,1302.404,PM2.5 > 250
27.1,27.1,41.50541,-81.66791,2025-10-14T04:00:00Z,317.758,PM2.5 > 250
27.1,27.1,41.50541,-81.66791,2025-10-14T04:30:00Z,499.16,PM2.5 > 250
27.1,27.1,41.50541,-81.66791,2025-10-14T05:00:00Z,963.126,PM2.5 > 250
27.1,27.1,41.50541,-81.66791,2025-10-14T06:00:00Z,409.3,PM2.5 > 250
27.1,27.1,41.50541,-81.66791,2025-10-14T06:30:00Z,409.3,PM2.5 > 250
27.1,27.1,41.50541,-81.66791,2025-10-14T07:30:00Z,270.277,PM2.5 > 250
27.1,27.1,41.50541,-81.66791,2025-10-14T08:00:00Z,410.242,PM2.5 > 250
27.1,27.1,41.50541,-81.66791,2025-10-14T08:30:00Z,489.118,PM2.5 > 250
27.1,27.1,41.50541,-81.66791,2025-10-14T09:00:00Z,910.934,PM2.5 > 250
27.1,27.1,41.50541,-81.66791,2025-10-14T10:00:00Z,337.702,PM2.5 > 250
27.1,27.1,41.50541,-81.66791,2025-10-14T10:30:00Z,688.315,PM2.5 > 250
27.1,27.1,41.50541,-81.66791,2025-10-14T11:00:00Z,284.311,PM2.5 > 250
27.1,27.1,41.50541,-81.66791,2025-10-14T11:30:00Z,971.459,PM2.5 > 250
27.1,27.1,41.50541,-81.66791,2025-10-14T22:00:00Z,476.765,PM2.5 > 250
27.1,27.1,41.50541,-81.66791,2025-10-17T09:30:00Z,316.13,PM2.5 > 250
27.1,27.1,41.50541,-81.66791,2025-10-19T15:00:00Z,1402.496,PM2.5 > 250
27.1,27.1,41.50541,-81.66791,2025-10-19T15:30:00Z,728.048,PM2.5 > 250
27.1,27.1,41.50541,-81.66791,2025-10-19T17:00:00Z,471.952,PM2.5 > 250
27.1,27.1,41.50541,-81.66791,2025-10-19T18:30:00Z,479.508,PM2.5 > 250
27.1,27.1,41.50541,-81.66791,2025-10-19T19:00:00Z,381.113,PM2.5 > 250
27.1,27.1,41.50541,-81.66791,2025-10-19T20:30:00Z,255.854,PM2.5 > 250
27.1,27.1,41.50541,-81.66791,2025-10-19T21:30:00Z,431.974,PM2.5 > 250
27.1,27.1,41.50541,-81.66791,2025-10-19T22:00:00Z,750.511,PM2.5 > 250
27.1,27.1,41.50541,-81.66791,2025-10-19T22:30:00Z,293.292,PM2.5 > 250
27.1,27.1,41.50541,-81.66791,2025-10-19T23:30:00Z,293.292,PM2.5 > 250
27.1,27.1,41.50541,-81.66791,2025-10-20T00:30:00Z,293.292,PM2.5 > 250
27.1,27.1,41.50541,-81.66791,2025-10-20T01:00:00Z,293.292,PM2.5 > 250
27.1,27.1,41.50541,-81.66791,2025-10-20T01:30:00Z,293.292,PM2.5 > 250
27.1,27.1,41.50541,-81.66791,2025-10-20T02:30:00Z,293.292,PM2.5 > 250
27.1,27.1,41.50541,-81.66791,2025-10-20T04:00:00Z,293.292,PM2.5 > 250
27.1,27.1,41.50541,-81.66791,2025-10-20T04:30:00Z,293.292,PM2.5 > 250
27.1,27.1,41.50541,-81.66791,2025-10-20T05:00:00Z,293.292,PM2.5 > 250
27.1,27.1,41.50541,-81.66791,2025-10-20T05:30:00Z,293.292,PM2.5 > 250
27.1,27.1,41.50541,-81.66791,2025-10-20T06:00:00Z,293.292,PM2.5 > 250
27.1,27.1,41.50541,-81.66791,2025-10-20T09:30:00Z,293.292,PM2.5 > 250
27.1,27.1,41.50541,-81.66791,2025-10-20T10:00:00Z,293.292,PM2.5 > 250
27.1,27.1,41.50541,-81.66791,2025-10-20T10:30:00Z,293.292,PM2.5 > 250
27.1,27.1,41.50541,-81.66791,2025-10-20T11:00:00Z,293.292,PM2.5 > 250
27.1,27.1,41.50541,-81.66791,2025-10-20T11:30:00Z,293.292,PM2.5 > 250
27.1,27.1,41.50541,-81.66791,2025-10-20T12:00:00Z,293.292,PM2.5 > 250
27.1,27.1,41.50541,-81.66791,2025-10-20T12:30:00Z,293.292,PM2.5 > 250
27.1,27.1,41.50541,-81.66791,2025-10-20T13:00:00Z,293.292,PM2.5 > 250
27.1,27.1,41.50541,-81.66791,2025-10-20T13:30:00Z,293.292,PM2.5 > 250
27.1,27.1,41.50541,-81.66791,2025-10-20T14:00:00Z,293.292,PM2.5 > 250
29.1,29.1,41.43498,-81.81362,2025-05-21T10:00:00Z,393.228,PM2.5 > 250
29.1,29.1,41.43498,-81.81362,2025-05-21T10:30:00Z,399.037,PM2.5 > 250
30.1,30.1_17.1,41.47473,-81.72846,2025-02-01T02:30:00Z,250.045,PM2.5 > 250
34.1,34.1_16.1,41.469970000000004,-81.72552,2025-07-05T02:00:00Z,251.65,PM2.5 > 250
35.1,35.1,41.463988,-81.645973,2025-06-28T03:30:00Z,626.166,PM2.5 > 250
27.3,NA,41.46212,-81.59199,2025-12-05T21:00:00Z,4440.579,PM2.5 > 250
27.3,NA,41.46212,-81.59199,2025-12-06T07:30:00Z,363.903,PM2.5 > 250
27.3,NA,41.46212,-81.59199,2025-12-08T23:30:00Z,283.505,PM2.5 > 250
27.3,NA,41.46212,-81.59199,2025-12-09T16:00:00Z,983.148,PM2.5 > 250
27.3,NA,41.46212,-81.59199,2025-12-09T16:30:00Z,469.014,PM2.5 > 250
27.3,NA,41.46212,-81.59199,2025-12-10T16:00:00Z,1200.899,PM2.5 > 250
27.3,NA,41.46212,-81.59199,2025-12-10T18:30:00Z,727.744,PM2.5 > 250
27.3,NA,41.46212,-81.59199,2025-12-10T19:00:00Z,420.383,PM2.5 > 250
27.3,NA,41.46212,-81.59199,2025-12-10T19:30:00Z,1271.147,PM2.5 > 250
27.3,NA,41.46212,-81.59199,2025-12-10T20:00:00Z,1271.147,PM2.5 > 250
27.3,NA,41.46212,-81.59199,2025-12-10T20:30:00Z,1271.147,PM2.5 > 250
27.3,NA,41.46212,-81.59199,2025-12-10T21:00:00Z,1307.408,PM2.5 > 250
27.3,NA,41.46212,-81.59199,2025-12-10T21:30:00Z,1307.408,PM2.5 > 250
27.3,NA,41.46212,-81.59199,2025-12-10T22:00:00Z,1307.408,PM2.5 > 250
27.3,NA,41.46212,-81.59199,2025-12-24T19:00:00Z,374.819,PM2.5 > 250
27.3,NA,41.46212,-81.59199,2025-12-24T22:00:00Z,340.374,PM2.5 > 250
27.3,NA,41.46212,-81.59199,2025-12-25T05:30:00Z,461.378,PM2.5 > 250
27.3,NA,41.46212,-81.59199,2025-12-25T20:00:00Z,336.002,PM2.5 > 250
27.3,NA,41.46212,-81.59199,2025-12-26T15:30:00Z,515.654,PM2.5 > 250
27.3,NA,41.46212,-81.59199,2025-12-26T20:00:00Z,734.946,PM2.5 > 250
27.3,NA,41.46212,-81.59199,2025-12-26T20:30:00Z,674.706,PM2.5 > 250
27.3,NA,41.46212,-81.59199,2025-12-26T21:30:00Z,558.791,PM2.5 > 250
27.3,NA,41.46212,-81.59199,2025-12-26T23:00:00Z,323.695,PM2.5 > 250
27.3,NA,41.46212,-81.59199,2025-12-26T23:30:00Z,1146.401,PM2.5 > 250
27.3,NA,41.46212,-81.59199,2025-12-27T00:00:00Z,1336.938,PM2.5 > 250
27.3,NA,41.46212,-81.59199,2025-12-27T02:30:00Z,470.045,PM2.5 > 250
27.3,NA,41.46212,-81.59199,2025-12-28T11:30:00Z,2242.98,PM2.5 > 250
27.3,NA,41.46212,-81.59199,2025-12-28T12:00:00Z,2218.939,PM2.5 > 250
27.3,NA,41.46212,-81.59199,2025-12-28T13:30:00Z,416.826,PM2.5 > 250
27.3,NA,41.46212,-81.59199,2025-12-28T15:00:00Z,1050.438,PM2.5 > 250
27.3,NA,41.46212,-81.59199,2025-12-31T13:30:00Z,320.079,PM2.5 > 250
6.1,NA,41.50541,-81.66791,2024-11-01T19:00:00Z,258.986,PM2.5 > 250
6.1,NA,41.50541,-81.66791,2024-11-01T21:00:00Z,399.227,PM2.5 > 250
6.1,NA,41.50541,-81.66791,2024-11-02T09:30:00Z,621.281,PM2.5 > 250
6.1,NA,41.50541,-81.66791,2024-11-02T10:30:00Z,779.432,PM2.5 > 250
6.1,NA,41.50541,-81.66791,2024-11-02T13:00:00Z,2101.504,PM2.5 > 250
6.1,NA,41.50541,-81.66791,2024-11-02T18:00:00Z,2273.737,PM2.5 > 250
6.1,NA,41.50541,-81.66791,2024-11-02T19:30:00Z,405.651,PM2.5 > 250
6.1,NA,41.50541,-81.66791,2024-11-03T00:30:00Z,1723.896,PM2.5 > 250
6.1,NA,41.50541,-81.66791,2024-11-03T01:30:00Z,2263.451,PM2.5 > 250
6.1,NA,41.50541,-81.66791,2024-11-03T02:00:00Z,2522.463,PM2.5 > 250
6.1,NA,41.50541,-81.66791,2024-11-03T03:00:00Z,3010.462,PM2.5 > 250
6.1,NA,41.50541,-81.66791,2024-11-03T04:30:00Z,1973.81,PM2.5 > 250
6.1,NA,41.50541,-81.66791,2024-11-03T06:00:00Z,1783.374,PM2.5 > 250
6.1,NA,41.50541,-81.66791,2024-11-03T08:30:00Z,1948.736,PM2.5 > 250
6.1,NA,41.50541,-81.66791,2024-11-03T09:00:00Z,4489.066,PM2.5 > 250
6.1,NA,41.50541,-81.66791,2024-11-03T11:00:00Z,1212.964,PM2.5 > 250
6.1,NA,41.50541,-81.66791,2024-11-03T11:30:00Z,2130.092,PM2.5 > 250
6.1,NA,41.50541,-81.66791,2024-11-03T12:30:00Z,1675.018,PM2.5 > 250
6.1,NA,41.50541,-81.66791,2024-11-03T14:30:00Z,360.808,PM2.5 > 250
6.1,NA,41.50541,-81.66791,2024-11-03T20:30:00Z,271.855,PM2.5 > 250
6.1,NA,41.50541,-81.66791,2024-11-04T10:00:00Z,302.703,PM2.5 > 250
6.1,NA,41.50541,-81.66791,2024-11-04T11:30:00Z,425.66,PM2.5 > 250
6.1,NA,41.50541,-81.66791,2024-11-04T12:00:00Z,466.655,PM2.5 > 250
6.1,NA,41.50541,-81.66791,2024-11-04T19:00:00Z,530.797,PM2.5 > 250
6.1,NA,41.50541,-81.66791,2024-11-05T16:00:00Z,339.273,PM2.5 > 250
6.1,NA,41.50541,-81.66791,2024-11-05T18:00:00Z,562.146,PM2.5 > 250
6.1,NA,41.50541,-81.66791,2024-11-05T20:30:00Z,740.147,PM2.5 > 250
6.1,NA,41.50541,-81.66791,2024-11-05T22:00:00Z,555.428,PM2.5 > 250
6.1,NA,41.50541,-81.66791,2024-11-06T08:00:00Z,474.898,PM2.5 > 250
6.1,NA,41.50541,-81.66791,2024-11-06T08:30:00Z,1629.697,PM2.5 > 250
6.1,NA,41.50541,-81.66791,2024-11-06T10:30:00Z,490.475,PM2.5 > 250
6.1,NA,41.50541,-81.66791,2024-11-06T11:30:00Z,1091.027,PM2.5 > 250
6.1,NA,41.50541,-81.66791,2024-11-06T15:30:00Z,1037.286,PM2.5 > 250
6.1,NA,41.50541,-81.66791,2024-11-06T16:30:00Z,556.711,PM2.5 > 250
6.1,NA,41.50541,-81.66791,2024-11-06T19:00:00Z,263.423,PM2.5 > 250
6.1,NA,41.50541,-81.66791,2024-11-06T19:30:00Z,613.301,PM2.5 > 250
6.1,NA,41.50541,-81.66791,2024-11-06T23:00:00Z,951.567,PM2.5 > 250
6.1,NA,41.50541,-81.66791,2024-11-07T00:30:00Z,458.099,PM2.5 > 250
6.1,NA,41.50541,-81.66791,2024-11-07T05:00:00Z,630.221,PM2.5 > 250
6.1,NA,41.50541,-81.66791,2024-11-07T09:30:00Z,399.196,PM2.5 > 250
6.1,NA,41.50541,-81.66791,2024-11-07T13:30:00Z,256.097,PM2.5 > 250
6.1,NA,41.50541,-81.66791,2024-11-07T14:30:00Z,5392.194,PM2.5 > 250
27.1,27.1,41.50541,-81.66791,2025-07-01T00:00:00Z,5.314,Trim 27.1 from 2025-07-01 onward
27.1,27.1,41.50541,-81.66791,2025-07-01T00:30:00Z,5.913,Trim 27.1 from 2025-07-01 onward
27.1,27.1,41.50541,-81.66791,2025-07-01T01:00:00Z,6.809,Trim 27.1 from 2025-07-01 onward
27.1,27.1,41.50541,-81.66791,2025-07-01T01:30:00Z,3.921,Trim 27.1 from 2025-07-01 onward
27.1,27.1,41.50541,-81.66791,2025-07-01T02:00:00Z,10.268,Trim 27.1 from 2025-07-01 onward
27.1,27.1,41.50541,-81.66791,2025-07-01T02:30:00Z,8.479,Trim 27.1 from 2025-07-01 onward
27.1,27.1,41.50541,-81.66791,2025-07-01T03:00:00Z,4.819,Trim 27.1 from 2025-07-01 onward
27.1,27.1,41.50541,-81.66791,2025-07-01T03:30:00Z,4.567,Trim 27.1 from 2025-07-01 onward
27.1,27.1,41.50541,-81.66791,2025-07-01T04:00:00Z,10.288,Trim 27.1 from 2025-07-01 onward
27.1,27.1,41.50541,-81.66791,2025-07-01T04:30:00Z,6.985,Trim 27.1 from 2025-07-01 onward
27.1,27.1,41.50541,-81.66791,2025-07-01T05:00:00Z,8.475,Trim 27.1 from 2025-07-01 onward
27.1,27.1,41.50541,-81.66791,2025-07-01T05:30:00Z,8.693,Trim 27.1 from 2025-07-01 onward
27.1,27.1,41.50541,-81.66791,2025-07-01T06:00:00Z,12.656,Trim 27.1 from 2025-07-01 onward
27.1,27.1,41.50541,-81.66791,2025-07-01T06:30:00Z,10.488,Trim 27.1 from 2025-07-01 onward
27.1,27.1,41.50541,-81.66791,2025-07-01T07:00:00Z,9.039,Trim 27.1 from 2025-07-01 onward
27.1,27.1,41.50541,-81.66791,2025-07-01T07:30:00Z,6.376,Trim 27.1 from 2025-07-01 onward
27.1,27.1,41.50541,-81.66791,2025-07-01T08:00:00Z,7.009,Trim 27.1 from 2025-07-01 onward
27.1,27.1,41.50541,-81.66791,2025-07-01T08:30:00Z,7.073,Trim 27.1 from 2025-07-01 onward
27.1,27.1,41.50541,-81.66791,2025-07-01T09:00:00Z,7.147,Trim 27.1 from 2025-07-01 onward
27.1,27.1,41.50541,-81.66791,2025-07-01T10:00:00Z,11.01,Trim 27.1 from 2025-07-01 onward
27.1,27.1,41.50541,-81.66791,2025-07-01T10:30:00Z,8.688,Trim 27.1 from 2025-07-01 onward
27.1,27.1,41.50541,-81.66791,2025-07-01T11:00:00Z,14.345,Trim 27.1 from 2025-07-01 onward
27.1,27.1,41.50541,-81.66791,2025-07-01T11:30:00Z,14.213,Trim 27.1 from 2025-07-01 onward
27.1,27.1,41.50541,-81.66791,2025-07-01T12:00:00Z,8.337,Trim 27.1 from 2025-07-01 onward
27.1,27.1,41.50541,-81.66791,2025-07-01T12:30:00Z,9.052,Trim 27.1 from 2025-07-01 onward
27.1,27.1,41.50541,-81.66791,2025-07-01T13:00:00Z,13.835,Trim 27.1 from 2025-07-01 onward
27.1,27.1,41.50541,-81.66791,2025-07-01T13:30:00Z,9.045,Trim 27.1 from 2025-07-01 onward
27.1,27.1,41.50541,-81.66791,2025-07-01T14:00:00Z,17.965,Trim 27.1 from 2025-07-01 onward
27.1,27.1,41.50541,-81.66791,2025-07-01T14:30:00Z,12.33,Trim 27.1 from 2025-07-01 onward
27.1,27.1,41.50541,-81.66791,2025-07-01T15:30:00Z,10.929,Trim 27.1 from 2025-07-01 onward
27.1,27.1,41.50541,-81.66791,2025-07-01T16:00:00Z,4.725,Trim 27.1 from 2025-07-01 onward
27.1,27.1,41.50541,-81.66791,2025-07-01T16:30:00Z,4.13,Trim 27.1 from 2025-07-01 onward
27.1,27.1,41.50541,-81.66791,2025-07-01T17:00:00Z,4.117,Trim 27.1 from 2025-07-01 onward
27.1,27.1,41.50541,-81.66791,2025-07-01T17:30:00Z,7.233,Trim 27.1 from 2025-07-01 onward
27.1,27.1,41.50541,-81.66791,2025-07-01T18:00:00Z,2.472,Trim 27.1 from 2025-07-01 onward
27.1,27.1,41.50541,-81.66791,2025-07-01T18:30:00Z,7.495,Trim 27.1 from 2025-07-01 onward
27.1,27.1,41.50541,-81.66791,2025-07-01T19:00:00Z,11.182,Trim 27.1 from 2025-07-01 onward
27.1,27.1,41.50541,-81.66791,2025-07-01T19:30:00Z,7.333,Trim 27.1 from 2025-07-01 onward
27.1,27.1,41.50541,-81.66791,2025-07-01T20:00:00Z,7.245,Trim 27.1 from 2025-07-01 onward
27.1,27.1,41.50541,-81.66791,2025-07-01T21:00:00Z,5.528,Trim 27.1 from 2025-07-01 onward
27.1,27.1,41.50541,-81.66791,2025-07-01T21:30:00Z,2.81,Trim 27.1 from 2025-07-01 onward
27.1,27.1,41.50541,-81.66791,2025-07-01T22:00:00Z,5.344,Trim 27.1 from 2025-07-01 onward
27.1,27.1,41.50541,-81.66791,2025-07-01T22:30:00Z,1.252,Trim 27.1 from 2025-07-01 onward
27.1,27.1,41.50541,-81.66791,2025-07-01T23:00:00Z,4.296,Trim 27.1 from 2025-07-01 onward
27.1,27.1,41.50541,-81.66791,2025-07-01T23:30:00Z,2.601,Trim 27.1 from 2025-07-01 onward
27.1,27.1,41.50541,-81.66791,2025-07-02T00:00:00Z,3.131,Trim 27.1 from 2025-07-01 onward
27.1,27.1,41.50541,-81.66791,2025-07-02T00:30:00Z,3.24,Trim 27.1 from 2025-07-01 onward
27.1,27.1,41.50541,-81.66791,2025-07-02T01:00:00Z,2.74,Trim 27.1 from 2025-07-01 onward
27.1,27.1,41.50541,-81.66791,2025-07-02T01:30:00Z,2.378,Trim 27.1 from 2025-07-01 onward
27.1,27.1,41.50541,-81.66791,2025-07-02T02:00:00Z,5.379,Trim 27.1 from 2025-07-01 onward
27.1,27.1,41.50541,-81.66791,2025-07-02T03:00:00Z,2.729,Trim 27.1 from 2025-07-01 onward
27.1,27.1,41.50541,-81.66791,2025-07-02T03:30:00Z,3.174,Trim 27.1 from 2025-07-01 onward
27.1,27.1,41.50541,-81.66791,2025-07-02T04:00:00Z,5.043,Trim 27.1 from 2025-07-01 onward
27.1,27.1,41.50541,-81.66791,2025-07-02T04:30:00Z,7.811,Trim 27.1 from 2025-07-01 onward
27.1,27.1,41.50541,-81.66791,2025-07-02T05:00:00Z,7.045,Trim 27.1 from 2025-07-01 onward
27.1,27.1,41.50541,-81.66791,2025-07-02T05:30:00Z,3.06,Trim 27.1 from 2025-07-01 onward
27.1,27.1,41.50541,-81.66791,2025-07-02T06:00:00Z,6.526,Trim 27.1 from 2025-07-01 onward
27.1,27.1,41.50541,-81.66791,2025-07-02T06:30:00Z,9.725,Trim 27.1 from 2025-07-01 onward
27.1,27.1,41.50541,-81.66791,2025-07-02T07:00:00Z,10.652,Trim 27.1 from 2025-07-01 onward
27.1,27.1,41.50541,-81.66791,2025-07-02T07:30:00Z,12.217,Trim 27.1 from 2025-07-01 onward
27.1,27.1,41.50541,-81.66791,2025-07-02T08:00:00Z,10.187,Trim 27.1 from 2025-07-01 onward
27.1,27.1,41.50541,-81.66791,2025-07-02T08:30:00Z,9.437,Trim 27.1 from 2025-07-01 onward
27.1,27.1,41.50541,-81.66791,2025-07-02T09:00:00Z,14.354,Trim 27.1 from 2025-07-01 onward
27.1,27.1,41.50541,-81.66791,2025-07-02T09:30:00Z,14.354,Trim 27.1 from 2025-07-01 onward
27.1,27.1,41.50541,-81.66791,2025-07-02T10:00:00Z,9.726,Trim 27.1 from 2025-07-01 onward
27.1,27.1,41.50541,-81.66791,2025-07-02T10:30:00Z,12.435,Trim 27.1 from 2025-07-01 onward
27.1,27.1,41.50541,-81.66791,2025-07-02T11:00:00Z,12.964,Trim 27.1 from 2025-07-01 onward
27.1,27.1,41.50541,-81.66791,2025-07-02T11:30:00Z,13.619,Trim 27.1 from 2025-07-01 onward
27.1,27.1,41.50541,-81.66791,2025-07-02T12:00:00Z,15.41,Trim 27.1 from 2025-07-01 onward
27.1,27.1,41.50541,-81.66791,2025-07-02T12:30:00Z,8.348,Trim 27.1 from 2025-07-01 onward
27.1,27.1,41.50541,-81.66791,2025-07-02T13:00:00Z,3.341,Trim 27.1 from 2025-07-01 onward
27.1,27.1,41.50541,-81.66791,2025-07-02T13:30:00Z,3.746,Trim 27.1 from 2025-07-01 onward
27.1,27.1,41.50541,-81.66791,2025-07-02T14:00:00Z,3.058,Trim 27.1 from 2025-07-01 onward
27.1,27.1,41.50541,-81.66791,2025-07-02T14:30:00Z,3.047,Trim 27.1 from 2025-07-01 onward
27.1,27.1,41.50541,-81.66791,2025-07-02T15:00:00Z,4.721,Trim 27.1 from 2025-07-01 onward
27.1,27.1,41.50541,-81.66791,2025-07-02T15:30:00Z,3.793,Trim 27.1 from 2025-07-01 onward
27.1,27.1,41.50541,-81.66791,2025-07-02T16:00:00Z,2.635,Trim 27.1 from 2025-07-01 onward
27.1,27.1,41.50541,-81.66791,2025-07-02T16:30:00Z,1.578,Trim 27.1 from 2025-07-01 onward
27.1,27.1,41.50541,-81.66791,2025-07-02T17:00:00Z,2.915,Trim 27.1 from 2025-07-01 onward
27.1,27.1,41.50541,-81.66791,2025-07-02T17:30:00Z,4.011,Trim 27.1 from 2025-07-01 onward
27.1,27.1,41.50541,-81.66791,2025-07-02T18:00:00Z,6.92,Trim 27.1 from 2025-07-01 onward
27.1,27.1,41.50541,-81.66791,2025-07-02T18:30:00Z,3.5,Trim 27.1 from 2025-07-01 onward
27.1,27.1,41.50541,-81.66791,2025-07-02T19:00:00Z,4.164,Trim 27.1 from 2025-07-01 onward
27.1,27.1,41.50541,-81.66791,2025-07-02T19:30:00Z,3.56,Trim 27.1 from 2025-07-01 onward
27.1,27.1,41.50541,-81.66791,2025-07-02T20:00:00Z,4.122,Trim 27.1 from 2025-07-01 onward
27.1,27.1,41.50541,-81.66791,2025-07-02T20:30:00Z,5.901,Trim 27.1 from 2025-07-01 onward
27.1,27.1,41.50541,-81.66791,2025-07-02T21:00:00Z,7.893,Trim 27.1 from 2025-07-01 onward
27.1,27.1,41.50541,-81.66791,2025-07-02T21:30:00Z,6.089,Trim 27.1 from 2025-07-01 onward
27.1,27.1,41.50541,-81.66791,2025-07-02T22:00:00Z,10.974,Trim 27.1 from 2025-07-01 onward
27.1,27.1,41.50541,-81.66791,2025-07-02T22:30:00Z,8.693,Trim 27.1 from 2025-07-01 onward
27.1,27.1,41.50541,-81.66791,2025-07-02T23:00:00Z,12.697,Trim 27.1 from 2025-07-01 onward
27.1,27.1,41.50541,-81.66791,2025-07-02T23:30:00Z,9.343,Trim 27.1 from 2025-07-01 onward
27.1,27.1,41.50541,-81.66791,2025-07-03T00:00:00Z,14.236,Trim 27.1 from 2025-07-01 onward
27.1,27.1,41.50541,-81.66791,2025-07-03T00:30:00Z,17.847,Trim 27.1 from 2025-07-01 onward
27.1,27.1,41.50541,-81.66791,2025-07-03T01:00:00Z,8.144,Trim 27.1 from 2025-07-01 onward
27.1,27.1,41.50541,-81.66791,2025-07-03T01:30:00Z,9.446,Trim 27.1 from 2025-07-01 onward
27.1,27.1,41.50541,-81.66791,2025-07-03T02:30:00Z,11.227,Trim 27.1 from 2025-07-01 onward
27.1,27.1,41.50541,-81.66791,2025-07-03T03:00:00Z,10.568,Trim 27.1 from 2025-07-01 onward
27.1,27.1,41.50541,-81.66791,2025-07-03T03:30:00Z,9.928,Trim 27.1 from 2025-07-01 onward
27.1,27.1,41.50541,-81.66791,2025-07-03T04:00:00Z,8.792,Trim 27.1 from 2025-07-01 onward
27.1,27.1,41.50541,-81.66791,2025-07-03T04:30:00Z,8.534,Trim 27.1 from 2025-07-01 onward
27.1,27.1,41.50541,-81.66791,2025-07-03T05:00:00Z,9.474,Trim 27.1 from 2025-07-01 onward
27.1,27.1,41.50541,-81.66791,2025-07-03T05:30:00Z,9.696,Trim 27.1 from 2025-07-01 onward
27.1,27.1,41.50541,-81.66791,2025-07-03T06:00:00Z,10.898,Trim 27.1 from 2025-07-01 onward
27.1,27.1,41.50541,-81.66791,2025-07-03T06:30:00Z,9.228,Trim 27.1 from 2025-07-01 onward
27.1,27.1,41.50541,-81.66791,2025-07-03T07:00:00Z,7.684,Trim 27.1 from 2025-07-01 onward
27.1,27.1,41.50541,-81.66791,2025-07-03T07:30:00Z,11.438,Trim 27.1 from 2025-07-01 onward
27.1,27.1,41.50541,-81.66791,2025-07-03T08:00:00Z,11.045,Trim 27.1 from 2025-07-01 onward
27.1,27.1,41.50541,-81.66791,2025-07-03T08:30:00Z,16.501,Trim 27.1 from 2025-07-01 onward
27.1,27.1,41.50541,-81.66791,2025-07-03T09:00:00Z,17.877,Trim 27.1 from 2025-07-01 onward
27.1,27.1,41.50541,-81.66791,2025-07-03T09:30:00Z,17.823,Trim 27.1 from 2025-07-01 onward
27.1,27.1,41.50541,-81.66791,2025-07-03T10:00:00Z,11.965,Trim 27.1 from 2025-07-01 onward
27.1,27.1,41.50541,-81.66791,2025-07-03T10:30:00Z,15.799,Trim 27.1 from 2025-07-01 onward
27.1,27.1,41.50541,-81.66791,2025-07-03T11:00:00Z,16.083,Trim 27.1 from 2025-07-01 onward
27.1,27.1,41.50541,-81.66791,2025-07-03T11:30:00Z,8.692,Trim 27.1 from 2025-07-01 onward
27.1,27.1,41.50541,-81.66791,2025-07-03T12:00:00Z,7.345,Trim 27.1 from 2025-07-01 onward
27.1,27.1,41.50541,-81.66791,2025-07-03T12:30:00Z,11.71,Trim 27.1 from 2025-07-01 onward
27.1,27.1,41.50541,-81.66791,2025-07-03T13:00:00Z,11.176,Trim 27.1 from 2025-07-01 onward
27.1,27.1,41.50541,-81.66791,2025-07-03T13:30:00Z,17.608,Trim 27.1 from 2025-07-01 onward
27.1,27.1,41.50541,-81.66791,2025-07-03T14:00:00Z,20.38,Trim 27.1 from 2025-07-01 onward
27.1,27.1,41.50541,-81.66791,2025-07-03T14:30:00Z,18.367,Trim 27.1 from 2025-07-01 onward
27.1,27.1,41.50541,-81.66791,2025-07-03T15:00:00Z,22.133,Trim 27.1 from 2025-07-01 onward
27.1,27.1,41.50541,-81.66791,2025-07-03T15:30:00Z,22.617,Trim 27.1 from 2025-07-01 onward
27.1,27.1,41.50541,-81.66791,2025-07-03T16:00:00Z,20.296,Trim 27.1 from 2025-07-01 onward
27.1,27.1,41.50541,-81.66791,2025-07-03T16:30:00Z,24.897,Trim 27.1 from 2025-07-01 onward
27.1,27.1,41.50541,-81.66791,2025-07-03T17:00:00Z,27.217,Trim 27.1 from 2025-07-01 onward
27.1,27.1,41.50541,-81.66791,2025-07-03T17:30:00Z,27.377,Trim 27.1 from 2025-07-01 onward
27.1,27.1,41.50541,-81.66791,2025-07-03T18:00:00Z,22.887,Trim 27.1 from 2025-07-01 onward
27.1,27.1,41.50541,-81.66791,2025-07-03T18:30:00Z,24.576,Trim 27.1 from 2025-07-01 onward
27.1,27.1,41.50541,-81.66791,2025-07-03T19:00:00Z,18.986,Trim 27.1 from 2025-07-01 onward
27.1,27.1,41.50541,-81.66791,2025-07-03T19:30:00Z,29.143,Trim 27.1 from 2025-07-01 onward
27.1,27.1,41.50541,-81.66791,2025-07-03T20:00:00Z,25.153,Trim 27.1 from 2025-07-01 onward
27.1,27.1,41.50541,-81.66791,2025-07-03T20:30:00Z,19.828,Trim 27.1 from 2025-07-01 onward
27.1,27.1,41.50541,-81.66791,2025-07-03T21:00:00Z,16.204,Trim 27.1 from 2025-07-01 onward
27.1,27.1,41.50541,-81.66791,2025-07-03T21:30:00Z,18.284,Trim 27.1 from 2025-07-01 onward
27.1,27.1,41.50541,-81.66791,2025-07-03T22:00:00Z,15.987,Trim 27.1 from 2025-07-01 onward
27.1,27.1,41.50541,-81.66791,2025-07-03T22:30:00Z,15.372,Trim 27.1 from 2025-07-01 onward
27.1,27.1,41.50541,-81.66791,2025-07-03T23:00:00Z,25.771,Trim 27.1 from 2025-07-01 onward
27.1,27.1,41.50541,-81.66791,2025-07-04T00:00:00Z,21.86,Trim 27.1 from 2025-07-01 onward
27.1,27.1,41.50541,-81.66791,2025-07-04T00:30:00Z,24.766,Trim 27.1 from 2025-07-01 onward
27.1,27.1,41.50541,-81.66791,2025-07-04T01:00:00Z,20.907,Trim 27.1 from 2025-07-01 onward
27.1,27.1,41.50541,-81.66791,2025-07-04T01:30:00Z,24.002,Trim 27.1 from 2025-07-01 onward
27.1,27.1,41.50541,-81.66791,2025-07-04T02:00:00Z,32.575,Trim 27.1 from 2025-07-01 onward
27.1,27.1,41.50541,-81.66791,2025-07-04T02:30:00Z,33.36,Trim 27.1 from 2025-07-01 onward
27.1,27.1,41.50541,-81.66791,2025-07-04T03:00:00Z,23.489,Trim 27.1 from 2025-07-01 onward
27.1,27.1,41.50541,-81.66791,2025-07-04T03:30:00Z,36.035,Trim 27.1 from 2025-07-01 onward
27.1,27.1,41.50541,-81.66791,2025-07-04T04:00:00Z,21.908,Trim 27.1 from 2025-07-01 onward
27.1,27.1,41.50541,-81.66791,2025-07-04T04:30:00Z,21.417,Trim 27.1 from 2025-07-01 onward
27.1,27.1,41.50541,-81.66791,2025-07-04T05:00:00Z,16.681,Trim 27.1 from 2025-07-01 onward
27.1,27.1,41.50541,-81.66791,2025-07-04T05:30:00Z,16.263,Trim 27.1 from 2025-07-01 onward
27.1,27.1,41.50541,-81.66791,2025-07-04T06:00:00Z,16.831,Trim 27.1 from 2025-07-01 onward
27.1,27.1,41.50541,-81.66791,2025-07-04T06:30:00Z,20.314,Trim 27.1 from 2025-07-01 onward
27.1,27.1,41.50541,-81.66791,2025-07-04T07:00:00Z,29.71,Trim 27.1 from 2025-07-01 onward
27.1,27.1,41.50541,-81.66791,2025-07-04T07:30:00Z,20.551,Trim 27.1 from 2025-07-01 onward
27.1,27.1,41.50541,-81.66791,2025-07-04T08:00:00Z,21.949,Trim 27.1 from 2025-07-01 onward
27.1,27.1,41.50541,-81.66791,2025-07-04T08:30:00Z,18.172,Trim 27.1 from 2025-07-01 onward
27.1,27.1,41.50541,-81.66791,2025-07-04T09:00:00Z,22.489,Trim 27.1 from 2025-07-01 onward
27.1,27.1,41.50541,-81.66791,2025-07-04T09:30:00Z,21.169,Trim 27.1 from 2025-07-01 onward
27.1,27.1,41.50541,-81.66791,2025-07-04T10:00:00Z,19.2,Trim 27.1 from 2025-07-01 onward
27.1,27.1,41.50541,-81.66791,2025-07-04T11:00:00Z,20.845,Trim 27.1 from 2025-07-01 onward
27.1,27.1,41.50541,-81.66791,2025-07-04T11:30:00Z,21.553,Trim 27.1 from 2025-07-01 onward
27.1,27.1,41.50541,-81.66791,2025-07-04T12:00:00Z,20.779,Trim 27.1 from 2025-07-01 onward
27.1,27.1,41.50541,-81.66791,2025-07-04T13:00:00Z,19.72,Trim 27.1 from 2025-07-01 onward
27.1,27.1,41.50541,-81.66791,2025-07-04T13:30:00Z,22.953,Trim 27.1 from 2025-07-01 onward
27.1,27.1,41.50541,-81.66791,2025-07-04T14:00:00Z,22.953,Trim 27.1 from 2025-07-01 onward
27.1,27.1,41.50541,-81.66791,2025-07-04T14:30:00Z,20.488,Trim 27.1 from 2025-07-01 onward
27.1,27.1,41.50541,-81.66791,2025-07-04T15:00:00Z,22.608,Trim 27.1 from 2025-07-01 onward
27.1,27.1,41.50541,-81.66791,2025-07-04T16:00:00Z,23.662,Trim 27.1 from 2025-07-01 onward
27.1,27.1,41.50541,-81.66791,2025-07-04T16:30:00Z,16.702,Trim 27.1 from 2025-07-01 onward
27.1,27.1,41.50541,-81.66791,2025-07-04T17:00:00Z,16.139,Trim 27.1 from 2025-07-01 onward
27.1,27.1,41.50541,-81.66791,2025-07-04T17:30:00Z,14.984,Trim 27.1 from 2025-07-01 onward
27.1,27.1,41.50541,-81.66791,2025-07-04T18:30:00Z,10.642,Trim 27.1 from 2025-07-01 onward
27.1,27.1,41.50541,-81.66791,2025-07-04T19:30:00Z,7.986,Trim 27.1 from 2025-07-01 onward
27.1,27.1,41.50541,-81.66791,2025-07-04T20:00:00Z,4.164,Trim 27.1 from 2025-07-01 onward
27.1,27.1,41.50541,-81.66791,2025-07-04T20:30:00Z,5.212,Trim 27.1 from 2025-07-01 onward
27.1,27.1,41.50541,-81.66791,2025-07-04T21:00:00Z,9.203,Trim 27.1 from 2025-07-01 onward
27.1,27.1,41.50541,-81.66791,2025-07-04T21:30:00Z,3.927,Trim 27.1 from 2025-07-01 onward
27.1,27.1,41.50541,-81.66791,2025-07-04T22:00:00Z,5.167,Trim 27.1 from 2025-07-01 onward
27.1,27.1,41.50541,-81.66791,2025-07-04T22:30:00Z,3.642,Trim 27.1 from 2025-07-01 onward
27.1,27.1,41.50541,-81.66791,2025-07-04T23:00:00Z,3.114,Trim 27.1 from 2025-07-01 onward
27.1,27.1,41.50541,-81.66791,2025-07-04T23:30:00Z,2.648,Trim 27.1 from 2025-07-01 onward
27.1,27.1,41.50541,-81.66791,2025-07-05T00:00:00Z,5.388,Trim 27.1 from 2025-07-01 onward
27.1,27.1,41.50541,-81.66791,2025-07-05T00:30:00Z,7.148,Trim 27.1 from 2025-07-01 onward
27.1,27.1,41.50541,-81.66791,2025-07-05T01:00:00Z,10.813,Trim 27.1 from 2025-07-01 onward
27.1,27.1,41.50541,-81.66791,2025-07-05T01:30:00Z,35.526,Trim 27.1 from 2025-07-01 onward
27.1,27.1,41.50541,-81.66791,2025-07-05T02:30:00Z,62.586,Trim 27.1 from 2025-07-01 onward
27.1,27.1,41.50541,-81.66791,2025-07-05T03:00:00Z,87.657,Trim 27.1 from 2025-07-01 onward
27.1,27.1,41.50541,-81.66791,2025-07-05T03:30:00Z,97.566,Trim 27.1 from 2025-07-01 onward
27.1,27.1,41.50541,-81.66791,2025-07-05T04:00:00Z,55.015,Trim 27.1 from 2025-07-01 onward
27.1,27.1,41.50541,-81.66791,2025-07-05T04:30:00Z,32.773,Trim 27.1 from 2025-07-01 onward
27.1,27.1,41.50541,-81.66791,2025-07-05T05:00:00Z,31.572,Trim 27.1 from 2025-07-01 onward
27.1,27.1,41.50541,-81.66791,2025-07-05T05:30:00Z,40.098,Trim 27.1 from 2025-07-01 onward
27.1,27.1,41.50541,-81.66791,2025-07-05T06:00:00Z,40.098,Trim 27.1 from 2025-07-01 onward
27.1,27.1,41.50541,-81.66791,2025-07-05T06:30:00Z,31.85,Trim 27.1 from 2025-07-01 onward
27.1,27.1,41.50541,-81.66791,2025-07-05T07:00:00Z,42.882,Trim 27.1 from 2025-07-01 onward
27.1,27.1,41.50541,-81.66791,2025-07-05T07:30:00Z,29.053,Trim 27.1 from 2025-07-01 onward
27.1,27.1,41.50541,-81.66791,2025-07-05T08:00:00Z,31.726,Trim 27.1 from 2025-07-01 onward
27.1,27.1,41.50541,-81.66791,2025-07-05T08:30:00Z,35.877,Trim 27.1 from 2025-07-01 onward
27.1,27.1,41.50541,-81.66791,2025-07-05T09:00:00Z,33.44,Trim 27.1 from 2025-07-01 onward
27.1,27.1,41.50541,-81.66791,2025-07-05T09:30:00Z,28.686,Trim 27.1 from 2025-07-01 onward
27.1,27.1,41.50541,-81.66791,2025-07-05T10:00:00Z,21.945,Trim 27.1 from 2025-07-01 onward
27.1,27.1,41.50541,-81.66791,2025-07-05T10:30:00Z,23.383,Trim 27.1 from 2025-07-01 onward
27.1,27.1,41.50541,-81.66791,2025-07-05T11:00:00Z,18.867,Trim 27.1 from 2025-07-01 onward
27.1,27.1,41.50541,-81.66791,2025-07-05T11:30:00Z,20.268,Trim 27.1 from 2025-07-01 onward
27.1,27.1,41.50541,-81.66791,2025-07-05T12:00:00Z,15.178,Trim 27.1 from 2025-07-01 onward
27.1,27.1,41.50541,-81.66791,2025-07-05T12:30:00Z,15.462,Trim 27.1 from 2025-07-01 onward
27.1,27.1,41.50541,-81.66791,2025-07-05T13:00:00Z,9.53,Trim 27.1 from 2025-07-01 onward
27.1,27.1,41.50541,-81.66791,2025-07-05T13:30:00Z,10.185,Trim 27.1 from 2025-07-01 onward
27.1,27.1,41.50541,-81.66791,2025-07-05T14:00:00Z,7.78,Trim 27.1 from 2025-07-01 onward
27.1,27.1,41.50541,-81.66791,2025-07-05T14:30:00Z,9.37,Trim 27.1 from 2025-07-01 onward
27.1,27.1,41.50541,-81.66791,2025-07-05T15:00:00Z,11.18,Trim 27.1 from 2025-07-01 onward
27.1,27.1,41.50541,-81.66791,2025-07-05T15:30:00Z,7.835,Trim 27.1 from 2025-07-01 onward
27.1,27.1,41.50541,-81.66791,2025-07-05T16:00:00Z,6.315,Trim 27.1 from 2025-07-01 onward
27.1,27.1,41.50541,-81.66791,2025-07-05T16:30:00Z,6.379,Trim 27.1 from 2025-07-01 onward
27.1,27.1,41.50541,-81.66791,2025-07-05T17:00:00Z,6.016,Trim 27.1 from 2025-07-01 onward
27.1,27.1,41.50541,-81.66791,2025-07-05T17:30:00Z,6.285,Trim 27.1 from 2025-07-01 onward
27.1,27.1,41.50541,-81.66791,2025-07-05T18:00:00Z,9.47,Trim 27.1 from 2025-07-01 onward
27.1,27.1,41.50541,-81.66791,2025-07-05T18:30:00Z,12.916,Trim 27.1 from 2025-07-01 onward
27.1,27.1,41.50541,-81.66791,2025-07-05T19:00:00Z,11.633,Trim 27.1 from 2025-07-01 onward
27.1,27.1,41.50541,-81.66791,2025-07-05T19:30:00Z,4.638,Trim 27.1 from 2025-07-01 onward
27.1,27.1,41.50541,-81.66791,2025-07-05T20:00:00Z,6.306,Trim 27.1 from 2025-07-01 onward
27.1,27.1,41.50541,-81.66791,2025-07-05T20:30:00Z,10.708,Trim 27.1 from 2025-07-01 onward
27.1,27.1,41.50541,-81.66791,2025-07-05T21:00:00Z,6.658,Trim 27.1 from 2025-07-01 onward
27.1,27.1,41.50541,-81.66791,2025-07-05T21:30:00Z,4.76,Trim 27.1 from 2025-07-01 onward
27.1,27.1,41.50541,-81.66791,2025-07-05T22:00:00Z,5.831,Trim 27.1 from 2025-07-01 onward
27.1,27.1,41.50541,-81.66791,2025-07-05T22:30:00Z,6.083,Trim 27.1 from 2025-07-01 onward
27.1,27.1,41.50541,-81.66791,2025-07-05T23:00:00Z,5.707,Trim 27.1 from 2025-07-01 onward
27.1,27.1,41.50541,-81.66791,2025-07-05T23:30:00Z,5.529,Trim 27.1 from 2025-07-01 onward
27.1,27.1,41.50541,-81.66791,2025-07-06T00:00:00Z,5.119,Trim 27.1 from 2025-07-01 onward
27.1,27.1,41.50541,-81.66791,2025-07-06T00:30:00Z,3.99,Trim 27.1 from 2025-07-01 onward
27.1,27.1,41.50541,-81.66791,2025-07-06T01:00:00Z,6.132,Trim 27.1 from 2025-07-01 onward
27.1,27.1,41.50541,-81.66791,2025-07-06T01:30:00Z,5.462,Trim 27.1 from 2025-07-01 onward
27.1,27.1,41.50541,-81.66791,2025-07-06T02:00:00Z,8.389,Trim 27.1 from 2025-07-01 onward
27.1,27.1,41.50541,-81.66791,2025-07-06T02:30:00Z,8.658,Trim 27.1 from 2025-07-01 onward
27.1,27.1,41.50541,-81.66791,2025-07-06T03:00:00Z,12.667,Trim 27.1 from 2025-07-01 onward
27.1,27.1,41.50541,-81.66791,2025-07-06T03:30:00Z,8.919,Trim 27.1 from 2025-07-01 onward
27.1,27.1,41.50541,-81.66791,2025-07-06T04:00:00Z,8.921,Trim 27.1 from 2025-07-01 onward
27.1,27.1,41.50541,-81.66791,2025-07-06T04:30:00Z,14.858,Trim 27.1 from 2025-07-01 onward
27.1,27.1,41.50541,-81.66791,2025-07-06T05:00:00Z,11.586,Trim 27.1 from 2025-07-01 onward
27.1,27.1,41.50541,-81.66791,2025-07-06T05:30:00Z,9.432,Trim 27.1 from 2025-07-01 onward
27.1,27.1,41.50541,-81.66791,2025-07-06T06:00:00Z,11.193,Trim 27.1 from 2025-07-01 onward
27.1,27.1,41.50541,-81.66791,2025-07-06T06:30:00Z,10.917,Trim 27.1 from 2025-07-01 onward
27.1,27.1,41.50541,-81.66791,2025-07-06T07:00:00Z,7.031,Trim 27.1 from 2025-07-01 onward
27.1,27.1,41.50541,-81.66791,2025-07-06T07:30:00Z,12.299,Trim 27.1 from 2025-07-01 onward
27.1,27.1,41.50541,-81.66791,2025-07-06T08:00:00Z,58.135,Trim 27.1 from 2025-07-01 onward
27.1,27.1,41.50541,-81.66791,2025-07-06T08:30:00Z,41.988,Trim 27.1 from 2025-07-01 onward
27.1,27.1,41.50541,-81.66791,2025-07-06T09:00:00Z,24.222,Trim 27.1 from 2025-07-01 onward
27.1,27.1,41.50541,-81.66791,2025-07-06T09:30:00Z,11.947,Trim 27.1 from 2025-07-01 onward
27.1,27.1,41.50541,-81.66791,2025-07-06T10:00:00Z,13.084,Trim 27.1 from 2025-07-01 onward
27.1,27.1,41.50541,-81.66791,2025-07-06T10:30:00Z,11.333,Trim 27.1 from 2025-07-01 onward
27.1,27.1,41.50541,-81.66791,2025-07-06T11:00:00Z,10.019,Trim 27.1 from 2025-07-01 onward
27.1,27.1,41.50541,-81.66791,2025-07-06T11:30:00Z,10.019,Trim 27.1 from 2025-07-01 onward
27.1,27.1,41.50541,-81.66791,2025-07-06T12:00:00Z,11.356,Trim 27.1 from 2025-07-01 onward
27.1,27.1,41.50541,-81.66791,2025-07-06T12:30:00Z,11.131,Trim 27.1 from 2025-07-01 onward
27.1,27.1,41.50541,-81.66791,2025-07-06T13:00:00Z,10.427,Trim 27.1 from 2025-07-01 onward
27.1,27.1,41.50541,-81.66791,2025-07-06T13:30:00Z,5.37,Trim 27.1 from 2025-07-01 onward
27.1,27.1,41.50541,-81.66791,2025-07-06T14:30:00Z,8.896,Trim 27.1 from 2025-07-01 onward
27.1,27.1,41.50541,-81.66791,2025-07-06T15:00:00Z,8.166,Trim 27.1 from 2025-07-01 onward
27.1,27.1,41.50541,-81.66791,2025-07-06T15:30:00Z,5.721,Trim 27.1 from 2025-07-01 onward
27.1,27.1,41.50541,-81.66791,2025-07-06T16:00:00Z,10.963,Trim 27.1 from 2025-07-01 onward
27.1,27.1,41.50541,-81.66791,2025-07-06T16:30:00Z,9.166,Trim 27.1 from 2025-07-01 onward
27.1,27.1,41.50541,-81.66791,2025-07-06T17:00:00Z,8.02,Trim 27.1 from 2025-07-01 onward
27.1,27.1,41.50541,-81.66791,2025-07-06T17:30:00Z,9.786,Trim 27.1 from 2025-07-01 onward
27.1,27.1,41.50541,-81.66791,2025-07-06T18:00:00Z,11.596,Trim 27.1 from 2025-07-01 onward
27.1,27.1,41.50541,-81.66791,2025-07-06T18:30:00Z,7.433,Trim 27.1 from 2025-07-01 onward
27.1,27.1,41.50541,-81.66791,2025-07-06T19:00:00Z,8.802,Trim 27.1 from 2025-07-01 onward
27.1,27.1,41.50541,-81.66791,2025-07-06T19:30:00Z,10.366,Trim 27.1 from 2025-07-01 onward
27.1,27.1,41.50541,-81.66791,2025-07-06T20:00:00Z,11.714,Trim 27.1 from 2025-07-01 onward
27.1,27.1,41.50541,-81.66791,2025-07-06T20:30:00Z,10.7,Trim 27.1 from 2025-07-01 onward
27.1,27.1,41.50541,-81.66791,2025-07-06T21:00:00Z,9.111,Trim 27.1 from 2025-07-01 onward
27.1,27.1,41.50541,-81.66791,2025-07-06T21:30:00Z,12.024,Trim 27.1 from 2025-07-01 onward
27.1,27.1,41.50541,-81.66791,2025-07-06T22:00:00Z,8.829,Trim 27.1 from 2025-07-01 onward
27.1,27.1,41.50541,-81.66791,2025-07-06T22:30:00Z,11.695,Trim 27.1 from 2025-07-01 onward
27.1,27.1,41.50541,-81.66791,2025-07-06T23:00:00Z,9.076,Trim 27.1 from 2025-07-01 onward
27.1,27.1,41.50541,-81.66791,2025-07-06T23:30:00Z,10.252,Trim 27.1 from 2025-07-01 onward
27.1,27.1,41.50541,-81.66791,2025-07-07T00:00:00Z,8.241,Trim 27.1 from 2025-07-01 onward
27.1,27.1,41.50541,-81.66791,2025-07-07T00:30:00Z,8.891,Trim 27.1 from 2025-07-01 onward
27.1,27.1,41.50541,-81.66791,2025-07-07T01:00:00Z,17.095,Trim 27.1 from 2025-07-01 onward
27.1,27.1,41.50541,-81.66791,2025-07-07T01:30:00Z,8.282,Trim 27.1 from 2025-07-01 onward
27.1,27.1,41.50541,-81.66791,2025-07-07T02:00:00Z,15.403,Trim 27.1 from 2025-07-01 onward
27.1,27.1,41.50541,-81.66791,2025-07-07T02:30:00Z,13.956,Trim 27.1 from 2025-07-01 onward
27.1,27.1,41.50541,-81.66791,2025-07-07T03:00:00Z,16.291,Trim 27.1 from 2025-07-01 onward
27.1,27.1,41.50541,-81.66791,2025-07-07T03:30:00Z,16.613,Trim 27.1 from 2025-07-01 onward
27.1,27.1,41.50541,-81.66791,2025-07-07T04:00:00Z,15.078,Trim 27.1 from 2025-07-01 onward
27.1,27.1,41.50541,-81.66791,2025-07-07T04:30:00Z,13.035,Trim 27.1 from 2025-07-01 onward
27.1,27.1,41.50541,-81.66791,2025-07-07T05:00:00Z,16.128,Trim 27.1 from 2025-07-01 onward
27.1,27.1,41.50541,-81.66791,2025-07-07T05:30:00Z,14.915,Trim 27.1 from 2025-07-01 onward
27.1,27.1,41.50541,-81.66791,2025-07-07T06:30:00Z,14.055,Trim 27.1 from 2025-07-01 onward
27.1,27.1,41.50541,-81.66791,2025-07-07T07:00:00Z,12.439,Trim 27.1 from 2025-07-01 onward
27.1,27.1,41.50541,-81.66791,2025-07-07T07:30:00Z,19.441,Trim 27.1 from 2025-07-01 onward
27.1,27.1,41.50541,-81.66791,2025-07-07T08:00:00Z,18.012,Trim 27.1 from 2025-07-01 onward
27.1,27.1,41.50541,-81.66791,2025-07-07T08:30:00Z,16.365,Trim 27.1 from 2025-07-01 onward
27.1,27.1,41.50541,-81.66791,2025-07-07T09:00:00Z,18.652,Trim 27.1 from 2025-07-01 onward
27.1,27.1,41.50541,-81.66791,2025-07-07T09:30:00Z,13.07,Trim 27.1 from 2025-07-01 onward
27.1,27.1,41.50541,-81.66791,2025-07-07T10:00:00Z,10.417,Trim 27.1 from 2025-07-01 onward
27.1,27.1,41.50541,-81.66791,2025-07-07T10:30:00Z,10.111,Trim 27.1 from 2025-07-01 onward
27.1,27.1,41.50541,-81.66791,2025-07-07T11:00:00Z,10.825,Trim 27.1 from 2025-07-01 onward
27.1,27.1,41.50541,-81.66791,2025-07-07T11:30:00Z,6.094,Trim 27.1 from 2025-07-01 onward
27.1,27.1,41.50541,-81.66791,2025-07-07T12:00:00Z,4.04,Trim 27.1 from 2025-07-01 onward
27.1,27.1,41.50541,-81.66791,2025-07-07T12:30:00Z,3.075,Trim 27.1 from 2025-07-01 onward
27.1,27.1,41.50541,-81.66791,2025-07-07T13:00:00Z,2.928,Trim 27.1 from 2025-07-01 onward
27.1,27.1,41.50541,-81.66791,2025-07-07T13:30:00Z,5.877,Trim 27.1 from 2025-07-01 onward
27.1,27.1,41.50541,-81.66791,2025-07-07T14:00:00Z,8.554,Trim 27.1 from 2025-07-01 onward
27.1,27.1,41.50541,-81.66791,2025-07-07T14:30:00Z,14.033,Trim 27.1 from 2025-07-01 onward
27.1,27.1,41.50541,-81.66791,2025-07-07T15:00:00Z,8.663,Trim 27.1 from 2025-07-01 onward
27.1,27.1,41.50541,-81.66791,2025-07-07T16:00:00Z,23.878,Trim 27.1 from 2025-07-01 onward
27.1,27.1,41.50541,-81.66791,2025-07-07T17:00:00Z,4.139,Trim 27.1 from 2025-07-01 onward
27.1,27.1,41.50541,-81.66791,2025-07-07T17:30:00Z,6.183,Trim 27.1 from 2025-07-01 onward
27.1,27.1,41.50541,-81.66791,2025-07-07T18:00:00Z,5.072,Trim 27.1 from 2025-07-01 onward
27.1,27.1,41.50541,-81.66791,2025-07-07T18:30:00Z,3.09,Trim 27.1 from 2025-07-01 onward
27.1,27.1,41.50541,-81.66791,2025-07-07T19:00:00Z,5.196,Trim 27.1 from 2025-07-01 onward
27.1,27.1,41.50541,-81.66791,2025-07-07T19:30:00Z,3.618,Trim 27.1 from 2025-07-01 onward
27.1,27.1,41.50541,-81.66791,2025-07-07T20:00:00Z,3.954,Trim 27.1 from 2025-07-01 onward
27.1,27.1,41.50541,-81.66791,2025-07-07T20:30:00Z,8.227,Trim 27.1 from 2025-07-01 onward
27.1,27.1,41.50541,-81.66791,2025-07-07T21:00:00Z,3.761,Trim 27.1 from 2025-07-01 onward
27.1,27.1,41.50541,-81.66791,2025-07-07T21:30:00Z,2.005,Trim 27.1 from 2025-07-01 onward
27.1,27.1,41.50541,-81.66791,2025-07-07T22:00:00Z,1.398,Trim 27.1 from 2025-07-01 onward
27.1,27.1,41.50541,-81.66791,2025-07-07T22:30:00Z,3.235,Trim 27.1 from 2025-07-01 onward
27.1,27.1,41.50541,-81.66791,2025-07-07T23:00:00Z,3.866,Trim 27.1 from 2025-07-01 onward
27.1,27.1,41.50541,-81.66791,2025-07-07T23:30:00Z,3.422,Trim 27.1 from 2025-07-01 onward
27.1,27.1,41.50541,-81.66791,2025-07-08T00:00:00Z,4.597,Trim 27.1 from 2025-07-01 onward
27.1,27.1,41.50541,-81.66791,2025-07-08T00:30:00Z,5.704,Trim 27.1 from 2025-07-01 onward
27.1,27.1,41.50541,-81.66791,2025-07-08T01:00:00Z,5.68,Trim 27.1 from 2025-07-01 onward
27.1,27.1,41.50541,-81.66791,2025-07-08T01:30:00Z,5.143,Trim 27.1 from 2025-07-01 onward
27.1,27.1,41.50541,-81.66791,2025-07-08T02:00:00Z,4.416,Trim 27.1 from 2025-07-01 onward
27.1,27.1,41.50541,-81.66791,2025-07-08T02:30:00Z,5.536,Trim 27.1 from 2025-07-01 onward
27.1,27.1,41.50541,-81.66791,2025-07-08T03:00:00Z,8.622,Trim 27.1 from 2025-07-01 onward
27.1,27.1,41.50541,-81.66791,2025-07-08T03:30:00Z,8.537,Trim 27.1 from 2025-07-01 onward
27.1,27.1,41.50541,-81.66791,2025-07-08T04:00:00Z,10.068,Trim 27.1 from 2025-07-01 onward
27.1,27.1,41.50541,-81.66791,2025-07-08T04:30:00Z,11.899,Trim 27.1 from 2025-07-01 onward
27.1,27.1,41.50541,-81.66791,2025-07-08T05:00:00Z,6.347,Trim 27.1 from 2025-07-01 onward
27.1,27.1,41.50541,-81.66791,2025-07-08T06:00:00Z,4.737,Trim 27.1 from 2025-07-01 onward
27.1,27.1,41.50541,-81.66791,2025-07-08T06:30:00Z,8.492,Trim 27.1 from 2025-07-01 onward
27.1,27.1,41.50541,-81.66791,2025-07-08T07:00:00Z,4.633,Trim 27.1 from 2025-07-01 onward
27.1,27.1,41.50541,-81.66791,2025-07-08T08:00:00Z,4.997,Trim 27.1 from 2025-07-01 onward
27.1,27.1,41.50541,-81.66791,2025-07-08T08:30:00Z,4.6,Trim 27.1 from 2025-07-01 onward
27.1,27.1,41.50541,-81.66791,2025-07-08T09:00:00Z,9.007,Trim 27.1 from 2025-07-01 onward
27.1,27.1,41.50541,-81.66791,2025-07-08T09:30:00Z,6.299,Trim 27.1 from 2025-07-01 onward
27.1,27.1,41.50541,-81.66791,2025-07-08T10:00:00Z,6.927,Trim 27.1 from 2025-07-01 onward
27.1,27.1,41.50541,-81.66791,2025-07-08T10:30:00Z,6.776,Trim 27.1 from 2025-07-01 onward
27.1,27.1,41.50541,-81.66791,2025-07-08T11:00:00Z,7.695,Trim 27.1 from 2025-07-01 onward
27.1,27.1,41.50541,-81.66791,2025-07-08T11:30:00Z,8.42,Trim 27.1 from 2025-07-01 onward
27.1,27.1,41.50541,-81.66791,2025-07-08T12:00:00Z,14.455,Trim 27.1 from 2025-07-01 onward
27.1,27.1,41.50541,-81.66791,2025-07-08T12:30:00Z,15.313,Trim 27.1 from 2025-07-01 onward
27.1,27.1,41.50541,-81.66791,2025-07-08T13:00:00Z,12.076,Trim 27.1 from 2025-07-01 onward
27.1,27.1,41.50541,-81.66791,2025-07-08T13:30:00Z,13.856,Trim 27.1 from 2025-07-01 onward
27.1,27.1,41.50541,-81.66791,2025-07-08T14:00:00Z,14.39,Trim 27.1 from 2025-07-01 onward
27.1,27.1,41.50541,-81.66791,2025-07-08T14:30:00Z,15.6,Trim 27.1 from 2025-07-01 onward
27.1,27.1,41.50541,-81.66791,2025-07-08T15:00:00Z,19.707,Trim 27.1 from 2025-07-01 onward
27.1,27.1,41.50541,-81.66791,2025-07-08T15:30:00Z,15.242,Trim 27.1 from 2025-07-01 onward
27.1,27.1,41.50541,-81.66791,2025-07-08T16:00:00Z,14.529,Trim 27.1 from 2025-07-01 onward
27.1,27.1,41.50541,-81.66791,2025-07-08T16:30:00Z,14.311,Trim 27.1 from 2025-07-01 onward
27.1,27.1,41.50541,-81.66791,2025-07-08T17:00:00Z,15.352,Trim 27.1 from 2025-07-01 onward
27.1,27.1,41.50541,-81.66791,2025-07-08T17:30:00Z,14.78,Trim 27.1 from 2025-07-01 onward
27.1,27.1,41.50541,-81.66791,2025-07-08T18:00:00Z,18.788,Trim 27.1 from 2025-07-01 onward
27.1,27.1,41.50541,-81.66791,2025-07-08T18:30:00Z,30.301,Trim 27.1 from 2025-07-01 onward
27.1,27.1,41.50541,-81.66791,2025-07-08T19:00:00Z,22.643,Trim 27.1 from 2025-07-01 onward
27.1,27.1,41.50541,-81.66791,2025-07-08T19:30:00Z,18.254,Trim 27.1 from 2025-07-01 onward
27.1,27.1,41.50541,-81.66791,2025-07-08T20:00:00Z,20.103,Trim 27.1 from 2025-07-01 onward
27.1,27.1,41.50541,-81.66791,2025-07-08T20:30:00Z,18.567,Trim 27.1 from 2025-07-01 onward
27.1,27.1,41.50541,-81.66791,2025-07-08T21:30:00Z,14.637,Trim 27.1 from 2025-07-01 onward
27.1,27.1,41.50541,-81.66791,2025-07-08T22:00:00Z,12.696,Trim 27.1 from 2025-07-01 onward
27.1,27.1,41.50541,-81.66791,2025-07-08T22:30:00Z,16.363,Trim 27.1 from 2025-07-01 onward
27.1,27.1,41.50541,-81.66791,2025-07-08T23:00:00Z,20.324,Trim 27.1 from 2025-07-01 onward
27.1,27.1,41.50541,-81.66791,2025-07-08T23:30:00Z,16.407,Trim 27.1 from 2025-07-01 onward
27.1,27.1,41.50541,-81.66791,2025-07-09T00:00:00Z,19.365,Trim 27.1 from 2025-07-01 onward
27.1,27.1,41.50541,-81.66791,2025-07-09T00:30:00Z,14.027,Trim 27.1 from 2025-07-01 onward
27.1,27.1,41.50541,-81.66791,2025-07-09T01:00:00Z,18.91,Trim 27.1 from 2025-07-01 onward
27.1,27.1,41.50541,-81.66791,2025-07-09T01:30:00Z,15.936,Trim 27.1 from 2025-07-01 onward
27.1,27.1,41.50541,-81.66791,2025-07-09T02:00:00Z,13.411,Trim 27.1 from 2025-07-01 onward
27.1,27.1,41.50541,-81.66791,2025-07-09T02:30:00Z,23.384,Trim 27.1 from 2025-07-01 onward
27.1,27.1,41.50541,-81.66791,2025-07-09T03:00:00Z,20.701,Trim 27.1 from 2025-07-01 onward
27.1,27.1,41.50541,-81.66791,2025-07-09T03:30:00Z,22.072,Trim 27.1 from 2025-07-01 onward
27.1,27.1,41.50541,-81.66791,2025-07-09T04:00:00Z,18.674,Trim 27.1 from 2025-07-01 onward
27.1,27.1,41.50541,-81.66791,2025-07-09T04:30:00Z,25.162,Trim 27.1 from 2025-07-01 onward
27.1,27.1,41.50541,-81.66791,2025-07-09T05:00:00Z,27.931,Trim 27.1 from 2025-07-01 onward
27.1,27.1,41.50541,-81.66791,2025-07-09T05:30:00Z,26.849,Trim 27.1 from 2025-07-01 onward
27.1,27.1,41.50541,-81.66791,2025-07-09T06:00:00Z,24.137,Trim 27.1 from 2025-07-01 onward
27.1,27.1,41.50541,-81.66791,2025-07-09T07:00:00Z,27.93,Trim 27.1 from 2025-07-01 onward
27.1,27.1,41.50541,-81.66791,2025-07-09T07:30:00Z,25.959,Trim 27.1 from 2025-07-01 onward
27.1,27.1,41.50541,-81.66791,2025-07-09T08:00:00Z,24.768,Trim 27.1 from 2025-07-01 onward
27.1,27.1,41.50541,-81.66791,2025-07-09T08:30:00Z,23.356,Trim 27.1 from 2025-07-01 onward
27.1,27.1,41.50541,-81.66791,2025-07-09T09:00:00Z,23.384,Trim 27.1 from 2025-07-01 onward
27.1,27.1,41.50541,-81.66791,2025-07-09T09:30:00Z,34.702,Trim 27.1 from 2025-07-01 onward
27.1,27.1,41.50541,-81.66791,2025-07-09T10:00:00Z,31.871,Trim 27.1 from 2025-07-01 onward
27.1,27.1,41.50541,-81.66791,2025-07-09T10:30:00Z,24.033,Trim 27.1 from 2025-07-01 onward
27.1,27.1,41.50541,-81.66791,2025-07-09T11:00:00Z,24.033,Trim 27.1 from 2025-07-01 onward
27.1,27.1,41.50541,-81.66791,2025-07-09T11:30:00Z,21.775,Trim 27.1 from 2025-07-01 onward
27.1,27.1,41.50541,-81.66791,2025-07-09T12:00:00Z,22.594,Trim 27.1 from 2025-07-01 onward
27.1,27.1,41.50541,-81.66791,2025-07-09T12:30:00Z,26.135,Trim 27.1 from 2025-07-01 onward
27.1,27.1,41.50541,-81.66791,2025-07-09T13:00:00Z,24.05,Trim 27.1 from 2025-07-01 onward
27.1,27.1,41.50541,-81.66791,2025-07-09T13:30:00Z,31.667,Trim 27.1 from 2025-07-01 onward
27.1,27.1,41.50541,-81.66791,2025-07-09T14:00:00Z,22.085,Trim 27.1 from 2025-07-01 onward
27.1,27.1,41.50541,-81.66791,2025-07-09T14:30:00Z,26.708,Trim 27.1 from 2025-07-01 onward
27.1,27.1,41.50541,-81.66791,2025-07-09T15:00:00Z,21.133,Trim 27.1 from 2025-07-01 onward
27.1,27.1,41.50541,-81.66791,2025-07-09T15:30:00Z,24.15,Trim 27.1 from 2025-07-01 onward
27.1,27.1,41.50541,-81.66791,2025-07-09T16:00:00Z,21.317,Trim 27.1 from 2025-07-01 onward
27.1,27.1,41.50541,-81.66791,2025-07-09T16:30:00Z,22.776,Trim 27.1 from 2025-07-01 onward
27.1,27.1,41.50541,-81.66791,2025-07-09T17:00:00Z,24.36,Trim 27.1 from 2025-07-01 onward
27.1,27.1,41.50541,-81.66791,2025-07-09T17:30:00Z,19.304,Trim 27.1 from 2025-07-01 onward
27.1,27.1,41.50541,-81.66791,2025-07-09T18:30:00Z,20.336,Trim 27.1 from 2025-07-01 onward
27.1,27.1,41.50541,-81.66791,2025-07-09T19:00:00Z,23.184,Trim 27.1 from 2025-07-01 onward
27.1,27.1,41.50541,-81.66791,2025-07-09T19:30:00Z,24.105,Trim 27.1 from 2025-07-01 onward
27.1,27.1,41.50541,-81.66791,2025-07-09T20:00:00Z,21.328,Trim 27.1 from 2025-07-01 onward
27.1,27.1,41.50541,-81.66791,2025-07-09T20:30:00Z,19.481,Trim 27.1 from 2025-07-01 onward
27.1,27.1,41.50541,-81.66791,2025-07-09T21:00:00Z,22.897,Trim 27.1 from 2025-07-01 onward
27.1,27.1,41.50541,-81.66791,2025-07-09T21:30:00Z,22.499,Trim 27.1 from 2025-07-01 onward
27.1,27.1,41.50541,-81.66791,2025-07-09T22:00:00Z,19.759,Trim 27.1 from 2025-07-01 onward
27.1,27.1,41.50541,-81.66791,2025-07-09T23:00:00Z,13.43,Trim 27.1 from 2025-07-01 onward
27.1,27.1,41.50541,-81.66791,2025-07-09T23:30:00Z,17.751,Trim 27.1 from 2025-07-01 onward
27.1,27.1,41.50541,-81.66791,2025-07-10T00:00:00Z,17.997,Trim 27.1 from 2025-07-01 onward
27.1,27.1,41.50541,-81.66791,2025-07-10T00:30:00Z,22.036,Trim 27.1 from 2025-07-01 onward
27.1,27.1,41.50541,-81.66791,2025-07-10T01:00:00Z,14.268,Trim 27.1 from 2025-07-01 onward
27.1,27.1,41.50541,-81.66791,2025-07-10T01:30:00Z,15.061,Trim 27.1 from 2025-07-01 onward
27.1,27.1,41.50541,-81.66791,2025-07-10T02:00:00Z,17.665,Trim 27.1 from 2025-07-01 onward
27.1,27.1,41.50541,-81.66791,2025-07-10T02:30:00Z,26.205,Trim 27.1 from 2025-07-01 onward
27.1,27.1,41.50541,-81.66791,2025-07-10T03:00:00Z,22.19,Trim 27.1 from 2025-07-01 onward
27.1,27.1,41.50541,-81.66791,2025-07-10T03:30:00Z,25.409,Trim 27.1 from 2025-07-01 onward
27.1,27.1,41.50541,-81.66791,2025-07-10T04:00:00Z,24.056,Trim 27.1 from 2025-07-01 onward
27.1,27.1,41.50541,-81.66791,2025-07-10T04:30:00Z,26.739,Trim 27.1 from 2025-07-01 onward
27.1,27.1,41.50541,-81.66791,2025-07-10T05:00:00Z,23.723,Trim 27.1 from 2025-07-01 onward
27.1,27.1,41.50541,-81.66791,2025-07-10T06:00:00Z,22.155,Trim 27.1 from 2025-07-01 onward
27.1,27.1,41.50541,-81.66791,2025-07-10T06:30:00Z,25.325,Trim 27.1 from 2025-07-01 onward
27.1,27.1,41.50541,-81.66791,2025-07-10T07:00:00Z,17.054,Trim 27.1 from 2025-07-01 onward
27.1,27.1,41.50541,-81.66791,2025-07-10T07:30:00Z,21.679,Trim 27.1 from 2025-07-01 onward
27.1,27.1,41.50541,-81.66791,2025-07-10T08:00:00Z,16.422,Trim 27.1 from 2025-07-01 onward
27.1,27.1,41.50541,-81.66791,2025-07-10T08:30:00Z,27.986,Trim 27.1 from 2025-07-01 onward
27.1,27.1,41.50541,-81.66791,2025-07-10T09:00:00Z,20.649,Trim 27.1 from 2025-07-01 onward
27.1,27.1,41.50541,-81.66791,2025-07-10T09:30:00Z,25.083,Trim 27.1 from 2025-07-01 onward
27.1,27.1,41.50541,-81.66791,2025-07-10T10:00:00Z,28.404,Trim 27.1 from 2025-07-01 onward
27.1,27.1,41.50541,-81.66791,2025-07-10T10:30:00Z,34.36,Trim 27.1 from 2025-07-01 onward
27.1,27.1,41.50541,-81.66791,2025-07-10T11:00:00Z,33.417,Trim 27.1 from 2025-07-01 onward
27.1,27.1,41.50541,-81.66791,2025-07-10T11:30:00Z,25.998,Trim 27.1 from 2025-07-01 onward
27.1,27.1,41.50541,-81.66791,2025-07-10T12:30:00Z,27.594,Trim 27.1 from 2025-07-01 onward
27.1,27.1,41.50541,-81.66791,2025-07-10T13:00:00Z,18.763,Trim 27.1 from 2025-07-01 onward
27.1,27.1,41.50541,-81.66791,2025-07-10T13:30:00Z,22.956,Trim 27.1 from 2025-07-01 onward
27.1,27.1,41.50541,-81.66791,2025-07-10T14:00:00Z,18.43,Trim 27.1 from 2025-07-01 onward
27.1,27.1,41.50541,-81.66791,2025-07-10T14:30:00Z,21.517,Trim 27.1 from 2025-07-01 onward
27.1,27.1,41.50541,-81.66791,2025-07-10T15:00:00Z,22.398,Trim 27.1 from 2025-07-01 onward
27.1,27.1,41.50541,-81.66791,2025-07-10T15:30:00Z,19.559,Trim 27.1 from 2025-07-01 onward
27.1,27.1,41.50541,-81.66791,2025-07-10T16:00:00Z,26.539,Trim 27.1 from 2025-07-01 onward
27.1,27.1,41.50541,-81.66791,2025-07-10T16:30:00Z,17.711,Trim 27.1 from 2025-07-01 onward
27.1,27.1,41.50541,-81.66791,2025-07-10T17:00:00Z,16.197,Trim 27.1 from 2025-07-01 onward
27.1,27.1,41.50541,-81.66791,2025-07-10T17:30:00Z,20.858,Trim 27.1 from 2025-07-01 onward
27.1,27.1,41.50541,-81.66791,2025-07-10T18:00:00Z,17.921,Trim 27.1 from 2025-07-01 onward
27.1,27.1,41.50541,-81.66791,2025-07-10T18:30:00Z,16.655,Trim 27.1 from 2025-07-01 onward
27.1,27.1,41.50541,-81.66791,2025-07-10T19:00:00Z,16.419,Trim 27.1 from 2025-07-01 onward
27.1,27.1,41.50541,-81.66791,2025-07-10T19:30:00Z,23.365,Trim 27.1 from 2025-07-01 onward
27.1,27.1,41.50541,-81.66791,2025-07-10T20:00:00Z,13.235,Trim 27.1 from 2025-07-01 onward
27.1,27.1,41.50541,-81.66791,2025-07-10T20:30:00Z,13.651,Trim 27.1 from 2025-07-01 onward
27.1,27.1,41.50541,-81.66791,2025-07-10T21:00:00Z,10.005,Trim 27.1 from 2025-07-01 onward
27.1,27.1,41.50541,-81.66791,2025-07-10T22:00:00Z,10.185,Trim 27.1 from 2025-07-01 onward
27.1,27.1,41.50541,-81.66791,2025-07-10T22:30:00Z,5.511,Trim 27.1 from 2025-07-01 onward
27.1,27.1,41.50541,-81.66791,2025-07-10T23:00:00Z,7.045,Trim 27.1 from 2025-07-01 onward
27.1,27.1,41.50541,-81.66791,2025-07-10T23:30:00Z,5.171,Trim 27.1 from 2025-07-01 onward
27.1,27.1,41.50541,-81.66791,2025-07-11T00:00:00Z,7.599,Trim 27.1 from 2025-07-01 onward
27.1,27.1,41.50541,-81.66791,2025-07-11T00:30:00Z,4.34,Trim 27.1 from 2025-07-01 onward
27.1,27.1,41.50541,-81.66791,2025-07-11T01:00:00Z,6.466,Trim 27.1 from 2025-07-01 onward
27.1,27.1,41.50541,-81.66791,2025-07-11T02:00:00Z,17.21,Trim 27.1 from 2025-07-01 onward
27.1,27.1,41.50541,-81.66791,2025-07-11T02:30:00Z,13.244,Trim 27.1 from 2025-07-01 onward
27.1,27.1,41.50541,-81.66791,2025-07-11T03:00:00Z,20.856,Trim 27.1 from 2025-07-01 onward
27.1,27.1,41.50541,-81.66791,2025-07-11T03:30:00Z,19.124,Trim 27.1 from 2025-07-01 onward
27.1,27.1,41.50541,-81.66791,2025-07-11T04:30:00Z,20.382,Trim 27.1 from 2025-07-01 onward
27.1,27.1,41.50541,-81.66791,2025-07-11T05:00:00Z,26.1,Trim 27.1 from 2025-07-01 onward
27.1,27.1,41.50541,-81.66791,2025-07-11T05:30:00Z,20.722,Trim 27.1 from 2025-07-01 onward
27.1,27.1,41.50541,-81.66791,2025-07-11T06:30:00Z,17.424,Trim 27.1 from 2025-07-01 onward
27.1,27.1,41.50541,-81.66791,2025-07-11T07:00:00Z,16.058,Trim 27.1 from 2025-07-01 onward
27.1,27.1,41.50541,-81.66791,2025-07-11T08:00:00Z,22.858,Trim 27.1 from 2025-07-01 onward
27.1,27.1,41.50541,-81.66791,2025-07-11T08:30:00Z,22.3,Trim 27.1 from 2025-07-01 onward
27.1,27.1,41.50541,-81.66791,2025-07-11T09:00:00Z,33,Trim 27.1 from 2025-07-01 onward
27.1,27.1,41.50541,-81.66791,2025-07-11T09:30:00Z,20.238,Trim 27.1 from 2025-07-01 onward
27.1,27.1,41.50541,-81.66791,2025-07-11T10:00:00Z,25.569,Trim 27.1 from 2025-07-01 onward
27.1,27.1,41.50541,-81.66791,2025-07-11T10:30:00Z,18.248,Trim 27.1 from 2025-07-01 onward
27.1,27.1,41.50541,-81.66791,2025-07-11T11:00:00Z,33.765,Trim 27.1 from 2025-07-01 onward
27.1,27.1,41.50541,-81.66791,2025-07-11T11:30:00Z,23.105,Trim 27.1 from 2025-07-01 onward
27.1,27.1,41.50541,-81.66791,2025-07-11T12:00:00Z,14.966,Trim 27.1 from 2025-07-01 onward
27.1,27.1,41.50541,-81.66791,2025-07-11T12:30:00Z,17.52,Trim 27.1 from 2025-07-01 onward
27.1,27.1,41.50541,-81.66791,2025-07-11T13:00:00Z,19.069,Trim 27.1 from 2025-07-01 onward
27.1,27.1,41.50541,-81.66791,2025-07-11T13:30:00Z,19.484,Trim 27.1 from 2025-07-01 onward
27.1,27.1,41.50541,-81.66791,2025-07-11T14:30:00Z,18.863,Trim 27.1 from 2025-07-01 onward
27.1,27.1,41.50541,-81.66791,2025-07-11T15:00:00Z,18.863,Trim 27.1 from 2025-07-01 onward
27.1,27.1,41.50541,-81.66791,2025-07-11T15:30:00Z,10.966,Trim 27.1 from 2025-07-01 onward
27.1,27.1,41.50541,-81.66791,2025-07-11T16:00:00Z,10.576,Trim 27.1 from 2025-07-01 onward
27.1,27.1,41.50541,-81.66791,2025-07-11T16:30:00Z,12.565,Trim 27.1 from 2025-07-01 onward
27.1,27.1,41.50541,-81.66791,2025-07-11T17:00:00Z,7.707,Trim 27.1 from 2025-07-01 onward
27.1,27.1,41.50541,-81.66791,2025-07-11T17:30:00Z,7.382,Trim 27.1 from 2025-07-01 onward
27.1,27.1,41.50541,-81.66791,2025-07-11T18:00:00Z,9.939,Trim 27.1 from 2025-07-01 onward
27.1,27.1,41.50541,-81.66791,2025-07-11T18:30:00Z,9.646,Trim 27.1 from 2025-07-01 onward
27.1,27.1,41.50541,-81.66791,2025-07-11T19:30:00Z,6.554,Trim 27.1 from 2025-07-01 onward
27.1,27.1,41.50541,-81.66791,2025-07-11T20:00:00Z,4.321,Trim 27.1 from 2025-07-01 onward
27.1,27.1,41.50541,-81.66791,2025-07-11T20:30:00Z,3.118,Trim 27.1 from 2025-07-01 onward
27.1,27.1,41.50541,-81.66791,2025-07-11T21:00:00Z,7.19,Trim 27.1 from 2025-07-01 onward
27.1,27.1,41.50541,-81.66791,2025-07-11T21:30:00Z,5.273,Trim 27.1 from 2025-07-01 onward
27.1,27.1,41.50541,-81.66791,2025-07-11T22:00:00Z,6.626,Trim 27.1 from 2025-07-01 onward
27.1,27.1,41.50541,-81.66791,2025-07-11T22:30:00Z,4.853,Trim 27.1 from 2025-07-01 onward
27.1,27.1,41.50541,-81.66791,2025-07-11T23:00:00Z,7.5,Trim 27.1 from 2025-07-01 onward
27.1,27.1,41.50541,-81.66791,2025-07-11T23:30:00Z,6.277,Trim 27.1 from 2025-07-01 onward
27.1,27.1,41.50541,-81.66791,2025-07-12T00:00:00Z,4.264,Trim 27.1 from 2025-07-01 onward
27.1,27.1,41.50541,-81.66791,2025-07-12T00:30:00Z,4.264,Trim 27.1 from 2025-07-01 onward
27.1,27.1,41.50541,-81.66791,2025-07-12T01:00:00Z,4.682,Trim 27.1 from 2025-07-01 onward
27.1,27.1,41.50541,-81.66791,2025-07-12T01:30:00Z,5.134,Trim 27.1 from 2025-07-01 onward
27.1,27.1,41.50541,-81.66791,2025-07-12T02:00:00Z,10.797,Trim 27.1 from 2025-07-01 onward
27.1,27.1,41.50541,-81.66791,2025-07-12T02:30:00Z,6.441,Trim 27.1 from 2025-07-01 onward
27.1,27.1,41.50541,-81.66791,2025-07-12T03:00:00Z,9.153,Trim 27.1 from 2025-07-01 onward
27.1,27.1,41.50541,-81.66791,2025-07-12T03:30:00Z,7.474,Trim 27.1 from 2025-07-01 onward
27.1,27.1,41.50541,-81.66791,2025-07-12T04:00:00Z,6.146,Trim 27.1 from 2025-07-01 onward
27.1,27.1,41.50541,-81.66791,2025-07-12T04:30:00Z,7.882,Trim 27.1 from 2025-07-01 onward
27.1,27.1,41.50541,-81.66791,2025-07-12T06:00:00Z,9.093,Trim 27.1 from 2025-07-01 onward
27.1,27.1,41.50541,-81.66791,2025-07-12T06:30:00Z,12.435,Trim 27.1 from 2025-07-01 onward
27.1,27.1,41.50541,-81.66791,2025-07-12T07:00:00Z,11.727,Trim 27.1 from 2025-07-01 onward
27.1,27.1,41.50541,-81.66791,2025-07-12T07:30:00Z,13.32,Trim 27.1 from 2025-07-01 onward
27.1,27.1,41.50541,-81.66791,2025-07-12T08:00:00Z,13.084,Trim 27.1 from 2025-07-01 onward
27.1,27.1,41.50541,-81.66791,2025-07-12T08:30:00Z,12.979,Trim 27.1 from 2025-07-01 onward
27.1,27.1,41.50541,-81.66791,2025-07-12T09:00:00Z,11.905,Trim 27.1 from 2025-07-01 onward
27.1,27.1,41.50541,-81.66791,2025-07-12T09:30:00Z,15.35,Trim 27.1 from 2025-07-01 onward
27.1,27.1,41.50541,-81.66791,2025-07-12T10:00:00Z,19.041,Trim 27.1 from 2025-07-01 onward
27.1,27.1,41.50541,-81.66791,2025-07-12T10:30:00Z,16.297,Trim 27.1 from 2025-07-01 onward
27.1,27.1,41.50541,-81.66791,2025-07-12T11:00:00Z,15.398,Trim 27.1 from 2025-07-01 onward
27.1,27.1,41.50541,-81.66791,2025-07-12T11:30:00Z,10.644,Trim 27.1 from 2025-07-01 onward
27.1,27.1,41.50541,-81.66791,2025-07-12T12:00:00Z,16.449,Trim 27.1 from 2025-07-01 onward
27.1,27.1,41.50541,-81.66791,2025-07-12T12:30:00Z,14.045,Trim 27.1 from 2025-07-01 onward
27.1,27.1,41.50541,-81.66791,2025-07-12T13:00:00Z,16.91,Trim 27.1 from 2025-07-01 onward
27.1,27.1,41.50541,-81.66791,2025-07-12T13:30:00Z,8.733,Trim 27.1 from 2025-07-01 onward
27.1,27.1,41.50541,-81.66791,2025-07-12T14:00:00Z,10.779,Trim 27.1 from 2025-07-01 onward
27.1,27.1,41.50541,-81.66791,2025-07-12T14:30:00Z,8.458,Trim 27.1 from 2025-07-01 onward
27.1,27.1,41.50541,-81.66791,2025-07-12T15:00:00Z,5.865,Trim 27.1 from 2025-07-01 onward
27.1,27.1,41.50541,-81.66791,2025-07-12T15:30:00Z,7.436,Trim 27.1 from 2025-07-01 onward
27.1,27.1,41.50541,-81.66791,2025-07-12T16:00:00Z,7.846,Trim 27.1 from 2025-07-01 onward
27.1,27.1,41.50541,-81.66791,2025-07-12T16:30:00Z,5.18,Trim 27.1 from 2025-07-01 onward
27.1,27.1,41.50541,-81.66791,2025-07-12T17:00:00Z,9.734,Trim 27.1 from 2025-07-01 onward
27.1,27.1,41.50541,-81.66791,2025-07-12T17:30:00Z,7,Trim 27.1 from 2025-07-01 onward
27.1,27.1,41.50541,-81.66791,2025-07-12T18:00:00Z,6.436,Trim 27.1 from 2025-07-01 onward
27.1,27.1,41.50541,-81.66791,2025-07-12T18:30:00Z,7.425,Trim 27.1 from 2025-07-01 onward
27.1,27.1,41.50541,-81.66791,2025-07-12T19:00:00Z,7.287,Trim 27.1 from 2025-07-01 onward
27.1,27.1,41.50541,-81.66791,2025-07-12T19:30:00Z,11.222,Trim 27.1 from 2025-07-01 onward
27.1,27.1,41.50541,-81.66791,2025-07-12T20:00:00Z,5.392,Trim 27.1 from 2025-07-01 onward
27.1,27.1,41.50541,-81.66791,2025-07-12T20:30:00Z,8.835,Trim 27.1 from 2025-07-01 onward
27.1,27.1,41.50541,-81.66791,2025-07-12T21:00:00Z,5.271,Trim 27.1 from 2025-07-01 onward
27.1,27.1,41.50541,-81.66791,2025-07-12T21:30:00Z,3.62,Trim 27.1 from 2025-07-01 onward
27.1,27.1,41.50541,-81.66791,2025-07-12T22:00:00Z,5.969,Trim 27.1 from 2025-07-01 onward
27.1,27.1,41.50541,-81.66791,2025-07-12T22:30:00Z,10.267,Trim 27.1 from 2025-07-01 onward
27.1,27.1,41.50541,-81.66791,2025-07-12T23:00:00Z,7.63,Trim 27.1 from 2025-07-01 onward
27.1,27.1,41.50541,-81.66791,2025-07-12T23:30:00Z,4.242,Trim 27.1 from 2025-07-01 onward
27.1,27.1,41.50541,-81.66791,2025-07-13T00:00:00Z,5.878,Trim 27.1 from 2025-07-01 onward
27.1,27.1,41.50541,-81.66791,2025-07-13T00:30:00Z,5.337,Trim 27.1 from 2025-07-01 onward
27.1,27.1,41.50541,-81.66791,2025-07-13T01:00:00Z,4.161,Trim 27.1 from 2025-07-01 onward
27.1,27.1,41.50541,-81.66791,2025-07-13T01:30:00Z,4.359,Trim 27.1 from 2025-07-01 onward
27.1,27.1,41.50541,-81.66791,2025-07-13T02:00:00Z,4.213,Trim 27.1 from 2025-07-01 onward
27.1,27.1,41.50541,-81.66791,2025-07-13T02:30:00Z,9.337,Trim 27.1 from 2025-07-01 onward
27.1,27.1,41.50541,-81.66791,2025-07-13T03:00:00Z,6.336,Trim 27.1 from 2025-07-01 onward
27.1,27.1,41.50541,-81.66791,2025-07-13T03:30:00Z,4.928,Trim 27.1 from 2025-07-01 onward
27.1,27.1,41.50541,-81.66791,2025-07-13T04:00:00Z,3.329,Trim 27.1 from 2025-07-01 onward
27.1,27.1,41.50541,-81.66791,2025-07-13T04:30:00Z,3.831,Trim 27.1 from 2025-07-01 onward
27.1,27.1,41.50541,-81.66791,2025-07-13T05:00:00Z,5.256,Trim 27.1 from 2025-07-01 onward
27.1,27.1,41.50541,-81.66791,2025-07-13T05:30:00Z,2.72,Trim 27.1 from 2025-07-01 onward
27.1,27.1,41.50541,-81.66791,2025-07-13T06:00:00Z,5.704,Trim 27.1 from 2025-07-01 onward
27.1,27.1,41.50541,-81.66791,2025-07-13T07:00:00Z,6.142,Trim 27.1 from 2025-07-01 onward
27.1,27.1,41.50541,-81.66791,2025-07-13T07:30:00Z,3.077,Trim 27.1 from 2025-07-01 onward
27.1,27.1,41.50541,-81.66791,2025-07-13T08:00:00Z,7.287,Trim 27.1 from 2025-07-01 onward
27.1,27.1,41.50541,-81.66791,2025-07-13T08:30:00Z,4.218,Trim 27.1 from 2025-07-01 onward
27.1,27.1,41.50541,-81.66791,2025-07-13T09:00:00Z,7.148,Trim 27.1 from 2025-07-01 onward
27.1,27.1,41.50541,-81.66791,2025-07-13T09:30:00Z,5.621,Trim 27.1 from 2025-07-01 onward
27.1,27.1,41.50541,-81.66791,2025-07-13T10:00:00Z,6.184,Trim 27.1 from 2025-07-01 onward
27.1,27.1,41.50541,-81.66791,2025-07-13T10:30:00Z,2.22,Trim 27.1 from 2025-07-01 onward
27.1,27.1,41.50541,-81.66791,2025-07-13T11:00:00Z,4.108,Trim 27.1 from 2025-07-01 onward
27.1,27.1,41.50541,-81.66791,2025-07-13T11:30:00Z,4.061,Trim 27.1 from 2025-07-01 onward
27.1,27.1,41.50541,-81.66791,2025-07-13T12:00:00Z,6.723,Trim 27.1 from 2025-07-01 onward
27.1,27.1,41.50541,-81.66791,2025-07-13T12:30:00Z,6.476,Trim 27.1 from 2025-07-01 onward
27.1,27.1,41.50541,-81.66791,2025-07-13T13:00:00Z,6.476,Trim 27.1 from 2025-07-01 onward
27.1,27.1,41.50541,-81.66791,2025-07-13T13:30:00Z,4.705,Trim 27.1 from 2025-07-01 onward
27.1,27.1,41.50541,-81.66791,2025-07-13T14:00:00Z,3.408,Trim 27.1 from 2025-07-01 onward
27.1,27.1,41.50541,-81.66791,2025-07-13T14:30:00Z,6.994,Trim 27.1 from 2025-07-01 onward
27.1,27.1,41.50541,-81.66791,2025-07-13T15:00:00Z,6.315,Trim 27.1 from 2025-07-01 onward
27.1,27.1,41.50541,-81.66791,2025-07-13T15:30:00Z,4.666,Trim 27.1 from 2025-07-01 onward
27.1,27.1,41.50541,-81.66791,2025-07-13T16:00:00Z,6.114,Trim 27.1 from 2025-07-01 onward
27.1,27.1,41.50541,-81.66791,2025-07-13T16:30:00Z,5.409,Trim 27.1 from 2025-07-01 onward
27.1,27.1,41.50541,-81.66791,2025-07-13T17:00:00Z,4.61,Trim 27.1 from 2025-07-01 onward
27.1,27.1,41.50541,-81.66791,2025-07-13T17:30:00Z,6.47,Trim 27.1 from 2025-07-01 onward
27.1,27.1,41.50541,-81.66791,2025-07-13T18:00:00Z,7.44,Trim 27.1 from 2025-07-01 onward
27.1,27.1,41.50541,-81.66791,2025-07-13T18:30:00Z,11.544,Trim 27.1 from 2025-07-01 onward
27.1,27.1,41.50541,-81.66791,2025-07-13T19:00:00Z,5.35,Trim 27.1 from 2025-07-01 onward
27.1,27.1,41.50541,-81.66791,2025-07-13T19:30:00Z,4.781,Trim 27.1 from 2025-07-01 onward
27.1,27.1,41.50541,-81.66791,2025-07-13T20:00:00Z,7.793,Trim 27.1 from 2025-07-01 onward
27.1,27.1,41.50541,-81.66791,2025-07-13T20:30:00Z,3.349,Trim 27.1 from 2025-07-01 onward
27.1,27.1,41.50541,-81.66791,2025-07-13T21:00:00Z,5.451,Trim 27.1 from 2025-07-01 onward
27.1,27.1,41.50541,-81.66791,2025-07-13T21:30:00Z,7.087,Trim 27.1 from 2025-07-01 onward
27.1,27.1,41.50541,-81.66791,2025-07-13T22:00:00Z,4.079,Trim 27.1 from 2025-07-01 onward
27.1,27.1,41.50541,-81.66791,2025-07-13T22:30:00Z,2.806,Trim 27.1 from 2025-07-01 onward
27.1,27.1,41.50541,-81.66791,2025-07-13T23:00:00Z,3.052,Trim 27.1 from 2025-07-01 onward
27.1,27.1,41.50541,-81.66791,2025-07-13T23:30:00Z,5.322,Trim 27.1 from 2025-07-01 onward
27.1,27.1,41.50541,-81.66791,2025-07-14T00:00:00Z,5.134,Trim 27.1 from 2025-07-01 onward
27.1,27.1,41.50541,-81.66791,2025-07-14T00:30:00Z,4.275,Trim 27.1 from 2025-07-01 onward
27.1,27.1,41.50541,-81.66791,2025-07-14T01:00:00Z,5.561,Trim 27.1 from 2025-07-01 onward
27.1,27.1,41.50541,-81.66791,2025-07-14T01:30:00Z,5.502,Trim 27.1 from 2025-07-01 onward
27.1,27.1,41.50541,-81.66791,2025-07-14T02:00:00Z,4.587,Trim 27.1 from 2025-07-01 onward
27.1,27.1,41.50541,-81.66791,2025-07-14T02:30:00Z,6.799,Trim 27.1 from 2025-07-01 onward
27.1,27.1,41.50541,-81.66791,2025-07-14T03:00:00Z,7.227,Trim 27.1 from 2025-07-01 onward
27.1,27.1,41.50541,-81.66791,2025-07-14T03:30:00Z,14.081,Trim 27.1 from 2025-07-01 onward
27.1,27.1,41.50541,-81.66791,2025-07-14T04:00:00Z,11.304,Trim 27.1 from 2025-07-01 onward
27.1,27.1,41.50541,-81.66791,2025-07-14T04:30:00Z,9.912,Trim 27.1 from 2025-07-01 onward
27.1,27.1,41.50541,-81.66791,2025-07-14T05:00:00Z,11.282,Trim 27.1 from 2025-07-01 onward
27.1,27.1,41.50541,-81.66791,2025-07-14T05:30:00Z,13.012,Trim 27.1 from 2025-07-01 onward
27.1,27.1,41.50541,-81.66791,2025-07-14T06:00:00Z,25.283,Trim 27.1 from 2025-07-01 onward
27.1,27.1,41.50541,-81.66791,2025-07-14T06:30:00Z,28.279,Trim 27.1 from 2025-07-01 onward
27.1,27.1,41.50541,-81.66791,2025-07-14T07:00:00Z,23.111,Trim 27.1 from 2025-07-01 onward
27.1,27.1,41.50541,-81.66791,2025-07-14T07:30:00Z,19.149,Trim 27.1 from 2025-07-01 onward
27.1,27.1,41.50541,-81.66791,2025-07-14T08:00:00Z,28.614,Trim 27.1 from 2025-07-01 onward
27.1,27.1,41.50541,-81.66791,2025-07-14T08:30:00Z,17.777,Trim 27.1 from 2025-07-01 onward
27.1,27.1,41.50541,-81.66791,2025-07-14T09:00:00Z,26.17,Trim 27.1 from 2025-07-01 onward
27.1,27.1,41.50541,-81.66791,2025-07-14T09:30:00Z,26.712,Trim 27.1 from 2025-07-01 onward
27.1,27.1,41.50541,-81.66791,2025-07-14T10:00:00Z,25.242,Trim 27.1 from 2025-07-01 onward
27.1,27.1,41.50541,-81.66791,2025-07-14T10:30:00Z,23.514,Trim 27.1 from 2025-07-01 onward
27.1,27.1,41.50541,-81.66791,2025-07-14T11:00:00Z,28.437,Trim 27.1 from 2025-07-01 onward
27.1,27.1,41.50541,-81.66791,2025-07-14T11:30:00Z,35.464,Trim 27.1 from 2025-07-01 onward
27.1,27.1,41.50541,-81.66791,2025-07-14T12:00:00Z,30.992,Trim 27.1 from 2025-07-01 onward
27.1,27.1,41.50541,-81.66791,2025-07-14T12:30:00Z,29.238,Trim 27.1 from 2025-07-01 onward
27.1,27.1,41.50541,-81.66791,2025-07-14T13:00:00Z,45.032,Trim 27.1 from 2025-07-01 onward
27.1,27.1,41.50541,-81.66791,2025-07-14T13:30:00Z,33.751,Trim 27.1 from 2025-07-01 onward
27.1,27.1,41.50541,-81.66791,2025-07-14T14:00:00Z,37.417,Trim 27.1 from 2025-07-01 onward
27.1,27.1,41.50541,-81.66791,2025-07-14T14:30:00Z,34.39,Trim 27.1 from 2025-07-01 onward
27.1,27.1,41.50541,-81.66791,2025-07-14T15:00:00Z,38.641,Trim 27.1 from 2025-07-01 onward
27.1,27.1,41.50541,-81.66791,2025-07-14T15:30:00Z,37.001,Trim 27.1 from 2025-07-01 onward
27.1,27.1,41.50541,-81.66791,2025-07-14T16:00:00Z,29.52,Trim 27.1 from 2025-07-01 onward
27.1,27.1,41.50541,-81.66791,2025-07-14T16:30:00Z,22.463,Trim 27.1 from 2025-07-01 onward
27.1,27.1,41.50541,-81.66791,2025-07-14T17:00:00Z,30.766,Trim 27.1 from 2025-07-01 onward
27.1,27.1,41.50541,-81.66791,2025-07-14T17:30:00Z,25.357,Trim 27.1 from 2025-07-01 onward
27.1,27.1,41.50541,-81.66791,2025-07-14T18:00:00Z,26.106,Trim 27.1 from 2025-07-01 onward
27.1,27.1,41.50541,-81.66791,2025-07-14T18:30:00Z,22.122,Trim 27.1 from 2025-07-01 onward
27.1,27.1,41.50541,-81.66791,2025-07-14T19:00:00Z,27.418,Trim 27.1 from 2025-07-01 onward
27.1,27.1,41.50541,-81.66791,2025-07-14T19:30:00Z,32.464,Trim 27.1 from 2025-07-01 onward
27.1,27.1,41.50541,-81.66791,2025-07-14T20:00:00Z,22.142,Trim 27.1 from 2025-07-01 onward
27.1,27.1,41.50541,-81.66791,2025-07-14T20:30:00Z,21.73,Trim 27.1 from 2025-07-01 onward
27.1,27.1,41.50541,-81.66791,2025-07-14T21:00:00Z,19.753,Trim 27.1 from 2025-07-01 onward
27.1,27.1,41.50541,-81.66791,2025-07-14T21:30:00Z,15.895,Trim 27.1 from 2025-07-01 onward
27.1,27.1,41.50541,-81.66791,2025-07-14T22:00:00Z,19.671,Trim 27.1 from 2025-07-01 onward
27.1,27.1,41.50541,-81.66791,2025-07-14T22:30:00Z,31.297,Trim 27.1 from 2025-07-01 onward
27.1,27.1,41.50541,-81.66791,2025-07-14T23:00:00Z,25.344,Trim 27.1 from 2025-07-01 onward
27.1,27.1,41.50541,-81.66791,2025-07-14T23:30:00Z,23.949,Trim 27.1 from 2025-07-01 onward
27.1,27.1,41.50541,-81.66791,2025-07-15T00:00:00Z,22.211,Trim 27.1 from 2025-07-01 onward
27.1,27.1,41.50541,-81.66791,2025-07-15T00:30:00Z,22.378,Trim 27.1 from 2025-07-01 onward
27.1,27.1,41.50541,-81.66791,2025-07-15T01:00:00Z,21.732,Trim 27.1 from 2025-07-01 onward
27.1,27.1,41.50541,-81.66791,2025-07-15T01:30:00Z,18.866,Trim 27.1 from 2025-07-01 onward
27.1,27.1,41.50541,-81.66791,2025-07-15T02:00:00Z,24.15,Trim 27.1 from 2025-07-01 onward
27.1,27.1,41.50541,-81.66791,2025-07-15T02:30:00Z,26.199,Trim 27.1 from 2025-07-01 onward
27.1,27.1,41.50541,-81.66791,2025-07-15T03:00:00Z,26.009,Trim 27.1 from 2025-07-01 onward
27.1,27.1,41.50541,-81.66791,2025-07-15T03:30:00Z,34.503,Trim 27.1 from 2025-07-01 onward
27.1,27.1,41.50541,-81.66791,2025-07-15T04:00:00Z,28.294,Trim 27.1 from 2025-07-01 onward
27.1,27.1,41.50541,-81.66791,2025-07-15T04:30:00Z,31.895,Trim 27.1 from 2025-07-01 onward
27.1,27.1,41.50541,-81.66791,2025-07-15T05:00:00Z,35.997,Trim 27.1 from 2025-07-01 onward
27.1,27.1,41.50541,-81.66791,2025-07-15T05:30:00Z,73.367,Trim 27.1 from 2025-07-01 onward
27.1,27.1,41.50541,-81.66791,2025-07-15T06:00:00Z,37.062,Trim 27.1 from 2025-07-01 onward
27.1,27.1,41.50541,-81.66791,2025-07-15T06:30:00Z,29.142,Trim 27.1 from 2025-07-01 onward
27.1,27.1,41.50541,-81.66791,2025-07-15T07:00:00Z,31.133,Trim 27.1 from 2025-07-01 onward
27.1,27.1,41.50541,-81.66791,2025-07-15T08:00:00Z,44.014,Trim 27.1 from 2025-07-01 onward
27.1,27.1,41.50541,-81.66791,2025-07-15T08:30:00Z,49.324,Trim 27.1 from 2025-07-01 onward
27.1,27.1,41.50541,-81.66791,2025-07-15T09:00:00Z,77.657,Trim 27.1 from 2025-07-01 onward
27.1,27.1,41.50541,-81.66791,2025-07-15T09:30:00Z,56.731,Trim 27.1 from 2025-07-01 onward
27.1,27.1,41.50541,-81.66791,2025-07-15T10:00:00Z,39.943,Trim 27.1 from 2025-07-01 onward
27.1,27.1,41.50541,-81.66791,2025-07-15T10:30:00Z,35.116,Trim 27.1 from 2025-07-01 onward
27.1,27.1,41.50541,-81.66791,2025-07-15T11:00:00Z,43.978,Trim 27.1 from 2025-07-01 onward
27.1,27.1,41.50541,-81.66791,2025-07-15T11:30:00Z,49.982,Trim 27.1 from 2025-07-01 onward
27.1,27.1,41.50541,-81.66791,2025-07-15T12:00:00Z,40.768,Trim 27.1 from 2025-07-01 onward
27.1,27.1,41.50541,-81.66791,2025-07-15T12:30:00Z,32.351,Trim 27.1 from 2025-07-01 onward
27.1,27.1,41.50541,-81.66791,2025-07-15T13:00:00Z,31.52,Trim 27.1 from 2025-07-01 onward
27.1,27.1,41.50541,-81.66791,2025-07-15T13:30:00Z,43.652,Trim 27.1 from 2025-07-01 onward
27.1,27.1,41.50541,-81.66791,2025-07-15T14:00:00Z,32.73,Trim 27.1 from 2025-07-01 onward
27.1,27.1,41.50541,-81.66791,2025-07-15T14:30:00Z,38.612,Trim 27.1 from 2025-07-01 onward
27.1,27.1,41.50541,-81.66791,2025-07-15T15:00:00Z,39.086,Trim 27.1 from 2025-07-01 onward
27.1,27.1,41.50541,-81.66791,2025-07-15T15:30:00Z,36.797,Trim 27.1 from 2025-07-01 onward
27.1,27.1,41.50541,-81.66791,2025-07-15T16:00:00Z,36.412,Trim 27.1 from 2025-07-01 onward
27.1,27.1,41.50541,-81.66791,2025-07-15T16:30:00Z,33.26,Trim 27.1 from 2025-07-01 onward
27.1,27.1,41.50541,-81.66791,2025-07-15T17:00:00Z,36.526,Trim 27.1 from 2025-07-01 onward
27.1,27.1,41.50541,-81.66791,2025-07-15T17:30:00Z,32.038,Trim 27.1 from 2025-07-01 onward
27.1,27.1,41.50541,-81.66791,2025-07-15T18:00:00Z,40.725,Trim 27.1 from 2025-07-01 onward
27.1,27.1,41.50541,-81.66791,2025-07-15T18:30:00Z,34.269,Trim 27.1 from 2025-07-01 onward
27.1,27.1,41.50541,-81.66791,2025-07-15T19:00:00Z,36.375,Trim 27.1 from 2025-07-01 onward
27.1,27.1,41.50541,-81.66791,2025-07-15T19:30:00Z,35.444,Trim 27.1 from 2025-07-01 onward
27.1,27.1,41.50541,-81.66791,2025-07-15T20:00:00Z,34.087,Trim 27.1 from 2025-07-01 onward
27.1,27.1,41.50541,-81.66791,2025-07-15T20:30:00Z,41.512,Trim 27.1 from 2025-07-01 onward
27.1,27.1,41.50541,-81.66791,2025-07-15T21:00:00Z,42.088,Trim 27.1 from 2025-07-01 onward
27.1,27.1,41.50541,-81.66791,2025-07-15T21:30:00Z,38.903,Trim 27.1 from 2025-07-01 onward
27.1,27.1,41.50541,-81.66791,2025-07-15T22:00:00Z,45.361,Trim 27.1 from 2025-07-01 onward
27.1,27.1,41.50541,-81.66791,2025-07-15T22:30:00Z,37.165,Trim 27.1 from 2025-07-01 onward
27.1,27.1,41.50541,-81.66791,2025-07-15T23:00:00Z,39.423,Trim 27.1 from 2025-07-01 onward
27.1,27.1,41.50541,-81.66791,2025-07-15T23:30:00Z,39.212,Trim 27.1 from 2025-07-01 onward
27.1,27.1,41.50541,-81.66791,2025-07-16T00:00:00Z,35.699,Trim 27.1 from 2025-07-01 onward
27.1,27.1,41.50541,-81.66791,2025-07-16T00:30:00Z,39.675,Trim 27.1 from 2025-07-01 onward
27.1,27.1,41.50541,-81.66791,2025-07-16T01:00:00Z,37.878,Trim 27.1 from 2025-07-01 onward
27.1,27.1,41.50541,-81.66791,2025-07-16T01:30:00Z,44.68,Trim 27.1 from 2025-07-01 onward
27.1,27.1,41.50541,-81.66791,2025-07-16T02:00:00Z,35.14,Trim 27.1 from 2025-07-01 onward
27.1,27.1,41.50541,-81.66791,2025-07-16T02:30:00Z,41.264,Trim 27.1 from 2025-07-01 onward
27.1,27.1,41.50541,-81.66791,2025-07-16T03:00:00Z,42.891,Trim 27.1 from 2025-07-01 onward
27.1,27.1,41.50541,-81.66791,2025-07-16T03:30:00Z,43.831,Trim 27.1 from 2025-07-01 onward
27.1,27.1,41.50541,-81.66791,2025-07-16T04:00:00Z,48.317,Trim 27.1 from 2025-07-01 onward
27.1,27.1,41.50541,-81.66791,2025-07-16T04:30:00Z,44.856,Trim 27.1 from 2025-07-01 onward
27.1,27.1,41.50541,-81.66791,2025-07-16T05:00:00Z,47.725,Trim 27.1 from 2025-07-01 onward
27.1,27.1,41.50541,-81.66791,2025-07-16T06:00:00Z,56.23,Trim 27.1 from 2025-07-01 onward
27.1,27.1,41.50541,-81.66791,2025-07-16T06:30:00Z,48.97,Trim 27.1 from 2025-07-01 onward
27.1,27.1,41.50541,-81.66791,2025-07-16T07:00:00Z,53.67,Trim 27.1 from 2025-07-01 onward
27.1,27.1,41.50541,-81.66791,2025-07-16T07:30:00Z,53.012,Trim 27.1 from 2025-07-01 onward
27.1,27.1,41.50541,-81.66791,2025-07-16T08:00:00Z,45.852,Trim 27.1 from 2025-07-01 onward
27.1,27.1,41.50541,-81.66791,2025-07-16T08:30:00Z,59.571,Trim 27.1 from 2025-07-01 onward
27.1,27.1,41.50541,-81.66791,2025-07-16T09:00:00Z,48.462,Trim 27.1 from 2025-07-01 onward
27.1,27.1,41.50541,-81.66791,2025-07-16T09:30:00Z,48.462,Trim 27.1 from 2025-07-01 onward
27.1,27.1,41.50541,-81.66791,2025-07-16T10:00:00Z,60.228,Trim 27.1 from 2025-07-01 onward
27.1,27.1,41.50541,-81.66791,2025-07-16T10:30:00Z,51.598,Trim 27.1 from 2025-07-01 onward
27.1,27.1,41.50541,-81.66791,2025-07-16T11:00:00Z,52.351,Trim 27.1 from 2025-07-01 onward
27.1,27.1,41.50541,-81.66791,2025-07-16T11:30:00Z,42.448,Trim 27.1 from 2025-07-01 onward
27.1,27.1,41.50541,-81.66791,2025-07-16T12:00:00Z,49.183,Trim 27.1 from 2025-07-01 onward
27.1,27.1,41.50541,-81.66791,2025-07-16T12:30:00Z,36.217,Trim 27.1 from 2025-07-01 onward
27.1,27.1,41.50541,-81.66791,2025-07-16T13:00:00Z,36.217,Trim 27.1 from 2025-07-01 onward
27.1,27.1,41.50541,-81.66791,2025-07-16T13:30:00Z,36.833,Trim 27.1 from 2025-07-01 onward
27.1,27.1,41.50541,-81.66791,2025-07-16T14:30:00Z,32.318,Trim 27.1 from 2025-07-01 onward
27.1,27.1,41.50541,-81.66791,2025-07-16T15:00:00Z,30.559,Trim 27.1 from 2025-07-01 onward
27.1,27.1,41.50541,-81.66791,2025-07-16T15:30:00Z,18.638,Trim 27.1 from 2025-07-01 onward
27.1,27.1,41.50541,-81.66791,2025-07-16T16:00:00Z,19.654,Trim 27.1 from 2025-07-01 onward
27.1,27.1,41.50541,-81.66791,2025-07-16T16:30:00Z,14.726,Trim 27.1 from 2025-07-01 onward
27.1,27.1,41.50541,-81.66791,2025-07-16T17:00:00Z,28.593,Trim 27.1 from 2025-07-01 onward
27.1,27.1,41.50541,-81.66791,2025-07-16T17:30:00Z,41.009,Trim 27.1 from 2025-07-01 onward
27.1,27.1,41.50541,-81.66791,2025-07-16T18:00:00Z,37.625,Trim 27.1 from 2025-07-01 onward
27.1,27.1,41.50541,-81.66791,2025-07-16T18:30:00Z,48.448,Trim 27.1 from 2025-07-01 onward
27.1,27.1,41.50541,-81.66791,2025-07-16T19:00:00Z,32.919,Trim 27.1 from 2025-07-01 onward
27.1,27.1,41.50541,-81.66791,2025-07-16T19:30:00Z,28.526,Trim 27.1 from 2025-07-01 onward
27.1,27.1,41.50541,-81.66791,2025-07-16T20:00:00Z,19.148,Trim 27.1 from 2025-07-01 onward
27.1,27.1,41.50541,-81.66791,2025-07-16T20:30:00Z,13.397,Trim 27.1 from 2025-07-01 onward
27.1,27.1,41.50541,-81.66791,2025-07-16T21:00:00Z,8.993,Trim 27.1 from 2025-07-01 onward
27.1,27.1,41.50541,-81.66791,2025-07-16T21:30:00Z,5.276,Trim 27.1 from 2025-07-01 onward
27.1,27.1,41.50541,-81.66791,2025-07-16T22:00:00Z,5.439,Trim 27.1 from 2025-07-01 onward
27.1,27.1,41.50541,-81.66791,2025-07-16T22:30:00Z,13.997,Trim 27.1 from 2025-07-01 onward
27.1,27.1,41.50541,-81.66791,2025-07-16T23:00:00Z,7.082,Trim 27.1 from 2025-07-01 onward
27.1,27.1,41.50541,-81.66791,2025-07-16T23:30:00Z,16.878,Trim 27.1 from 2025-07-01 onward
27.1,27.1,41.50541,-81.66791,2025-07-17T00:00:00Z,9.053,Trim 27.1 from 2025-07-01 onward
27.1,27.1,41.50541,-81.66791,2025-07-17T00:30:00Z,11.855,Trim 27.1 from 2025-07-01 onward
27.1,27.1,41.50541,-81.66791,2025-07-17T01:00:00Z,14.766,Trim 27.1 from 2025-07-01 onward
27.1,27.1,41.50541,-81.66791,2025-07-17T01:30:00Z,24.11,Trim 27.1 from 2025-07-01 onward
27.1,27.1,41.50541,-81.66791,2025-07-17T02:30:00Z,18.577,Trim 27.1 from 2025-07-01 onward
27.1,27.1,41.50541,-81.66791,2025-07-17T03:00:00Z,20.193,Trim 27.1 from 2025-07-01 onward
27.1,27.1,41.50541,-81.66791,2025-07-17T03:30:00Z,16.754,Trim 27.1 from 2025-07-01 onward
27.1,27.1,41.50541,-81.66791,2025-07-17T04:00:00Z,10.537,Trim 27.1 from 2025-07-01 onward
27.1,27.1,41.50541,-81.66791,2025-07-17T04:30:00Z,12.803,Trim 27.1 from 2025-07-01 onward
27.1,27.1,41.50541,-81.66791,2025-07-17T05:00:00Z,10.61,Trim 27.1 from 2025-07-01 onward
27.1,27.1,41.50541,-81.66791,2025-07-17T05:30:00Z,6.538,Trim 27.1 from 2025-07-01 onward
27.1,27.1,41.50541,-81.66791,2025-07-17T06:00:00Z,18.423,Trim 27.1 from 2025-07-01 onward
27.1,27.1,41.50541,-81.66791,2025-07-17T06:30:00Z,12.98,Trim 27.1 from 2025-07-01 onward
27.1,27.1,41.50541,-81.66791,2025-07-17T07:00:00Z,15.099,Trim 27.1 from 2025-07-01 onward
27.1,27.1,41.50541,-81.66791,2025-07-17T08:30:00Z,10.536,Trim 27.1 from 2025-07-01 onward
27.1,27.1,41.50541,-81.66791,2025-07-17T09:00:00Z,15.039,Trim 27.1 from 2025-07-01 onward
27.1,27.1,41.50541,-81.66791,2025-07-17T10:00:00Z,13.37,Trim 27.1 from 2025-07-01 onward
27.1,27.1,41.50541,-81.66791,2025-07-17T10:30:00Z,8.688,Trim 27.1 from 2025-07-01 onward
27.1,27.1,41.50541,-81.66791,2025-07-17T13:30:00Z,4.588,Trim 27.1 from 2025-07-01 onward
27.1,27.1,41.50541,-81.66791,2025-07-17T14:00:00Z,4.517,Trim 27.1 from 2025-07-01 onward
27.1,27.1,41.50541,-81.66791,2025-07-17T14:30:00Z,1.641,Trim 27.1 from 2025-07-01 onward
27.1,27.1,41.50541,-81.66791,2025-07-17T16:00:00Z,4.795,Trim 27.1 from 2025-07-01 onward
27.1,27.1,41.50541,-81.66791,2025-07-17T17:00:00Z,3.462,Trim 27.1 from 2025-07-01 onward
27.1,27.1,41.50541,-81.66791,2025-07-17T17:30:00Z,3.416,Trim 27.1 from 2025-07-01 onward
27.1,27.1,41.50541,-81.66791,2025-07-17T18:00:00Z,4.022,Trim 27.1 from 2025-07-01 onward
27.1,27.1,41.50541,-81.66791,2025-07-17T18:30:00Z,5.947,Trim 27.1 from 2025-07-01 onward
27.1,27.1,41.50541,-81.66791,2025-07-17T19:00:00Z,3.533,Trim 27.1 from 2025-07-01 onward
27.1,27.1,41.50541,-81.66791,2025-07-17T19:30:00Z,5.08,Trim 27.1 from 2025-07-01 onward
27.1,27.1,41.50541,-81.66791,2025-07-17T20:00:00Z,3.44,Trim 27.1 from 2025-07-01 onward
27.1,27.1,41.50541,-81.66791,2025-07-17T20:30:00Z,4.18,Trim 27.1 from 2025-07-01 onward
27.1,27.1,41.50541,-81.66791,2025-07-17T21:00:00Z,10.014,Trim 27.1 from 2025-07-01 onward
27.1,27.1,41.50541,-81.66791,2025-07-17T21:30:00Z,5.512,Trim 27.1 from 2025-07-01 onward
27.1,27.1,41.50541,-81.66791,2025-07-17T22:00:00Z,6.211,Trim 27.1 from 2025-07-01 onward
27.1,27.1,41.50541,-81.66791,2025-07-17T22:30:00Z,4.173,Trim 27.1 from 2025-07-01 onward
27.1,27.1,41.50541,-81.66791,2025-07-17T23:00:00Z,3.604,Trim 27.1 from 2025-07-01 onward
27.1,27.1,41.50541,-81.66791,2025-07-17T23:30:00Z,4.902,Trim 27.1 from 2025-07-01 onward
27.1,27.1,41.50541,-81.66791,2025-07-18T00:00:00Z,4.099,Trim 27.1 from 2025-07-01 onward
27.1,27.1,41.50541,-81.66791,2025-07-18T00:30:00Z,7.89,Trim 27.1 from 2025-07-01 onward
27.1,27.1,41.50541,-81.66791,2025-07-18T01:00:00Z,6.044,Trim 27.1 from 2025-07-01 onward
27.1,27.1,41.50541,-81.66791,2025-07-18T01:30:00Z,3.455,Trim 27.1 from 2025-07-01 onward
27.1,27.1,41.50541,-81.66791,2025-07-18T02:00:00Z,2.386,Trim 27.1 from 2025-07-01 onward
27.1,27.1,41.50541,-81.66791,2025-07-18T02:30:00Z,2.466,Trim 27.1 from 2025-07-01 onward
27.1,27.1,41.50541,-81.66791,2025-07-18T03:00:00Z,5.926,Trim 27.1 from 2025-07-01 onward
27.1,27.1,41.50541,-81.66791,2025-07-18T03:30:00Z,0.85,Trim 27.1 from 2025-07-01 onward
27.1,27.1,41.50541,-81.66791,2025-07-18T04:00:00Z,2.091,Trim 27.1 from 2025-07-01 onward
27.1,27.1,41.50541,-81.66791,2025-07-18T04:30:00Z,1.641,Trim 27.1 from 2025-07-01 onward
27.1,27.1,41.50541,-81.66791,2025-07-18T05:00:00Z,2.185,Trim 27.1 from 2025-07-01 onward
27.1,27.1,41.50541,-81.66791,2025-07-18T05:30:00Z,1.616,Trim 27.1 from 2025-07-01 onward
27.1,27.1,41.50541,-81.66791,2025-07-18T06:00:00Z,0.581,Trim 27.1 from 2025-07-01 onward
27.1,27.1,41.50541,-81.66791,2025-07-18T06:30:00Z,1.096,Trim 27.1 from 2025-07-01 onward
27.1,27.1,41.50541,-81.66791,2025-07-18T07:00:00Z,0.547,Trim 27.1 from 2025-07-01 onward
27.1,27.1,41.50541,-81.66791,2025-07-18T07:30:00Z,1.808,Trim 27.1 from 2025-07-01 onward
27.1,27.1,41.50541,-81.66791,2025-07-18T08:00:00Z,1.924,Trim 27.1 from 2025-07-01 onward
27.1,27.1,41.50541,-81.66791,2025-07-18T08:30:00Z,0.544,Trim 27.1 from 2025-07-01 onward
27.1,27.1,41.50541,-81.66791,2025-07-18T09:00:00Z,0.599,Trim 27.1 from 2025-07-01 onward
27.1,27.1,41.50541,-81.66791,2025-07-18T09:30:00Z,2.169,Trim 27.1 from 2025-07-01 onward
27.1,27.1,41.50541,-81.66791,2025-07-18T10:00:00Z,4.716,Trim 27.1 from 2025-07-01 onward
27.1,27.1,41.50541,-81.66791,2025-07-18T10:30:00Z,1.37,Trim 27.1 from 2025-07-01 onward
27.1,27.1,41.50541,-81.66791,2025-07-18T11:00:00Z,0.82,Trim 27.1 from 2025-07-01 onward
27.1,27.1,41.50541,-81.66791,2025-07-18T11:30:00Z,2.018,Trim 27.1 from 2025-07-01 onward
27.1,27.1,41.50541,-81.66791,2025-07-18T12:00:00Z,1.434,Trim 27.1 from 2025-07-01 onward
27.1,27.1,41.50541,-81.66791,2025-07-18T12:30:00Z,1.05,Trim 27.1 from 2025-07-01 onward
27.1,27.1,41.50541,-81.66791,2025-07-18T13:00:00Z,3.416,Trim 27.1 from 2025-07-01 onward
27.1,27.1,41.50541,-81.66791,2025-07-18T13:30:00Z,5.884,Trim 27.1 from 2025-07-01 onward
27.1,27.1,41.50541,-81.66791,2025-07-18T14:00:00Z,3.436,Trim 27.1 from 2025-07-01 onward
27.1,27.1,41.50541,-81.66791,2025-07-18T14:30:00Z,1.736,Trim 27.1 from 2025-07-01 onward
27.1,27.1,41.50541,-81.66791,2025-07-18T15:00:00Z,1.243,Trim 27.1 from 2025-07-01 onward
27.1,27.1,41.50541,-81.66791,2025-07-18T15:30:00Z,1.671,Trim 27.1 from 2025-07-01 onward
27.1,27.1,41.50541,-81.66791,2025-07-18T16:00:00Z,2.314,Trim 27.1 from 2025-07-01 onward
27.1,27.1,41.50541,-81.66791,2025-07-18T16:30:00Z,2.171,Trim 27.1 from 2025-07-01 onward
27.1,27.1,41.50541,-81.66791,2025-07-18T17:00:00Z,0.997,Trim 27.1 from 2025-07-01 onward
27.1,27.1,41.50541,-81.66791,2025-07-18T17:30:00Z,1.61,Trim 27.1 from 2025-07-01 onward
27.1,27.1,41.50541,-81.66791,2025-07-18T18:00:00Z,2.681,Trim 27.1 from 2025-07-01 onward
27.1,27.1,41.50541,-81.66791,2025-07-18T18:30:00Z,1.65,Trim 27.1 from 2025-07-01 onward
27.1,27.1,41.50541,-81.66791,2025-07-18T19:00:00Z,1.003,Trim 27.1 from 2025-07-01 onward
27.1,27.1,41.50541,-81.66791,2025-07-18T19:30:00Z,0.869,Trim 27.1 from 2025-07-01 onward
27.1,27.1,41.50541,-81.66791,2025-07-18T20:00:00Z,1.642,Trim 27.1 from 2025-07-01 onward
27.1,27.1,41.50541,-81.66791,2025-07-18T20:30:00Z,1.873,Trim 27.1 from 2025-07-01 onward
27.1,27.1,41.50541,-81.66791,2025-07-18T21:00:00Z,1.031,Trim 27.1 from 2025-07-01 onward
27.1,27.1,41.50541,-81.66791,2025-07-18T21:30:00Z,1.733,Trim 27.1 from 2025-07-01 onward
27.1,27.1,41.50541,-81.66791,2025-07-18T22:00:00Z,1.598,Trim 27.1 from 2025-07-01 onward
27.1,27.1,41.50541,-81.66791,2025-07-18T22:30:00Z,2.015,Trim 27.1 from 2025-07-01 onward
27.1,27.1,41.50541,-81.66791,2025-07-18T23:00:00Z,3.205,Trim 27.1 from 2025-07-01 onward
27.1,27.1,41.50541,-81.66791,2025-07-18T23:30:00Z,1.717,Trim 27.1 from 2025-07-01 onward
27.1,27.1,41.50541,-81.66791,2025-07-19T00:00:00Z,2.611,Trim 27.1 from 2025-07-01 onward
27.1,27.1,41.50541,-81.66791,2025-07-19T00:30:00Z,2.237,Trim 27.1 from 2025-07-01 onward
27.1,27.1,41.50541,-81.66791,2025-07-19T01:00:00Z,1.825,Trim 27.1 from 2025-07-01 onward
27.1,27.1,41.50541,-81.66791,2025-07-19T01:30:00Z,0.924,Trim 27.1 from 2025-07-01 onward
27.1,27.1,41.50541,-81.66791,2025-07-19T02:00:00Z,1.608,Trim 27.1 from 2025-07-01 onward
27.1,27.1,41.50541,-81.66791,2025-07-19T02:30:00Z,1.62,Trim 27.1 from 2025-07-01 onward
27.1,27.1,41.50541,-81.66791,2025-07-19T03:00:00Z,2.959,Trim 27.1 from 2025-07-01 onward
27.1,27.1,41.50541,-81.66791,2025-07-19T03:30:00Z,1.614,Trim 27.1 from 2025-07-01 onward
27.1,27.1,41.50541,-81.66791,2025-07-19T04:00:00Z,4.612,Trim 27.1 from 2025-07-01 onward
27.1,27.1,41.50541,-81.66791,2025-07-19T04:30:00Z,4.91,Trim 27.1 from 2025-07-01 onward
27.1,27.1,41.50541,-81.66791,2025-07-19T05:00:00Z,2.629,Trim 27.1 from 2025-07-01 onward
27.1,27.1,41.50541,-81.66791,2025-07-19T05:30:00Z,1.827,Trim 27.1 from 2025-07-01 onward
27.1,27.1,41.50541,-81.66791,2025-07-19T06:00:00Z,3.954,Trim 27.1 from 2025-07-01 onward
27.1,27.1,41.50541,-81.66791,2025-07-19T07:00:00Z,9.412,Trim 27.1 from 2025-07-01 onward
27.1,27.1,41.50541,-81.66791,2025-07-19T07:30:00Z,3.396,Trim 27.1 from 2025-07-01 onward
27.1,27.1,41.50541,-81.66791,2025-07-19T08:00:00Z,10.273,Trim 27.1 from 2025-07-01 onward
27.1,27.1,41.50541,-81.66791,2025-07-19T08:30:00Z,31.07,Trim 27.1 from 2025-07-01 onward
27.1,27.1,41.50541,-81.66791,2025-07-19T09:00:00Z,57.159,Trim 27.1 from 2025-07-01 onward
27.1,27.1,41.50541,-81.66791,2025-07-19T09:30:00Z,7.729,Trim 27.1 from 2025-07-01 onward
27.1,27.1,41.50541,-81.66791,2025-07-19T10:30:00Z,5.194,Trim 27.1 from 2025-07-01 onward
27.1,27.1,41.50541,-81.66791,2025-07-19T11:00:00Z,11.787,Trim 27.1 from 2025-07-01 onward
27.1,27.1,41.50541,-81.66791,2025-07-19T11:30:00Z,13.928,Trim 27.1 from 2025-07-01 onward
27.1,27.1,41.50541,-81.66791,2025-07-19T12:00:00Z,7.569,Trim 27.1 from 2025-07-01 onward
27.1,27.1,41.50541,-81.66791,2025-07-19T12:30:00Z,2.713,Trim 27.1 from 2025-07-01 onward
27.1,27.1,41.50541,-81.66791,2025-07-19T13:00:00Z,3.239,Trim 27.1 from 2025-07-01 onward
27.1,27.1,41.50541,-81.66791,2025-07-19T13:30:00Z,2.762,Trim 27.1 from 2025-07-01 onward
27.1,27.1,41.50541,-81.66791,2025-07-19T14:00:00Z,3.353,Trim 27.1 from 2025-07-01 onward
27.1,27.1,41.50541,-81.66791,2025-07-19T14:30:00Z,2.757,Trim 27.1 from 2025-07-01 onward
27.1,27.1,41.50541,-81.66791,2025-07-19T15:00:00Z,1.287,Trim 27.1 from 2025-07-01 onward
27.1,27.1,41.50541,-81.66791,2025-07-19T15:30:00Z,1.135,Trim 27.1 from 2025-07-01 onward
27.1,27.1,41.50541,-81.66791,2025-07-19T16:00:00Z,1.832,Trim 27.1 from 2025-07-01 onward
27.1,27.1,41.50541,-81.66791,2025-07-19T16:30:00Z,6.627,Trim 27.1 from 2025-07-01 onward
27.1,27.1,41.50541,-81.66791,2025-07-19T17:00:00Z,2.747,Trim 27.1 from 2025-07-01 onward
27.1,27.1,41.50541,-81.66791,2025-07-19T17:30:00Z,3.304,Trim 27.1 from 2025-07-01 onward
27.1,27.1,41.50541,-81.66791,2025-07-19T18:00:00Z,4.216,Trim 27.1 from 2025-07-01 onward
27.1,27.1,41.50541,-81.66791,2025-07-19T18:30:00Z,3.367,Trim 27.1 from 2025-07-01 onward
27.1,27.1,41.50541,-81.66791,2025-07-19T19:00:00Z,4.938,Trim 27.1 from 2025-07-01 onward
27.1,27.1,41.50541,-81.66791,2025-07-19T19:30:00Z,3.364,Trim 27.1 from 2025-07-01 onward
27.1,27.1,41.50541,-81.66791,2025-07-19T20:00:00Z,4.694,Trim 27.1 from 2025-07-01 onward
27.1,27.1,41.50541,-81.66791,2025-07-19T20:30:00Z,2.084,Trim 27.1 from 2025-07-01 onward
27.1,27.1,41.50541,-81.66791,2025-07-19T21:00:00Z,2.465,Trim 27.1 from 2025-07-01 onward
27.1,27.1,41.50541,-81.66791,2025-07-19T21:30:00Z,1.54,Trim 27.1 from 2025-07-01 onward
27.1,27.1,41.50541,-81.66791,2025-07-19T22:00:00Z,3.862,Trim 27.1 from 2025-07-01 onward
27.1,27.1,41.50541,-81.66791,2025-07-19T22:30:00Z,4.612,Trim 27.1 from 2025-07-01 onward
27.1,27.1,41.50541,-81.66791,2025-07-19T23:00:00Z,2.852,Trim 27.1 from 2025-07-01 onward
27.1,27.1,41.50541,-81.66791,2025-07-19T23:30:00Z,5.897,Trim 27.1 from 2025-07-01 onward
27.1,27.1,41.50541,-81.66791,2025-07-20T00:00:00Z,2.734,Trim 27.1 from 2025-07-01 onward
27.1,27.1,41.50541,-81.66791,2025-07-20T00:30:00Z,4.522,Trim 27.1 from 2025-07-01 onward
27.1,27.1,41.50541,-81.66791,2025-07-20T01:00:00Z,7.142,Trim 27.1 from 2025-07-01 onward
27.1,27.1,41.50541,-81.66791,2025-07-20T01:30:00Z,6.853,Trim 27.1 from 2025-07-01 onward
27.1,27.1,41.50541,-81.66791,2025-07-20T02:00:00Z,8.032,Trim 27.1 from 2025-07-01 onward
27.1,27.1,41.50541,-81.66791,2025-07-20T02:30:00Z,6.568,Trim 27.1 from 2025-07-01 onward
27.1,27.1,41.50541,-81.66791,2025-07-20T03:00:00Z,7.577,Trim 27.1 from 2025-07-01 onward
27.1,27.1,41.50541,-81.66791,2025-07-20T03:30:00Z,4.905,Trim 27.1 from 2025-07-01 onward
27.1,27.1,41.50541,-81.66791,2025-07-20T04:00:00Z,11.244,Trim 27.1 from 2025-07-01 onward
27.1,27.1,41.50541,-81.66791,2025-07-20T04:30:00Z,4.421,Trim 27.1 from 2025-07-01 onward
27.1,27.1,41.50541,-81.66791,2025-07-20T05:00:00Z,5.991,Trim 27.1 from 2025-07-01 onward
27.1,27.1,41.50541,-81.66791,2025-07-20T05:30:00Z,5.776,Trim 27.1 from 2025-07-01 onward
27.1,27.1,41.50541,-81.66791,2025-07-20T06:00:00Z,4.925,Trim 27.1 from 2025-07-01 onward
27.1,27.1,41.50541,-81.66791,2025-07-20T06:30:00Z,5.958,Trim 27.1 from 2025-07-01 onward
27.1,27.1,41.50541,-81.66791,2025-07-20T07:00:00Z,5.145,Trim 27.1 from 2025-07-01 onward
27.1,27.1,41.50541,-81.66791,2025-07-20T07:30:00Z,5.163,Trim 27.1 from 2025-07-01 onward
27.1,27.1,41.50541,-81.66791,2025-07-20T08:00:00Z,7.954,Trim 27.1 from 2025-07-01 onward
27.1,27.1,41.50541,-81.66791,2025-07-20T08:30:00Z,6.919,Trim 27.1 from 2025-07-01 onward
27.1,27.1,41.50541,-81.66791,2025-07-20T09:00:00Z,6.335,Trim 27.1 from 2025-07-01 onward
27.1,27.1,41.50541,-81.66791,2025-07-20T09:30:00Z,6.473,Trim 27.1 from 2025-07-01 onward
27.1,27.1,41.50541,-81.66791,2025-07-20T10:00:00Z,5.01,Trim 27.1 from 2025-07-01 onward
27.1,27.1,41.50541,-81.66791,2025-07-20T10:30:00Z,9.338,Trim 27.1 from 2025-07-01 onward
27.1,27.1,41.50541,-81.66791,2025-07-20T11:00:00Z,5.254,Trim 27.1 from 2025-07-01 onward
27.1,27.1,41.50541,-81.66791,2025-07-20T11:30:00Z,3.416,Trim 27.1 from 2025-07-01 onward
27.1,27.1,41.50541,-81.66791,2025-07-20T12:00:00Z,3.997,Trim 27.1 from 2025-07-01 onward
27.1,27.1,41.50541,-81.66791,2025-07-20T12:30:00Z,6.277,Trim 27.1 from 2025-07-01 onward
27.1,27.1,41.50541,-81.66791,2025-07-20T13:00:00Z,12.117,Trim 27.1 from 2025-07-01 onward
27.1,27.1,41.50541,-81.66791,2025-07-20T13:30:00Z,7.995,Trim 27.1 from 2025-07-01 onward
27.1,27.1,41.50541,-81.66791,2025-07-20T14:00:00Z,9.202,Trim 27.1 from 2025-07-01 onward
27.1,27.1,41.50541,-81.66791,2025-07-20T14:30:00Z,7.382,Trim 27.1 from 2025-07-01 onward
27.1,27.1,41.50541,-81.66791,2025-07-20T15:00:00Z,5.556,Trim 27.1 from 2025-07-01 onward
27.1,27.1,41.50541,-81.66791,2025-07-20T15:30:00Z,7.816,Trim 27.1 from 2025-07-01 onward
27.1,27.1,41.50541,-81.66791,2025-07-20T16:00:00Z,6.449,Trim 27.1 from 2025-07-01 onward
27.1,27.1,41.50541,-81.66791,2025-07-20T16:30:00Z,4.825,Trim 27.1 from 2025-07-01 onward
27.1,27.1,41.50541,-81.66791,2025-07-20T17:00:00Z,7.932,Trim 27.1 from 2025-07-01 onward
27.1,27.1,41.50541,-81.66791,2025-07-20T17:30:00Z,7.954,Trim 27.1 from 2025-07-01 onward
27.1,27.1,41.50541,-81.66791,2025-07-20T18:00:00Z,10.536,Trim 27.1 from 2025-07-01 onward
27.1,27.1,41.50541,-81.66791,2025-07-20T18:30:00Z,7.086,Trim 27.1 from 2025-07-01 onward
27.1,27.1,41.50541,-81.66791,2025-07-20T19:00:00Z,8.658,Trim 27.1 from 2025-07-01 onward
27.1,27.1,41.50541,-81.66791,2025-07-20T19:30:00Z,5.061,Trim 27.1 from 2025-07-01 onward
27.1,27.1,41.50541,-81.66791,2025-07-20T20:00:00Z,9.256,Trim 27.1 from 2025-07-01 onward
27.1,27.1,41.50541,-81.66791,2025-07-20T20:30:00Z,3.044,Trim 27.1 from 2025-07-01 onward
27.1,27.1,41.50541,-81.66791,2025-07-20T21:00:00Z,3.197,Trim 27.1 from 2025-07-01 onward
27.1,27.1,41.50541,-81.66791,2025-07-20T21:30:00Z,4.464,Trim 27.1 from 2025-07-01 onward
27.1,27.1,41.50541,-81.66791,2025-07-20T22:00:00Z,3.525,Trim 27.1 from 2025-07-01 onward
27.1,27.1,41.50541,-81.66791,2025-07-20T22:30:00Z,7.562,Trim 27.1 from 2025-07-01 onward
27.1,27.1,41.50541,-81.66791,2025-07-20T23:00:00Z,4.446,Trim 27.1 from 2025-07-01 onward
27.1,27.1,41.50541,-81.66791,2025-07-20T23:30:00Z,5.55,Trim 27.1 from 2025-07-01 onward
27.1,27.1,41.50541,-81.66791,2025-07-21T00:00:00Z,4.483,Trim 27.1 from 2025-07-01 onward
27.1,27.1,41.50541,-81.66791,2025-07-21T00:30:00Z,2.201,Trim 27.1 from 2025-07-01 onward
27.1,27.1,41.50541,-81.66791,2025-07-21T01:00:00Z,5.933,Trim 27.1 from 2025-07-01 onward
27.1,27.1,41.50541,-81.66791,2025-07-21T01:30:00Z,5.97,Trim 27.1 from 2025-07-01 onward
27.1,27.1,41.50541,-81.66791,2025-07-21T02:00:00Z,2.65,Trim 27.1 from 2025-07-01 onward
27.1,27.1,41.50541,-81.66791,2025-07-21T02:30:00Z,4.987,Trim 27.1 from 2025-07-01 onward
27.1,27.1,41.50541,-81.66791,2025-07-21T03:00:00Z,6.673,Trim 27.1 from 2025-07-01 onward
27.1,27.1,41.50541,-81.66791,2025-07-21T03:30:00Z,8.852,Trim 27.1 from 2025-07-01 onward
27.1,27.1,41.50541,-81.66791,2025-07-21T04:00:00Z,13.596,Trim 27.1 from 2025-07-01 onward
27.1,27.1,41.50541,-81.66791,2025-07-21T04:30:00Z,14.284,Trim 27.1 from 2025-07-01 onward
27.1,27.1,41.50541,-81.66791,2025-07-21T05:00:00Z,16.836,Trim 27.1 from 2025-07-01 onward
27.1,27.1,41.50541,-81.66791,2025-07-21T05:30:00Z,16.582,Trim 27.1 from 2025-07-01 onward
27.1,27.1,41.50541,-81.66791,2025-07-21T06:00:00Z,28.038,Trim 27.1 from 2025-07-01 onward
27.1,27.1,41.50541,-81.66791,2025-07-21T06:30:00Z,24.642,Trim 27.1 from 2025-07-01 onward
27.1,27.1,41.50541,-81.66791,2025-07-21T07:00:00Z,46.221,Trim 27.1 from 2025-07-01 onward
27.1,27.1,41.50541,-81.66791,2025-07-21T07:30:00Z,49.277,Trim 27.1 from 2025-07-01 onward
27.1,27.1,41.50541,-81.66791,2025-07-21T08:00:00Z,33.202,Trim 27.1 from 2025-07-01 onward
27.1,27.1,41.50541,-81.66791,2025-07-21T08:30:00Z,24.609,Trim 27.1 from 2025-07-01 onward
27.1,27.1,41.50541,-81.66791,2025-07-21T09:00:00Z,26.698,Trim 27.1 from 2025-07-01 onward
27.1,27.1,41.50541,-81.66791,2025-07-21T09:30:00Z,28.877,Trim 27.1 from 2025-07-01 onward
27.1,27.1,41.50541,-81.66791,2025-07-21T10:00:00Z,25.512,Trim 27.1 from 2025-07-01 onward
27.1,27.1,41.50541,-81.66791,2025-07-21T10:30:00Z,34.075,Trim 27.1 from 2025-07-01 onward
27.1,27.1,41.50541,-81.66791,2025-07-21T11:00:00Z,49.371,Trim 27.1 from 2025-07-01 onward
27.1,27.1,41.50541,-81.66791,2025-07-21T11:30:00Z,41.149,Trim 27.1 from 2025-07-01 onward
27.1,27.1,41.50541,-81.66791,2025-07-21T12:00:00Z,40.667,Trim 27.1 from 2025-07-01 onward
27.1,27.1,41.50541,-81.66791,2025-07-21T12:30:00Z,21.069,Trim 27.1 from 2025-07-01 onward
27.1,27.1,41.50541,-81.66791,2025-07-21T13:00:00Z,20.707,Trim 27.1 from 2025-07-01 onward
27.1,27.1,41.50541,-81.66791,2025-07-21T13:30:00Z,20.019,Trim 27.1 from 2025-07-01 onward
27.1,27.1,41.50541,-81.66791,2025-07-21T14:00:00Z,22.682,Trim 27.1 from 2025-07-01 onward
27.1,27.1,41.50541,-81.66791,2025-07-21T14:30:00Z,20.055,Trim 27.1 from 2025-07-01 onward
27.1,27.1,41.50541,-81.66791,2025-07-21T15:00:00Z,18.764,Trim 27.1 from 2025-07-01 onward
27.1,27.1,41.50541,-81.66791,2025-07-21T15:30:00Z,11.514,Trim 27.1 from 2025-07-01 onward
27.1,27.1,41.50541,-81.66791,2025-07-21T16:00:00Z,15.68,Trim 27.1 from 2025-07-01 onward
27.1,27.1,41.50541,-81.66791,2025-07-21T16:30:00Z,24.221,Trim 27.1 from 2025-07-01 onward
27.1,27.1,41.50541,-81.66791,2025-07-21T17:00:00Z,25.605,Trim 27.1 from 2025-07-01 onward
27.1,27.1,41.50541,-81.66791,2025-07-21T17:30:00Z,28.06,Trim 27.1 from 2025-07-01 onward
27.1,27.1,41.50541,-81.66791,2025-07-21T18:00:00Z,27.21,Trim 27.1 from 2025-07-01 onward
27.1,27.1,41.50541,-81.66791,2025-07-21T18:30:00Z,28.979,Trim 27.1 from 2025-07-01 onward
27.1,27.1,41.50541,-81.66791,2025-07-21T19:00:00Z,19.361,Trim 27.1 from 2025-07-01 onward
27.1,27.1,41.50541,-81.66791,2025-07-21T19:30:00Z,22.016,Trim 27.1 from 2025-07-01 onward
27.1,27.1,41.50541,-81.66791,2025-07-21T20:00:00Z,21.098,Trim 27.1 from 2025-07-01 onward
27.1,27.1,41.50541,-81.66791,2025-07-21T20:30:00Z,16.959,Trim 27.1 from 2025-07-01 onward
27.1,27.1,41.50541,-81.66791,2025-07-21T21:00:00Z,17.007,Trim 27.1 from 2025-07-01 onward
27.1,27.1,41.50541,-81.66791,2025-07-21T21:30:00Z,16.213,Trim 27.1 from 2025-07-01 onward
27.1,27.1,41.50541,-81.66791,2025-07-21T22:00:00Z,13.913,Trim 27.1 from 2025-07-01 onward
27.1,27.1,41.50541,-81.66791,2025-07-21T22:30:00Z,12.939,Trim 27.1 from 2025-07-01 onward
27.1,27.1,41.50541,-81.66791,2025-07-21T23:00:00Z,7.122,Trim 27.1 from 2025-07-01 onward
27.1,27.1,41.50541,-81.66791,2025-07-21T23:30:00Z,8.416,Trim 27.1 from 2025-07-01 onward
27.1,27.1,41.50541,-81.66791,2025-07-22T00:00:00Z,7.974,Trim 27.1 from 2025-07-01 onward
27.1,27.1,41.50541,-81.66791,2025-07-22T00:30:00Z,7.071,Trim 27.1 from 2025-07-01 onward
27.1,27.1,41.50541,-81.66791,2025-07-22T01:00:00Z,7.097,Trim 27.1 from 2025-07-01 onward
27.1,27.1,41.50541,-81.66791,2025-07-22T01:30:00Z,12.732,Trim 27.1 from 2025-07-01 onward
27.1,27.1,41.50541,-81.66791,2025-07-22T02:00:00Z,6.116,Trim 27.1 from 2025-07-01 onward
27.1,27.1,41.50541,-81.66791,2025-07-22T02:30:00Z,9.628,Trim 27.1 from 2025-07-01 onward
27.1,27.1,41.50541,-81.66791,2025-07-22T03:00:00Z,2.742,Trim 27.1 from 2025-07-01 onward
27.1,27.1,41.50541,-81.66791,2025-07-22T03:30:00Z,1.756,Trim 27.1 from 2025-07-01 onward
27.1,27.1,41.50541,-81.66791,2025-07-22T04:00:00Z,1.717,Trim 27.1 from 2025-07-01 onward
27.1,27.1,41.50541,-81.66791,2025-07-22T04:30:00Z,4.415,Trim 27.1 from 2025-07-01 onward
27.1,27.1,41.50541,-81.66791,2025-07-22T05:00:00Z,3.87,Trim 27.1 from 2025-07-01 onward
27.1,27.1,41.50541,-81.66791,2025-07-22T05:30:00Z,2.752,Trim 27.1 from 2025-07-01 onward
27.1,27.1,41.50541,-81.66791,2025-07-22T06:00:00Z,1.664,Trim 27.1 from 2025-07-01 onward
27.1,27.1,41.50541,-81.66791,2025-07-22T06:30:00Z,4.46,Trim 27.1 from 2025-07-01 onward
27.1,27.1,41.50541,-81.66791,2025-07-22T07:00:00Z,1.151,Trim 27.1 from 2025-07-01 onward
27.1,27.1,41.50541,-81.66791,2025-07-22T07:30:00Z,4.842,Trim 27.1 from 2025-07-01 onward
27.1,27.1,41.50541,-81.66791,2025-07-22T08:00:00Z,7.002,Trim 27.1 from 2025-07-01 onward
27.1,27.1,41.50541,-81.66791,2025-07-22T08:30:00Z,12.014,Trim 27.1 from 2025-07-01 onward
27.1,27.1,41.50541,-81.66791,2025-07-22T09:00:00Z,10.924,Trim 27.1 from 2025-07-01 onward
27.1,27.1,41.50541,-81.66791,2025-07-22T09:30:00Z,13.76,Trim 27.1 from 2025-07-01 onward
27.1,27.1,41.50541,-81.66791,2025-07-22T10:00:00Z,13.76,Trim 27.1 from 2025-07-01 onward
27.1,27.1,41.50541,-81.66791,2025-07-22T10:30:00Z,11.138,Trim 27.1 from 2025-07-01 onward
27.1,27.1,41.50541,-81.66791,2025-07-22T11:00:00Z,11.29,Trim 27.1 from 2025-07-01 onward
27.1,27.1,41.50541,-81.66791,2025-07-22T11:30:00Z,11.627,Trim 27.1 from 2025-07-01 onward
27.1,27.1,41.50541,-81.66791,2025-07-22T12:30:00Z,8.547,Trim 27.1 from 2025-07-01 onward
27.1,27.1,41.50541,-81.66791,2025-07-22T13:00:00Z,7.342,Trim 27.1 from 2025-07-01 onward
27.1,27.1,41.50541,-81.66791,2025-07-22T13:30:00Z,1.512,Trim 27.1 from 2025-07-01 onward
27.1,27.1,41.50541,-81.66791,2025-07-22T14:00:00Z,2.829,Trim 27.1 from 2025-07-01 onward
27.1,27.1,41.50541,-81.66791,2025-07-22T14:30:00Z,2.292,Trim 27.1 from 2025-07-01 onward
27.1,27.1,41.50541,-81.66791,2025-07-22T15:00:00Z,3.788,Trim 27.1 from 2025-07-01 onward
27.1,27.1,41.50541,-81.66791,2025-07-22T15:30:00Z,2.598,Trim 27.1 from 2025-07-01 onward
27.1,27.1,41.50541,-81.66791,2025-07-22T16:00:00Z,1.805,Trim 27.1 from 2025-07-01 onward
27.1,27.1,41.50541,-81.66791,2025-07-22T16:30:00Z,1.539,Trim 27.1 from 2025-07-01 onward
27.1,27.1,41.50541,-81.66791,2025-07-22T17:00:00Z,2.935,Trim 27.1 from 2025-07-01 onward
27.1,27.1,41.50541,-81.66791,2025-07-22T17:30:00Z,1.468,Trim 27.1 from 2025-07-01 onward
27.1,27.1,41.50541,-81.66791,2025-07-22T18:00:00Z,3.107,Trim 27.1 from 2025-07-01 onward
27.1,27.1,41.50541,-81.66791,2025-07-22T18:30:00Z,4.709,Trim 27.1 from 2025-07-01 onward
27.1,27.1,41.50541,-81.66791,2025-07-22T19:00:00Z,2.743,Trim 27.1 from 2025-07-01 onward
27.1,27.1,41.50541,-81.66791,2025-07-22T19:30:00Z,5.219,Trim 27.1 from 2025-07-01 onward
27.1,27.1,41.50541,-81.66791,2025-07-22T20:00:00Z,1.102,Trim 27.1 from 2025-07-01 onward
27.1,27.1,41.50541,-81.66791,2025-07-22T20:30:00Z,1.806,Trim 27.1 from 2025-07-01 onward
27.1,27.1,41.50541,-81.66791,2025-07-22T21:00:00Z,1.986,Trim 27.1 from 2025-07-01 onward
27.1,27.1,41.50541,-81.66791,2025-07-22T21:30:00Z,1.801,Trim 27.1 from 2025-07-01 onward
27.1,27.1,41.50541,-81.66791,2025-07-22T22:00:00Z,1.136,Trim 27.1 from 2025-07-01 onward
27.1,27.1,41.50541,-81.66791,2025-07-22T22:30:00Z,3.221,Trim 27.1 from 2025-07-01 onward
27.1,27.1,41.50541,-81.66791,2025-07-22T23:00:00Z,2.27,Trim 27.1 from 2025-07-01 onward
27.1,27.1,41.50541,-81.66791,2025-07-22T23:30:00Z,1.395,Trim 27.1 from 2025-07-01 onward
27.1,27.1,41.50541,-81.66791,2025-07-23T00:00:00Z,3.599,Trim 27.1 from 2025-07-01 onward
27.1,27.1,41.50541,-81.66791,2025-07-23T00:30:00Z,2.297,Trim 27.1 from 2025-07-01 onward
27.1,27.1,41.50541,-81.66791,2025-07-23T01:00:00Z,2.418,Trim 27.1 from 2025-07-01 onward
27.1,27.1,41.50541,-81.66791,2025-07-23T01:30:00Z,3.172,Trim 27.1 from 2025-07-01 onward
27.1,27.1,41.50541,-81.66791,2025-07-23T02:00:00Z,3.305,Trim 27.1 from 2025-07-01 onward
27.1,27.1,41.50541,-81.66791,2025-07-23T02:30:00Z,2.061,Trim 27.1 from 2025-07-01 onward
27.1,27.1,41.50541,-81.66791,2025-07-23T03:00:00Z,2.324,Trim 27.1 from 2025-07-01 onward
27.1,27.1,41.50541,-81.66791,2025-07-23T03:30:00Z,3.188,Trim 27.1 from 2025-07-01 onward
27.1,27.1,41.50541,-81.66791,2025-07-23T04:00:00Z,1.777,Trim 27.1 from 2025-07-01 onward
27.1,27.1,41.50541,-81.66791,2025-07-23T04:30:00Z,2.573,Trim 27.1 from 2025-07-01 onward
27.1,27.1,41.50541,-81.66791,2025-07-23T05:00:00Z,3.371,Trim 27.1 from 2025-07-01 onward
27.1,27.1,41.50541,-81.66791,2025-07-23T05:30:00Z,10.001,Trim 27.1 from 2025-07-01 onward
27.1,27.1,41.50541,-81.66791,2025-07-23T06:00:00Z,4.304,Trim 27.1 from 2025-07-01 onward
27.1,27.1,41.50541,-81.66791,2025-07-23T06:30:00Z,3.508,Trim 27.1 from 2025-07-01 onward
27.1,27.1,41.50541,-81.66791,2025-07-23T07:30:00Z,3.62,Trim 27.1 from 2025-07-01 onward
27.1,27.1,41.50541,-81.66791,2025-07-23T08:00:00Z,2.029,Trim 27.1 from 2025-07-01 onward
27.1,27.1,41.50541,-81.66791,2025-07-23T08:30:00Z,5.624,Trim 27.1 from 2025-07-01 onward
27.1,27.1,41.50541,-81.66791,2025-07-23T09:00:00Z,4.175,Trim 27.1 from 2025-07-01 onward
27.1,27.1,41.50541,-81.66791,2025-07-23T09:30:00Z,4.749,Trim 27.1 from 2025-07-01 onward
27.1,27.1,41.50541,-81.66791,2025-07-23T10:00:00Z,3.883,Trim 27.1 from 2025-07-01 onward
27.1,27.1,41.50541,-81.66791,2025-07-23T10:30:00Z,4.107,Trim 27.1 from 2025-07-01 onward
27.1,27.1,41.50541,-81.66791,2025-07-23T11:00:00Z,4.107,Trim 27.1 from 2025-07-01 onward
27.1,27.1,41.50541,-81.66791,2025-07-23T11:30:00Z,2.536,Trim 27.1 from 2025-07-01 onward
27.1,27.1,41.50541,-81.66791,2025-07-23T12:00:00Z,2.567,Trim 27.1 from 2025-07-01 onward
27.1,27.1,41.50541,-81.66791,2025-07-23T12:30:00Z,4.099,Trim 27.1 from 2025-07-01 onward
27.1,27.1,41.50541,-81.66791,2025-07-23T13:00:00Z,4.823,Trim 27.1 from 2025-07-01 onward
27.1,27.1,41.50541,-81.66791,2025-07-23T13:30:00Z,4.001,Trim 27.1 from 2025-07-01 onward
27.1,27.1,41.50541,-81.66791,2025-07-23T14:00:00Z,6.447,Trim 27.1 from 2025-07-01 onward
27.1,27.1,41.50541,-81.66791,2025-07-23T14:30:00Z,7.171,Trim 27.1 from 2025-07-01 onward
27.1,27.1,41.50541,-81.66791,2025-07-23T15:00:00Z,3.976,Trim 27.1 from 2025-07-01 onward
27.1,27.1,41.50541,-81.66791,2025-07-23T15:30:00Z,2.363,Trim 27.1 from 2025-07-01 onward
27.1,27.1,41.50541,-81.66791,2025-07-23T16:00:00Z,5.31,Trim 27.1 from 2025-07-01 onward
27.1,27.1,41.50541,-81.66791,2025-07-23T16:30:00Z,5.663,Trim 27.1 from 2025-07-01 onward
27.1,27.1,41.50541,-81.66791,2025-07-23T17:00:00Z,5.058,Trim 27.1 from 2025-07-01 onward
27.1,27.1,41.50541,-81.66791,2025-07-23T17:30:00Z,6.212,Trim 27.1 from 2025-07-01 onward
27.1,27.1,41.50541,-81.66791,2025-07-23T18:00:00Z,1.415,Trim 27.1 from 2025-07-01 onward
27.1,27.1,41.50541,-81.66791,2025-07-23T18:30:00Z,2.542,Trim 27.1 from 2025-07-01 onward
27.1,27.1,41.50541,-81.66791,2025-07-23T19:00:00Z,3.339,Trim 27.1 from 2025-07-01 onward
27.1,27.1,41.50541,-81.66791,2025-07-23T19:30:00Z,3.123,Trim 27.1 from 2025-07-01 onward
27.1,27.1,41.50541,-81.66791,2025-07-23T20:00:00Z,2.535,Trim 27.1 from 2025-07-01 onward
27.1,27.1,41.50541,-81.66791,2025-07-23T20:30:00Z,6.274,Trim 27.1 from 2025-07-01 onward
27.1,27.1,41.50541,-81.66791,2025-07-23T21:00:00Z,2.499,Trim 27.1 from 2025-07-01 onward
27.1,27.1,41.50541,-81.66791,2025-07-23T21:30:00Z,1.907,Trim 27.1 from 2025-07-01 onward
27.1,27.1,41.50541,-81.66791,2025-07-23T22:00:00Z,3.285,Trim 27.1 from 2025-07-01 onward
27.1,27.1,41.50541,-81.66791,2025-07-23T22:30:00Z,4.117,Trim 27.1 from 2025-07-01 onward
27.1,27.1,41.50541,-81.66791,2025-07-23T23:00:00Z,5.2,Trim 27.1 from 2025-07-01 onward
27.1,27.1,41.50541,-81.66791,2025-07-23T23:30:00Z,2.532,Trim 27.1 from 2025-07-01 onward
27.1,27.1,41.50541,-81.66791,2025-07-24T00:00:00Z,3.775,Trim 27.1 from 2025-07-01 onward
27.1,27.1,41.50541,-81.66791,2025-07-24T00:30:00Z,2.882,Trim 27.1 from 2025-07-01 onward
27.1,27.1,41.50541,-81.66791,2025-07-24T01:00:00Z,3.457,Trim 27.1 from 2025-07-01 onward
27.1,27.1,41.50541,-81.66791,2025-07-24T01:30:00Z,3.426,Trim 27.1 from 2025-07-01 onward
27.1,27.1,41.50541,-81.66791,2025-07-24T02:00:00Z,5.607,Trim 27.1 from 2025-07-01 onward
27.1,27.1,41.50541,-81.66791,2025-07-24T02:30:00Z,3.679,Trim 27.1 from 2025-07-01 onward
27.1,27.1,41.50541,-81.66791,2025-07-24T03:00:00Z,5.834,Trim 27.1 from 2025-07-01 onward
27.1,27.1,41.50541,-81.66791,2025-07-24T03:30:00Z,11.91,Trim 27.1 from 2025-07-01 onward
27.1,27.1,41.50541,-81.66791,2025-07-24T04:00:00Z,10.143,Trim 27.1 from 2025-07-01 onward
27.1,27.1,41.50541,-81.66791,2025-07-24T04:30:00Z,9.879,Trim 27.1 from 2025-07-01 onward
27.1,27.1,41.50541,-81.66791,2025-07-24T05:00:00Z,11.328,Trim 27.1 from 2025-07-01 onward
27.1,27.1,41.50541,-81.66791,2025-07-24T05:30:00Z,9.738,Trim 27.1 from 2025-07-01 onward
27.1,27.1,41.50541,-81.66791,2025-07-24T06:00:00Z,12.206,Trim 27.1 from 2025-07-01 onward
27.1,27.1,41.50541,-81.66791,2025-07-24T06:30:00Z,14.904,Trim 27.1 from 2025-07-01 onward
27.1,27.1,41.50541,-81.66791,2025-07-24T07:00:00Z,18.784,Trim 27.1 from 2025-07-01 onward
27.1,27.1,41.50541,-81.66791,2025-07-24T08:00:00Z,13.284,Trim 27.1 from 2025-07-01 onward
27.1,27.1,41.50541,-81.66791,2025-07-24T08:30:00Z,14.131,Trim 27.1 from 2025-07-01 onward
27.1,27.1,41.50541,-81.66791,2025-07-24T09:00:00Z,18.058,Trim 27.1 from 2025-07-01 onward
27.1,27.1,41.50541,-81.66791,2025-07-24T09:30:00Z,19.032,Trim 27.1 from 2025-07-01 onward
27.1,27.1,41.50541,-81.66791,2025-07-24T10:00:00Z,21.189,Trim 27.1 from 2025-07-01 onward
27.1,27.1,41.50541,-81.66791,2025-07-24T10:30:00Z,20.036,Trim 27.1 from 2025-07-01 onward
27.1,27.1,41.50541,-81.66791,2025-07-24T11:00:00Z,26.81,Trim 27.1 from 2025-07-01 onward
27.1,27.1,41.50541,-81.66791,2025-07-24T11:30:00Z,21.391,Trim 27.1 from 2025-07-01 onward
27.1,27.1,41.50541,-81.66791,2025-07-24T12:00:00Z,21.085,Trim 27.1 from 2025-07-01 onward
27.1,27.1,41.50541,-81.66791,2025-07-24T12:30:00Z,19.605,Trim 27.1 from 2025-07-01 onward
27.1,27.1,41.50541,-81.66791,2025-07-24T13:00:00Z,15.672,Trim 27.1 from 2025-07-01 onward
27.1,27.1,41.50541,-81.66791,2025-07-24T13:30:00Z,17.544,Trim 27.1 from 2025-07-01 onward
27.1,27.1,41.50541,-81.66791,2025-07-24T14:00:00Z,18.198,Trim 27.1 from 2025-07-01 onward
27.1,27.1,41.50541,-81.66791,2025-07-24T14:30:00Z,25.695,Trim 27.1 from 2025-07-01 onward
27.1,27.1,41.50541,-81.66791,2025-07-24T15:00:00Z,21.235,Trim 27.1 from 2025-07-01 onward
27.1,27.1,41.50541,-81.66791,2025-07-24T15:30:00Z,20.457,Trim 27.1 from 2025-07-01 onward
27.1,27.1,41.50541,-81.66791,2025-07-24T16:00:00Z,22.468,Trim 27.1 from 2025-07-01 onward
27.1,27.1,41.50541,-81.66791,2025-07-24T16:30:00Z,16.688,Trim 27.1 from 2025-07-01 onward
27.1,27.1,41.50541,-81.66791,2025-07-24T17:00:00Z,16.82,Trim 27.1 from 2025-07-01 onward
27.1,27.1,41.50541,-81.66791,2025-07-24T17:30:00Z,7.916,Trim 27.1 from 2025-07-01 onward
27.1,27.1,41.50541,-81.66791,2025-07-24T18:00:00Z,11.711,Trim 27.1 from 2025-07-01 onward
27.1,27.1,41.50541,-81.66791,2025-07-24T18:30:00Z,11.68,Trim 27.1 from 2025-07-01 onward
27.1,27.1,41.50541,-81.66791,2025-07-24T19:00:00Z,15.543,Trim 27.1 from 2025-07-01 onward
27.1,27.1,41.50541,-81.66791,2025-07-24T19:30:00Z,15.981,Trim 27.1 from 2025-07-01 onward
27.1,27.1,41.50541,-81.66791,2025-07-24T20:00:00Z,14.269,Trim 27.1 from 2025-07-01 onward
27.1,27.1,41.50541,-81.66791,2025-07-24T20:30:00Z,16.455,Trim 27.1 from 2025-07-01 onward
27.1,27.1,41.50541,-81.66791,2025-07-24T21:00:00Z,16.677,Trim 27.1 from 2025-07-01 onward
27.1,27.1,41.50541,-81.66791,2025-07-24T21:30:00Z,10.379,Trim 27.1 from 2025-07-01 onward
27.1,27.1,41.50541,-81.66791,2025-07-24T22:00:00Z,11.984,Trim 27.1 from 2025-07-01 onward
27.1,27.1,41.50541,-81.66791,2025-07-24T22:30:00Z,13.064,Trim 27.1 from 2025-07-01 onward
27.1,27.1,41.50541,-81.66791,2025-07-24T23:00:00Z,12.646,Trim 27.1 from 2025-07-01 onward
27.1,27.1,41.50541,-81.66791,2025-07-24T23:30:00Z,11.785,Trim 27.1 from 2025-07-01 onward
27.1,27.1,41.50541,-81.66791,2025-07-25T00:00:00Z,13.125,Trim 27.1 from 2025-07-01 onward
27.1,27.1,41.50541,-81.66791,2025-07-25T00:30:00Z,12.068,Trim 27.1 from 2025-07-01 onward
27.1,27.1,41.50541,-81.66791,2025-07-25T01:00:00Z,11.287,Trim 27.1 from 2025-07-01 onward
27.1,27.1,41.50541,-81.66791,2025-07-25T01:30:00Z,7.811,Trim 27.1 from 2025-07-01 onward
27.1,27.1,41.50541,-81.66791,2025-07-25T02:00:00Z,10.397,Trim 27.1 from 2025-07-01 onward
27.1,27.1,41.50541,-81.66791,2025-07-25T02:30:00Z,10.397,Trim 27.1 from 2025-07-01 onward
27.1,27.1,41.50541,-81.66791,2025-07-25T03:00:00Z,10.397,Trim 27.1 from 2025-07-01 onward
27.1,27.1,41.50541,-81.66791,2025-07-25T04:00:00Z,34.777,Trim 27.1 from 2025-07-01 onward
27.1,27.1,41.50541,-81.66791,2025-07-25T04:30:00Z,26.269,Trim 27.1 from 2025-07-01 onward
27.1,27.1,41.50541,-81.66791,2025-07-25T05:00:00Z,13.173,Trim 27.1 from 2025-07-01 onward
27.1,27.1,41.50541,-81.66791,2025-07-25T05:30:00Z,19.793,Trim 27.1 from 2025-07-01 onward
27.1,27.1,41.50541,-81.66791,2025-07-25T06:30:00Z,15.62,Trim 27.1 from 2025-07-01 onward
27.1,27.1,41.50541,-81.66791,2025-07-25T08:00:00Z,16.524,Trim 27.1 from 2025-07-01 onward
27.1,27.1,41.50541,-81.66791,2025-07-25T08:30:00Z,25.077,Trim 27.1 from 2025-07-01 onward
27.1,27.1,41.50541,-81.66791,2025-07-25T09:00:00Z,20.366,Trim 27.1 from 2025-07-01 onward
27.1,27.1,41.50541,-81.66791,2025-07-25T09:30:00Z,16.327,Trim 27.1 from 2025-07-01 onward
27.1,27.1,41.50541,-81.66791,2025-07-25T10:00:00Z,18.769,Trim 27.1 from 2025-07-01 onward
27.1,27.1,41.50541,-81.66791,2025-07-25T10:30:00Z,15.392,Trim 27.1 from 2025-07-01 onward
27.1,27.1,41.50541,-81.66791,2025-07-25T11:00:00Z,14.719,Trim 27.1 from 2025-07-01 onward
27.1,27.1,41.50541,-81.66791,2025-07-25T11:30:00Z,13.377,Trim 27.1 from 2025-07-01 onward
27.1,27.1,41.50541,-81.66791,2025-07-25T12:30:00Z,8.922,Trim 27.1 from 2025-07-01 onward
27.1,27.1,41.50541,-81.66791,2025-07-25T13:00:00Z,10.827,Trim 27.1 from 2025-07-01 onward
27.1,27.1,41.50541,-81.66791,2025-07-25T13:30:00Z,8.806,Trim 27.1 from 2025-07-01 onward
27.1,27.1,41.50541,-81.66791,2025-07-25T14:00:00Z,8.848,Trim 27.1 from 2025-07-01 onward
27.1,27.1,41.50541,-81.66791,2025-07-25T14:30:00Z,10.055,Trim 27.1 from 2025-07-01 onward
27.1,27.1,41.50541,-81.66791,2025-07-25T15:00:00Z,4.754,Trim 27.1 from 2025-07-01 onward
27.1,27.1,41.50541,-81.66791,2025-07-25T15:30:00Z,5.124,Trim 27.1 from 2025-07-01 onward
27.1,27.1,41.50541,-81.66791,2025-07-25T16:00:00Z,9.454,Trim 27.1 from 2025-07-01 onward
27.1,27.1,41.50541,-81.66791,2025-07-25T16:30:00Z,7.269,Trim 27.1 from 2025-07-01 onward
27.1,27.1,41.50541,-81.66791,2025-07-25T17:00:00Z,8.412,Trim 27.1 from 2025-07-01 onward
27.1,27.1,41.50541,-81.66791,2025-07-25T17:30:00Z,8.428,Trim 27.1 from 2025-07-01 onward
27.1,27.1,41.50541,-81.66791,2025-07-25T18:00:00Z,5.589,Trim 27.1 from 2025-07-01 onward
27.1,27.1,41.50541,-81.66791,2025-07-25T18:30:00Z,4.497,Trim 27.1 from 2025-07-01 onward
27.1,27.1,41.50541,-81.66791,2025-07-25T19:00:00Z,4.998,Trim 27.1 from 2025-07-01 onward
27.1,27.1,41.50541,-81.66791,2025-07-25T19:30:00Z,5.614,Trim 27.1 from 2025-07-01 onward
27.1,27.1,41.50541,-81.66791,2025-07-25T20:00:00Z,4.647,Trim 27.1 from 2025-07-01 onward
27.1,27.1,41.50541,-81.66791,2025-07-25T20:30:00Z,4.2,Trim 27.1 from 2025-07-01 onward
27.1,27.1,41.50541,-81.66791,2025-07-25T21:00:00Z,4.679,Trim 27.1 from 2025-07-01 onward
27.1,27.1,41.50541,-81.66791,2025-07-25T21:30:00Z,3.155,Trim 27.1 from 2025-07-01 onward
27.1,27.1,41.50541,-81.66791,2025-07-25T22:00:00Z,2.008,Trim 27.1 from 2025-07-01 onward
27.1,27.1,41.50541,-81.66791,2025-07-25T22:30:00Z,3.292,Trim 27.1 from 2025-07-01 onward
27.1,27.1,41.50541,-81.66791,2025-07-25T23:00:00Z,5.564,Trim 27.1 from 2025-07-01 onward
27.1,27.1,41.50541,-81.66791,2025-07-25T23:30:00Z,2.775,Trim 27.1 from 2025-07-01 onward
27.1,27.1,41.50541,-81.66791,2025-07-26T00:00:00Z,7.754,Trim 27.1 from 2025-07-01 onward
27.1,27.1,41.50541,-81.66791,2025-07-26T00:30:00Z,6.075,Trim 27.1 from 2025-07-01 onward
27.1,27.1,41.50541,-81.66791,2025-07-26T01:00:00Z,4.81,Trim 27.1 from 2025-07-01 onward
27.1,27.1,41.50541,-81.66791,2025-07-26T01:30:00Z,9.591,Trim 27.1 from 2025-07-01 onward
27.1,27.1,41.50541,-81.66791,2025-07-26T02:00:00Z,10.842,Trim 27.1 from 2025-07-01 onward
27.1,27.1,41.50541,-81.66791,2025-07-26T02:30:00Z,8.678,Trim 27.1 from 2025-07-01 onward
27.1,27.1,41.50541,-81.66791,2025-07-26T03:00:00Z,9.184,Trim 27.1 from 2025-07-01 onward
27.1,27.1,41.50541,-81.66791,2025-07-26T03:30:00Z,8.444,Trim 27.1 from 2025-07-01 onward
27.1,27.1,41.50541,-81.66791,2025-07-26T04:00:00Z,8.643,Trim 27.1 from 2025-07-01 onward
27.1,27.1,41.50541,-81.66791,2025-07-26T04:30:00Z,8.15,Trim 27.1 from 2025-07-01 onward
27.1,27.1,41.50541,-81.66791,2025-07-26T05:00:00Z,9.808,Trim 27.1 from 2025-07-01 onward
27.1,27.1,41.50541,-81.66791,2025-07-26T05:30:00Z,10.87,Trim 27.1 from 2025-07-01 onward
27.1,27.1,41.50541,-81.66791,2025-07-26T06:00:00Z,11.652,Trim 27.1 from 2025-07-01 onward
27.1,27.1,41.50541,-81.66791,2025-07-26T06:30:00Z,5.58,Trim 27.1 from 2025-07-01 onward
27.1,27.1,41.50541,-81.66791,2025-07-26T07:00:00Z,8.371,Trim 27.1 from 2025-07-01 onward
27.1,27.1,41.50541,-81.66791,2025-07-26T07:30:00Z,12.797,Trim 27.1 from 2025-07-01 onward
27.1,27.1,41.50541,-81.66791,2025-07-26T08:00:00Z,9.379,Trim 27.1 from 2025-07-01 onward
27.1,27.1,41.50541,-81.66791,2025-07-26T08:30:00Z,11.524,Trim 27.1 from 2025-07-01 onward
27.1,27.1,41.50541,-81.66791,2025-07-26T09:00:00Z,8.768,Trim 27.1 from 2025-07-01 onward
27.1,27.1,41.50541,-81.66791,2025-07-26T09:30:00Z,15.942,Trim 27.1 from 2025-07-01 onward
27.1,27.1,41.50541,-81.66791,2025-07-26T10:00:00Z,15.338,Trim 27.1 from 2025-07-01 onward
27.1,27.1,41.50541,-81.66791,2025-07-26T10:30:00Z,15.378,Trim 27.1 from 2025-07-01 onward
27.1,27.1,41.50541,-81.66791,2025-07-26T11:00:00Z,20.29,Trim 27.1 from 2025-07-01 onward
27.1,27.1,41.50541,-81.66791,2025-07-26T11:30:00Z,14.014,Trim 27.1 from 2025-07-01 onward
27.1,27.1,41.50541,-81.66791,2025-07-26T12:00:00Z,23.363,Trim 27.1 from 2025-07-01 onward
27.1,27.1,41.50541,-81.66791,2025-07-26T12:30:00Z,10.444,Trim 27.1 from 2025-07-01 onward
27.1,27.1,41.50541,-81.66791,2025-07-26T13:00:00Z,9.188,Trim 27.1 from 2025-07-01 onward
27.1,27.1,41.50541,-81.66791,2025-07-26T13:30:00Z,11.591,Trim 27.1 from 2025-07-01 onward
27.1,27.1,41.50541,-81.66791,2025-07-26T14:00:00Z,9.936,Trim 27.1 from 2025-07-01 onward
27.1,27.1,41.50541,-81.66791,2025-07-26T14:30:00Z,9.367,Trim 27.1 from 2025-07-01 onward
27.1,27.1,41.50541,-81.66791,2025-07-26T15:00:00Z,8.887,Trim 27.1 from 2025-07-01 onward
27.1,27.1,41.50541,-81.66791,2025-07-26T15:30:00Z,7.52,Trim 27.1 from 2025-07-01 onward
27.1,27.1,41.50541,-81.66791,2025-07-26T16:00:00Z,12.852,Trim 27.1 from 2025-07-01 onward
27.1,27.1,41.50541,-81.66791,2025-07-26T16:30:00Z,14.18,Trim 27.1 from 2025-07-01 onward
27.1,27.1,41.50541,-81.66791,2025-07-26T17:00:00Z,7.609,Trim 27.1 from 2025-07-01 onward
27.1,27.1,41.50541,-81.66791,2025-07-26T17:30:00Z,8.286,Trim 27.1 from 2025-07-01 onward
27.1,27.1,41.50541,-81.66791,2025-07-26T18:00:00Z,10.09,Trim 27.1 from 2025-07-01 onward
27.1,27.1,41.50541,-81.66791,2025-07-26T18:30:00Z,8.919,Trim 27.1 from 2025-07-01 onward
27.1,27.1,41.50541,-81.66791,2025-07-26T19:00:00Z,10.495,Trim 27.1 from 2025-07-01 onward
27.1,27.1,41.50541,-81.66791,2025-07-26T19:30:00Z,12.814,Trim 27.1 from 2025-07-01 onward
27.1,27.1,41.50541,-81.66791,2025-07-26T20:00:00Z,10.454,Trim 27.1 from 2025-07-01 onward
27.1,27.1,41.50541,-81.66791,2025-07-26T20:30:00Z,9.581,Trim 27.1 from 2025-07-01 onward
27.1,27.1,41.50541,-81.66791,2025-07-26T21:00:00Z,8.887,Trim 27.1 from 2025-07-01 onward
27.1,27.1,41.50541,-81.66791,2025-07-26T21:30:00Z,8.053,Trim 27.1 from 2025-07-01 onward
27.1,27.1,41.50541,-81.66791,2025-07-26T22:00:00Z,12.154,Trim 27.1 from 2025-07-01 onward
27.1,27.1,41.50541,-81.66791,2025-07-26T22:30:00Z,10.453,Trim 27.1 from 2025-07-01 onward
27.1,27.1,41.50541,-81.66791,2025-07-26T23:00:00Z,8.292,Trim 27.1 from 2025-07-01 onward
27.1,27.1,41.50541,-81.66791,2025-07-26T23:30:00Z,10.971,Trim 27.1 from 2025-07-01 onward
27.1,27.1,41.50541,-81.66791,2025-07-27T00:00:00Z,11.257,Trim 27.1 from 2025-07-01 onward
27.1,27.1,41.50541,-81.66791,2025-07-27T00:30:00Z,8.495,Trim 27.1 from 2025-07-01 onward
27.1,27.1,41.50541,-81.66791,2025-07-27T01:00:00Z,9.62,Trim 27.1 from 2025-07-01 onward
27.1,27.1,41.50541,-81.66791,2025-07-27T01:30:00Z,9.75,Trim 27.1 from 2025-07-01 onward
27.1,27.1,41.50541,-81.66791,2025-07-27T02:00:00Z,11.198,Trim 27.1 from 2025-07-01 onward
27.1,27.1,41.50541,-81.66791,2025-07-27T02:30:00Z,12.726,Trim 27.1 from 2025-07-01 onward
27.1,27.1,41.50541,-81.66791,2025-07-27T03:00:00Z,18.15,Trim 27.1 from 2025-07-01 onward
27.1,27.1,41.50541,-81.66791,2025-07-27T03:30:00Z,14.068,Trim 27.1 from 2025-07-01 onward
27.1,27.1,41.50541,-81.66791,2025-07-27T04:00:00Z,12.214,Trim 27.1 from 2025-07-01 onward
27.1,27.1,41.50541,-81.66791,2025-07-27T04:30:00Z,7.435,Trim 27.1 from 2025-07-01 onward
27.1,27.1,41.50541,-81.66791,2025-07-27T05:00:00Z,13.599,Trim 27.1 from 2025-07-01 onward
27.1,27.1,41.50541,-81.66791,2025-07-27T05:30:00Z,9.105,Trim 27.1 from 2025-07-01 onward
27.1,27.1,41.50541,-81.66791,2025-07-27T06:00:00Z,10.963,Trim 27.1 from 2025-07-01 onward
27.1,27.1,41.50541,-81.66791,2025-07-27T06:30:00Z,8.143,Trim 27.1 from 2025-07-01 onward
27.1,27.1,41.50541,-81.66791,2025-07-27T07:00:00Z,8.329,Trim 27.1 from 2025-07-01 onward
27.1,27.1,41.50541,-81.66791,2025-07-27T07:30:00Z,9.197,Trim 27.1 from 2025-07-01 onward
27.1,27.1,41.50541,-81.66791,2025-07-27T08:00:00Z,19.586,Trim 27.1 from 2025-07-01 onward
27.1,27.1,41.50541,-81.66791,2025-07-27T09:00:00Z,19.034,Trim 27.1 from 2025-07-01 onward
27.1,27.1,41.50541,-81.66791,2025-07-27T10:00:00Z,19.034,Trim 27.1 from 2025-07-01 onward
27.1,27.1,41.50541,-81.66791,2025-07-27T10:30:00Z,19.034,Trim 27.1 from 2025-07-01 onward
27.1,27.1,41.50541,-81.66791,2025-07-27T11:00:00Z,19.034,Trim 27.1 from 2025-07-01 onward
27.1,27.1,41.50541,-81.66791,2025-07-31T16:00:00Z,0,Trim 27.1 from 2025-07-01 onward
27.1,27.1,41.50541,-81.66791,2025-07-31T16:30:00Z,0,Trim 27.1 from 2025-07-01 onward
27.1,27.1,41.50541,-81.66791,2025-07-31T17:00:00Z,0,Trim 27.1 from 2025-07-01 onward
27.1,27.1,41.50541,-81.66791,2025-07-31T19:30:00Z,25.057,Trim 27.1 from 2025-07-01 onward
27.1,27.1,41.50541,-81.66791,2025-07-31T21:30:00Z,28.111,Trim 27.1 from 2025-07-01 onward
27.1,27.1,41.50541,-81.66791,2025-07-31T22:00:00Z,31.809,Trim 27.1 from 2025-07-01 onward
27.1,27.1,41.50541,-81.66791,2025-07-31T22:30:00Z,34.738,Trim 27.1 from 2025-07-01 onward
27.1,27.1,41.50541,-81.66791,2025-07-31T23:30:00Z,19.328,Trim 27.1 from 2025-07-01 onward
27.1,27.1,41.50541,-81.66791,2025-08-01T00:00:00Z,25.365,Trim 27.1 from 2025-07-01 onward
27.1,27.1,41.50541,-81.66791,2025-08-01T00:30:00Z,14.746,Trim 27.1 from 2025-07-01 onward
27.1,27.1,41.50541,-81.66791,2025-08-01T01:00:00Z,30.359,Trim 27.1 from 2025-07-01 onward
27.1,27.1,41.50541,-81.66791,2025-08-01T01:30:00Z,8.65,Trim 27.1 from 2025-07-01 onward
27.1,27.1,41.50541,-81.66791,2025-08-01T02:00:00Z,9.034,Trim 27.1 from 2025-07-01 onward
27.1,27.1,41.50541,-81.66791,2025-08-01T02:30:00Z,25.898,Trim 27.1 from 2025-07-01 onward
27.1,27.1,41.50541,-81.66791,2025-08-01T03:00:00Z,8.587,Trim 27.1 from 2025-07-01 onward
27.1,27.1,41.50541,-81.66791,2025-08-01T03:30:00Z,9.121,Trim 27.1 from 2025-07-01 onward
27.1,27.1,41.50541,-81.66791,2025-08-01T04:00:00Z,10.534,Trim 27.1 from 2025-07-01 onward
27.1,27.1,41.50541,-81.66791,2025-08-01T04:30:00Z,12.455,Trim 27.1 from 2025-07-01 onward
27.1,27.1,41.50541,-81.66791,2025-08-01T05:00:00Z,9.327,Trim 27.1 from 2025-07-01 onward
27.1,27.1,41.50541,-81.66791,2025-08-01T05:30:00Z,9.29,Trim 27.1 from 2025-07-01 onward
27.1,27.1,41.50541,-81.66791,2025-08-01T06:00:00Z,9.632,Trim 27.1 from 2025-07-01 onward
27.1,27.1,41.50541,-81.66791,2025-08-01T06:30:00Z,12.462,Trim 27.1 from 2025-07-01 onward
27.1,27.1,41.50541,-81.66791,2025-08-01T07:00:00Z,11.125,Trim 27.1 from 2025-07-01 onward
27.1,27.1,41.50541,-81.66791,2025-08-01T07:30:00Z,13.653,Trim 27.1 from 2025-07-01 onward
27.1,27.1,41.50541,-81.66791,2025-08-01T08:00:00Z,7.139,Trim 27.1 from 2025-07-01 onward
27.1,27.1,41.50541,-81.66791,2025-08-01T08:30:00Z,9.679,Trim 27.1 from 2025-07-01 onward
27.1,27.1,41.50541,-81.66791,2025-08-01T09:00:00Z,6.482,Trim 27.1 from 2025-07-01 onward
27.1,27.1,41.50541,-81.66791,2025-08-01T09:30:00Z,11.185,Trim 27.1 from 2025-07-01 onward
27.1,27.1,41.50541,-81.66791,2025-08-01T10:00:00Z,7.838,Trim 27.1 from 2025-07-01 onward
27.1,27.1,41.50541,-81.66791,2025-08-01T10:30:00Z,6.804,Trim 27.1 from 2025-07-01 onward
27.1,27.1,41.50541,-81.66791,2025-08-01T11:00:00Z,8.803,Trim 27.1 from 2025-07-01 onward
27.1,27.1,41.50541,-81.66791,2025-08-01T11:30:00Z,10.119,Trim 27.1 from 2025-07-01 onward
27.1,27.1,41.50541,-81.66791,2025-08-01T12:00:00Z,6.002,Trim 27.1 from 2025-07-01 onward
27.1,27.1,41.50541,-81.66791,2025-08-01T12:30:00Z,4.143,Trim 27.1 from 2025-07-01 onward
27.1,27.1,41.50541,-81.66791,2025-08-01T13:00:00Z,5.363,Trim 27.1 from 2025-07-01 onward
27.1,27.1,41.50541,-81.66791,2025-08-01T13:30:00Z,5.763,Trim 27.1 from 2025-07-01 onward
27.1,27.1,41.50541,-81.66791,2025-08-01T14:00:00Z,11.852,Trim 27.1 from 2025-07-01 onward
27.1,27.1,41.50541,-81.66791,2025-08-01T14:30:00Z,10.948,Trim 27.1 from 2025-07-01 onward
27.1,27.1,41.50541,-81.66791,2025-08-01T15:00:00Z,7.194,Trim 27.1 from 2025-07-01 onward
27.1,27.1,41.50541,-81.66791,2025-08-01T15:30:00Z,2.482,Trim 27.1 from 2025-07-01 onward
27.1,27.1,41.50541,-81.66791,2025-08-01T16:00:00Z,12.293,Trim 27.1 from 2025-07-01 onward
27.1,27.1,41.50541,-81.66791,2025-08-01T16:30:00Z,3.328,Trim 27.1 from 2025-07-01 onward
27.1,27.1,41.50541,-81.66791,2025-08-01T17:00:00Z,1.944,Trim 27.1 from 2025-07-01 onward
27.1,27.1,41.50541,-81.66791,2025-08-01T17:30:00Z,3.5,Trim 27.1 from 2025-07-01 onward
27.1,27.1,41.50541,-81.66791,2025-08-01T18:00:00Z,2.652,Trim 27.1 from 2025-07-01 onward
27.1,27.1,41.50541,-81.66791,2025-08-01T18:30:00Z,2.874,Trim 27.1 from 2025-07-01 onward
27.1,27.1,41.50541,-81.66791,2025-08-01T19:00:00Z,46.085,Trim 27.1 from 2025-07-01 onward
27.1,27.1,41.50541,-81.66791,2025-08-01T19:30:00Z,7.102,Trim 27.1 from 2025-07-01 onward
27.1,27.1,41.50541,-81.66791,2025-08-01T20:00:00Z,2.609,Trim 27.1 from 2025-07-01 onward
27.1,27.1,41.50541,-81.66791,2025-08-01T20:30:00Z,3.888,Trim 27.1 from 2025-07-01 onward
27.1,27.1,41.50541,-81.66791,2025-08-01T21:00:00Z,2.741,Trim 27.1 from 2025-07-01 onward
27.1,27.1,41.50541,-81.66791,2025-08-01T21:30:00Z,5.343,Trim 27.1 from 2025-07-01 onward
27.1,27.1,41.50541,-81.66791,2025-08-01T22:00:00Z,2.987,Trim 27.1 from 2025-07-01 onward
27.1,27.1,41.50541,-81.66791,2025-08-01T22:30:00Z,5.506,Trim 27.1 from 2025-07-01 onward
27.1,27.1,41.50541,-81.66791,2025-08-01T23:00:00Z,15.436,Trim 27.1 from 2025-07-01 onward
27.1,27.1,41.50541,-81.66791,2025-08-01T23:30:00Z,5.339,Trim 27.1 from 2025-07-01 onward
27.1,27.1,41.50541,-81.66791,2025-08-02T00:00:00Z,39.229,Trim 27.1 from 2025-07-01 onward
27.1,27.1,41.50541,-81.66791,2025-08-02T01:00:00Z,154.288,Trim 27.1 from 2025-07-01 onward
27.1,27.1,41.50541,-81.66791,2025-08-02T01:30:00Z,81.991,Trim 27.1 from 2025-07-01 onward
27.1,27.1,41.50541,-81.66791,2025-08-02T02:00:00Z,95.585,Trim 27.1 from 2025-07-01 onward
27.1,27.1,41.50541,-81.66791,2025-08-02T02:30:00Z,186.898,Trim 27.1 from 2025-07-01 onward
27.1,27.1,41.50541,-81.66791,2025-08-02T08:30:00Z,220.779,Trim 27.1 from 2025-07-01 onward
27.1,27.1,41.50541,-81.66791,2025-08-02T10:30:00Z,191.33,Trim 27.1 from 2025-07-01 onward
27.1,27.1,41.50541,-81.66791,2025-08-02T11:00:00Z,4.151,Trim 27.1 from 2025-07-01 onward
27.1,27.1,41.50541,-81.66791,2025-08-02T11:30:00Z,1.942,Trim 27.1 from 2025-07-01 onward
27.1,27.1,41.50541,-81.66791,2025-08-02T12:00:00Z,2.335,Trim 27.1 from 2025-07-01 onward
27.1,27.1,41.50541,-81.66791,2025-08-02T12:30:00Z,5.52,Trim 27.1 from 2025-07-01 onward
27.1,27.1,41.50541,-81.66791,2025-08-02T13:00:00Z,1.616,Trim 27.1 from 2025-07-01 onward
27.1,27.1,41.50541,-81.66791,2025-08-02T13:30:00Z,0.734,Trim 27.1 from 2025-07-01 onward
27.1,27.1,41.50541,-81.66791,2025-08-02T14:00:00Z,1.45,Trim 27.1 from 2025-07-01 onward
27.1,27.1,41.50541,-81.66791,2025-08-02T14:30:00Z,0.652,Trim 27.1 from 2025-07-01 onward
27.1,27.1,41.50541,-81.66791,2025-08-02T15:00:00Z,0.663,Trim 27.1 from 2025-07-01 onward
27.1,27.1,41.50541,-81.66791,2025-08-02T15:30:00Z,5.017,Trim 27.1 from 2025-07-01 onward
27.1,27.1,41.50541,-81.66791,2025-08-02T16:00:00Z,1.294,Trim 27.1 from 2025-07-01 onward
27.1,27.1,41.50541,-81.66791,2025-08-02T16:30:00Z,53.589,Trim 27.1 from 2025-07-01 onward
27.1,27.1,41.50541,-81.66791,2025-08-02T17:00:00Z,101.545,Trim 27.1 from 2025-07-01 onward
27.1,27.1,41.50541,-81.66791,2025-08-02T17:30:00Z,198.047,Trim 27.1 from 2025-07-01 onward
27.1,27.1,41.50541,-81.66791,2025-08-02T18:00:00Z,218.804,Trim 27.1 from 2025-07-01 onward
27.1,27.1,41.50541,-81.66791,2025-08-02T18:30:00Z,157.246,Trim 27.1 from 2025-07-01 onward
27.1,27.1,41.50541,-81.66791,2025-08-02T19:00:00Z,175.138,Trim 27.1 from 2025-07-01 onward
27.1,27.1,41.50541,-81.66791,2025-08-02T19:30:00Z,6.256,Trim 27.1 from 2025-07-01 onward
27.1,27.1,41.50541,-81.66791,2025-08-02T20:00:00Z,31.324,Trim 27.1 from 2025-07-01 onward
27.1,27.1,41.50541,-81.66791,2025-08-02T20:30:00Z,32.185,Trim 27.1 from 2025-07-01 onward
27.1,27.1,41.50541,-81.66791,2025-08-02T21:00:00Z,14.627,Trim 27.1 from 2025-07-01 onward
27.1,27.1,41.50541,-81.66791,2025-08-02T21:30:00Z,9.503,Trim 27.1 from 2025-07-01 onward
27.1,27.1,41.50541,-81.66791,2025-08-02T22:00:00Z,12.444,Trim 27.1 from 2025-07-01 onward
27.1,27.1,41.50541,-81.66791,2025-08-02T22:30:00Z,4.956,Trim 27.1 from 2025-07-01 onward
27.1,27.1,41.50541,-81.66791,2025-08-02T23:00:00Z,2.566,Trim 27.1 from 2025-07-01 onward
27.1,27.1,41.50541,-81.66791,2025-08-02T23:30:00Z,3.775,Trim 27.1 from 2025-07-01 onward
27.1,27.1,41.50541,-81.66791,2025-08-03T00:00:00Z,2.637,Trim 27.1 from 2025-07-01 onward
27.1,27.1,41.50541,-81.66791,2025-08-03T00:30:00Z,2.443,Trim 27.1 from 2025-07-01 onward
27.1,27.1,41.50541,-81.66791,2025-08-03T01:00:00Z,2.166,Trim 27.1 from 2025-07-01 onward
27.1,27.1,41.50541,-81.66791,2025-08-03T01:30:00Z,1.238,Trim 27.1 from 2025-07-01 onward
27.1,27.1,41.50541,-81.66791,2025-08-03T02:00:00Z,16.088,Trim 27.1 from 2025-07-01 onward
27.1,27.1,41.50541,-81.66791,2025-08-03T02:30:00Z,2.285,Trim 27.1 from 2025-07-01 onward
27.1,27.1,41.50541,-81.66791,2025-08-03T03:00:00Z,1.97,Trim 27.1 from 2025-07-01 onward
27.1,27.1,41.50541,-81.66791,2025-08-03T03:30:00Z,1.951,Trim 27.1 from 2025-07-01 onward
27.1,27.1,41.50541,-81.66791,2025-08-03T04:00:00Z,11.848,Trim 27.1 from 2025-07-01 onward
27.1,27.1,41.50541,-81.66791,2025-08-03T04:30:00Z,2.504,Trim 27.1 from 2025-07-01 onward
27.1,27.1,41.50541,-81.66791,2025-08-03T05:00:00Z,8.883,Trim 27.1 from 2025-07-01 onward
27.1,27.1,41.50541,-81.66791,2025-08-03T05:30:00Z,1.48,Trim 27.1 from 2025-07-01 onward
27.1,27.1,41.50541,-81.66791,2025-08-03T06:00:00Z,2.495,Trim 27.1 from 2025-07-01 onward
27.1,27.1,41.50541,-81.66791,2025-08-03T06:30:00Z,16.607,Trim 27.1 from 2025-07-01 onward
27.1,27.1,41.50541,-81.66791,2025-08-03T07:00:00Z,23.652,Trim 27.1 from 2025-07-01 onward
27.1,27.1,41.50541,-81.66791,2025-08-03T07:30:00Z,6.393,Trim 27.1 from 2025-07-01 onward
27.1,27.1,41.50541,-81.66791,2025-08-03T08:00:00Z,9.179,Trim 27.1 from 2025-07-01 onward
27.1,27.1,41.50541,-81.66791,2025-08-03T08:30:00Z,16.779,Trim 27.1 from 2025-07-01 onward
27.1,27.1,41.50541,-81.66791,2025-08-03T09:00:00Z,107.867,Trim 27.1 from 2025-07-01 onward
27.1,27.1,41.50541,-81.66791,2025-08-03T11:00:00Z,193.317,Trim 27.1 from 2025-07-01 onward
27.1,27.1,41.50541,-81.66791,2025-08-03T11:30:00Z,11.733,Trim 27.1 from 2025-07-01 onward
27.1,27.1,41.50541,-81.66791,2025-08-03T12:00:00Z,6.049,Trim 27.1 from 2025-07-01 onward
27.1,27.1,41.50541,-81.66791,2025-08-03T12:30:00Z,11.149,Trim 27.1 from 2025-07-01 onward
27.1,27.1,41.50541,-81.66791,2025-08-03T13:00:00Z,6.066,Trim 27.1 from 2025-07-01 onward
27.1,27.1,41.50541,-81.66791,2025-08-03T13:30:00Z,6.063,Trim 27.1 from 2025-07-01 onward
27.1,27.1,41.50541,-81.66791,2025-08-03T14:00:00Z,5.55,Trim 27.1 from 2025-07-01 onward
27.1,27.1,41.50541,-81.66791,2025-08-03T14:30:00Z,4.769,Trim 27.1 from 2025-07-01 onward
27.1,27.1,41.50541,-81.66791,2025-08-03T15:00:00Z,5.522,Trim 27.1 from 2025-07-01 onward
27.1,27.1,41.50541,-81.66791,2025-08-03T15:30:00Z,6.327,Trim 27.1 from 2025-07-01 onward
27.1,27.1,41.50541,-81.66791,2025-08-03T16:00:00Z,22.015,Trim 27.1 from 2025-07-01 onward
27.1,27.1,41.50541,-81.66791,2025-08-03T16:30:00Z,243.74,Trim 27.1 from 2025-07-01 onward
27.1,27.1,41.50541,-81.66791,2025-08-03T17:00:00Z,41.004,Trim 27.1 from 2025-07-01 onward
27.1,27.1,41.50541,-81.66791,2025-08-03T17:30:00Z,25.776,Trim 27.1 from 2025-07-01 onward
27.1,27.1,41.50541,-81.66791,2025-08-03T18:00:00Z,42.163,Trim 27.1 from 2025-07-01 onward
27.1,27.1,41.50541,-81.66791,2025-08-03T18:30:00Z,15.848,Trim 27.1 from 2025-07-01 onward
27.1,27.1,41.50541,-81.66791,2025-08-03T19:00:00Z,15.002,Trim 27.1 from 2025-07-01 onward
27.1,27.1,41.50541,-81.66791,2025-08-03T19:30:00Z,18.998,Trim 27.1 from 2025-07-01 onward
27.1,27.1,41.50541,-81.66791,2025-08-03T20:00:00Z,16.511,Trim 27.1 from 2025-07-01 onward
27.1,27.1,41.50541,-81.66791,2025-08-03T20:30:00Z,15.611,Trim 27.1 from 2025-07-01 onward
27.1,27.1,41.50541,-81.66791,2025-08-03T21:00:00Z,10.005,Trim 27.1 from 2025-07-01 onward
27.1,27.1,41.50541,-81.66791,2025-08-03T21:30:00Z,31.114,Trim 27.1 from 2025-07-01 onward
27.1,27.1,41.50541,-81.66791,2025-08-03T22:00:00Z,22.395,Trim 27.1 from 2025-07-01 onward
27.1,27.1,41.50541,-81.66791,2025-08-03T22:30:00Z,34.173,Trim 27.1 from 2025-07-01 onward
27.1,27.1,41.50541,-81.66791,2025-08-03T23:00:00Z,17.621,Trim 27.1 from 2025-07-01 onward
27.1,27.1,41.50541,-81.66791,2025-08-03T23:30:00Z,11.274,Trim 27.1 from 2025-07-01 onward
27.1,27.1,41.50541,-81.66791,2025-08-04T00:00:00Z,21.948,Trim 27.1 from 2025-07-01 onward
27.1,27.1,41.50541,-81.66791,2025-08-04T00:30:00Z,12.498,Trim 27.1 from 2025-07-01 onward
27.1,27.1,41.50541,-81.66791,2025-08-04T01:00:00Z,17.971,Trim 27.1 from 2025-07-01 onward
27.1,27.1,41.50541,-81.66791,2025-08-04T01:30:00Z,10.959,Trim 27.1 from 2025-07-01 onward
27.1,27.1,41.50541,-81.66791,2025-08-04T02:00:00Z,14.269,Trim 27.1 from 2025-07-01 onward
27.1,27.1,41.50541,-81.66791,2025-08-04T02:30:00Z,21.416,Trim 27.1 from 2025-07-01 onward
27.1,27.1,41.50541,-81.66791,2025-08-04T03:00:00Z,16.235,Trim 27.1 from 2025-07-01 onward
27.1,27.1,41.50541,-81.66791,2025-08-04T03:30:00Z,27.268,Trim 27.1 from 2025-07-01 onward
27.1,27.1,41.50541,-81.66791,2025-08-04T04:00:00Z,35.213,Trim 27.1 from 2025-07-01 onward
27.1,27.1,41.50541,-81.66791,2025-08-04T04:30:00Z,24.352,Trim 27.1 from 2025-07-01 onward
27.1,27.1,41.50541,-81.66791,2025-08-04T05:00:00Z,18.715,Trim 27.1 from 2025-07-01 onward
27.1,27.1,41.50541,-81.66791,2025-08-04T05:30:00Z,41.358,Trim 27.1 from 2025-07-01 onward
27.1,27.1,41.50541,-81.66791,2025-08-04T06:00:00Z,21.836,Trim 27.1 from 2025-07-01 onward
27.1,27.1,41.50541,-81.66791,2025-08-04T06:30:00Z,24.383,Trim 27.1 from 2025-07-01 onward
27.1,27.1,41.50541,-81.66791,2025-08-04T07:00:00Z,25.291,Trim 27.1 from 2025-07-01 onward
27.1,27.1,41.50541,-81.66791,2025-08-04T07:30:00Z,34.26,Trim 27.1 from 2025-07-01 onward
27.1,27.1,41.50541,-81.66791,2025-08-04T08:00:00Z,43.492,Trim 27.1 from 2025-07-01 onward
27.1,27.1,41.50541,-81.66791,2025-08-04T08:30:00Z,35.046,Trim 27.1 from 2025-07-01 onward
27.1,27.1,41.50541,-81.66791,2025-08-04T09:00:00Z,29.124,Trim 27.1 from 2025-07-01 onward
27.1,27.1,41.50541,-81.66791,2025-08-04T09:30:00Z,33.907,Trim 27.1 from 2025-07-01 onward
27.1,27.1,41.50541,-81.66791,2025-08-04T10:00:00Z,39.134,Trim 27.1 from 2025-07-01 onward
27.1,27.1,41.50541,-81.66791,2025-08-04T10:30:00Z,59.772,Trim 27.1 from 2025-07-01 onward
27.1,27.1,41.50541,-81.66791,2025-08-04T11:00:00Z,38.06,Trim 27.1 from 2025-07-01 onward
27.1,27.1,41.50541,-81.66791,2025-08-04T11:30:00Z,29.914,Trim 27.1 from 2025-07-01 onward
27.1,27.1,41.50541,-81.66791,2025-08-04T12:00:00Z,45.022,Trim 27.1 from 2025-07-01 onward
27.1,27.1,41.50541,-81.66791,2025-08-04T12:30:00Z,36.686,Trim 27.1 from 2025-07-01 onward
27.1,27.1,41.50541,-81.66791,2025-08-04T13:00:00Z,48.33,Trim 27.1 from 2025-07-01 onward
27.1,27.1,41.50541,-81.66791,2025-08-04T14:00:00Z,29.173,Trim 27.1 from 2025-07-01 onward
27.1,27.1,41.50541,-81.66791,2025-08-04T14:30:00Z,29.104,Trim 27.1 from 2025-07-01 onward
27.1,27.1,41.50541,-81.66791,2025-08-04T15:00:00Z,39.153,Trim 27.1 from 2025-07-01 onward
27.1,27.1,41.50541,-81.66791,2025-08-04T15:30:00Z,24.492,Trim 27.1 from 2025-07-01 onward
27.1,27.1,41.50541,-81.66791,2025-08-04T16:00:00Z,30.108,Trim 27.1 from 2025-07-01 onward
27.1,27.1,41.50541,-81.66791,2025-08-04T16:30:00Z,12.577,Trim 27.1 from 2025-07-01 onward
27.1,27.1,41.50541,-81.66791,2025-08-04T17:00:00Z,12.125,Trim 27.1 from 2025-07-01 onward
27.1,27.1,41.50541,-81.66791,2025-08-04T17:30:00Z,7.45,Trim 27.1 from 2025-07-01 onward
27.1,27.1,41.50541,-81.66791,2025-08-04T18:00:00Z,7.231,Trim 27.1 from 2025-07-01 onward
27.1,27.1,41.50541,-81.66791,2025-08-04T18:30:00Z,13.265,Trim 27.1 from 2025-07-01 onward
27.1,27.1,41.50541,-81.66791,2025-08-04T19:00:00Z,7.738,Trim 27.1 from 2025-07-01 onward
27.1,27.1,41.50541,-81.66791,2025-08-04T19:30:00Z,8.49,Trim 27.1 from 2025-07-01 onward
27.1,27.1,41.50541,-81.66791,2025-08-04T20:00:00Z,11.452,Trim 27.1 from 2025-07-01 onward
27.1,27.1,41.50541,-81.66791,2025-08-04T20:30:00Z,177.324,Trim 27.1 from 2025-07-01 onward
27.1,27.1,41.50541,-81.66791,2025-08-04T21:00:00Z,46.401,Trim 27.1 from 2025-07-01 onward
27.1,27.1,41.50541,-81.66791,2025-08-04T21:30:00Z,81.092,Trim 27.1 from 2025-07-01 onward
27.1,27.1,41.50541,-81.66791,2025-08-04T22:00:00Z,68.649,Trim 27.1 from 2025-07-01 onward
27.1,27.1,41.50541,-81.66791,2025-08-04T23:00:00Z,80.353,Trim 27.1 from 2025-07-01 onward
27.1,27.1,41.50541,-81.66791,2025-08-04T23:30:00Z,28.663,Trim 27.1 from 2025-07-01 onward
27.1,27.1,41.50541,-81.66791,2025-08-05T00:00:00Z,25.311,Trim 27.1 from 2025-07-01 onward
27.1,27.1,41.50541,-81.66791,2025-08-05T00:30:00Z,29.212,Trim 27.1 from 2025-07-01 onward
27.1,27.1,41.50541,-81.66791,2025-08-05T01:00:00Z,21.132,Trim 27.1 from 2025-07-01 onward
27.1,27.1,41.50541,-81.66791,2025-08-05T01:30:00Z,33.202,Trim 27.1 from 2025-07-01 onward
27.1,27.1,41.50541,-81.66791,2025-08-05T02:00:00Z,38.827,Trim 27.1 from 2025-07-01 onward
27.1,27.1,41.50541,-81.66791,2025-08-05T02:30:00Z,31.697,Trim 27.1 from 2025-07-01 onward
27.1,27.1,41.50541,-81.66791,2025-08-05T03:00:00Z,33.064,Trim 27.1 from 2025-07-01 onward
27.1,27.1,41.50541,-81.66791,2025-08-05T03:30:00Z,41.794,Trim 27.1 from 2025-07-01 onward
27.1,27.1,41.50541,-81.66791,2025-08-05T04:00:00Z,46.828,Trim 27.1 from 2025-07-01 onward
27.1,27.1,41.50541,-81.66791,2025-08-05T04:30:00Z,42.876,Trim 27.1 from 2025-07-01 onward
27.1,27.1,41.50541,-81.66791,2025-08-05T05:00:00Z,36.864,Trim 27.1 from 2025-07-01 onward
27.1,27.1,41.50541,-81.66791,2025-08-05T05:30:00Z,40.573,Trim 27.1 from 2025-07-01 onward
27.1,27.1,41.50541,-81.66791,2025-08-05T06:00:00Z,40.542,Trim 27.1 from 2025-07-01 onward
27.1,27.1,41.50541,-81.66791,2025-08-05T06:30:00Z,49.979,Trim 27.1 from 2025-07-01 onward
27.1,27.1,41.50541,-81.66791,2025-08-05T07:00:00Z,47.118,Trim 27.1 from 2025-07-01 onward
27.1,27.1,41.50541,-81.66791,2025-08-05T07:30:00Z,34.123,Trim 27.1 from 2025-07-01 onward
27.1,27.1,41.50541,-81.66791,2025-08-05T08:00:00Z,35.005,Trim 27.1 from 2025-07-01 onward
27.1,27.1,41.50541,-81.66791,2025-08-05T08:30:00Z,31.493,Trim 27.1 from 2025-07-01 onward
27.1,27.1,41.50541,-81.66791,2025-08-05T09:00:00Z,34.791,Trim 27.1 from 2025-07-01 onward
27.1,27.1,41.50541,-81.66791,2025-08-05T09:30:00Z,37.053,Trim 27.1 from 2025-07-01 onward
27.1,27.1,41.50541,-81.66791,2025-08-05T10:00:00Z,31.161,Trim 27.1 from 2025-07-01 onward
27.1,27.1,41.50541,-81.66791,2025-08-05T10:30:00Z,28.15,Trim 27.1 from 2025-07-01 onward
27.1,27.1,41.50541,-81.66791,2025-08-05T11:00:00Z,29.219,Trim 27.1 from 2025-07-01 onward
27.1,27.1,41.50541,-81.66791,2025-08-05T11:30:00Z,59.727,Trim 27.1 from 2025-07-01 onward
27.1,27.1,41.50541,-81.66791,2025-08-05T12:00:00Z,22.478,Trim 27.1 from 2025-07-01 onward
27.1,27.1,41.50541,-81.66791,2025-08-05T12:30:00Z,218.956,Trim 27.1 from 2025-07-01 onward
27.1,27.1,41.50541,-81.66791,2025-08-05T13:00:00Z,104.437,Trim 27.1 from 2025-07-01 onward
27.1,27.1,41.50541,-81.66791,2025-08-05T13:30:00Z,14.209,Trim 27.1 from 2025-07-01 onward
27.1,27.1,41.50541,-81.66791,2025-08-05T14:00:00Z,27.074,Trim 27.1 from 2025-07-01 onward
27.1,27.1,41.50541,-81.66791,2025-08-05T14:30:00Z,10.869,Trim 27.1 from 2025-07-01 onward
27.1,27.1,41.50541,-81.66791,2025-08-05T15:00:00Z,7.66,Trim 27.1 from 2025-07-01 onward
27.1,27.1,41.50541,-81.66791,2025-08-05T15:30:00Z,10.306,Trim 27.1 from 2025-07-01 onward
27.1,27.1,41.50541,-81.66791,2025-08-05T16:00:00Z,10.599,Trim 27.1 from 2025-07-01 onward
27.1,27.1,41.50541,-81.66791,2025-08-05T16:30:00Z,8.275,Trim 27.1 from 2025-07-01 onward
27.1,27.1,41.50541,-81.66791,2025-08-05T17:00:00Z,8.785,Trim 27.1 from 2025-07-01 onward
27.1,27.1,41.50541,-81.66791,2025-08-05T17:30:00Z,13.176,Trim 27.1 from 2025-07-01 onward
27.1,27.1,41.50541,-81.66791,2025-08-05T18:00:00Z,24.348,Trim 27.1 from 2025-07-01 onward
27.1,27.1,41.50541,-81.66791,2025-08-05T18:30:00Z,6.779,Trim 27.1 from 2025-07-01 onward
27.1,27.1,41.50541,-81.66791,2025-08-05T19:00:00Z,12.72,Trim 27.1 from 2025-07-01 onward
27.1,27.1,41.50541,-81.66791,2025-08-05T19:30:00Z,62.337,Trim 27.1 from 2025-07-01 onward
27.1,27.1,41.50541,-81.66791,2025-08-05T20:00:00Z,7.537,Trim 27.1 from 2025-07-01 onward
27.1,27.1,41.50541,-81.66791,2025-08-05T20:30:00Z,9.848,Trim 27.1 from 2025-07-01 onward
27.1,27.1,41.50541,-81.66791,2025-08-05T21:00:00Z,69.602,Trim 27.1 from 2025-07-01 onward
27.1,27.1,41.50541,-81.66791,2025-08-05T22:00:00Z,51.884,Trim 27.1 from 2025-07-01 onward
27.1,27.1,41.50541,-81.66791,2025-08-05T23:00:00Z,105.819,Trim 27.1 from 2025-07-01 onward
27.1,27.1,41.50541,-81.66791,2025-08-05T23:30:00Z,94.555,Trim 27.1 from 2025-07-01 onward
27.1,27.1,41.50541,-81.66791,2025-08-06T00:30:00Z,57.63,Trim 27.1 from 2025-07-01 onward
27.1,27.1,41.50541,-81.66791,2025-08-06T01:00:00Z,42.659,Trim 27.1 from 2025-07-01 onward
27.1,27.1,41.50541,-81.66791,2025-08-06T01:30:00Z,41.853,Trim 27.1 from 2025-07-01 onward
27.1,27.1,41.50541,-81.66791,2025-08-06T02:00:00Z,27.457,Trim 27.1 from 2025-07-01 onward
27.1,27.1,41.50541,-81.66791,2025-08-06T02:30:00Z,16.978,Trim 27.1 from 2025-07-01 onward
27.1,27.1,41.50541,-81.66791,2025-08-06T03:00:00Z,151.92,Trim 27.1 from 2025-07-01 onward
27.1,27.1,41.50541,-81.66791,2025-08-06T04:30:00Z,83.645,Trim 27.1 from 2025-07-01 onward
27.1,27.1,41.50541,-81.66791,2025-08-06T05:00:00Z,20.068,Trim 27.1 from 2025-07-01 onward
27.1,27.1,41.50541,-81.66791,2025-08-06T05:30:00Z,15.582,Trim 27.1 from 2025-07-01 onward
27.1,27.1,41.50541,-81.66791,2025-08-06T06:00:00Z,18.44,Trim 27.1 from 2025-07-01 onward
27.1,27.1,41.50541,-81.66791,2025-08-06T06:30:00Z,20.532,Trim 27.1 from 2025-07-01 onward
27.1,27.1,41.50541,-81.66791,2025-08-06T07:00:00Z,19.766,Trim 27.1 from 2025-07-01 onward
27.1,27.1,41.50541,-81.66791,2025-08-06T07:30:00Z,16.556,Trim 27.1 from 2025-07-01 onward
27.1,27.1,41.50541,-81.66791,2025-08-06T08:00:00Z,22.186,Trim 27.1 from 2025-07-01 onward
27.1,27.1,41.50541,-81.66791,2025-08-06T08:30:00Z,24.033,Trim 27.1 from 2025-07-01 onward
27.1,27.1,41.50541,-81.66791,2025-08-06T09:30:00Z,20.997,Trim 27.1 from 2025-07-01 onward
27.1,27.1,41.50541,-81.66791,2025-08-06T10:00:00Z,21.095,Trim 27.1 from 2025-07-01 onward
27.1,27.1,41.50541,-81.66791,2025-08-06T10:30:00Z,43.181,Trim 27.1 from 2025-07-01 onward
27.1,27.1,41.50541,-81.66791,2025-08-06T11:00:00Z,27.262,Trim 27.1 from 2025-07-01 onward
27.1,27.1,41.50541,-81.66791,2025-08-06T11:30:00Z,46.233,Trim 27.1 from 2025-07-01 onward
27.1,27.1,41.50541,-81.66791,2025-08-06T12:30:00Z,16.257,Trim 27.1 from 2025-07-01 onward
27.1,27.1,41.50541,-81.66791,2025-08-06T13:00:00Z,53.324,Trim 27.1 from 2025-07-01 onward
27.1,27.1,41.50541,-81.66791,2025-08-06T13:30:00Z,17.763,Trim 27.1 from 2025-07-01 onward
27.1,27.1,41.50541,-81.66791,2025-08-06T14:00:00Z,64.488,Trim 27.1 from 2025-07-01 onward
27.1,27.1,41.50541,-81.66791,2025-08-06T14:30:00Z,42.576,Trim 27.1 from 2025-07-01 onward
27.1,27.1,41.50541,-81.66791,2025-08-06T15:00:00Z,39.143,Trim 27.1 from 2025-07-01 onward
27.1,27.1,41.50541,-81.66791,2025-08-06T15:30:00Z,54.94,Trim 27.1 from 2025-07-01 onward
27.1,27.1,41.50541,-81.66791,2025-08-06T16:00:00Z,7.062,Trim 27.1 from 2025-07-01 onward
27.1,27.1,41.50541,-81.66791,2025-08-06T16:30:00Z,16.158,Trim 27.1 from 2025-07-01 onward
27.1,27.1,41.50541,-81.66791,2025-08-06T17:00:00Z,9.922,Trim 27.1 from 2025-07-01 onward
27.1,27.1,41.50541,-81.66791,2025-08-06T17:30:00Z,10.312,Trim 27.1 from 2025-07-01 onward
27.1,27.1,41.50541,-81.66791,2025-08-06T18:00:00Z,12.74,Trim 27.1 from 2025-07-01 onward
27.1,27.1,41.50541,-81.66791,2025-08-06T18:30:00Z,16.575,Trim 27.1 from 2025-07-01 onward
27.1,27.1,41.50541,-81.66791,2025-08-06T19:00:00Z,11.707,Trim 27.1 from 2025-07-01 onward
27.1,27.1,41.50541,-81.66791,2025-08-06T19:30:00Z,15.754,Trim 27.1 from 2025-07-01 onward
27.1,27.1,41.50541,-81.66791,2025-08-06T20:00:00Z,14.312,Trim 27.1 from 2025-07-01 onward
27.1,27.1,41.50541,-81.66791,2025-08-06T20:30:00Z,19.091,Trim 27.1 from 2025-07-01 onward
27.1,27.1,41.50541,-81.66791,2025-08-06T21:00:00Z,10.303,Trim 27.1 from 2025-07-01 onward
27.1,27.1,41.50541,-81.66791,2025-08-06T21:30:00Z,14.261,Trim 27.1 from 2025-07-01 onward
27.1,27.1,41.50541,-81.66791,2025-08-06T22:00:00Z,29.954,Trim 27.1 from 2025-07-01 onward
27.1,27.1,41.50541,-81.66791,2025-08-06T22:30:00Z,18.605,Trim 27.1 from 2025-07-01 onward
27.1,27.1,41.50541,-81.66791,2025-08-06T23:00:00Z,14.764,Trim 27.1 from 2025-07-01 onward
27.1,27.1,41.50541,-81.66791,2025-08-06T23:30:00Z,13.273,Trim 27.1 from 2025-07-01 onward
27.1,27.1,41.50541,-81.66791,2025-08-07T00:00:00Z,12.6,Trim 27.1 from 2025-07-01 onward
27.1,27.1,41.50541,-81.66791,2025-08-07T00:30:00Z,10.515,Trim 27.1 from 2025-07-01 onward
27.1,27.1,41.50541,-81.66791,2025-08-07T01:00:00Z,49.441,Trim 27.1 from 2025-07-01 onward
27.1,27.1,41.50541,-81.66791,2025-08-07T02:00:00Z,64.258,Trim 27.1 from 2025-07-01 onward
27.1,27.1,41.50541,-81.66791,2025-08-07T02:30:00Z,21.307,Trim 27.1 from 2025-07-01 onward
27.1,27.1,41.50541,-81.66791,2025-08-07T03:30:00Z,28.039,Trim 27.1 from 2025-07-01 onward
27.1,27.1,41.50541,-81.66791,2025-08-07T04:00:00Z,19.541,Trim 27.1 from 2025-07-01 onward
27.1,27.1,41.50541,-81.66791,2025-08-07T04:30:00Z,29.924,Trim 27.1 from 2025-07-01 onward
27.1,27.1,41.50541,-81.66791,2025-08-07T05:00:00Z,15.918,Trim 27.1 from 2025-07-01 onward
27.1,27.1,41.50541,-81.66791,2025-08-07T05:30:00Z,28.371,Trim 27.1 from 2025-07-01 onward
27.1,27.1,41.50541,-81.66791,2025-08-07T06:00:00Z,19.765,Trim 27.1 from 2025-07-01 onward
27.1,27.1,41.50541,-81.66791,2025-08-07T06:30:00Z,18.526,Trim 27.1 from 2025-07-01 onward
27.1,27.1,41.50541,-81.66791,2025-08-07T07:00:00Z,18.453,Trim 27.1 from 2025-07-01 onward
27.1,27.1,41.50541,-81.66791,2025-08-07T07:30:00Z,19.947,Trim 27.1 from 2025-07-01 onward
27.1,27.1,41.50541,-81.66791,2025-08-07T08:00:00Z,9.963,Trim 27.1 from 2025-07-01 onward
27.1,27.1,41.50541,-81.66791,2025-08-07T08:30:00Z,16.281,Trim 27.1 from 2025-07-01 onward
27.1,27.1,41.50541,-81.66791,2025-08-07T09:00:00Z,16.281,Trim 27.1 from 2025-07-01 onward
27.1,27.1,41.50541,-81.66791,2025-08-07T09:30:00Z,41.934,Trim 27.1 from 2025-07-01 onward
27.1,27.1,41.50541,-81.66791,2025-08-07T10:00:00Z,21.113,Trim 27.1 from 2025-07-01 onward
27.1,27.1,41.50541,-81.66791,2025-08-07T10:30:00Z,18.166,Trim 27.1 from 2025-07-01 onward
27.1,27.1,41.50541,-81.66791,2025-08-07T11:00:00Z,83.127,Trim 27.1 from 2025-07-01 onward
27.1,27.1,41.50541,-81.66791,2025-08-07T11:30:00Z,21.6,Trim 27.1 from 2025-07-01 onward
27.1,27.1,41.50541,-81.66791,2025-08-07T12:00:00Z,17.235,Trim 27.1 from 2025-07-01 onward
27.1,27.1,41.50541,-81.66791,2025-08-07T12:30:00Z,21.124,Trim 27.1 from 2025-07-01 onward
27.1,27.1,41.50541,-81.66791,2025-08-07T13:30:00Z,47.552,Trim 27.1 from 2025-07-01 onward
27.1,27.1,41.50541,-81.66791,2025-08-07T14:00:00Z,20.051,Trim 27.1 from 2025-07-01 onward
27.1,27.1,41.50541,-81.66791,2025-08-07T14:30:00Z,39.739,Trim 27.1 from 2025-07-01 onward
27.1,27.1,41.50541,-81.66791,2025-08-07T15:00:00Z,130.904,Trim 27.1 from 2025-07-01 onward
27.1,27.1,41.50541,-81.66791,2025-08-07T15:30:00Z,8.162,Trim 27.1 from 2025-07-01 onward
27.1,27.1,41.50541,-81.66791,2025-08-07T16:00:00Z,7.796,Trim 27.1 from 2025-07-01 onward
27.1,27.1,41.50541,-81.66791,2025-08-07T16:30:00Z,31.867,Trim 27.1 from 2025-07-01 onward
27.1,27.1,41.50541,-81.66791,2025-08-07T17:00:00Z,45.852,Trim 27.1 from 2025-07-01 onward
27.1,27.1,41.50541,-81.66791,2025-08-07T17:30:00Z,9.738,Trim 27.1 from 2025-07-01 onward
27.1,27.1,41.50541,-81.66791,2025-08-07T18:00:00Z,26.012,Trim 27.1 from 2025-07-01 onward
27.1,27.1,41.50541,-81.66791,2025-08-07T18:30:00Z,6.862,Trim 27.1 from 2025-07-01 onward
27.1,27.1,41.50541,-81.66791,2025-08-07T19:00:00Z,8.697,Trim 27.1 from 2025-07-01 onward
27.1,27.1,41.50541,-81.66791,2025-08-07T19:30:00Z,11.641,Trim 27.1 from 2025-07-01 onward
27.1,27.1,41.50541,-81.66791,2025-08-07T20:00:00Z,25.484,Trim 27.1 from 2025-07-01 onward
27.1,27.1,41.50541,-81.66791,2025-08-07T20:30:00Z,23.113,Trim 27.1 from 2025-07-01 onward
27.1,27.1,41.50541,-81.66791,2025-08-07T21:00:00Z,12.431,Trim 27.1 from 2025-07-01 onward
27.1,27.1,41.50541,-81.66791,2025-08-07T21:30:00Z,35.752,Trim 27.1 from 2025-07-01 onward
27.1,27.1,41.50541,-81.66791,2025-08-07T22:00:00Z,79.507,Trim 27.1 from 2025-07-01 onward
27.1,27.1,41.50541,-81.66791,2025-08-07T22:30:00Z,27.28,Trim 27.1 from 2025-07-01 onward
27.1,27.1,41.50541,-81.66791,2025-08-07T23:00:00Z,22.537,Trim 27.1 from 2025-07-01 onward
27.1,27.1,41.50541,-81.66791,2025-08-07T23:30:00Z,24.9,Trim 27.1 from 2025-07-01 onward
27.1,27.1,41.50541,-81.66791,2025-08-08T00:00:00Z,6.74,Trim 27.1 from 2025-07-01 onward
27.1,27.1,41.50541,-81.66791,2025-08-08T00:30:00Z,16.573,Trim 27.1 from 2025-07-01 onward
27.1,27.1,41.50541,-81.66791,2025-08-08T01:00:00Z,16.016,Trim 27.1 from 2025-07-01 onward
27.1,27.1,41.50541,-81.66791,2025-08-08T01:30:00Z,19.081,Trim 27.1 from 2025-07-01 onward
27.1,27.1,41.50541,-81.66791,2025-08-08T02:00:00Z,19.884,Trim 27.1 from 2025-07-01 onward
27.1,27.1,41.50541,-81.66791,2025-08-08T02:30:00Z,14.173,Trim 27.1 from 2025-07-01 onward
27.1,27.1,41.50541,-81.66791,2025-08-08T03:00:00Z,11.986,Trim 27.1 from 2025-07-01 onward
27.1,27.1,41.50541,-81.66791,2025-08-08T03:30:00Z,10.306,Trim 27.1 from 2025-07-01 onward
27.1,27.1,41.50541,-81.66791,2025-08-08T04:00:00Z,67.601,Trim 27.1 from 2025-07-01 onward
27.1,27.1,41.50541,-81.66791,2025-08-08T04:30:00Z,16.832,Trim 27.1 from 2025-07-01 onward
27.1,27.1,41.50541,-81.66791,2025-08-08T05:00:00Z,12.04,Trim 27.1 from 2025-07-01 onward
27.1,27.1,41.50541,-81.66791,2025-08-08T05:30:00Z,11.643,Trim 27.1 from 2025-07-01 onward
27.1,27.1,41.50541,-81.66791,2025-08-08T06:00:00Z,8.111,Trim 27.1 from 2025-07-01 onward
27.1,27.1,41.50541,-81.66791,2025-08-08T06:30:00Z,9.574,Trim 27.1 from 2025-07-01 onward
27.1,27.1,41.50541,-81.66791,2025-08-08T07:00:00Z,8.585,Trim 27.1 from 2025-07-01 onward
27.1,27.1,41.50541,-81.66791,2025-08-08T07:30:00Z,8.585,Trim 27.1 from 2025-07-01 onward
27.1,27.1,41.50541,-81.66791,2025-08-08T08:00:00Z,10.223,Trim 27.1 from 2025-07-01 onward
27.1,27.1,41.50541,-81.66791,2025-08-08T08:30:00Z,11.839,Trim 27.1 from 2025-07-01 onward
27.1,27.1,41.50541,-81.66791,2025-08-08T09:30:00Z,13.73,Trim 27.1 from 2025-07-01 onward
27.1,27.1,41.50541,-81.66791,2025-08-08T10:00:00Z,91.273,Trim 27.1 from 2025-07-01 onward
27.1,27.1,41.50541,-81.66791,2025-08-08T10:30:00Z,16.557,Trim 27.1 from 2025-07-01 onward
27.1,27.1,41.50541,-81.66791,2025-08-08T11:00:00Z,22.233,Trim 27.1 from 2025-07-01 onward
27.1,27.1,41.50541,-81.66791,2025-08-08T11:30:00Z,15.052,Trim 27.1 from 2025-07-01 onward
27.1,27.1,41.50541,-81.66791,2025-08-08T12:00:00Z,27.225,Trim 27.1 from 2025-07-01 onward
27.1,27.1,41.50541,-81.66791,2025-08-08T12:30:00Z,116.765,Trim 27.1 from 2025-07-01 onward
27.1,27.1,41.50541,-81.66791,2025-08-08T13:00:00Z,20.47,Trim 27.1 from 2025-07-01 onward
27.1,27.1,41.50541,-81.66791,2025-08-08T13:30:00Z,12.595,Trim 27.1 from 2025-07-01 onward
27.1,27.1,41.50541,-81.66791,2025-08-08T14:00:00Z,4.857,Trim 27.1 from 2025-07-01 onward
27.1,27.1,41.50541,-81.66791,2025-08-08T14:30:00Z,6.313,Trim 27.1 from 2025-07-01 onward
27.1,27.1,41.50541,-81.66791,2025-08-08T15:00:00Z,6.397,Trim 27.1 from 2025-07-01 onward
27.1,27.1,41.50541,-81.66791,2025-08-08T15:30:00Z,4.041,Trim 27.1 from 2025-07-01 onward
27.1,27.1,41.50541,-81.66791,2025-08-08T16:00:00Z,3.847,Trim 27.1 from 2025-07-01 onward
27.1,27.1,41.50541,-81.66791,2025-08-08T16:30:00Z,9.194,Trim 27.1 from 2025-07-01 onward
27.1,27.1,41.50541,-81.66791,2025-08-08T17:00:00Z,14.444,Trim 27.1 from 2025-07-01 onward
27.1,27.1,41.50541,-81.66791,2025-08-08T17:30:00Z,5.941,Trim 27.1 from 2025-07-01 onward
27.1,27.1,41.50541,-81.66791,2025-08-08T18:00:00Z,4.561,Trim 27.1 from 2025-07-01 onward
27.1,27.1,41.50541,-81.66791,2025-08-08T18:30:00Z,2.738,Trim 27.1 from 2025-07-01 onward
27.1,27.1,41.50541,-81.66791,2025-08-08T19:00:00Z,2.449,Trim 27.1 from 2025-07-01 onward
27.1,27.1,41.50541,-81.66791,2025-08-08T19:30:00Z,3.816,Trim 27.1 from 2025-07-01 onward
27.1,27.1,41.50541,-81.66791,2025-08-08T20:00:00Z,3.679,Trim 27.1 from 2025-07-01 onward
27.1,27.1,41.50541,-81.66791,2025-08-08T20:30:00Z,4.922,Trim 27.1 from 2025-07-01 onward
27.1,27.1,41.50541,-81.66791,2025-08-08T21:00:00Z,3.499,Trim 27.1 from 2025-07-01 onward
27.1,27.1,41.50541,-81.66791,2025-08-08T21:30:00Z,5.176,Trim 27.1 from 2025-07-01 onward
27.1,27.1,41.50541,-81.66791,2025-08-08T22:00:00Z,5.76,Trim 27.1 from 2025-07-01 onward
27.1,27.1,41.50541,-81.66791,2025-08-08T22:30:00Z,6.206,Trim 27.1 from 2025-07-01 onward
27.1,27.1,41.50541,-81.66791,2025-08-08T23:00:00Z,10.517,Trim 27.1 from 2025-07-01 onward
27.1,27.1,41.50541,-81.66791,2025-08-08T23:30:00Z,11.032,Trim 27.1 from 2025-07-01 onward
27.1,27.1,41.50541,-81.66791,2025-08-09T00:00:00Z,16.414,Trim 27.1 from 2025-07-01 onward
27.1,27.1,41.50541,-81.66791,2025-08-09T00:30:00Z,10.023,Trim 27.1 from 2025-07-01 onward
27.1,27.1,41.50541,-81.66791,2025-08-09T01:00:00Z,19.486,Trim 27.1 from 2025-07-01 onward
27.1,27.1,41.50541,-81.66791,2025-08-09T01:30:00Z,11.11,Trim 27.1 from 2025-07-01 onward
27.1,27.1,41.50541,-81.66791,2025-08-09T02:00:00Z,7.066,Trim 27.1 from 2025-07-01 onward
27.1,27.1,41.50541,-81.66791,2025-08-09T02:30:00Z,9.352,Trim 27.1 from 2025-07-01 onward
27.1,27.1,41.50541,-81.66791,2025-08-09T03:00:00Z,10.866,Trim 27.1 from 2025-07-01 onward
27.1,27.1,41.50541,-81.66791,2025-08-09T03:30:00Z,15.379,Trim 27.1 from 2025-07-01 onward
27.1,27.1,41.50541,-81.66791,2025-08-09T04:00:00Z,14.874,Trim 27.1 from 2025-07-01 onward
27.1,27.1,41.50541,-81.66791,2025-08-09T05:00:00Z,16.661,Trim 27.1 from 2025-07-01 onward
27.1,27.1,41.50541,-81.66791,2025-08-09T05:30:00Z,12.669,Trim 27.1 from 2025-07-01 onward
27.1,27.1,41.50541,-81.66791,2025-08-09T06:00:00Z,39.44,Trim 27.1 from 2025-07-01 onward
27.1,27.1,41.50541,-81.66791,2025-08-09T07:00:00Z,25.006,Trim 27.1 from 2025-07-01 onward
27.1,27.1,41.50541,-81.66791,2025-08-09T07:30:00Z,11.739,Trim 27.1 from 2025-07-01 onward
27.1,27.1,41.50541,-81.66791,2025-08-09T08:00:00Z,12.617,Trim 27.1 from 2025-07-01 onward
27.1,27.1,41.50541,-81.66791,2025-08-09T08:30:00Z,14.316,Trim 27.1 from 2025-07-01 onward
27.1,27.1,41.50541,-81.66791,2025-08-09T09:00:00Z,12.883,Trim 27.1 from 2025-07-01 onward
27.1,27.1,41.50541,-81.66791,2025-08-09T09:30:00Z,26.927,Trim 27.1 from 2025-07-01 onward
27.1,27.1,41.50541,-81.66791,2025-08-09T10:00:00Z,13.675,Trim 27.1 from 2025-07-01 onward
27.1,27.1,41.50541,-81.66791,2025-08-09T10:30:00Z,28.089,Trim 27.1 from 2025-07-01 onward
27.1,27.1,41.50541,-81.66791,2025-08-09T11:00:00Z,14.126,Trim 27.1 from 2025-07-01 onward
27.1,27.1,41.50541,-81.66791,2025-08-09T11:30:00Z,13.753,Trim 27.1 from 2025-07-01 onward
27.1,27.1,41.50541,-81.66791,2025-08-09T12:00:00Z,23.105,Trim 27.1 from 2025-07-01 onward
27.1,27.1,41.50541,-81.66791,2025-08-09T12:30:00Z,14.976,Trim 27.1 from 2025-07-01 onward
27.1,27.1,41.50541,-81.66791,2025-08-09T13:00:00Z,17.438,Trim 27.1 from 2025-07-01 onward
27.1,27.1,41.50541,-81.66791,2025-08-09T13:30:00Z,10.629,Trim 27.1 from 2025-07-01 onward
27.1,27.1,41.50541,-81.66791,2025-08-09T14:00:00Z,16.3,Trim 27.1 from 2025-07-01 onward
27.1,27.1,41.50541,-81.66791,2025-08-09T14:30:00Z,10.937,Trim 27.1 from 2025-07-01 onward
27.1,27.1,41.50541,-81.66791,2025-08-09T15:00:00Z,14.516,Trim 27.1 from 2025-07-01 onward
27.1,27.1,41.50541,-81.66791,2025-08-09T15:30:00Z,7.989,Trim 27.1 from 2025-07-01 onward
27.1,27.1,41.50541,-81.66791,2025-08-09T16:00:00Z,13.655,Trim 27.1 from 2025-07-01 onward
27.1,27.1,41.50541,-81.66791,2025-08-09T16:30:00Z,9.083,Trim 27.1 from 2025-07-01 onward
27.1,27.1,41.50541,-81.66791,2025-08-09T17:00:00Z,16.991,Trim 27.1 from 2025-07-01 onward
27.1,27.1,41.50541,-81.66791,2025-08-09T17:30:00Z,10.858,Trim 27.1 from 2025-07-01 onward
27.1,27.1,41.50541,-81.66791,2025-08-09T18:00:00Z,8.078,Trim 27.1 from 2025-07-01 onward
27.1,27.1,41.50541,-81.66791,2025-08-09T18:30:00Z,10.744,Trim 27.1 from 2025-07-01 onward
27.1,27.1,41.50541,-81.66791,2025-08-09T19:00:00Z,16.174,Trim 27.1 from 2025-07-01 onward
27.1,27.1,41.50541,-81.66791,2025-08-09T19:30:00Z,9.301,Trim 27.1 from 2025-07-01 onward
27.1,27.1,41.50541,-81.66791,2025-08-09T20:00:00Z,7.229,Trim 27.1 from 2025-07-01 onward
27.1,27.1,41.50541,-81.66791,2025-08-09T20:30:00Z,12.211,Trim 27.1 from 2025-07-01 onward
27.1,27.1,41.50541,-81.66791,2025-08-09T21:00:00Z,11.439,Trim 27.1 from 2025-07-01 onward
27.1,27.1,41.50541,-81.66791,2025-08-09T21:30:00Z,11.51,Trim 27.1 from 2025-07-01 onward
27.1,27.1,41.50541,-81.66791,2025-08-09T22:00:00Z,10.928,Trim 27.1 from 2025-07-01 onward
27.1,27.1,41.50541,-81.66791,2025-08-09T22:30:00Z,23.439,Trim 27.1 from 2025-07-01 onward
27.1,27.1,41.50541,-81.66791,2025-08-09T23:00:00Z,6.42,Trim 27.1 from 2025-07-01 onward
27.1,27.1,41.50541,-81.66791,2025-08-09T23:30:00Z,10.649,Trim 27.1 from 2025-07-01 onward
27.1,27.1,41.50541,-81.66791,2025-08-10T00:00:00Z,10.034,Trim 27.1 from 2025-07-01 onward
27.1,27.1,41.50541,-81.66791,2025-08-10T00:30:00Z,11.54,Trim 27.1 from 2025-07-01 onward
27.1,27.1,41.50541,-81.66791,2025-08-10T01:00:00Z,15.219,Trim 27.1 from 2025-07-01 onward
27.1,27.1,41.50541,-81.66791,2025-08-10T01:30:00Z,16.072,Trim 27.1 from 2025-07-01 onward
27.1,27.1,41.50541,-81.66791,2025-08-10T02:00:00Z,8.106,Trim 27.1 from 2025-07-01 onward
27.1,27.1,41.50541,-81.66791,2025-08-10T02:30:00Z,19.476,Trim 27.1 from 2025-07-01 onward
27.1,27.1,41.50541,-81.66791,2025-08-10T03:00:00Z,18.495,Trim 27.1 from 2025-07-01 onward
27.1,27.1,41.50541,-81.66791,2025-08-10T03:30:00Z,13.596,Trim 27.1 from 2025-07-01 onward
27.1,27.1,41.50541,-81.66791,2025-08-10T04:00:00Z,13.043,Trim 27.1 from 2025-07-01 onward
27.1,27.1,41.50541,-81.66791,2025-08-10T04:30:00Z,22.856,Trim 27.1 from 2025-07-01 onward
27.1,27.1,41.50541,-81.66791,2025-08-10T05:30:00Z,17.146,Trim 27.1 from 2025-07-01 onward
27.1,27.1,41.50541,-81.66791,2025-08-10T06:00:00Z,16.704,Trim 27.1 from 2025-07-01 onward
27.1,27.1,41.50541,-81.66791,2025-08-10T06:30:00Z,12.911,Trim 27.1 from 2025-07-01 onward
27.1,27.1,41.50541,-81.66791,2025-08-10T07:00:00Z,19.918,Trim 27.1 from 2025-07-01 onward
27.1,27.1,41.50541,-81.66791,2025-08-10T07:30:00Z,20.714,Trim 27.1 from 2025-07-01 onward
27.1,27.1,41.50541,-81.66791,2025-08-10T08:30:00Z,18.107,Trim 27.1 from 2025-07-01 onward
27.1,27.1,41.50541,-81.66791,2025-08-10T09:00:00Z,17.395,Trim 27.1 from 2025-07-01 onward
27.1,27.1,41.50541,-81.66791,2025-08-10T09:30:00Z,16.269,Trim 27.1 from 2025-07-01 onward
27.1,27.1,41.50541,-81.66791,2025-08-10T10:00:00Z,16.39,Trim 27.1 from 2025-07-01 onward
27.1,27.1,41.50541,-81.66791,2025-08-10T10:30:00Z,20.455,Trim 27.1 from 2025-07-01 onward
27.1,27.1,41.50541,-81.66791,2025-08-10T11:00:00Z,13.958,Trim 27.1 from 2025-07-01 onward
27.1,27.1,41.50541,-81.66791,2025-08-10T11:30:00Z,16.638,Trim 27.1 from 2025-07-01 onward
27.1,27.1,41.50541,-81.66791,2025-08-10T12:30:00Z,14.738,Trim 27.1 from 2025-07-01 onward
27.1,27.1,41.50541,-81.66791,2025-08-10T13:00:00Z,10.728,Trim 27.1 from 2025-07-01 onward
27.1,27.1,41.50541,-81.66791,2025-08-10T13:30:00Z,11.786,Trim 27.1 from 2025-07-01 onward
27.1,27.1,41.50541,-81.66791,2025-08-10T14:00:00Z,15.891,Trim 27.1 from 2025-07-01 onward
27.1,27.1,41.50541,-81.66791,2025-08-10T14:30:00Z,12.257,Trim 27.1 from 2025-07-01 onward
27.1,27.1,41.50541,-81.66791,2025-08-10T15:00:00Z,12.238,Trim 27.1 from 2025-07-01 onward
27.1,27.1,41.50541,-81.66791,2025-08-10T15:30:00Z,7.782,Trim 27.1 from 2025-07-01 onward
27.1,27.1,41.50541,-81.66791,2025-08-10T16:00:00Z,9.307,Trim 27.1 from 2025-07-01 onward
27.1,27.1,41.50541,-81.66791,2025-08-10T16:30:00Z,11.824,Trim 27.1 from 2025-07-01 onward
27.1,27.1,41.50541,-81.66791,2025-08-10T17:00:00Z,8.001,Trim 27.1 from 2025-07-01 onward
27.1,27.1,41.50541,-81.66791,2025-08-10T17:30:00Z,7.097,Trim 27.1 from 2025-07-01 onward
27.1,27.1,41.50541,-81.66791,2025-08-10T18:00:00Z,11.49,Trim 27.1 from 2025-07-01 onward
27.1,27.1,41.50541,-81.66791,2025-08-10T18:30:00Z,6.93,Trim 27.1 from 2025-07-01 onward
27.1,27.1,41.50541,-81.66791,2025-08-10T19:00:00Z,12.302,Trim 27.1 from 2025-07-01 onward
27.1,27.1,41.50541,-81.66791,2025-08-10T19:30:00Z,7.09,Trim 27.1 from 2025-07-01 onward
27.1,27.1,41.50541,-81.66791,2025-08-10T20:00:00Z,9.317,Trim 27.1 from 2025-07-01 onward
27.1,27.1,41.50541,-81.66791,2025-08-10T20:30:00Z,9.899,Trim 27.1 from 2025-07-01 onward
27.1,27.1,41.50541,-81.66791,2025-08-10T21:00:00Z,11.444,Trim 27.1 from 2025-07-01 onward
27.1,27.1,41.50541,-81.66791,2025-08-10T21:30:00Z,8.77,Trim 27.1 from 2025-07-01 onward
27.1,27.1,41.50541,-81.66791,2025-08-10T22:00:00Z,10.895,Trim 27.1 from 2025-07-01 onward
27.1,27.1,41.50541,-81.66791,2025-08-10T22:30:00Z,7.994,Trim 27.1 from 2025-07-01 onward
27.1,27.1,41.50541,-81.66791,2025-08-10T23:00:00Z,8.736,Trim 27.1 from 2025-07-01 onward
27.1,27.1,41.50541,-81.66791,2025-08-10T23:30:00Z,11.317,Trim 27.1 from 2025-07-01 onward
27.1,27.1,41.50541,-81.66791,2025-08-11T00:00:00Z,7.576,Trim 27.1 from 2025-07-01 onward
27.1,27.1,41.50541,-81.66791,2025-08-11T00:30:00Z,8.97,Trim 27.1 from 2025-07-01 onward
27.1,27.1,41.50541,-81.66791,2025-08-11T01:00:00Z,15.018,Trim 27.1 from 2025-07-01 onward
27.1,27.1,41.50541,-81.66791,2025-08-11T01:30:00Z,12.931,Trim 27.1 from 2025-07-01 onward
27.1,27.1,41.50541,-81.66791,2025-08-11T02:00:00Z,10.839,Trim 27.1 from 2025-07-01 onward
27.1,27.1,41.50541,-81.66791,2025-08-11T02:30:00Z,10.642,Trim 27.1 from 2025-07-01 onward
27.1,27.1,41.50541,-81.66791,2025-08-11T03:00:00Z,11.567,Trim 27.1 from 2025-07-01 onward
27.1,27.1,41.50541,-81.66791,2025-08-11T03:30:00Z,15.447,Trim 27.1 from 2025-07-01 onward
27.1,27.1,41.50541,-81.66791,2025-08-11T04:00:00Z,14.28,Trim 27.1 from 2025-07-01 onward
27.1,27.1,41.50541,-81.66791,2025-08-11T04:30:00Z,13.546,Trim 27.1 from 2025-07-01 onward
27.1,27.1,41.50541,-81.66791,2025-08-11T05:00:00Z,12.999,Trim 27.1 from 2025-07-01 onward
27.1,27.1,41.50541,-81.66791,2025-08-11T05:30:00Z,20.153,Trim 27.1 from 2025-07-01 onward
27.1,27.1,41.50541,-81.66791,2025-08-11T06:00:00Z,14.969,Trim 27.1 from 2025-07-01 onward
27.1,27.1,41.50541,-81.66791,2025-08-11T06:30:00Z,14.104,Trim 27.1 from 2025-07-01 onward
27.1,27.1,41.50541,-81.66791,2025-08-11T07:00:00Z,30.77,Trim 27.1 from 2025-07-01 onward
27.1,27.1,41.50541,-81.66791,2025-08-11T07:30:00Z,14.034,Trim 27.1 from 2025-07-01 onward
27.1,27.1,41.50541,-81.66791,2025-08-11T08:00:00Z,28.295,Trim 27.1 from 2025-07-01 onward
27.1,27.1,41.50541,-81.66791,2025-08-11T08:30:00Z,14.833,Trim 27.1 from 2025-07-01 onward
27.1,27.1,41.50541,-81.66791,2025-08-11T09:00:00Z,13.696,Trim 27.1 from 2025-07-01 onward
27.1,27.1,41.50541,-81.66791,2025-08-11T09:30:00Z,13.683,Trim 27.1 from 2025-07-01 onward
27.1,27.1,41.50541,-81.66791,2025-08-11T10:00:00Z,18.666,Trim 27.1 from 2025-07-01 onward
27.1,27.1,41.50541,-81.66791,2025-08-11T10:30:00Z,15.332,Trim 27.1 from 2025-07-01 onward
27.1,27.1,41.50541,-81.66791,2025-08-11T11:00:00Z,11.658,Trim 27.1 from 2025-07-01 onward
27.1,27.1,41.50541,-81.66791,2025-08-11T11:30:00Z,17.234,Trim 27.1 from 2025-07-01 onward
27.1,27.1,41.50541,-81.66791,2025-08-11T12:00:00Z,11.996,Trim 27.1 from 2025-07-01 onward
27.1,27.1,41.50541,-81.66791,2025-08-11T12:30:00Z,9.997,Trim 27.1 from 2025-07-01 onward
27.1,27.1,41.50541,-81.66791,2025-08-11T13:00:00Z,12.936,Trim 27.1 from 2025-07-01 onward
27.1,27.1,41.50541,-81.66791,2025-08-11T13:30:00Z,11.029,Trim 27.1 from 2025-07-01 onward
27.1,27.1,41.50541,-81.66791,2025-08-11T14:00:00Z,11.023,Trim 27.1 from 2025-07-01 onward
27.1,27.1,41.50541,-81.66791,2025-08-11T14:30:00Z,11.489,Trim 27.1 from 2025-07-01 onward
27.1,27.1,41.50541,-81.66791,2025-08-11T15:00:00Z,8.737,Trim 27.1 from 2025-07-01 onward
27.1,27.1,41.50541,-81.66791,2025-08-11T15:30:00Z,5.773,Trim 27.1 from 2025-07-01 onward
27.1,27.1,41.50541,-81.66791,2025-08-11T16:00:00Z,7.167,Trim 27.1 from 2025-07-01 onward
27.1,27.1,41.50541,-81.66791,2025-08-11T16:30:00Z,6.141,Trim 27.1 from 2025-07-01 onward
27.1,27.1,41.50541,-81.66791,2025-08-11T17:00:00Z,4.902,Trim 27.1 from 2025-07-01 onward
27.1,27.1,41.50541,-81.66791,2025-08-11T17:30:00Z,9.851,Trim 27.1 from 2025-07-01 onward
27.1,27.1,41.50541,-81.66791,2025-08-11T18:00:00Z,10.27,Trim 27.1 from 2025-07-01 onward
27.1,27.1,41.50541,-81.66791,2025-08-11T18:30:00Z,9.877,Trim 27.1 from 2025-07-01 onward
27.1,27.1,41.50541,-81.66791,2025-08-11T19:00:00Z,6.873,Trim 27.1 from 2025-07-01 onward
27.1,27.1,41.50541,-81.66791,2025-08-11T19:30:00Z,6.861,Trim 27.1 from 2025-07-01 onward
27.1,27.1,41.50541,-81.66791,2025-08-11T20:00:00Z,8.028,Trim 27.1 from 2025-07-01 onward
27.1,27.1,41.50541,-81.66791,2025-08-11T20:30:00Z,5.504,Trim 27.1 from 2025-07-01 onward
27.1,27.1,41.50541,-81.66791,2025-08-11T21:00:00Z,6.184,Trim 27.1 from 2025-07-01 onward
27.1,27.1,41.50541,-81.66791,2025-08-11T21:30:00Z,7.448,Trim 27.1 from 2025-07-01 onward
27.1,27.1,41.50541,-81.66791,2025-08-11T22:00:00Z,7.811,Trim 27.1 from 2025-07-01 onward
27.1,27.1,41.50541,-81.66791,2025-08-11T22:30:00Z,9.945,Trim 27.1 from 2025-07-01 onward
27.1,27.1,41.50541,-81.66791,2025-08-11T23:00:00Z,4.578,Trim 27.1 from 2025-07-01 onward
27.1,27.1,41.50541,-81.66791,2025-08-11T23:30:00Z,3.876,Trim 27.1 from 2025-07-01 onward
27.1,27.1,41.50541,-81.66791,2025-08-12T00:00:00Z,9.169,Trim 27.1 from 2025-07-01 onward
27.1,27.1,41.50541,-81.66791,2025-08-12T00:30:00Z,6.577,Trim 27.1 from 2025-07-01 onward
27.1,27.1,41.50541,-81.66791,2025-08-12T01:00:00Z,6.725,Trim 27.1 from 2025-07-01 onward
27.1,27.1,41.50541,-81.66791,2025-08-12T01:30:00Z,4.653,Trim 27.1 from 2025-07-01 onward
27.1,27.1,41.50541,-81.66791,2025-08-12T02:00:00Z,5.577,Trim 27.1 from 2025-07-01 onward
27.1,27.1,41.50541,-81.66791,2025-08-12T02:30:00Z,7.868,Trim 27.1 from 2025-07-01 onward
27.1,27.1,41.50541,-81.66791,2025-08-12T03:00:00Z,7.262,Trim 27.1 from 2025-07-01 onward
27.1,27.1,41.50541,-81.66791,2025-08-12T03:30:00Z,13.003,Trim 27.1 from 2025-07-01 onward
27.1,27.1,41.50541,-81.66791,2025-08-12T04:00:00Z,7.012,Trim 27.1 from 2025-07-01 onward
27.1,27.1,41.50541,-81.66791,2025-08-12T04:30:00Z,4.594,Trim 27.1 from 2025-07-01 onward
27.1,27.1,41.50541,-81.66791,2025-08-12T05:00:00Z,7.94,Trim 27.1 from 2025-07-01 onward
27.1,27.1,41.50541,-81.66791,2025-08-12T05:30:00Z,9.457,Trim 27.1 from 2025-07-01 onward
27.1,27.1,41.50541,-81.66791,2025-08-12T06:00:00Z,8.027,Trim 27.1 from 2025-07-01 onward
27.1,27.1,41.50541,-81.66791,2025-08-12T06:30:00Z,13.613,Trim 27.1 from 2025-07-01 onward
27.1,27.1,41.50541,-81.66791,2025-08-12T07:00:00Z,5.171,Trim 27.1 from 2025-07-01 onward
27.1,27.1,41.50541,-81.66791,2025-08-12T07:30:00Z,8.034,Trim 27.1 from 2025-07-01 onward
27.1,27.1,41.50541,-81.66791,2025-08-12T08:00:00Z,11.724,Trim 27.1 from 2025-07-01 onward
27.1,27.1,41.50541,-81.66791,2025-08-12T08:30:00Z,11.933,Trim 27.1 from 2025-07-01 onward
27.1,27.1,41.50541,-81.66791,2025-08-12T09:00:00Z,8.882,Trim 27.1 from 2025-07-01 onward
27.1,27.1,41.50541,-81.66791,2025-08-12T09:30:00Z,15.148,Trim 27.1 from 2025-07-01 onward
27.1,27.1,41.50541,-81.66791,2025-08-12T10:30:00Z,7.751,Trim 27.1 from 2025-07-01 onward
27.1,27.1,41.50541,-81.66791,2025-08-12T11:00:00Z,29.067,Trim 27.1 from 2025-07-01 onward
27.1,27.1,41.50541,-81.66791,2025-08-12T11:30:00Z,8.67,Trim 27.1 from 2025-07-01 onward
27.1,27.1,41.50541,-81.66791,2025-08-12T12:00:00Z,7.712,Trim 27.1 from 2025-07-01 onward
27.1,27.1,41.50541,-81.66791,2025-08-12T12:30:00Z,9.562,Trim 27.1 from 2025-07-01 onward
27.1,27.1,41.50541,-81.66791,2025-08-12T13:00:00Z,6.074,Trim 27.1 from 2025-07-01 onward
27.1,27.1,41.50541,-81.66791,2025-08-12T13:30:00Z,8.459,Trim 27.1 from 2025-07-01 onward
27.1,27.1,41.50541,-81.66791,2025-08-12T14:00:00Z,7.245,Trim 27.1 from 2025-07-01 onward
27.1,27.1,41.50541,-81.66791,2025-08-12T14:30:00Z,5.444,Trim 27.1 from 2025-07-01 onward
27.1,27.1,41.50541,-81.66791,2025-08-12T15:00:00Z,4.722,Trim 27.1 from 2025-07-01 onward
27.1,27.1,41.50541,-81.66791,2025-08-12T15:30:00Z,6.05,Trim 27.1 from 2025-07-01 onward
27.1,27.1,41.50541,-81.66791,2025-08-12T16:30:00Z,5.533,Trim 27.1 from 2025-07-01 onward
27.1,27.1,41.50541,-81.66791,2025-08-12T17:00:00Z,58.81,Trim 27.1 from 2025-07-01 onward
27.1,27.1,41.50541,-81.66791,2025-08-12T17:30:00Z,5.819,Trim 27.1 from 2025-07-01 onward
27.1,27.1,41.50541,-81.66791,2025-08-12T18:00:00Z,5.037,Trim 27.1 from 2025-07-01 onward
27.1,27.1,41.50541,-81.66791,2025-08-12T18:30:00Z,7.07,Trim 27.1 from 2025-07-01 onward
27.1,27.1,41.50541,-81.66791,2025-08-12T19:00:00Z,4.971,Trim 27.1 from 2025-07-01 onward
27.1,27.1,41.50541,-81.66791,2025-08-12T19:30:00Z,3.59,Trim 27.1 from 2025-07-01 onward
27.1,27.1,41.50541,-81.66791,2025-08-12T20:00:00Z,6.534,Trim 27.1 from 2025-07-01 onward
27.1,27.1,41.50541,-81.66791,2025-08-12T20:30:00Z,9.294,Trim 27.1 from 2025-07-01 onward
27.1,27.1,41.50541,-81.66791,2025-08-12T21:00:00Z,5.606,Trim 27.1 from 2025-07-01 onward
27.1,27.1,41.50541,-81.66791,2025-08-12T21:30:00Z,6.147,Trim 27.1 from 2025-07-01 onward
27.1,27.1,41.50541,-81.66791,2025-08-12T22:00:00Z,5.743,Trim 27.1 from 2025-07-01 onward
27.1,27.1,41.50541,-81.66791,2025-08-12T22:30:00Z,3.169,Trim 27.1 from 2025-07-01 onward
27.1,27.1,41.50541,-81.66791,2025-08-12T23:00:00Z,6.453,Trim 27.1 from 2025-07-01 onward
27.1,27.1,41.50541,-81.66791,2025-08-12T23:30:00Z,3.987,Trim 27.1 from 2025-07-01 onward
27.1,27.1,41.50541,-81.66791,2025-08-13T00:00:00Z,5.782,Trim 27.1 from 2025-07-01 onward
27.1,27.1,41.50541,-81.66791,2025-08-13T00:30:00Z,6.502,Trim 27.1 from 2025-07-01 onward
27.1,27.1,41.50541,-81.66791,2025-08-13T01:00:00Z,2.608,Trim 27.1 from 2025-07-01 onward
27.1,27.1,41.50541,-81.66791,2025-08-13T01:30:00Z,4.949,Trim 27.1 from 2025-07-01 onward
27.1,27.1,41.50541,-81.66791,2025-08-13T02:00:00Z,11.741,Trim 27.1 from 2025-07-01 onward
27.1,27.1,41.50541,-81.66791,2025-08-13T02:30:00Z,13.258,Trim 27.1 from 2025-07-01 onward
27.1,27.1,41.50541,-81.66791,2025-08-13T03:00:00Z,8.004,Trim 27.1 from 2025-07-01 onward
27.1,27.1,41.50541,-81.66791,2025-08-13T03:30:00Z,9.573,Trim 27.1 from 2025-07-01 onward
27.1,27.1,41.50541,-81.66791,2025-08-13T04:00:00Z,13.674,Trim 27.1 from 2025-07-01 onward
27.1,27.1,41.50541,-81.66791,2025-08-13T04:30:00Z,4.723,Trim 27.1 from 2025-07-01 onward
27.1,27.1,41.50541,-81.66791,2025-08-13T05:00:00Z,21.345,Trim 27.1 from 2025-07-01 onward
27.1,27.1,41.50541,-81.66791,2025-08-13T06:00:00Z,2.344,Trim 27.1 from 2025-07-01 onward
27.1,27.1,41.50541,-81.66791,2025-08-13T06:30:00Z,4.12,Trim 27.1 from 2025-07-01 onward
27.1,27.1,41.50541,-81.66791,2025-08-13T07:00:00Z,5.833,Trim 27.1 from 2025-07-01 onward
27.1,27.1,41.50541,-81.66791,2025-08-13T07:30:00Z,175.001,Trim 27.1 from 2025-07-01 onward
27.1,27.1,41.50541,-81.66791,2025-08-13T08:00:00Z,6.07,Trim 27.1 from 2025-07-01 onward
27.1,27.1,41.50541,-81.66791,2025-08-13T11:00:00Z,0,Trim 27.1 from 2025-07-01 onward
27.1,27.1,41.50541,-81.66791,2025-08-13T11:30:00Z,11.72,Trim 27.1 from 2025-07-01 onward
27.1,27.1,41.50541,-81.66791,2025-08-13T12:00:00Z,36.596,Trim 27.1 from 2025-07-01 onward
27.1,27.1,41.50541,-81.66791,2025-08-13T12:30:00Z,33.397,Trim 27.1 from 2025-07-01 onward
27.1,27.1,41.50541,-81.66791,2025-08-13T13:00:00Z,38.93,Trim 27.1 from 2025-07-01 onward
27.1,27.1,41.50541,-81.66791,2025-08-13T13:30:00Z,6.292,Trim 27.1 from 2025-07-01 onward
27.1,27.1,41.50541,-81.66791,2025-08-13T14:00:00Z,1.913,Trim 27.1 from 2025-07-01 onward
27.1,27.1,41.50541,-81.66791,2025-08-13T14:30:00Z,2.551,Trim 27.1 from 2025-07-01 onward
27.1,27.1,41.50541,-81.66791,2025-08-13T15:00:00Z,0.593,Trim 27.1 from 2025-07-01 onward
27.1,27.1,41.50541,-81.66791,2025-08-13T15:30:00Z,5.043,Trim 27.1 from 2025-07-01 onward
27.1,27.1,41.50541,-81.66791,2025-08-13T16:00:00Z,2.219,Trim 27.1 from 2025-07-01 onward
27.1,27.1,41.50541,-81.66791,2025-08-13T16:30:00Z,1.61,Trim 27.1 from 2025-07-01 onward
27.1,27.1,41.50541,-81.66791,2025-08-13T17:00:00Z,158.749,Trim 27.1 from 2025-07-01 onward
27.1,27.1,41.50541,-81.66791,2025-08-13T17:30:00Z,2.842,Trim 27.1 from 2025-07-01 onward
27.1,27.1,41.50541,-81.66791,2025-08-13T18:00:00Z,2.448,Trim 27.1 from 2025-07-01 onward
27.1,27.1,41.50541,-81.66791,2025-08-13T18:30:00Z,2.43,Trim 27.1 from 2025-07-01 onward
27.1,27.1,41.50541,-81.66791,2025-08-13T19:00:00Z,2.214,Trim 27.1 from 2025-07-01 onward
27.1,27.1,41.50541,-81.66791,2025-08-13T19:30:00Z,3.33,Trim 27.1 from 2025-07-01 onward
27.1,27.1,41.50541,-81.66791,2025-08-13T20:00:00Z,2.368,Trim 27.1 from 2025-07-01 onward
27.1,27.1,41.50541,-81.66791,2025-08-13T20:30:00Z,2.78,Trim 27.1 from 2025-07-01 onward
27.1,27.1,41.50541,-81.66791,2025-08-13T21:00:00Z,3.009,Trim 27.1 from 2025-07-01 onward
27.1,27.1,41.50541,-81.66791,2025-08-13T21:30:00Z,3.468,Trim 27.1 from 2025-07-01 onward
27.1,27.1,41.50541,-81.66791,2025-08-13T22:00:00Z,51.834,Trim 27.1 from 2025-07-01 onward
27.1,27.1,41.50541,-81.66791,2025-08-13T22:30:00Z,2.421,Trim 27.1 from 2025-07-01 onward
27.1,27.1,41.50541,-81.66791,2025-08-13T23:00:00Z,5.661,Trim 27.1 from 2025-07-01 onward
27.1,27.1,41.50541,-81.66791,2025-08-13T23:30:00Z,4.859,Trim 27.1 from 2025-07-01 onward
27.1,27.1,41.50541,-81.66791,2025-08-14T00:00:00Z,10.092,Trim 27.1 from 2025-07-01 onward
27.1,27.1,41.50541,-81.66791,2025-08-14T00:30:00Z,8.65,Trim 27.1 from 2025-07-01 onward
27.1,27.1,41.50541,-81.66791,2025-08-14T01:00:00Z,6.927,Trim 27.1 from 2025-07-01 onward
27.1,27.1,41.50541,-81.66791,2025-08-14T01:30:00Z,3.121,Trim 27.1 from 2025-07-01 onward
27.1,27.1,41.50541,-81.66791,2025-08-14T02:00:00Z,3.849,Trim 27.1 from 2025-07-01 onward
27.1,27.1,41.50541,-81.66791,2025-08-14T02:30:00Z,8.964,Trim 27.1 from 2025-07-01 onward
27.1,27.1,41.50541,-81.66791,2025-08-14T03:00:00Z,4.539,Trim 27.1 from 2025-07-01 onward
27.1,27.1,41.50541,-81.66791,2025-08-14T03:30:00Z,4.539,Trim 27.1 from 2025-07-01 onward
27.1,27.1,41.50541,-81.66791,2025-08-14T04:00:00Z,4.539,Trim 27.1 from 2025-07-01 onward
27.1,27.1,41.50541,-81.66791,2025-08-14T04:30:00Z,9.955,Trim 27.1 from 2025-07-01 onward
27.1,27.1,41.50541,-81.66791,2025-08-14T05:00:00Z,9.955,Trim 27.1 from 2025-07-01 onward
27.1,27.1,41.50541,-81.66791,2025-08-14T05:30:00Z,28.536,Trim 27.1 from 2025-07-01 onward
27.1,27.1,41.50541,-81.66791,2025-08-14T06:00:00Z,10.863,Trim 27.1 from 2025-07-01 onward
27.1,27.1,41.50541,-81.66791,2025-08-14T06:30:00Z,7.978,Trim 27.1 from 2025-07-01 onward
27.1,27.1,41.50541,-81.66791,2025-08-20T23:00:00Z,14.326,Trim 27.1 from 2025-07-01 onward
27.1,27.1,41.50541,-81.66791,2025-08-20T23:30:00Z,14.326,Trim 27.1 from 2025-07-01 onward
27.1,27.1,41.50541,-81.66791,2025-08-21T00:00:00Z,0,Trim 27.1 from 2025-07-01 onward
27.1,27.1,41.50541,-81.66791,2025-08-21T00:30:00Z,0,Trim 27.1 from 2025-07-01 onward
27.1,27.1,41.50541,-81.66791,2025-08-21T01:00:00Z,0,Trim 27.1 from 2025-07-01 onward
27.1,27.1,41.50541,-81.66791,2025-08-21T01:30:00Z,0,Trim 27.1 from 2025-07-01 onward
27.1,27.1,41.50541,-81.66791,2025-08-21T02:00:00Z,0,Trim 27.1 from 2025-07-01 onward
27.1,27.1,41.50541,-81.66791,2025-08-21T02:30:00Z,0,Trim 27.1 from 2025-07-01 onward
27.1,27.1,41.50541,-81.66791,2025-08-21T03:00:00Z,0,Trim 27.1 from 2025-07-01 onward
27.1,27.1,41.50541,-81.66791,2025-08-21T03:30:00Z,0,Trim 27.1 from 2025-07-01 onward
27.1,27.1,41.50541,-81.66791,2025-08-21T04:00:00Z,0,Trim 27.1 from 2025-07-01 onward
27.1,27.1,41.50541,-81.66791,2025-08-21T04:30:00Z,0,Trim 27.1 from 2025-07-01 onward
27.1,27.1,41.50541,-81.66791,2025-08-21T05:00:00Z,0,Trim 27.1 from 2025-07-01 onward
27.1,27.1,41.50541,-81.66791,2025-08-21T05:30:00Z,0,Trim 27.1 from 2025-07-01 onward
27.1,27.1,41.50541,-81.66791,2025-08-21T06:00:00Z,0,Trim 27.1 from 2025-07-01 onward
27.1,27.1,41.50541,-81.66791,2025-08-21T06:30:00Z,0,Trim 27.1 from 2025-07-01 onward
27.1,27.1,41.50541,-81.66791,2025-08-21T07:00:00Z,0,Trim 27.1 from 2025-07-01 onward
27.1,27.1,41.50541,-81.66791,2025-08-21T07:30:00Z,0,Trim 27.1 from 2025-07-01 onward
27.1,27.1,41.50541,-81.66791,2025-08-21T08:00:00Z,0,Trim 27.1 from 2025-07-01 onward
27.1,27.1,41.50541,-81.66791,2025-08-21T08:30:00Z,0,Trim 27.1 from 2025-07-01 onward
27.1,27.1,41.50541,-81.66791,2025-08-21T09:00:00Z,45.163,Trim 27.1 from 2025-07-01 onward
27.1,27.1,41.50541,-81.66791,2025-08-21T09:30:00Z,45.163,Trim 27.1 from 2025-07-01 onward
27.1,27.1,41.50541,-81.66791,2025-08-21T10:00:00Z,45.163,Trim 27.1 from 2025-07-01 onward
27.1,27.1,41.50541,-81.66791,2025-08-21T10:30:00Z,45.163,Trim 27.1 from 2025-07-01 onward
27.1,27.1,41.50541,-81.66791,2025-08-21T11:00:00Z,45.163,Trim 27.1 from 2025-07-01 onward
27.1,27.1,41.50541,-81.66791,2025-08-21T11:30:00Z,66.257,Trim 27.1 from 2025-07-01 onward
27.1,27.1,41.50541,-81.66791,2025-08-21T12:00:00Z,10.477,Trim 27.1 from 2025-07-01 onward
27.1,27.1,41.50541,-81.66791,2025-08-21T12:30:00Z,67.452,Trim 27.1 from 2025-07-01 onward
27.1,27.1,41.50541,-81.66791,2025-08-21T13:00:00Z,169.962,Trim 27.1 from 2025-07-01 onward
27.1,27.1,41.50541,-81.66791,2025-08-21T13:30:00Z,48.854,Trim 27.1 from 2025-07-01 onward
27.1,27.1,41.50541,-81.66791,2025-08-21T14:00:00Z,3.419,Trim 27.1 from 2025-07-01 onward
27.1,27.1,41.50541,-81.66791,2025-08-21T14:30:00Z,3.419,Trim 27.1 from 2025-07-01 onward
27.1,27.1,41.50541,-81.66791,2025-08-21T15:00:00Z,3.419,Trim 27.1 from 2025-07-01 onward
27.1,27.1,41.50541,-81.66791,2025-08-21T15:30:00Z,3.419,Trim 27.1 from 2025-07-01 onward
27.1,27.1,41.50541,-81.66791,2025-08-21T16:00:00Z,3.419,Trim 27.1 from 2025-07-01 onward
27.1,27.1,41.50541,-81.66791,2025-08-22T00:00:00Z,28.165,Trim 27.1 from 2025-07-01 onward
27.1,27.1,41.50541,-81.66791,2025-08-22T00:30:00Z,6.097,Trim 27.1 from 2025-07-01 onward
27.1,27.1,41.50541,-81.66791,2025-08-22T01:00:00Z,10.211,Trim 27.1 from 2025-07-01 onward
27.1,27.1,41.50541,-81.66791,2025-08-22T01:30:00Z,10.211,Trim 27.1 from 2025-07-01 onward
27.1,27.1,41.50541,-81.66791,2025-08-22T09:00:00Z,0.568,Trim 27.1 from 2025-07-01 onward
27.1,27.1,41.50541,-81.66791,2025-08-22T15:00:00Z,2.484,Trim 27.1 from 2025-07-01 onward
27.1,27.1,41.50541,-81.66791,2025-08-22T15:30:00Z,0.512,Trim 27.1 from 2025-07-01 onward
27.1,27.1,41.50541,-81.66791,2025-08-22T16:00:00Z,12.42,Trim 27.1 from 2025-07-01 onward
27.1,27.1,41.50541,-81.66791,2025-08-22T16:30:00Z,1.172,Trim 27.1 from 2025-07-01 onward
27.1,27.1,41.50541,-81.66791,2025-08-22T17:00:00Z,0.985,Trim 27.1 from 2025-07-01 onward
27.1,27.1,41.50541,-81.66791,2025-08-22T17:30:00Z,0.521,Trim 27.1 from 2025-07-01 onward
27.1,27.1,41.50541,-81.66791,2025-08-22T18:00:00Z,3.619,Trim 27.1 from 2025-07-01 onward
27.1,27.1,41.50541,-81.66791,2025-08-22T18:30:00Z,1.371,Trim 27.1 from 2025-07-01 onward
27.1,27.1,41.50541,-81.66791,2025-08-22T19:00:00Z,2.483,Trim 27.1 from 2025-07-01 onward
27.1,27.1,41.50541,-81.66791,2025-08-22T19:30:00Z,1.34,Trim 27.1 from 2025-07-01 onward
27.1,27.1,41.50541,-81.66791,2025-08-22T20:00:00Z,0.741,Trim 27.1 from 2025-07-01 onward
27.1,27.1,41.50541,-81.66791,2025-08-22T20:30:00Z,1.065,Trim 27.1 from 2025-07-01 onward
27.1,27.1,41.50541,-81.66791,2025-08-22T21:00:00Z,1.526,Trim 27.1 from 2025-07-01 onward
27.1,27.1,41.50541,-81.66791,2025-08-22T21:30:00Z,2.811,Trim 27.1 from 2025-07-01 onward
27.1,27.1,41.50541,-81.66791,2025-08-22T22:00:00Z,0.554,Trim 27.1 from 2025-07-01 onward
27.1,27.1,41.50541,-81.66791,2025-08-22T22:30:00Z,4.198,Trim 27.1 from 2025-07-01 onward
27.1,27.1,41.50541,-81.66791,2025-08-22T23:00:00Z,1.898,Trim 27.1 from 2025-07-01 onward
27.1,27.1,41.50541,-81.66791,2025-08-22T23:30:00Z,1.725,Trim 27.1 from 2025-07-01 onward
27.1,27.1,41.50541,-81.66791,2025-08-23T00:00:00Z,12.08,Trim 27.1 from 2025-07-01 onward
27.1,27.1,41.50541,-81.66791,2025-08-23T00:30:00Z,0.648,Trim 27.1 from 2025-07-01 onward
27.1,27.1,41.50541,-81.66791,2025-08-23T01:00:00Z,2.817,Trim 27.1 from 2025-07-01 onward
27.1,27.1,41.50541,-81.66791,2025-08-23T01:30:00Z,1.673,Trim 27.1 from 2025-07-01 onward
27.1,27.1,41.50541,-81.66791,2025-08-23T02:00:00Z,15.388,Trim 27.1 from 2025-07-01 onward
27.1,27.1,41.50541,-81.66791,2025-08-23T02:30:00Z,1.072,Trim 27.1 from 2025-07-01 onward
27.1,27.1,41.50541,-81.66791,2025-08-23T03:00:00Z,1.811,Trim 27.1 from 2025-07-01 onward
27.1,27.1,41.50541,-81.66791,2025-08-23T03:30:00Z,4.931,Trim 27.1 from 2025-07-01 onward
27.1,27.1,41.50541,-81.66791,2025-08-23T04:00:00Z,5.981,Trim 27.1 from 2025-07-01 onward
27.1,27.1,41.50541,-81.66791,2025-08-23T04:30:00Z,3.552,Trim 27.1 from 2025-07-01 onward
27.1,27.1,41.50541,-81.66791,2025-08-23T05:00:00Z,3.11,Trim 27.1 from 2025-07-01 onward
27.1,27.1,41.50541,-81.66791,2025-08-23T05:30:00Z,6.717,Trim 27.1 from 2025-07-01 onward
27.1,27.1,41.50541,-81.66791,2025-08-23T06:00:00Z,5.613,Trim 27.1 from 2025-07-01 onward
27.1,27.1,41.50541,-81.66791,2025-08-23T06:30:00Z,11.894,Trim 27.1 from 2025-07-01 onward
27.1,27.1,41.50541,-81.66791,2025-08-23T07:00:00Z,9.662,Trim 27.1 from 2025-07-01 onward
27.1,27.1,41.50541,-81.66791,2025-08-23T07:30:00Z,3.406,Trim 27.1 from 2025-07-01 onward
27.1,27.1,41.50541,-81.66791,2025-08-23T08:00:00Z,11.043,Trim 27.1 from 2025-07-01 onward
27.1,27.1,41.50541,-81.66791,2025-08-23T08:30:00Z,13.957,Trim 27.1 from 2025-07-01 onward
27.1,27.1,41.50541,-81.66791,2025-08-23T09:00:00Z,13.324,Trim 27.1 from 2025-07-01 onward
27.1,27.1,41.50541,-81.66791,2025-08-23T09:30:00Z,13.244,Trim 27.1 from 2025-07-01 onward
27.1,27.1,41.50541,-81.66791,2025-08-23T10:00:00Z,23.432,Trim 27.1 from 2025-07-01 onward
27.1,27.1,41.50541,-81.66791,2025-08-23T10:30:00Z,20.856,Trim 27.1 from 2025-07-01 onward
27.1,27.1,41.50541,-81.66791,2025-08-23T11:00:00Z,8.099,Trim 27.1 from 2025-07-01 onward
27.1,27.1,41.50541,-81.66791,2025-08-23T11:30:00Z,20.697,Trim 27.1 from 2025-07-01 onward
27.1,27.1,41.50541,-81.66791,2025-08-23T12:00:00Z,16.98,Trim 27.1 from 2025-07-01 onward
27.1,27.1,41.50541,-81.66791,2025-08-23T12:30:00Z,6.055,Trim 27.1 from 2025-07-01 onward
27.1,27.1,41.50541,-81.66791,2025-08-23T13:00:00Z,11.193,Trim 27.1 from 2025-07-01 onward
27.1,27.1,41.50541,-81.66791,2025-08-23T14:00:00Z,3.224,Trim 27.1 from 2025-07-01 onward
27.1,27.1,41.50541,-81.66791,2025-08-23T14:30:00Z,3.223,Trim 27.1 from 2025-07-01 onward
27.1,27.1,41.50541,-81.66791,2025-08-23T15:00:00Z,2.501,Trim 27.1 from 2025-07-01 onward
27.1,27.1,41.50541,-81.66791,2025-08-23T15:30:00Z,2.312,Trim 27.1 from 2025-07-01 onward
27.1,27.1,41.50541,-81.66791,2025-08-23T16:00:00Z,2.579,Trim 27.1 from 2025-07-01 onward
27.1,27.1,41.50541,-81.66791,2025-08-23T16:30:00Z,1.158,Trim 27.1 from 2025-07-01 onward
27.1,27.1,41.50541,-81.66791,2025-08-23T17:00:00Z,1.063,Trim 27.1 from 2025-07-01 onward
27.1,27.1,41.50541,-81.66791,2025-08-23T17:30:00Z,1.161,Trim 27.1 from 2025-07-01 onward
27.1,27.1,41.50541,-81.66791,2025-08-23T18:00:00Z,2.175,Trim 27.1 from 2025-07-01 onward
27.1,27.1,41.50541,-81.66791,2025-08-23T18:30:00Z,1.737,Trim 27.1 from 2025-07-01 onward
27.1,27.1,41.50541,-81.66791,2025-08-23T19:00:00Z,7.887,Trim 27.1 from 2025-07-01 onward
27.1,27.1,41.50541,-81.66791,2025-08-23T19:30:00Z,0.996,Trim 27.1 from 2025-07-01 onward
27.1,27.1,41.50541,-81.66791,2025-08-23T20:00:00Z,0.681,Trim 27.1 from 2025-07-01 onward
27.1,27.1,41.50541,-81.66791,2025-08-23T20:30:00Z,2.65,Trim 27.1 from 2025-07-01 onward
27.1,27.1,41.50541,-81.66791,2025-08-23T21:00:00Z,1.504,Trim 27.1 from 2025-07-01 onward
27.1,27.1,41.50541,-81.66791,2025-08-23T21:30:00Z,2.146,Trim 27.1 from 2025-07-01 onward
27.1,27.1,41.50541,-81.66791,2025-08-23T22:00:00Z,1.938,Trim 27.1 from 2025-07-01 onward
27.1,27.1,41.50541,-81.66791,2025-08-23T22:30:00Z,3.774,Trim 27.1 from 2025-07-01 onward
27.1,27.1,41.50541,-81.66791,2025-08-23T23:00:00Z,2.069,Trim 27.1 from 2025-07-01 onward
27.1,27.1,41.50541,-81.66791,2025-08-23T23:30:00Z,7.483,Trim 27.1 from 2025-07-01 onward
27.1,27.1,41.50541,-81.66791,2025-08-24T00:00:00Z,2.423,Trim 27.1 from 2025-07-01 onward
27.1,27.1,41.50541,-81.66791,2025-08-24T00:30:00Z,4.835,Trim 27.1 from 2025-07-01 onward
27.1,27.1,41.50541,-81.66791,2025-08-24T01:00:00Z,3.386,Trim 27.1 from 2025-07-01 onward
27.1,27.1,41.50541,-81.66791,2025-08-24T01:30:00Z,4.701,Trim 27.1 from 2025-07-01 onward
27.1,27.1,41.50541,-81.66791,2025-08-24T02:00:00Z,5.062,Trim 27.1 from 2025-07-01 onward
27.1,27.1,41.50541,-81.66791,2025-08-24T02:30:00Z,3.591,Trim 27.1 from 2025-07-01 onward
27.1,27.1,41.50541,-81.66791,2025-08-24T03:00:00Z,2.775,Trim 27.1 from 2025-07-01 onward
27.1,27.1,41.50541,-81.66791,2025-08-24T03:30:00Z,2.606,Trim 27.1 from 2025-07-01 onward
27.1,27.1,41.50541,-81.66791,2025-08-24T04:00:00Z,4.065,Trim 27.1 from 2025-07-01 onward
27.1,27.1,41.50541,-81.66791,2025-08-24T04:30:00Z,5.287,Trim 27.1 from 2025-07-01 onward
27.1,27.1,41.50541,-81.66791,2025-08-24T05:00:00Z,6.974,Trim 27.1 from 2025-07-01 onward
27.1,27.1,41.50541,-81.66791,2025-08-24T05:30:00Z,4.049,Trim 27.1 from 2025-07-01 onward
27.1,27.1,41.50541,-81.66791,2025-08-24T06:00:00Z,3.2,Trim 27.1 from 2025-07-01 onward
27.1,27.1,41.50541,-81.66791,2025-08-24T06:30:00Z,6.148,Trim 27.1 from 2025-07-01 onward
27.1,27.1,41.50541,-81.66791,2025-08-24T07:00:00Z,2.975,Trim 27.1 from 2025-07-01 onward
27.1,27.1,41.50541,-81.66791,2025-08-24T07:30:00Z,4.712,Trim 27.1 from 2025-07-01 onward
27.1,27.1,41.50541,-81.66791,2025-08-24T08:00:00Z,5.679,Trim 27.1 from 2025-07-01 onward
27.1,27.1,41.50541,-81.66791,2025-08-24T08:30:00Z,5.353,Trim 27.1 from 2025-07-01 onward
27.1,27.1,41.50541,-81.66791,2025-08-24T09:00:00Z,3.911,Trim 27.1 from 2025-07-01 onward
27.1,27.1,41.50541,-81.66791,2025-08-24T09:30:00Z,20.095,Trim 27.1 from 2025-07-01 onward
27.1,27.1,41.50541,-81.66791,2025-08-24T10:00:00Z,9.065,Trim 27.1 from 2025-07-01 onward
27.1,27.1,41.50541,-81.66791,2025-08-24T10:30:00Z,22.202,Trim 27.1 from 2025-07-01 onward
27.1,27.1,41.50541,-81.66791,2025-08-24T11:00:00Z,6.04,Trim 27.1 from 2025-07-01 onward
27.1,27.1,41.50541,-81.66791,2025-08-24T11:30:00Z,4.312,Trim 27.1 from 2025-07-01 onward
27.1,27.1,41.50541,-81.66791,2025-08-24T12:00:00Z,2.552,Trim 27.1 from 2025-07-01 onward
27.1,27.1,41.50541,-81.66791,2025-08-24T12:30:00Z,4.744,Trim 27.1 from 2025-07-01 onward
27.1,27.1,41.50541,-81.66791,2025-08-24T13:00:00Z,4.015,Trim 27.1 from 2025-07-01 onward
27.1,27.1,41.50541,-81.66791,2025-08-24T13:30:00Z,0.545,Trim 27.1 from 2025-07-01 onward
27.1,27.1,41.50541,-81.66791,2025-08-24T14:00:00Z,1.995,Trim 27.1 from 2025-07-01 onward
27.1,27.1,41.50541,-81.66791,2025-08-24T14:30:00Z,0.561,Trim 27.1 from 2025-07-01 onward
27.1,27.1,41.50541,-81.66791,2025-08-24T15:00:00Z,18.154,Trim 27.1 from 2025-07-01 onward
27.1,27.1,41.50541,-81.66791,2025-08-24T15:30:00Z,2.495,Trim 27.1 from 2025-07-01 onward
27.1,27.1,41.50541,-81.66791,2025-08-24T16:00:00Z,2.001,Trim 27.1 from 2025-07-01 onward
27.1,27.1,41.50541,-81.66791,2025-08-24T16:30:00Z,0.566,Trim 27.1 from 2025-07-01 onward
27.1,27.1,41.50541,-81.66791,2025-08-24T17:00:00Z,0.941,Trim 27.1 from 2025-07-01 onward
27.1,27.1,41.50541,-81.66791,2025-08-24T17:30:00Z,0.518,Trim 27.1 from 2025-07-01 onward
27.1,27.1,41.50541,-81.66791,2025-08-24T18:00:00Z,0.866,Trim 27.1 from 2025-07-01 onward
27.1,27.1,41.50541,-81.66791,2025-08-24T18:30:00Z,1.624,Trim 27.1 from 2025-07-01 onward
27.1,27.1,41.50541,-81.66791,2025-08-24T19:00:00Z,3.282,Trim 27.1 from 2025-07-01 onward
27.1,27.1,41.50541,-81.66791,2025-08-24T19:30:00Z,3.836,Trim 27.1 from 2025-07-01 onward
27.1,27.1,41.50541,-81.66791,2025-08-24T20:00:00Z,1.396,Trim 27.1 from 2025-07-01 onward
27.1,27.1,41.50541,-81.66791,2025-08-24T20:30:00Z,6.799,Trim 27.1 from 2025-07-01 onward
27.1,27.1,41.50541,-81.66791,2025-08-24T21:00:00Z,4.273,Trim 27.1 from 2025-07-01 onward
27.1,27.1,41.50541,-81.66791,2025-08-24T21:30:00Z,0.523,Trim 27.1 from 2025-07-01 onward
27.1,27.1,41.50541,-81.66791,2025-08-24T22:00:00Z,0.52,Trim 27.1 from 2025-07-01 onward
27.1,27.1,41.50541,-81.66791,2025-08-24T22:30:00Z,7.185,Trim 27.1 from 2025-07-01 onward
27.1,27.1,41.50541,-81.66791,2025-08-24T23:00:00Z,1.51,Trim 27.1 from 2025-07-01 onward
27.1,27.1,41.50541,-81.66791,2025-08-24T23:30:00Z,1.054,Trim 27.1 from 2025-07-01 onward
27.1,27.1,41.50541,-81.66791,2025-08-25T00:00:00Z,1.043,Trim 27.1 from 2025-07-01 onward
27.1,27.1,41.50541,-81.66791,2025-08-25T00:30:00Z,2.626,Trim 27.1 from 2025-07-01 onward
27.1,27.1,41.50541,-81.66791,2025-08-25T01:00:00Z,1.475,Trim 27.1 from 2025-07-01 onward
27.1,27.1,41.50541,-81.66791,2025-08-25T01:30:00Z,2.622,Trim 27.1 from 2025-07-01 onward
27.1,27.1,41.50541,-81.66791,2025-08-25T02:00:00Z,2.622,Trim 27.1 from 2025-07-01 onward
27.1,27.1,41.50541,-81.66791,2025-08-25T02:30:00Z,1.036,Trim 27.1 from 2025-07-01 onward
27.1,27.1,41.50541,-81.66791,2025-08-25T03:00:00Z,2.262,Trim 27.1 from 2025-07-01 onward
27.1,27.1,41.50541,-81.66791,2025-08-25T03:30:00Z,6.409,Trim 27.1 from 2025-07-01 onward
27.1,27.1,41.50541,-81.66791,2025-08-25T04:00:00Z,2.058,Trim 27.1 from 2025-07-01 onward
27.1,27.1,41.50541,-81.66791,2025-08-25T04:30:00Z,0.996,Trim 27.1 from 2025-07-01 onward
27.1,27.1,41.50541,-81.66791,2025-08-25T05:00:00Z,1.626,Trim 27.1 from 2025-07-01 onward
27.1,27.1,41.50541,-81.66791,2025-08-25T05:30:00Z,0.524,Trim 27.1 from 2025-07-01 onward
27.1,27.1,41.50541,-81.66791,2025-08-25T06:00:00Z,1.73,Trim 27.1 from 2025-07-01 onward
27.1,27.1,41.50541,-81.66791,2025-08-25T06:30:00Z,8.474,Trim 27.1 from 2025-07-01 onward
27.1,27.1,41.50541,-81.66791,2025-08-25T07:00:00Z,2.076,Trim 27.1 from 2025-07-01 onward
27.1,27.1,41.50541,-81.66791,2025-08-25T07:30:00Z,1.63,Trim 27.1 from 2025-07-01 onward
27.1,27.1,41.50541,-81.66791,2025-08-25T08:00:00Z,2.754,Trim 27.1 from 2025-07-01 onward
27.1,27.1,41.50541,-81.66791,2025-08-25T08:30:00Z,11.116,Trim 27.1 from 2025-07-01 onward
27.1,27.1,41.50541,-81.66791,2025-08-25T09:00:00Z,10.976,Trim 27.1 from 2025-07-01 onward
27.1,27.1,41.50541,-81.66791,2025-08-25T09:30:00Z,63.904,Trim 27.1 from 2025-07-01 onward
27.1,27.1,41.50541,-81.66791,2025-08-25T10:00:00Z,88.334,Trim 27.1 from 2025-07-01 onward
27.1,27.1,41.50541,-81.66791,2025-08-25T11:00:00Z,80.734,Trim 27.1 from 2025-07-01 onward
27.1,27.1,41.50541,-81.66791,2025-08-25T12:00:00Z,81.539,Trim 27.1 from 2025-07-01 onward
27.1,27.1,41.50541,-81.66791,2025-08-25T12:30:00Z,187.393,Trim 27.1 from 2025-07-01 onward
27.1,27.1,41.50541,-81.66791,2025-08-25T13:00:00Z,2.452,Trim 27.1 from 2025-07-01 onward
27.1,27.1,41.50541,-81.66791,2025-08-25T13:30:00Z,54.569,Trim 27.1 from 2025-07-01 onward
27.1,27.1,41.50541,-81.66791,2025-08-25T14:30:00Z,19.44,Trim 27.1 from 2025-07-01 onward
27.1,27.1,41.50541,-81.66791,2025-08-25T15:00:00Z,48.224,Trim 27.1 from 2025-07-01 onward
27.1,27.1,41.50541,-81.66791,2025-08-25T15:30:00Z,169.525,Trim 27.1 from 2025-07-01 onward
27.1,27.1,41.50541,-81.66791,2025-08-25T16:30:00Z,2.161,Trim 27.1 from 2025-07-01 onward
27.1,27.1,41.50541,-81.66791,2025-08-25T17:00:00Z,2.282,Trim 27.1 from 2025-07-01 onward
27.1,27.1,41.50541,-81.66791,2025-08-25T17:30:00Z,36.565,Trim 27.1 from 2025-07-01 onward
27.1,27.1,41.50541,-81.66791,2025-08-25T18:00:00Z,0,Trim 27.1 from 2025-07-01 onward
27.1,27.1,41.50541,-81.66791,2025-08-25T18:30:00Z,2.932,Trim 27.1 from 2025-07-01 onward
27.1,27.1,41.50541,-81.66791,2025-08-25T19:00:00Z,0.566,Trim 27.1 from 2025-07-01 onward
27.1,27.1,41.50541,-81.66791,2025-08-25T19:30:00Z,1.48,Trim 27.1 from 2025-07-01 onward
27.1,27.1,41.50541,-81.66791,2025-08-25T20:00:00Z,0.519,Trim 27.1 from 2025-07-01 onward
27.1,27.1,41.50541,-81.66791,2025-08-25T20:30:00Z,2.015,Trim 27.1 from 2025-07-01 onward
27.1,27.1,41.50541,-81.66791,2025-08-25T21:00:00Z,1.798,Trim 27.1 from 2025-07-01 onward
27.1,27.1,41.50541,-81.66791,2025-08-25T21:30:00Z,9.327,Trim 27.1 from 2025-07-01 onward
27.1,27.1,41.50541,-81.66791,2025-08-25T22:00:00Z,0.512,Trim 27.1 from 2025-07-01 onward
27.1,27.1,41.50541,-81.66791,2025-08-25T22:30:00Z,0.482,Trim 27.1 from 2025-07-01 onward
27.1,27.1,41.50541,-81.66791,2025-08-25T23:00:00Z,1.04,Trim 27.1 from 2025-07-01 onward
27.1,27.1,41.50541,-81.66791,2025-08-25T23:30:00Z,1.431,Trim 27.1 from 2025-07-01 onward
27.1,27.1,41.50541,-81.66791,2025-08-26T00:00:00Z,43.986,Trim 27.1 from 2025-07-01 onward
27.1,27.1,41.50541,-81.66791,2025-08-26T00:30:00Z,7.778,Trim 27.1 from 2025-07-01 onward
27.1,27.1,41.50541,-81.66791,2025-08-26T01:00:00Z,14.404,Trim 27.1 from 2025-07-01 onward
27.1,27.1,41.50541,-81.66791,2025-08-26T01:30:00Z,153.455,Trim 27.1 from 2025-07-01 onward
27.1,27.1,41.50541,-81.66791,2025-08-26T02:00:00Z,0.562,Trim 27.1 from 2025-07-01 onward
27.1,27.1,41.50541,-81.66791,2025-08-26T02:30:00Z,6.619,Trim 27.1 from 2025-07-01 onward
27.1,27.1,41.50541,-81.66791,2025-08-26T03:00:00Z,129.798,Trim 27.1 from 2025-07-01 onward
27.1,27.1,41.50541,-81.66791,2025-08-26T03:30:00Z,13.853,Trim 27.1 from 2025-07-01 onward
27.1,27.1,41.50541,-81.66791,2025-08-26T04:00:00Z,21.251,Trim 27.1 from 2025-07-01 onward
27.1,27.1,41.50541,-81.66791,2025-08-26T04:30:00Z,16.311,Trim 27.1 from 2025-07-01 onward
27.1,27.1,41.50541,-81.66791,2025-08-26T05:00:00Z,84.501,Trim 27.1 from 2025-07-01 onward
27.1,27.1,41.50541,-81.66791,2025-08-26T05:30:00Z,176.698,Trim 27.1 from 2025-07-01 onward
27.1,27.1,41.50541,-81.66791,2025-08-26T06:00:00Z,4.435,Trim 27.1 from 2025-07-01 onward
27.1,27.1,41.50541,-81.66791,2025-08-26T06:30:00Z,10.071,Trim 27.1 from 2025-07-01 onward
27.1,27.1,41.50541,-81.66791,2025-08-26T07:00:00Z,0.597,Trim 27.1 from 2025-07-01 onward
27.1,27.1,41.50541,-81.66791,2025-08-26T07:30:00Z,5.084,Trim 27.1 from 2025-07-01 onward
27.1,27.1,41.50541,-81.66791,2025-08-26T08:00:00Z,1.141,Trim 27.1 from 2025-07-01 onward
27.1,27.1,41.50541,-81.66791,2025-08-26T08:30:00Z,0.564,Trim 27.1 from 2025-07-01 onward
27.1,27.1,41.50541,-81.66791,2025-08-26T09:00:00Z,4.085,Trim 27.1 from 2025-07-01 onward
27.1,27.1,41.50541,-81.66791,2025-08-26T09:30:00Z,1.296,Trim 27.1 from 2025-07-01 onward
27.1,27.1,41.50541,-81.66791,2025-08-26T10:00:00Z,6.011,Trim 27.1 from 2025-07-01 onward
27.1,27.1,41.50541,-81.66791,2025-08-26T10:30:00Z,3.772,Trim 27.1 from 2025-07-01 onward
27.1,27.1,41.50541,-81.66791,2025-08-26T11:00:00Z,5.673,Trim 27.1 from 2025-07-01 onward
27.1,27.1,41.50541,-81.66791,2025-08-26T12:00:00Z,5.229,Trim 27.1 from 2025-07-01 onward
27.1,27.1,41.50541,-81.66791,2025-08-26T12:30:00Z,15.333,Trim 27.1 from 2025-07-01 onward
27.1,27.1,41.50541,-81.66791,2025-08-26T13:00:00Z,1.051,Trim 27.1 from 2025-07-01 onward
27.1,27.1,41.50541,-81.66791,2025-08-26T13:30:00Z,0.966,Trim 27.1 from 2025-07-01 onward
27.1,27.1,41.50541,-81.66791,2025-08-26T14:00:00Z,4.411,Trim 27.1 from 2025-07-01 onward
27.1,27.1,41.50541,-81.66791,2025-08-26T14:30:00Z,4.411,Trim 27.1 from 2025-07-01 onward
27.1,27.1,41.50541,-81.66791,2025-08-26T15:00:00Z,3.096,Trim 27.1 from 2025-07-01 onward
27.1,27.1,41.50541,-81.66791,2025-08-26T15:30:00Z,0.933,Trim 27.1 from 2025-07-01 onward
27.1,27.1,41.50541,-81.66791,2025-08-26T16:00:00Z,0.616,Trim 27.1 from 2025-07-01 onward
27.1,27.1,41.50541,-81.66791,2025-08-26T16:30:00Z,6.723,Trim 27.1 from 2025-07-01 onward
27.1,27.1,41.50541,-81.66791,2025-08-26T17:00:00Z,1.649,Trim 27.1 from 2025-07-01 onward
27.1,27.1,41.50541,-81.66791,2025-08-26T17:30:00Z,4.647,Trim 27.1 from 2025-07-01 onward
27.1,27.1,41.50541,-81.66791,2025-08-26T18:00:00Z,0.668,Trim 27.1 from 2025-07-01 onward
27.1,27.1,41.50541,-81.66791,2025-08-26T18:30:00Z,0.805,Trim 27.1 from 2025-07-01 onward
27.1,27.1,41.50541,-81.66791,2025-08-26T19:00:00Z,2.174,Trim 27.1 from 2025-07-01 onward
27.1,27.1,41.50541,-81.66791,2025-08-26T19:30:00Z,1.304,Trim 27.1 from 2025-07-01 onward
27.1,27.1,41.50541,-81.66791,2025-08-26T20:00:00Z,0.839,Trim 27.1 from 2025-07-01 onward
27.1,27.1,41.50541,-81.66791,2025-08-26T20:30:00Z,1.3,Trim 27.1 from 2025-07-01 onward
27.1,27.1,41.50541,-81.66791,2025-08-26T21:00:00Z,2.218,Trim 27.1 from 2025-07-01 onward
27.1,27.1,41.50541,-81.66791,2025-08-26T21:30:00Z,4.089,Trim 27.1 from 2025-07-01 onward
27.1,27.1,41.50541,-81.66791,2025-08-26T22:00:00Z,0.73,Trim 27.1 from 2025-07-01 onward
27.1,27.1,41.50541,-81.66791,2025-08-26T22:30:00Z,2.329,Trim 27.1 from 2025-07-01 onward
27.1,27.1,41.50541,-81.66791,2025-08-26T23:00:00Z,3.469,Trim 27.1 from 2025-07-01 onward
27.1,27.1,41.50541,-81.66791,2025-08-26T23:30:00Z,2.063,Trim 27.1 from 2025-07-01 onward
27.1,27.1,41.50541,-81.66791,2025-08-27T00:00:00Z,3.784,Trim 27.1 from 2025-07-01 onward
27.1,27.1,41.50541,-81.66791,2025-08-27T00:30:00Z,1.155,Trim 27.1 from 2025-07-01 onward
27.1,27.1,41.50541,-81.66791,2025-08-27T01:00:00Z,6.757,Trim 27.1 from 2025-07-01 onward
27.1,27.1,41.50541,-81.66791,2025-08-27T01:30:00Z,2.16,Trim 27.1 from 2025-07-01 onward
27.1,27.1,41.50541,-81.66791,2025-08-27T02:00:00Z,3.557,Trim 27.1 from 2025-07-01 onward
27.1,27.1,41.50541,-81.66791,2025-08-27T02:30:00Z,1.24,Trim 27.1 from 2025-07-01 onward
27.1,27.1,41.50541,-81.66791,2025-08-27T03:00:00Z,1.609,Trim 27.1 from 2025-07-01 onward
27.1,27.1,41.50541,-81.66791,2025-08-27T03:30:00Z,4.152,Trim 27.1 from 2025-07-01 onward
27.1,27.1,41.50541,-81.66791,2025-08-27T04:00:00Z,2.197,Trim 27.1 from 2025-07-01 onward
27.1,27.1,41.50541,-81.66791,2025-08-27T04:30:00Z,2.479,Trim 27.1 from 2025-07-01 onward
27.1,27.1,41.50541,-81.66791,2025-08-27T05:00:00Z,0.781,Trim 27.1 from 2025-07-01 onward
27.1,27.1,41.50541,-81.66791,2025-08-27T05:30:00Z,20.746,Trim 27.1 from 2025-07-01 onward
27.1,27.1,41.50541,-81.66791,2025-08-27T06:00:00Z,1.613,Trim 27.1 from 2025-07-01 onward
27.1,27.1,41.50541,-81.66791,2025-08-27T07:30:00Z,1.855,Trim 27.1 from 2025-07-01 onward
27.1,27.1,41.50541,-81.66791,2025-08-27T08:00:00Z,3.471,Trim 27.1 from 2025-07-01 onward
27.1,27.1,41.50541,-81.66791,2025-08-27T08:30:00Z,4.294,Trim 27.1 from 2025-07-01 onward
27.1,27.1,41.50541,-81.66791,2025-08-27T09:00:00Z,1.938,Trim 27.1 from 2025-07-01 onward
27.1,27.1,41.50541,-81.66791,2025-08-27T09:30:00Z,5.472,Trim 27.1 from 2025-07-01 onward
27.1,27.1,41.50541,-81.66791,2025-08-27T10:00:00Z,2.523,Trim 27.1 from 2025-07-01 onward
27.1,27.1,41.50541,-81.66791,2025-08-27T10:30:00Z,29.117,Trim 27.1 from 2025-07-01 onward
27.1,27.1,41.50541,-81.66791,2025-08-27T11:00:00Z,9.09,Trim 27.1 from 2025-07-01 onward
27.1,27.1,41.50541,-81.66791,2025-08-27T11:30:00Z,122.941,Trim 27.1 from 2025-07-01 onward
27.1,27.1,41.50541,-81.66791,2025-08-27T12:00:00Z,122.941,Trim 27.1 from 2025-07-01 onward
27.1,27.1,41.50541,-81.66791,2025-08-27T13:00:00Z,2.872,Trim 27.1 from 2025-07-01 onward
27.1,27.1,41.50541,-81.66791,2025-08-27T13:30:00Z,3.982,Trim 27.1 from 2025-07-01 onward
27.1,27.1,41.50541,-81.66791,2025-08-27T14:00:00Z,3.588,Trim 27.1 from 2025-07-01 onward
27.1,27.1,41.50541,-81.66791,2025-08-27T14:30:00Z,1.731,Trim 27.1 from 2025-07-01 onward
27.1,27.1,41.50541,-81.66791,2025-08-27T15:00:00Z,1.67,Trim 27.1 from 2025-07-01 onward
27.1,27.1,41.50541,-81.66791,2025-08-27T15:30:00Z,2.077,Trim 27.1 from 2025-07-01 onward
27.1,27.1,41.50541,-81.66791,2025-08-27T16:00:00Z,1.306,Trim 27.1 from 2025-07-01 onward
27.1,27.1,41.50541,-81.66791,2025-08-27T16:30:00Z,1.51,Trim 27.1 from 2025-07-01 onward
27.1,27.1,41.50541,-81.66791,2025-08-27T17:00:00Z,3.965,Trim 27.1 from 2025-07-01 onward
27.1,27.1,41.50541,-81.66791,2025-08-27T17:30:00Z,0.583,Trim 27.1 from 2025-07-01 onward
27.1,27.1,41.50541,-81.66791,2025-08-27T18:00:00Z,1.982,Trim 27.1 from 2025-07-01 onward
27.1,27.1,41.50541,-81.66791,2025-08-27T18:30:00Z,5.177,Trim 27.1 from 2025-07-01 onward
27.1,27.1,41.50541,-81.66791,2025-08-27T19:00:00Z,2.449,Trim 27.1 from 2025-07-01 onward
27.1,27.1,41.50541,-81.66791,2025-08-27T19:30:00Z,6.187,Trim 27.1 from 2025-07-01 onward
27.1,27.1,41.50541,-81.66791,2025-08-27T20:00:00Z,0.525,Trim 27.1 from 2025-07-01 onward
27.1,27.1,41.50541,-81.66791,2025-08-27T20:30:00Z,4.768,Trim 27.1 from 2025-07-01 onward
27.1,27.1,41.50541,-81.66791,2025-08-27T21:00:00Z,0.616,Trim 27.1 from 2025-07-01 onward
27.1,27.1,41.50541,-81.66791,2025-08-27T21:30:00Z,3.577,Trim 27.1 from 2025-07-01 onward
27.1,27.1,41.50541,-81.66791,2025-08-27T22:00:00Z,0.95,Trim 27.1 from 2025-07-01 onward
27.1,27.1,41.50541,-81.66791,2025-08-27T22:30:00Z,1.661,Trim 27.1 from 2025-07-01 onward
27.1,27.1,41.50541,-81.66791,2025-08-27T23:00:00Z,0.837,Trim 27.1 from 2025-07-01 onward
27.1,27.1,41.50541,-81.66791,2025-08-27T23:30:00Z,2.281,Trim 27.1 from 2025-07-01 onward
27.1,27.1,41.50541,-81.66791,2025-08-28T00:00:00Z,2.93,Trim 27.1 from 2025-07-01 onward
27.1,27.1,41.50541,-81.66791,2025-08-28T00:30:00Z,3.736,Trim 27.1 from 2025-07-01 onward
27.1,27.1,41.50541,-81.66791,2025-08-28T01:00:00Z,2.901,Trim 27.1 from 2025-07-01 onward
27.1,27.1,41.50541,-81.66791,2025-08-28T01:30:00Z,8.386,Trim 27.1 from 2025-07-01 onward
27.1,27.1,41.50541,-81.66791,2025-08-28T02:00:00Z,3.551,Trim 27.1 from 2025-07-01 onward
27.1,27.1,41.50541,-81.66791,2025-08-28T02:30:00Z,0.675,Trim 27.1 from 2025-07-01 onward
27.1,27.1,41.50541,-81.66791,2025-08-28T03:00:00Z,3.13,Trim 27.1 from 2025-07-01 onward
27.1,27.1,41.50541,-81.66791,2025-08-28T03:30:00Z,4.194,Trim 27.1 from 2025-07-01 onward
27.1,27.1,41.50541,-81.66791,2025-08-28T04:00:00Z,1.467,Trim 27.1 from 2025-07-01 onward
27.1,27.1,41.50541,-81.66791,2025-08-28T04:30:00Z,2.694,Trim 27.1 from 2025-07-01 onward
27.1,27.1,41.50541,-81.66791,2025-08-28T05:00:00Z,6.316,Trim 27.1 from 2025-07-01 onward
27.1,27.1,41.50541,-81.66791,2025-08-28T05:30:00Z,1.152,Trim 27.1 from 2025-07-01 onward
27.1,27.1,41.50541,-81.66791,2025-08-28T06:00:00Z,4.481,Trim 27.1 from 2025-07-01 onward
27.1,27.1,41.50541,-81.66791,2025-08-28T06:30:00Z,2.196,Trim 27.1 from 2025-07-01 onward
27.1,27.1,41.50541,-81.66791,2025-08-28T07:00:00Z,0.917,Trim 27.1 from 2025-07-01 onward
27.1,27.1,41.50541,-81.66791,2025-08-28T07:30:00Z,1.56,Trim 27.1 from 2025-07-01 onward
27.1,27.1,41.50541,-81.66791,2025-08-28T08:00:00Z,0.704,Trim 27.1 from 2025-07-01 onward
27.1,27.1,41.50541,-81.66791,2025-08-28T08:30:00Z,2.078,Trim 27.1 from 2025-07-01 onward
27.1,27.1,41.50541,-81.66791,2025-08-28T09:00:00Z,4.876,Trim 27.1 from 2025-07-01 onward
27.1,27.1,41.50541,-81.66791,2025-08-28T09:30:00Z,2.83,Trim 27.1 from 2025-07-01 onward
27.1,27.1,41.50541,-81.66791,2025-08-28T10:00:00Z,2.747,Trim 27.1 from 2025-07-01 onward
27.1,27.1,41.50541,-81.66791,2025-08-28T10:30:00Z,5.727,Trim 27.1 from 2025-07-01 onward
27.1,27.1,41.50541,-81.66791,2025-08-28T11:00:00Z,2.703,Trim 27.1 from 2025-07-01 onward
27.1,27.1,41.50541,-81.66791,2025-08-28T11:30:00Z,1.651,Trim 27.1 from 2025-07-01 onward
27.1,27.1,41.50541,-81.66791,2025-08-28T12:00:00Z,9.047,Trim 27.1 from 2025-07-01 onward
27.1,27.1,41.50541,-81.66791,2025-08-28T12:30:00Z,5.525,Trim 27.1 from 2025-07-01 onward
27.1,27.1,41.50541,-81.66791,2025-08-28T13:00:00Z,6.085,Trim 27.1 from 2025-07-01 onward
27.1,27.1,41.50541,-81.66791,2025-08-28T13:30:00Z,1.235,Trim 27.1 from 2025-07-01 onward
27.1,27.1,41.50541,-81.66791,2025-08-28T14:00:00Z,2.924,Trim 27.1 from 2025-07-01 onward
27.1,27.1,41.50541,-81.66791,2025-08-28T14:30:00Z,3.281,Trim 27.1 from 2025-07-01 onward
27.1,27.1,41.50541,-81.66791,2025-08-28T15:00:00Z,2.414,Trim 27.1 from 2025-07-01 onward
27.1,27.1,41.50541,-81.66791,2025-08-28T15:30:00Z,5.88,Trim 27.1 from 2025-07-01 onward
27.1,27.1,41.50541,-81.66791,2025-08-28T16:00:00Z,1.222,Trim 27.1 from 2025-07-01 onward
27.1,27.1,41.50541,-81.66791,2025-08-28T16:30:00Z,1.748,Trim 27.1 from 2025-07-01 onward
27.1,27.1,41.50541,-81.66791,2025-08-28T17:00:00Z,1.344,Trim 27.1 from 2025-07-01 onward
27.1,27.1,41.50541,-81.66791,2025-08-28T17:30:00Z,1.794,Trim 27.1 from 2025-07-01 onward
27.1,27.1,41.50541,-81.66791,2025-08-28T18:00:00Z,1.008,Trim 27.1 from 2025-07-01 onward
27.1,27.1,41.50541,-81.66791,2025-08-28T18:30:00Z,3.23,Trim 27.1 from 2025-07-01 onward
27.1,27.1,41.50541,-81.66791,2025-08-28T19:30:00Z,95.157,Trim 27.1 from 2025-07-01 onward
27.1,27.1,41.50541,-81.66791,2025-08-28T20:00:00Z,16.469,Trim 27.1 from 2025-07-01 onward
27.1,27.1,41.50541,-81.66791,2025-08-28T20:30:00Z,31.394,Trim 27.1 from 2025-07-01 onward
27.1,27.1,41.50541,-81.66791,2025-08-28T21:00:00Z,12.786,Trim 27.1 from 2025-07-01 onward
27.1,27.1,41.50541,-81.66791,2025-08-28T21:30:00Z,37.217,Trim 27.1 from 2025-07-01 onward
27.1,27.1,41.50541,-81.66791,2025-08-28T22:00:00Z,7.222,Trim 27.1 from 2025-07-01 onward
27.1,27.1,41.50541,-81.66791,2025-08-28T22:30:00Z,3.878,Trim 27.1 from 2025-07-01 onward
27.1,27.1,41.50541,-81.66791,2025-08-28T23:00:00Z,28.306,Trim 27.1 from 2025-07-01 onward
27.1,27.1,41.50541,-81.66791,2025-08-28T23:30:00Z,9.143,Trim 27.1 from 2025-07-01 onward
27.1,27.1,41.50541,-81.66791,2025-08-29T00:30:00Z,2.231,Trim 27.1 from 2025-07-01 onward
27.1,27.1,41.50541,-81.66791,2025-08-29T01:00:00Z,8.834,Trim 27.1 from 2025-07-01 onward
27.1,27.1,41.50541,-81.66791,2025-08-29T01:30:00Z,190.481,Trim 27.1 from 2025-07-01 onward
27.1,27.1,41.50541,-81.66791,2025-08-29T02:00:00Z,177.856,Trim 27.1 from 2025-07-01 onward
27.1,27.1,41.50541,-81.66791,2025-08-29T02:30:00Z,168.591,Trim 27.1 from 2025-07-01 onward
27.1,27.1,41.50541,-81.66791,2025-08-29T03:00:00Z,4.045,Trim 27.1 from 2025-07-01 onward
27.1,27.1,41.50541,-81.66791,2025-08-29T03:30:00Z,7.194,Trim 27.1 from 2025-07-01 onward
27.1,27.1,41.50541,-81.66791,2025-08-29T04:00:00Z,28.802,Trim 27.1 from 2025-07-01 onward
27.1,27.1,41.50541,-81.66791,2025-08-29T04:30:00Z,4.129,Trim 27.1 from 2025-07-01 onward
27.1,27.1,41.50541,-81.66791,2025-08-29T05:00:00Z,14.786,Trim 27.1 from 2025-07-01 onward
27.1,27.1,41.50541,-81.66791,2025-08-29T05:30:00Z,2.248,Trim 27.1 from 2025-07-01 onward
27.1,27.1,41.50541,-81.66791,2025-08-29T06:00:00Z,1.099,Trim 27.1 from 2025-07-01 onward
27.1,27.1,41.50541,-81.66791,2025-08-29T06:30:00Z,0.586,Trim 27.1 from 2025-07-01 onward
27.1,27.1,41.50541,-81.66791,2025-08-29T07:00:00Z,0.858,Trim 27.1 from 2025-07-01 onward
27.1,27.1,41.50541,-81.66791,2025-08-29T07:30:00Z,1.574,Trim 27.1 from 2025-07-01 onward
27.1,27.1,41.50541,-81.66791,2025-08-29T08:00:00Z,6.22,Trim 27.1 from 2025-07-01 onward
27.1,27.1,41.50541,-81.66791,2025-08-29T08:30:00Z,3.064,Trim 27.1 from 2025-07-01 onward
27.1,27.1,41.50541,-81.66791,2025-08-29T09:00:00Z,2.779,Trim 27.1 from 2025-07-01 onward
27.1,27.1,41.50541,-81.66791,2025-08-29T09:30:00Z,0.55,Trim 27.1 from 2025-07-01 onward
27.1,27.1,41.50541,-81.66791,2025-08-29T10:00:00Z,0.537,Trim 27.1 from 2025-07-01 onward
27.1,27.1,41.50541,-81.66791,2025-08-29T10:30:00Z,0.578,Trim 27.1 from 2025-07-01 onward
27.1,27.1,41.50541,-81.66791,2025-08-29T11:00:00Z,3.98,Trim 27.1 from 2025-07-01 onward
27.1,27.1,41.50541,-81.66791,2025-08-29T11:30:00Z,0.585,Trim 27.1 from 2025-07-01 onward
27.1,27.1,41.50541,-81.66791,2025-08-29T12:00:00Z,1.699,Trim 27.1 from 2025-07-01 onward
27.1,27.1,41.50541,-81.66791,2025-08-29T12:30:00Z,3.067,Trim 27.1 from 2025-07-01 onward
27.1,27.1,41.50541,-81.66791,2025-08-29T13:00:00Z,0.87,Trim 27.1 from 2025-07-01 onward
27.1,27.1,41.50541,-81.66791,2025-08-29T13:30:00Z,0.961,Trim 27.1 from 2025-07-01 onward
27.1,27.1,41.50541,-81.66791,2025-08-29T14:00:00Z,1.895,Trim 27.1 from 2025-07-01 onward
27.1,27.1,41.50541,-81.66791,2025-08-29T14:30:00Z,159.302,Trim 27.1 from 2025-07-01 onward
27.1,27.1,41.50541,-81.66791,2025-08-29T15:00:00Z,1.041,Trim 27.1 from 2025-07-01 onward
27.1,27.1,41.50541,-81.66791,2025-08-29T15:30:00Z,3.217,Trim 27.1 from 2025-07-01 onward
27.1,27.1,41.50541,-81.66791,2025-08-29T16:00:00Z,1.123,Trim 27.1 from 2025-07-01 onward
27.1,27.1,41.50541,-81.66791,2025-08-29T16:30:00Z,0.634,Trim 27.1 from 2025-07-01 onward
27.1,27.1,41.50541,-81.66791,2025-08-29T17:00:00Z,1.09,Trim 27.1 from 2025-07-01 onward
27.1,27.1,41.50541,-81.66791,2025-08-29T17:30:00Z,0.581,Trim 27.1 from 2025-07-01 onward
27.1,27.1,41.50541,-81.66791,2025-08-29T18:00:00Z,1.115,Trim 27.1 from 2025-07-01 onward
27.1,27.1,41.50541,-81.66791,2025-08-29T18:30:00Z,1.226,Trim 27.1 from 2025-07-01 onward
27.1,27.1,41.50541,-81.66791,2025-08-29T19:00:00Z,2.431,Trim 27.1 from 2025-07-01 onward
27.1,27.1,41.50541,-81.66791,2025-08-29T19:30:00Z,0.588,Trim 27.1 from 2025-07-01 onward
27.1,27.1,41.50541,-81.66791,2025-08-29T20:00:00Z,1.349,Trim 27.1 from 2025-07-01 onward
27.1,27.1,41.50541,-81.66791,2025-08-29T20:30:00Z,1.539,Trim 27.1 from 2025-07-01 onward
27.1,27.1,41.50541,-81.66791,2025-08-29T21:00:00Z,1.079,Trim 27.1 from 2025-07-01 onward
27.1,27.1,41.50541,-81.66791,2025-08-29T21:30:00Z,1.526,Trim 27.1 from 2025-07-01 onward
27.1,27.1,41.50541,-81.66791,2025-08-29T22:00:00Z,1.964,Trim 27.1 from 2025-07-01 onward
27.1,27.1,41.50541,-81.66791,2025-08-29T22:30:00Z,1.085,Trim 27.1 from 2025-07-01 onward
27.1,27.1,41.50541,-81.66791,2025-08-29T23:00:00Z,3.369,Trim 27.1 from 2025-07-01 onward
27.1,27.1,41.50541,-81.66791,2025-08-29T23:30:00Z,1.12,Trim 27.1 from 2025-07-01 onward
27.1,27.1,41.50541,-81.66791,2025-08-30T00:00:00Z,1.484,Trim 27.1 from 2025-07-01 onward
27.1,27.1,41.50541,-81.66791,2025-08-30T00:30:00Z,3.157,Trim 27.1 from 2025-07-01 onward
27.1,27.1,41.50541,-81.66791,2025-08-30T01:00:00Z,8.24,Trim 27.1 from 2025-07-01 onward
27.1,27.1,41.50541,-81.66791,2025-08-30T01:30:00Z,1.084,Trim 27.1 from 2025-07-01 onward
27.1,27.1,41.50541,-81.66791,2025-08-30T02:00:00Z,0.762,Trim 27.1 from 2025-07-01 onward
27.1,27.1,41.50541,-81.66791,2025-08-30T02:30:00Z,0.943,Trim 27.1 from 2025-07-01 onward
27.1,27.1,41.50541,-81.66791,2025-08-30T03:00:00Z,0.894,Trim 27.1 from 2025-07-01 onward
27.1,27.1,41.50541,-81.66791,2025-08-30T03:30:00Z,1.592,Trim 27.1 from 2025-07-01 onward
27.1,27.1,41.50541,-81.66791,2025-08-30T04:00:00Z,0.542,Trim 27.1 from 2025-07-01 onward
27.1,27.1,41.50541,-81.66791,2025-08-30T04:30:00Z,1.539,Trim 27.1 from 2025-07-01 onward
27.1,27.1,41.50541,-81.66791,2025-08-30T05:00:00Z,1.328,Trim 27.1 from 2025-07-01 onward
27.1,27.1,41.50541,-81.66791,2025-08-30T05:30:00Z,1.076,Trim 27.1 from 2025-07-01 onward
27.1,27.1,41.50541,-81.66791,2025-08-30T06:00:00Z,1.828,Trim 27.1 from 2025-07-01 onward
27.1,27.1,41.50541,-81.66791,2025-08-30T06:30:00Z,1.601,Trim 27.1 from 2025-07-01 onward
27.1,27.1,41.50541,-81.66791,2025-08-30T07:00:00Z,2.348,Trim 27.1 from 2025-07-01 onward
27.1,27.1,41.50541,-81.66791,2025-08-30T07:30:00Z,2.557,Trim 27.1 from 2025-07-01 onward
27.1,27.1,41.50541,-81.66791,2025-08-30T08:00:00Z,4.194,Trim 27.1 from 2025-07-01 onward
27.1,27.1,41.50541,-81.66791,2025-08-30T08:30:00Z,4.158,Trim 27.1 from 2025-07-01 onward
27.1,27.1,41.50541,-81.66791,2025-08-30T09:00:00Z,1.119,Trim 27.1 from 2025-07-01 onward
27.1,27.1,41.50541,-81.66791,2025-08-30T09:30:00Z,1.7,Trim 27.1 from 2025-07-01 onward
27.1,27.1,41.50541,-81.66791,2025-08-30T10:00:00Z,25.422,Trim 27.1 from 2025-07-01 onward
27.1,27.1,41.50541,-81.66791,2025-08-30T10:30:00Z,23.254,Trim 27.1 from 2025-07-01 onward
27.1,27.1,41.50541,-81.66791,2025-08-30T11:00:00Z,5.726,Trim 27.1 from 2025-07-01 onward
27.1,27.1,41.50541,-81.66791,2025-08-30T11:30:00Z,11.464,Trim 27.1 from 2025-07-01 onward
27.1,27.1,41.50541,-81.66791,2025-08-30T12:00:00Z,8.761,Trim 27.1 from 2025-07-01 onward
27.1,27.1,41.50541,-81.66791,2025-08-30T12:30:00Z,14.435,Trim 27.1 from 2025-07-01 onward
27.1,27.1,41.50541,-81.66791,2025-08-30T13:00:00Z,10.752,Trim 27.1 from 2025-07-01 onward
27.1,27.1,41.50541,-81.66791,2025-08-30T13:30:00Z,3.696,Trim 27.1 from 2025-07-01 onward
27.1,27.1,41.50541,-81.66791,2025-08-30T14:00:00Z,3.134,Trim 27.1 from 2025-07-01 onward
27.1,27.1,41.50541,-81.66791,2025-08-30T14:30:00Z,2.361,Trim 27.1 from 2025-07-01 onward
27.1,27.1,41.50541,-81.66791,2025-08-30T15:00:00Z,0.547,Trim 27.1 from 2025-07-01 onward
27.1,27.1,41.50541,-81.66791,2025-08-30T15:30:00Z,1.671,Trim 27.1 from 2025-07-01 onward
27.1,27.1,41.50541,-81.66791,2025-08-30T16:00:00Z,0.524,Trim 27.1 from 2025-07-01 onward
27.1,27.1,41.50541,-81.66791,2025-08-30T16:30:00Z,2.426,Trim 27.1 from 2025-07-01 onward
27.1,27.1,41.50541,-81.66791,2025-08-30T17:00:00Z,2.232,Trim 27.1 from 2025-07-01 onward
27.1,27.1,41.50541,-81.66791,2025-08-30T17:30:00Z,34.834,Trim 27.1 from 2025-07-01 onward
27.1,27.1,41.50541,-81.66791,2025-08-30T18:00:00Z,1.074,Trim 27.1 from 2025-07-01 onward
27.1,27.1,41.50541,-81.66791,2025-08-30T18:30:00Z,1.604,Trim 27.1 from 2025-07-01 onward
27.1,27.1,41.50541,-81.66791,2025-08-30T19:00:00Z,0.559,Trim 27.1 from 2025-07-01 onward
27.1,27.1,41.50541,-81.66791,2025-08-30T20:00:00Z,4.792,Trim 27.1 from 2025-07-01 onward
27.1,27.1,41.50541,-81.66791,2025-08-30T20:30:00Z,1.699,Trim 27.1 from 2025-07-01 onward
27.1,27.1,41.50541,-81.66791,2025-08-30T21:00:00Z,9.463,Trim 27.1 from 2025-07-01 onward
27.1,27.1,41.50541,-81.66791,2025-08-30T21:30:00Z,1.736,Trim 27.1 from 2025-07-01 onward
27.1,27.1,41.50541,-81.66791,2025-08-30T22:00:00Z,5.659,Trim 27.1 from 2025-07-01 onward
27.1,27.1,41.50541,-81.66791,2025-08-30T22:30:00Z,2.221,Trim 27.1 from 2025-07-01 onward
27.1,27.1,41.50541,-81.66791,2025-08-30T23:00:00Z,1.521,Trim 27.1 from 2025-07-01 onward
27.1,27.1,41.50541,-81.66791,2025-08-30T23:30:00Z,2.911,Trim 27.1 from 2025-07-01 onward
27.1,27.1,41.50541,-81.66791,2025-08-31T00:00:00Z,0.87,Trim 27.1 from 2025-07-01 onward
27.1,27.1,41.50541,-81.66791,2025-08-31T00:30:00Z,2.034,Trim 27.1 from 2025-07-01 onward
27.1,27.1,41.50541,-81.66791,2025-08-31T01:00:00Z,0.61,Trim 27.1 from 2025-07-01 onward
27.1,27.1,41.50541,-81.66791,2025-08-31T01:30:00Z,3.033,Trim 27.1 from 2025-07-01 onward
27.1,27.1,41.50541,-81.66791,2025-08-31T02:00:00Z,2.967,Trim 27.1 from 2025-07-01 onward
27.1,27.1,41.50541,-81.66791,2025-08-31T02:30:00Z,0.662,Trim 27.1 from 2025-07-01 onward
27.1,27.1,41.50541,-81.66791,2025-08-31T03:00:00Z,17.427,Trim 27.1 from 2025-07-01 onward
27.1,27.1,41.50541,-81.66791,2025-08-31T03:30:00Z,2.577,Trim 27.1 from 2025-07-01 onward
27.1,27.1,41.50541,-81.66791,2025-08-31T04:00:00Z,7.591,Trim 27.1 from 2025-07-01 onward
27.1,27.1,41.50541,-81.66791,2025-08-31T04:30:00Z,2.437,Trim 27.1 from 2025-07-01 onward
27.1,27.1,41.50541,-81.66791,2025-08-31T05:00:00Z,4.305,Trim 27.1 from 2025-07-01 onward
27.1,27.1,41.50541,-81.66791,2025-08-31T05:30:00Z,25.864,Trim 27.1 from 2025-07-01 onward
27.1,27.1,41.50541,-81.66791,2025-08-31T06:00:00Z,199.93,Trim 27.1 from 2025-07-01 onward
27.1,27.1,41.50541,-81.66791,2025-08-31T06:30:00Z,5.223,Trim 27.1 from 2025-07-01 onward
27.1,27.1,41.50541,-81.66791,2025-08-31T07:00:00Z,5.58,Trim 27.1 from 2025-07-01 onward
27.1,27.1,41.50541,-81.66791,2025-08-31T07:30:00Z,5.973,Trim 27.1 from 2025-07-01 onward
27.1,27.1,41.50541,-81.66791,2025-08-31T08:00:00Z,5.199,Trim 27.1 from 2025-07-01 onward
27.1,27.1,41.50541,-81.66791,2025-08-31T08:30:00Z,3.585,Trim 27.1 from 2025-07-01 onward
27.1,27.1,41.50541,-81.66791,2025-08-31T09:00:00Z,9.051,Trim 27.1 from 2025-07-01 onward
27.1,27.1,41.50541,-81.66791,2025-08-31T09:30:00Z,9.051,Trim 27.1 from 2025-07-01 onward
27.1,27.1,41.50541,-81.66791,2025-08-31T10:00:00Z,1.926,Trim 27.1 from 2025-07-01 onward
27.1,27.1,41.50541,-81.66791,2025-08-31T10:30:00Z,2.066,Trim 27.1 from 2025-07-01 onward
27.1,27.1,41.50541,-81.66791,2025-08-31T11:00:00Z,6.454,Trim 27.1 from 2025-07-01 onward
27.1,27.1,41.50541,-81.66791,2025-08-31T11:30:00Z,4.778,Trim 27.1 from 2025-07-01 onward
27.1,27.1,41.50541,-81.66791,2025-08-31T12:00:00Z,3.684,Trim 27.1 from 2025-07-01 onward
27.1,27.1,41.50541,-81.66791,2025-08-31T12:30:00Z,4.023,Trim 27.1 from 2025-07-01 onward
27.1,27.1,41.50541,-81.66791,2025-08-31T13:00:00Z,2.267,Trim 27.1 from 2025-07-01 onward
27.1,27.1,41.50541,-81.66791,2025-08-31T13:30:00Z,3.251,Trim 27.1 from 2025-07-01 onward
27.1,27.1,41.50541,-81.66791,2025-08-31T14:00:00Z,1.544,Trim 27.1 from 2025-07-01 onward
27.1,27.1,41.50541,-81.66791,2025-08-31T14:30:00Z,1.15,Trim 27.1 from 2025-07-01 onward
27.1,27.1,41.50541,-81.66791,2025-08-31T15:00:00Z,2.532,Trim 27.1 from 2025-07-01 onward
27.1,27.1,41.50541,-81.66791,2025-08-31T15:30:00Z,3.275,Trim 27.1 from 2025-07-01 onward
27.1,27.1,41.50541,-81.66791,2025-08-31T16:00:00Z,1.109,Trim 27.1 from 2025-07-01 onward
27.1,27.1,41.50541,-81.66791,2025-08-31T16:30:00Z,1.389,Trim 27.1 from 2025-07-01 onward
27.1,27.1,41.50541,-81.66791,2025-08-31T17:00:00Z,1.171,Trim 27.1 from 2025-07-01 onward
27.1,27.1,41.50541,-81.66791,2025-08-31T17:30:00Z,1.128,Trim 27.1 from 2025-07-01 onward
27.1,27.1,41.50541,-81.66791,2025-08-31T18:00:00Z,2.806,Trim 27.1 from 2025-07-01 onward
27.1,27.1,41.50541,-81.66791,2025-08-31T18:30:00Z,0.794,Trim 27.1 from 2025-07-01 onward
27.1,27.1,41.50541,-81.66791,2025-08-31T19:00:00Z,1.723,Trim 27.1 from 2025-07-01 onward
27.1,27.1,41.50541,-81.66791,2025-08-31T19:30:00Z,2.385,Trim 27.1 from 2025-07-01 onward
27.1,27.1,41.50541,-81.66791,2025-08-31T20:00:00Z,1.666,Trim 27.1 from 2025-07-01 onward
27.1,27.1,41.50541,-81.66791,2025-08-31T20:30:00Z,2.288,Trim 27.1 from 2025-07-01 onward
27.1,27.1,41.50541,-81.66791,2025-08-31T21:00:00Z,4.999,Trim 27.1 from 2025-07-01 onward
27.1,27.1,41.50541,-81.66791,2025-08-31T21:30:00Z,4.999,Trim 27.1 from 2025-07-01 onward
27.1,27.1,41.50541,-81.66791,2025-08-31T22:00:00Z,3.037,Trim 27.1 from 2025-07-01 onward
27.1,27.1,41.50541,-81.66791,2025-08-31T22:30:00Z,3.182,Trim 27.1 from 2025-07-01 onward
27.1,27.1,41.50541,-81.66791,2025-08-31T23:00:00Z,36.261,Trim 27.1 from 2025-07-01 onward
27.1,27.1,41.50541,-81.66791,2025-08-31T23:30:00Z,2.797,Trim 27.1 from 2025-07-01 onward
27.1,27.1,41.50541,-81.66791,2025-09-01T00:00:00Z,4.317,Trim 27.1 from 2025-07-01 onward
27.1,27.1,41.50541,-81.66791,2025-09-01T01:00:00Z,2.783,Trim 27.1 from 2025-07-01 onward
27.1,27.1,41.50541,-81.66791,2025-09-01T01:30:00Z,6.263,Trim 27.1 from 2025-07-01 onward
27.1,27.1,41.50541,-81.66791,2025-09-01T02:00:00Z,4.951,Trim 27.1 from 2025-07-01 onward
27.1,27.1,41.50541,-81.66791,2025-09-01T02:30:00Z,3.169,Trim 27.1 from 2025-07-01 onward
27.1,27.1,41.50541,-81.66791,2025-09-01T03:00:00Z,4.658,Trim 27.1 from 2025-07-01 onward
27.1,27.1,41.50541,-81.66791,2025-09-01T03:30:00Z,6.725,Trim 27.1 from 2025-07-01 onward
27.1,27.1,41.50541,-81.66791,2025-09-01T04:00:00Z,2.027,Trim 27.1 from 2025-07-01 onward
27.1,27.1,41.50541,-81.66791,2025-09-01T04:30:00Z,5.346,Trim 27.1 from 2025-07-01 onward
27.1,27.1,41.50541,-81.66791,2025-09-01T05:00:00Z,1.596,Trim 27.1 from 2025-07-01 onward
27.1,27.1,41.50541,-81.66791,2025-09-01T05:30:00Z,1.223,Trim 27.1 from 2025-07-01 onward
27.1,27.1,41.50541,-81.66791,2025-09-01T06:00:00Z,3.753,Trim 27.1 from 2025-07-01 onward
27.1,27.1,41.50541,-81.66791,2025-09-01T06:30:00Z,3.819,Trim 27.1 from 2025-07-01 onward
27.1,27.1,41.50541,-81.66791,2025-09-01T07:00:00Z,1.21,Trim 27.1 from 2025-07-01 onward
27.1,27.1,41.50541,-81.66791,2025-09-01T07:30:00Z,3.803,Trim 27.1 from 2025-07-01 onward
27.1,27.1,41.50541,-81.66791,2025-09-01T08:00:00Z,6.087,Trim 27.1 from 2025-07-01 onward
27.1,27.1,41.50541,-81.66791,2025-09-01T08:30:00Z,6.698,Trim 27.1 from 2025-07-01 onward
27.1,27.1,41.50541,-81.66791,2025-09-01T09:00:00Z,2.086,Trim 27.1 from 2025-07-01 onward
27.1,27.1,41.50541,-81.66791,2025-09-01T09:30:00Z,1.24,Trim 27.1 from 2025-07-01 onward
27.1,27.1,41.50541,-81.66791,2025-09-01T10:00:00Z,1.955,Trim 27.1 from 2025-07-01 onward
27.1,27.1,41.50541,-81.66791,2025-09-01T10:30:00Z,6.429,Trim 27.1 from 2025-07-01 onward
27.1,27.1,41.50541,-81.66791,2025-09-01T11:00:00Z,2.369,Trim 27.1 from 2025-07-01 onward
27.1,27.1,41.50541,-81.66791,2025-09-01T11:30:00Z,2.06,Trim 27.1 from 2025-07-01 onward
27.1,27.1,41.50541,-81.66791,2025-09-01T12:00:00Z,2.737,Trim 27.1 from 2025-07-01 onward
27.1,27.1,41.50541,-81.66791,2025-09-01T12:30:00Z,2.073,Trim 27.1 from 2025-07-01 onward
27.1,27.1,41.50541,-81.66791,2025-09-01T13:00:00Z,3.089,Trim 27.1 from 2025-07-01 onward
27.1,27.1,41.50541,-81.66791,2025-09-01T13:30:00Z,2.308,Trim 27.1 from 2025-07-01 onward
27.1,27.1,41.50541,-81.66791,2025-09-01T14:00:00Z,2.503,Trim 27.1 from 2025-07-01 onward
27.1,27.1,41.50541,-81.66791,2025-09-01T14:30:00Z,2.209,Trim 27.1 from 2025-07-01 onward
27.1,27.1,41.50541,-81.66791,2025-09-01T15:30:00Z,0.706,Trim 27.1 from 2025-07-01 onward
27.1,27.1,41.50541,-81.66791,2025-09-01T16:00:00Z,1.484,Trim 27.1 from 2025-07-01 onward
27.1,27.1,41.50541,-81.66791,2025-09-01T16:30:00Z,2.239,Trim 27.1 from 2025-07-01 onward
27.1,27.1,41.50541,-81.66791,2025-09-01T17:00:00Z,2.024,Trim 27.1 from 2025-07-01 onward
27.1,27.1,41.50541,-81.66791,2025-09-01T17:30:00Z,0.958,Trim 27.1 from 2025-07-01 onward
27.1,27.1,41.50541,-81.66791,2025-09-01T18:00:00Z,1.667,Trim 27.1 from 2025-07-01 onward
27.1,27.1,41.50541,-81.66791,2025-09-01T18:30:00Z,2.132,Trim 27.1 from 2025-07-01 onward
27.1,27.1,41.50541,-81.66791,2025-09-01T19:00:00Z,0.906,Trim 27.1 from 2025-07-01 onward
27.1,27.1,41.50541,-81.66791,2025-09-01T19:30:00Z,1.197,Trim 27.1 from 2025-07-01 onward
27.1,27.1,41.50541,-81.66791,2025-09-01T20:00:00Z,6.07,Trim 27.1 from 2025-07-01 onward
27.1,27.1,41.50541,-81.66791,2025-09-01T20:30:00Z,1.058,Trim 27.1 from 2025-07-01 onward
27.1,27.1,41.50541,-81.66791,2025-09-01T21:00:00Z,2.131,Trim 27.1 from 2025-07-01 onward
27.1,27.1,41.50541,-81.66791,2025-09-01T21:30:00Z,1.339,Trim 27.1 from 2025-07-01 onward
27.1,27.1,41.50541,-81.66791,2025-09-01T22:00:00Z,3.742,Trim 27.1 from 2025-07-01 onward
27.1,27.1,41.50541,-81.66791,2025-09-01T22:30:00Z,3.325,Trim 27.1 from 2025-07-01 onward
27.1,27.1,41.50541,-81.66791,2025-09-01T23:00:00Z,3.745,Trim 27.1 from 2025-07-01 onward
27.1,27.1,41.50541,-81.66791,2025-09-01T23:30:00Z,2.647,Trim 27.1 from 2025-07-01 onward
27.1,27.1,41.50541,-81.66791,2025-09-02T00:00:00Z,1.581,Trim 27.1 from 2025-07-01 onward
27.1,27.1,41.50541,-81.66791,2025-09-02T00:30:00Z,1.731,Trim 27.1 from 2025-07-01 onward
27.1,27.1,41.50541,-81.66791,2025-09-02T01:00:00Z,3.571,Trim 27.1 from 2025-07-01 onward
27.1,27.1,41.50541,-81.66791,2025-09-02T01:30:00Z,2.131,Trim 27.1 from 2025-07-01 onward
27.1,27.1,41.50541,-81.66791,2025-09-02T02:00:00Z,1.396,Trim 27.1 from 2025-07-01 onward
27.1,27.1,41.50541,-81.66791,2025-09-02T02:30:00Z,1.594,Trim 27.1 from 2025-07-01 onward
27.1,27.1,41.50541,-81.66791,2025-09-02T03:00:00Z,1.184,Trim 27.1 from 2025-07-01 onward
27.1,27.1,41.50541,-81.66791,2025-09-02T03:30:00Z,1.166,Trim 27.1 from 2025-07-01 onward
27.1,27.1,41.50541,-81.66791,2025-09-02T04:00:00Z,0.685,Trim 27.1 from 2025-07-01 onward
27.1,27.1,41.50541,-81.66791,2025-09-02T04:30:00Z,6.321,Trim 27.1 from 2025-07-01 onward
27.1,27.1,41.50541,-81.66791,2025-09-02T05:00:00Z,3.41,Trim 27.1 from 2025-07-01 onward
27.1,27.1,41.50541,-81.66791,2025-09-02T05:30:00Z,2.215,Trim 27.1 from 2025-07-01 onward
27.1,27.1,41.50541,-81.66791,2025-09-02T06:00:00Z,1.137,Trim 27.1 from 2025-07-01 onward
27.1,27.1,41.50541,-81.66791,2025-09-02T06:30:00Z,2.248,Trim 27.1 from 2025-07-01 onward
27.1,27.1,41.50541,-81.66791,2025-09-02T07:00:00Z,2.325,Trim 27.1 from 2025-07-01 onward
27.1,27.1,41.50541,-81.66791,2025-09-02T07:30:00Z,1.725,Trim 27.1 from 2025-07-01 onward
27.1,27.1,41.50541,-81.66791,2025-09-02T08:00:00Z,1.233,Trim 27.1 from 2025-07-01 onward
27.1,27.1,41.50541,-81.66791,2025-09-02T08:30:00Z,1.991,Trim 27.1 from 2025-07-01 onward
27.1,27.1,41.50541,-81.66791,2025-09-02T09:00:00Z,2.132,Trim 27.1 from 2025-07-01 onward
27.1,27.1,41.50541,-81.66791,2025-09-02T09:30:00Z,2.073,Trim 27.1 from 2025-07-01 onward
27.1,27.1,41.50541,-81.66791,2025-09-02T10:00:00Z,2.376,Trim 27.1 from 2025-07-01 onward
27.1,27.1,41.50541,-81.66791,2025-09-02T10:30:00Z,3.416,Trim 27.1 from 2025-07-01 onward
27.1,27.1,41.50541,-81.66791,2025-09-02T11:00:00Z,6.126,Trim 27.1 from 2025-07-01 onward
27.1,27.1,41.50541,-81.66791,2025-09-02T11:30:00Z,10.042,Trim 27.1 from 2025-07-01 onward
27.1,27.1,41.50541,-81.66791,2025-09-02T12:00:00Z,41.319,Trim 27.1 from 2025-07-01 onward
27.1,27.1,41.50541,-81.66791,2025-09-02T12:30:00Z,70.043,Trim 27.1 from 2025-07-01 onward
27.1,27.1,41.50541,-81.66791,2025-09-02T13:00:00Z,2.716,Trim 27.1 from 2025-07-01 onward
27.1,27.1,41.50541,-81.66791,2025-09-02T13:30:00Z,2.052,Trim 27.1 from 2025-07-01 onward
27.1,27.1,41.50541,-81.66791,2025-09-02T14:30:00Z,1.267,Trim 27.1 from 2025-07-01 onward
27.1,27.1,41.50541,-81.66791,2025-09-02T15:00:00Z,4.087,Trim 27.1 from 2025-07-01 onward
27.1,27.1,41.50541,-81.66791,2025-09-02T15:30:00Z,4.699,Trim 27.1 from 2025-07-01 onward
27.1,27.1,41.50541,-81.66791,2025-09-02T16:00:00Z,2.881,Trim 27.1 from 2025-07-01 onward
27.1,27.1,41.50541,-81.66791,2025-09-02T16:30:00Z,2.16,Trim 27.1 from 2025-07-01 onward
27.1,27.1,41.50541,-81.66791,2025-09-02T17:00:00Z,2.349,Trim 27.1 from 2025-07-01 onward
27.1,27.1,41.50541,-81.66791,2025-09-02T17:30:00Z,10.839,Trim 27.1 from 2025-07-01 onward
27.1,27.1,41.50541,-81.66791,2025-09-02T18:00:00Z,4.256,Trim 27.1 from 2025-07-01 onward
27.1,27.1,41.50541,-81.66791,2025-09-02T18:30:00Z,1.635,Trim 27.1 from 2025-07-01 onward
27.1,27.1,41.50541,-81.66791,2025-09-02T19:00:00Z,3.647,Trim 27.1 from 2025-07-01 onward
27.1,27.1,41.50541,-81.66791,2025-09-02T19:30:00Z,1.048,Trim 27.1 from 2025-07-01 onward
27.1,27.1,41.50541,-81.66791,2025-09-02T20:00:00Z,2.697,Trim 27.1 from 2025-07-01 onward
27.1,27.1,41.50541,-81.66791,2025-09-02T20:30:00Z,4.354,Trim 27.1 from 2025-07-01 onward
27.1,27.1,41.50541,-81.66791,2025-09-02T21:00:00Z,1.097,Trim 27.1 from 2025-07-01 onward
27.1,27.1,41.50541,-81.66791,2025-09-02T21:30:00Z,0.922,Trim 27.1 from 2025-07-01 onward
27.1,27.1,41.50541,-81.66791,2025-09-02T22:00:00Z,1.603,Trim 27.1 from 2025-07-01 onward
27.1,27.1,41.50541,-81.66791,2025-09-02T22:30:00Z,1.245,Trim 27.1 from 2025-07-01 onward
27.1,27.1,41.50541,-81.66791,2025-09-02T23:00:00Z,1.119,Trim 27.1 from 2025-07-01 onward
27.1,27.1,41.50541,-81.66791,2025-09-02T23:30:00Z,1.232,Trim 27.1 from 2025-07-01 onward
27.1,27.1,41.50541,-81.66791,2025-09-03T00:00:00Z,3.011,Trim 27.1 from 2025-07-01 onward
27.1,27.1,41.50541,-81.66791,2025-09-03T00:30:00Z,1.855,Trim 27.1 from 2025-07-01 onward
27.1,27.1,41.50541,-81.66791,2025-09-03T01:00:00Z,5.485,Trim 27.1 from 2025-07-01 onward
27.1,27.1,41.50541,-81.66791,2025-09-03T01:30:00Z,2.472,Trim 27.1 from 2025-07-01 onward
27.1,27.1,41.50541,-81.66791,2025-09-03T02:00:00Z,1.493,Trim 27.1 from 2025-07-01 onward
27.1,27.1,41.50541,-81.66791,2025-09-03T02:30:00Z,2.089,Trim 27.1 from 2025-07-01 onward
27.1,27.1,41.50541,-81.66791,2025-09-03T03:00:00Z,0.801,Trim 27.1 from 2025-07-01 onward
27.1,27.1,41.50541,-81.66791,2025-09-03T03:30:00Z,1.586,Trim 27.1 from 2025-07-01 onward
27.1,27.1,41.50541,-81.66791,2025-09-03T04:00:00Z,1.296,Trim 27.1 from 2025-07-01 onward
27.1,27.1,41.50541,-81.66791,2025-09-03T04:30:00Z,3.659,Trim 27.1 from 2025-07-01 onward
27.1,27.1,41.50541,-81.66791,2025-09-03T05:00:00Z,9.524,Trim 27.1 from 2025-07-01 onward
27.1,27.1,41.50541,-81.66791,2025-09-03T05:30:00Z,3.22,Trim 27.1 from 2025-07-01 onward
27.1,27.1,41.50541,-81.66791,2025-09-03T06:00:00Z,3.807,Trim 27.1 from 2025-07-01 onward
27.1,27.1,41.50541,-81.66791,2025-09-03T06:30:00Z,2.632,Trim 27.1 from 2025-07-01 onward
27.1,27.1,41.50541,-81.66791,2025-09-03T07:00:00Z,5.952,Trim 27.1 from 2025-07-01 onward
27.1,27.1,41.50541,-81.66791,2025-09-03T07:30:00Z,6.002,Trim 27.1 from 2025-07-01 onward
27.1,27.1,41.50541,-81.66791,2025-09-03T08:00:00Z,4.118,Trim 27.1 from 2025-07-01 onward
27.1,27.1,41.50541,-81.66791,2025-09-03T08:30:00Z,3.493,Trim 27.1 from 2025-07-01 onward
27.1,27.1,41.50541,-81.66791,2025-09-03T09:00:00Z,5.203,Trim 27.1 from 2025-07-01 onward
27.1,27.1,41.50541,-81.66791,2025-09-03T09:30:00Z,3.483,Trim 27.1 from 2025-07-01 onward
27.1,27.1,41.50541,-81.66791,2025-09-03T10:00:00Z,3.791,Trim 27.1 from 2025-07-01 onward
27.1,27.1,41.50541,-81.66791,2025-09-03T10:30:00Z,5.914,Trim 27.1 from 2025-07-01 onward
27.1,27.1,41.50541,-81.66791,2025-09-03T11:00:00Z,4.983,Trim 27.1 from 2025-07-01 onward
27.1,27.1,41.50541,-81.66791,2025-09-03T11:30:00Z,5.518,Trim 27.1 from 2025-07-01 onward
27.1,27.1,41.50541,-81.66791,2025-09-03T12:00:00Z,1.978,Trim 27.1 from 2025-07-01 onward
27.1,27.1,41.50541,-81.66791,2025-09-03T12:30:00Z,35.164,Trim 27.1 from 2025-07-01 onward
27.1,27.1,41.50541,-81.66791,2025-09-03T13:00:00Z,2.272,Trim 27.1 from 2025-07-01 onward
27.1,27.1,41.50541,-81.66791,2025-09-03T13:30:00Z,2.353,Trim 27.1 from 2025-07-01 onward
27.1,27.1,41.50541,-81.66791,2025-09-03T14:00:00Z,4.549,Trim 27.1 from 2025-07-01 onward
27.1,27.1,41.50541,-81.66791,2025-09-03T14:30:00Z,8.958,Trim 27.1 from 2025-07-01 onward
27.1,27.1,41.50541,-81.66791,2025-09-03T15:00:00Z,2.163,Trim 27.1 from 2025-07-01 onward
27.1,27.1,41.50541,-81.66791,2025-09-03T15:30:00Z,1.105,Trim 27.1 from 2025-07-01 onward
27.1,27.1,41.50541,-81.66791,2025-09-03T16:00:00Z,2.499,Trim 27.1 from 2025-07-01 onward
27.1,27.1,41.50541,-81.66791,2025-09-03T16:30:00Z,1.551,Trim 27.1 from 2025-07-01 onward
27.1,27.1,41.50541,-81.66791,2025-09-03T17:00:00Z,5.481,Trim 27.1 from 2025-07-01 onward
27.1,27.1,41.50541,-81.66791,2025-09-03T17:30:00Z,1.101,Trim 27.1 from 2025-07-01 onward
27.1,27.1,41.50541,-81.66791,2025-09-03T18:00:00Z,0.882,Trim 27.1 from 2025-07-01 onward
27.1,27.1,41.50541,-81.66791,2025-09-03T19:00:00Z,0.695,Trim 27.1 from 2025-07-01 onward
27.1,27.1,41.50541,-81.66791,2025-09-03T19:30:00Z,4.021,Trim 27.1 from 2025-07-01 onward
27.1,27.1,41.50541,-81.66791,2025-09-03T20:00:00Z,6.554,Trim 27.1 from 2025-07-01 onward
27.1,27.1,41.50541,-81.66791,2025-09-03T20:30:00Z,1.171,Trim 27.1 from 2025-07-01 onward
27.1,27.1,41.50541,-81.66791,2025-09-03T21:00:00Z,1.755,Trim 27.1 from 2025-07-01 onward
27.1,27.1,41.50541,-81.66791,2025-09-03T21:30:00Z,1.147,Trim 27.1 from 2025-07-01 onward
27.1,27.1,41.50541,-81.66791,2025-09-03T22:00:00Z,1.911,Trim 27.1 from 2025-07-01 onward
27.1,27.1,41.50541,-81.66791,2025-09-03T22:30:00Z,1.799,Trim 27.1 from 2025-07-01 onward
27.1,27.1,41.50541,-81.66791,2025-09-03T23:00:00Z,1.508,Trim 27.1 from 2025-07-01 onward
27.1,27.1,41.50541,-81.66791,2025-09-03T23:30:00Z,3.427,Trim 27.1 from 2025-07-01 onward
27.1,27.1,41.50541,-81.66791,2025-09-04T00:00:00Z,2.555,Trim 27.1 from 2025-07-01 onward
27.1,27.1,41.50541,-81.66791,2025-09-04T00:30:00Z,2.401,Trim 27.1 from 2025-07-01 onward
27.1,27.1,41.50541,-81.66791,2025-09-04T01:00:00Z,2.833,Trim 27.1 from 2025-07-01 onward
27.1,27.1,41.50541,-81.66791,2025-09-04T01:30:00Z,4.388,Trim 27.1 from 2025-07-01 onward
27.1,27.1,41.50541,-81.66791,2025-09-04T02:00:00Z,3.83,Trim 27.1 from 2025-07-01 onward
27.1,27.1,41.50541,-81.66791,2025-09-04T02:30:00Z,1.391,Trim 27.1 from 2025-07-01 onward
27.1,27.1,41.50541,-81.66791,2025-09-04T03:00:00Z,6.856,Trim 27.1 from 2025-07-01 onward
27.1,27.1,41.50541,-81.66791,2025-09-04T03:30:00Z,1.982,Trim 27.1 from 2025-07-01 onward
27.1,27.1,41.50541,-81.66791,2025-09-04T04:00:00Z,3.051,Trim 27.1 from 2025-07-01 onward
27.1,27.1,41.50541,-81.66791,2025-09-04T04:30:00Z,1.61,Trim 27.1 from 2025-07-01 onward
27.1,27.1,41.50541,-81.66791,2025-09-04T05:00:00Z,3.095,Trim 27.1 from 2025-07-01 onward
27.1,27.1,41.50541,-81.66791,2025-09-04T06:00:00Z,4.784,Trim 27.1 from 2025-07-01 onward
27.1,27.1,41.50541,-81.66791,2025-09-04T06:30:00Z,3.891,Trim 27.1 from 2025-07-01 onward
27.1,27.1,41.50541,-81.66791,2025-09-04T07:00:00Z,6.459,Trim 27.1 from 2025-07-01 onward
27.1,27.1,41.50541,-81.66791,2025-09-04T07:30:00Z,2.563,Trim 27.1 from 2025-07-01 onward
27.1,27.1,41.50541,-81.66791,2025-09-04T08:00:00Z,2.35,Trim 27.1 from 2025-07-01 onward
27.1,27.1,41.50541,-81.66791,2025-09-04T08:30:00Z,19.254,Trim 27.1 from 2025-07-01 onward
27.1,27.1,41.50541,-81.66791,2025-09-04T09:00:00Z,19.142,Trim 27.1 from 2025-07-01 onward
27.1,27.1,41.50541,-81.66791,2025-09-04T09:30:00Z,110.438,Trim 27.1 from 2025-07-01 onward
27.1,27.1,41.50541,-81.66791,2025-09-04T10:00:00Z,84.252,Trim 27.1 from 2025-07-01 onward
27.1,27.1,41.50541,-81.66791,2025-09-04T11:00:00Z,64.647,Trim 27.1 from 2025-07-01 onward
27.1,27.1,41.50541,-81.66791,2025-09-04T11:30:00Z,100.828,Trim 27.1 from 2025-07-01 onward
27.1,27.1,41.50541,-81.66791,2025-09-04T12:00:00Z,104.621,Trim 27.1 from 2025-07-01 onward
27.1,27.1,41.50541,-81.66791,2025-09-04T15:00:00Z,138.673,Trim 27.1 from 2025-07-01 onward
27.1,27.1,41.50541,-81.66791,2025-09-04T16:00:00Z,200.577,Trim 27.1 from 2025-07-01 onward
27.1,27.1,41.50541,-81.66791,2025-09-04T16:30:00Z,2.284,Trim 27.1 from 2025-07-01 onward
27.1,27.1,41.50541,-81.66791,2025-09-04T17:00:00Z,3.316,Trim 27.1 from 2025-07-01 onward
27.1,27.1,41.50541,-81.66791,2025-09-04T17:30:00Z,1.605,Trim 27.1 from 2025-07-01 onward
27.1,27.1,41.50541,-81.66791,2025-09-04T18:00:00Z,2.372,Trim 27.1 from 2025-07-01 onward
27.1,27.1,41.50541,-81.66791,2025-09-04T18:30:00Z,1.277,Trim 27.1 from 2025-07-01 onward
27.1,27.1,41.50541,-81.66791,2025-09-04T19:00:00Z,55.953,Trim 27.1 from 2025-07-01 onward
27.1,27.1,41.50541,-81.66791,2025-09-04T19:30:00Z,2.603,Trim 27.1 from 2025-07-01 onward
27.1,27.1,41.50541,-81.66791,2025-09-04T20:00:00Z,4.977,Trim 27.1 from 2025-07-01 onward
27.1,27.1,41.50541,-81.66791,2025-09-04T20:30:00Z,25.086,Trim 27.1 from 2025-07-01 onward
27.1,27.1,41.50541,-81.66791,2025-09-04T21:00:00Z,4.196,Trim 27.1 from 2025-07-01 onward
27.1,27.1,41.50541,-81.66791,2025-09-04T21:30:00Z,10.335,Trim 27.1 from 2025-07-01 onward
27.1,27.1,41.50541,-81.66791,2025-09-04T22:30:00Z,4.35,Trim 27.1 from 2025-07-01 onward
27.1,27.1,41.50541,-81.66791,2025-09-04T23:00:00Z,3.317,Trim 27.1 from 2025-07-01 onward
27.1,27.1,41.50541,-81.66791,2025-09-05T00:00:00Z,1.85,Trim 27.1 from 2025-07-01 onward
27.1,27.1,41.50541,-81.66791,2025-09-05T00:30:00Z,4.579,Trim 27.1 from 2025-07-01 onward
27.1,27.1,41.50541,-81.66791,2025-09-05T01:00:00Z,5.991,Trim 27.1 from 2025-07-01 onward
27.1,27.1,41.50541,-81.66791,2025-09-05T01:30:00Z,5.62,Trim 27.1 from 2025-07-01 onward
27.1,27.1,41.50541,-81.66791,2025-09-05T02:00:00Z,8.126,Trim 27.1 from 2025-07-01 onward
27.1,27.1,41.50541,-81.66791,2025-09-05T02:30:00Z,6.827,Trim 27.1 from 2025-07-01 onward
27.1,27.1,41.50541,-81.66791,2025-09-05T03:00:00Z,3.026,Trim 27.1 from 2025-07-01 onward
27.1,27.1,41.50541,-81.66791,2025-09-05T03:30:00Z,6.164,Trim 27.1 from 2025-07-01 onward
27.1,27.1,41.50541,-81.66791,2025-09-05T04:00:00Z,5.07,Trim 27.1 from 2025-07-01 onward
27.1,27.1,41.50541,-81.66791,2025-09-05T05:00:00Z,7.067,Trim 27.1 from 2025-07-01 onward
27.1,27.1,41.50541,-81.66791,2025-09-05T05:30:00Z,7.824,Trim 27.1 from 2025-07-01 onward
27.1,27.1,41.50541,-81.66791,2025-09-05T06:00:00Z,8.728,Trim 27.1 from 2025-07-01 onward
27.1,27.1,41.50541,-81.66791,2025-09-05T06:30:00Z,6.485,Trim 27.1 from 2025-07-01 onward
27.1,27.1,41.50541,-81.66791,2025-09-05T07:00:00Z,9.371,Trim 27.1 from 2025-07-01 onward
27.1,27.1,41.50541,-81.66791,2025-09-05T07:30:00Z,9.459,Trim 27.1 from 2025-07-01 onward
27.1,27.1,41.50541,-81.66791,2025-09-05T08:00:00Z,22.825,Trim 27.1 from 2025-07-01 onward
27.1,27.1,41.50541,-81.66791,2025-09-05T08:30:00Z,93.227,Trim 27.1 from 2025-07-01 onward
27.1,27.1,41.50541,-81.66791,2025-09-05T10:00:00Z,60.661,Trim 27.1 from 2025-07-01 onward
27.1,27.1,41.50541,-81.66791,2025-09-05T10:30:00Z,102.677,Trim 27.1 from 2025-07-01 onward
27.1,27.1,41.50541,-81.66791,2025-09-05T12:30:00Z,11.865,Trim 27.1 from 2025-07-01 onward
27.1,27.1,41.50541,-81.66791,2025-09-05T13:00:00Z,10.973,Trim 27.1 from 2025-07-01 onward
27.1,27.1,41.50541,-81.66791,2025-09-05T13:30:00Z,6.83,Trim 27.1 from 2025-07-01 onward
27.1,27.1,41.50541,-81.66791,2025-09-05T14:00:00Z,10.3,Trim 27.1 from 2025-07-01 onward
27.1,27.1,41.50541,-81.66791,2025-09-05T14:30:00Z,14.299,Trim 27.1 from 2025-07-01 onward
27.1,27.1,41.50541,-81.66791,2025-09-05T15:30:00Z,10.971,Trim 27.1 from 2025-07-01 onward
27.1,27.1,41.50541,-81.66791,2025-09-05T16:00:00Z,8.905,Trim 27.1 from 2025-07-01 onward
27.1,27.1,41.50541,-81.66791,2025-09-05T16:30:00Z,14.528,Trim 27.1 from 2025-07-01 onward
27.1,27.1,41.50541,-81.66791,2025-09-05T17:00:00Z,6.399,Trim 27.1 from 2025-07-01 onward
27.1,27.1,41.50541,-81.66791,2025-09-05T17:30:00Z,10.857,Trim 27.1 from 2025-07-01 onward
27.1,27.1,41.50541,-81.66791,2025-09-05T18:00:00Z,9.052,Trim 27.1 from 2025-07-01 onward
27.1,27.1,41.50541,-81.66791,2025-09-05T18:30:00Z,7.178,Trim 27.1 from 2025-07-01 onward
27.1,27.1,41.50541,-81.66791,2025-09-05T19:00:00Z,7.702,Trim 27.1 from 2025-07-01 onward
27.1,27.1,41.50541,-81.66791,2025-09-05T19:30:00Z,7.98,Trim 27.1 from 2025-07-01 onward
27.1,27.1,41.50541,-81.66791,2025-09-05T20:00:00Z,10.436,Trim 27.1 from 2025-07-01 onward
27.1,27.1,41.50541,-81.66791,2025-09-05T20:30:00Z,4.547,Trim 27.1 from 2025-07-01 onward
27.1,27.1,41.50541,-81.66791,2025-09-05T21:00:00Z,4.196,Trim 27.1 from 2025-07-01 onward
27.1,27.1,41.50541,-81.66791,2025-09-05T21:30:00Z,3.985,Trim 27.1 from 2025-07-01 onward
27.1,27.1,41.50541,-81.66791,2025-09-05T22:00:00Z,5.9,Trim 27.1 from 2025-07-01 onward
27.1,27.1,41.50541,-81.66791,2025-09-05T22:30:00Z,4.708,Trim 27.1 from 2025-07-01 onward
27.1,27.1,41.50541,-81.66791,2025-09-05T23:00:00Z,5.008,Trim 27.1 from 2025-07-01 onward
27.1,27.1,41.50541,-81.66791,2025-09-05T23:30:00Z,1.668,Trim 27.1 from 2025-07-01 onward
27.1,27.1,41.50541,-81.66791,2025-09-06T00:00:00Z,2.303,Trim 27.1 from 2025-07-01 onward
27.1,27.1,41.50541,-81.66791,2025-09-06T00:30:00Z,2.905,Trim 27.1 from 2025-07-01 onward
27.1,27.1,41.50541,-81.66791,2025-09-06T01:00:00Z,1.31,Trim 27.1 from 2025-07-01 onward
27.1,27.1,41.50541,-81.66791,2025-09-06T01:30:00Z,1.276,Trim 27.1 from 2025-07-01 onward
27.1,27.1,41.50541,-81.66791,2025-09-06T02:00:00Z,4.929,Trim 27.1 from 2025-07-01 onward
27.1,27.1,41.50541,-81.66791,2025-09-06T02:30:00Z,4.684,Trim 27.1 from 2025-07-01 onward
27.1,27.1,41.50541,-81.66791,2025-09-06T03:00:00Z,2.874,Trim 27.1 from 2025-07-01 onward
27.1,27.1,41.50541,-81.66791,2025-09-06T03:30:00Z,3.648,Trim 27.1 from 2025-07-01 onward
27.1,27.1,41.50541,-81.66791,2025-09-06T04:00:00Z,3.176,Trim 27.1 from 2025-07-01 onward
27.1,27.1,41.50541,-81.66791,2025-09-06T04:30:00Z,4.154,Trim 27.1 from 2025-07-01 onward
27.1,27.1,41.50541,-81.66791,2025-09-06T05:00:00Z,2.623,Trim 27.1 from 2025-07-01 onward
27.1,27.1,41.50541,-81.66791,2025-09-06T05:30:00Z,17.573,Trim 27.1 from 2025-07-01 onward
27.1,27.1,41.50541,-81.66791,2025-09-06T06:00:00Z,1.786,Trim 27.1 from 2025-07-01 onward
27.1,27.1,41.50541,-81.66791,2025-09-06T06:30:00Z,3.661,Trim 27.1 from 2025-07-01 onward
27.1,27.1,41.50541,-81.66791,2025-09-06T07:00:00Z,2.295,Trim 27.1 from 2025-07-01 onward
27.1,27.1,41.50541,-81.66791,2025-09-06T07:30:00Z,3.479,Trim 27.1 from 2025-07-01 onward
27.1,27.1,41.50541,-81.66791,2025-09-06T08:00:00Z,0.798,Trim 27.1 from 2025-07-01 onward
27.1,27.1,41.50541,-81.66791,2025-09-06T08:30:00Z,3.186,Trim 27.1 from 2025-07-01 onward
27.1,27.1,41.50541,-81.66791,2025-09-06T09:00:00Z,2.157,Trim 27.1 from 2025-07-01 onward
27.1,27.1,41.50541,-81.66791,2025-09-06T09:30:00Z,1.831,Trim 27.1 from 2025-07-01 onward
27.1,27.1,41.50541,-81.66791,2025-09-06T10:00:00Z,1.961,Trim 27.1 from 2025-07-01 onward
27.1,27.1,41.50541,-81.66791,2025-09-06T10:30:00Z,3.741,Trim 27.1 from 2025-07-01 onward
27.1,27.1,41.50541,-81.66791,2025-09-06T11:00:00Z,2.96,Trim 27.1 from 2025-07-01 onward
27.1,27.1,41.50541,-81.66791,2025-09-06T11:30:00Z,232.318,Trim 27.1 from 2025-07-01 onward
27.1,27.1,41.50541,-81.66791,2025-09-06T12:30:00Z,212.611,Trim 27.1 from 2025-07-01 onward
27.1,27.1,41.50541,-81.66791,2025-09-06T13:30:00Z,0.781,Trim 27.1 from 2025-07-01 onward
27.1,27.1,41.50541,-81.66791,2025-09-06T14:00:00Z,5.406,Trim 27.1 from 2025-07-01 onward
27.1,27.1,41.50541,-81.66791,2025-09-06T14:30:00Z,0.743,Trim 27.1 from 2025-07-01 onward
27.1,27.1,41.50541,-81.66791,2025-09-06T15:00:00Z,0.584,Trim 27.1 from 2025-07-01 onward
27.1,27.1,41.50541,-81.66791,2025-09-06T15:30:00Z,0.884,Trim 27.1 from 2025-07-01 onward
27.1,27.1,41.50541,-81.66791,2025-09-06T16:00:00Z,0.559,Trim 27.1 from 2025-07-01 onward
27.1,27.1,41.50541,-81.66791,2025-09-06T16:30:00Z,1.552,Trim 27.1 from 2025-07-01 onward
27.1,27.1,41.50541,-81.66791,2025-09-06T17:00:00Z,0.561,Trim 27.1 from 2025-07-01 onward
27.1,27.1,41.50541,-81.66791,2025-09-06T17:30:00Z,1.127,Trim 27.1 from 2025-07-01 onward
27.1,27.1,41.50541,-81.66791,2025-09-06T18:00:00Z,0.561,Trim 27.1 from 2025-07-01 onward
27.1,27.1,41.50541,-81.66791,2025-09-06T18:30:00Z,4.149,Trim 27.1 from 2025-07-01 onward
27.1,27.1,41.50541,-81.66791,2025-09-06T19:00:00Z,0.546,Trim 27.1 from 2025-07-01 onward
27.1,27.1,41.50541,-81.66791,2025-09-06T19:30:00Z,4.487,Trim 27.1 from 2025-07-01 onward
27.1,27.1,41.50541,-81.66791,2025-09-06T20:00:00Z,2.354,Trim 27.1 from 2025-07-01 onward
27.1,27.1,41.50541,-81.66791,2025-09-06T20:30:00Z,0.765,Trim 27.1 from 2025-07-01 onward
27.1,27.1,41.50541,-81.66791,2025-09-06T21:00:00Z,1.016,Trim 27.1 from 2025-07-01 onward
27.1,27.1,41.50541,-81.66791,2025-09-06T21:30:00Z,0.93,Trim 27.1 from 2025-07-01 onward
27.1,27.1,41.50541,-81.66791,2025-09-06T22:00:00Z,0.874,Trim 27.1 from 2025-07-01 onward
27.1,27.1,41.50541,-81.66791,2025-09-06T22:30:00Z,3.376,Trim 27.1 from 2025-07-01 onward
27.1,27.1,41.50541,-81.66791,2025-09-06T23:00:00Z,1.095,Trim 27.1 from 2025-07-01 onward
27.1,27.1,41.50541,-81.66791,2025-09-07T00:00:00Z,4.59,Trim 27.1 from 2025-07-01 onward
27.1,27.1,41.50541,-81.66791,2025-09-07T00:30:00Z,3.144,Trim 27.1 from 2025-07-01 onward
27.1,27.1,41.50541,-81.66791,2025-09-07T01:00:00Z,6.241,Trim 27.1 from 2025-07-01 onward
27.1,27.1,41.50541,-81.66791,2025-09-07T01:30:00Z,3.674,Trim 27.1 from 2025-07-01 onward
27.1,27.1,41.50541,-81.66791,2025-09-07T02:00:00Z,4.262,Trim 27.1 from 2025-07-01 onward
27.1,27.1,41.50541,-81.66791,2025-09-07T02:30:00Z,0.866,Trim 27.1 from 2025-07-01 onward
27.1,27.1,41.50541,-81.66791,2025-09-07T03:00:00Z,1.03,Trim 27.1 from 2025-07-01 onward
27.1,27.1,41.50541,-81.66791,2025-09-07T03:30:00Z,1.837,Trim 27.1 from 2025-07-01 onward
27.1,27.1,41.50541,-81.66791,2025-09-07T04:00:00Z,11.013,Trim 27.1 from 2025-07-01 onward
27.1,27.1,41.50541,-81.66791,2025-09-07T04:30:00Z,5.75,Trim 27.1 from 2025-07-01 onward
27.1,27.1,41.50541,-81.66791,2025-09-07T05:30:00Z,140.764,Trim 27.1 from 2025-07-01 onward
27.1,27.1,41.50541,-81.66791,2025-09-07T06:00:00Z,16.207,Trim 27.1 from 2025-07-01 onward
27.1,27.1,41.50541,-81.66791,2025-09-07T06:30:00Z,3.132,Trim 27.1 from 2025-07-01 onward
27.1,27.1,41.50541,-81.66791,2025-09-07T07:00:00Z,2.761,Trim 27.1 from 2025-07-01 onward
27.1,27.1,41.50541,-81.66791,2025-09-07T07:30:00Z,3.113,Trim 27.1 from 2025-07-01 onward
27.1,27.1,41.50541,-81.66791,2025-09-07T08:00:00Z,1.485,Trim 27.1 from 2025-07-01 onward
27.1,27.1,41.50541,-81.66791,2025-09-07T08:30:00Z,7.48,Trim 27.1 from 2025-07-01 onward
27.1,27.1,41.50541,-81.66791,2025-09-07T09:00:00Z,0.678,Trim 27.1 from 2025-07-01 onward
27.1,27.1,41.50541,-81.66791,2025-09-07T09:30:00Z,7.828,Trim 27.1 from 2025-07-01 onward
27.1,27.1,41.50541,-81.66791,2025-09-07T10:00:00Z,1.146,Trim 27.1 from 2025-07-01 onward
27.1,27.1,41.50541,-81.66791,2025-09-07T10:30:00Z,0.935,Trim 27.1 from 2025-07-01 onward
27.1,27.1,41.50541,-81.66791,2025-09-07T11:00:00Z,1.544,Trim 27.1 from 2025-07-01 onward
27.1,27.1,41.50541,-81.66791,2025-09-07T11:30:00Z,4.051,Trim 27.1 from 2025-07-01 onward
27.1,27.1,41.50541,-81.66791,2025-09-07T12:00:00Z,1.638,Trim 27.1 from 2025-07-01 onward
27.1,27.1,41.50541,-81.66791,2025-09-07T12:30:00Z,8.137,Trim 27.1 from 2025-07-01 onward
27.1,27.1,41.50541,-81.66791,2025-09-07T13:00:00Z,3.638,Trim 27.1 from 2025-07-01 onward
27.1,27.1,41.50541,-81.66791,2025-09-07T13:30:00Z,1.97,Trim 27.1 from 2025-07-01 onward
27.1,27.1,41.50541,-81.66791,2025-09-07T14:00:00Z,237.831,Trim 27.1 from 2025-07-01 onward
27.1,27.1,41.50541,-81.66791,2025-09-07T14:30:00Z,0.526,Trim 27.1 from 2025-07-01 onward
27.1,27.1,41.50541,-81.66791,2025-09-07T15:00:00Z,0.816,Trim 27.1 from 2025-07-01 onward
27.1,27.1,41.50541,-81.66791,2025-09-07T15:30:00Z,2.917,Trim 27.1 from 2025-07-01 onward
27.1,27.1,41.50541,-81.66791,2025-09-07T16:00:00Z,1.612,Trim 27.1 from 2025-07-01 onward
27.1,27.1,41.50541,-81.66791,2025-09-07T16:30:00Z,3.954,Trim 27.1 from 2025-07-01 onward
27.1,27.1,41.50541,-81.66791,2025-09-07T17:00:00Z,1.203,Trim 27.1 from 2025-07-01 onward
27.1,27.1,41.50541,-81.66791,2025-09-07T17:30:00Z,7.594,Trim 27.1 from 2025-07-01 onward
27.1,27.1,41.50541,-81.66791,2025-09-07T18:00:00Z,2.971,Trim 27.1 from 2025-07-01 onward
27.1,27.1,41.50541,-81.66791,2025-09-07T18:30:00Z,3.964,Trim 27.1 from 2025-07-01 onward
27.1,27.1,41.50541,-81.66791,2025-09-07T19:00:00Z,4.194,Trim 27.1 from 2025-07-01 onward
27.1,27.1,41.50541,-81.66791,2025-09-07T20:00:00Z,3.332,Trim 27.1 from 2025-07-01 onward
27.1,27.1,41.50541,-81.66791,2025-09-07T20:30:00Z,3.998,Trim 27.1 from 2025-07-01 onward
27.1,27.1,41.50541,-81.66791,2025-09-07T21:00:00Z,0.546,Trim 27.1 from 2025-07-01 onward
27.1,27.1,41.50541,-81.66791,2025-09-07T21:30:00Z,6.106,Trim 27.1 from 2025-07-01 onward
27.1,27.1,41.50541,-81.66791,2025-09-07T22:00:00Z,1.293,Trim 27.1 from 2025-07-01 onward
27.1,27.1,41.50541,-81.66791,2025-09-07T22:30:00Z,9.872,Trim 27.1 from 2025-07-01 onward
27.1,27.1,41.50541,-81.66791,2025-09-07T23:00:00Z,0.803,Trim 27.1 from 2025-07-01 onward
27.1,27.1,41.50541,-81.66791,2025-09-07T23:30:00Z,30.929,Trim 27.1 from 2025-07-01 onward
27.1,27.1,41.50541,-81.66791,2025-09-08T00:00:00Z,2.685,Trim 27.1 from 2025-07-01 onward
27.1,27.1,41.50541,-81.66791,2025-09-08T00:30:00Z,1.868,Trim 27.1 from 2025-07-01 onward
27.1,27.1,41.50541,-81.66791,2025-09-08T01:00:00Z,5.086,Trim 27.1 from 2025-07-01 onward
27.1,27.1,41.50541,-81.66791,2025-09-08T01:30:00Z,1.676,Trim 27.1 from 2025-07-01 onward
27.1,27.1,41.50541,-81.66791,2025-09-08T02:00:00Z,5.337,Trim 27.1 from 2025-07-01 onward
27.1,27.1,41.50541,-81.66791,2025-09-08T02:30:00Z,5.301,Trim 27.1 from 2025-07-01 onward
27.1,27.1,41.50541,-81.66791,2025-09-08T03:00:00Z,2.215,Trim 27.1 from 2025-07-01 onward
27.1,27.1,41.50541,-81.66791,2025-09-08T04:00:00Z,1.597,Trim 27.1 from 2025-07-01 onward
27.1,27.1,41.50541,-81.66791,2025-09-08T04:30:00Z,1.788,Trim 27.1 from 2025-07-01 onward
27.1,27.1,41.50541,-81.66791,2025-09-08T05:00:00Z,4.798,Trim 27.1 from 2025-07-01 onward
27.1,27.1,41.50541,-81.66791,2025-09-08T05:30:00Z,3.152,Trim 27.1 from 2025-07-01 onward
27.1,27.1,41.50541,-81.66791,2025-09-08T06:00:00Z,5.32,Trim 27.1 from 2025-07-01 onward
27.1,27.1,41.50541,-81.66791,2025-09-08T06:30:00Z,4.185,Trim 27.1 from 2025-07-01 onward
27.1,27.1,41.50541,-81.66791,2025-09-08T07:00:00Z,2.591,Trim 27.1 from 2025-07-01 onward
27.1,27.1,41.50541,-81.66791,2025-09-08T07:30:00Z,1.833,Trim 27.1 from 2025-07-01 onward
27.1,27.1,41.50541,-81.66791,2025-09-08T08:00:00Z,6.869,Trim 27.1 from 2025-07-01 onward
27.1,27.1,41.50541,-81.66791,2025-09-08T08:30:00Z,2.695,Trim 27.1 from 2025-07-01 onward
27.1,27.1,41.50541,-81.66791,2025-09-08T09:00:00Z,1.627,Trim 27.1 from 2025-07-01 onward
27.1,27.1,41.50541,-81.66791,2025-09-08T09:30:00Z,1.803,Trim 27.1 from 2025-07-01 onward
27.1,27.1,41.50541,-81.66791,2025-09-08T10:00:00Z,7.699,Trim 27.1 from 2025-07-01 onward
27.1,27.1,41.50541,-81.66791,2025-09-08T10:30:00Z,31.094,Trim 27.1 from 2025-07-01 onward
27.1,27.1,41.50541,-81.66791,2025-09-08T11:00:00Z,8.851,Trim 27.1 from 2025-07-01 onward
27.1,27.1,41.50541,-81.66791,2025-09-08T12:00:00Z,3.637,Trim 27.1 from 2025-07-01 onward
27.1,27.1,41.50541,-81.66791,2025-09-08T12:30:00Z,10.182,Trim 27.1 from 2025-07-01 onward
27.1,27.1,41.50541,-81.66791,2025-09-08T13:00:00Z,9.38,Trim 27.1 from 2025-07-01 onward
27.1,27.1,41.50541,-81.66791,2025-09-08T13:30:00Z,10.654,Trim 27.1 from 2025-07-01 onward
27.1,27.1,41.50541,-81.66791,2025-09-08T14:00:00Z,3.042,Trim 27.1 from 2025-07-01 onward
27.1,27.1,41.50541,-81.66791,2025-09-08T14:30:00Z,3.943,Trim 27.1 from 2025-07-01 onward
27.1,27.1,41.50541,-81.66791,2025-09-08T15:00:00Z,2.844,Trim 27.1 from 2025-07-01 onward
27.1,27.1,41.50541,-81.66791,2025-09-08T15:30:00Z,64.483,Trim 27.1 from 2025-07-01 onward
27.1,27.1,41.50541,-81.66791,2025-09-08T16:00:00Z,0.754,Trim 27.1 from 2025-07-01 onward
27.1,27.1,41.50541,-81.66791,2025-09-08T16:30:00Z,0.609,Trim 27.1 from 2025-07-01 onward
27.1,27.1,41.50541,-81.66791,2025-09-08T17:00:00Z,6.863,Trim 27.1 from 2025-07-01 onward
27.1,27.1,41.50541,-81.66791,2025-09-08T17:30:00Z,124.818,Trim 27.1 from 2025-07-01 onward
27.1,27.1,41.50541,-81.66791,2025-09-08T18:00:00Z,1.694,Trim 27.1 from 2025-07-01 onward
27.1,27.1,41.50541,-81.66791,2025-09-08T18:30:00Z,2.732,Trim 27.1 from 2025-07-01 onward
27.1,27.1,41.50541,-81.66791,2025-09-08T19:00:00Z,2.855,Trim 27.1 from 2025-07-01 onward
27.1,27.1,41.50541,-81.66791,2025-09-08T19:30:00Z,7.974,Trim 27.1 from 2025-07-01 onward
27.1,27.1,41.50541,-81.66791,2025-09-08T20:00:00Z,1.235,Trim 27.1 from 2025-07-01 onward
27.1,27.1,41.50541,-81.66791,2025-09-08T20:30:00Z,0.665,Trim 27.1 from 2025-07-01 onward
27.1,27.1,41.50541,-81.66791,2025-09-08T21:00:00Z,1.127,Trim 27.1 from 2025-07-01 onward
27.1,27.1,41.50541,-81.66791,2025-09-08T21:30:00Z,1.998,Trim 27.1 from 2025-07-01 onward
27.1,27.1,41.50541,-81.66791,2025-09-08T22:00:00Z,2.217,Trim 27.1 from 2025-07-01 onward
27.1,27.1,41.50541,-81.66791,2025-09-08T22:30:00Z,2.2,Trim 27.1 from 2025-07-01 onward
27.1,27.1,41.50541,-81.66791,2025-09-08T23:00:00Z,2.352,Trim 27.1 from 2025-07-01 onward
27.1,27.1,41.50541,-81.66791,2025-09-08T23:30:00Z,10.25,Trim 27.1 from 2025-07-01 onward
27.1,27.1,41.50541,-81.66791,2025-09-09T00:00:00Z,3.473,Trim 27.1 from 2025-07-01 onward
27.1,27.1,41.50541,-81.66791,2025-09-09T00:30:00Z,0.675,Trim 27.1 from 2025-07-01 onward
27.1,27.1,41.50541,-81.66791,2025-09-09T01:00:00Z,2.735,Trim 27.1 from 2025-07-01 onward
27.1,27.1,41.50541,-81.66791,2025-09-09T01:30:00Z,2.093,Trim 27.1 from 2025-07-01 onward
27.1,27.1,41.50541,-81.66791,2025-09-09T02:00:00Z,2.168,Trim 27.1 from 2025-07-01 onward
27.1,27.1,41.50541,-81.66791,2025-09-09T02:30:00Z,6.111,Trim 27.1 from 2025-07-01 onward
27.1,27.1,41.50541,-81.66791,2025-09-09T03:00:00Z,2.104,Trim 27.1 from 2025-07-01 onward
27.1,27.1,41.50541,-81.66791,2025-09-09T03:30:00Z,2.133,Trim 27.1 from 2025-07-01 onward
27.1,27.1,41.50541,-81.66791,2025-09-09T04:00:00Z,1.698,Trim 27.1 from 2025-07-01 onward
27.1,27.1,41.50541,-81.66791,2025-09-09T04:30:00Z,3.557,Trim 27.1 from 2025-07-01 onward
27.1,27.1,41.50541,-81.66791,2025-09-09T05:00:00Z,1.086,Trim 27.1 from 2025-07-01 onward
27.1,27.1,41.50541,-81.66791,2025-09-09T05:30:00Z,1.949,Trim 27.1 from 2025-07-01 onward
27.1,27.1,41.50541,-81.66791,2025-09-09T06:00:00Z,5.526,Trim 27.1 from 2025-07-01 onward
27.1,27.1,41.50541,-81.66791,2025-09-09T06:30:00Z,3.489,Trim 27.1 from 2025-07-01 onward
27.1,27.1,41.50541,-81.66791,2025-09-09T07:00:00Z,1.386,Trim 27.1 from 2025-07-01 onward
27.1,27.1,41.50541,-81.66791,2025-09-09T07:30:00Z,3.04,Trim 27.1 from 2025-07-01 onward
27.1,27.1,41.50541,-81.66791,2025-09-09T08:00:00Z,2.716,Trim 27.1 from 2025-07-01 onward
27.1,27.1,41.50541,-81.66791,2025-09-09T08:30:00Z,1.476,Trim 27.1 from 2025-07-01 onward
27.1,27.1,41.50541,-81.66791,2025-09-09T09:00:00Z,1.692,Trim 27.1 from 2025-07-01 onward
27.1,27.1,41.50541,-81.66791,2025-09-09T09:30:00Z,1.36,Trim 27.1 from 2025-07-01 onward
27.1,27.1,41.50541,-81.66791,2025-09-09T10:00:00Z,10.62,Trim 27.1 from 2025-07-01 onward
27.1,27.1,41.50541,-81.66791,2025-09-09T10:30:00Z,10.63,Trim 27.1 from 2025-07-01 onward
27.1,27.1,41.50541,-81.66791,2025-09-09T11:00:00Z,91.892,Trim 27.1 from 2025-07-01 onward
27.1,27.1,41.50541,-81.66791,2025-09-09T11:30:00Z,64.173,Trim 27.1 from 2025-07-01 onward
27.1,27.1,41.50541,-81.66791,2025-09-09T12:00:00Z,6.756,Trim 27.1 from 2025-07-01 onward
27.1,27.1,41.50541,-81.66791,2025-09-09T12:30:00Z,44.444,Trim 27.1 from 2025-07-01 onward
27.1,27.1,41.50541,-81.66791,2025-09-09T13:30:00Z,55.18,Trim 27.1 from 2025-07-01 onward
27.1,27.1,41.50541,-81.66791,2025-09-09T14:00:00Z,2.64,Trim 27.1 from 2025-07-01 onward
27.1,27.1,41.50541,-81.66791,2025-09-09T15:00:00Z,1.083,Trim 27.1 from 2025-07-01 onward
27.1,27.1,41.50541,-81.66791,2025-09-09T15:30:00Z,0.641,Trim 27.1 from 2025-07-01 onward
27.1,27.1,41.50541,-81.66791,2025-09-09T16:00:00Z,0.587,Trim 27.1 from 2025-07-01 onward
27.1,27.1,41.50541,-81.66791,2025-09-09T16:30:00Z,0.933,Trim 27.1 from 2025-07-01 onward
27.1,27.1,41.50541,-81.66791,2025-09-09T17:00:00Z,0.592,Trim 27.1 from 2025-07-01 onward
27.1,27.1,41.50541,-81.66791,2025-09-09T17:30:00Z,2.055,Trim 27.1 from 2025-07-01 onward
27.1,27.1,41.50541,-81.66791,2025-09-09T18:00:00Z,1.61,Trim 27.1 from 2025-07-01 onward
27.1,27.1,41.50541,-81.66791,2025-09-09T18:30:00Z,1.264,Trim 27.1 from 2025-07-01 onward
27.1,27.1,41.50541,-81.66791,2025-09-09T19:00:00Z,6.459,Trim 27.1 from 2025-07-01 onward
27.1,27.1,41.50541,-81.66791,2025-09-09T19:30:00Z,4.423,Trim 27.1 from 2025-07-01 onward
27.1,27.1,41.50541,-81.66791,2025-09-09T20:00:00Z,2.555,Trim 27.1 from 2025-07-01 onward
27.1,27.1,41.50541,-81.66791,2025-09-09T21:00:00Z,1.607,Trim 27.1 from 2025-07-01 onward
27.1,27.1,41.50541,-81.66791,2025-09-09T21:30:00Z,1.02,Trim 27.1 from 2025-07-01 onward
27.1,27.1,41.50541,-81.66791,2025-09-09T22:00:00Z,5.019,Trim 27.1 from 2025-07-01 onward
27.1,27.1,41.50541,-81.66791,2025-09-09T22:30:00Z,2.301,Trim 27.1 from 2025-07-01 onward
27.1,27.1,41.50541,-81.66791,2025-09-09T23:00:00Z,1.745,Trim 27.1 from 2025-07-01 onward
27.1,27.1,41.50541,-81.66791,2025-09-09T23:30:00Z,0.798,Trim 27.1 from 2025-07-01 onward
27.1,27.1,41.50541,-81.66791,2025-09-10T00:00:00Z,8.979,Trim 27.1 from 2025-07-01 onward
27.1,27.1,41.50541,-81.66791,2025-09-10T00:30:00Z,2.808,Trim 27.1 from 2025-07-01 onward
27.1,27.1,41.50541,-81.66791,2025-09-10T01:00:00Z,6.219,Trim 27.1 from 2025-07-01 onward
27.1,27.1,41.50541,-81.66791,2025-09-10T01:30:00Z,1.347,Trim 27.1 from 2025-07-01 onward
27.1,27.1,41.50541,-81.66791,2025-09-10T02:00:00Z,5.358,Trim 27.1 from 2025-07-01 onward
27.1,27.1,41.50541,-81.66791,2025-09-10T02:30:00Z,2.259,Trim 27.1 from 2025-07-01 onward
27.1,27.1,41.50541,-81.66791,2025-09-10T03:00:00Z,0.958,Trim 27.1 from 2025-07-01 onward
27.1,27.1,41.50541,-81.66791,2025-09-10T03:30:00Z,1.828,Trim 27.1 from 2025-07-01 onward
27.1,27.1,41.50541,-81.66791,2025-09-10T04:00:00Z,2.559,Trim 27.1 from 2025-07-01 onward
27.1,27.1,41.50541,-81.66791,2025-09-10T04:30:00Z,1.183,Trim 27.1 from 2025-07-01 onward
27.1,27.1,41.50541,-81.66791,2025-09-10T05:00:00Z,2.712,Trim 27.1 from 2025-07-01 onward
27.1,27.1,41.50541,-81.66791,2025-09-10T05:30:00Z,3.279,Trim 27.1 from 2025-07-01 onward
27.1,27.1,41.50541,-81.66791,2025-09-10T06:00:00Z,1.71,Trim 27.1 from 2025-07-01 onward
27.1,27.1,41.50541,-81.66791,2025-09-10T06:30:00Z,4.229,Trim 27.1 from 2025-07-01 onward
27.1,27.1,41.50541,-81.66791,2025-09-10T07:00:00Z,2.719,Trim 27.1 from 2025-07-01 onward
27.1,27.1,41.50541,-81.66791,2025-09-10T07:30:00Z,5.861,Trim 27.1 from 2025-07-01 onward
27.1,27.1,41.50541,-81.66791,2025-09-10T08:00:00Z,5.103,Trim 27.1 from 2025-07-01 onward
27.1,27.1,41.50541,-81.66791,2025-09-10T08:30:00Z,8.749,Trim 27.1 from 2025-07-01 onward
27.1,27.1,41.50541,-81.66791,2025-09-10T09:00:00Z,3.313,Trim 27.1 from 2025-07-01 onward
27.1,27.1,41.50541,-81.66791,2025-09-10T09:30:00Z,2.901,Trim 27.1 from 2025-07-01 onward
27.1,27.1,41.50541,-81.66791,2025-09-10T10:00:00Z,6.267,Trim 27.1 from 2025-07-01 onward
27.1,27.1,41.50541,-81.66791,2025-09-10T10:30:00Z,2.065,Trim 27.1 from 2025-07-01 onward
27.1,27.1,41.50541,-81.66791,2025-09-10T11:00:00Z,1.891,Trim 27.1 from 2025-07-01 onward
27.1,27.1,41.50541,-81.66791,2025-09-10T11:30:00Z,200.964,Trim 27.1 from 2025-07-01 onward
27.1,27.1,41.50541,-81.66791,2025-09-10T12:00:00Z,31.501,Trim 27.1 from 2025-07-01 onward
27.1,27.1,41.50541,-81.66791,2025-09-10T12:30:00Z,57.444,Trim 27.1 from 2025-07-01 onward
27.1,27.1,41.50541,-81.66791,2025-09-10T13:00:00Z,2.242,Trim 27.1 from 2025-07-01 onward
27.1,27.1,41.50541,-81.66791,2025-09-10T13:30:00Z,2.054,Trim 27.1 from 2025-07-01 onward
27.1,27.1,41.50541,-81.66791,2025-09-10T14:00:00Z,2.248,Trim 27.1 from 2025-07-01 onward
27.1,27.1,41.50541,-81.66791,2025-09-10T14:30:00Z,2.362,Trim 27.1 from 2025-07-01 onward
27.1,27.1,41.50541,-81.66791,2025-09-10T15:00:00Z,3.775,Trim 27.1 from 2025-07-01 onward
27.1,27.1,41.50541,-81.66791,2025-09-10T20:30:00Z,4.629,Trim 27.1 from 2025-07-01 onward
27.1,27.1,41.50541,-81.66791,2025-09-10T22:00:00Z,1.291,Trim 27.1 from 2025-07-01 onward
27.1,27.1,41.50541,-81.66791,2025-09-10T22:30:00Z,2.725,Trim 27.1 from 2025-07-01 onward
27.1,27.1,41.50541,-81.66791,2025-09-10T23:00:00Z,2.636,Trim 27.1 from 2025-07-01 onward
27.1,27.1,41.50541,-81.66791,2025-09-10T23:30:00Z,2.453,Trim 27.1 from 2025-07-01 onward
27.1,27.1,41.50541,-81.66791,2025-09-11T00:00:00Z,4.036,Trim 27.1 from 2025-07-01 onward
27.1,27.1,41.50541,-81.66791,2025-09-11T00:30:00Z,0.879,Trim 27.1 from 2025-07-01 onward
27.1,27.1,41.50541,-81.66791,2025-09-11T01:30:00Z,5.073,Trim 27.1 from 2025-07-01 onward
27.1,27.1,41.50541,-81.66791,2025-09-11T03:30:00Z,5.134,Trim 27.1 from 2025-07-01 onward
27.1,27.1,41.50541,-81.66791,2025-09-11T04:00:00Z,5.926,Trim 27.1 from 2025-07-01 onward
27.1,27.1,41.50541,-81.66791,2025-09-11T05:00:00Z,20.52,Trim 27.1 from 2025-07-01 onward
27.1,27.1,41.50541,-81.66791,2025-09-11T05:30:00Z,5.446,Trim 27.1 from 2025-07-01 onward
27.1,27.1,41.50541,-81.66791,2025-09-11T06:00:00Z,3.675,Trim 27.1 from 2025-07-01 onward
27.1,27.1,41.50541,-81.66791,2025-09-11T06:30:00Z,10.953,Trim 27.1 from 2025-07-01 onward
27.1,27.1,41.50541,-81.66791,2025-09-11T08:30:00Z,19.288,Trim 27.1 from 2025-07-01 onward
27.1,27.1,41.50541,-81.66791,2025-09-11T09:00:00Z,22.597,Trim 27.1 from 2025-07-01 onward
27.1,27.1,41.50541,-81.66791,2025-09-11T09:30:00Z,16.773,Trim 27.1 from 2025-07-01 onward
27.1,27.1,41.50541,-81.66791,2025-09-11T10:00:00Z,28.869,Trim 27.1 from 2025-07-01 onward
27.1,27.1,41.50541,-81.66791,2025-09-11T10:30:00Z,39.376,Trim 27.1 from 2025-07-01 onward
27.1,27.1,41.50541,-81.66791,2025-09-11T11:30:00Z,141.976,Trim 27.1 from 2025-07-01 onward
27.1,27.1,41.50541,-81.66791,2025-09-11T12:00:00Z,29.158,Trim 27.1 from 2025-07-01 onward
27.1,27.1,41.50541,-81.66791,2025-09-11T12:30:00Z,10.329,Trim 27.1 from 2025-07-01 onward
27.1,27.1,41.50541,-81.66791,2025-09-11T13:00:00Z,12.354,Trim 27.1 from 2025-07-01 onward
27.1,27.1,41.50541,-81.66791,2025-09-11T14:00:00Z,3.601,Trim 27.1 from 2025-07-01 onward
27.1,27.1,41.50541,-81.66791,2025-09-11T15:00:00Z,2.152,Trim 27.1 from 2025-07-01 onward
27.1,27.1,41.50541,-81.66791,2025-09-11T15:30:00Z,1.072,Trim 27.1 from 2025-07-01 onward
27.1,27.1,41.50541,-81.66791,2025-09-11T16:00:00Z,2.207,Trim 27.1 from 2025-07-01 onward
27.1,27.1,41.50541,-81.66791,2025-09-11T16:30:00Z,1.118,Trim 27.1 from 2025-07-01 onward
27.1,27.1,41.50541,-81.66791,2025-09-11T17:30:00Z,3.766,Trim 27.1 from 2025-07-01 onward
27.1,27.1,41.50541,-81.66791,2025-09-11T18:00:00Z,5.021,Trim 27.1 from 2025-07-01 onward
27.1,27.1,41.50541,-81.66791,2025-09-11T18:30:00Z,1.718,Trim 27.1 from 2025-07-01 onward
27.1,27.1,41.50541,-81.66791,2025-09-11T19:30:00Z,2.907,Trim 27.1 from 2025-07-01 onward
27.1,27.1,41.50541,-81.66791,2025-09-11T20:30:00Z,2.779,Trim 27.1 from 2025-07-01 onward
27.1,27.1,41.50541,-81.66791,2025-09-11T21:00:00Z,1.522,Trim 27.1 from 2025-07-01 onward
27.1,27.1,41.50541,-81.66791,2025-09-11T21:30:00Z,0.799,Trim 27.1 from 2025-07-01 onward
27.1,27.1,41.50541,-81.66791,2025-09-11T22:00:00Z,0.649,Trim 27.1 from 2025-07-01 onward
27.1,27.1,41.50541,-81.66791,2025-09-11T22:30:00Z,0.624,Trim 27.1 from 2025-07-01 onward
27.1,27.1,41.50541,-81.66791,2025-09-12T00:30:00Z,1.898,Trim 27.1 from 2025-07-01 onward
27.1,27.1,41.50541,-81.66791,2025-09-12T01:00:00Z,2.326,Trim 27.1 from 2025-07-01 onward
27.1,27.1,41.50541,-81.66791,2025-09-12T01:30:00Z,1.705,Trim 27.1 from 2025-07-01 onward
27.1,27.1,41.50541,-81.66791,2025-09-12T02:30:00Z,7.083,Trim 27.1 from 2025-07-01 onward
27.1,27.1,41.50541,-81.66791,2025-09-12T04:30:00Z,3.205,Trim 27.1 from 2025-07-01 onward
27.1,27.1,41.50541,-81.66791,2025-09-12T05:00:00Z,13.61,Trim 27.1 from 2025-07-01 onward
27.1,27.1,41.50541,-81.66791,2025-09-12T06:00:00Z,8.027,Trim 27.1 from 2025-07-01 onward
27.1,27.1,41.50541,-81.66791,2025-09-12T07:00:00Z,13.655,Trim 27.1 from 2025-07-01 onward
27.1,27.1,41.50541,-81.66791,2025-09-12T09:00:00Z,21.767,Trim 27.1 from 2025-07-01 onward
27.1,27.1,41.50541,-81.66791,2025-09-12T09:30:00Z,33.598,Trim 27.1 from 2025-07-01 onward
27.1,27.1,41.50541,-81.66791,2025-09-12T11:00:00Z,146.38,Trim 27.1 from 2025-07-01 onward
27.1,27.1,41.50541,-81.66791,2025-09-12T11:30:00Z,68.965,Trim 27.1 from 2025-07-01 onward
27.1,27.1,41.50541,-81.66791,2025-09-12T13:00:00Z,13.32,Trim 27.1 from 2025-07-01 onward
27.1,27.1,41.50541,-81.66791,2025-09-12T13:30:00Z,12.601,Trim 27.1 from 2025-07-01 onward
27.1,27.1,41.50541,-81.66791,2025-09-12T16:00:00Z,4.044,Trim 27.1 from 2025-07-01 onward
27.1,27.1,41.50541,-81.66791,2025-09-12T16:30:00Z,4.233,Trim 27.1 from 2025-07-01 onward
27.1,27.1,41.50541,-81.66791,2025-09-12T18:00:00Z,2.887,Trim 27.1 from 2025-07-01 onward
27.1,27.1,41.50541,-81.66791,2025-09-12T18:30:00Z,2.393,Trim 27.1 from 2025-07-01 onward
27.1,27.1,41.50541,-81.66791,2025-09-12T21:30:00Z,4.269,Trim 27.1 from 2025-07-01 onward
27.1,27.1,41.50541,-81.66791,2025-09-12T23:00:00Z,5.369,Trim 27.1 from 2025-07-01 onward
27.1,27.1,41.50541,-81.66791,2025-09-12T23:30:00Z,43.98,Trim 27.1 from 2025-07-01 onward
27.1,27.1,41.50541,-81.66791,2025-09-13T00:30:00Z,2.83,Trim 27.1 from 2025-07-01 onward
27.1,27.1,41.50541,-81.66791,2025-09-13T01:00:00Z,2.33,Trim 27.1 from 2025-07-01 onward
27.1,27.1,41.50541,-81.66791,2025-09-13T01:30:00Z,13.211,Trim 27.1 from 2025-07-01 onward
27.1,27.1,41.50541,-81.66791,2025-09-13T02:00:00Z,4.652,Trim 27.1 from 2025-07-01 onward
27.1,27.1,41.50541,-81.66791,2025-09-13T02:30:00Z,2.526,Trim 27.1 from 2025-07-01 onward
27.1,27.1,41.50541,-81.66791,2025-09-13T04:00:00Z,3.656,Trim 27.1 from 2025-07-01 onward
27.1,27.1,41.50541,-81.66791,2025-09-13T04:30:00Z,5.109,Trim 27.1 from 2025-07-01 onward
27.1,27.1,41.50541,-81.66791,2025-09-13T05:00:00Z,3.665,Trim 27.1 from 2025-07-01 onward
27.1,27.1,41.50541,-81.66791,2025-09-13T06:00:00Z,6.948,Trim 27.1 from 2025-07-01 onward
27.1,27.1,41.50541,-81.66791,2025-09-13T07:30:00Z,3.437,Trim 27.1 from 2025-07-01 onward
27.1,27.1,41.50541,-81.66791,2025-09-13T08:00:00Z,12.317,Trim 27.1 from 2025-07-01 onward
27.1,27.1,41.50541,-81.66791,2025-09-13T08:30:00Z,4.039,Trim 27.1 from 2025-07-01 onward
27.1,27.1,41.50541,-81.66791,2025-09-13T09:00:00Z,6.048,Trim 27.1 from 2025-07-01 onward
27.1,27.1,41.50541,-81.66791,2025-09-13T09:30:00Z,14.039,Trim 27.1 from 2025-07-01 onward
27.1,27.1,41.50541,-81.66791,2025-09-13T11:30:00Z,76.54,Trim 27.1 from 2025-07-01 onward
27.1,27.1,41.50541,-81.66791,2025-09-13T12:30:00Z,16.089,Trim 27.1 from 2025-07-01 onward
27.1,27.1,41.50541,-81.66791,2025-09-13T14:00:00Z,1.423,Trim 27.1 from 2025-07-01 onward
27.1,27.1,41.50541,-81.66791,2025-09-13T15:30:00Z,3.273,Trim 27.1 from 2025-07-01 onward
27.1,27.1,41.50541,-81.66791,2025-09-13T16:00:00Z,1.87,Trim 27.1 from 2025-07-01 onward
27.1,27.1,41.50541,-81.66791,2025-09-13T17:00:00Z,1.88,Trim 27.1 from 2025-07-01 onward
27.1,27.1,41.50541,-81.66791,2025-09-13T17:30:00Z,4.26,Trim 27.1 from 2025-07-01 onward
27.1,27.1,41.50541,-81.66791,2025-09-13T18:00:00Z,2.45,Trim 27.1 from 2025-07-01 onward
27.1,27.1,41.50541,-81.66791,2025-09-13T18:30:00Z,3.453,Trim 27.1 from 2025-07-01 onward
27.1,27.1,41.50541,-81.66791,2025-09-13T19:30:00Z,4.156,Trim 27.1 from 2025-07-01 onward
27.1,27.1,41.50541,-81.66791,2025-09-13T20:00:00Z,1.463,Trim 27.1 from 2025-07-01 onward
27.1,27.1,41.50541,-81.66791,2025-09-13T21:30:00Z,11.316,Trim 27.1 from 2025-07-01 onward
27.1,27.1,41.50541,-81.66791,2025-09-13T22:00:00Z,2.506,Trim 27.1 from 2025-07-01 onward
27.1,27.1,41.50541,-81.66791,2025-09-13T22:30:00Z,1.976,Trim 27.1 from 2025-07-01 onward
27.1,27.1,41.50541,-81.66791,2025-09-14T01:00:00Z,5.396,Trim 27.1 from 2025-07-01 onward
27.1,27.1,41.50541,-81.66791,2025-09-14T02:30:00Z,6.453,Trim 27.1 from 2025-07-01 onward
27.1,27.1,41.50541,-81.66791,2025-09-14T03:00:00Z,8.452,Trim 27.1 from 2025-07-01 onward
27.1,27.1,41.50541,-81.66791,2025-09-14T04:30:00Z,35.981,Trim 27.1 from 2025-07-01 onward
27.1,27.1,41.50541,-81.66791,2025-09-14T05:00:00Z,10.252,Trim 27.1 from 2025-07-01 onward
27.1,27.1,41.50541,-81.66791,2025-09-14T05:30:00Z,39.632,Trim 27.1 from 2025-07-01 onward
27.1,27.1,41.50541,-81.66791,2025-09-14T06:00:00Z,44.941,Trim 27.1 from 2025-07-01 onward
27.1,27.1,41.50541,-81.66791,2025-09-14T06:30:00Z,33.2,Trim 27.1 from 2025-07-01 onward
27.1,27.1,41.50541,-81.66791,2025-09-14T07:00:00Z,169.316,Trim 27.1 from 2025-07-01 onward
27.1,27.1,41.50541,-81.66791,2025-09-14T07:30:00Z,36.04,Trim 27.1 from 2025-07-01 onward
27.1,27.1,41.50541,-81.66791,2025-09-14T09:30:00Z,223.079,Trim 27.1 from 2025-07-01 onward
27.1,27.1,41.50541,-81.66791,2025-09-14T11:00:00Z,173.834,Trim 27.1 from 2025-07-01 onward
27.1,27.1,41.50541,-81.66791,2025-09-14T12:00:00Z,7.287,Trim 27.1 from 2025-07-01 onward
27.1,27.1,41.50541,-81.66791,2025-09-14T12:30:00Z,4.466,Trim 27.1 from 2025-07-01 onward
27.1,27.1,41.50541,-81.66791,2025-09-14T13:00:00Z,3.449,Trim 27.1 from 2025-07-01 onward
27.1,27.1,41.50541,-81.66791,2025-09-14T13:30:00Z,2.776,Trim 27.1 from 2025-07-01 onward
27.1,27.1,41.50541,-81.66791,2025-09-14T14:30:00Z,1.475,Trim 27.1 from 2025-07-01 onward
27.1,27.1,41.50541,-81.66791,2025-09-14T15:30:00Z,5.713,Trim 27.1 from 2025-07-01 onward
27.1,27.1,41.50541,-81.66791,2025-09-14T16:30:00Z,2.18,Trim 27.1 from 2025-07-01 onward
27.1,27.1,41.50541,-81.66791,2025-09-14T17:00:00Z,1.931,Trim 27.1 from 2025-07-01 onward
27.1,27.1,41.50541,-81.66791,2025-09-14T17:30:00Z,4.444,Trim 27.1 from 2025-07-01 onward
27.1,27.1,41.50541,-81.66791,2025-09-14T18:00:00Z,4.666,Trim 27.1 from 2025-07-01 onward
27.1,27.1,41.50541,-81.66791,2025-09-14T19:30:00Z,5.411,Trim 27.1 from 2025-07-01 onward
27.1,27.1,41.50541,-81.66791,2025-09-14T20:30:00Z,48.047,Trim 27.1 from 2025-07-01 onward
27.1,27.1,41.50541,-81.66791,2025-09-14T21:00:00Z,4.894,Trim 27.1 from 2025-07-01 onward
27.1,27.1,41.50541,-81.66791,2025-09-14T21:30:00Z,4.838,Trim 27.1 from 2025-07-01 onward
27.1,27.1,41.50541,-81.66791,2025-09-14T22:00:00Z,3.467,Trim 27.1 from 2025-07-01 onward
27.1,27.1,41.50541,-81.66791,2025-09-14T23:30:00Z,2.427,Trim 27.1 from 2025-07-01 onward
27.1,27.1,41.50541,-81.66791,2025-09-15T00:00:00Z,4.072,Trim 27.1 from 2025-07-01 onward
27.1,27.1,41.50541,-81.66791,2025-09-15T01:30:00Z,6.646,Trim 27.1 from 2025-07-01 onward
27.1,27.1,41.50541,-81.66791,2025-09-15T02:00:00Z,4.257,Trim 27.1 from 2025-07-01 onward
27.1,27.1,41.50541,-81.66791,2025-09-15T02:30:00Z,4.263,Trim 27.1 from 2025-07-01 onward
27.1,27.1,41.50541,-81.66791,2025-09-15T03:00:00Z,6.04,Trim 27.1 from 2025-07-01 onward
27.1,27.1,41.50541,-81.66791,2025-09-15T03:30:00Z,5.976,Trim 27.1 from 2025-07-01 onward
27.1,27.1,41.50541,-81.66791,2025-09-15T05:00:00Z,5.922,Trim 27.1 from 2025-07-01 onward
27.1,27.1,41.50541,-81.66791,2025-09-15T05:30:00Z,24.745,Trim 27.1 from 2025-07-01 onward
27.1,27.1,41.50541,-81.66791,2025-09-15T06:00:00Z,11.94,Trim 27.1 from 2025-07-01 onward
27.1,27.1,41.50541,-81.66791,2025-09-15T06:30:00Z,15.906,Trim 27.1 from 2025-07-01 onward
27.1,27.1,41.50541,-81.66791,2025-09-15T07:30:00Z,13.848,Trim 27.1 from 2025-07-01 onward
27.1,27.1,41.50541,-81.66791,2025-09-15T08:00:00Z,26.165,Trim 27.1 from 2025-07-01 onward
27.1,27.1,41.50541,-81.66791,2025-09-15T10:00:00Z,88.228,Trim 27.1 from 2025-07-01 onward
27.1,27.1,41.50541,-81.66791,2025-09-15T10:30:00Z,88.228,Trim 27.1 from 2025-07-01 onward
27.1,27.1,41.50541,-81.66791,2025-09-15T11:30:00Z,88.228,Trim 27.1 from 2025-07-01 onward
27.1,27.1,41.50541,-81.66791,2025-09-15T12:30:00Z,15.343,Trim 27.1 from 2025-07-01 onward
27.1,27.1,41.50541,-81.66791,2025-09-15T13:00:00Z,7.39,Trim 27.1 from 2025-07-01 onward
27.1,27.1,41.50541,-81.66791,2025-09-15T14:00:00Z,2.98,Trim 27.1 from 2025-07-01 onward
27.1,27.1,41.50541,-81.66791,2025-09-15T14:30:00Z,4.548,Trim 27.1 from 2025-07-01 onward
27.1,27.1,41.50541,-81.66791,2025-09-15T15:00:00Z,4.318,Trim 27.1 from 2025-07-01 onward
27.1,27.1,41.50541,-81.66791,2025-09-15T16:00:00Z,3.078,Trim 27.1 from 2025-07-01 onward
27.1,27.1,41.50541,-81.66791,2025-09-15T16:30:00Z,3.117,Trim 27.1 from 2025-07-01 onward
27.1,27.1,41.50541,-81.66791,2025-09-15T18:00:00Z,2.671,Trim 27.1 from 2025-07-01 onward
27.1,27.1,41.50541,-81.66791,2025-09-15T19:30:00Z,4.001,Trim 27.1 from 2025-07-01 onward
27.1,27.1,41.50541,-81.66791,2025-09-15T21:00:00Z,2.292,Trim 27.1 from 2025-07-01 onward
27.1,27.1,41.50541,-81.66791,2025-09-15T21:30:00Z,2.25,Trim 27.1 from 2025-07-01 onward
27.1,27.1,41.50541,-81.66791,2025-09-15T22:00:00Z,32.481,Trim 27.1 from 2025-07-01 onward
27.1,27.1,41.50541,-81.66791,2025-09-15T22:30:00Z,56.161,Trim 27.1 from 2025-07-01 onward
27.1,27.1,41.50541,-81.66791,2025-09-15T23:30:00Z,6.365,Trim 27.1 from 2025-07-01 onward
27.1,27.1,41.50541,-81.66791,2025-09-16T00:30:00Z,4.154,Trim 27.1 from 2025-07-01 onward
27.1,27.1,41.50541,-81.66791,2025-09-16T01:00:00Z,6.995,Trim 27.1 from 2025-07-01 onward
27.1,27.1,41.50541,-81.66791,2025-09-16T01:30:00Z,1.906,Trim 27.1 from 2025-07-01 onward
27.1,27.1,41.50541,-81.66791,2025-09-16T03:00:00Z,2.564,Trim 27.1 from 2025-07-01 onward
27.1,27.1,41.50541,-81.66791,2025-09-16T04:00:00Z,3.392,Trim 27.1 from 2025-07-01 onward
27.1,27.1,41.50541,-81.66791,2025-09-16T04:30:00Z,12.621,Trim 27.1 from 2025-07-01 onward
27.1,27.1,41.50541,-81.66791,2025-09-16T05:30:00Z,3.846,Trim 27.1 from 2025-07-01 onward
27.1,27.1,41.50541,-81.66791,2025-09-16T06:30:00Z,2.641,Trim 27.1 from 2025-07-01 onward
27.1,27.1,41.50541,-81.66791,2025-09-16T07:30:00Z,14.992,Trim 27.1 from 2025-07-01 onward
27.1,27.1,41.50541,-81.66791,2025-09-16T08:00:00Z,9.165,Trim 27.1 from 2025-07-01 onward
27.1,27.1,41.50541,-81.66791,2025-09-16T09:00:00Z,13.165,Trim 27.1 from 2025-07-01 onward
27.1,27.1,41.50541,-81.66791,2025-09-16T10:00:00Z,59.369,Trim 27.1 from 2025-07-01 onward
27.1,27.1,41.50541,-81.66791,2025-09-16T10:30:00Z,40.748,Trim 27.1 from 2025-07-01 onward
27.1,27.1,41.50541,-81.66791,2025-09-16T11:30:00Z,170.351,Trim 27.1 from 2025-07-01 onward
27.1,27.1,41.50541,-81.66791,2025-09-16T12:00:00Z,4.749,Trim 27.1 from 2025-07-01 onward
27.1,27.1,41.50541,-81.66791,2025-09-16T12:30:00Z,5.245,Trim 27.1 from 2025-07-01 onward
27.1,27.1,41.50541,-81.66791,2025-09-16T13:00:00Z,5.145,Trim 27.1 from 2025-07-01 onward
27.1,27.1,41.50541,-81.66791,2025-09-16T13:30:00Z,3.706,Trim 27.1 from 2025-07-01 onward
27.1,27.1,41.50541,-81.66791,2025-09-16T14:00:00Z,3.452,Trim 27.1 from 2025-07-01 onward
27.1,27.1,41.50541,-81.66791,2025-09-16T15:00:00Z,10.634,Trim 27.1 from 2025-07-01 onward
27.1,27.1,41.50541,-81.66791,2025-09-16T15:30:00Z,6.964,Trim 27.1 from 2025-07-01 onward
27.1,27.1,41.50541,-81.66791,2025-09-16T16:00:00Z,4.624,Trim 27.1 from 2025-07-01 onward
27.1,27.1,41.50541,-81.66791,2025-09-16T16:30:00Z,7.083,Trim 27.1 from 2025-07-01 onward
27.1,27.1,41.50541,-81.66791,2025-09-16T17:00:00Z,4.705,Trim 27.1 from 2025-07-01 onward
27.1,27.1,41.50541,-81.66791,2025-09-16T18:00:00Z,6.15,Trim 27.1 from 2025-07-01 onward
27.1,27.1,41.50541,-81.66791,2025-09-16T18:30:00Z,3.951,Trim 27.1 from 2025-07-01 onward
27.1,27.1,41.50541,-81.66791,2025-09-16T19:30:00Z,5.8,Trim 27.1 from 2025-07-01 onward
27.1,27.1,41.50541,-81.66791,2025-09-16T20:00:00Z,3.46,Trim 27.1 from 2025-07-01 onward
27.1,27.1,41.50541,-81.66791,2025-09-16T21:00:00Z,4.557,Trim 27.1 from 2025-07-01 onward
27.1,27.1,41.50541,-81.66791,2025-09-16T22:00:00Z,4.602,Trim 27.1 from 2025-07-01 onward
27.1,27.1,41.50541,-81.66791,2025-09-16T22:30:00Z,4.158,Trim 27.1 from 2025-07-01 onward
27.1,27.1,41.50541,-81.66791,2025-09-16T23:00:00Z,4.913,Trim 27.1 from 2025-07-01 onward
27.1,27.1,41.50541,-81.66791,2025-09-17T00:00:00Z,5.973,Trim 27.1 from 2025-07-01 onward
27.1,27.1,41.50541,-81.66791,2025-09-17T00:30:00Z,3.524,Trim 27.1 from 2025-07-01 onward
27.1,27.1,41.50541,-81.66791,2025-09-17T01:00:00Z,3.308,Trim 27.1 from 2025-07-01 onward
27.1,27.1,41.50541,-81.66791,2025-09-17T01:30:00Z,79.989,Trim 27.1 from 2025-07-01 onward
27.1,27.1,41.50541,-81.66791,2025-09-17T02:00:00Z,2.675,Trim 27.1 from 2025-07-01 onward
27.1,27.1,41.50541,-81.66791,2025-09-17T03:00:00Z,5.407,Trim 27.1 from 2025-07-01 onward
27.1,27.1,41.50541,-81.66791,2025-09-17T03:30:00Z,12.326,Trim 27.1 from 2025-07-01 onward
27.1,27.1,41.50541,-81.66791,2025-09-17T04:00:00Z,5.294,Trim 27.1 from 2025-07-01 onward
27.1,27.1,41.50541,-81.66791,2025-09-17T04:30:00Z,6.779,Trim 27.1 from 2025-07-01 onward
27.1,27.1,41.50541,-81.66791,2025-09-17T05:00:00Z,6.652,Trim 27.1 from 2025-07-01 onward
27.1,27.1,41.50541,-81.66791,2025-09-17T05:30:00Z,10.502,Trim 27.1 from 2025-07-01 onward
27.1,27.1,41.50541,-81.66791,2025-09-17T06:00:00Z,7.503,Trim 27.1 from 2025-07-01 onward
27.1,27.1,41.50541,-81.66791,2025-09-17T06:30:00Z,15.176,Trim 27.1 from 2025-07-01 onward
27.1,27.1,41.50541,-81.66791,2025-09-17T07:00:00Z,30.123,Trim 27.1 from 2025-07-01 onward
27.1,27.1,41.50541,-81.66791,2025-09-17T07:30:00Z,21.62,Trim 27.1 from 2025-07-01 onward
27.1,27.1,41.50541,-81.66791,2025-09-17T08:30:00Z,37.547,Trim 27.1 from 2025-07-01 onward
27.1,27.1,41.50541,-81.66791,2025-09-17T09:00:00Z,53.875,Trim 27.1 from 2025-07-01 onward
27.1,27.1,41.50541,-81.66791,2025-09-17T09:30:00Z,82.618,Trim 27.1 from 2025-07-01 onward
27.1,27.1,41.50541,-81.66791,2025-09-17T10:30:00Z,111.323,Trim 27.1 from 2025-07-01 onward
27.1,27.1,41.50541,-81.66791,2025-09-17T12:00:00Z,16.051,Trim 27.1 from 2025-07-01 onward
27.1,27.1,41.50541,-81.66791,2025-09-17T14:00:00Z,3.981,Trim 27.1 from 2025-07-01 onward
27.1,27.1,41.50541,-81.66791,2025-09-17T14:30:00Z,5.729,Trim 27.1 from 2025-07-01 onward
27.1,27.1,41.50541,-81.66791,2025-09-17T15:00:00Z,11.002,Trim 27.1 from 2025-07-01 onward
27.1,27.1,41.50541,-81.66791,2025-09-17T16:00:00Z,3.66,Trim 27.1 from 2025-07-01 onward
27.1,27.1,41.50541,-81.66791,2025-09-17T16:30:00Z,4.766,Trim 27.1 from 2025-07-01 onward
27.1,27.1,41.50541,-81.66791,2025-09-17T17:00:00Z,3.041,Trim 27.1 from 2025-07-01 onward
27.1,27.1,41.50541,-81.66791,2025-09-17T18:00:00Z,4.711,Trim 27.1 from 2025-07-01 onward
27.1,27.1,41.50541,-81.66791,2025-09-17T19:00:00Z,3.45,Trim 27.1 from 2025-07-01 onward
27.1,27.1,41.50541,-81.66791,2025-09-17T19:30:00Z,2.38,Trim 27.1 from 2025-07-01 onward
27.1,27.1,41.50541,-81.66791,2025-09-17T22:00:00Z,3.907,Trim 27.1 from 2025-07-01 onward
27.1,27.1,41.50541,-81.66791,2025-09-17T23:00:00Z,3.287,Trim 27.1 from 2025-07-01 onward
27.1,27.1,41.50541,-81.66791,2025-09-18T01:00:00Z,2.367,Trim 27.1 from 2025-07-01 onward
27.1,27.1,41.50541,-81.66791,2025-09-18T01:30:00Z,6.1,Trim 27.1 from 2025-07-01 onward
27.1,27.1,41.50541,-81.66791,2025-09-18T02:00:00Z,5.372,Trim 27.1 from 2025-07-01 onward
27.1,27.1,41.50541,-81.66791,2025-09-18T02:30:00Z,5.284,Trim 27.1 from 2025-07-01 onward
27.1,27.1,41.50541,-81.66791,2025-09-18T03:00:00Z,3.632,Trim 27.1 from 2025-07-01 onward
27.1,27.1,41.50541,-81.66791,2025-09-18T03:30:00Z,6.031,Trim 27.1 from 2025-07-01 onward
27.1,27.1,41.50541,-81.66791,2025-09-18T04:00:00Z,8.34,Trim 27.1 from 2025-07-01 onward
27.1,27.1,41.50541,-81.66791,2025-09-18T04:30:00Z,8.941,Trim 27.1 from 2025-07-01 onward
27.1,27.1,41.50541,-81.66791,2025-09-18T05:30:00Z,18.353,Trim 27.1 from 2025-07-01 onward
27.1,27.1,41.50541,-81.66791,2025-09-18T06:00:00Z,34.244,Trim 27.1 from 2025-07-01 onward
27.1,27.1,41.50541,-81.66791,2025-09-18T06:30:00Z,129.333,Trim 27.1 from 2025-07-01 onward
27.1,27.1,41.50541,-81.66791,2025-09-18T07:30:00Z,124.702,Trim 27.1 from 2025-07-01 onward
27.1,27.1,41.50541,-81.66791,2025-09-18T08:00:00Z,158.971,Trim 27.1 from 2025-07-01 onward
27.1,27.1,41.50541,-81.66791,2025-09-18T08:30:00Z,142.823,Trim 27.1 from 2025-07-01 onward
27.1,27.1,41.50541,-81.66791,2025-09-18T09:00:00Z,153.477,Trim 27.1 from 2025-07-01 onward
27.1,27.1,41.50541,-81.66791,2025-09-18T09:30:00Z,133.125,Trim 27.1 from 2025-07-01 onward
27.1,27.1,41.50541,-81.66791,2025-09-18T10:00:00Z,210.107,Trim 27.1 from 2025-07-01 onward
27.1,27.1,41.50541,-81.66791,2025-09-18T10:30:00Z,214.673,Trim 27.1 from 2025-07-01 onward
27.1,27.1,41.50541,-81.66791,2025-09-18T12:00:00Z,157.547,Trim 27.1 from 2025-07-01 onward
27.1,27.1,41.50541,-81.66791,2025-09-18T12:30:00Z,13.876,Trim 27.1 from 2025-07-01 onward
27.1,27.1,41.50541,-81.66791,2025-09-18T14:00:00Z,6.211,Trim 27.1 from 2025-07-01 onward
27.1,27.1,41.50541,-81.66791,2025-09-18T14:30:00Z,4.951,Trim 27.1 from 2025-07-01 onward
27.1,27.1,41.50541,-81.66791,2025-09-18T15:00:00Z,3.695,Trim 27.1 from 2025-07-01 onward
27.1,27.1,41.50541,-81.66791,2025-09-18T15:30:00Z,4.082,Trim 27.1 from 2025-07-01 onward
27.1,27.1,41.50541,-81.66791,2025-09-18T16:30:00Z,2.107,Trim 27.1 from 2025-07-01 onward
27.1,27.1,41.50541,-81.66791,2025-09-18T17:00:00Z,4.063,Trim 27.1 from 2025-07-01 onward
27.1,27.1,41.50541,-81.66791,2025-09-18T18:30:00Z,4.996,Trim 27.1 from 2025-07-01 onward
27.1,27.1,41.50541,-81.66791,2025-09-18T19:00:00Z,2.738,Trim 27.1 from 2025-07-01 onward
27.1,27.1,41.50541,-81.66791,2025-09-18T19:30:00Z,2.702,Trim 27.1 from 2025-07-01 onward
27.1,27.1,41.50541,-81.66791,2025-09-18T20:30:00Z,7.131,Trim 27.1 from 2025-07-01 onward
27.1,27.1,41.50541,-81.66791,2025-09-18T21:00:00Z,3.123,Trim 27.1 from 2025-07-01 onward
27.1,27.1,41.50541,-81.66791,2025-09-18T22:00:00Z,3.955,Trim 27.1 from 2025-07-01 onward
27.1,27.1,41.50541,-81.66791,2025-09-18T23:00:00Z,4.777,Trim 27.1 from 2025-07-01 onward
27.1,27.1,41.50541,-81.66791,2025-09-18T23:30:00Z,1.824,Trim 27.1 from 2025-07-01 onward
27.1,27.1,41.50541,-81.66791,2025-09-19T00:00:00Z,1.306,Trim 27.1 from 2025-07-01 onward
27.1,27.1,41.50541,-81.66791,2025-09-19T00:30:00Z,4.932,Trim 27.1 from 2025-07-01 onward
27.1,27.1,41.50541,-81.66791,2025-09-19T02:30:00Z,3.285,Trim 27.1 from 2025-07-01 onward
27.1,27.1,41.50541,-81.66791,2025-09-19T04:00:00Z,9.231,Trim 27.1 from 2025-07-01 onward
27.1,27.1,41.50541,-81.66791,2025-09-19T05:30:00Z,10.999,Trim 27.1 from 2025-07-01 onward
27.1,27.1,41.50541,-81.66791,2025-09-19T06:00:00Z,10.655,Trim 27.1 from 2025-07-01 onward
27.1,27.1,41.50541,-81.66791,2025-09-19T06:30:00Z,5.882,Trim 27.1 from 2025-07-01 onward
27.1,27.1,41.50541,-81.66791,2025-09-19T07:00:00Z,7.851,Trim 27.1 from 2025-07-01 onward
27.1,27.1,41.50541,-81.66791,2025-09-19T08:00:00Z,12.307,Trim 27.1 from 2025-07-01 onward
27.1,27.1,41.50541,-81.66791,2025-09-19T09:00:00Z,16.883,Trim 27.1 from 2025-07-01 onward
27.1,27.1,41.50541,-81.66791,2025-09-19T09:30:00Z,9.15,Trim 27.1 from 2025-07-01 onward
27.1,27.1,41.50541,-81.66791,2025-09-19T10:00:00Z,16.681,Trim 27.1 from 2025-07-01 onward
27.1,27.1,41.50541,-81.66791,2025-09-19T10:30:00Z,10.532,Trim 27.1 from 2025-07-01 onward
27.1,27.1,41.50541,-81.66791,2025-09-19T11:30:00Z,22.813,Trim 27.1 from 2025-07-01 onward
27.1,27.1,41.50541,-81.66791,2025-09-19T12:30:00Z,6.573,Trim 27.1 from 2025-07-01 onward
27.1,27.1,41.50541,-81.66791,2025-09-19T13:00:00Z,5.306,Trim 27.1 from 2025-07-01 onward
27.1,27.1,41.50541,-81.66791,2025-09-19T14:00:00Z,6.069,Trim 27.1 from 2025-07-01 onward
27.1,27.1,41.50541,-81.66791,2025-09-19T15:00:00Z,4.73,Trim 27.1 from 2025-07-01 onward
27.1,27.1,41.50541,-81.66791,2025-09-19T15:30:00Z,3.367,Trim 27.1 from 2025-07-01 onward
27.1,27.1,41.50541,-81.66791,2025-09-19T16:00:00Z,2.443,Trim 27.1 from 2025-07-01 onward
27.1,27.1,41.50541,-81.66791,2025-09-19T17:00:00Z,26.082,Trim 27.1 from 2025-07-01 onward
27.1,27.1,41.50541,-81.66791,2025-09-19T18:00:00Z,26.43,Trim 27.1 from 2025-07-01 onward
27.1,27.1,41.50541,-81.66791,2025-09-19T18:30:00Z,3.6,Trim 27.1 from 2025-07-01 onward
27.1,27.1,41.50541,-81.66791,2025-09-19T19:00:00Z,4.042,Trim 27.1 from 2025-07-01 onward
27.1,27.1,41.50541,-81.66791,2025-09-19T19:30:00Z,3.223,Trim 27.1 from 2025-07-01 onward
27.1,27.1,41.50541,-81.66791,2025-09-19T20:00:00Z,7.909,Trim 27.1 from 2025-07-01 onward
27.1,27.1,41.50541,-81.66791,2025-09-19T20:30:00Z,2.72,Trim 27.1 from 2025-07-01 onward
27.1,27.1,41.50541,-81.66791,2025-09-19T21:00:00Z,2.72,Trim 27.1 from 2025-07-01 onward
27.1,27.1,41.50541,-81.66791,2025-09-19T21:30:00Z,3.747,Trim 27.1 from 2025-07-01 onward
27.1,27.1,41.50541,-81.66791,2025-09-19T22:00:00Z,1.49,Trim 27.1 from 2025-07-01 onward
27.1,27.1,41.50541,-81.66791,2025-09-19T22:30:00Z,2.696,Trim 27.1 from 2025-07-01 onward
27.1,27.1,41.50541,-81.66791,2025-09-19T23:30:00Z,2.533,Trim 27.1 from 2025-07-01 onward
27.1,27.1,41.50541,-81.66791,2025-09-20T00:30:00Z,10.079,Trim 27.1 from 2025-07-01 onward
27.1,27.1,41.50541,-81.66791,2025-09-20T01:00:00Z,4.508,Trim 27.1 from 2025-07-01 onward
27.1,27.1,41.50541,-81.66791,2025-09-20T01:30:00Z,2.824,Trim 27.1 from 2025-07-01 onward
27.1,27.1,41.50541,-81.66791,2025-09-20T02:00:00Z,2.154,Trim 27.1 from 2025-07-01 onward
27.1,27.1,41.50541,-81.66791,2025-09-20T02:30:00Z,6.631,Trim 27.1 from 2025-07-01 onward
27.1,27.1,41.50541,-81.66791,2025-09-20T03:30:00Z,69.17,Trim 27.1 from 2025-07-01 onward
27.1,27.1,41.50541,-81.66791,2025-09-20T04:00:00Z,1.688,Trim 27.1 from 2025-07-01 onward
27.1,27.1,41.50541,-81.66791,2025-09-20T05:00:00Z,3.378,Trim 27.1 from 2025-07-01 onward
27.1,27.1,41.50541,-81.66791,2025-09-20T06:00:00Z,5.956,Trim 27.1 from 2025-07-01 onward
27.1,27.1,41.50541,-81.66791,2025-09-20T06:30:00Z,5.346,Trim 27.1 from 2025-07-01 onward
27.1,27.1,41.50541,-81.66791,2025-09-20T07:00:00Z,4.813,Trim 27.1 from 2025-07-01 onward
27.1,27.1,41.50541,-81.66791,2025-09-20T07:30:00Z,162.113,Trim 27.1 from 2025-07-01 onward
27.1,27.1,41.50541,-81.66791,2025-09-20T08:00:00Z,193.074,Trim 27.1 from 2025-07-01 onward
27.1,27.1,41.50541,-81.66791,2025-09-20T10:00:00Z,85.6,Trim 27.1 from 2025-07-01 onward
27.1,27.1,41.50541,-81.66791,2025-09-20T10:30:00Z,13.531,Trim 27.1 from 2025-07-01 onward
27.1,27.1,41.50541,-81.66791,2025-09-20T12:00:00Z,8.884,Trim 27.1 from 2025-07-01 onward
27.1,27.1,41.50541,-81.66791,2025-09-20T13:30:00Z,0.658,Trim 27.1 from 2025-07-01 onward
27.1,27.1,41.50541,-81.66791,2025-09-20T15:00:00Z,2.113,Trim 27.1 from 2025-07-01 onward
27.1,27.1,41.50541,-81.66791,2025-09-20T15:30:00Z,0.886,Trim 27.1 from 2025-07-01 onward
27.1,27.1,41.50541,-81.66791,2025-09-20T16:00:00Z,1.314,Trim 27.1 from 2025-07-01 onward
27.1,27.1,41.50541,-81.66791,2025-09-20T16:30:00Z,2.002,Trim 27.1 from 2025-07-01 onward
27.1,27.1,41.50541,-81.66791,2025-09-20T17:00:00Z,1.615,Trim 27.1 from 2025-07-01 onward
27.1,27.1,41.50541,-81.66791,2025-09-20T17:30:00Z,0.646,Trim 27.1 from 2025-07-01 onward
27.1,27.1,41.50541,-81.66791,2025-09-20T18:00:00Z,0.798,Trim 27.1 from 2025-07-01 onward
27.1,27.1,41.50541,-81.66791,2025-09-20T18:30:00Z,1.533,Trim 27.1 from 2025-07-01 onward
27.1,27.1,41.50541,-81.66791,2025-09-20T19:00:00Z,6.012,Trim 27.1 from 2025-07-01 onward
27.1,27.1,41.50541,-81.66791,2025-09-20T20:00:00Z,1.329,Trim 27.1 from 2025-07-01 onward
27.1,27.1,41.50541,-81.66791,2025-09-20T21:00:00Z,1.638,Trim 27.1 from 2025-07-01 onward
27.1,27.1,41.50541,-81.66791,2025-09-20T21:30:00Z,32.155,Trim 27.1 from 2025-07-01 onward
27.1,27.1,41.50541,-81.66791,2025-09-20T22:00:00Z,1.053,Trim 27.1 from 2025-07-01 onward
27.1,27.1,41.50541,-81.66791,2025-09-20T23:00:00Z,4.016,Trim 27.1 from 2025-07-01 onward
27.1,27.1,41.50541,-81.66791,2025-09-20T23:30:00Z,4.016,Trim 27.1 from 2025-07-01 onward
27.1,27.1,41.50541,-81.66791,2025-09-21T00:00:00Z,4.015,Trim 27.1 from 2025-07-01 onward
27.1,27.1,41.50541,-81.66791,2025-09-21T00:30:00Z,1.399,Trim 27.1 from 2025-07-01 onward
27.1,27.1,41.50541,-81.66791,2025-09-21T01:30:00Z,1.16,Trim 27.1 from 2025-07-01 onward
27.1,27.1,41.50541,-81.66791,2025-09-21T02:00:00Z,2.493,Trim 27.1 from 2025-07-01 onward
27.1,27.1,41.50541,-81.66791,2025-09-21T02:30:00Z,4.157,Trim 27.1 from 2025-07-01 onward
27.1,27.1,41.50541,-81.66791,2025-09-21T03:30:00Z,1.812,Trim 27.1 from 2025-07-01 onward
27.1,27.1,41.50541,-81.66791,2025-09-21T04:00:00Z,5.209,Trim 27.1 from 2025-07-01 onward
27.1,27.1,41.50541,-81.66791,2025-09-21T05:30:00Z,3.69,Trim 27.1 from 2025-07-01 onward
27.1,27.1,41.50541,-81.66791,2025-09-21T06:00:00Z,1.117,Trim 27.1 from 2025-07-01 onward
27.1,27.1,41.50541,-81.66791,2025-09-21T07:30:00Z,8.614,Trim 27.1 from 2025-07-01 onward
27.1,27.1,41.50541,-81.66791,2025-09-21T08:00:00Z,4.436,Trim 27.1 from 2025-07-01 onward
27.1,27.1,41.50541,-81.66791,2025-09-21T08:30:00Z,6.64,Trim 27.1 from 2025-07-01 onward
27.1,27.1,41.50541,-81.66791,2025-09-21T09:00:00Z,9.353,Trim 27.1 from 2025-07-01 onward
27.1,27.1,41.50541,-81.66791,2025-09-21T10:00:00Z,21.67,Trim 27.1 from 2025-07-01 onward
27.1,27.1,41.50541,-81.66791,2025-09-21T10:30:00Z,11.615,Trim 27.1 from 2025-07-01 onward
27.1,27.1,41.50541,-81.66791,2025-09-21T11:00:00Z,19.557,Trim 27.1 from 2025-07-01 onward
27.1,27.1,41.50541,-81.66791,2025-09-21T11:30:00Z,12.078,Trim 27.1 from 2025-07-01 onward
27.1,27.1,41.50541,-81.66791,2025-09-21T12:00:00Z,6.096,Trim 27.1 from 2025-07-01 onward
27.1,27.1,41.50541,-81.66791,2025-09-21T13:00:00Z,2.629,Trim 27.1 from 2025-07-01 onward
27.1,27.1,41.50541,-81.66791,2025-09-21T14:00:00Z,3.285,Trim 27.1 from 2025-07-01 onward
27.1,27.1,41.50541,-81.66791,2025-09-21T15:00:00Z,5.841,Trim 27.1 from 2025-07-01 onward
27.1,27.1,41.50541,-81.66791,2025-09-21T15:30:00Z,1.978,Trim 27.1 from 2025-07-01 onward
27.1,27.1,41.50541,-81.66791,2025-09-21T16:00:00Z,2.901,Trim 27.1 from 2025-07-01 onward
27.1,27.1,41.50541,-81.66791,2025-09-21T17:30:00Z,6.435,Trim 27.1 from 2025-07-01 onward
27.1,27.1,41.50541,-81.66791,2025-09-21T18:00:00Z,6.371,Trim 27.1 from 2025-07-01 onward
27.1,27.1,41.50541,-81.66791,2025-09-21T18:30:00Z,4.86,Trim 27.1 from 2025-07-01 onward
27.1,27.1,41.50541,-81.66791,2025-09-21T19:30:00Z,5.557,Trim 27.1 from 2025-07-01 onward
27.1,27.1,41.50541,-81.66791,2025-09-21T20:30:00Z,4.527,Trim 27.1 from 2025-07-01 onward
27.1,27.1,41.50541,-81.66791,2025-09-21T21:00:00Z,5.233,Trim 27.1 from 2025-07-01 onward
27.1,27.1,41.50541,-81.66791,2025-09-21T21:30:00Z,14.888,Trim 27.1 from 2025-07-01 onward
27.1,27.1,41.50541,-81.66791,2025-09-21T22:00:00Z,64.605,Trim 27.1 from 2025-07-01 onward
27.1,27.1,41.50541,-81.66791,2025-09-21T22:30:00Z,15.47,Trim 27.1 from 2025-07-01 onward
27.1,27.1,41.50541,-81.66791,2025-09-21T23:00:00Z,6.844,Trim 27.1 from 2025-07-01 onward
27.1,27.1,41.50541,-81.66791,2025-09-21T23:30:00Z,14.569,Trim 27.1 from 2025-07-01 onward
27.1,27.1,41.50541,-81.66791,2025-09-22T00:00:00Z,46.777,Trim 27.1 from 2025-07-01 onward
27.1,27.1,41.50541,-81.66791,2025-09-22T00:30:00Z,32.155,Trim 27.1 from 2025-07-01 onward
27.1,27.1,41.50541,-81.66791,2025-09-22T02:00:00Z,83.008,Trim 27.1 from 2025-07-01 onward
27.1,27.1,41.50541,-81.66791,2025-09-22T03:30:00Z,22.001,Trim 27.1 from 2025-07-01 onward
27.1,27.1,41.50541,-81.66791,2025-09-22T04:30:00Z,35.637,Trim 27.1 from 2025-07-01 onward
27.1,27.1,41.50541,-81.66791,2025-09-22T05:30:00Z,40.628,Trim 27.1 from 2025-07-01 onward
27.1,27.1,41.50541,-81.66791,2025-09-22T07:00:00Z,46.362,Trim 27.1 from 2025-07-01 onward
27.1,27.1,41.50541,-81.66791,2025-09-22T08:30:00Z,20.057,Trim 27.1 from 2025-07-01 onward
27.1,27.1,41.50541,-81.66791,2025-09-22T10:00:00Z,132.223,Trim 27.1 from 2025-07-01 onward
27.1,27.1,41.50541,-81.66791,2025-09-22T10:30:00Z,120.743,Trim 27.1 from 2025-07-01 onward
27.1,27.1,41.50541,-81.66791,2025-09-22T11:30:00Z,143.267,Trim 27.1 from 2025-07-01 onward
27.1,27.1,41.50541,-81.66791,2025-09-22T13:30:00Z,104.047,Trim 27.1 from 2025-07-01 onward
27.1,27.1,41.50541,-81.66791,2025-09-22T14:00:00Z,9.68,Trim 27.1 from 2025-07-01 onward
27.1,27.1,41.50541,-81.66791,2025-09-22T14:30:00Z,17.387,Trim 27.1 from 2025-07-01 onward
27.1,27.1,41.50541,-81.66791,2025-09-22T15:30:00Z,12.619,Trim 27.1 from 2025-07-01 onward
27.1,27.1,41.50541,-81.66791,2025-09-22T16:30:00Z,5.993,Trim 27.1 from 2025-07-01 onward
27.1,27.1,41.50541,-81.66791,2025-09-22T17:00:00Z,5.481,Trim 27.1 from 2025-07-01 onward
27.1,27.1,41.50541,-81.66791,2025-09-22T20:00:00Z,192.384,Trim 27.1 from 2025-07-01 onward
27.1,27.1,41.50541,-81.66791,2025-09-22T20:30:00Z,73.885,Trim 27.1 from 2025-07-01 onward
27.1,27.1,41.50541,-81.66791,2025-09-22T21:00:00Z,198.059,Trim 27.1 from 2025-07-01 onward
27.1,27.1,41.50541,-81.66791,2025-09-22T22:00:00Z,52.843,Trim 27.1 from 2025-07-01 onward
27.1,27.1,41.50541,-81.66791,2025-09-22T22:30:00Z,32.093,Trim 27.1 from 2025-07-01 onward
27.1,27.1,41.50541,-81.66791,2025-09-22T23:00:00Z,15.697,Trim 27.1 from 2025-07-01 onward
27.1,27.1,41.50541,-81.66791,2025-09-23T00:00:00Z,124.854,Trim 27.1 from 2025-07-01 onward
27.1,27.1,41.50541,-81.66791,2025-09-23T00:30:00Z,46.587,Trim 27.1 from 2025-07-01 onward
27.1,27.1,41.50541,-81.66791,2025-09-23T03:00:00Z,14.521,Trim 27.1 from 2025-07-01 onward
27.1,27.1,41.50541,-81.66791,2025-09-23T04:00:00Z,35.544,Trim 27.1 from 2025-07-01 onward
27.1,27.1,41.50541,-81.66791,2025-09-26T13:00:00Z,68.779,Trim 27.1 from 2025-07-01 onward
27.1,27.1,41.50541,-81.66791,2025-09-26T13:30:00Z,37.226,Trim 27.1 from 2025-07-01 onward
27.1,27.1,41.50541,-81.66791,2025-09-26T14:00:00Z,8.624,Trim 27.1 from 2025-07-01 onward
27.1,27.1,41.50541,-81.66791,2025-09-26T14:30:00Z,25.369,Trim 27.1 from 2025-07-01 onward
27.1,27.1,41.50541,-81.66791,2025-09-26T15:00:00Z,64.479,Trim 27.1 from 2025-07-01 onward
27.1,27.1,41.50541,-81.66791,2025-09-26T15:30:00Z,4.248,Trim 27.1 from 2025-07-01 onward
27.1,27.1,41.50541,-81.66791,2025-09-26T16:00:00Z,8.127,Trim 27.1 from 2025-07-01 onward
27.1,27.1,41.50541,-81.66791,2025-09-26T16:30:00Z,8.293,Trim 27.1 from 2025-07-01 onward
27.1,27.1,41.50541,-81.66791,2025-09-26T17:00:00Z,112.765,Trim 27.1 from 2025-07-01 onward
27.1,27.1,41.50541,-81.66791,2025-09-26T17:30:00Z,3.24,Trim 27.1 from 2025-07-01 onward
27.1,27.1,41.50541,-81.66791,2025-09-26T18:00:00Z,6.654,Trim 27.1 from 2025-07-01 onward
27.1,27.1,41.50541,-81.66791,2025-09-26T18:30:00Z,2.714,Trim 27.1 from 2025-07-01 onward
27.1,27.1,41.50541,-81.66791,2025-09-26T19:00:00Z,6.627,Trim 27.1 from 2025-07-01 onward
27.1,27.1,41.50541,-81.66791,2025-09-26T19:30:00Z,2.239,Trim 27.1 from 2025-07-01 onward
27.1,27.1,41.50541,-81.66791,2025-09-26T20:00:00Z,2.705,Trim 27.1 from 2025-07-01 onward
27.1,27.1,41.50541,-81.66791,2025-09-26T20:30:00Z,6.804,Trim 27.1 from 2025-07-01 onward
27.1,27.1,41.50541,-81.66791,2025-09-26T21:00:00Z,1.298,Trim 27.1 from 2025-07-01 onward
27.1,27.1,41.50541,-81.66791,2025-09-26T21:30:00Z,2.756,Trim 27.1 from 2025-07-01 onward
27.1,27.1,41.50541,-81.66791,2025-09-26T22:00:00Z,1.785,Trim 27.1 from 2025-07-01 onward
27.1,27.1,41.50541,-81.66791,2025-09-26T22:30:00Z,31.386,Trim 27.1 from 2025-07-01 onward
27.1,27.1,41.50541,-81.66791,2025-09-26T23:00:00Z,14.68,Trim 27.1 from 2025-07-01 onward
27.1,27.1,41.50541,-81.66791,2025-09-26T23:30:00Z,3.916,Trim 27.1 from 2025-07-01 onward
27.1,27.1,41.50541,-81.66791,2025-09-27T00:00:00Z,2.438,Trim 27.1 from 2025-07-01 onward
27.1,27.1,41.50541,-81.66791,2025-09-27T00:30:00Z,1.8,Trim 27.1 from 2025-07-01 onward
27.1,27.1,41.50541,-81.66791,2025-09-27T01:00:00Z,4.353,Trim 27.1 from 2025-07-01 onward
27.1,27.1,41.50541,-81.66791,2025-09-27T01:30:00Z,6.412,Trim 27.1 from 2025-07-01 onward
27.1,27.1,41.50541,-81.66791,2025-09-27T02:00:00Z,18.468,Trim 27.1 from 2025-07-01 onward
27.1,27.1,41.50541,-81.66791,2025-09-27T02:30:00Z,11.482,Trim 27.1 from 2025-07-01 onward
27.1,27.1,41.50541,-81.66791,2025-09-27T03:00:00Z,23.47,Trim 27.1 from 2025-07-01 onward
27.1,27.1,41.50541,-81.66791,2025-09-27T03:30:00Z,13.01,Trim 27.1 from 2025-07-01 onward
27.1,27.1,41.50541,-81.66791,2025-09-27T04:00:00Z,16.828,Trim 27.1 from 2025-07-01 onward
27.1,27.1,41.50541,-81.66791,2025-09-27T04:30:00Z,43.304,Trim 27.1 from 2025-07-01 onward
27.1,27.1,41.50541,-81.66791,2025-09-27T05:00:00Z,38.208,Trim 27.1 from 2025-07-01 onward
27.1,27.1,41.50541,-81.66791,2025-09-27T05:30:00Z,49.229,Trim 27.1 from 2025-07-01 onward
27.1,27.1,41.50541,-81.66791,2025-09-27T06:00:00Z,37.381,Trim 27.1 from 2025-07-01 onward
27.1,27.1,41.50541,-81.66791,2025-09-27T06:30:00Z,150.433,Trim 27.1 from 2025-07-01 onward
27.1,27.1,41.50541,-81.66791,2025-09-27T07:00:00Z,69.664,Trim 27.1 from 2025-07-01 onward
27.1,27.1,41.50541,-81.66791,2025-09-27T07:30:00Z,106.195,Trim 27.1 from 2025-07-01 onward
27.1,27.1,41.50541,-81.66791,2025-09-27T08:00:00Z,34.624,Trim 27.1 from 2025-07-01 onward
27.1,27.1,41.50541,-81.66791,2025-09-27T08:30:00Z,50.525,Trim 27.1 from 2025-07-01 onward
27.1,27.1,41.50541,-81.66791,2025-09-27T09:00:00Z,39.632,Trim 27.1 from 2025-07-01 onward
27.1,27.1,41.50541,-81.66791,2025-09-27T09:30:00Z,36.385,Trim 27.1 from 2025-07-01 onward
27.1,27.1,41.50541,-81.66791,2025-09-27T10:00:00Z,201.259,Trim 27.1 from 2025-07-01 onward
27.1,27.1,41.50541,-81.66791,2025-09-27T12:00:00Z,216.147,Trim 27.1 from 2025-07-01 onward
27.1,27.1,41.50541,-81.66791,2025-09-27T12:30:00Z,192.593,Trim 27.1 from 2025-07-01 onward
27.1,27.1,41.50541,-81.66791,2025-09-27T13:00:00Z,185.88,Trim 27.1 from 2025-07-01 onward
27.1,27.1,41.50541,-81.66791,2025-09-27T13:30:00Z,7.822,Trim 27.1 from 2025-07-01 onward
27.1,27.1,41.50541,-81.66791,2025-09-27T14:00:00Z,7.289,Trim 27.1 from 2025-07-01 onward
27.1,27.1,41.50541,-81.66791,2025-09-27T14:30:00Z,7.776,Trim 27.1 from 2025-07-01 onward
27.1,27.1,41.50541,-81.66791,2025-09-27T15:00:00Z,6.428,Trim 27.1 from 2025-07-01 onward
27.1,27.1,41.50541,-81.66791,2025-09-27T15:30:00Z,3.969,Trim 27.1 from 2025-07-01 onward
27.1,27.1,41.50541,-81.66791,2025-09-27T16:00:00Z,2.327,Trim 27.1 from 2025-07-01 onward
27.1,27.1,41.50541,-81.66791,2025-09-27T16:30:00Z,2.442,Trim 27.1 from 2025-07-01 onward
27.1,27.1,41.50541,-81.66791,2025-09-27T17:00:00Z,2.443,Trim 27.1 from 2025-07-01 onward
27.1,27.1,41.50541,-81.66791,2025-09-27T17:30:00Z,1.688,Trim 27.1 from 2025-07-01 onward
27.1,27.1,41.50541,-81.66791,2025-09-27T18:00:00Z,3.241,Trim 27.1 from 2025-07-01 onward
27.1,27.1,41.50541,-81.66791,2025-09-27T18:30:00Z,1.66,Trim 27.1 from 2025-07-01 onward
27.1,27.1,41.50541,-81.66791,2025-09-27T19:00:00Z,1.567,Trim 27.1 from 2025-07-01 onward
27.1,27.1,41.50541,-81.66791,2025-09-27T19:30:00Z,2.623,Trim 27.1 from 2025-07-01 onward
27.1,27.1,41.50541,-81.66791,2025-09-27T20:00:00Z,3.09,Trim 27.1 from 2025-07-01 onward
27.1,27.1,41.50541,-81.66791,2025-09-27T20:30:00Z,3.201,Trim 27.1 from 2025-07-01 onward
27.1,27.1,41.50541,-81.66791,2025-09-27T21:00:00Z,2.19,Trim 27.1 from 2025-07-01 onward
27.1,27.1,41.50541,-81.66791,2025-09-27T21:30:00Z,3.508,Trim 27.1 from 2025-07-01 onward
27.1,27.1,41.50541,-81.66791,2025-09-27T22:00:00Z,4.987,Trim 27.1 from 2025-07-01 onward
27.1,27.1,41.50541,-81.66791,2025-09-27T22:30:00Z,3.178,Trim 27.1 from 2025-07-01 onward
27.1,27.1,41.50541,-81.66791,2025-09-27T23:00:00Z,5.11,Trim 27.1 from 2025-07-01 onward
27.1,27.1,41.50541,-81.66791,2025-09-27T23:30:00Z,2.295,Trim 27.1 from 2025-07-01 onward
27.1,27.1,41.50541,-81.66791,2025-09-28T00:00:00Z,3.374,Trim 27.1 from 2025-07-01 onward
27.1,27.1,41.50541,-81.66791,2025-09-28T00:30:00Z,5.984,Trim 27.1 from 2025-07-01 onward
27.1,27.1,41.50541,-81.66791,2025-09-28T01:00:00Z,6.161,Trim 27.1 from 2025-07-01 onward
27.1,27.1,41.50541,-81.66791,2025-09-28T01:30:00Z,9.258,Trim 27.1 from 2025-07-01 onward
27.1,27.1,41.50541,-81.66791,2025-09-28T02:00:00Z,7.398,Trim 27.1 from 2025-07-01 onward
27.1,27.1,41.50541,-81.66791,2025-09-28T02:30:00Z,5.45,Trim 27.1 from 2025-07-01 onward
27.1,27.1,41.50541,-81.66791,2025-09-28T03:00:00Z,5.571,Trim 27.1 from 2025-07-01 onward
27.1,27.1,41.50541,-81.66791,2025-09-28T03:30:00Z,5.37,Trim 27.1 from 2025-07-01 onward
27.1,27.1,41.50541,-81.66791,2025-09-28T04:30:00Z,5.827,Trim 27.1 from 2025-07-01 onward
27.1,27.1,41.50541,-81.66791,2025-09-28T05:00:00Z,15.499,Trim 27.1 from 2025-07-01 onward
27.1,27.1,41.50541,-81.66791,2025-09-28T05:30:00Z,6.779,Trim 27.1 from 2025-07-01 onward
27.1,27.1,41.50541,-81.66791,2025-09-28T06:00:00Z,10.108,Trim 27.1 from 2025-07-01 onward
27.1,27.1,41.50541,-81.66791,2025-09-28T06:30:00Z,11.799,Trim 27.1 from 2025-07-01 onward
27.1,27.1,41.50541,-81.66791,2025-09-28T07:00:00Z,4.229,Trim 27.1 from 2025-07-01 onward
27.1,27.1,41.50541,-81.66791,2025-09-28T07:30:00Z,5.12,Trim 27.1 from 2025-07-01 onward
27.1,27.1,41.50541,-81.66791,2025-09-28T08:00:00Z,4.313,Trim 27.1 from 2025-07-01 onward
27.1,27.1,41.50541,-81.66791,2025-09-28T08:30:00Z,4.879,Trim 27.1 from 2025-07-01 onward
27.1,27.1,41.50541,-81.66791,2025-09-28T09:00:00Z,5.173,Trim 27.1 from 2025-07-01 onward
27.1,27.1,41.50541,-81.66791,2025-09-28T09:30:00Z,5.379,Trim 27.1 from 2025-07-01 onward
27.1,27.1,41.50541,-81.66791,2025-09-28T10:00:00Z,9.822,Trim 27.1 from 2025-07-01 onward
27.1,27.1,41.50541,-81.66791,2025-09-28T10:30:00Z,80.625,Trim 27.1 from 2025-07-01 onward
27.1,27.1,41.50541,-81.66791,2025-09-28T12:00:00Z,14.615,Trim 27.1 from 2025-07-01 onward
27.1,27.1,41.50541,-81.66791,2025-09-28T12:30:00Z,8.121,Trim 27.1 from 2025-07-01 onward
27.1,27.1,41.50541,-81.66791,2025-09-28T13:00:00Z,13.005,Trim 27.1 from 2025-07-01 onward
27.1,27.1,41.50541,-81.66791,2025-09-28T13:30:00Z,6.572,Trim 27.1 from 2025-07-01 onward
27.1,27.1,41.50541,-81.66791,2025-09-28T14:00:00Z,2.879,Trim 27.1 from 2025-07-01 onward
27.1,27.1,41.50541,-81.66791,2025-09-28T14:30:00Z,3.698,Trim 27.1 from 2025-07-01 onward
27.1,27.1,41.50541,-81.66791,2025-09-28T15:00:00Z,3.444,Trim 27.1 from 2025-07-01 onward
27.1,27.1,41.50541,-81.66791,2025-09-28T15:30:00Z,4.226,Trim 27.1 from 2025-07-01 onward
27.1,27.1,41.50541,-81.66791,2025-09-28T16:00:00Z,3.773,Trim 27.1 from 2025-07-01 onward
27.1,27.1,41.50541,-81.66791,2025-09-28T16:30:00Z,4.601,Trim 27.1 from 2025-07-01 onward
27.1,27.1,41.50541,-81.66791,2025-09-28T17:00:00Z,3.995,Trim 27.1 from 2025-07-01 onward
27.1,27.1,41.50541,-81.66791,2025-09-28T17:30:00Z,9.406,Trim 27.1 from 2025-07-01 onward
27.1,27.1,41.50541,-81.66791,2025-09-28T18:00:00Z,6.168,Trim 27.1 from 2025-07-01 onward
27.1,27.1,41.50541,-81.66791,2025-09-28T18:30:00Z,4.549,Trim 27.1 from 2025-07-01 onward
27.1,27.1,41.50541,-81.66791,2025-09-28T19:00:00Z,4.4,Trim 27.1 from 2025-07-01 onward
27.1,27.1,41.50541,-81.66791,2025-09-28T19:30:00Z,4.212,Trim 27.1 from 2025-07-01 onward
27.1,27.1,41.50541,-81.66791,2025-09-28T20:00:00Z,2.918,Trim 27.1 from 2025-07-01 onward
27.1,27.1,41.50541,-81.66791,2025-09-28T20:30:00Z,5.128,Trim 27.1 from 2025-07-01 onward
27.1,27.1,41.50541,-81.66791,2025-09-28T21:00:00Z,2.267,Trim 27.1 from 2025-07-01 onward
27.1,27.1,41.50541,-81.66791,2025-09-28T21:30:00Z,5.101,Trim 27.1 from 2025-07-01 onward
27.1,27.1,41.50541,-81.66791,2025-09-28T22:00:00Z,1.817,Trim 27.1 from 2025-07-01 onward
27.1,27.1,41.50541,-81.66791,2025-09-28T22:30:00Z,2.745,Trim 27.1 from 2025-07-01 onward
27.1,27.1,41.50541,-81.66791,2025-09-28T23:00:00Z,1.56,Trim 27.1 from 2025-07-01 onward
27.1,27.1,41.50541,-81.66791,2025-09-28T23:30:00Z,2.375,Trim 27.1 from 2025-07-01 onward
27.1,27.1,41.50541,-81.66791,2025-09-29T00:00:00Z,6.473,Trim 27.1 from 2025-07-01 onward
27.1,27.1,41.50541,-81.66791,2025-09-29T00:30:00Z,2.377,Trim 27.1 from 2025-07-01 onward
27.1,27.1,41.50541,-81.66791,2025-09-29T01:00:00Z,2.618,Trim 27.1 from 2025-07-01 onward
27.1,27.1,41.50541,-81.66791,2025-09-29T01:30:00Z,3.83,Trim 27.1 from 2025-07-01 onward
27.1,27.1,41.50541,-81.66791,2025-09-29T02:00:00Z,4.751,Trim 27.1 from 2025-07-01 onward
27.1,27.1,41.50541,-81.66791,2025-09-29T02:30:00Z,4.225,Trim 27.1 from 2025-07-01 onward
27.1,27.1,41.50541,-81.66791,2025-09-29T03:00:00Z,6.611,Trim 27.1 from 2025-07-01 onward
27.1,27.1,41.50541,-81.66791,2025-09-29T03:30:00Z,2.904,Trim 27.1 from 2025-07-01 onward
27.1,27.1,41.50541,-81.66791,2025-09-29T04:00:00Z,2.391,Trim 27.1 from 2025-07-01 onward
27.1,27.1,41.50541,-81.66791,2025-09-29T04:30:00Z,159.776,Trim 27.1 from 2025-07-01 onward
27.1,27.1,41.50541,-81.66791,2025-09-29T05:00:00Z,16.425,Trim 27.1 from 2025-07-01 onward
27.1,27.1,41.50541,-81.66791,2025-09-29T05:30:00Z,18.996,Trim 27.1 from 2025-07-01 onward
27.1,27.1,41.50541,-81.66791,2025-09-29T06:00:00Z,24.958,Trim 27.1 from 2025-07-01 onward
27.1,27.1,41.50541,-81.66791,2025-09-29T06:30:00Z,26.779,Trim 27.1 from 2025-07-01 onward
27.1,27.1,41.50541,-81.66791,2025-09-29T07:00:00Z,20.591,Trim 27.1 from 2025-07-01 onward
27.1,27.1,41.50541,-81.66791,2025-09-29T07:30:00Z,54.653,Trim 27.1 from 2025-07-01 onward
27.1,27.1,41.50541,-81.66791,2025-09-29T09:00:00Z,156.789,Trim 27.1 from 2025-07-01 onward
27.1,27.1,41.50541,-81.66791,2025-09-29T10:00:00Z,146.338,Trim 27.1 from 2025-07-01 onward
27.1,27.1,41.50541,-81.66791,2025-09-29T10:30:00Z,235.212,Trim 27.1 from 2025-07-01 onward
27.1,27.1,41.50541,-81.66791,2025-09-29T12:00:00Z,36.65,Trim 27.1 from 2025-07-01 onward
27.1,27.1,41.50541,-81.66791,2025-09-29T12:30:00Z,2.733,Trim 27.1 from 2025-07-01 onward
27.1,27.1,41.50541,-81.66791,2025-09-29T13:30:00Z,9.717,Trim 27.1 from 2025-07-01 onward
27.1,27.1,41.50541,-81.66791,2025-09-29T14:00:00Z,4.309,Trim 27.1 from 2025-07-01 onward
27.1,27.1,41.50541,-81.66791,2025-09-29T14:30:00Z,2.606,Trim 27.1 from 2025-07-01 onward
27.1,27.1,41.50541,-81.66791,2025-09-29T15:00:00Z,3.433,Trim 27.1 from 2025-07-01 onward
27.1,27.1,41.50541,-81.66791,2025-09-29T15:30:00Z,3.702,Trim 27.1 from 2025-07-01 onward
27.1,27.1,41.50541,-81.66791,2025-09-29T16:00:00Z,5.346,Trim 27.1 from 2025-07-01 onward
27.1,27.1,41.50541,-81.66791,2025-09-29T16:30:00Z,0.591,Trim 27.1 from 2025-07-01 onward
27.1,27.1,41.50541,-81.66791,2025-09-29T17:00:00Z,4.07,Trim 27.1 from 2025-07-01 onward
27.1,27.1,41.50541,-81.66791,2025-09-29T17:30:00Z,1.285,Trim 27.1 from 2025-07-01 onward
27.1,27.1,41.50541,-81.66791,2025-09-29T18:00:00Z,0.613,Trim 27.1 from 2025-07-01 onward
27.1,27.1,41.50541,-81.66791,2025-09-29T18:30:00Z,2.094,Trim 27.1 from 2025-07-01 onward
27.1,27.1,41.50541,-81.66791,2025-09-29T19:00:00Z,3.176,Trim 27.1 from 2025-07-01 onward
27.1,27.1,41.50541,-81.66791,2025-09-29T19:30:00Z,2.539,Trim 27.1 from 2025-07-01 onward
27.1,27.1,41.50541,-81.66791,2025-09-29T20:00:00Z,5.918,Trim 27.1 from 2025-07-01 onward
27.1,27.1,41.50541,-81.66791,2025-09-29T20:30:00Z,0.773,Trim 27.1 from 2025-07-01 onward
27.1,27.1,41.50541,-81.66791,2025-09-29T21:00:00Z,3.877,Trim 27.1 from 2025-07-01 onward
27.1,27.1,41.50541,-81.66791,2025-09-29T21:30:00Z,1.186,Trim 27.1 from 2025-07-01 onward
27.1,27.1,41.50541,-81.66791,2025-09-29T22:00:00Z,1.997,Trim 27.1 from 2025-07-01 onward
27.1,27.1,41.50541,-81.66791,2025-09-29T22:30:00Z,1.636,Trim 27.1 from 2025-07-01 onward
27.1,27.1,41.50541,-81.66791,2025-09-29T23:30:00Z,1.795,Trim 27.1 from 2025-07-01 onward
27.1,27.1,41.50541,-81.66791,2025-09-30T00:00:00Z,137.709,Trim 27.1 from 2025-07-01 onward
27.1,27.1,41.50541,-81.66791,2025-09-30T00:30:00Z,2.45,Trim 27.1 from 2025-07-01 onward
27.1,27.1,41.50541,-81.66791,2025-09-30T01:00:00Z,1.836,Trim 27.1 from 2025-07-01 onward
27.1,27.1,41.50541,-81.66791,2025-09-30T01:30:00Z,2.766,Trim 27.1 from 2025-07-01 onward
27.1,27.1,41.50541,-81.66791,2025-09-30T02:00:00Z,1.822,Trim 27.1 from 2025-07-01 onward
27.1,27.1,41.50541,-81.66791,2025-09-30T02:30:00Z,3.169,Trim 27.1 from 2025-07-01 onward
27.1,27.1,41.50541,-81.66791,2025-09-30T03:00:00Z,3.496,Trim 27.1 from 2025-07-01 onward
27.1,27.1,41.50541,-81.66791,2025-09-30T03:30:00Z,2.649,Trim 27.1 from 2025-07-01 onward
27.1,27.1,41.50541,-81.66791,2025-09-30T04:00:00Z,4.945,Trim 27.1 from 2025-07-01 onward
27.1,27.1,41.50541,-81.66791,2025-09-30T04:30:00Z,12.852,Trim 27.1 from 2025-07-01 onward
27.1,27.1,41.50541,-81.66791,2025-09-30T05:00:00Z,4.728,Trim 27.1 from 2025-07-01 onward
27.1,27.1,41.50541,-81.66791,2025-09-30T05:30:00Z,3.71,Trim 27.1 from 2025-07-01 onward
27.1,27.1,41.50541,-81.66791,2025-09-30T06:00:00Z,31.593,Trim 27.1 from 2025-07-01 onward
27.1,27.1,41.50541,-81.66791,2025-09-30T06:30:00Z,26.261,Trim 27.1 from 2025-07-01 onward
27.1,27.1,41.50541,-81.66791,2025-09-30T07:00:00Z,20.247,Trim 27.1 from 2025-07-01 onward
27.1,27.1,41.50541,-81.66791,2025-09-30T07:30:00Z,51.579,Trim 27.1 from 2025-07-01 onward
27.1,27.1,41.50541,-81.66791,2025-09-30T08:00:00Z,14.738,Trim 27.1 from 2025-07-01 onward
27.1,27.1,41.50541,-81.66791,2025-09-30T08:30:00Z,73.771,Trim 27.1 from 2025-07-01 onward
27.1,27.1,41.50541,-81.66791,2025-09-30T09:00:00Z,216.705,Trim 27.1 from 2025-07-01 onward
27.1,27.1,41.50541,-81.66791,2025-09-30T12:30:00Z,8.103,Trim 27.1 from 2025-07-01 onward
27.1,27.1,41.50541,-81.66791,2025-09-30T13:00:00Z,9.41,Trim 27.1 from 2025-07-01 onward
27.1,27.1,41.50541,-81.66791,2025-09-30T13:30:00Z,9.456,Trim 27.1 from 2025-07-01 onward
27.1,27.1,41.50541,-81.66791,2025-09-30T14:00:00Z,3.683,Trim 27.1 from 2025-07-01 onward
27.1,27.1,41.50541,-81.66791,2025-09-30T14:30:00Z,3.895,Trim 27.1 from 2025-07-01 onward
27.1,27.1,41.50541,-81.66791,2025-09-30T15:00:00Z,2.211,Trim 27.1 from 2025-07-01 onward
27.1,27.1,41.50541,-81.66791,2025-09-30T15:30:00Z,2.517,Trim 27.1 from 2025-07-01 onward
27.1,27.1,41.50541,-81.66791,2025-09-30T16:00:00Z,8.663,Trim 27.1 from 2025-07-01 onward
27.1,27.1,41.50541,-81.66791,2025-09-30T16:30:00Z,4.155,Trim 27.1 from 2025-07-01 onward
27.1,27.1,41.50541,-81.66791,2025-09-30T17:00:00Z,2.345,Trim 27.1 from 2025-07-01 onward
27.1,27.1,41.50541,-81.66791,2025-09-30T17:30:00Z,2.889,Trim 27.1 from 2025-07-01 onward
27.1,27.1,41.50541,-81.66791,2025-09-30T18:00:00Z,21.971,Trim 27.1 from 2025-07-01 onward
27.1,27.1,41.50541,-81.66791,2025-09-30T18:30:00Z,2.7,Trim 27.1 from 2025-07-01 onward
27.1,27.1,41.50541,-81.66791,2025-09-30T19:00:00Z,3.774,Trim 27.1 from 2025-07-01 onward
27.1,27.1,41.50541,-81.66791,2025-09-30T19:30:00Z,53.769,Trim 27.1 from 2025-07-01 onward
27.1,27.1,41.50541,-81.66791,2025-09-30T20:00:00Z,1.272,Trim 27.1 from 2025-07-01 onward
27.1,27.1,41.50541,-81.66791,2025-09-30T20:30:00Z,2.11,Trim 27.1 from 2025-07-01 onward
27.1,27.1,41.50541,-81.66791,2025-09-30T21:00:00Z,75.707,Trim 27.1 from 2025-07-01 onward
27.1,27.1,41.50541,-81.66791,2025-09-30T21:30:00Z,0.782,Trim 27.1 from 2025-07-01 onward
27.1,27.1,41.50541,-81.66791,2025-09-30T22:00:00Z,2.199,Trim 27.1 from 2025-07-01 onward
27.1,27.1,41.50541,-81.66791,2025-09-30T22:30:00Z,1.946,Trim 27.1 from 2025-07-01 onward
27.1,27.1,41.50541,-81.66791,2025-09-30T23:00:00Z,4.184,Trim 27.1 from 2025-07-01 onward
27.1,27.1,41.50541,-81.66791,2025-09-30T23:30:00Z,2.034,Trim 27.1 from 2025-07-01 onward
27.1,27.1,41.50541,-81.66791,2025-10-01T00:00:00Z,1.148,Trim 27.1 from 2025-07-01 onward
27.1,27.1,41.50541,-81.66791,2025-10-01T00:30:00Z,14.845,Trim 27.1 from 2025-07-01 onward
27.1,27.1,41.50541,-81.66791,2025-10-01T01:00:00Z,116.78,Trim 27.1 from 2025-07-01 onward
27.1,27.1,41.50541,-81.66791,2025-10-01T02:00:00Z,196.419,Trim 27.1 from 2025-07-01 onward
27.1,27.1,41.50541,-81.66791,2025-10-01T02:30:00Z,122.221,Trim 27.1 from 2025-07-01 onward
27.1,27.1,41.50541,-81.66791,2025-10-01T03:00:00Z,108.611,Trim 27.1 from 2025-07-01 onward
27.1,27.1,41.50541,-81.66791,2025-10-01T05:30:00Z,2.234,Trim 27.1 from 2025-07-01 onward
27.1,27.1,41.50541,-81.66791,2025-10-01T06:00:00Z,1.148,Trim 27.1 from 2025-07-01 onward
27.1,27.1,41.50541,-81.66791,2025-10-01T06:30:00Z,4.1,Trim 27.1 from 2025-07-01 onward
27.1,27.1,41.50541,-81.66791,2025-10-01T07:00:00Z,1.115,Trim 27.1 from 2025-07-01 onward
27.1,27.1,41.50541,-81.66791,2025-10-01T07:30:00Z,1.555,Trim 27.1 from 2025-07-01 onward
27.1,27.1,41.50541,-81.66791,2025-10-01T08:30:00Z,1.595,Trim 27.1 from 2025-07-01 onward
27.1,27.1,41.50541,-81.66791,2025-10-01T09:00:00Z,1.499,Trim 27.1 from 2025-07-01 onward
27.1,27.1,41.50541,-81.66791,2025-10-01T09:30:00Z,1.24,Trim 27.1 from 2025-07-01 onward
27.1,27.1,41.50541,-81.66791,2025-10-01T10:00:00Z,10.31,Trim 27.1 from 2025-07-01 onward
27.1,27.1,41.50541,-81.66791,2025-10-01T10:30:00Z,11.196,Trim 27.1 from 2025-07-01 onward
27.1,27.1,41.50541,-81.66791,2025-10-01T11:00:00Z,2.478,Trim 27.1 from 2025-07-01 onward
27.1,27.1,41.50541,-81.66791,2025-10-01T11:30:00Z,2.485,Trim 27.1 from 2025-07-01 onward
27.1,27.1,41.50541,-81.66791,2025-10-01T12:00:00Z,1.588,Trim 27.1 from 2025-07-01 onward
27.1,27.1,41.50541,-81.66791,2025-10-01T12:30:00Z,1.952,Trim 27.1 from 2025-07-01 onward
27.1,27.1,41.50541,-81.66791,2025-10-01T13:00:00Z,0.562,Trim 27.1 from 2025-07-01 onward
27.1,27.1,41.50541,-81.66791,2025-10-01T13:30:00Z,2.036,Trim 27.1 from 2025-07-01 onward
27.1,27.1,41.50541,-81.66791,2025-10-01T14:00:00Z,1.409,Trim 27.1 from 2025-07-01 onward
27.1,27.1,41.50541,-81.66791,2025-10-01T14:30:00Z,0.562,Trim 27.1 from 2025-07-01 onward
27.1,27.1,41.50541,-81.66791,2025-10-01T15:00:00Z,0.537,Trim 27.1 from 2025-07-01 onward
27.1,27.1,41.50541,-81.66791,2025-10-01T15:30:00Z,2.447,Trim 27.1 from 2025-07-01 onward
27.1,27.1,41.50541,-81.66791,2025-10-01T16:00:00Z,1.443,Trim 27.1 from 2025-07-01 onward
27.1,27.1,41.50541,-81.66791,2025-10-01T16:30:00Z,3.411,Trim 27.1 from 2025-07-01 onward
27.1,27.1,41.50541,-81.66791,2025-10-01T17:00:00Z,0.606,Trim 27.1 from 2025-07-01 onward
27.1,27.1,41.50541,-81.66791,2025-10-01T17:30:00Z,37.425,Trim 27.1 from 2025-07-01 onward
27.1,27.1,41.50541,-81.66791,2025-10-01T18:00:00Z,3.969,Trim 27.1 from 2025-07-01 onward
27.1,27.1,41.50541,-81.66791,2025-10-01T18:30:00Z,2.418,Trim 27.1 from 2025-07-01 onward
27.1,27.1,41.50541,-81.66791,2025-10-01T19:00:00Z,2.916,Trim 27.1 from 2025-07-01 onward
27.1,27.1,41.50541,-81.66791,2025-10-01T19:30:00Z,3.134,Trim 27.1 from 2025-07-01 onward
27.1,27.1,41.50541,-81.66791,2025-10-01T20:00:00Z,5.27,Trim 27.1 from 2025-07-01 onward
27.1,27.1,41.50541,-81.66791,2025-10-01T20:30:00Z,1.015,Trim 27.1 from 2025-07-01 onward
27.1,27.1,41.50541,-81.66791,2025-10-01T21:00:00Z,87.264,Trim 27.1 from 2025-07-01 onward
27.1,27.1,41.50541,-81.66791,2025-10-01T21:30:00Z,22.378,Trim 27.1 from 2025-07-01 onward
27.1,27.1,41.50541,-81.66791,2025-10-01T22:00:00Z,13.688,Trim 27.1 from 2025-07-01 onward
27.1,27.1,41.50541,-81.66791,2025-10-01T22:30:00Z,1.485,Trim 27.1 from 2025-07-01 onward
27.1,27.1,41.50541,-81.66791,2025-10-01T23:00:00Z,5.928,Trim 27.1 from 2025-07-01 onward
27.1,27.1,41.50541,-81.66791,2025-10-01T23:30:00Z,2.275,Trim 27.1 from 2025-07-01 onward
27.1,27.1,41.50541,-81.66791,2025-10-02T00:00:00Z,25.687,Trim 27.1 from 2025-07-01 onward
27.1,27.1,41.50541,-81.66791,2025-10-02T00:30:00Z,51.127,Trim 27.1 from 2025-07-01 onward
27.1,27.1,41.50541,-81.66791,2025-10-02T01:00:00Z,19.772,Trim 27.1 from 2025-07-01 onward
27.1,27.1,41.50541,-81.66791,2025-10-02T01:30:00Z,69.664,Trim 27.1 from 2025-07-01 onward
27.1,27.1,41.50541,-81.66791,2025-10-02T02:00:00Z,57.338,Trim 27.1 from 2025-07-01 onward
27.1,27.1,41.50541,-81.66791,2025-10-02T02:30:00Z,147.315,Trim 27.1 from 2025-07-01 onward
27.1,27.1,41.50541,-81.66791,2025-10-02T03:00:00Z,58.772,Trim 27.1 from 2025-07-01 onward
27.1,27.1,41.50541,-81.66791,2025-10-02T03:30:00Z,61.211,Trim 27.1 from 2025-07-01 onward
27.1,27.1,41.50541,-81.66791,2025-10-02T04:00:00Z,74.442,Trim 27.1 from 2025-07-01 onward
27.1,27.1,41.50541,-81.66791,2025-10-02T04:30:00Z,46.286,Trim 27.1 from 2025-07-01 onward
27.1,27.1,41.50541,-81.66791,2025-10-02T05:00:00Z,26.961,Trim 27.1 from 2025-07-01 onward
27.1,27.1,41.50541,-81.66791,2025-10-02T05:30:00Z,31.996,Trim 27.1 from 2025-07-01 onward
27.1,27.1,41.50541,-81.66791,2025-10-02T06:00:00Z,55.465,Trim 27.1 from 2025-07-01 onward
27.1,27.1,41.50541,-81.66791,2025-10-02T06:30:00Z,47.544,Trim 27.1 from 2025-07-01 onward
27.1,27.1,41.50541,-81.66791,2025-10-02T07:00:00Z,24.846,Trim 27.1 from 2025-07-01 onward
27.1,27.1,41.50541,-81.66791,2025-10-02T07:30:00Z,7.841,Trim 27.1 from 2025-07-01 onward
27.1,27.1,41.50541,-81.66791,2025-10-02T08:00:00Z,1.377,Trim 27.1 from 2025-07-01 onward
27.1,27.1,41.50541,-81.66791,2025-10-02T08:30:00Z,7.99,Trim 27.1 from 2025-07-01 onward
27.1,27.1,41.50541,-81.66791,2025-10-02T09:00:00Z,3.209,Trim 27.1 from 2025-07-01 onward
27.1,27.1,41.50541,-81.66791,2025-10-02T09:30:00Z,1.95,Trim 27.1 from 2025-07-01 onward
27.1,27.1,41.50541,-81.66791,2025-10-02T10:00:00Z,2.143,Trim 27.1 from 2025-07-01 onward
27.1,27.1,41.50541,-81.66791,2025-10-02T10:30:00Z,4.342,Trim 27.1 from 2025-07-01 onward
27.1,27.1,41.50541,-81.66791,2025-10-02T11:00:00Z,2.643,Trim 27.1 from 2025-07-01 onward
27.1,27.1,41.50541,-81.66791,2025-10-02T11:30:00Z,2.116,Trim 27.1 from 2025-07-01 onward
27.1,27.1,41.50541,-81.66791,2025-10-02T12:00:00Z,0.647,Trim 27.1 from 2025-07-01 onward
27.1,27.1,41.50541,-81.66791,2025-10-02T12:30:00Z,0.762,Trim 27.1 from 2025-07-01 onward
27.1,27.1,41.50541,-81.66791,2025-10-02T13:00:00Z,5.896,Trim 27.1 from 2025-07-01 onward
27.1,27.1,41.50541,-81.66791,2025-10-02T13:30:00Z,0.751,Trim 27.1 from 2025-07-01 onward
27.1,27.1,41.50541,-81.66791,2025-10-02T14:00:00Z,1.751,Trim 27.1 from 2025-07-01 onward
27.1,27.1,41.50541,-81.66791,2025-10-02T14:30:00Z,1.022,Trim 27.1 from 2025-07-01 onward
27.1,27.1,41.50541,-81.66791,2025-10-02T15:00:00Z,1.567,Trim 27.1 from 2025-07-01 onward
27.1,27.1,41.50541,-81.66791,2025-10-02T15:30:00Z,0.586,Trim 27.1 from 2025-07-01 onward
27.1,27.1,41.50541,-81.66791,2025-10-02T16:00:00Z,2.901,Trim 27.1 from 2025-07-01 onward
27.1,27.1,41.50541,-81.66791,2025-10-02T16:30:00Z,0.933,Trim 27.1 from 2025-07-01 onward
27.1,27.1,41.50541,-81.66791,2025-10-02T17:00:00Z,1.349,Trim 27.1 from 2025-07-01 onward
27.1,27.1,41.50541,-81.66791,2025-10-02T17:30:00Z,1.464,Trim 27.1 from 2025-07-01 onward
27.1,27.1,41.50541,-81.66791,2025-10-02T18:00:00Z,3.069,Trim 27.1 from 2025-07-01 onward
27.1,27.1,41.50541,-81.66791,2025-10-02T18:30:00Z,1.47,Trim 27.1 from 2025-07-01 onward
27.1,27.1,41.50541,-81.66791,2025-10-02T19:00:00Z,0.641,Trim 27.1 from 2025-07-01 onward
27.1,27.1,41.50541,-81.66791,2025-10-02T19:30:00Z,2.017,Trim 27.1 from 2025-07-01 onward
27.1,27.1,41.50541,-81.66791,2025-10-02T20:00:00Z,2.578,Trim 27.1 from 2025-07-01 onward
27.1,27.1,41.50541,-81.66791,2025-10-02T21:00:00Z,2.869,Trim 27.1 from 2025-07-01 onward
27.1,27.1,41.50541,-81.66791,2025-10-02T21:30:00Z,0.61,Trim 27.1 from 2025-07-01 onward
27.1,27.1,41.50541,-81.66791,2025-10-02T22:00:00Z,1.781,Trim 27.1 from 2025-07-01 onward
27.1,27.1,41.50541,-81.66791,2025-10-02T22:30:00Z,0.593,Trim 27.1 from 2025-07-01 onward
27.1,27.1,41.50541,-81.66791,2025-10-02T23:00:00Z,2.766,Trim 27.1 from 2025-07-01 onward
27.1,27.1,41.50541,-81.66791,2025-10-02T23:30:00Z,18.033,Trim 27.1 from 2025-07-01 onward
27.1,27.1,41.50541,-81.66791,2025-10-03T00:30:00Z,1.211,Trim 27.1 from 2025-07-01 onward
27.1,27.1,41.50541,-81.66791,2025-10-03T01:00:00Z,2.121,Trim 27.1 from 2025-07-01 onward
27.1,27.1,41.50541,-81.66791,2025-10-03T01:30:00Z,2.322,Trim 27.1 from 2025-07-01 onward
27.1,27.1,41.50541,-81.66791,2025-10-03T02:00:00Z,2.396,Trim 27.1 from 2025-07-01 onward
27.1,27.1,41.50541,-81.66791,2025-10-03T02:30:00Z,1.298,Trim 27.1 from 2025-07-01 onward
27.1,27.1,41.50541,-81.66791,2025-10-03T03:00:00Z,4.745,Trim 27.1 from 2025-07-01 onward
27.1,27.1,41.50541,-81.66791,2025-10-03T03:30:00Z,1.784,Trim 27.1 from 2025-07-01 onward
27.1,27.1,41.50541,-81.66791,2025-10-03T04:00:00Z,1.939,Trim 27.1 from 2025-07-01 onward
27.1,27.1,41.50541,-81.66791,2025-10-03T04:30:00Z,1.763,Trim 27.1 from 2025-07-01 onward
27.1,27.1,41.50541,-81.66791,2025-10-03T05:00:00Z,1.459,Trim 27.1 from 2025-07-01 onward
27.1,27.1,41.50541,-81.66791,2025-10-03T05:30:00Z,15.869,Trim 27.1 from 2025-07-01 onward
27.1,27.1,41.50541,-81.66791,2025-10-03T06:00:00Z,2.219,Trim 27.1 from 2025-07-01 onward
27.1,27.1,41.50541,-81.66791,2025-10-03T06:30:00Z,2.384,Trim 27.1 from 2025-07-01 onward
27.1,27.1,41.50541,-81.66791,2025-10-03T07:00:00Z,5.232,Trim 27.1 from 2025-07-01 onward
27.1,27.1,41.50541,-81.66791,2025-10-03T07:30:00Z,2.34,Trim 27.1 from 2025-07-01 onward
27.1,27.1,41.50541,-81.66791,2025-10-03T08:00:00Z,1.76,Trim 27.1 from 2025-07-01 onward
27.1,27.1,41.50541,-81.66791,2025-10-03T08:30:00Z,65.098,Trim 27.1 from 2025-07-01 onward
27.1,27.1,41.50541,-81.66791,2025-10-03T09:00:00Z,4.234,Trim 27.1 from 2025-07-01 onward
27.1,27.1,41.50541,-81.66791,2025-10-03T09:30:00Z,6.812,Trim 27.1 from 2025-07-01 onward
27.1,27.1,41.50541,-81.66791,2025-10-03T10:00:00Z,192.472,Trim 27.1 from 2025-07-01 onward
27.1,27.1,41.50541,-81.66791,2025-10-03T10:30:00Z,95.595,Trim 27.1 from 2025-07-01 onward
27.1,27.1,41.50541,-81.66791,2025-10-03T11:00:00Z,74.422,Trim 27.1 from 2025-07-01 onward
27.1,27.1,41.50541,-81.66791,2025-10-03T12:00:00Z,196.003,Trim 27.1 from 2025-07-01 onward
27.1,27.1,41.50541,-81.66791,2025-10-03T12:30:00Z,61.605,Trim 27.1 from 2025-07-01 onward
27.1,27.1,41.50541,-81.66791,2025-10-03T13:00:00Z,5.091,Trim 27.1 from 2025-07-01 onward
27.1,27.1,41.50541,-81.66791,2025-10-03T14:00:00Z,4.286,Trim 27.1 from 2025-07-01 onward
27.1,27.1,41.50541,-81.66791,2025-10-03T14:30:00Z,9.466,Trim 27.1 from 2025-07-01 onward
27.1,27.1,41.50541,-81.66791,2025-10-03T15:00:00Z,7.635,Trim 27.1 from 2025-07-01 onward
27.1,27.1,41.50541,-81.66791,2025-10-03T15:30:00Z,2.777,Trim 27.1 from 2025-07-01 onward
27.1,27.1,41.50541,-81.66791,2025-10-03T16:00:00Z,7.981,Trim 27.1 from 2025-07-01 onward
27.1,27.1,41.50541,-81.66791,2025-10-03T16:30:00Z,4.174,Trim 27.1 from 2025-07-01 onward
27.1,27.1,41.50541,-81.66791,2025-10-03T17:00:00Z,3.593,Trim 27.1 from 2025-07-01 onward
27.1,27.1,41.50541,-81.66791,2025-10-03T18:00:00Z,2.915,Trim 27.1 from 2025-07-01 onward
27.1,27.1,41.50541,-81.66791,2025-10-03T18:30:00Z,4.324,Trim 27.1 from 2025-07-01 onward
27.1,27.1,41.50541,-81.66791,2025-10-03T19:00:00Z,3.965,Trim 27.1 from 2025-07-01 onward
27.1,27.1,41.50541,-81.66791,2025-10-03T19:30:00Z,2.19,Trim 27.1 from 2025-07-01 onward
27.1,27.1,41.50541,-81.66791,2025-10-03T20:00:00Z,2.857,Trim 27.1 from 2025-07-01 onward
27.1,27.1,41.50541,-81.66791,2025-10-03T20:30:00Z,1.581,Trim 27.1 from 2025-07-01 onward
27.1,27.1,41.50541,-81.66791,2025-10-03T21:00:00Z,5.792,Trim 27.1 from 2025-07-01 onward
27.1,27.1,41.50541,-81.66791,2025-10-03T21:30:00Z,4.059,Trim 27.1 from 2025-07-01 onward
27.1,27.1,41.50541,-81.66791,2025-10-03T22:00:00Z,8.049,Trim 27.1 from 2025-07-01 onward
27.1,27.1,41.50541,-81.66791,2025-10-03T22:30:00Z,3.269,Trim 27.1 from 2025-07-01 onward
27.1,27.1,41.50541,-81.66791,2025-10-03T23:00:00Z,96.215,Trim 27.1 from 2025-07-01 onward
27.1,27.1,41.50541,-81.66791,2025-10-03T23:30:00Z,96.215,Trim 27.1 from 2025-07-01 onward
27.1,27.1,41.50541,-81.66791,2025-10-04T00:00:00Z,7.607,Trim 27.1 from 2025-07-01 onward
27.1,27.1,41.50541,-81.66791,2025-10-04T00:30:00Z,5.663,Trim 27.1 from 2025-07-01 onward
27.1,27.1,41.50541,-81.66791,2025-10-04T01:00:00Z,20.652,Trim 27.1 from 2025-07-01 onward
27.1,27.1,41.50541,-81.66791,2025-10-04T01:30:00Z,5.199,Trim 27.1 from 2025-07-01 onward
27.1,27.1,41.50541,-81.66791,2025-10-04T02:00:00Z,46.355,Trim 27.1 from 2025-07-01 onward
27.1,27.1,41.50541,-81.66791,2025-10-04T02:30:00Z,32.122,Trim 27.1 from 2025-07-01 onward
27.1,27.1,41.50541,-81.66791,2025-10-04T03:00:00Z,10.047,Trim 27.1 from 2025-07-01 onward
27.1,27.1,41.50541,-81.66791,2025-10-04T03:30:00Z,65.875,Trim 27.1 from 2025-07-01 onward
27.1,27.1,41.50541,-81.66791,2025-10-04T04:00:00Z,77.104,Trim 27.1 from 2025-07-01 onward
27.1,27.1,41.50541,-81.66791,2025-10-04T04:30:00Z,39.038,Trim 27.1 from 2025-07-01 onward
27.1,27.1,41.50541,-81.66791,2025-10-04T05:00:00Z,194.162,Trim 27.1 from 2025-07-01 onward
27.1,27.1,41.50541,-81.66791,2025-10-04T05:30:00Z,36.946,Trim 27.1 from 2025-07-01 onward
27.1,27.1,41.50541,-81.66791,2025-10-04T06:00:00Z,21.397,Trim 27.1 from 2025-07-01 onward
27.1,27.1,41.50541,-81.66791,2025-10-04T06:30:00Z,20.779,Trim 27.1 from 2025-07-01 onward
27.1,27.1,41.50541,-81.66791,2025-10-04T07:00:00Z,81.694,Trim 27.1 from 2025-07-01 onward
27.1,27.1,41.50541,-81.66791,2025-10-04T07:30:00Z,99.617,Trim 27.1 from 2025-07-01 onward
27.1,27.1,41.50541,-81.66791,2025-10-04T08:00:00Z,89.211,Trim 27.1 from 2025-07-01 onward
27.1,27.1,41.50541,-81.66791,2025-10-04T08:30:00Z,116.791,Trim 27.1 from 2025-07-01 onward
27.1,27.1,41.50541,-81.66791,2025-10-04T09:00:00Z,172.494,Trim 27.1 from 2025-07-01 onward
27.1,27.1,41.50541,-81.66791,2025-10-04T11:00:00Z,153.163,Trim 27.1 from 2025-07-01 onward
27.1,27.1,41.50541,-81.66791,2025-10-04T13:00:00Z,33.188,Trim 27.1 from 2025-07-01 onward
27.1,27.1,41.50541,-81.66791,2025-10-04T13:30:00Z,5.637,Trim 27.1 from 2025-07-01 onward
27.1,27.1,41.50541,-81.66791,2025-10-04T14:00:00Z,4.47,Trim 27.1 from 2025-07-01 onward
27.1,27.1,41.50541,-81.66791,2025-10-04T14:30:00Z,6.377,Trim 27.1 from 2025-07-01 onward
27.1,27.1,41.50541,-81.66791,2025-10-04T15:00:00Z,2.507,Trim 27.1 from 2025-07-01 onward
27.1,27.1,41.50541,-81.66791,2025-10-04T15:30:00Z,4.866,Trim 27.1 from 2025-07-01 onward
27.1,27.1,41.50541,-81.66791,2025-10-04T16:00:00Z,5.366,Trim 27.1 from 2025-07-01 onward
27.1,27.1,41.50541,-81.66791,2025-10-04T16:30:00Z,3.233,Trim 27.1 from 2025-07-01 onward
27.1,27.1,41.50541,-81.66791,2025-10-04T17:00:00Z,4.028,Trim 27.1 from 2025-07-01 onward
27.1,27.1,41.50541,-81.66791,2025-10-04T17:30:00Z,2.513,Trim 27.1 from 2025-07-01 onward
27.1,27.1,41.50541,-81.66791,2025-10-04T18:00:00Z,2.003,Trim 27.1 from 2025-07-01 onward
27.1,27.1,41.50541,-81.66791,2025-10-04T18:30:00Z,4.157,Trim 27.1 from 2025-07-01 onward
27.1,27.1,41.50541,-81.66791,2025-10-04T19:00:00Z,7.483,Trim 27.1 from 2025-07-01 onward
27.1,27.1,41.50541,-81.66791,2025-10-04T19:30:00Z,4.479,Trim 27.1 from 2025-07-01 onward
27.1,27.1,41.50541,-81.66791,2025-10-04T20:00:00Z,3.137,Trim 27.1 from 2025-07-01 onward
27.1,27.1,41.50541,-81.66791,2025-10-04T20:30:00Z,4.356,Trim 27.1 from 2025-07-01 onward
27.1,27.1,41.50541,-81.66791,2025-10-04T21:00:00Z,4.142,Trim 27.1 from 2025-07-01 onward
27.1,27.1,41.50541,-81.66791,2025-10-04T21:30:00Z,2.906,Trim 27.1 from 2025-07-01 onward
27.1,27.1,41.50541,-81.66791,2025-10-04T22:00:00Z,6.374,Trim 27.1 from 2025-07-01 onward
27.1,27.1,41.50541,-81.66791,2025-10-04T22:30:00Z,2.405,Trim 27.1 from 2025-07-01 onward
27.1,27.1,41.50541,-81.66791,2025-10-04T23:00:00Z,3.136,Trim 27.1 from 2025-07-01 onward
27.1,27.1,41.50541,-81.66791,2025-10-04T23:30:00Z,3.66,Trim 27.1 from 2025-07-01 onward
27.1,27.1,41.50541,-81.66791,2025-10-05T00:00:00Z,3.449,Trim 27.1 from 2025-07-01 onward
27.1,27.1,41.50541,-81.66791,2025-10-05T00:30:00Z,4.896,Trim 27.1 from 2025-07-01 onward
27.1,27.1,41.50541,-81.66791,2025-10-05T01:00:00Z,8.751,Trim 27.1 from 2025-07-01 onward
27.1,27.1,41.50541,-81.66791,2025-10-05T01:30:00Z,8.751,Trim 27.1 from 2025-07-01 onward
27.1,27.1,41.50541,-81.66791,2025-10-05T02:00:00Z,6.921,Trim 27.1 from 2025-07-01 onward
27.1,27.1,41.50541,-81.66791,2025-10-05T03:00:00Z,9.763,Trim 27.1 from 2025-07-01 onward
27.1,27.1,41.50541,-81.66791,2025-10-05T03:30:00Z,3.827,Trim 27.1 from 2025-07-01 onward
27.1,27.1,41.50541,-81.66791,2025-10-05T04:00:00Z,7.177,Trim 27.1 from 2025-07-01 onward
27.1,27.1,41.50541,-81.66791,2025-10-05T04:30:00Z,10.612,Trim 27.1 from 2025-07-01 onward
27.1,27.1,41.50541,-81.66791,2025-10-05T05:00:00Z,6.124,Trim 27.1 from 2025-07-01 onward
27.1,27.1,41.50541,-81.66791,2025-10-05T05:30:00Z,12.961,Trim 27.1 from 2025-07-01 onward
27.1,27.1,41.50541,-81.66791,2025-10-05T06:00:00Z,87.857,Trim 27.1 from 2025-07-01 onward
27.1,27.1,41.50541,-81.66791,2025-10-05T06:30:00Z,29.613,Trim 27.1 from 2025-07-01 onward
27.1,27.1,41.50541,-81.66791,2025-10-05T07:00:00Z,20.511,Trim 27.1 from 2025-07-01 onward
27.1,27.1,41.50541,-81.66791,2025-10-05T07:30:00Z,6.197,Trim 27.1 from 2025-07-01 onward
27.1,27.1,41.50541,-81.66791,2025-10-05T08:00:00Z,5.661,Trim 27.1 from 2025-07-01 onward
27.1,27.1,41.50541,-81.66791,2025-10-05T08:30:00Z,8.099,Trim 27.1 from 2025-07-01 onward
27.1,27.1,41.50541,-81.66791,2025-10-05T09:00:00Z,27.713,Trim 27.1 from 2025-07-01 onward
27.1,27.1,41.50541,-81.66791,2025-10-05T09:30:00Z,84.12,Trim 27.1 from 2025-07-01 onward
27.1,27.1,41.50541,-81.66791,2025-10-05T10:00:00Z,98.371,Trim 27.1 from 2025-07-01 onward
27.1,27.1,41.50541,-81.66791,2025-10-05T10:30:00Z,142.903,Trim 27.1 from 2025-07-01 onward
27.1,27.1,41.50541,-81.66791,2025-10-05T12:00:00Z,25.218,Trim 27.1 from 2025-07-01 onward
27.1,27.1,41.50541,-81.66791,2025-10-05T12:30:00Z,7.741,Trim 27.1 from 2025-07-01 onward
27.1,27.1,41.50541,-81.66791,2025-10-05T13:00:00Z,9.857,Trim 27.1 from 2025-07-01 onward
27.1,27.1,41.50541,-81.66791,2025-10-05T13:30:00Z,10.792,Trim 27.1 from 2025-07-01 onward
27.1,27.1,41.50541,-81.66791,2025-10-05T14:00:00Z,7.51,Trim 27.1 from 2025-07-01 onward
27.1,27.1,41.50541,-81.66791,2025-10-05T14:30:00Z,3.064,Trim 27.1 from 2025-07-01 onward
27.1,27.1,41.50541,-81.66791,2025-10-05T15:00:00Z,4.777,Trim 27.1 from 2025-07-01 onward
27.1,27.1,41.50541,-81.66791,2025-10-05T15:30:00Z,4.127,Trim 27.1 from 2025-07-01 onward
27.1,27.1,41.50541,-81.66791,2025-10-05T16:00:00Z,2.043,Trim 27.1 from 2025-07-01 onward
27.1,27.1,41.50541,-81.66791,2025-10-05T16:30:00Z,1.093,Trim 27.1 from 2025-07-01 onward
27.1,27.1,41.50541,-81.66791,2025-10-05T17:00:00Z,4.396,Trim 27.1 from 2025-07-01 onward
27.1,27.1,41.50541,-81.66791,2025-10-05T17:30:00Z,3.957,Trim 27.1 from 2025-07-01 onward
27.1,27.1,41.50541,-81.66791,2025-10-05T18:00:00Z,1.871,Trim 27.1 from 2025-07-01 onward
27.1,27.1,41.50541,-81.66791,2025-10-05T18:30:00Z,2.731,Trim 27.1 from 2025-07-01 onward
27.1,27.1,41.50541,-81.66791,2025-10-05T19:00:00Z,3.934,Trim 27.1 from 2025-07-01 onward
27.1,27.1,41.50541,-81.66791,2025-10-05T19:30:00Z,1.161,Trim 27.1 from 2025-07-01 onward
27.1,27.1,41.50541,-81.66791,2025-10-05T20:30:00Z,1.565,Trim 27.1 from 2025-07-01 onward
27.1,27.1,41.50541,-81.66791,2025-10-05T21:00:00Z,3.222,Trim 27.1 from 2025-07-01 onward
27.1,27.1,41.50541,-81.66791,2025-10-05T21:30:00Z,0.778,Trim 27.1 from 2025-07-01 onward
27.1,27.1,41.50541,-81.66791,2025-10-05T22:00:00Z,0.709,Trim 27.1 from 2025-07-01 onward
27.1,27.1,41.50541,-81.66791,2025-10-05T23:00:00Z,1.425,Trim 27.1 from 2025-07-01 onward
27.1,27.1,41.50541,-81.66791,2025-10-05T23:30:00Z,4.388,Trim 27.1 from 2025-07-01 onward
27.1,27.1,41.50541,-81.66791,2025-10-06T00:00:00Z,5.018,Trim 27.1 from 2025-07-01 onward
27.1,27.1,41.50541,-81.66791,2025-10-06T00:30:00Z,1.818,Trim 27.1 from 2025-07-01 onward
27.1,27.1,41.50541,-81.66791,2025-10-06T01:00:00Z,2.568,Trim 27.1 from 2025-07-01 onward
27.1,27.1,41.50541,-81.66791,2025-10-06T01:30:00Z,3.69,Trim 27.1 from 2025-07-01 onward
27.1,27.1,41.50541,-81.66791,2025-10-06T02:00:00Z,5.435,Trim 27.1 from 2025-07-01 onward
27.1,27.1,41.50541,-81.66791,2025-10-06T02:30:00Z,3.669,Trim 27.1 from 2025-07-01 onward
27.1,27.1,41.50541,-81.66791,2025-10-06T03:00:00Z,2.232,Trim 27.1 from 2025-07-01 onward
27.1,27.1,41.50541,-81.66791,2025-10-06T03:30:00Z,3.065,Trim 27.1 from 2025-07-01 onward
27.1,27.1,41.50541,-81.66791,2025-10-06T04:00:00Z,2.797,Trim 27.1 from 2025-07-01 onward
27.1,27.1,41.50541,-81.66791,2025-10-06T04:30:00Z,3.216,Trim 27.1 from 2025-07-01 onward
27.1,27.1,41.50541,-81.66791,2025-10-06T06:30:00Z,6.468,Trim 27.1 from 2025-07-01 onward
27.1,27.1,41.50541,-81.66791,2025-10-06T07:00:00Z,10.292,Trim 27.1 from 2025-07-01 onward
27.1,27.1,41.50541,-81.66791,2025-10-06T07:30:00Z,6.163,Trim 27.1 from 2025-07-01 onward
27.1,27.1,41.50541,-81.66791,2025-10-06T08:00:00Z,18.038,Trim 27.1 from 2025-07-01 onward
27.1,27.1,41.50541,-81.66791,2025-10-06T08:30:00Z,19.73,Trim 27.1 from 2025-07-01 onward
27.1,27.1,41.50541,-81.66791,2025-10-06T09:00:00Z,30.513,Trim 27.1 from 2025-07-01 onward
27.1,27.1,41.50541,-81.66791,2025-10-06T09:30:00Z,25.723,Trim 27.1 from 2025-07-01 onward
27.1,27.1,41.50541,-81.66791,2025-10-06T10:00:00Z,230.025,Trim 27.1 from 2025-07-01 onward
27.1,27.1,41.50541,-81.66791,2025-10-06T11:00:00Z,193.425,Trim 27.1 from 2025-07-01 onward
27.1,27.1,41.50541,-81.66791,2025-10-06T11:30:00Z,164.56,Trim 27.1 from 2025-07-01 onward
27.1,27.1,41.50541,-81.66791,2025-10-06T12:00:00Z,7.923,Trim 27.1 from 2025-07-01 onward
27.1,27.1,41.50541,-81.66791,2025-10-06T12:30:00Z,3.552,Trim 27.1 from 2025-07-01 onward
27.1,27.1,41.50541,-81.66791,2025-10-06T13:00:00Z,6.371,Trim 27.1 from 2025-07-01 onward
27.1,27.1,41.50541,-81.66791,2025-10-06T13:30:00Z,4.262,Trim 27.1 from 2025-07-01 onward
27.1,27.1,41.50541,-81.66791,2025-10-06T14:00:00Z,3.67,Trim 27.1 from 2025-07-01 onward
27.1,27.1,41.50541,-81.66791,2025-10-06T14:30:00Z,3.228,Trim 27.1 from 2025-07-01 onward
27.1,27.1,41.50541,-81.66791,2025-10-06T15:00:00Z,2.209,Trim 27.1 from 2025-07-01 onward
27.1,27.1,41.50541,-81.66791,2025-10-06T15:30:00Z,1.183,Trim 27.1 from 2025-07-01 onward
27.1,27.1,41.50541,-81.66791,2025-10-06T16:00:00Z,4.923,Trim 27.1 from 2025-07-01 onward
27.1,27.1,41.50541,-81.66791,2025-10-06T16:30:00Z,2.996,Trim 27.1 from 2025-07-01 onward
27.1,27.1,41.50541,-81.66791,2025-10-06T17:00:00Z,1.596,Trim 27.1 from 2025-07-01 onward
27.1,27.1,41.50541,-81.66791,2025-10-06T17:30:00Z,2.361,Trim 27.1 from 2025-07-01 onward
27.1,27.1,41.50541,-81.66791,2025-10-06T18:00:00Z,2.294,Trim 27.1 from 2025-07-01 onward
27.1,27.1,41.50541,-81.66791,2025-10-06T18:30:00Z,1.096,Trim 27.1 from 2025-07-01 onward
27.1,27.1,41.50541,-81.66791,2025-10-06T19:00:00Z,1.048,Trim 27.1 from 2025-07-01 onward
27.1,27.1,41.50541,-81.66791,2025-10-06T19:30:00Z,0.542,Trim 27.1 from 2025-07-01 onward
27.1,27.1,41.50541,-81.66791,2025-10-06T20:00:00Z,1.799,Trim 27.1 from 2025-07-01 onward
27.1,27.1,41.50541,-81.66791,2025-10-06T20:30:00Z,0.637,Trim 27.1 from 2025-07-01 onward
27.1,27.1,41.50541,-81.66791,2025-10-06T21:00:00Z,0.571,Trim 27.1 from 2025-07-01 onward
27.1,27.1,41.50541,-81.66791,2025-10-06T21:30:00Z,3.523,Trim 27.1 from 2025-07-01 onward
27.1,27.1,41.50541,-81.66791,2025-10-06T22:00:00Z,3.108,Trim 27.1 from 2025-07-01 onward
27.1,27.1,41.50541,-81.66791,2025-10-06T22:30:00Z,10.185,Trim 27.1 from 2025-07-01 onward
27.1,27.1,41.50541,-81.66791,2025-10-06T23:00:00Z,2.963,Trim 27.1 from 2025-07-01 onward
27.1,27.1,41.50541,-81.66791,2025-10-06T23:30:00Z,3.051,Trim 27.1 from 2025-07-01 onward
27.1,27.1,41.50541,-81.66791,2025-10-07T00:00:00Z,1.845,Trim 27.1 from 2025-07-01 onward
27.1,27.1,41.50541,-81.66791,2025-10-07T00:30:00Z,1.378,Trim 27.1 from 2025-07-01 onward
27.1,27.1,41.50541,-81.66791,2025-10-07T01:00:00Z,1.735,Trim 27.1 from 2025-07-01 onward
27.1,27.1,41.50541,-81.66791,2025-10-07T01:30:00Z,4.492,Trim 27.1 from 2025-07-01 onward
27.1,27.1,41.50541,-81.66791,2025-10-07T02:00:00Z,4.176,Trim 27.1 from 2025-07-01 onward
27.1,27.1,41.50541,-81.66791,2025-10-07T02:30:00Z,1.468,Trim 27.1 from 2025-07-01 onward
27.1,27.1,41.50541,-81.66791,2025-10-07T03:00:00Z,0.959,Trim 27.1 from 2025-07-01 onward
27.1,27.1,41.50541,-81.66791,2025-10-07T03:30:00Z,2.586,Trim 27.1 from 2025-07-01 onward
27.1,27.1,41.50541,-81.66791,2025-10-07T04:00:00Z,0.916,Trim 27.1 from 2025-07-01 onward
27.1,27.1,41.50541,-81.66791,2025-10-07T04:30:00Z,1.781,Trim 27.1 from 2025-07-01 onward
27.1,27.1,41.50541,-81.66791,2025-10-07T05:00:00Z,0.69,Trim 27.1 from 2025-07-01 onward
27.1,27.1,41.50541,-81.66791,2025-10-07T05:30:00Z,3.014,Trim 27.1 from 2025-07-01 onward
27.1,27.1,41.50541,-81.66791,2025-10-07T06:00:00Z,2.188,Trim 27.1 from 2025-07-01 onward
27.1,27.1,41.50541,-81.66791,2025-10-07T06:30:00Z,1.189,Trim 27.1 from 2025-07-01 onward
27.1,27.1,41.50541,-81.66791,2025-10-07T07:00:00Z,1.094,Trim 27.1 from 2025-07-01 onward
27.1,27.1,41.50541,-81.66791,2025-10-07T07:30:00Z,0.818,Trim 27.1 from 2025-07-01 onward
27.1,27.1,41.50541,-81.66791,2025-10-07T08:00:00Z,90.473,Trim 27.1 from 2025-07-01 onward
27.1,27.1,41.50541,-81.66791,2025-10-07T13:00:00Z,152.318,Trim 27.1 from 2025-07-01 onward
27.1,27.1,41.50541,-81.66791,2025-10-07T13:30:00Z,152.318,Trim 27.1 from 2025-07-01 onward
27.1,27.1,41.50541,-81.66791,2025-10-07T14:00:00Z,152.318,Trim 27.1 from 2025-07-01 onward
27.1,27.1,41.50541,-81.66791,2025-10-07T14:30:00Z,152.318,Trim 27.1 from 2025-07-01 onward
27.1,27.1,41.50541,-81.66791,2025-10-07T16:00:00Z,151.601,Trim 27.1 from 2025-07-01 onward
27.1,27.1,41.50541,-81.66791,2025-10-07T16:30:00Z,42.092,Trim 27.1 from 2025-07-01 onward
27.1,27.1,41.50541,-81.66791,2025-10-07T17:00:00Z,124.578,Trim 27.1 from 2025-07-01 onward
27.1,27.1,41.50541,-81.66791,2025-10-07T19:00:00Z,147.964,Trim 27.1 from 2025-07-01 onward
27.1,27.1,41.50541,-81.66791,2025-10-07T19:30:00Z,5.21,Trim 27.1 from 2025-07-01 onward
27.1,27.1,41.50541,-81.66791,2025-10-07T20:30:00Z,18.148,Trim 27.1 from 2025-07-01 onward
27.1,27.1,41.50541,-81.66791,2025-10-07T21:00:00Z,189.42,Trim 27.1 from 2025-07-01 onward
27.1,27.1,41.50541,-81.66791,2025-10-07T22:30:00Z,206.866,Trim 27.1 from 2025-07-01 onward
27.1,27.1,41.50541,-81.66791,2025-10-07T23:30:00Z,37.668,Trim 27.1 from 2025-07-01 onward
27.1,27.1,41.50541,-81.66791,2025-10-08T00:00:00Z,126.186,Trim 27.1 from 2025-07-01 onward
27.1,27.1,41.50541,-81.66791,2025-10-08T00:30:00Z,127.869,Trim 27.1 from 2025-07-01 onward
27.1,27.1,41.50541,-81.66791,2025-10-08T01:00:00Z,13.211,Trim 27.1 from 2025-07-01 onward
27.1,27.1,41.50541,-81.66791,2025-10-08T01:30:00Z,9.775,Trim 27.1 from 2025-07-01 onward
27.1,27.1,41.50541,-81.66791,2025-10-08T02:00:00Z,9.775,Trim 27.1 from 2025-07-01 onward
27.1,27.1,41.50541,-81.66791,2025-10-08T02:30:00Z,9.775,Trim 27.1 from 2025-07-01 onward
27.1,27.1,41.50541,-81.66791,2025-10-08T03:30:00Z,3.291,Trim 27.1 from 2025-07-01 onward
27.1,27.1,41.50541,-81.66791,2025-10-08T04:00:00Z,2.888,Trim 27.1 from 2025-07-01 onward
27.1,27.1,41.50541,-81.66791,2025-10-08T04:30:00Z,0,Trim 27.1 from 2025-07-01 onward
27.1,27.1,41.50541,-81.66791,2025-10-08T05:00:00Z,2.741,Trim 27.1 from 2025-07-01 onward
27.1,27.1,41.50541,-81.66791,2025-10-08T05:30:00Z,0.52,Trim 27.1 from 2025-07-01 onward
27.1,27.1,41.50541,-81.66791,2025-10-08T06:00:00Z,1.239,Trim 27.1 from 2025-07-01 onward
27.1,27.1,41.50541,-81.66791,2025-10-08T06:30:00Z,1.249,Trim 27.1 from 2025-07-01 onward
27.1,27.1,41.50541,-81.66791,2025-10-08T07:00:00Z,1.887,Trim 27.1 from 2025-07-01 onward
27.1,27.1,41.50541,-81.66791,2025-10-08T07:30:00Z,0.587,Trim 27.1 from 2025-07-01 onward
27.1,27.1,41.50541,-81.66791,2025-10-08T08:00:00Z,4.612,Trim 27.1 from 2025-07-01 onward
27.1,27.1,41.50541,-81.66791,2025-10-08T08:30:00Z,27.202,Trim 27.1 from 2025-07-01 onward
27.1,27.1,41.50541,-81.66791,2025-10-08T09:00:00Z,1.211,Trim 27.1 from 2025-07-01 onward
27.1,27.1,41.50541,-81.66791,2025-10-08T09:30:00Z,1.448,Trim 27.1 from 2025-07-01 onward
27.1,27.1,41.50541,-81.66791,2025-10-08T10:00:00Z,4.854,Trim 27.1 from 2025-07-01 onward
27.1,27.1,41.50541,-81.66791,2025-10-08T10:30:00Z,39.615,Trim 27.1 from 2025-07-01 onward
27.1,27.1,41.50541,-81.66791,2025-10-08T11:00:00Z,0.612,Trim 27.1 from 2025-07-01 onward
27.1,27.1,41.50541,-81.66791,2025-10-08T11:30:00Z,125.968,Trim 27.1 from 2025-07-01 onward
27.1,27.1,41.50541,-81.66791,2025-10-08T12:00:00Z,41.11,Trim 27.1 from 2025-07-01 onward
27.1,27.1,41.50541,-81.66791,2025-10-08T12:30:00Z,2.441,Trim 27.1 from 2025-07-01 onward
27.1,27.1,41.50541,-81.66791,2025-10-08T13:00:00Z,1.64,Trim 27.1 from 2025-07-01 onward
27.1,27.1,41.50541,-81.66791,2025-10-08T13:30:00Z,0.547,Trim 27.1 from 2025-07-01 onward
27.1,27.1,41.50541,-81.66791,2025-10-08T14:00:00Z,2.963,Trim 27.1 from 2025-07-01 onward
27.1,27.1,41.50541,-81.66791,2025-10-08T14:30:00Z,0.597,Trim 27.1 from 2025-07-01 onward
27.1,27.1,41.50541,-81.66791,2025-10-08T15:00:00Z,2.271,Trim 27.1 from 2025-07-01 onward
27.1,27.1,41.50541,-81.66791,2025-10-08T15:30:00Z,1.143,Trim 27.1 from 2025-07-01 onward
27.1,27.1,41.50541,-81.66791,2025-10-08T16:00:00Z,1.036,Trim 27.1 from 2025-07-01 onward
27.1,27.1,41.50541,-81.66791,2025-10-08T16:30:00Z,1.334,Trim 27.1 from 2025-07-01 onward
27.1,27.1,41.50541,-81.66791,2025-10-08T17:00:00Z,0.917,Trim 27.1 from 2025-07-01 onward
27.1,27.1,41.50541,-81.66791,2025-10-08T17:30:00Z,1.334,Trim 27.1 from 2025-07-01 onward
27.1,27.1,41.50541,-81.66791,2025-10-08T18:00:00Z,3.613,Trim 27.1 from 2025-07-01 onward
27.1,27.1,41.50541,-81.66791,2025-10-08T18:30:00Z,5.336,Trim 27.1 from 2025-07-01 onward
27.1,27.1,41.50541,-81.66791,2025-10-08T19:00:00Z,2.117,Trim 27.1 from 2025-07-01 onward
27.1,27.1,41.50541,-81.66791,2025-10-08T19:30:00Z,4.168,Trim 27.1 from 2025-07-01 onward
27.1,27.1,41.50541,-81.66791,2025-10-08T20:00:00Z,0.566,Trim 27.1 from 2025-07-01 onward
27.1,27.1,41.50541,-81.66791,2025-10-08T20:30:00Z,0.561,Trim 27.1 from 2025-07-01 onward
27.1,27.1,41.50541,-81.66791,2025-10-08T21:00:00Z,4.447,Trim 27.1 from 2025-07-01 onward
27.1,27.1,41.50541,-81.66791,2025-10-08T22:00:00Z,0.561,Trim 27.1 from 2025-07-01 onward
27.1,27.1,41.50541,-81.66791,2025-10-08T22:30:00Z,2.813,Trim 27.1 from 2025-07-01 onward
27.1,27.1,41.50541,-81.66791,2025-10-08T23:00:00Z,0.517,Trim 27.1 from 2025-07-01 onward
27.1,27.1,41.50541,-81.66791,2025-10-08T23:30:00Z,0.55,Trim 27.1 from 2025-07-01 onward
27.1,27.1,41.50541,-81.66791,2025-10-09T00:00:00Z,4.108,Trim 27.1 from 2025-07-01 onward
27.1,27.1,41.50541,-81.66791,2025-10-09T00:30:00Z,0,Trim 27.1 from 2025-07-01 onward
27.1,27.1,41.50541,-81.66791,2025-10-09T01:00:00Z,0.889,Trim 27.1 from 2025-07-01 onward
27.1,27.1,41.50541,-81.66791,2025-10-09T01:30:00Z,2.796,Trim 27.1 from 2025-07-01 onward
27.1,27.1,41.50541,-81.66791,2025-10-09T02:00:00Z,7.314,Trim 27.1 from 2025-07-01 onward
27.1,27.1,41.50541,-81.66791,2025-10-09T02:30:00Z,1.127,Trim 27.1 from 2025-07-01 onward
27.1,27.1,41.50541,-81.66791,2025-10-09T03:00:00Z,3.103,Trim 27.1 from 2025-07-01 onward
27.1,27.1,41.50541,-81.66791,2025-10-09T03:30:00Z,0,Trim 27.1 from 2025-07-01 onward
27.1,27.1,41.50541,-81.66791,2025-10-09T04:00:00Z,0.886,Trim 27.1 from 2025-07-01 onward
27.1,27.1,41.50541,-81.66791,2025-10-09T04:30:00Z,1.381,Trim 27.1 from 2025-07-01 onward
27.1,27.1,41.50541,-81.66791,2025-10-09T05:00:00Z,1.635,Trim 27.1 from 2025-07-01 onward
27.1,27.1,41.50541,-81.66791,2025-10-09T05:30:00Z,1.106,Trim 27.1 from 2025-07-01 onward
27.1,27.1,41.50541,-81.66791,2025-10-09T06:00:00Z,1.032,Trim 27.1 from 2025-07-01 onward
27.1,27.1,41.50541,-81.66791,2025-10-09T06:30:00Z,1.632,Trim 27.1 from 2025-07-01 onward
27.1,27.1,41.50541,-81.66791,2025-10-09T07:00:00Z,1.105,Trim 27.1 from 2025-07-01 onward
27.1,27.1,41.50541,-81.66791,2025-10-09T07:30:00Z,1.787,Trim 27.1 from 2025-07-01 onward
27.1,27.1,41.50541,-81.66791,2025-10-09T08:00:00Z,0.599,Trim 27.1 from 2025-07-01 onward
27.1,27.1,41.50541,-81.66791,2025-10-09T08:30:00Z,0.912,Trim 27.1 from 2025-07-01 onward
27.1,27.1,41.50541,-81.66791,2025-10-09T09:00:00Z,1.06,Trim 27.1 from 2025-07-01 onward
27.1,27.1,41.50541,-81.66791,2025-10-09T09:30:00Z,2.724,Trim 27.1 from 2025-07-01 onward
27.1,27.1,41.50541,-81.66791,2025-10-09T10:00:00Z,3.179,Trim 27.1 from 2025-07-01 onward
27.1,27.1,41.50541,-81.66791,2025-10-09T10:30:00Z,2.45,Trim 27.1 from 2025-07-01 onward
27.1,27.1,41.50541,-81.66791,2025-10-09T11:00:00Z,1.329,Trim 27.1 from 2025-07-01 onward
27.1,27.1,41.50541,-81.66791,2025-10-09T11:30:00Z,74.009,Trim 27.1 from 2025-07-01 onward
27.1,27.1,41.50541,-81.66791,2025-10-09T12:00:00Z,1.683,Trim 27.1 from 2025-07-01 onward
27.1,27.1,41.50541,-81.66791,2025-10-09T12:30:00Z,1.522,Trim 27.1 from 2025-07-01 onward
27.1,27.1,41.50541,-81.66791,2025-10-09T13:00:00Z,1.079,Trim 27.1 from 2025-07-01 onward
27.1,27.1,41.50541,-81.66791,2025-10-09T13:30:00Z,1.047,Trim 27.1 from 2025-07-01 onward
27.1,27.1,41.50541,-81.66791,2025-10-09T14:00:00Z,0.571,Trim 27.1 from 2025-07-01 onward
27.1,27.1,41.50541,-81.66791,2025-10-09T14:30:00Z,1.395,Trim 27.1 from 2025-07-01 onward
27.1,27.1,41.50541,-81.66791,2025-10-09T15:00:00Z,2.115,Trim 27.1 from 2025-07-01 onward
27.1,27.1,41.50541,-81.66791,2025-10-09T15:30:00Z,1.333,Trim 27.1 from 2025-07-01 onward
27.1,27.1,41.50541,-81.66791,2025-10-09T16:00:00Z,1.634,Trim 27.1 from 2025-07-01 onward
27.1,27.1,41.50541,-81.66791,2025-10-09T16:30:00Z,0.502,Trim 27.1 from 2025-07-01 onward
27.1,27.1,41.50541,-81.66791,2025-10-09T17:30:00Z,0.983,Trim 27.1 from 2025-07-01 onward
27.1,27.1,41.50541,-81.66791,2025-10-09T18:00:00Z,0,Trim 27.1 from 2025-07-01 onward
27.1,27.1,41.50541,-81.66791,2025-10-09T18:30:00Z,1.527,Trim 27.1 from 2025-07-01 onward
27.1,27.1,41.50541,-81.66791,2025-10-09T19:00:00Z,22.247,Trim 27.1 from 2025-07-01 onward
27.1,27.1,41.50541,-81.66791,2025-10-09T19:30:00Z,0.506,Trim 27.1 from 2025-07-01 onward
27.1,27.1,41.50541,-81.66791,2025-10-09T20:00:00Z,1.093,Trim 27.1 from 2025-07-01 onward
27.1,27.1,41.50541,-81.66791,2025-10-09T20:30:00Z,5.768,Trim 27.1 from 2025-07-01 onward
27.1,27.1,41.50541,-81.66791,2025-10-09T21:00:00Z,1.682,Trim 27.1 from 2025-07-01 onward
27.1,27.1,41.50541,-81.66791,2025-10-09T21:30:00Z,4.184,Trim 27.1 from 2025-07-01 onward
27.1,27.1,41.50541,-81.66791,2025-10-09T22:00:00Z,1.078,Trim 27.1 from 2025-07-01 onward
27.1,27.1,41.50541,-81.66791,2025-10-09T22:30:00Z,1.385,Trim 27.1 from 2025-07-01 onward
27.1,27.1,41.50541,-81.66791,2025-10-09T23:30:00Z,0,Trim 27.1 from 2025-07-01 onward
27.1,27.1,41.50541,-81.66791,2025-10-10T00:00:00Z,2.249,Trim 27.1 from 2025-07-01 onward
27.1,27.1,41.50541,-81.66791,2025-10-10T00:30:00Z,1.187,Trim 27.1 from 2025-07-01 onward
27.1,27.1,41.50541,-81.66791,2025-10-10T01:00:00Z,5.791,Trim 27.1 from 2025-07-01 onward
27.1,27.1,41.50541,-81.66791,2025-10-10T01:30:00Z,1.082,Trim 27.1 from 2025-07-01 onward
27.1,27.1,41.50541,-81.66791,2025-10-10T02:00:00Z,0.937,Trim 27.1 from 2025-07-01 onward
27.1,27.1,41.50541,-81.66791,2025-10-10T02:30:00Z,3.268,Trim 27.1 from 2025-07-01 onward
27.1,27.1,41.50541,-81.66791,2025-10-10T03:00:00Z,2.699,Trim 27.1 from 2025-07-01 onward
27.1,27.1,41.50541,-81.66791,2025-10-10T03:30:00Z,0.495,Trim 27.1 from 2025-07-01 onward
27.1,27.1,41.50541,-81.66791,2025-10-10T04:00:00Z,1.059,Trim 27.1 from 2025-07-01 onward
27.1,27.1,41.50541,-81.66791,2025-10-10T04:30:00Z,2.496,Trim 27.1 from 2025-07-01 onward
27.1,27.1,41.50541,-81.66791,2025-10-10T05:00:00Z,22.971,Trim 27.1 from 2025-07-01 onward
27.1,27.1,41.50541,-81.66791,2025-10-10T05:30:00Z,30.722,Trim 27.1 from 2025-07-01 onward
27.1,27.1,41.50541,-81.66791,2025-10-10T06:00:00Z,12.441,Trim 27.1 from 2025-07-01 onward
27.1,27.1,41.50541,-81.66791,2025-10-10T06:30:00Z,11.732,Trim 27.1 from 2025-07-01 onward
27.1,27.1,41.50541,-81.66791,2025-10-10T07:00:00Z,12.103,Trim 27.1 from 2025-07-01 onward
27.1,27.1,41.50541,-81.66791,2025-10-10T07:30:00Z,8.216,Trim 27.1 from 2025-07-01 onward
27.1,27.1,41.50541,-81.66791,2025-10-10T08:00:00Z,10.266,Trim 27.1 from 2025-07-01 onward
27.1,27.1,41.50541,-81.66791,2025-10-10T08:30:00Z,6.516,Trim 27.1 from 2025-07-01 onward
27.1,27.1,41.50541,-81.66791,2025-10-10T09:30:00Z,138.638,Trim 27.1 from 2025-07-01 onward
27.1,27.1,41.50541,-81.66791,2025-10-10T10:00:00Z,54.564,Trim 27.1 from 2025-07-01 onward
27.1,27.1,41.50541,-81.66791,2025-10-10T11:00:00Z,217.302,Trim 27.1 from 2025-07-01 onward
27.1,27.1,41.50541,-81.66791,2025-10-10T12:00:00Z,36.97,Trim 27.1 from 2025-07-01 onward
27.1,27.1,41.50541,-81.66791,2025-10-10T13:00:00Z,1.714,Trim 27.1 from 2025-07-01 onward
27.1,27.1,41.50541,-81.66791,2025-10-10T13:30:00Z,2.589,Trim 27.1 from 2025-07-01 onward
27.1,27.1,41.50541,-81.66791,2025-10-10T14:00:00Z,1.429,Trim 27.1 from 2025-07-01 onward
27.1,27.1,41.50541,-81.66791,2025-10-10T14:30:00Z,1.698,Trim 27.1 from 2025-07-01 onward
27.1,27.1,41.50541,-81.66791,2025-10-10T15:00:00Z,1.202,Trim 27.1 from 2025-07-01 onward
27.1,27.1,41.50541,-81.66791,2025-10-10T16:00:00Z,1.012,Trim 27.1 from 2025-07-01 onward
27.1,27.1,41.50541,-81.66791,2025-10-10T16:30:00Z,1.153,Trim 27.1 from 2025-07-01 onward
27.1,27.1,41.50541,-81.66791,2025-10-10T17:00:00Z,2.399,Trim 27.1 from 2025-07-01 onward
27.1,27.1,41.50541,-81.66791,2025-10-10T17:30:00Z,0.575,Trim 27.1 from 2025-07-01 onward
27.1,27.1,41.50541,-81.66791,2025-10-10T18:00:00Z,2.859,Trim 27.1 from 2025-07-01 onward
27.1,27.1,41.50541,-81.66791,2025-10-10T18:30:00Z,2.67,Trim 27.1 from 2025-07-01 onward
27.1,27.1,41.50541,-81.66791,2025-10-10T19:00:00Z,0.688,Trim 27.1 from 2025-07-01 onward
27.1,27.1,41.50541,-81.66791,2025-10-10T19:30:00Z,0.567,Trim 27.1 from 2025-07-01 onward
27.1,27.1,41.50541,-81.66791,2025-10-10T20:00:00Z,2.623,Trim 27.1 from 2025-07-01 onward
27.1,27.1,41.50541,-81.66791,2025-10-10T20:30:00Z,8.273,Trim 27.1 from 2025-07-01 onward
27.1,27.1,41.50541,-81.66791,2025-10-10T21:00:00Z,0.997,Trim 27.1 from 2025-07-01 onward
27.1,27.1,41.50541,-81.66791,2025-10-10T21:30:00Z,2.268,Trim 27.1 from 2025-07-01 onward
27.1,27.1,41.50541,-81.66791,2025-10-10T22:30:00Z,2.21,Trim 27.1 from 2025-07-01 onward
27.1,27.1,41.50541,-81.66791,2025-10-10T23:00:00Z,1.261,Trim 27.1 from 2025-07-01 onward
27.1,27.1,41.50541,-81.66791,2025-10-10T23:30:00Z,3.9,Trim 27.1 from 2025-07-01 onward
27.1,27.1,41.50541,-81.66791,2025-10-11T00:00:00Z,3.645,Trim 27.1 from 2025-07-01 onward
27.1,27.1,41.50541,-81.66791,2025-10-11T00:30:00Z,2.958,Trim 27.1 from 2025-07-01 onward
27.1,27.1,41.50541,-81.66791,2025-10-11T01:00:00Z,1.551,Trim 27.1 from 2025-07-01 onward
27.1,27.1,41.50541,-81.66791,2025-10-11T01:30:00Z,5.392,Trim 27.1 from 2025-07-01 onward
27.1,27.1,41.50541,-81.66791,2025-10-11T02:00:00Z,5.392,Trim 27.1 from 2025-07-01 onward
27.1,27.1,41.50541,-81.66791,2025-10-11T02:30:00Z,1.653,Trim 27.1 from 2025-07-01 onward
27.1,27.1,41.50541,-81.66791,2025-10-11T03:00:00Z,3.022,Trim 27.1 from 2025-07-01 onward
27.1,27.1,41.50541,-81.66791,2025-10-11T03:30:00Z,4.228,Trim 27.1 from 2025-07-01 onward
27.1,27.1,41.50541,-81.66791,2025-10-11T04:00:00Z,4.489,Trim 27.1 from 2025-07-01 onward
27.1,27.1,41.50541,-81.66791,2025-10-11T04:30:00Z,1.141,Trim 27.1 from 2025-07-01 onward
27.1,27.1,41.50541,-81.66791,2025-10-11T05:00:00Z,0.762,Trim 27.1 from 2025-07-01 onward
27.1,27.1,41.50541,-81.66791,2025-10-11T05:30:00Z,3.053,Trim 27.1 from 2025-07-01 onward
27.1,27.1,41.50541,-81.66791,2025-10-11T06:00:00Z,1.272,Trim 27.1 from 2025-07-01 onward
27.1,27.1,41.50541,-81.66791,2025-10-11T06:30:00Z,2.186,Trim 27.1 from 2025-07-01 onward
27.1,27.1,41.50541,-81.66791,2025-10-11T07:00:00Z,1.927,Trim 27.1 from 2025-07-01 onward
27.1,27.1,41.50541,-81.66791,2025-10-11T07:30:00Z,1.368,Trim 27.1 from 2025-07-01 onward
27.1,27.1,41.50541,-81.66791,2025-10-11T08:00:00Z,14.419,Trim 27.1 from 2025-07-01 onward
27.1,27.1,41.50541,-81.66791,2025-10-11T08:30:00Z,3.665,Trim 27.1 from 2025-07-01 onward
27.1,27.1,41.50541,-81.66791,2025-10-11T09:00:00Z,1.935,Trim 27.1 from 2025-07-01 onward
27.1,27.1,41.50541,-81.66791,2025-10-11T09:30:00Z,4.018,Trim 27.1 from 2025-07-01 onward
27.1,27.1,41.50541,-81.66791,2025-10-11T10:00:00Z,1.162,Trim 27.1 from 2025-07-01 onward
27.1,27.1,41.50541,-81.66791,2025-10-11T10:30:00Z,1.573,Trim 27.1 from 2025-07-01 onward
27.1,27.1,41.50541,-81.66791,2025-10-11T11:00:00Z,3.443,Trim 27.1 from 2025-07-01 onward
27.1,27.1,41.50541,-81.66791,2025-10-11T11:30:00Z,107.627,Trim 27.1 from 2025-07-01 onward
27.1,27.1,41.50541,-81.66791,2025-10-11T12:00:00Z,18.207,Trim 27.1 from 2025-07-01 onward
27.1,27.1,41.50541,-81.66791,2025-10-11T12:30:00Z,0.898,Trim 27.1 from 2025-07-01 onward
27.1,27.1,41.50541,-81.66791,2025-10-11T13:00:00Z,5.071,Trim 27.1 from 2025-07-01 onward
27.1,27.1,41.50541,-81.66791,2025-10-11T13:30:00Z,1.036,Trim 27.1 from 2025-07-01 onward
27.1,27.1,41.50541,-81.66791,2025-10-11T14:00:00Z,1.036,Trim 27.1 from 2025-07-01 onward
27.1,27.1,41.50541,-81.66791,2025-10-11T14:30:00Z,4.836,Trim 27.1 from 2025-07-01 onward
27.1,27.1,41.50541,-81.66791,2025-10-11T15:00:00Z,1.546,Trim 27.1 from 2025-07-01 onward
27.1,27.1,41.50541,-81.66791,2025-10-11T15:30:00Z,1.018,Trim 27.1 from 2025-07-01 onward
27.1,27.1,41.50541,-81.66791,2025-10-11T16:00:00Z,1.509,Trim 27.1 from 2025-07-01 onward
27.1,27.1,41.50541,-81.66791,2025-10-11T16:30:00Z,3.24,Trim 27.1 from 2025-07-01 onward
27.1,27.1,41.50541,-81.66791,2025-10-11T17:00:00Z,1.101,Trim 27.1 from 2025-07-01 onward
27.1,27.1,41.50541,-81.66791,2025-10-11T17:30:00Z,0.561,Trim 27.1 from 2025-07-01 onward
27.1,27.1,41.50541,-81.66791,2025-10-11T18:00:00Z,1.386,Trim 27.1 from 2025-07-01 onward
27.1,27.1,41.50541,-81.66791,2025-10-11T18:30:00Z,4.806,Trim 27.1 from 2025-07-01 onward
27.1,27.1,41.50541,-81.66791,2025-10-11T19:30:00Z,1.415,Trim 27.1 from 2025-07-01 onward
27.1,27.1,41.50541,-81.66791,2025-10-11T20:00:00Z,2.941,Trim 27.1 from 2025-07-01 onward
27.1,27.1,41.50541,-81.66791,2025-10-11T20:30:00Z,3.185,Trim 27.1 from 2025-07-01 onward
27.1,27.1,41.50541,-81.66791,2025-10-11T21:00:00Z,5.779,Trim 27.1 from 2025-07-01 onward
27.1,27.1,41.50541,-81.66791,2025-10-11T21:30:00Z,0.571,Trim 27.1 from 2025-07-01 onward
27.1,27.1,41.50541,-81.66791,2025-10-11T22:00:00Z,0.533,Trim 27.1 from 2025-07-01 onward
27.1,27.1,41.50541,-81.66791,2025-10-11T22:30:00Z,0.545,Trim 27.1 from 2025-07-01 onward
27.1,27.1,41.50541,-81.66791,2025-10-11T23:00:00Z,3.211,Trim 27.1 from 2025-07-01 onward
27.1,27.1,41.50541,-81.66791,2025-10-11T23:30:00Z,0.587,Trim 27.1 from 2025-07-01 onward
27.1,27.1,41.50541,-81.66791,2025-10-12T00:00:00Z,1.594,Trim 27.1 from 2025-07-01 onward
27.1,27.1,41.50541,-81.66791,2025-10-12T00:30:00Z,1.034,Trim 27.1 from 2025-07-01 onward
27.1,27.1,41.50541,-81.66791,2025-10-12T01:00:00Z,2.214,Trim 27.1 from 2025-07-01 onward
27.1,27.1,41.50541,-81.66791,2025-10-12T01:30:00Z,75.777,Trim 27.1 from 2025-07-01 onward
27.1,27.1,41.50541,-81.66791,2025-10-12T02:00:00Z,124.105,Trim 27.1 from 2025-07-01 onward
27.1,27.1,41.50541,-81.66791,2025-10-12T03:00:00Z,40.754,Trim 27.1 from 2025-07-01 onward
27.1,27.1,41.50541,-81.66791,2025-10-12T03:30:00Z,39.446,Trim 27.1 from 2025-07-01 onward
27.1,27.1,41.50541,-81.66791,2025-10-12T04:00:00Z,130.241,Trim 27.1 from 2025-07-01 onward
27.1,27.1,41.50541,-81.66791,2025-10-12T04:30:00Z,45.18,Trim 27.1 from 2025-07-01 onward
27.1,27.1,41.50541,-81.66791,2025-10-12T05:00:00Z,71.851,Trim 27.1 from 2025-07-01 onward
27.1,27.1,41.50541,-81.66791,2025-10-12T05:30:00Z,198.064,Trim 27.1 from 2025-07-01 onward
27.1,27.1,41.50541,-81.66791,2025-10-12T06:00:00Z,169.362,Trim 27.1 from 2025-07-01 onward
27.1,27.1,41.50541,-81.66791,2025-10-12T07:00:00Z,167.741,Trim 27.1 from 2025-07-01 onward
27.1,27.1,41.50541,-81.66791,2025-10-12T12:30:00Z,3.511,Trim 27.1 from 2025-07-01 onward
27.1,27.1,41.50541,-81.66791,2025-10-12T13:00:00Z,5.226,Trim 27.1 from 2025-07-01 onward
27.1,27.1,41.50541,-81.66791,2025-10-12T13:30:00Z,2.583,Trim 27.1 from 2025-07-01 onward
27.1,27.1,41.50541,-81.66791,2025-10-12T14:00:00Z,4.241,Trim 27.1 from 2025-07-01 onward
27.1,27.1,41.50541,-81.66791,2025-10-12T14:30:00Z,1.485,Trim 27.1 from 2025-07-01 onward
27.1,27.1,41.50541,-81.66791,2025-10-12T15:00:00Z,1.504,Trim 27.1 from 2025-07-01 onward
27.1,27.1,41.50541,-81.66791,2025-10-12T15:30:00Z,0.747,Trim 27.1 from 2025-07-01 onward
27.1,27.1,41.50541,-81.66791,2025-10-12T16:00:00Z,0.834,Trim 27.1 from 2025-07-01 onward
27.1,27.1,41.50541,-81.66791,2025-10-12T16:30:00Z,1.093,Trim 27.1 from 2025-07-01 onward
27.1,27.1,41.50541,-81.66791,2025-10-12T17:00:00Z,2.777,Trim 27.1 from 2025-07-01 onward
27.1,27.1,41.50541,-81.66791,2025-10-12T17:30:00Z,10.956,Trim 27.1 from 2025-07-01 onward
27.1,27.1,41.50541,-81.66791,2025-10-12T18:00:00Z,0.613,Trim 27.1 from 2025-07-01 onward
27.1,27.1,41.50541,-81.66791,2025-10-12T19:00:00Z,2.941,Trim 27.1 from 2025-07-01 onward
27.1,27.1,41.50541,-81.66791,2025-10-12T19:30:00Z,1.22,Trim 27.1 from 2025-07-01 onward
27.1,27.1,41.50541,-81.66791,2025-10-12T20:00:00Z,0.763,Trim 27.1 from 2025-07-01 onward
27.1,27.1,41.50541,-81.66791,2025-10-12T20:30:00Z,0.53,Trim 27.1 from 2025-07-01 onward
27.1,27.1,41.50541,-81.66791,2025-10-12T21:00:00Z,0.547,Trim 27.1 from 2025-07-01 onward
27.1,27.1,41.50541,-81.66791,2025-10-12T21:30:00Z,0.648,Trim 27.1 from 2025-07-01 onward
27.1,27.1,41.50541,-81.66791,2025-10-12T22:00:00Z,3.29,Trim 27.1 from 2025-07-01 onward
27.1,27.1,41.50541,-81.66791,2025-10-12T22:30:00Z,0.562,Trim 27.1 from 2025-07-01 onward
27.1,27.1,41.50541,-81.66791,2025-10-12T23:00:00Z,2.099,Trim 27.1 from 2025-07-01 onward
27.1,27.1,41.50541,-81.66791,2025-10-12T23:30:00Z,2.099,Trim 27.1 from 2025-07-01 onward
27.1,27.1,41.50541,-81.66791,2025-10-13T00:30:00Z,29.329,Trim 27.1 from 2025-07-01 onward
27.1,27.1,41.50541,-81.66791,2025-10-13T01:00:00Z,52.632,Trim 27.1 from 2025-07-01 onward
27.1,27.1,41.50541,-81.66791,2025-10-13T01:30:00Z,55.051,Trim 27.1 from 2025-07-01 onward
27.1,27.1,41.50541,-81.66791,2025-10-13T02:30:00Z,32.346,Trim 27.1 from 2025-07-01 onward
27.1,27.1,41.50541,-81.66791,2025-10-13T03:00:00Z,173.026,Trim 27.1 from 2025-07-01 onward
27.1,27.1,41.50541,-81.66791,2025-10-13T05:30:00Z,186.544,Trim 27.1 from 2025-07-01 onward
27.1,27.1,41.50541,-81.66791,2025-10-13T06:00:00Z,167.528,Trim 27.1 from 2025-07-01 onward
27.1,27.1,41.50541,-81.66791,2025-10-13T06:30:00Z,167.528,Trim 27.1 from 2025-07-01 onward
27.1,27.1,41.50541,-81.66791,2025-10-13T07:00:00Z,167.528,Trim 27.1 from 2025-07-01 onward
27.1,27.1,41.50541,-81.66791,2025-10-13T07:30:00Z,167.528,Trim 27.1 from 2025-07-01 onward
27.1,27.1,41.50541,-81.66791,2025-10-13T08:00:00Z,167.528,Trim 27.1 from 2025-07-01 onward
27.1,27.1,41.50541,-81.66791,2025-10-13T08:30:00Z,167.528,Trim 27.1 from 2025-07-01 onward
27.1,27.1,41.50541,-81.66791,2025-10-13T09:00:00Z,167.528,Trim 27.1 from 2025-07-01 onward
27.1,27.1,41.50541,-81.66791,2025-10-13T09:30:00Z,78.044,Trim 27.1 from 2025-07-01 onward
27.1,27.1,41.50541,-81.66791,2025-10-13T10:00:00Z,32.145,Trim 27.1 from 2025-07-01 onward
27.1,27.1,41.50541,-81.66791,2025-10-13T10:30:00Z,63.589,Trim 27.1 from 2025-07-01 onward
27.1,27.1,41.50541,-81.66791,2025-10-13T11:00:00Z,108.224,Trim 27.1 from 2025-07-01 onward
27.1,27.1,41.50541,-81.66791,2025-10-13T12:00:00Z,113.417,Trim 27.1 from 2025-07-01 onward
27.1,27.1,41.50541,-81.66791,2025-10-13T12:30:00Z,3.476,Trim 27.1 from 2025-07-01 onward
27.1,27.1,41.50541,-81.66791,2025-10-13T13:00:00Z,2.538,Trim 27.1 from 2025-07-01 onward
27.1,27.1,41.50541,-81.66791,2025-10-13T13:30:00Z,5.769,Trim 27.1 from 2025-07-01 onward
27.1,27.1,41.50541,-81.66791,2025-10-13T14:00:00Z,8.178,Trim 27.1 from 2025-07-01 onward
27.1,27.1,41.50541,-81.66791,2025-10-13T14:30:00Z,1.056,Trim 27.1 from 2025-07-01 onward
27.1,27.1,41.50541,-81.66791,2025-10-13T15:00:00Z,1.939,Trim 27.1 from 2025-07-01 onward
27.1,27.1,41.50541,-81.66791,2025-10-13T15:30:00Z,4.701,Trim 27.1 from 2025-07-01 onward
27.1,27.1,41.50541,-81.66791,2025-10-13T16:00:00Z,1.107,Trim 27.1 from 2025-07-01 onward
27.1,27.1,41.50541,-81.66791,2025-10-13T16:30:00Z,2.585,Trim 27.1 from 2025-07-01 onward
27.1,27.1,41.50541,-81.66791,2025-10-13T17:00:00Z,2.713,Trim 27.1 from 2025-07-01 onward
27.1,27.1,41.50541,-81.66791,2025-10-13T17:30:00Z,4.884,Trim 27.1 from 2025-07-01 onward
27.1,27.1,41.50541,-81.66791,2025-10-13T18:00:00Z,24.348,Trim 27.1 from 2025-07-01 onward
27.1,27.1,41.50541,-81.66791,2025-10-13T18:30:00Z,0.621,Trim 27.1 from 2025-07-01 onward
27.1,27.1,41.50541,-81.66791,2025-10-13T19:00:00Z,2.452,Trim 27.1 from 2025-07-01 onward
27.1,27.1,41.50541,-81.66791,2025-10-13T19:30:00Z,1.333,Trim 27.1 from 2025-07-01 onward
27.1,27.1,41.50541,-81.66791,2025-10-13T20:00:00Z,1.239,Trim 27.1 from 2025-07-01 onward
27.1,27.1,41.50541,-81.66791,2025-10-13T20:30:00Z,2.475,Trim 27.1 from 2025-07-01 onward
27.1,27.1,41.50541,-81.66791,2025-10-13T21:30:00Z,37.81,Trim 27.1 from 2025-07-01 onward
27.1,27.1,41.50541,-81.66791,2025-10-13T22:00:00Z,69.165,Trim 27.1 from 2025-07-01 onward
27.1,27.1,41.50541,-81.66791,2025-10-13T22:30:00Z,72.097,Trim 27.1 from 2025-07-01 onward
27.1,27.1,41.50541,-81.66791,2025-10-13T23:00:00Z,70.375,Trim 27.1 from 2025-07-01 onward
27.1,27.1,41.50541,-81.66791,2025-10-13T23:30:00Z,96.591,Trim 27.1 from 2025-07-01 onward
27.1,27.1,41.50541,-81.66791,2025-10-14T05:30:00Z,243.793,Trim 27.1 from 2025-07-01 onward
27.1,27.1,41.50541,-81.66791,2025-10-14T07:00:00Z,228.468,Trim 27.1 from 2025-07-01 onward
27.1,27.1,41.50541,-81.66791,2025-10-14T09:30:00Z,198.396,Trim 27.1 from 2025-07-01 onward
27.1,27.1,41.50541,-81.66791,2025-10-14T12:30:00Z,3.011,Trim 27.1 from 2025-07-01 onward
27.1,27.1,41.50541,-81.66791,2025-10-14T13:00:00Z,0.587,Trim 27.1 from 2025-07-01 onward
27.1,27.1,41.50541,-81.66791,2025-10-14T13:30:00Z,0.916,Trim 27.1 from 2025-07-01 onward
27.1,27.1,41.50541,-81.66791,2025-10-14T14:00:00Z,3.548,Trim 27.1 from 2025-07-01 onward
27.1,27.1,41.50541,-81.66791,2025-10-14T14:30:00Z,0.926,Trim 27.1 from 2025-07-01 onward
27.1,27.1,41.50541,-81.66791,2025-10-14T15:00:00Z,1.099,Trim 27.1 from 2025-07-01 onward
27.1,27.1,41.50541,-81.66791,2025-10-14T15:30:00Z,1.067,Trim 27.1 from 2025-07-01 onward
27.1,27.1,41.50541,-81.66791,2025-10-14T16:00:00Z,2.362,Trim 27.1 from 2025-07-01 onward
27.1,27.1,41.50541,-81.66791,2025-10-14T17:00:00Z,0.979,Trim 27.1 from 2025-07-01 onward
27.1,27.1,41.50541,-81.66791,2025-10-14T17:30:00Z,1.592,Trim 27.1 from 2025-07-01 onward
27.1,27.1,41.50541,-81.66791,2025-10-14T18:00:00Z,0.961,Trim 27.1 from 2025-07-01 onward
27.1,27.1,41.50541,-81.66791,2025-10-14T18:30:00Z,2.895,Trim 27.1 from 2025-07-01 onward
27.1,27.1,41.50541,-81.66791,2025-10-14T19:30:00Z,2.016,Trim 27.1 from 2025-07-01 onward
27.1,27.1,41.50541,-81.66791,2025-10-14T20:00:00Z,0.531,Trim 27.1 from 2025-07-01 onward
27.1,27.1,41.50541,-81.66791,2025-10-14T20:30:00Z,1.145,Trim 27.1 from 2025-07-01 onward
27.1,27.1,41.50541,-81.66791,2025-10-14T21:00:00Z,81.704,Trim 27.1 from 2025-07-01 onward
27.1,27.1,41.50541,-81.66791,2025-10-14T21:30:00Z,24.457,Trim 27.1 from 2025-07-01 onward
27.1,27.1,41.50541,-81.66791,2025-10-14T22:30:00Z,47.87,Trim 27.1 from 2025-07-01 onward
27.1,27.1,41.50541,-81.66791,2025-10-14T23:00:00Z,56.34,Trim 27.1 from 2025-07-01 onward
27.1,27.1,41.50541,-81.66791,2025-10-14T23:30:00Z,77.825,Trim 27.1 from 2025-07-01 onward
27.1,27.1,41.50541,-81.66791,2025-10-15T00:00:00Z,59.887,Trim 27.1 from 2025-07-01 onward
27.1,27.1,41.50541,-81.66791,2025-10-15T00:30:00Z,184.217,Trim 27.1 from 2025-07-01 onward
27.1,27.1,41.50541,-81.66791,2025-10-15T01:00:00Z,25.264,Trim 27.1 from 2025-07-01 onward
27.1,27.1,41.50541,-81.66791,2025-10-15T01:30:00Z,2.293,Trim 27.1 from 2025-07-01 onward
27.1,27.1,41.50541,-81.66791,2025-10-15T02:00:00Z,1.273,Trim 27.1 from 2025-07-01 onward
27.1,27.1,41.50541,-81.66791,2025-10-15T02:30:00Z,1.385,Trim 27.1 from 2025-07-01 onward
27.1,27.1,41.50541,-81.66791,2025-10-15T03:00:00Z,1.062,Trim 27.1 from 2025-07-01 onward
27.1,27.1,41.50541,-81.66791,2025-10-15T03:30:00Z,2.354,Trim 27.1 from 2025-07-01 onward
27.1,27.1,41.50541,-81.66791,2025-10-15T04:00:00Z,9.659,Trim 27.1 from 2025-07-01 onward
27.1,27.1,41.50541,-81.66791,2025-10-15T04:30:00Z,4.174,Trim 27.1 from 2025-07-01 onward
27.1,27.1,41.50541,-81.66791,2025-10-15T05:00:00Z,0.823,Trim 27.1 from 2025-07-01 onward
27.1,27.1,41.50541,-81.66791,2025-10-15T05:30:00Z,4.665,Trim 27.1 from 2025-07-01 onward
27.1,27.1,41.50541,-81.66791,2025-10-15T06:00:00Z,4.863,Trim 27.1 from 2025-07-01 onward
27.1,27.1,41.50541,-81.66791,2025-10-15T06:30:00Z,19.937,Trim 27.1 from 2025-07-01 onward
27.1,27.1,41.50541,-81.66791,2025-10-15T07:00:00Z,1.002,Trim 27.1 from 2025-07-01 onward
27.1,27.1,41.50541,-81.66791,2025-10-15T07:30:00Z,0.53,Trim 27.1 from 2025-07-01 onward
27.1,27.1,41.50541,-81.66791,2025-10-15T08:00:00Z,1.058,Trim 27.1 from 2025-07-01 onward
27.1,27.1,41.50541,-81.66791,2025-10-15T08:30:00Z,1.226,Trim 27.1 from 2025-07-01 onward
27.1,27.1,41.50541,-81.66791,2025-10-15T09:00:00Z,4.471,Trim 27.1 from 2025-07-01 onward
27.1,27.1,41.50541,-81.66791,2025-10-15T09:30:00Z,29.596,Trim 27.1 from 2025-07-01 onward
27.1,27.1,41.50541,-81.66791,2025-10-15T10:00:00Z,1.932,Trim 27.1 from 2025-07-01 onward
27.1,27.1,41.50541,-81.66791,2025-10-15T10:30:00Z,8.034,Trim 27.1 from 2025-07-01 onward
27.1,27.1,41.50541,-81.66791,2025-10-15T11:00:00Z,7.1,Trim 27.1 from 2025-07-01 onward
27.1,27.1,41.50541,-81.66791,2025-10-15T11:30:00Z,166.811,Trim 27.1 from 2025-07-01 onward
27.1,27.1,41.50541,-81.66791,2025-10-15T12:00:00Z,25.975,Trim 27.1 from 2025-07-01 onward
27.1,27.1,41.50541,-81.66791,2025-10-15T12:30:00Z,6.645,Trim 27.1 from 2025-07-01 onward
27.1,27.1,41.50541,-81.66791,2025-10-15T13:00:00Z,2.439,Trim 27.1 from 2025-07-01 onward
27.1,27.1,41.50541,-81.66791,2025-10-15T13:30:00Z,9.449,Trim 27.1 from 2025-07-01 onward
27.1,27.1,41.50541,-81.66791,2025-10-15T14:00:00Z,0.944,Trim 27.1 from 2025-07-01 onward
27.1,27.1,41.50541,-81.66791,2025-10-15T14:30:00Z,0.559,Trim 27.1 from 2025-07-01 onward
27.1,27.1,41.50541,-81.66791,2025-10-15T15:00:00Z,6.16,Trim 27.1 from 2025-07-01 onward
27.1,27.1,41.50541,-81.66791,2025-10-15T15:30:00Z,1.363,Trim 27.1 from 2025-07-01 onward
27.1,27.1,41.50541,-81.66791,2025-10-15T16:00:00Z,1.889,Trim 27.1 from 2025-07-01 onward
27.1,27.1,41.50541,-81.66791,2025-10-15T16:30:00Z,1.409,Trim 27.1 from 2025-07-01 onward
27.1,27.1,41.50541,-81.66791,2025-10-15T17:00:00Z,0.83,Trim 27.1 from 2025-07-01 onward
27.1,27.1,41.50541,-81.66791,2025-10-15T17:30:00Z,0.632,Trim 27.1 from 2025-07-01 onward
27.1,27.1,41.50541,-81.66791,2025-10-15T18:00:00Z,1.133,Trim 27.1 from 2025-07-01 onward
27.1,27.1,41.50541,-81.66791,2025-10-15T18:30:00Z,1.336,Trim 27.1 from 2025-07-01 onward
27.1,27.1,41.50541,-81.66791,2025-10-15T19:00:00Z,0.561,Trim 27.1 from 2025-07-01 onward
27.1,27.1,41.50541,-81.66791,2025-10-15T19:30:00Z,2.319,Trim 27.1 from 2025-07-01 onward
27.1,27.1,41.50541,-81.66791,2025-10-15T20:00:00Z,1.034,Trim 27.1 from 2025-07-01 onward
27.1,27.1,41.50541,-81.66791,2025-10-15T20:30:00Z,17.138,Trim 27.1 from 2025-07-01 onward
27.1,27.1,41.50541,-81.66791,2025-10-15T21:00:00Z,0.583,Trim 27.1 from 2025-07-01 onward
27.1,27.1,41.50541,-81.66791,2025-10-15T21:30:00Z,7.133,Trim 27.1 from 2025-07-01 onward
27.1,27.1,41.50541,-81.66791,2025-10-15T22:00:00Z,6.463,Trim 27.1 from 2025-07-01 onward
27.1,27.1,41.50541,-81.66791,2025-10-15T22:30:00Z,1.599,Trim 27.1 from 2025-07-01 onward
27.1,27.1,41.50541,-81.66791,2025-10-15T23:00:00Z,2.351,Trim 27.1 from 2025-07-01 onward
27.1,27.1,41.50541,-81.66791,2025-10-15T23:30:00Z,1.594,Trim 27.1 from 2025-07-01 onward
27.1,27.1,41.50541,-81.66791,2025-10-16T00:00:00Z,1.047,Trim 27.1 from 2025-07-01 onward
27.1,27.1,41.50541,-81.66791,2025-10-16T00:30:00Z,2.555,Trim 27.1 from 2025-07-01 onward
27.1,27.1,41.50541,-81.66791,2025-10-16T01:00:00Z,0,Trim 27.1 from 2025-07-01 onward
27.1,27.1,41.50541,-81.66791,2025-10-16T01:30:00Z,3.127,Trim 27.1 from 2025-07-01 onward
27.1,27.1,41.50541,-81.66791,2025-10-16T02:00:00Z,0.55,Trim 27.1 from 2025-07-01 onward
27.1,27.1,41.50541,-81.66791,2025-10-16T02:30:00Z,1.147,Trim 27.1 from 2025-07-01 onward
27.1,27.1,41.50541,-81.66791,2025-10-16T03:00:00Z,0.708,Trim 27.1 from 2025-07-01 onward
27.1,27.1,41.50541,-81.66791,2025-10-16T03:30:00Z,16.174,Trim 27.1 from 2025-07-01 onward
27.1,27.1,41.50541,-81.66791,2025-10-16T04:00:00Z,28.755,Trim 27.1 from 2025-07-01 onward
27.1,27.1,41.50541,-81.66791,2025-10-16T04:30:00Z,22.157,Trim 27.1 from 2025-07-01 onward
27.1,27.1,41.50541,-81.66791,2025-10-16T05:00:00Z,85.499,Trim 27.1 from 2025-07-01 onward
27.1,27.1,41.50541,-81.66791,2025-10-16T05:30:00Z,0.713,Trim 27.1 from 2025-07-01 onward
27.1,27.1,41.50541,-81.66791,2025-10-16T06:00:00Z,1.415,Trim 27.1 from 2025-07-01 onward
27.1,27.1,41.50541,-81.66791,2025-10-16T06:30:00Z,0.938,Trim 27.1 from 2025-07-01 onward
27.1,27.1,41.50541,-81.66791,2025-10-16T07:00:00Z,0.572,Trim 27.1 from 2025-07-01 onward
27.1,27.1,41.50541,-81.66791,2025-10-16T07:30:00Z,1.535,Trim 27.1 from 2025-07-01 onward
27.1,27.1,41.50541,-81.66791,2025-10-16T08:00:00Z,0.541,Trim 27.1 from 2025-07-01 onward
27.1,27.1,41.50541,-81.66791,2025-10-16T08:30:00Z,0,Trim 27.1 from 2025-07-01 onward
27.1,27.1,41.50541,-81.66791,2025-10-16T09:00:00Z,0,Trim 27.1 from 2025-07-01 onward
27.1,27.1,41.50541,-81.66791,2025-10-16T09:30:00Z,3.28,Trim 27.1 from 2025-07-01 onward
27.1,27.1,41.50541,-81.66791,2025-10-16T10:00:00Z,18.569,Trim 27.1 from 2025-07-01 onward
27.1,27.1,41.50541,-81.66791,2025-10-16T10:30:00Z,2.292,Trim 27.1 from 2025-07-01 onward
27.1,27.1,41.50541,-81.66791,2025-10-16T11:00:00Z,2.68,Trim 27.1 from 2025-07-01 onward
27.1,27.1,41.50541,-81.66791,2025-10-16T11:30:00Z,6.013,Trim 27.1 from 2025-07-01 onward
27.1,27.1,41.50541,-81.66791,2025-10-16T12:00:00Z,152.937,Trim 27.1 from 2025-07-01 onward
27.1,27.1,41.50541,-81.66791,2025-10-16T12:30:00Z,1.005,Trim 27.1 from 2025-07-01 onward
27.1,27.1,41.50541,-81.66791,2025-10-16T13:00:00Z,4.445,Trim 27.1 from 2025-07-01 onward
27.1,27.1,41.50541,-81.66791,2025-10-16T13:30:00Z,0.947,Trim 27.1 from 2025-07-01 onward
27.1,27.1,41.50541,-81.66791,2025-10-16T14:00:00Z,1.043,Trim 27.1 from 2025-07-01 onward
27.1,27.1,41.50541,-81.66791,2025-10-16T14:30:00Z,3.3,Trim 27.1 from 2025-07-01 onward
27.1,27.1,41.50541,-81.66791,2025-10-16T15:00:00Z,0,Trim 27.1 from 2025-07-01 onward
27.1,27.1,41.50541,-81.66791,2025-10-16T15:30:00Z,0.578,Trim 27.1 from 2025-07-01 onward
27.1,27.1,41.50541,-81.66791,2025-10-16T16:00:00Z,4.879,Trim 27.1 from 2025-07-01 onward
27.1,27.1,41.50541,-81.66791,2025-10-16T16:30:00Z,2.549,Trim 27.1 from 2025-07-01 onward
27.1,27.1,41.50541,-81.66791,2025-10-16T17:00:00Z,0.537,Trim 27.1 from 2025-07-01 onward
27.1,27.1,41.50541,-81.66791,2025-10-16T17:30:00Z,0.539,Trim 27.1 from 2025-07-01 onward
27.1,27.1,41.50541,-81.66791,2025-10-16T18:00:00Z,1.148,Trim 27.1 from 2025-07-01 onward
27.1,27.1,41.50541,-81.66791,2025-10-16T18:30:00Z,1.191,Trim 27.1 from 2025-07-01 onward
27.1,27.1,41.50541,-81.66791,2025-10-16T19:00:00Z,1.892,Trim 27.1 from 2025-07-01 onward
27.1,27.1,41.50541,-81.66791,2025-10-16T19:30:00Z,0.52,Trim 27.1 from 2025-07-01 onward
27.1,27.1,41.50541,-81.66791,2025-10-16T20:00:00Z,1.981,Trim 27.1 from 2025-07-01 onward
27.1,27.1,41.50541,-81.66791,2025-10-16T20:30:00Z,0,Trim 27.1 from 2025-07-01 onward
27.1,27.1,41.50541,-81.66791,2025-10-16T21:00:00Z,7.766,Trim 27.1 from 2025-07-01 onward
27.1,27.1,41.50541,-81.66791,2025-10-16T21:30:00Z,16.317,Trim 27.1 from 2025-07-01 onward
27.1,27.1,41.50541,-81.66791,2025-10-16T22:00:00Z,2.978,Trim 27.1 from 2025-07-01 onward
27.1,27.1,41.50541,-81.66791,2025-10-16T22:30:00Z,1.481,Trim 27.1 from 2025-07-01 onward
27.1,27.1,41.50541,-81.66791,2025-10-16T23:00:00Z,69.549,Trim 27.1 from 2025-07-01 onward
27.1,27.1,41.50541,-81.66791,2025-10-16T23:30:00Z,2.127,Trim 27.1 from 2025-07-01 onward
27.1,27.1,41.50541,-81.66791,2025-10-17T00:00:00Z,0.563,Trim 27.1 from 2025-07-01 onward
27.1,27.1,41.50541,-81.66791,2025-10-17T00:30:00Z,1.292,Trim 27.1 from 2025-07-01 onward
27.1,27.1,41.50541,-81.66791,2025-10-17T01:00:00Z,83.6,Trim 27.1 from 2025-07-01 onward
27.1,27.1,41.50541,-81.66791,2025-10-17T01:30:00Z,187.042,Trim 27.1 from 2025-07-01 onward
27.1,27.1,41.50541,-81.66791,2025-10-17T02:30:00Z,107.438,Trim 27.1 from 2025-07-01 onward
27.1,27.1,41.50541,-81.66791,2025-10-17T03:00:00Z,16.821,Trim 27.1 from 2025-07-01 onward
27.1,27.1,41.50541,-81.66791,2025-10-17T03:30:00Z,9.76,Trim 27.1 from 2025-07-01 onward
27.1,27.1,41.50541,-81.66791,2025-10-17T04:00:00Z,14.786,Trim 27.1 from 2025-07-01 onward
27.1,27.1,41.50541,-81.66791,2025-10-17T04:30:00Z,5.46,Trim 27.1 from 2025-07-01 onward
27.1,27.1,41.50541,-81.66791,2025-10-17T05:00:00Z,3.389,Trim 27.1 from 2025-07-01 onward
27.1,27.1,41.50541,-81.66791,2025-10-17T05:30:00Z,2.122,Trim 27.1 from 2025-07-01 onward
27.1,27.1,41.50541,-81.66791,2025-10-17T06:00:00Z,3.948,Trim 27.1 from 2025-07-01 onward
27.1,27.1,41.50541,-81.66791,2025-10-17T06:30:00Z,3.372,Trim 27.1 from 2025-07-01 onward
27.1,27.1,41.50541,-81.66791,2025-10-17T07:00:00Z,2.393,Trim 27.1 from 2025-07-01 onward
27.1,27.1,41.50541,-81.66791,2025-10-17T07:30:00Z,80.762,Trim 27.1 from 2025-07-01 onward
27.1,27.1,41.50541,-81.66791,2025-10-17T08:00:00Z,4.657,Trim 27.1 from 2025-07-01 onward
27.1,27.1,41.50541,-81.66791,2025-10-17T08:30:00Z,5.17,Trim 27.1 from 2025-07-01 onward
27.1,27.1,41.50541,-81.66791,2025-10-17T09:00:00Z,11.011,Trim 27.1 from 2025-07-01 onward
27.1,27.1,41.50541,-81.66791,2025-10-17T10:00:00Z,67.364,Trim 27.1 from 2025-07-01 onward
27.1,27.1,41.50541,-81.66791,2025-10-17T10:30:00Z,200.011,Trim 27.1 from 2025-07-01 onward
27.1,27.1,41.50541,-81.66791,2025-10-17T11:30:00Z,15.912,Trim 27.1 from 2025-07-01 onward
27.1,27.1,41.50541,-81.66791,2025-10-17T12:00:00Z,24.068,Trim 27.1 from 2025-07-01 onward
27.1,27.1,41.50541,-81.66791,2025-10-17T12:30:00Z,1.882,Trim 27.1 from 2025-07-01 onward
27.1,27.1,41.50541,-81.66791,2025-10-17T13:00:00Z,6.861,Trim 27.1 from 2025-07-01 onward
27.1,27.1,41.50541,-81.66791,2025-10-17T13:30:00Z,2.252,Trim 27.1 from 2025-07-01 onward
27.1,27.1,41.50541,-81.66791,2025-10-17T14:00:00Z,6.091,Trim 27.1 from 2025-07-01 onward
27.1,27.1,41.50541,-81.66791,2025-10-17T14:30:00Z,1.913,Trim 27.1 from 2025-07-01 onward
27.1,27.1,41.50541,-81.66791,2025-10-17T15:00:00Z,1.324,Trim 27.1 from 2025-07-01 onward
27.1,27.1,41.50541,-81.66791,2025-10-17T15:30:00Z,0.599,Trim 27.1 from 2025-07-01 onward
27.1,27.1,41.50541,-81.66791,2025-10-17T16:00:00Z,3.273,Trim 27.1 from 2025-07-01 onward
27.1,27.1,41.50541,-81.66791,2025-10-17T16:30:00Z,14.45,Trim 27.1 from 2025-07-01 onward
27.1,27.1,41.50541,-81.66791,2025-10-17T17:00:00Z,7.539,Trim 27.1 from 2025-07-01 onward
27.1,27.1,41.50541,-81.66791,2025-10-17T17:30:00Z,12.303,Trim 27.1 from 2025-07-01 onward
27.1,27.1,41.50541,-81.66791,2025-10-17T18:00:00Z,1.346,Trim 27.1 from 2025-07-01 onward
27.1,27.1,41.50541,-81.66791,2025-10-17T18:30:00Z,3.465,Trim 27.1 from 2025-07-01 onward
27.1,27.1,41.50541,-81.66791,2025-10-17T19:00:00Z,1.651,Trim 27.1 from 2025-07-01 onward
27.1,27.1,41.50541,-81.66791,2025-10-17T19:30:00Z,0.862,Trim 27.1 from 2025-07-01 onward
27.1,27.1,41.50541,-81.66791,2025-10-17T20:00:00Z,2.754,Trim 27.1 from 2025-07-01 onward
27.1,27.1,41.50541,-81.66791,2025-10-17T20:30:00Z,0.927,Trim 27.1 from 2025-07-01 onward
27.1,27.1,41.50541,-81.66791,2025-10-17T21:00:00Z,52.214,Trim 27.1 from 2025-07-01 onward
27.1,27.1,41.50541,-81.66791,2025-10-17T21:30:00Z,2.415,Trim 27.1 from 2025-07-01 onward
27.1,27.1,41.50541,-81.66791,2025-10-17T22:00:00Z,0.668,Trim 27.1 from 2025-07-01 onward
27.1,27.1,41.50541,-81.66791,2025-10-17T22:30:00Z,0.581,Trim 27.1 from 2025-07-01 onward
27.1,27.1,41.50541,-81.66791,2025-10-17T23:00:00Z,2.024,Trim 27.1 from 2025-07-01 onward
27.1,27.1,41.50541,-81.66791,2025-10-17T23:30:00Z,5.087,Trim 27.1 from 2025-07-01 onward
27.1,27.1,41.50541,-81.66791,2025-10-18T00:00:00Z,1.572,Trim 27.1 from 2025-07-01 onward
27.1,27.1,41.50541,-81.66791,2025-10-18T00:30:00Z,0.968,Trim 27.1 from 2025-07-01 onward
27.1,27.1,41.50541,-81.66791,2025-10-18T01:00:00Z,1.982,Trim 27.1 from 2025-07-01 onward
27.1,27.1,41.50541,-81.66791,2025-10-18T01:30:00Z,7.43,Trim 27.1 from 2025-07-01 onward
27.1,27.1,41.50541,-81.66791,2025-10-18T02:00:00Z,3.895,Trim 27.1 from 2025-07-01 onward
27.1,27.1,41.50541,-81.66791,2025-10-18T02:30:00Z,1.581,Trim 27.1 from 2025-07-01 onward
27.1,27.1,41.50541,-81.66791,2025-10-18T03:00:00Z,3.872,Trim 27.1 from 2025-07-01 onward
27.1,27.1,41.50541,-81.66791,2025-10-18T03:30:00Z,89.803,Trim 27.1 from 2025-07-01 onward
27.1,27.1,41.50541,-81.66791,2025-10-18T04:00:00Z,4.778,Trim 27.1 from 2025-07-01 onward
27.1,27.1,41.50541,-81.66791,2025-10-18T04:30:00Z,0.646,Trim 27.1 from 2025-07-01 onward
27.1,27.1,41.50541,-81.66791,2025-10-18T05:00:00Z,1.136,Trim 27.1 from 2025-07-01 onward
27.1,27.1,41.50541,-81.66791,2025-10-18T05:30:00Z,2.389,Trim 27.1 from 2025-07-01 onward
27.1,27.1,41.50541,-81.66791,2025-10-18T06:00:00Z,2.664,Trim 27.1 from 2025-07-01 onward
27.1,27.1,41.50541,-81.66791,2025-10-18T07:00:00Z,1.016,Trim 27.1 from 2025-07-01 onward
27.1,27.1,41.50541,-81.66791,2025-10-18T07:30:00Z,1.993,Trim 27.1 from 2025-07-01 onward
27.1,27.1,41.50541,-81.66791,2025-10-18T08:00:00Z,1.175,Trim 27.1 from 2025-07-01 onward
27.1,27.1,41.50541,-81.66791,2025-10-18T08:30:00Z,2.9,Trim 27.1 from 2025-07-01 onward
27.1,27.1,41.50541,-81.66791,2025-10-18T09:30:00Z,5.061,Trim 27.1 from 2025-07-01 onward
27.1,27.1,41.50541,-81.66791,2025-10-18T10:00:00Z,157.485,Trim 27.1 from 2025-07-01 onward
27.1,27.1,41.50541,-81.66791,2025-10-18T10:30:00Z,3.937,Trim 27.1 from 2025-07-01 onward
27.1,27.1,41.50541,-81.66791,2025-10-18T11:00:00Z,3.064,Trim 27.1 from 2025-07-01 onward
27.1,27.1,41.50541,-81.66791,2025-10-18T11:30:00Z,1.806,Trim 27.1 from 2025-07-01 onward
27.1,27.1,41.50541,-81.66791,2025-10-18T12:00:00Z,1.896,Trim 27.1 from 2025-07-01 onward
27.1,27.1,41.50541,-81.66791,2025-10-18T12:30:00Z,2.457,Trim 27.1 from 2025-07-01 onward
27.1,27.1,41.50541,-81.66791,2025-10-18T13:00:00Z,1.02,Trim 27.1 from 2025-07-01 onward
27.1,27.1,41.50541,-81.66791,2025-10-18T13:30:00Z,1.573,Trim 27.1 from 2025-07-01 onward
27.1,27.1,41.50541,-81.66791,2025-10-18T14:00:00Z,3.678,Trim 27.1 from 2025-07-01 onward
27.1,27.1,41.50541,-81.66791,2025-10-18T14:30:00Z,1.736,Trim 27.1 from 2025-07-01 onward
27.1,27.1,41.50541,-81.66791,2025-10-18T15:00:00Z,2.257,Trim 27.1 from 2025-07-01 onward
27.1,27.1,41.50541,-81.66791,2025-10-18T15:30:00Z,3.017,Trim 27.1 from 2025-07-01 onward
27.1,27.1,41.50541,-81.66791,2025-10-18T16:00:00Z,4.49,Trim 27.1 from 2025-07-01 onward
27.1,27.1,41.50541,-81.66791,2025-10-18T16:30:00Z,1.141,Trim 27.1 from 2025-07-01 onward
27.1,27.1,41.50541,-81.66791,2025-10-18T17:00:00Z,1.04,Trim 27.1 from 2025-07-01 onward
27.1,27.1,41.50541,-81.66791,2025-10-18T17:30:00Z,3.969,Trim 27.1 from 2025-07-01 onward
27.1,27.1,41.50541,-81.66791,2025-10-18T18:30:00Z,6.317,Trim 27.1 from 2025-07-01 onward
27.1,27.1,41.50541,-81.66791,2025-10-18T19:00:00Z,3.172,Trim 27.1 from 2025-07-01 onward
27.1,27.1,41.50541,-81.66791,2025-10-18T19:30:00Z,5.327,Trim 27.1 from 2025-07-01 onward
27.1,27.1,41.50541,-81.66791,2025-10-18T20:00:00Z,5.353,Trim 27.1 from 2025-07-01 onward
27.1,27.1,41.50541,-81.66791,2025-10-18T20:30:00Z,7.991,Trim 27.1 from 2025-07-01 onward
27.1,27.1,41.50541,-81.66791,2025-10-18T21:00:00Z,5.348,Trim 27.1 from 2025-07-01 onward
27.1,27.1,41.50541,-81.66791,2025-10-18T21:30:00Z,6.115,Trim 27.1 from 2025-07-01 onward
27.1,27.1,41.50541,-81.66791,2025-10-18T22:00:00Z,10.963,Trim 27.1 from 2025-07-01 onward
27.1,27.1,41.50541,-81.66791,2025-10-18T22:30:00Z,2.638,Trim 27.1 from 2025-07-01 onward
27.1,27.1,41.50541,-81.66791,2025-10-18T23:00:00Z,2.979,Trim 27.1 from 2025-07-01 onward
27.1,27.1,41.50541,-81.66791,2025-10-18T23:30:00Z,3.235,Trim 27.1 from 2025-07-01 onward
27.1,27.1,41.50541,-81.66791,2025-10-19T00:00:00Z,7.303,Trim 27.1 from 2025-07-01 onward
27.1,27.1,41.50541,-81.66791,2025-10-19T00:30:00Z,6.241,Trim 27.1 from 2025-07-01 onward
27.1,27.1,41.50541,-81.66791,2025-10-19T01:00:00Z,9.165,Trim 27.1 from 2025-07-01 onward
27.1,27.1,41.50541,-81.66791,2025-10-19T02:00:00Z,7.453,Trim 27.1 from 2025-07-01 onward
27.1,27.1,41.50541,-81.66791,2025-10-19T02:30:00Z,6.649,Trim 27.1 from 2025-07-01 onward
27.1,27.1,41.50541,-81.66791,2025-10-19T03:00:00Z,4.918,Trim 27.1 from 2025-07-01 onward
27.1,27.1,41.50541,-81.66791,2025-10-19T03:30:00Z,4.173,Trim 27.1 from 2025-07-01 onward
27.1,27.1,41.50541,-81.66791,2025-10-19T04:00:00Z,5.339,Trim 27.1 from 2025-07-01 onward
27.1,27.1,41.50541,-81.66791,2025-10-19T04:30:00Z,4.819,Trim 27.1 from 2025-07-01 onward
27.1,27.1,41.50541,-81.66791,2025-10-19T05:00:00Z,4.2,Trim 27.1 from 2025-07-01 onward
27.1,27.1,41.50541,-81.66791,2025-10-19T05:30:00Z,58.296,Trim 27.1 from 2025-07-01 onward
27.1,27.1,41.50541,-81.66791,2025-10-19T06:00:00Z,3.068,Trim 27.1 from 2025-07-01 onward
27.1,27.1,41.50541,-81.66791,2025-10-19T06:30:00Z,5.782,Trim 27.1 from 2025-07-01 onward
27.1,27.1,41.50541,-81.66791,2025-10-19T07:00:00Z,4.666,Trim 27.1 from 2025-07-01 onward
27.1,27.1,41.50541,-81.66791,2025-10-19T07:30:00Z,8.503,Trim 27.1 from 2025-07-01 onward
27.1,27.1,41.50541,-81.66791,2025-10-19T08:00:00Z,4.609,Trim 27.1 from 2025-07-01 onward
27.1,27.1,41.50541,-81.66791,2025-10-19T08:30:00Z,5.216,Trim 27.1 from 2025-07-01 onward
27.1,27.1,41.50541,-81.66791,2025-10-19T09:00:00Z,6.548,Trim 27.1 from 2025-07-01 onward
27.1,27.1,41.50541,-81.66791,2025-10-19T09:30:00Z,2.557,Trim 27.1 from 2025-07-01 onward
27.1,27.1,41.50541,-81.66791,2025-10-19T10:00:00Z,3.671,Trim 27.1 from 2025-07-01 onward
27.1,27.1,41.50541,-81.66791,2025-10-19T10:30:00Z,4.627,Trim 27.1 from 2025-07-01 onward
27.1,27.1,41.50541,-81.66791,2025-10-19T11:00:00Z,4.205,Trim 27.1 from 2025-07-01 onward
27.1,27.1,41.50541,-81.66791,2025-10-19T11:30:00Z,4.79,Trim 27.1 from 2025-07-01 onward
27.1,27.1,41.50541,-81.66791,2025-10-19T12:00:00Z,5.396,Trim 27.1 from 2025-07-01 onward
27.1,27.1,41.50541,-81.66791,2025-10-19T12:30:00Z,2.958,Trim 27.1 from 2025-07-01 onward
27.1,27.1,41.50541,-81.66791,2025-10-19T13:00:00Z,4.525,Trim 27.1 from 2025-07-01 onward
27.1,27.1,41.50541,-81.66791,2025-10-19T13:30:00Z,33.553,Trim 27.1 from 2025-07-01 onward
27.1,27.1,41.50541,-81.66791,2025-10-19T14:00:00Z,6.65,Trim 27.1 from 2025-07-01 onward
27.1,27.1,41.50541,-81.66791,2025-10-19T14:30:00Z,211.665,Trim 27.1 from 2025-07-01 onward
27.1,27.1,41.50541,-81.66791,2025-10-19T17:30:00Z,186.694,Trim 27.1 from 2025-07-01 onward
27.1,27.1,41.50541,-81.66791,2025-10-19T20:00:00Z,139.974,Trim 27.1 from 2025-07-01 onward
23.1,23.1,41.449672,-81.564,2025-07-14T00:00:00Z,5.603,"Sensor drift/flat low values at 23.1, July 2025"
23.1,23.1,41.449672,-81.564,2025-07-14T00:30:00Z,4.671,"Sensor drift/flat low values at 23.1, July 2025"
23.1,23.1,41.449672,-81.564,2025-07-14T01:00:00Z,4.671,"Sensor drift/flat low values at 23.1, July 2025"
23.1,23.1,41.449672,-81.564,2025-07-14T01:30:00Z,4.671,"Sensor drift/flat low values at 23.1, July 2025"
23.1,23.1,41.449672,-81.564,2025-07-14T02:00:00Z,5.793,"Sensor drift/flat low values at 23.1, July 2025"
23.1,23.1,41.449672,-81.564,2025-07-14T02:30:00Z,8.359,"Sensor drift/flat low values at 23.1, July 2025"
23.1,23.1,41.449672,-81.564,2025-07-14T03:00:00Z,8.851,"Sensor drift/flat low values at 23.1, July 2025"
23.1,23.1,41.449672,-81.564,2025-07-14T03:30:00Z,9.165,"Sensor drift/flat low values at 23.1, July 2025"
23.1,23.1,41.449672,-81.564,2025-07-14T04:00:00Z,8.125,"Sensor drift/flat low values at 23.1, July 2025"
23.1,23.1,41.449672,-81.564,2025-07-14T04:30:00Z,9.912,"Sensor drift/flat low values at 23.1, July 2025"
23.1,23.1,41.449672,-81.564,2025-07-14T05:00:00Z,12.233,"Sensor drift/flat low values at 23.1, July 2025"
23.1,23.1,41.449672,-81.564,2025-07-14T05:30:00Z,9.2,"Sensor drift/flat low values at 23.1, July 2025"
23.1,23.1,41.449672,-81.564,2025-07-14T06:00:00Z,13.498,"Sensor drift/flat low values at 23.1, July 2025"
23.1,23.1,41.449672,-81.564,2025-07-14T06:30:00Z,11.412,"Sensor drift/flat low values at 23.1, July 2025"
23.1,23.1,41.449672,-81.564,2025-07-14T07:00:00Z,17.198,"Sensor drift/flat low values at 23.1, July 2025"
23.1,23.1,41.449672,-81.564,2025-07-14T07:30:00Z,18.929,"Sensor drift/flat low values at 23.1, July 2025"
23.1,23.1,41.449672,-81.564,2025-07-14T08:00:00Z,15.032,"Sensor drift/flat low values at 23.1, July 2025"
23.1,23.1,41.449672,-81.564,2025-07-14T08:30:00Z,12.785,"Sensor drift/flat low values at 23.1, July 2025"
23.1,23.1,41.449672,-81.564,2025-07-14T09:00:00Z,13.651,"Sensor drift/flat low values at 23.1, July 2025"
23.1,23.1,41.449672,-81.564,2025-07-14T09:30:00Z,21.842,"Sensor drift/flat low values at 23.1, July 2025"
23.1,23.1,41.449672,-81.564,2025-07-14T10:30:00Z,26.547,"Sensor drift/flat low values at 23.1, July 2025"
23.1,23.1,41.449672,-81.564,2025-07-14T11:00:00Z,26.945,"Sensor drift/flat low values at 23.1, July 2025"
23.1,23.1,41.449672,-81.564,2025-07-14T11:30:00Z,28.353,"Sensor drift/flat low values at 23.1, July 2025"
23.1,23.1,41.449672,-81.564,2025-07-14T12:00:00Z,28.56,"Sensor drift/flat low values at 23.1, July 2025"
23.1,23.1,41.449672,-81.564,2025-07-14T12:30:00Z,36.295,"Sensor drift/flat low values at 23.1, July 2025"
23.1,23.1,41.449672,-81.564,2025-07-14T13:00:00Z,36.295,"Sensor drift/flat low values at 23.1, July 2025"
23.1,23.1,41.449672,-81.564,2025-07-14T13:30:00Z,36.295,"Sensor drift/flat low values at 23.1, July 2025"
23.1,23.1,41.449672,-81.564,2025-07-14T14:00:00Z,36.295,"Sensor drift/flat low values at 23.1, July 2025"
23.1,23.1,41.449672,-81.564,2025-07-14T14:30:00Z,36.295,"Sensor drift/flat low values at 23.1, July 2025"
23.1,23.1,41.449672,-81.564,2025-07-14T15:00:00Z,36.295,"Sensor drift/flat low values at 23.1, July 2025"
23.1,23.1,41.449672,-81.564,2025-07-14T15:30:00Z,36.295,"Sensor drift/flat low values at 23.1, July 2025"
23.1,23.1,41.449672,-81.564,2025-07-14T16:00:00Z,36.295,"Sensor drift/flat low values at 23.1, July 2025"
23.1,23.1,41.449672,-81.564,2025-07-14T16:30:00Z,36.295,"Sensor drift/flat low values at 23.1, July 2025"
23.1,23.1,41.449672,-81.564,2025-07-14T17:00:00Z,36.295,"Sensor drift/flat low values at 23.1, July 2025"
23.1,23.1,41.449672,-81.564,2025-07-14T17:30:00Z,36.295,"Sensor drift/flat low values at 23.1, July 2025"
23.1,23.1,41.449672,-81.564,2025-07-14T18:00:00Z,36.295,"Sensor drift/flat low values at 23.1, July 2025"
23.1,23.1,41.449672,-81.564,2025-07-14T18:30:00Z,36.295,"Sensor drift/flat low values at 23.1, July 2025"
23.1,23.1,41.449672,-81.564,2025-07-14T19:00:00Z,36.295,"Sensor drift/flat low values at 23.1, July 2025"
23.1,23.1,41.449672,-81.564,2025-07-14T19:30:00Z,36.295,"Sensor drift/flat low values at 23.1, July 2025"
23.1,23.1,41.449672,-81.564,2025-07-14T20:00:00Z,36.295,"Sensor drift/flat low values at 23.1, July 2025"
23.1,23.1,41.449672,-81.564,2025-07-14T21:00:00Z,36.295,"Sensor drift/flat low values at 23.1, July 2025"
23.1,23.1,41.449672,-81.564,2025-07-14T21:30:00Z,36.295,"Sensor drift/flat low values at 23.1, July 2025"
23.1,23.1,41.449672,-81.564,2025-07-14T22:00:00Z,36.295,"Sensor drift/flat low values at 23.1, July 2025"
23.1,23.1,41.449672,-81.564,2025-07-14T22:30:00Z,36.295,"Sensor drift/flat low values at 23.1, July 2025"
23.1,23.1,41.449672,-81.564,2025-07-14T23:00:00Z,36.295,"Sensor drift/flat low values at 23.1, July 2025"
23.1,23.1,41.449672,-81.564,2025-07-14T23:30:00Z,36.295,"Sensor drift/flat low values at 23.1, July 2025"
23.1,23.1,41.449672,-81.564,2025-07-15T00:00:00Z,36.295,"Sensor drift/flat low values at 23.1, July 2025"
23.1,23.1,41.449672,-81.564,2025-07-15T00:30:00Z,36.295,"Sensor drift/flat low values at 23.1, July 2025"
23.1,23.1,41.449672,-81.564,2025-07-15T01:00:00Z,36.295,"Sensor drift/flat low values at 23.1, July 2025"
23.1,23.1,41.449672,-81.564,2025-07-15T01:30:00Z,36.295,"Sensor drift/flat low values at 23.1, July 2025"
23.1,23.1,41.449672,-81.564,2025-07-15T02:00:00Z,36.295,"Sensor drift/flat low values at 23.1, July 2025"
23.1,23.1,41.449672,-81.564,2025-07-15T02:30:00Z,36.295,"Sensor drift/flat low values at 23.1, July 2025"
23.1,23.1,41.449672,-81.564,2025-07-15T03:00:00Z,36.295,"Sensor drift/flat low values at 23.1, July 2025"
23.1,23.1,41.449672,-81.564,2025-07-15T03:30:00Z,36.295,"Sensor drift/flat low values at 23.1, July 2025"
23.1,23.1,41.449672,-81.564,2025-07-15T04:00:00Z,36.295,"Sensor drift/flat low values at 23.1, July 2025"
23.1,23.1,41.449672,-81.564,2025-07-15T04:30:00Z,36.295,"Sensor drift/flat low values at 23.1, July 2025"
23.1,23.1,41.449672,-81.564,2025-07-15T05:00:00Z,36.295,"Sensor drift/flat low values at 23.1, July 2025"
23.1,23.1,41.449672,-81.564,2025-07-15T05:30:00Z,36.295,"Sensor drift/flat low values at 23.1, July 2025"
23.1,23.1,41.449672,-81.564,2025-07-15T06:00:00Z,36.295,"Sensor drift/flat low values at 23.1, July 2025"
23.1,23.1,41.449672,-81.564,2025-07-15T06:30:00Z,36.295,"Sensor drift/flat low values at 23.1, July 2025"
23.1,23.1,41.449672,-81.564,2025-07-15T07:00:00Z,36.295,"Sensor drift/flat low values at 23.1, July 2025"
23.1,23.1,41.449672,-81.564,2025-07-15T07:30:00Z,36.295,"Sensor drift/flat low values at 23.1, July 2025"
23.1,23.1,41.449672,-81.564,2025-07-15T08:00:00Z,36.295,"Sensor drift/flat low values at 23.1, July 2025"
23.1,23.1,41.449672,-81.564,2025-07-15T08:30:00Z,36.295,"Sensor drift/flat low values at 23.1, July 2025"
23.1,23.1,41.449672,-81.564,2025-07-15T09:00:00Z,36.295,"Sensor drift/flat low values at 23.1, July 2025"
23.1,23.1,41.449672,-81.564,2025-07-15T09:30:00Z,36.295,"Sensor drift/flat low values at 23.1, July 2025"
23.1,23.1,41.449672,-81.564,2025-07-15T10:00:00Z,36.295,"Sensor drift/flat low values at 23.1, July 2025"
23.1,23.1,41.449672,-81.564,2025-07-15T10:30:00Z,36.295,"Sensor drift/flat low values at 23.1, July 2025"
23.1,23.1,41.449672,-81.564,2025-07-15T11:00:00Z,36.295,"Sensor drift/flat low values at 23.1, July 2025"
23.1,23.1,41.449672,-81.564,2025-07-15T11:30:00Z,36.295,"Sensor drift/flat low values at 23.1, July 2025"
23.1,23.1,41.449672,-81.564,2025-07-15T12:00:00Z,36.295,"Sensor drift/flat low values at 23.1, July 2025"
23.1,23.1,41.449672,-81.564,2025-07-15T12:30:00Z,36.295,"Sensor drift/flat low values at 23.1, July 2025"
23.1,23.1,41.449672,-81.564,2025-07-15T13:00:00Z,36.295,"Sensor drift/flat low values at 23.1, July 2025"
23.1,23.1,41.449672,-81.564,2025-07-15T13:30:00Z,36.295,"Sensor drift/flat low values at 23.1, July 2025"
23.1,23.1,41.449672,-81.564,2025-07-15T14:00:00Z,36.295,"Sensor drift/flat low values at 23.1, July 2025"
23.1,23.1,41.449672,-81.564,2025-07-15T14:30:00Z,36.295,"Sensor drift/flat low values at 23.1, July 2025"
23.1,23.1,41.449672,-81.564,2025-07-15T15:00:00Z,36.295,"Sensor drift/flat low values at 23.1, July 2025"
23.1,23.1,41.449672,-81.564,2025-07-15T15:30:00Z,36.295,"Sensor drift/flat low values at 23.1, July 2025"
23.1,23.1,41.449672,-81.564,2025-07-15T16:00:00Z,36.295,"Sensor drift/flat low values at 23.1, July 2025"
23.1,23.1,41.449672,-81.564,2025-07-15T17:00:00Z,36.295,"Sensor drift/flat low values at 23.1, July 2025"
23.1,23.1,41.449672,-81.564,2025-07-15T17:30:00Z,36.295,"Sensor drift/flat low values at 23.1, July 2025"
23.1,23.1,41.449672,-81.564,2025-07-15T18:00:00Z,36.295,"Sensor drift/flat low values at 23.1, July 2025"
23.1,23.1,41.449672,-81.564,2025-07-15T18:30:00Z,36.295,"Sensor drift/flat low values at 23.1, July 2025"
23.1,23.1,41.449672,-81.564,2025-07-15T19:00:00Z,36.295,"Sensor drift/flat low values at 23.1, July 2025"
23.1,23.1,41.449672,-81.564,2025-07-15T19:30:00Z,36.295,"Sensor drift/flat low values at 23.1, July 2025"
23.1,23.1,41.449672,-81.564,2025-07-15T20:00:00Z,36.295,"Sensor drift/flat low values at 23.1, July 2025"
23.1,23.1,41.449672,-81.564,2025-07-15T20:30:00Z,36.295,"Sensor drift/flat low values at 23.1, July 2025"
23.1,23.1,41.449672,-81.564,2025-07-15T21:00:00Z,36.295,"Sensor drift/flat low values at 23.1, July 2025"
23.1,23.1,41.449672,-81.564,2025-07-15T21:30:00Z,36.295,"Sensor drift/flat low values at 23.1, July 2025"
23.1,23.1,41.449672,-81.564,2025-07-15T22:00:00Z,36.295,"Sensor drift/flat low values at 23.1, July 2025"
23.1,23.1,41.449672,-81.564,2025-07-15T22:30:00Z,36.295,"Sensor drift/flat low values at 23.1, July 2025"
23.1,23.1,41.449672,-81.564,2025-07-15T23:00:00Z,36.295,"Sensor drift/flat low values at 23.1, July 2025"
23.1,23.1,41.449672,-81.564,2025-07-15T23:30:00Z,36.295,"Sensor drift/flat low values at 23.1, July 2025"
23.1,23.1,41.449672,-81.564,2025-07-16T00:00:00Z,36.295,"Sensor drift/flat low values at 23.1, July 2025"
23.1,23.1,41.449672,-81.564,2025-07-16T00:30:00Z,36.295,"Sensor drift/flat low values at 23.1, July 2025"
23.1,23.1,41.449672,-81.564,2025-07-16T01:00:00Z,36.295,"Sensor drift/flat low values at 23.1, July 2025"
23.1,23.1,41.449672,-81.564,2025-07-16T01:30:00Z,36.295,"Sensor drift/flat low values at 23.1, July 2025"
23.1,23.1,41.449672,-81.564,2025-07-16T02:00:00Z,36.295,"Sensor drift/flat low values at 23.1, July 2025"
23.1,23.1,41.449672,-81.564,2025-07-16T02:30:00Z,36.295,"Sensor drift/flat low values at 23.1, July 2025"
23.1,23.1,41.449672,-81.564,2025-07-16T03:00:00Z,36.295,"Sensor drift/flat low values at 23.1, July 2025"
23.1,23.1,41.449672,-81.564,2025-07-16T03:30:00Z,36.295,"Sensor drift/flat low values at 23.1, July 2025"
23.1,23.1,41.449672,-81.564,2025-07-16T04:00:00Z,36.295,"Sensor drift/flat low values at 23.1, July 2025"
23.1,23.1,41.449672,-81.564,2025-07-16T04:30:00Z,36.295,"Sensor drift/flat low values at 23.1, July 2025"
23.1,23.1,41.449672,-81.564,2025-07-16T05:00:00Z,36.295,"Sensor drift/flat low values at 23.1, July 2025"
23.1,23.1,41.449672,-81.564,2025-07-16T05:30:00Z,36.295,"Sensor drift/flat low values at 23.1, July 2025"
23.1,23.1,41.449672,-81.564,2025-07-16T06:00:00Z,36.295,"Sensor drift/flat low values at 23.1, July 2025"
23.1,23.1,41.449672,-81.564,2025-07-16T06:30:00Z,36.295,"Sensor drift/flat low values at 23.1, July 2025"
23.1,23.1,41.449672,-81.564,2025-07-16T07:00:00Z,36.295,"Sensor drift/flat low values at 23.1, July 2025"
23.1,23.1,41.449672,-81.564,2025-07-16T07:30:00Z,36.295,"Sensor drift/flat low values at 23.1, July 2025"
23.1,23.1,41.449672,-81.564,2025-07-16T08:00:00Z,36.295,"Sensor drift/flat low values at 23.1, July 2025"
23.1,23.1,41.449672,-81.564,2025-07-16T08:30:00Z,36.295,"Sensor drift/flat low values at 23.1, July 2025"
23.1,23.1,41.449672,-81.564,2025-07-16T09:00:00Z,36.295,"Sensor drift/flat low values at 23.1, July 2025"
23.1,23.1,41.449672,-81.564,2025-07-16T09:30:00Z,36.295,"Sensor drift/flat low values at 23.1, July 2025"
23.1,23.1,41.449672,-81.564,2025-07-16T10:00:00Z,36.295,"Sensor drift/flat low values at 23.1, July 2025"
23.1,23.1,41.449672,-81.564,2025-07-16T10:30:00Z,36.295,"Sensor drift/flat low values at 23.1, July 2025"
23.1,23.1,41.449672,-81.564,2025-07-16T11:00:00Z,36.295,"Sensor drift/flat low values at 23.1, July 2025"
23.1,23.1,41.449672,-81.564,2025-07-16T11:30:00Z,36.295,"Sensor drift/flat low values at 23.1, July 2025"
23.1,23.1,41.449672,-81.564,2025-07-16T12:00:00Z,36.295,"Sensor drift/flat low values at 23.1, July 2025"
23.1,23.1,41.449672,-81.564,2025-07-16T12:30:00Z,36.295,"Sensor drift/flat low values at 23.1, July 2025"
23.1,23.1,41.449672,-81.564,2025-07-16T13:00:00Z,36.295,"Sensor drift/flat low values at 23.1, July 2025"
23.1,23.1,41.449672,-81.564,2025-07-16T13:30:00Z,36.295,"Sensor drift/flat low values at 23.1, July 2025"
23.1,23.1,41.449672,-81.564,2025-07-16T14:00:00Z,36.295,"Sensor drift/flat low values at 23.1, July 2025"
23.1,23.1,41.449672,-81.564,2025-07-16T14:30:00Z,36.295,"Sensor drift/flat low values at 23.1, July 2025"
23.1,23.1,41.449672,-81.564,2025-07-16T15:00:00Z,36.295,"Sensor drift/flat low values at 23.1, July 2025"
23.1,23.1,41.449672,-81.564,2025-07-16T15:30:00Z,36.295,"Sensor drift/flat low values at 23.1, July 2025"
23.1,23.1,41.449672,-81.564,2025-07-16T16:00:00Z,36.295,"Sensor drift/flat low values at 23.1, July 2025"
23.1,23.1,41.449672,-81.564,2025-07-16T16:30:00Z,36.295,"Sensor drift/flat low values at 23.1, July 2025"
23.1,23.1,41.449672,-81.564,2025-07-16T17:00:00Z,36.295,"Sensor drift/flat low values at 23.1, July 2025"
23.1,23.1,41.449672,-81.564,2025-07-16T17:30:00Z,36.295,"Sensor drift/flat low values at 23.1, July 2025"
23.1,23.1,41.449672,-81.564,2025-07-16T18:00:00Z,36.295,"Sensor drift/flat low values at 23.1, July 2025"
23.1,23.1,41.449672,-81.564,2025-07-16T18:30:00Z,36.295,"Sensor drift/flat low values at 23.1, July 2025"
23.1,23.1,41.449672,-81.564,2025-07-16T19:00:00Z,36.295,"Sensor drift/flat low values at 23.1, July 2025"
23.1,23.1,41.449672,-81.564,2025-07-16T19:30:00Z,36.295,"Sensor drift/flat low values at 23.1, July 2025"
23.1,23.1,41.449672,-81.564,2025-07-16T20:00:00Z,36.295,"Sensor drift/flat low values at 23.1, July 2025"
23.1,23.1,41.449672,-81.564,2025-07-16T20:30:00Z,36.295,"Sensor drift/flat low values at 23.1, July 2025"
23.1,23.1,41.449672,-81.564,2025-07-16T21:00:00Z,36.295,"Sensor drift/flat low values at 23.1, July 2025"
23.1,23.1,41.449672,-81.564,2025-07-16T21:30:00Z,36.295,"Sensor drift/flat low values at 23.1, July 2025"
23.1,23.1,41.449672,-81.564,2025-07-16T22:00:00Z,36.295,"Sensor drift/flat low values at 23.1, July 2025"
23.1,23.1,41.449672,-81.564,2025-07-16T22:30:00Z,36.295,"Sensor drift/flat low values at 23.1, July 2025"
23.1,23.1,41.449672,-81.564,2025-07-16T23:00:00Z,36.295,"Sensor drift/flat low values at 23.1, July 2025"
23.1,23.1,41.449672,-81.564,2025-07-16T23:30:00Z,36.295,"Sensor drift/flat low values at 23.1, July 2025"
23.1,23.1,41.449672,-81.564,2025-07-17T00:00:00Z,36.295,"Sensor drift/flat low values at 23.1, July 2025"
23.1,23.1,41.449672,-81.564,2025-07-17T00:30:00Z,36.295,"Sensor drift/flat low values at 23.1, July 2025"
23.1,23.1,41.449672,-81.564,2025-07-17T01:00:00Z,36.295,"Sensor drift/flat low values at 23.1, July 2025"
23.1,23.1,41.449672,-81.564,2025-07-17T01:30:00Z,36.295,"Sensor drift/flat low values at 23.1, July 2025"
23.1,23.1,41.449672,-81.564,2025-07-17T02:00:00Z,36.295,"Sensor drift/flat low values at 23.1, July 2025"
23.1,23.1,41.449672,-81.564,2025-07-17T02:30:00Z,36.295,"Sensor drift/flat low values at 23.1, July 2025"
23.1,23.1,41.449672,-81.564,2025-07-17T03:00:00Z,36.295,"Sensor drift/flat low values at 23.1, July 2025"
23.1,23.1,41.449672,-81.564,2025-07-17T03:30:00Z,36.295,"Sensor drift/flat low values at 23.1, July 2025"
23.1,23.1,41.449672,-81.564,2025-07-17T04:00:00Z,36.295,"Sensor drift/flat low values at 23.1, July 2025"
23.1,23.1,41.449672,-81.564,2025-07-17T04:30:00Z,36.295,"Sensor drift/flat low values at 23.1, July 2025"
23.1,23.1,41.449672,-81.564,2025-07-17T05:00:00Z,36.295,"Sensor drift/flat low values at 23.1, July 2025"
23.1,23.1,41.449672,-81.564,2025-07-17T05:30:00Z,36.295,"Sensor drift/flat low values at 23.1, July 2025"
23.1,23.1,41.449672,-81.564,2025-07-17T06:00:00Z,36.295,"Sensor drift/flat low values at 23.1, July 2025"
23.1,23.1,41.449672,-81.564,2025-07-17T06:30:00Z,36.295,"Sensor drift/flat low values at 23.1, July 2025"
23.1,23.1,41.449672,-81.564,2025-07-17T07:00:00Z,36.295,"Sensor drift/flat low values at 23.1, July 2025"
23.1,23.1,41.449672,-81.564,2025-07-17T07:30:00Z,36.295,"Sensor drift/flat low values at 23.1, July 2025"
23.1,23.1,41.449672,-81.564,2025-07-17T08:00:00Z,36.295,"Sensor drift/flat low values at 23.1, July 2025"
23.1,23.1,41.449672,-81.564,2025-07-17T08:30:00Z,36.295,"Sensor drift/flat low values at 23.1, July 2025"
23.1,23.1,41.449672,-81.564,2025-07-17T09:00:00Z,36.295,"Sensor drift/flat low values at 23.1, July 2025"
23.1,23.1,41.449672,-81.564,2025-07-17T10:00:00Z,36.295,"Sensor drift/flat low values at 23.1, July 2025"
23.1,23.1,41.449672,-81.564,2025-07-17T10:30:00Z,36.295,"Sensor drift/flat low values at 23.1, July 2025"
23.1,23.1,41.449672,-81.564,2025-07-17T11:00:00Z,36.295,"Sensor drift/flat low values at 23.1, July 2025"
23.1,23.1,41.449672,-81.564,2025-07-17T11:30:00Z,36.295,"Sensor drift/flat low values at 23.1, July 2025"
23.1,23.1,41.449672,-81.564,2025-07-17T12:00:00Z,36.295,"Sensor drift/flat low values at 23.1, July 2025"
23.1,23.1,41.449672,-81.564,2025-07-17T12:30:00Z,36.295,"Sensor drift/flat low values at 23.1, July 2025"
23.1,23.1,41.449672,-81.564,2025-07-17T13:00:00Z,36.295,"Sensor drift/flat low values at 23.1, July 2025"
23.1,23.1,41.449672,-81.564,2025-07-17T13:30:00Z,36.295,"Sensor drift/flat low values at 23.1, July 2025"
23.1,23.1,41.449672,-81.564,2025-07-17T14:00:00Z,36.295,"Sensor drift/flat low values at 23.1, July 2025"
23.1,23.1,41.449672,-81.564,2025-07-17T14:30:00Z,36.295,"Sensor drift/flat low values at 23.1, July 2025"
23.1,23.1,41.449672,-81.564,2025-07-17T15:00:00Z,36.295,"Sensor drift/flat low values at 23.1, July 2025"
23.1,23.1,41.449672,-81.564,2025-07-17T15:30:00Z,36.295,"Sensor drift/flat low values at 23.1, July 2025"
23.1,23.1,41.449672,-81.564,2025-07-17T16:00:00Z,36.295,"Sensor drift/flat low values at 23.1, July 2025"
23.1,23.1,41.449672,-81.564,2025-07-17T16:30:00Z,36.295,"Sensor drift/flat low values at 23.1, July 2025"
23.1,23.1,41.449672,-81.564,2025-07-17T17:00:00Z,36.295,"Sensor drift/flat low values at 23.1, July 2025"
23.1,23.1,41.449672,-81.564,2025-07-17T17:30:00Z,36.295,"Sensor drift/flat low values at 23.1, July 2025"
23.1,23.1,41.449672,-81.564,2025-07-17T18:00:00Z,36.295,"Sensor drift/flat low values at 23.1, July 2025"
23.1,23.1,41.449672,-81.564,2025-07-17T18:30:00Z,36.295,"Sensor drift/flat low values at 23.1, July 2025"
23.1,23.1,41.449672,-81.564,2025-07-17T19:00:00Z,36.295,"Sensor drift/flat low values at 23.1, July 2025"
23.1,23.1,41.449672,-81.564,2025-07-17T19:30:00Z,36.295,"Sensor drift/flat low values at 23.1, July 2025"
23.1,23.1,41.449672,-81.564,2025-07-17T20:30:00Z,36.295,"Sensor drift/flat low values at 23.1, July 2025"
23.1,23.1,41.449672,-81.564,2025-07-17T21:00:00Z,36.295,"Sensor drift/flat low values at 23.1, July 2025"
23.1,23.1,41.449672,-81.564,2025-07-17T21:30:00Z,36.295,"Sensor drift/flat low values at 23.1, July 2025"
23.1,23.1,41.449672,-81.564,2025-07-17T22:00:00Z,36.295,"Sensor drift/flat low values at 23.1, July 2025"
23.1,23.1,41.449672,-81.564,2025-07-17T22:30:00Z,36.295,"Sensor drift/flat low values at 23.1, July 2025"
23.1,23.1,41.449672,-81.564,2025-07-17T23:00:00Z,36.295,"Sensor drift/flat low values at 23.1, July 2025"
23.1,23.1,41.449672,-81.564,2025-07-17T23:30:00Z,36.295,"Sensor drift/flat low values at 23.1, July 2025"
23.1,23.1,41.449672,-81.564,2025-07-18T00:00:00Z,36.295,"Sensor drift/flat low values at 23.1, July 2025"
23.1,23.1,41.449672,-81.564,2025-07-18T00:30:00Z,36.295,"Sensor drift/flat low values at 23.1, July 2025"
23.1,23.1,41.449672,-81.564,2025-07-18T01:00:00Z,36.295,"Sensor drift/flat low values at 23.1, July 2025"
23.1,23.1,41.449672,-81.564,2025-07-18T01:30:00Z,36.295,"Sensor drift/flat low values at 23.1, July 2025"
23.1,23.1,41.449672,-81.564,2025-07-18T02:00:00Z,36.295,"Sensor drift/flat low values at 23.1, July 2025"
23.1,23.1,41.449672,-81.564,2025-07-18T02:30:00Z,36.295,"Sensor drift/flat low values at 23.1, July 2025"
23.1,23.1,41.449672,-81.564,2025-07-18T03:00:00Z,36.295,"Sensor drift/flat low values at 23.1, July 2025"
23.1,23.1,41.449672,-81.564,2025-07-18T03:30:00Z,36.295,"Sensor drift/flat low values at 23.1, July 2025"
23.1,23.1,41.449672,-81.564,2025-07-18T04:00:00Z,36.295,"Sensor drift/flat low values at 23.1, July 2025"
23.1,23.1,41.449672,-81.564,2025-07-18T04:30:00Z,36.295,"Sensor drift/flat low values at 23.1, July 2025"
23.1,23.1,41.449672,-81.564,2025-07-18T05:00:00Z,36.295,"Sensor drift/flat low values at 23.1, July 2025"
23.1,23.1,41.449672,-81.564,2025-07-18T05:30:00Z,36.295,"Sensor drift/flat low values at 23.1, July 2025"
23.1,23.1,41.449672,-81.564,2025-07-18T06:00:00Z,36.295,"Sensor drift/flat low values at 23.1, July 2025"
23.1,23.1,41.449672,-81.564,2025-07-18T06:30:00Z,36.295,"Sensor drift/flat low values at 23.1, July 2025"
23.1,23.1,41.449672,-81.564,2025-07-18T07:00:00Z,36.295,"Sensor drift/flat low values at 23.1, July 2025"
23.1,23.1,41.449672,-81.564,2025-07-18T07:30:00Z,36.295,"Sensor drift/flat low values at 23.1, July 2025"
23.1,23.1,41.449672,-81.564,2025-07-18T08:00:00Z,36.295,"Sensor drift/flat low values at 23.1, July 2025"
23.1,23.1,41.449672,-81.564,2025-07-18T08:30:00Z,36.295,"Sensor drift/flat low values at 23.1, July 2025"
23.1,23.1,41.449672,-81.564,2025-07-18T09:00:00Z,36.295,"Sensor drift/flat low values at 23.1, July 2025"
23.1,23.1,41.449672,-81.564,2025-07-18T09:30:00Z,36.295,"Sensor drift/flat low values at 23.1, July 2025"
23.1,23.1,41.449672,-81.564,2025-07-18T10:00:00Z,36.295,"Sensor drift/flat low values at 23.1, July 2025"
23.1,23.1,41.449672,-81.564,2025-07-18T10:30:00Z,36.295,"Sensor drift/flat low values at 23.1, July 2025"
23.1,23.1,41.449672,-81.564,2025-07-18T11:00:00Z,36.295,"Sensor drift/flat low values at 23.1, July 2025"
23.1,23.1,41.449672,-81.564,2025-07-18T11:30:00Z,36.295,"Sensor drift/flat low values at 23.1, July 2025"
23.1,23.1,41.449672,-81.564,2025-07-18T12:00:00Z,36.295,"Sensor drift/flat low values at 23.1, July 2025"
23.1,23.1,41.449672,-81.564,2025-07-18T12:30:00Z,36.295,"Sensor drift/flat low values at 23.1, July 2025"
23.1,23.1,41.449672,-81.564,2025-07-18T13:00:00Z,36.295,"Sensor drift/flat low values at 23.1, July 2025"
23.1,23.1,41.449672,-81.564,2025-07-18T13:30:00Z,36.295,"Sensor drift/flat low values at 23.1, July 2025"
23.1,23.1,41.449672,-81.564,2025-07-18T14:00:00Z,36.295,"Sensor drift/flat low values at 23.1, July 2025"
23.1,23.1,41.449672,-81.564,2025-07-18T14:30:00Z,36.295,"Sensor drift/flat low values at 23.1, July 2025"
23.1,23.1,41.449672,-81.564,2025-07-18T15:00:00Z,36.295,"Sensor drift/flat low values at 23.1, July 2025"
23.1,23.1,41.449672,-81.564,2025-07-18T15:30:00Z,36.295,"Sensor drift/flat low values at 23.1, July 2025"
23.1,23.1,41.449672,-81.564,2025-07-18T16:00:00Z,36.295,"Sensor drift/flat low values at 23.1, July 2025"
23.1,23.1,41.449672,-81.564,2025-07-18T16:30:00Z,36.295,"Sensor drift/flat low values at 23.1, July 2025"
23.1,23.1,41.449672,-81.564,2025-07-18T17:00:00Z,36.295,"Sensor drift/flat low values at 23.1, July 2025"
23.1,23.1,41.449672,-81.564,2025-07-18T17:30:00Z,36.295,"Sensor drift/flat low values at 23.1, July 2025"
23.1,23.1,41.449672,-81.564,2025-07-18T18:00:00Z,36.295,"Sensor drift/flat low values at 23.1, July 2025"
23.1,23.1,41.449672,-81.564,2025-07-18T18:30:00Z,36.295,"Sensor drift/flat low values at 23.1, July 2025"
23.1,23.1,41.449672,-81.564,2025-07-18T19:00:00Z,36.295,"Sensor drift/flat low values at 23.1, July 2025"
23.1,23.1,41.449672,-81.564,2025-07-18T19:30:00Z,36.295,"Sensor drift/flat low values at 23.1, July 2025"
23.1,23.1,41.449672,-81.564,2025-07-18T20:00:00Z,36.295,"Sensor drift/flat low values at 23.1, July 2025"
23.1,23.1,41.449672,-81.564,2025-07-18T20:30:00Z,36.295,"Sensor drift/flat low values at 23.1, July 2025"
23.1,23.1,41.449672,-81.564,2025-07-18T21:00:00Z,36.295,"Sensor drift/flat low values at 23.1, July 2025"
23.1,23.1,41.449672,-81.564,2025-07-18T21:30:00Z,36.295,"Sensor drift/flat low values at 23.1, July 2025"
23.1,23.1,41.449672,-81.564,2025-07-18T22:00:00Z,36.295,"Sensor drift/flat low values at 23.1, July 2025"
23.1,23.1,41.449672,-81.564,2025-07-18T22:30:00Z,36.295,"Sensor drift/flat low values at 23.1, July 2025"
23.1,23.1,41.449672,-81.564,2025-07-18T23:00:00Z,36.295,"Sensor drift/flat low values at 23.1, July 2025"
23.1,23.1,41.449672,-81.564,2025-07-18T23:30:00Z,1.842,"Sensor drift/flat low values at 23.1, July 2025"
19.3,5.1_19.3_24.2,41.46274,-81.65997,2025-10-07T03:00:00Z,2.027,"Sensor drift/flat low values at 5.1_19.3_24.2, Sept-Nov 2025"
19.3,5.1_19.3_24.2,41.46274,-81.65997,2025-10-07T06:30:00Z,2.399,"Sensor drift/flat low values at 5.1_19.3_24.2, Sept-Nov 2025"
19.3,5.1_19.3_24.2,41.46274,-81.65997,2025-10-07T12:00:00Z,9.842,"Sensor drift/flat low values at 5.1_19.3_24.2, Sept-Nov 2025"
19.3,5.1_19.3_24.2,41.46274,-81.65997,2025-10-07T12:30:00Z,6.754,"Sensor drift/flat low values at 5.1_19.3_24.2, Sept-Nov 2025"
19.3,5.1_19.3_24.2,41.46274,-81.65997,2025-10-07T13:30:00Z,6.13,"Sensor drift/flat low values at 5.1_19.3_24.2, Sept-Nov 2025"
19.3,5.1_19.3_24.2,41.46274,-81.65997,2025-10-07T15:00:00Z,6.643,"Sensor drift/flat low values at 5.1_19.3_24.2, Sept-Nov 2025"
19.3,5.1_19.3_24.2,41.46274,-81.65997,2025-10-07T16:00:00Z,6.956,"Sensor drift/flat low values at 5.1_19.3_24.2, Sept-Nov 2025"
19.3,5.1_19.3_24.2,41.46274,-81.65997,2025-10-07T17:00:00Z,2.807,"Sensor drift/flat low values at 5.1_19.3_24.2, Sept-Nov 2025"
19.3,5.1_19.3_24.2,41.46274,-81.65997,2025-10-07T20:00:00Z,14.406,"Sensor drift/flat low values at 5.1_19.3_24.2, Sept-Nov 2025"
19.3,5.1_19.3_24.2,41.46274,-81.65997,2025-10-07T20:30:00Z,7.988,"Sensor drift/flat low values at 5.1_19.3_24.2, Sept-Nov 2025"
19.3,5.1_19.3_24.2,41.46274,-81.65997,2025-10-07T22:00:00Z,16.491,"Sensor drift/flat low values at 5.1_19.3_24.2, Sept-Nov 2025"
19.3,5.1_19.3_24.2,41.46274,-81.65997,2025-10-08T01:00:00Z,1.895,"Sensor drift/flat low values at 5.1_19.3_24.2, Sept-Nov 2025"
19.3,5.1_19.3_24.2,41.46274,-81.65997,2025-10-08T03:30:00Z,1.756,"Sensor drift/flat low values at 5.1_19.3_24.2, Sept-Nov 2025"
19.3,5.1_19.3_24.2,41.46274,-81.65997,2025-10-08T04:00:00Z,3.595,"Sensor drift/flat low values at 5.1_19.3_24.2, Sept-Nov 2025"
19.3,5.1_19.3_24.2,41.46274,-81.65997,2025-10-08T05:00:00Z,1.053,"Sensor drift/flat low values at 5.1_19.3_24.2, Sept-Nov 2025"
19.3,5.1_19.3_24.2,41.46274,-81.65997,2025-10-08T06:30:00Z,1.116,"Sensor drift/flat low values at 5.1_19.3_24.2, Sept-Nov 2025"
19.3,5.1_19.3_24.2,41.46274,-81.65997,2025-10-08T07:00:00Z,0.79,"Sensor drift/flat low values at 5.1_19.3_24.2, Sept-Nov 2025"
19.3,5.1_19.3_24.2,41.46274,-81.65997,2025-10-08T19:30:00Z,2.5,"Sensor drift/flat low values at 5.1_19.3_24.2, Sept-Nov 2025"
19.3,5.1_19.3_24.2,41.46274,-81.65997,2025-10-08T20:00:00Z,8.491,"Sensor drift/flat low values at 5.1_19.3_24.2, Sept-Nov 2025"
19.3,5.1_19.3_24.2,41.46274,-81.65997,2025-10-08T21:30:00Z,5.095,"Sensor drift/flat low values at 5.1_19.3_24.2, Sept-Nov 2025"
19.3,5.1_19.3_24.2,41.46274,-81.65997,2025-10-08T23:00:00Z,2.55,"Sensor drift/flat low values at 5.1_19.3_24.2, Sept-Nov 2025"
19.3,5.1_19.3_24.2,41.46274,-81.65997,2025-10-09T00:00:00Z,2.294,"Sensor drift/flat low values at 5.1_19.3_24.2, Sept-Nov 2025"
19.3,5.1_19.3_24.2,41.46274,-81.65997,2025-10-09T05:00:00Z,2.45,"Sensor drift/flat low values at 5.1_19.3_24.2, Sept-Nov 2025"
19.3,5.1_19.3_24.2,41.46274,-81.65997,2025-10-09T10:30:00Z,1.594,"Sensor drift/flat low values at 5.1_19.3_24.2, Sept-Nov 2025"
19.3,5.1_19.3_24.2,41.46274,-81.65997,2025-10-09T18:00:00Z,0.949,"Sensor drift/flat low values at 5.1_19.3_24.2, Sept-Nov 2025"
19.3,5.1_19.3_24.2,41.46274,-81.65997,2025-10-09T18:30:00Z,6.747,"Sensor drift/flat low values at 5.1_19.3_24.2, Sept-Nov 2025"
19.3,5.1_19.3_24.2,41.46274,-81.65997,2025-10-09T23:30:00Z,1.745,"Sensor drift/flat low values at 5.1_19.3_24.2, Sept-Nov 2025"
19.3,5.1_19.3_24.2,41.46274,-81.65997,2025-10-10T04:00:00Z,6.4,"Sensor drift/flat low values at 5.1_19.3_24.2, Sept-Nov 2025"
19.3,5.1_19.3_24.2,41.46274,-81.65997,2025-10-10T13:00:00Z,5.879,"Sensor drift/flat low values at 5.1_19.3_24.2, Sept-Nov 2025"
19.3,5.1_19.3_24.2,41.46274,-81.65997,2025-10-10T14:30:00Z,8.178,"Sensor drift/flat low values at 5.1_19.3_24.2, Sept-Nov 2025"
19.3,5.1_19.3_24.2,41.46274,-81.65997,2025-10-10T15:00:00Z,5.06,"Sensor drift/flat low values at 5.1_19.3_24.2, Sept-Nov 2025"
19.3,5.1_19.3_24.2,41.46274,-81.65997,2025-10-10T20:00:00Z,1.658,"Sensor drift/flat low values at 5.1_19.3_24.2, Sept-Nov 2025"
19.3,5.1_19.3_24.2,41.46274,-81.65997,2025-10-11T01:00:00Z,7.849,"Sensor drift/flat low values at 5.1_19.3_24.2, Sept-Nov 2025"
19.3,5.1_19.3_24.2,41.46274,-81.65997,2025-10-11T08:00:00Z,1.429,"Sensor drift/flat low values at 5.1_19.3_24.2, Sept-Nov 2025"
19.3,5.1_19.3_24.2,41.46274,-81.65997,2025-10-11T20:30:00Z,0.701,"Sensor drift/flat low values at 5.1_19.3_24.2, Sept-Nov 2025"
19.3,5.1_19.3_24.2,41.46274,-81.65997,2025-10-12T03:00:00Z,11.607,"Sensor drift/flat low values at 5.1_19.3_24.2, Sept-Nov 2025"
19.3,5.1_19.3_24.2,41.46274,-81.65997,2025-10-13T04:30:00Z,2.752,"Sensor drift/flat low values at 5.1_19.3_24.2, Sept-Nov 2025"
19.3,5.1_19.3_24.2,41.46274,-81.65997,2025-10-13T08:00:00Z,2.155,"Sensor drift/flat low values at 5.1_19.3_24.2, Sept-Nov 2025"
19.3,5.1_19.3_24.2,41.46274,-81.65997,2025-10-14T17:00:00Z,0.625,"Sensor drift/flat low values at 5.1_19.3_24.2, Sept-Nov 2025"
19.3,5.1_19.3_24.2,41.46274,-81.65997,2025-10-15T16:00:00Z,0.623,"Sensor drift/flat low values at 5.1_19.3_24.2, Sept-Nov 2025"
19.3,5.1_19.3_24.2,41.46274,-81.65997,2025-10-15T18:00:00Z,1.802,"Sensor drift/flat low values at 5.1_19.3_24.2, Sept-Nov 2025"
19.3,5.1_19.3_24.2,41.46274,-81.65997,2025-10-17T11:00:00Z,11.084,"Sensor drift/flat low values at 5.1_19.3_24.2, Sept-Nov 2025"
19.3,5.1_19.3_24.2,41.46274,-81.65997,2025-10-18T02:00:00Z,0.623,"Sensor drift/flat low values at 5.1_19.3_24.2, Sept-Nov 2025"
19.3,5.1_19.3_24.2,41.46274,-81.65997,2025-10-18T09:00:00Z,2.038,"Sensor drift/flat low values at 5.1_19.3_24.2, Sept-Nov 2025"
19.3,5.1_19.3_24.2,41.46274,-81.65997,2025-10-18T10:30:00Z,1.19,"Sensor drift/flat low values at 5.1_19.3_24.2, Sept-Nov 2025"
19.3,5.1_19.3_24.2,41.46274,-81.65997,2025-10-18T17:30:00Z,0.895,"Sensor drift/flat low values at 5.1_19.3_24.2, Sept-Nov 2025"
19.3,5.1_19.3_24.2,41.46274,-81.65997,2025-10-18T19:00:00Z,0.715,"Sensor drift/flat low values at 5.1_19.3_24.2, Sept-Nov 2025"
19.3,5.1_19.3_24.2,41.46274,-81.65997,2025-10-18T19:30:00Z,3.774,"Sensor drift/flat low values at 5.1_19.3_24.2, Sept-Nov 2025"
19.3,5.1_19.3_24.2,41.46274,-81.65997,2025-10-19T01:00:00Z,1.013,"Sensor drift/flat low values at 5.1_19.3_24.2, Sept-Nov 2025"
19.3,5.1_19.3_24.2,41.46274,-81.65997,2025-10-19T04:00:00Z,0,"Sensor drift/flat low values at 5.1_19.3_24.2, Sept-Nov 2025"
19.3,5.1_19.3_24.2,41.46274,-81.65997,2025-10-19T05:00:00Z,1.931,"Sensor drift/flat low values at 5.1_19.3_24.2, Sept-Nov 2025"
19.3,5.1_19.3_24.2,41.46274,-81.65997,2025-10-19T16:30:00Z,2.337,"Sensor drift/flat low values at 5.1_19.3_24.2, Sept-Nov 2025"
19.3,5.1_19.3_24.2,41.46274,-81.65997,2025-10-19T19:00:00Z,4.155,"Sensor drift/flat low values at 5.1_19.3_24.2, Sept-Nov 2025"
19.3,5.1_19.3_24.2,41.46274,-81.65997,2025-10-19T23:30:00Z,3.079,"Sensor drift/flat low values at 5.1_19.3_24.2, Sept-Nov 2025"
19.3,5.1_19.3_24.2,41.46274,-81.65997,2025-10-20T00:30:00Z,0,"Sensor drift/flat low values at 5.1_19.3_24.2, Sept-Nov 2025"
19.3,5.1_19.3_24.2,41.46274,-81.65997,2025-10-20T01:30:00Z,0,"Sensor drift/flat low values at 5.1_19.3_24.2, Sept-Nov 2025"
19.3,5.1_19.3_24.2,41.46274,-81.65997,2025-10-20T03:30:00Z,0,"Sensor drift/flat low values at 5.1_19.3_24.2, Sept-Nov 2025"
19.3,5.1_19.3_24.2,41.46274,-81.65997,2025-10-20T05:00:00Z,0,"Sensor drift/flat low values at 5.1_19.3_24.2, Sept-Nov 2025"
19.3,5.1_19.3_24.2,41.46274,-81.65997,2025-10-21T05:30:00Z,0,"Sensor drift/flat low values at 5.1_19.3_24.2, Sept-Nov 2025"
19.3,5.1_19.3_24.2,41.46274,-81.65997,2025-10-21T07:30:00Z,0,"Sensor drift/flat low values at 5.1_19.3_24.2, Sept-Nov 2025"
19.3,5.1_19.3_24.2,41.46274,-81.65997,2025-10-21T22:30:00Z,0,"Sensor drift/flat low values at 5.1_19.3_24.2, Sept-Nov 2025"
19.3,5.1_19.3_24.2,41.46274,-81.65997,2025-10-23T04:00:00Z,0,"Sensor drift/flat low values at 5.1_19.3_24.2, Sept-Nov 2025"
19.3,5.1_19.3_24.2,41.46274,-81.65997,2025-10-23T09:30:00Z,0,"Sensor drift/flat low values at 5.1_19.3_24.2, Sept-Nov 2025"
19.3,5.1_19.3_24.2,41.46274,-81.65997,2025-10-23T14:30:00Z,0,"Sensor drift/flat low values at 5.1_19.3_24.2, Sept-Nov 2025"
19.3,5.1_19.3_24.2,41.46274,-81.65997,2025-10-23T16:30:00Z,2.959,"Sensor drift/flat low values at 5.1_19.3_24.2, Sept-Nov 2025"
19.3,5.1_19.3_24.2,41.46274,-81.65997,2025-10-23T18:30:00Z,8.582,"Sensor drift/flat low values at 5.1_19.3_24.2, Sept-Nov 2025"
19.3,5.1_19.3_24.2,41.46274,-81.65997,2025-10-24T04:30:00Z,0,"Sensor drift/flat low values at 5.1_19.3_24.2, Sept-Nov 2025"
19.3,5.1_19.3_24.2,41.46274,-81.65997,2025-10-24T05:00:00Z,0,"Sensor drift/flat low values at 5.1_19.3_24.2, Sept-Nov 2025"
19.3,5.1_19.3_24.2,41.46274,-81.65997,2025-10-24T05:30:00Z,0,"Sensor drift/flat low values at 5.1_19.3_24.2, Sept-Nov 2025"
19.3,5.1_19.3_24.2,41.46274,-81.65997,2025-10-24T07:00:00Z,0,"Sensor drift/flat low values at 5.1_19.3_24.2, Sept-Nov 2025"
19.3,5.1_19.3_24.2,41.46274,-81.65997,2025-10-24T07:30:00Z,0,"Sensor drift/flat low values at 5.1_19.3_24.2, Sept-Nov 2025"
19.3,5.1_19.3_24.2,41.46274,-81.65997,2025-10-24T10:00:00Z,0,"Sensor drift/flat low values at 5.1_19.3_24.2, Sept-Nov 2025"
19.3,5.1_19.3_24.2,41.46274,-81.65997,2025-10-24T10:30:00Z,0,"Sensor drift/flat low values at 5.1_19.3_24.2, Sept-Nov 2025"
19.3,5.1_19.3_24.2,41.46274,-81.65997,2025-10-24T13:30:00Z,0,"Sensor drift/flat low values at 5.1_19.3_24.2, Sept-Nov 2025"
19.3,5.1_19.3_24.2,41.46274,-81.65997,2025-10-25T04:00:00Z,0,"Sensor drift/flat low values at 5.1_19.3_24.2, Sept-Nov 2025"
19.3,5.1_19.3_24.2,41.46274,-81.65997,2025-10-25T07:30:00Z,0,"Sensor drift/flat low values at 5.1_19.3_24.2, Sept-Nov 2025"
19.3,5.1_19.3_24.2,41.46274,-81.65997,2025-10-25T15:00:00Z,1.287,"Sensor drift/flat low values at 5.1_19.3_24.2, Sept-Nov 2025"
19.3,5.1_19.3_24.2,41.46274,-81.65997,2025-10-27T06:00:00Z,0,"Sensor drift/flat low values at 5.1_19.3_24.2, Sept-Nov 2025"
19.3,5.1_19.3_24.2,41.46274,-81.65997,2025-10-28T10:00:00Z,0,"Sensor drift/flat low values at 5.1_19.3_24.2, Sept-Nov 2025"
19.3,5.1_19.3_24.2,41.46274,-81.65997,2025-10-28T16:30:00Z,0,"Sensor drift/flat low values at 5.1_19.3_24.2, Sept-Nov 2025"
19.3,5.1_19.3_24.2,41.46274,-81.65997,2025-10-28T18:00:00Z,0,"Sensor drift/flat low values at 5.1_19.3_24.2, Sept-Nov 2025"
19.3,5.1_19.3_24.2,41.46274,-81.65997,2025-10-29T10:30:00Z,0,"Sensor drift/flat low values at 5.1_19.3_24.2, Sept-Nov 2025"
19.3,5.1_19.3_24.2,41.46274,-81.65997,2025-10-31T08:30:00Z,0,"Sensor drift/flat low values at 5.1_19.3_24.2, Sept-Nov 2025"
19.3,5.1_19.3_24.2,41.46274,-81.65997,2025-10-31T09:30:00Z,2.904,"Sensor drift/flat low values at 5.1_19.3_24.2, Sept-Nov 2025"
19.3,5.1_19.3_24.2,41.46274,-81.65997,2025-10-31T15:30:00Z,0,"Sensor drift/flat low values at 5.1_19.3_24.2, Sept-Nov 2025"
19.3,5.1_19.3_24.2,41.46274,-81.65997,2025-10-31T21:00:00Z,0.644,"Sensor drift/flat low values at 5.1_19.3_24.2, Sept-Nov 2025"
19.3,5.1_19.3_24.2,41.46274,-81.65997,2025-11-01T04:30:00Z,0,"Sensor drift/flat low values at 5.1_19.3_24.2, Sept-Nov 2025"
19.3,5.1_19.3_24.2,41.46274,-81.65997,2025-11-02T14:30:00Z,1.776,"Sensor drift/flat low values at 5.1_19.3_24.2, Sept-Nov 2025"
19.3,5.1_19.3_24.2,41.46274,-81.65997,2025-11-02T15:00:00Z,0.628,"Sensor drift/flat low values at 5.1_19.3_24.2, Sept-Nov 2025"
19.3,5.1_19.3_24.2,41.46274,-81.65997,2025-11-03T03:30:00Z,0,"Sensor drift/flat low values at 5.1_19.3_24.2, Sept-Nov 2025"
19.3,5.1_19.3_24.2,41.46274,-81.65997,2025-11-03T05:00:00Z,0,"Sensor drift/flat low values at 5.1_19.3_24.2, Sept-Nov 2025"
19.3,5.1_19.3_24.2,41.46274,-81.65997,2025-11-03T11:30:00Z,5.008,"Sensor drift/flat low values at 5.1_19.3_24.2, Sept-Nov 2025"
19.3,5.1_19.3_24.2,41.46274,-81.65997,2025-11-03T12:00:00Z,1.987,"Sensor drift/flat low values at 5.1_19.3_24.2, Sept-Nov 2025"
19.3,5.1_19.3_24.2,41.46274,-81.65997,2025-11-03T23:30:00Z,0,"Sensor drift/flat low values at 5.1_19.3_24.2, Sept-Nov 2025"
19.3,5.1_19.3_24.2,41.46274,-81.65997,2025-11-04T01:30:00Z,0,"Sensor drift/flat low values at 5.1_19.3_24.2, Sept-Nov 2025"
19.3,5.1_19.3_24.2,41.46274,-81.65997,2025-11-05T15:30:00Z,0.965,"Sensor drift/flat low values at 5.1_19.3_24.2, Sept-Nov 2025"
19.3,5.1_19.3_24.2,41.46274,-81.65997,2025-11-05T20:30:00Z,10.48,"Sensor drift/flat low values at 5.1_19.3_24.2, Sept-Nov 2025"
19.3,5.1_19.3_24.2,41.46274,-81.65997,2025-11-05T22:30:00Z,3.01,"Sensor drift/flat low values at 5.1_19.3_24.2, Sept-Nov 2025"
19.3,5.1_19.3_24.2,41.46274,-81.65997,2025-11-05T23:30:00Z,2.884,"Sensor drift/flat low values at 5.1_19.3_24.2, Sept-Nov 2025"
19.3,5.1_19.3_24.2,41.46274,-81.65997,2025-11-06T00:00:00Z,0.637,"Sensor drift/flat low values at 5.1_19.3_24.2, Sept-Nov 2025"
19.3,5.1_19.3_24.2,41.46274,-81.65997,2025-11-06T02:30:00Z,0,"Sensor drift/flat low values at 5.1_19.3_24.2, Sept-Nov 2025"
19.3,5.1_19.3_24.2,41.46274,-81.65997,2025-11-06T03:00:00Z,0,"Sensor drift/flat low values at 5.1_19.3_24.2, Sept-Nov 2025"
19.3,5.1_19.3_24.2,41.46274,-81.65997,2025-11-06T05:00:00Z,0.591,"Sensor drift/flat low values at 5.1_19.3_24.2, Sept-Nov 2025"
19.3,5.1_19.3_24.2,41.46274,-81.65997,2025-11-06T06:00:00Z,0,"Sensor drift/flat low values at 5.1_19.3_24.2, Sept-Nov 2025"
19.3,5.1_19.3_24.2,41.46274,-81.65997,2025-11-06T15:00:00Z,5.505,"Sensor drift/flat low values at 5.1_19.3_24.2, Sept-Nov 2025"
19.3,5.1_19.3_24.2,41.46274,-81.65997,2025-11-06T16:00:00Z,0,"Sensor drift/flat low values at 5.1_19.3_24.2, Sept-Nov 2025"
19.3,5.1_19.3_24.2,41.46274,-81.65997,2025-11-06T21:00:00Z,0,"Sensor drift/flat low values at 5.1_19.3_24.2, Sept-Nov 2025"
19.3,5.1_19.3_24.2,41.46274,-81.65997,2025-11-07T05:00:00Z,0.61,"Sensor drift/flat low values at 5.1_19.3_24.2, Sept-Nov 2025"
19.3,5.1_19.3_24.2,41.46274,-81.65997,2025-11-07T06:30:00Z,0,"Sensor drift/flat low values at 5.1_19.3_24.2, Sept-Nov 2025"
19.3,5.1_19.3_24.2,41.46274,-81.65997,2025-11-07T21:00:00Z,4.926,"Sensor drift/flat low values at 5.1_19.3_24.2, Sept-Nov 2025"
19.3,5.1_19.3_24.2,41.46274,-81.65997,2025-11-08T03:00:00Z,2.783,"Sensor drift/flat low values at 5.1_19.3_24.2, Sept-Nov 2025"
19.3,5.1_19.3_24.2,41.46274,-81.65997,2025-11-08T04:00:00Z,2.556,"Sensor drift/flat low values at 5.1_19.3_24.2, Sept-Nov 2025"
19.3,5.1_19.3_24.2,41.46274,-81.65997,2025-11-08T18:30:00Z,0,"Sensor drift/flat low values at 5.1_19.3_24.2, Sept-Nov 2025"
19.3,5.1_19.3_24.2,41.46274,-81.65997,2025-11-09T15:00:00Z,0,"Sensor drift/flat low values at 5.1_19.3_24.2, Sept-Nov 2025"
19.3,5.1_19.3_24.2,41.46274,-81.65997,2025-11-09T21:00:00Z,0,"Sensor drift/flat low values at 5.1_19.3_24.2, Sept-Nov 2025"
19.3,5.1_19.3_24.2,41.46274,-81.65997,2025-11-10T04:00:00Z,0,"Sensor drift/flat low values at 5.1_19.3_24.2, Sept-Nov 2025"
19.3,5.1_19.3_24.2,41.46274,-81.65997,2025-11-10T12:00:00Z,2.901,"Sensor drift/flat low values at 5.1_19.3_24.2, Sept-Nov 2025"
19.3,5.1_19.3_24.2,41.46274,-81.65997,2025-11-10T13:00:00Z,2.693,"Sensor drift/flat low values at 5.1_19.3_24.2, Sept-Nov 2025"
19.3,5.1_19.3_24.2,41.46274,-81.65997,2025-11-10T20:00:00Z,0,"Sensor drift/flat low values at 5.1_19.3_24.2, Sept-Nov 2025"
19.3,5.1_19.3_24.2,41.46274,-81.65997,2025-11-10T20:30:00Z,0,"Sensor drift/flat low values at 5.1_19.3_24.2, Sept-Nov 2025"
19.3,5.1_19.3_24.2,41.46274,-81.65997,2025-11-10T22:00:00Z,0,"Sensor drift/flat low values at 5.1_19.3_24.2, Sept-Nov 2025"
19.3,5.1_19.3_24.2,41.46274,-81.65997,2025-11-11T01:00:00Z,0,"Sensor drift/flat low values at 5.1_19.3_24.2, Sept-Nov 2025"
19.3,5.1_19.3_24.2,41.46274,-81.65997,2025-11-11T01:30:00Z,0,"Sensor drift/flat low values at 5.1_19.3_24.2, Sept-Nov 2025"
19.3,5.1_19.3_24.2,41.46274,-81.65997,2025-11-11T04:30:00Z,0,"Sensor drift/flat low values at 5.1_19.3_24.2, Sept-Nov 2025"
19.3,5.1_19.3_24.2,41.46274,-81.65997,2025-11-11T10:00:00Z,0,"Sensor drift/flat low values at 5.1_19.3_24.2, Sept-Nov 2025"
19.3,5.1_19.3_24.2,41.46274,-81.65997,2025-11-11T11:00:00Z,0,"Sensor drift/flat low values at 5.1_19.3_24.2, Sept-Nov 2025"
19.3,5.1_19.3_24.2,41.46274,-81.65997,2025-11-11T21:00:00Z,0,"Sensor drift/flat low values at 5.1_19.3_24.2, Sept-Nov 2025"
19.3,5.1_19.3_24.2,41.46274,-81.65997,2025-11-12T02:00:00Z,0,"Sensor drift/flat low values at 5.1_19.3_24.2, Sept-Nov 2025"
19.3,5.1_19.3_24.2,41.46274,-81.65997,2025-11-12T09:00:00Z,0,"Sensor drift/flat low values at 5.1_19.3_24.2, Sept-Nov 2025"
19.3,5.1_19.3_24.2,41.46274,-81.65997,2025-11-12T17:00:00Z,2.752,"Sensor drift/flat low values at 5.1_19.3_24.2, Sept-Nov 2025"
19.3,5.1_19.3_24.2,41.46274,-81.65997,2025-11-13T09:00:00Z,0,"Sensor drift/flat low values at 5.1_19.3_24.2, Sept-Nov 2025"
19.3,5.1_19.3_24.2,41.46274,-81.65997,2025-11-13T11:00:00Z,0,"Sensor drift/flat low values at 5.1_19.3_24.2, Sept-Nov 2025"
19.3,5.1_19.3_24.2,41.46274,-81.65997,2025-11-13T12:30:00Z,0,"Sensor drift/flat low values at 5.1_19.3_24.2, Sept-Nov 2025"
19.3,5.1_19.3_24.2,41.46274,-81.65997,2025-11-13T14:00:00Z,0.644,"Sensor drift/flat low values at 5.1_19.3_24.2, Sept-Nov 2025"
19.3,5.1_19.3_24.2,41.46274,-81.65997,2025-11-13T15:30:00Z,0,"Sensor drift/flat low values at 5.1_19.3_24.2, Sept-Nov 2025"
19.3,5.1_19.3_24.2,41.46274,-81.65997,2025-11-13T23:00:00Z,0,"Sensor drift/flat low values at 5.1_19.3_24.2, Sept-Nov 2025"
19.3,5.1_19.3_24.2,41.46274,-81.65997,2025-11-14T08:30:00Z,0,"Sensor drift/flat low values at 5.1_19.3_24.2, Sept-Nov 2025"
19.3,5.1_19.3_24.2,41.46274,-81.65997,2025-11-14T10:00:00Z,1.217,"Sensor drift/flat low values at 5.1_19.3_24.2, Sept-Nov 2025"
19.3,5.1_19.3_24.2,41.46274,-81.65997,2025-11-14T11:00:00Z,0,"Sensor drift/flat low values at 5.1_19.3_24.2, Sept-Nov 2025"
19.3,5.1_19.3_24.2,41.46274,-81.65997,2025-11-14T14:30:00Z,2.768,"Sensor drift/flat low values at 5.1_19.3_24.2, Sept-Nov 2025"
19.3,5.1_19.3_24.2,41.46274,-81.65997,2025-11-14T16:30:00Z,0,"Sensor drift/flat low values at 5.1_19.3_24.2, Sept-Nov 2025"
19.3,5.1_19.3_24.2,41.46274,-81.65997,2025-11-14T17:30:00Z,0,"Sensor drift/flat low values at 5.1_19.3_24.2, Sept-Nov 2025"
19.3,5.1_19.3_24.2,41.46274,-81.65997,2025-11-15T02:00:00Z,2.89,"Sensor drift/flat low values at 5.1_19.3_24.2, Sept-Nov 2025"
19.3,5.1_19.3_24.2,41.46274,-81.65997,2025-11-15T12:00:00Z,0,"Sensor drift/flat low values at 5.1_19.3_24.2, Sept-Nov 2025"
19.3,5.1_19.3_24.2,41.46274,-81.65997,2025-11-15T14:00:00Z,6.282,"Sensor drift/flat low values at 5.1_19.3_24.2, Sept-Nov 2025"
19.3,5.1_19.3_24.2,41.46274,-81.65997,2025-11-16T00:30:00Z,1.36,"Sensor drift/flat low values at 5.1_19.3_24.2, Sept-Nov 2025"
19.3,5.1_19.3_24.2,41.46274,-81.65997,2025-11-16T02:00:00Z,1.221,"Sensor drift/flat low values at 5.1_19.3_24.2, Sept-Nov 2025"
19.3,5.1_19.3_24.2,41.46274,-81.65997,2025-11-16T03:00:00Z,2.397,"Sensor drift/flat low values at 5.1_19.3_24.2, Sept-Nov 2025"
19.3,5.1_19.3_24.2,41.46274,-81.65997,2025-11-16T09:00:00Z,0,"Sensor drift/flat low values at 5.1_19.3_24.2, Sept-Nov 2025"
19.3,5.1_19.3_24.2,41.46274,-81.65997,2025-11-16T13:00:00Z,1.711,"Sensor drift/flat low values at 5.1_19.3_24.2, Sept-Nov 2025"
19.3,5.1_19.3_24.2,41.46274,-81.65997,2025-11-16T15:00:00Z,0,"Sensor drift/flat low values at 5.1_19.3_24.2, Sept-Nov 2025"
19.3,5.1_19.3_24.2,41.46274,-81.65997,2025-11-17T00:30:00Z,0,"Sensor drift/flat low values at 5.1_19.3_24.2, Sept-Nov 2025"
19.3,5.1_19.3_24.2,41.46274,-81.65997,2025-11-17T01:30:00Z,0,"Sensor drift/flat low values at 5.1_19.3_24.2, Sept-Nov 2025"
19.3,5.1_19.3_24.2,41.46274,-81.65997,2025-11-17T04:00:00Z,0,"Sensor drift/flat low values at 5.1_19.3_24.2, Sept-Nov 2025"
19.3,5.1_19.3_24.2,41.46274,-81.65997,2025-11-17T06:30:00Z,0,"Sensor drift/flat low values at 5.1_19.3_24.2, Sept-Nov 2025"
19.3,5.1_19.3_24.2,41.46274,-81.65997,2025-11-17T09:00:00Z,0,"Sensor drift/flat low values at 5.1_19.3_24.2, Sept-Nov 2025"
19.3,5.1_19.3_24.2,41.46274,-81.65997,2025-11-17T11:00:00Z,0,"Sensor drift/flat low values at 5.1_19.3_24.2, Sept-Nov 2025"
19.3,5.1_19.3_24.2,41.46274,-81.65997,2025-11-17T11:30:00Z,0,"Sensor drift/flat low values at 5.1_19.3_24.2, Sept-Nov 2025"
19.3,5.1_19.3_24.2,41.46274,-81.65997,2025-11-17T13:00:00Z,0,"Sensor drift/flat low values at 5.1_19.3_24.2, Sept-Nov 2025"
19.3,5.1_19.3_24.2,41.46274,-81.65997,2025-11-17T22:00:00Z,0,"Sensor drift/flat low values at 5.1_19.3_24.2, Sept-Nov 2025"
19.3,5.1_19.3_24.2,41.46274,-81.65997,2025-11-17T22:30:00Z,0,"Sensor drift/flat low values at 5.1_19.3_24.2, Sept-Nov 2025"
19.3,5.1_19.3_24.2,41.46274,-81.65997,2025-11-17T23:00:00Z,0,"Sensor drift/flat low values at 5.1_19.3_24.2, Sept-Nov 2025"
19.3,5.1_19.3_24.2,41.46274,-81.65997,2025-11-19T01:30:00Z,0,"Sensor drift/flat low values at 5.1_19.3_24.2, Sept-Nov 2025"
19.3,5.1_19.3_24.2,41.46274,-81.65997,2025-11-19T04:30:00Z,2.733,"Sensor drift/flat low values at 5.1_19.3_24.2, Sept-Nov 2025"
19.3,5.1_19.3_24.2,41.46274,-81.65997,2025-11-19T06:00:00Z,2.397,"Sensor drift/flat low values at 5.1_19.3_24.2, Sept-Nov 2025"
19.3,5.1_19.3_24.2,41.46274,-81.65997,2025-11-19T06:30:00Z,0,"Sensor drift/flat low values at 5.1_19.3_24.2, Sept-Nov 2025"
19.3,5.1_19.3_24.2,41.46274,-81.65997,2025-11-19T10:00:00Z,0,"Sensor drift/flat low values at 5.1_19.3_24.2, Sept-Nov 2025"
19.3,5.1_19.3_24.2,41.46274,-81.65997,2025-11-19T14:00:00Z,0.818,"Sensor drift/flat low values at 5.1_19.3_24.2, Sept-Nov 2025"
5.1,5.1_19.3_24.2,41.46274,-81.65997,2025-09-29T11:00:00Z,15.063,"Sensor drift/flat low values at 5.1_19.3_24.2, Sept-Nov 2025"
5.1,5.1_19.3_24.2,41.46274,-81.65997,2025-09-29T11:30:00Z,13.552,"Sensor drift/flat low values at 5.1_19.3_24.2, Sept-Nov 2025"
5.1,5.1_19.3_24.2,41.46274,-81.65997,2025-09-29T12:00:00Z,18.339,"Sensor drift/flat low values at 5.1_19.3_24.2, Sept-Nov 2025"
5.1,5.1_19.3_24.2,41.46274,-81.65997,2025-10-04T11:30:00Z,16.11,"Sensor drift/flat low values at 5.1_19.3_24.2, Sept-Nov 2025"
5.1,5.1_19.3_24.2,41.46274,-81.65997,2025-10-04T12:00:00Z,14.402,"Sensor drift/flat low values at 5.1_19.3_24.2, Sept-Nov 2025"
5.1,5.1_19.3_24.2,41.46274,-81.65997,2025-10-04T21:00:00Z,7.54,"Sensor drift/flat low values at 5.1_19.3_24.2, Sept-Nov 2025"
5.1,5.1_19.3_24.2,41.46274,-81.65997,2025-10-04T22:00:00Z,8.407,"Sensor drift/flat low values at 5.1_19.3_24.2, Sept-Nov 2025"
5.1,5.1_19.3_24.2,41.46274,-81.65997,2025-10-04T22:30:00Z,13.575,"Sensor drift/flat low values at 5.1_19.3_24.2, Sept-Nov 2025"
5.1,5.1_19.3_24.2,41.46274,-81.65997,2025-10-05T02:00:00Z,9.821,"Sensor drift/flat low values at 5.1_19.3_24.2, Sept-Nov 2025"
5.1,5.1_19.3_24.2,41.46274,-81.65997,2025-10-05T02:30:00Z,18.123,"Sensor drift/flat low values at 5.1_19.3_24.2, Sept-Nov 2025"
5.1,5.1_19.3_24.2,41.46274,-81.65997,2025-10-05T03:00:00Z,13.386,"Sensor drift/flat low values at 5.1_19.3_24.2, Sept-Nov 2025"
5.1,5.1_19.3_24.2,41.46274,-81.65997,2025-10-05T03:30:00Z,11.889,"Sensor drift/flat low values at 5.1_19.3_24.2, Sept-Nov 2025"
5.1,5.1_19.3_24.2,41.46274,-81.65997,2025-10-05T22:00:00Z,4.57,"Sensor drift/flat low values at 5.1_19.3_24.2, Sept-Nov 2025"
13.1,13.1_33.2,41.489571,-81.71175,2025-08-27T00:00:00Z,0,"Sensor drift/flat low values at 13.1_33.2, Aug-Nov 2025"
13.1,13.1_33.2,41.489571,-81.71175,2025-08-27T03:30:00Z,0,"Sensor drift/flat low values at 13.1_33.2, Aug-Nov 2025"
13.1,13.1_33.2,41.489571,-81.71175,2025-08-27T04:00:00Z,0,"Sensor drift/flat low values at 13.1_33.2, Aug-Nov 2025"
13.1,13.1_33.2,41.489571,-81.71175,2025-08-27T04:30:00Z,0,"Sensor drift/flat low values at 13.1_33.2, Aug-Nov 2025"
13.1,13.1_33.2,41.489571,-81.71175,2025-08-27T05:00:00Z,0,"Sensor drift/flat low values at 13.1_33.2, Aug-Nov 2025"
13.1,13.1_33.2,41.489571,-81.71175,2025-08-27T05:30:00Z,0,"Sensor drift/flat low values at 13.1_33.2, Aug-Nov 2025"
13.1,13.1_33.2,41.489571,-81.71175,2025-08-27T06:00:00Z,0,"Sensor drift/flat low values at 13.1_33.2, Aug-Nov 2025"
13.1,13.1_33.2,41.489571,-81.71175,2025-08-27T06:30:00Z,0,"Sensor drift/flat low values at 13.1_33.2, Aug-Nov 2025"
13.1,13.1_33.2,41.489571,-81.71175,2025-08-27T07:00:00Z,0,"Sensor drift/flat low values at 13.1_33.2, Aug-Nov 2025"
13.1,13.1_33.2,41.489571,-81.71175,2025-08-27T07:30:00Z,0,"Sensor drift/flat low values at 13.1_33.2, Aug-Nov 2025"
13.1,13.1_33.2,41.489571,-81.71175,2025-08-27T08:00:00Z,0,"Sensor drift/flat low values at 13.1_33.2, Aug-Nov 2025"
13.1,13.1_33.2,41.489571,-81.71175,2025-08-27T08:30:00Z,0,"Sensor drift/flat low values at 13.1_33.2, Aug-Nov 2025"
13.1,13.1_33.2,41.489571,-81.71175,2025-08-27T09:00:00Z,0,"Sensor drift/flat low values at 13.1_33.2, Aug-Nov 2025"
13.1,13.1_33.2,41.489571,-81.71175,2025-08-27T09:30:00Z,0,"Sensor drift/flat low values at 13.1_33.2, Aug-Nov 2025"
13.1,13.1_33.2,41.489571,-81.71175,2025-08-27T10:00:00Z,0,"Sensor drift/flat low values at 13.1_33.2, Aug-Nov 2025"
13.1,13.1_33.2,41.489571,-81.71175,2025-08-27T10:30:00Z,0,"Sensor drift/flat low values at 13.1_33.2, Aug-Nov 2025"
13.1,13.1_33.2,41.489571,-81.71175,2025-08-27T11:00:00Z,0,"Sensor drift/flat low values at 13.1_33.2, Aug-Nov 2025"
13.1,13.1_33.2,41.489571,-81.71175,2025-08-27T11:30:00Z,0,"Sensor drift/flat low values at 13.1_33.2, Aug-Nov 2025"
13.1,13.1_33.2,41.489571,-81.71175,2025-08-27T12:00:00Z,0,"Sensor drift/flat low values at 13.1_33.2, Aug-Nov 2025"
13.1,13.1_33.2,41.489571,-81.71175,2025-08-27T12:30:00Z,0,"Sensor drift/flat low values at 13.1_33.2, Aug-Nov 2025"
13.1,13.1_33.2,41.489571,-81.71175,2025-08-27T13:00:00Z,0,"Sensor drift/flat low values at 13.1_33.2, Aug-Nov 2025"
13.1,13.1_33.2,41.489571,-81.71175,2025-08-27T14:00:00Z,0,"Sensor drift/flat low values at 13.1_33.2, Aug-Nov 2025"
13.1,13.1_33.2,41.489571,-81.71175,2025-08-27T14:30:00Z,0,"Sensor drift/flat low values at 13.1_33.2, Aug-Nov 2025"
13.1,13.1_33.2,41.489571,-81.71175,2025-08-27T16:00:00Z,0,"Sensor drift/flat low values at 13.1_33.2, Aug-Nov 2025"
13.1,13.1_33.2,41.489571,-81.71175,2025-08-27T16:30:00Z,0,"Sensor drift/flat low values at 13.1_33.2, Aug-Nov 2025"
13.1,13.1_33.2,41.489571,-81.71175,2025-08-27T17:00:00Z,0,"Sensor drift/flat low values at 13.1_33.2, Aug-Nov 2025"
13.1,13.1_33.2,41.489571,-81.71175,2025-08-27T17:30:00Z,0,"Sensor drift/flat low values at 13.1_33.2, Aug-Nov 2025"
13.1,13.1_33.2,41.489571,-81.71175,2025-08-27T18:00:00Z,0,"Sensor drift/flat low values at 13.1_33.2, Aug-Nov 2025"
13.1,13.1_33.2,41.489571,-81.71175,2025-08-27T18:30:00Z,0,"Sensor drift/flat low values at 13.1_33.2, Aug-Nov 2025"
13.1,13.1_33.2,41.489571,-81.71175,2025-08-27T19:00:00Z,0,"Sensor drift/flat low values at 13.1_33.2, Aug-Nov 2025"
13.1,13.1_33.2,41.489571,-81.71175,2025-08-27T19:30:00Z,0,"Sensor drift/flat low values at 13.1_33.2, Aug-Nov 2025"
13.1,13.1_33.2,41.489571,-81.71175,2025-08-27T20:00:00Z,0,"Sensor drift/flat low values at 13.1_33.2, Aug-Nov 2025"
13.1,13.1_33.2,41.489571,-81.71175,2025-08-27T20:30:00Z,0,"Sensor drift/flat low values at 13.1_33.2, Aug-Nov 2025"
13.1,13.1_33.2,41.489571,-81.71175,2025-08-27T21:00:00Z,0,"Sensor drift/flat low values at 13.1_33.2, Aug-Nov 2025"
13.1,13.1_33.2,41.489571,-81.71175,2025-08-27T21:30:00Z,0,"Sensor drift/flat low values at 13.1_33.2, Aug-Nov 2025"
13.1,13.1_33.2,41.489571,-81.71175,2025-08-27T22:00:00Z,0,"Sensor drift/flat low values at 13.1_33.2, Aug-Nov 2025"
13.1,13.1_33.2,41.489571,-81.71175,2025-08-27T22:30:00Z,0,"Sensor drift/flat low values at 13.1_33.2, Aug-Nov 2025"
13.1,13.1_33.2,41.489571,-81.71175,2025-08-27T23:00:00Z,0,"Sensor drift/flat low values at 13.1_33.2, Aug-Nov 2025"
13.1,13.1_33.2,41.489571,-81.71175,2025-08-27T23:30:00Z,0,"Sensor drift/flat low values at 13.1_33.2, Aug-Nov 2025"
13.1,13.1_33.2,41.489571,-81.71175,2025-08-28T00:00:00Z,0,"Sensor drift/flat low values at 13.1_33.2, Aug-Nov 2025"
13.1,13.1_33.2,41.489571,-81.71175,2025-08-28T00:30:00Z,0,"Sensor drift/flat low values at 13.1_33.2, Aug-Nov 2025"
13.1,13.1_33.2,41.489571,-81.71175,2025-08-28T01:00:00Z,0,"Sensor drift/flat low values at 13.1_33.2, Aug-Nov 2025"
13.1,13.1_33.2,41.489571,-81.71175,2025-08-28T01:30:00Z,0,"Sensor drift/flat low values at 13.1_33.2, Aug-Nov 2025"
13.1,13.1_33.2,41.489571,-81.71175,2025-08-28T02:00:00Z,0,"Sensor drift/flat low values at 13.1_33.2, Aug-Nov 2025"
13.1,13.1_33.2,41.489571,-81.71175,2025-08-28T02:30:00Z,0,"Sensor drift/flat low values at 13.1_33.2, Aug-Nov 2025"
13.1,13.1_33.2,41.489571,-81.71175,2025-08-28T03:00:00Z,0,"Sensor drift/flat low values at 13.1_33.2, Aug-Nov 2025"
13.1,13.1_33.2,41.489571,-81.71175,2025-08-28T03:30:00Z,0,"Sensor drift/flat low values at 13.1_33.2, Aug-Nov 2025"
13.1,13.1_33.2,41.489571,-81.71175,2025-08-28T04:00:00Z,0,"Sensor drift/flat low values at 13.1_33.2, Aug-Nov 2025"
13.1,13.1_33.2,41.489571,-81.71175,2025-08-28T04:30:00Z,0,"Sensor drift/flat low values at 13.1_33.2, Aug-Nov 2025"
13.1,13.1_33.2,41.489571,-81.71175,2025-08-28T05:00:00Z,0,"Sensor drift/flat low values at 13.1_33.2, Aug-Nov 2025"
13.1,13.1_33.2,41.489571,-81.71175,2025-08-28T05:30:00Z,0,"Sensor drift/flat low values at 13.1_33.2, Aug-Nov 2025"
13.1,13.1_33.2,41.489571,-81.71175,2025-08-28T06:00:00Z,0,"Sensor drift/flat low values at 13.1_33.2, Aug-Nov 2025"
13.1,13.1_33.2,41.489571,-81.71175,2025-08-28T12:30:00Z,0,"Sensor drift/flat low values at 13.1_33.2, Aug-Nov 2025"
13.1,13.1_33.2,41.489571,-81.71175,2025-08-28T17:00:00Z,0,"Sensor drift/flat low values at 13.1_33.2, Aug-Nov 2025"
13.1,13.1_33.2,41.489571,-81.71175,2025-08-28T18:30:00Z,0,"Sensor drift/flat low values at 13.1_33.2, Aug-Nov 2025"
13.1,13.1_33.2,41.489571,-81.71175,2025-08-28T20:30:00Z,0,"Sensor drift/flat low values at 13.1_33.2, Aug-Nov 2025"
13.1,13.1_33.2,41.489571,-81.71175,2025-08-28T23:00:00Z,0,"Sensor drift/flat low values at 13.1_33.2, Aug-Nov 2025"
13.1,13.1_33.2,41.489571,-81.71175,2025-08-29T00:00:00Z,0,"Sensor drift/flat low values at 13.1_33.2, Aug-Nov 2025"
13.1,13.1_33.2,41.489571,-81.71175,2025-08-29T02:30:00Z,0,"Sensor drift/flat low values at 13.1_33.2, Aug-Nov 2025"
13.1,13.1_33.2,41.489571,-81.71175,2025-08-29T06:30:00Z,0,"Sensor drift/flat low values at 13.1_33.2, Aug-Nov 2025"
13.1,13.1_33.2,41.489571,-81.71175,2025-08-29T08:00:00Z,0,"Sensor drift/flat low values at 13.1_33.2, Aug-Nov 2025"
13.1,13.1_33.2,41.489571,-81.71175,2025-08-29T11:00:00Z,0,"Sensor drift/flat low values at 13.1_33.2, Aug-Nov 2025"
13.1,13.1_33.2,41.489571,-81.71175,2025-08-29T14:30:00Z,0,"Sensor drift/flat low values at 13.1_33.2, Aug-Nov 2025"
13.1,13.1_33.2,41.489571,-81.71175,2025-08-29T16:00:00Z,0,"Sensor drift/flat low values at 13.1_33.2, Aug-Nov 2025"
13.1,13.1_33.2,41.489571,-81.71175,2025-08-29T17:30:00Z,0,"Sensor drift/flat low values at 13.1_33.2, Aug-Nov 2025"
13.1,13.1_33.2,41.489571,-81.71175,2025-08-29T18:00:00Z,0,"Sensor drift/flat low values at 13.1_33.2, Aug-Nov 2025"
13.1,13.1_33.2,41.489571,-81.71175,2025-08-29T18:30:00Z,0,"Sensor drift/flat low values at 13.1_33.2, Aug-Nov 2025"
13.1,13.1_33.2,41.489571,-81.71175,2025-08-29T19:00:00Z,0,"Sensor drift/flat low values at 13.1_33.2, Aug-Nov 2025"
13.1,13.1_33.2,41.489571,-81.71175,2025-08-29T19:30:00Z,0,"Sensor drift/flat low values at 13.1_33.2, Aug-Nov 2025"
13.1,13.1_33.2,41.489571,-81.71175,2025-08-29T20:00:00Z,0,"Sensor drift/flat low values at 13.1_33.2, Aug-Nov 2025"
13.1,13.1_33.2,41.489571,-81.71175,2025-08-29T20:30:00Z,0,"Sensor drift/flat low values at 13.1_33.2, Aug-Nov 2025"
13.1,13.1_33.2,41.489571,-81.71175,2025-08-29T21:00:00Z,0,"Sensor drift/flat low values at 13.1_33.2, Aug-Nov 2025"
13.1,13.1_33.2,41.489571,-81.71175,2025-08-29T21:30:00Z,0,"Sensor drift/flat low values at 13.1_33.2, Aug-Nov 2025"
13.1,13.1_33.2,41.489571,-81.71175,2025-08-29T22:00:00Z,0,"Sensor drift/flat low values at 13.1_33.2, Aug-Nov 2025"
13.1,13.1_33.2,41.489571,-81.71175,2025-08-29T22:30:00Z,0,"Sensor drift/flat low values at 13.1_33.2, Aug-Nov 2025"
13.1,13.1_33.2,41.489571,-81.71175,2025-08-29T23:00:00Z,0,"Sensor drift/flat low values at 13.1_33.2, Aug-Nov 2025"
13.1,13.1_33.2,41.489571,-81.71175,2025-08-29T23:30:00Z,0,"Sensor drift/flat low values at 13.1_33.2, Aug-Nov 2025"
13.1,13.1_33.2,41.489571,-81.71175,2025-08-30T00:00:00Z,0,"Sensor drift/flat low values at 13.1_33.2, Aug-Nov 2025"
13.1,13.1_33.2,41.489571,-81.71175,2025-08-30T00:30:00Z,0,"Sensor drift/flat low values at 13.1_33.2, Aug-Nov 2025"
13.1,13.1_33.2,41.489571,-81.71175,2025-08-30T01:00:00Z,0,"Sensor drift/flat low values at 13.1_33.2, Aug-Nov 2025"
13.1,13.1_33.2,41.489571,-81.71175,2025-08-30T01:30:00Z,0,"Sensor drift/flat low values at 13.1_33.2, Aug-Nov 2025"
13.1,13.1_33.2,41.489571,-81.71175,2025-08-30T02:00:00Z,0,"Sensor drift/flat low values at 13.1_33.2, Aug-Nov 2025"
13.1,13.1_33.2,41.489571,-81.71175,2025-08-30T02:30:00Z,0,"Sensor drift/flat low values at 13.1_33.2, Aug-Nov 2025"
13.1,13.1_33.2,41.489571,-81.71175,2025-08-30T03:00:00Z,0,"Sensor drift/flat low values at 13.1_33.2, Aug-Nov 2025"
13.1,13.1_33.2,41.489571,-81.71175,2025-08-30T03:30:00Z,0,"Sensor drift/flat low values at 13.1_33.2, Aug-Nov 2025"
13.1,13.1_33.2,41.489571,-81.71175,2025-08-30T04:00:00Z,0,"Sensor drift/flat low values at 13.1_33.2, Aug-Nov 2025"
13.1,13.1_33.2,41.489571,-81.71175,2025-08-30T04:30:00Z,0,"Sensor drift/flat low values at 13.1_33.2, Aug-Nov 2025"
13.1,13.1_33.2,41.489571,-81.71175,2025-08-30T05:00:00Z,0,"Sensor drift/flat low values at 13.1_33.2, Aug-Nov 2025"
13.1,13.1_33.2,41.489571,-81.71175,2025-08-30T05:30:00Z,0,"Sensor drift/flat low values at 13.1_33.2, Aug-Nov 2025"
13.1,13.1_33.2,41.489571,-81.71175,2025-08-30T06:00:00Z,0,"Sensor drift/flat low values at 13.1_33.2, Aug-Nov 2025"
13.1,13.1_33.2,41.489571,-81.71175,2025-08-30T06:30:00Z,0,"Sensor drift/flat low values at 13.1_33.2, Aug-Nov 2025"
13.1,13.1_33.2,41.489571,-81.71175,2025-08-30T07:00:00Z,0,"Sensor drift/flat low values at 13.1_33.2, Aug-Nov 2025"
13.1,13.1_33.2,41.489571,-81.71175,2025-08-30T07:30:00Z,0,"Sensor drift/flat low values at 13.1_33.2, Aug-Nov 2025"
13.1,13.1_33.2,41.489571,-81.71175,2025-08-30T08:00:00Z,0,"Sensor drift/flat low values at 13.1_33.2, Aug-Nov 2025"
13.1,13.1_33.2,41.489571,-81.71175,2025-08-30T08:30:00Z,0,"Sensor drift/flat low values at 13.1_33.2, Aug-Nov 2025"
13.1,13.1_33.2,41.489571,-81.71175,2025-08-30T09:00:00Z,0,"Sensor drift/flat low values at 13.1_33.2, Aug-Nov 2025"
13.1,13.1_33.2,41.489571,-81.71175,2025-08-30T09:30:00Z,0,"Sensor drift/flat low values at 13.1_33.2, Aug-Nov 2025"
13.1,13.1_33.2,41.489571,-81.71175,2025-08-30T12:00:00Z,0,"Sensor drift/flat low values at 13.1_33.2, Aug-Nov 2025"
13.1,13.1_33.2,41.489571,-81.71175,2025-08-30T13:00:00Z,0,"Sensor drift/flat low values at 13.1_33.2, Aug-Nov 2025"
13.1,13.1_33.2,41.489571,-81.71175,2025-08-30T14:00:00Z,0,"Sensor drift/flat low values at 13.1_33.2, Aug-Nov 2025"
13.1,13.1_33.2,41.489571,-81.71175,2025-08-30T15:00:00Z,0,"Sensor drift/flat low values at 13.1_33.2, Aug-Nov 2025"
13.1,13.1_33.2,41.489571,-81.71175,2025-08-30T17:30:00Z,0,"Sensor drift/flat low values at 13.1_33.2, Aug-Nov 2025"
13.1,13.1_33.2,41.489571,-81.71175,2025-08-30T18:00:00Z,0,"Sensor drift/flat low values at 13.1_33.2, Aug-Nov 2025"
13.1,13.1_33.2,41.489571,-81.71175,2025-08-30T20:30:00Z,0,"Sensor drift/flat low values at 13.1_33.2, Aug-Nov 2025"
13.1,13.1_33.2,41.489571,-81.71175,2025-08-30T21:00:00Z,0,"Sensor drift/flat low values at 13.1_33.2, Aug-Nov 2025"
13.1,13.1_33.2,41.489571,-81.71175,2025-08-30T21:30:00Z,0,"Sensor drift/flat low values at 13.1_33.2, Aug-Nov 2025"
13.1,13.1_33.2,41.489571,-81.71175,2025-08-30T22:00:00Z,0,"Sensor drift/flat low values at 13.1_33.2, Aug-Nov 2025"
13.1,13.1_33.2,41.489571,-81.71175,2025-08-30T22:30:00Z,0,"Sensor drift/flat low values at 13.1_33.2, Aug-Nov 2025"
13.1,13.1_33.2,41.489571,-81.71175,2025-08-30T23:00:00Z,0,"Sensor drift/flat low values at 13.1_33.2, Aug-Nov 2025"
13.1,13.1_33.2,41.489571,-81.71175,2025-08-30T23:30:00Z,0,"Sensor drift/flat low values at 13.1_33.2, Aug-Nov 2025"
13.1,13.1_33.2,41.489571,-81.71175,2025-08-31T00:00:00Z,0,"Sensor drift/flat low values at 13.1_33.2, Aug-Nov 2025"
13.1,13.1_33.2,41.489571,-81.71175,2025-08-31T00:30:00Z,0,"Sensor drift/flat low values at 13.1_33.2, Aug-Nov 2025"
13.1,13.1_33.2,41.489571,-81.71175,2025-08-31T01:00:00Z,0,"Sensor drift/flat low values at 13.1_33.2, Aug-Nov 2025"
13.1,13.1_33.2,41.489571,-81.71175,2025-08-31T01:30:00Z,0,"Sensor drift/flat low values at 13.1_33.2, Aug-Nov 2025"
13.1,13.1_33.2,41.489571,-81.71175,2025-08-31T02:00:00Z,0,"Sensor drift/flat low values at 13.1_33.2, Aug-Nov 2025"
13.1,13.1_33.2,41.489571,-81.71175,2025-08-31T02:30:00Z,0,"Sensor drift/flat low values at 13.1_33.2, Aug-Nov 2025"
13.1,13.1_33.2,41.489571,-81.71175,2025-08-31T03:00:00Z,0,"Sensor drift/flat low values at 13.1_33.2, Aug-Nov 2025"
13.1,13.1_33.2,41.489571,-81.71175,2025-08-31T03:30:00Z,0,"Sensor drift/flat low values at 13.1_33.2, Aug-Nov 2025"
13.1,13.1_33.2,41.489571,-81.71175,2025-08-31T04:00:00Z,0,"Sensor drift/flat low values at 13.1_33.2, Aug-Nov 2025"
13.1,13.1_33.2,41.489571,-81.71175,2025-08-31T06:30:00Z,0,"Sensor drift/flat low values at 13.1_33.2, Aug-Nov 2025"
13.1,13.1_33.2,41.489571,-81.71175,2025-08-31T07:30:00Z,0,"Sensor drift/flat low values at 13.1_33.2, Aug-Nov 2025"
13.1,13.1_33.2,41.489571,-81.71175,2025-08-31T08:00:00Z,0,"Sensor drift/flat low values at 13.1_33.2, Aug-Nov 2025"
13.1,13.1_33.2,41.489571,-81.71175,2025-08-31T10:00:00Z,0,"Sensor drift/flat low values at 13.1_33.2, Aug-Nov 2025"
13.1,13.1_33.2,41.489571,-81.71175,2025-08-31T10:30:00Z,0,"Sensor drift/flat low values at 13.1_33.2, Aug-Nov 2025"
13.1,13.1_33.2,41.489571,-81.71175,2025-08-31T11:00:00Z,0,"Sensor drift/flat low values at 13.1_33.2, Aug-Nov 2025"
13.1,13.1_33.2,41.489571,-81.71175,2025-08-31T11:30:00Z,0,"Sensor drift/flat low values at 13.1_33.2, Aug-Nov 2025"
13.1,13.1_33.2,41.489571,-81.71175,2025-08-31T12:00:00Z,0,"Sensor drift/flat low values at 13.1_33.2, Aug-Nov 2025"
13.1,13.1_33.2,41.489571,-81.71175,2025-08-31T12:30:00Z,0,"Sensor drift/flat low values at 13.1_33.2, Aug-Nov 2025"
13.1,13.1_33.2,41.489571,-81.71175,2025-08-31T13:00:00Z,0,"Sensor drift/flat low values at 13.1_33.2, Aug-Nov 2025"
13.1,13.1_33.2,41.489571,-81.71175,2025-08-31T13:30:00Z,0,"Sensor drift/flat low values at 13.1_33.2, Aug-Nov 2025"
13.1,13.1_33.2,41.489571,-81.71175,2025-08-31T14:00:00Z,0,"Sensor drift/flat low values at 13.1_33.2, Aug-Nov 2025"
13.1,13.1_33.2,41.489571,-81.71175,2025-08-31T14:30:00Z,0,"Sensor drift/flat low values at 13.1_33.2, Aug-Nov 2025"
13.1,13.1_33.2,41.489571,-81.71175,2025-08-31T15:00:00Z,0,"Sensor drift/flat low values at 13.1_33.2, Aug-Nov 2025"
13.1,13.1_33.2,41.489571,-81.71175,2025-08-31T16:30:00Z,0,"Sensor drift/flat low values at 13.1_33.2, Aug-Nov 2025"
13.1,13.1_33.2,41.489571,-81.71175,2025-08-31T20:00:00Z,0,"Sensor drift/flat low values at 13.1_33.2, Aug-Nov 2025"
13.1,13.1_33.2,41.489571,-81.71175,2025-08-31T22:00:00Z,0,"Sensor drift/flat low values at 13.1_33.2, Aug-Nov 2025"
13.1,13.1_33.2,41.489571,-81.71175,2025-09-01T02:30:00Z,0,"Sensor drift/flat low values at 13.1_33.2, Aug-Nov 2025"
13.1,13.1_33.2,41.489571,-81.71175,2025-09-01T03:30:00Z,0,"Sensor drift/flat low values at 13.1_33.2, Aug-Nov 2025"
13.1,13.1_33.2,41.489571,-81.71175,2025-09-01T09:00:00Z,0,"Sensor drift/flat low values at 13.1_33.2, Aug-Nov 2025"
13.1,13.1_33.2,41.489571,-81.71175,2025-09-01T11:30:00Z,0,"Sensor drift/flat low values at 13.1_33.2, Aug-Nov 2025"
13.1,13.1_33.2,41.489571,-81.71175,2025-09-01T14:30:00Z,0,"Sensor drift/flat low values at 13.1_33.2, Aug-Nov 2025"
13.1,13.1_33.2,41.489571,-81.71175,2025-09-01T18:30:00Z,0,"Sensor drift/flat low values at 13.1_33.2, Aug-Nov 2025"
13.1,13.1_33.2,41.489571,-81.71175,2025-09-01T20:30:00Z,0,"Sensor drift/flat low values at 13.1_33.2, Aug-Nov 2025"
13.1,13.1_33.2,41.489571,-81.71175,2025-09-01T21:30:00Z,0,"Sensor drift/flat low values at 13.1_33.2, Aug-Nov 2025"
13.1,13.1_33.2,41.489571,-81.71175,2025-09-01T23:30:00Z,0,"Sensor drift/flat low values at 13.1_33.2, Aug-Nov 2025"
13.1,13.1_33.2,41.489571,-81.71175,2025-09-02T01:30:00Z,0,"Sensor drift/flat low values at 13.1_33.2, Aug-Nov 2025"
13.1,13.1_33.2,41.489571,-81.71175,2025-09-02T02:00:00Z,0,"Sensor drift/flat low values at 13.1_33.2, Aug-Nov 2025"
13.1,13.1_33.2,41.489571,-81.71175,2025-09-02T02:30:00Z,0,"Sensor drift/flat low values at 13.1_33.2, Aug-Nov 2025"
13.1,13.1_33.2,41.489571,-81.71175,2025-09-02T03:00:00Z,0,"Sensor drift/flat low values at 13.1_33.2, Aug-Nov 2025"
13.1,13.1_33.2,41.489571,-81.71175,2025-09-02T03:30:00Z,0,"Sensor drift/flat low values at 13.1_33.2, Aug-Nov 2025"
13.1,13.1_33.2,41.489571,-81.71175,2025-09-02T04:00:00Z,0,"Sensor drift/flat low values at 13.1_33.2, Aug-Nov 2025"
13.1,13.1_33.2,41.489571,-81.71175,2025-09-02T04:30:00Z,0,"Sensor drift/flat low values at 13.1_33.2, Aug-Nov 2025"
13.1,13.1_33.2,41.489571,-81.71175,2025-09-02T05:00:00Z,0,"Sensor drift/flat low values at 13.1_33.2, Aug-Nov 2025"
13.1,13.1_33.2,41.489571,-81.71175,2025-09-02T05:30:00Z,0,"Sensor drift/flat low values at 13.1_33.2, Aug-Nov 2025"
13.1,13.1_33.2,41.489571,-81.71175,2025-09-02T11:30:00Z,0,"Sensor drift/flat low values at 13.1_33.2, Aug-Nov 2025"
13.1,13.1_33.2,41.489571,-81.71175,2025-09-02T12:00:00Z,0,"Sensor drift/flat low values at 13.1_33.2, Aug-Nov 2025"
13.1,13.1_33.2,41.489571,-81.71175,2025-09-02T12:30:00Z,0,"Sensor drift/flat low values at 13.1_33.2, Aug-Nov 2025"
13.1,13.1_33.2,41.489571,-81.71175,2025-09-02T13:00:00Z,0,"Sensor drift/flat low values at 13.1_33.2, Aug-Nov 2025"
13.1,13.1_33.2,41.489571,-81.71175,2025-09-02T13:30:00Z,0,"Sensor drift/flat low values at 13.1_33.2, Aug-Nov 2025"
13.1,13.1_33.2,41.489571,-81.71175,2025-09-02T14:00:00Z,0,"Sensor drift/flat low values at 13.1_33.2, Aug-Nov 2025"
13.1,13.1_33.2,41.489571,-81.71175,2025-09-02T14:30:00Z,0,"Sensor drift/flat low values at 13.1_33.2, Aug-Nov 2025"
13.1,13.1_33.2,41.489571,-81.71175,2025-09-02T15:00:00Z,0,"Sensor drift/flat low values at 13.1_33.2, Aug-Nov 2025"
13.1,13.1_33.2,41.489571,-81.71175,2025-09-02T17:30:00Z,0,"Sensor drift/flat low values at 13.1_33.2, Aug-Nov 2025"
13.1,13.1_33.2,41.489571,-81.71175,2025-09-02T19:00:00Z,0,"Sensor drift/flat low values at 13.1_33.2, Aug-Nov 2025"
13.1,13.1_33.2,41.489571,-81.71175,2025-09-02T21:00:00Z,0,"Sensor drift/flat low values at 13.1_33.2, Aug-Nov 2025"
13.1,13.1_33.2,41.489571,-81.71175,2025-09-02T21:30:00Z,0,"Sensor drift/flat low values at 13.1_33.2, Aug-Nov 2025"
13.1,13.1_33.2,41.489571,-81.71175,2025-09-03T00:00:00Z,0,"Sensor drift/flat low values at 13.1_33.2, Aug-Nov 2025"
13.1,13.1_33.2,41.489571,-81.71175,2025-09-03T01:00:00Z,0,"Sensor drift/flat low values at 13.1_33.2, Aug-Nov 2025"
13.1,13.1_33.2,41.489571,-81.71175,2025-09-03T01:30:00Z,0,"Sensor drift/flat low values at 13.1_33.2, Aug-Nov 2025"
13.1,13.1_33.2,41.489571,-81.71175,2025-09-03T02:00:00Z,0,"Sensor drift/flat low values at 13.1_33.2, Aug-Nov 2025"
13.1,13.1_33.2,41.489571,-81.71175,2025-09-03T02:30:00Z,0,"Sensor drift/flat low values at 13.1_33.2, Aug-Nov 2025"
13.1,13.1_33.2,41.489571,-81.71175,2025-09-03T03:00:00Z,0,"Sensor drift/flat low values at 13.1_33.2, Aug-Nov 2025"
13.1,13.1_33.2,41.489571,-81.71175,2025-09-03T03:30:00Z,0,"Sensor drift/flat low values at 13.1_33.2, Aug-Nov 2025"
13.1,13.1_33.2,41.489571,-81.71175,2025-09-03T04:00:00Z,0,"Sensor drift/flat low values at 13.1_33.2, Aug-Nov 2025"
13.1,13.1_33.2,41.489571,-81.71175,2025-09-03T04:30:00Z,0,"Sensor drift/flat low values at 13.1_33.2, Aug-Nov 2025"
13.1,13.1_33.2,41.489571,-81.71175,2025-09-03T05:00:00Z,0,"Sensor drift/flat low values at 13.1_33.2, Aug-Nov 2025"
13.1,13.1_33.2,41.489571,-81.71175,2025-09-03T05:30:00Z,0,"Sensor drift/flat low values at 13.1_33.2, Aug-Nov 2025"
13.1,13.1_33.2,41.489571,-81.71175,2025-09-03T06:00:00Z,0,"Sensor drift/flat low values at 13.1_33.2, Aug-Nov 2025"
13.1,13.1_33.2,41.489571,-81.71175,2025-09-03T06:30:00Z,0,"Sensor drift/flat low values at 13.1_33.2, Aug-Nov 2025"
13.1,13.1_33.2,41.489571,-81.71175,2025-09-03T07:00:00Z,0,"Sensor drift/flat low values at 13.1_33.2, Aug-Nov 2025"
13.1,13.1_33.2,41.489571,-81.71175,2025-09-03T07:30:00Z,0,"Sensor drift/flat low values at 13.1_33.2, Aug-Nov 2025"
13.1,13.1_33.2,41.489571,-81.71175,2025-09-03T08:00:00Z,0,"Sensor drift/flat low values at 13.1_33.2, Aug-Nov 2025"
13.1,13.1_33.2,41.489571,-81.71175,2025-09-03T08:30:00Z,0,"Sensor drift/flat low values at 13.1_33.2, Aug-Nov 2025"
13.1,13.1_33.2,41.489571,-81.71175,2025-09-03T09:00:00Z,0,"Sensor drift/flat low values at 13.1_33.2, Aug-Nov 2025"
13.1,13.1_33.2,41.489571,-81.71175,2025-09-03T09:30:00Z,0,"Sensor drift/flat low values at 13.1_33.2, Aug-Nov 2025"
13.1,13.1_33.2,41.489571,-81.71175,2025-09-03T10:00:00Z,0,"Sensor drift/flat low values at 13.1_33.2, Aug-Nov 2025"
13.1,13.1_33.2,41.489571,-81.71175,2025-09-03T10:30:00Z,0,"Sensor drift/flat low values at 13.1_33.2, Aug-Nov 2025"
13.1,13.1_33.2,41.489571,-81.71175,2025-09-03T11:30:00Z,0,"Sensor drift/flat low values at 13.1_33.2, Aug-Nov 2025"
13.1,13.1_33.2,41.489571,-81.71175,2025-09-03T15:00:00Z,0,"Sensor drift/flat low values at 13.1_33.2, Aug-Nov 2025"
13.1,13.1_33.2,41.489571,-81.71175,2025-09-03T15:30:00Z,0,"Sensor drift/flat low values at 13.1_33.2, Aug-Nov 2025"
13.1,13.1_33.2,41.489571,-81.71175,2025-09-03T16:00:00Z,0,"Sensor drift/flat low values at 13.1_33.2, Aug-Nov 2025"
13.1,13.1_33.2,41.489571,-81.71175,2025-09-03T16:30:00Z,0,"Sensor drift/flat low values at 13.1_33.2, Aug-Nov 2025"
13.1,13.1_33.2,41.489571,-81.71175,2025-09-03T17:00:00Z,0,"Sensor drift/flat low values at 13.1_33.2, Aug-Nov 2025"
13.1,13.1_33.2,41.489571,-81.71175,2025-09-03T17:30:00Z,0,"Sensor drift/flat low values at 13.1_33.2, Aug-Nov 2025"
13.1,13.1_33.2,41.489571,-81.71175,2025-09-03T18:00:00Z,0,"Sensor drift/flat low values at 13.1_33.2, Aug-Nov 2025"
13.1,13.1_33.2,41.489571,-81.71175,2025-09-03T18:30:00Z,0,"Sensor drift/flat low values at 13.1_33.2, Aug-Nov 2025"
13.1,13.1_33.2,41.489571,-81.71175,2025-09-03T19:00:00Z,0,"Sensor drift/flat low values at 13.1_33.2, Aug-Nov 2025"
13.1,13.1_33.2,41.489571,-81.71175,2025-09-03T19:30:00Z,0,"Sensor drift/flat low values at 13.1_33.2, Aug-Nov 2025"
13.1,13.1_33.2,41.489571,-81.71175,2025-09-03T20:00:00Z,0,"Sensor drift/flat low values at 13.1_33.2, Aug-Nov 2025"
13.1,13.1_33.2,41.489571,-81.71175,2025-09-03T20:30:00Z,0,"Sensor drift/flat low values at 13.1_33.2, Aug-Nov 2025"
13.1,13.1_33.2,41.489571,-81.71175,2025-09-03T21:00:00Z,0,"Sensor drift/flat low values at 13.1_33.2, Aug-Nov 2025"
13.1,13.1_33.2,41.489571,-81.71175,2025-09-03T22:00:00Z,0,"Sensor drift/flat low values at 13.1_33.2, Aug-Nov 2025"
13.1,13.1_33.2,41.489571,-81.71175,2025-09-03T23:00:00Z,0,"Sensor drift/flat low values at 13.1_33.2, Aug-Nov 2025"
13.1,13.1_33.2,41.489571,-81.71175,2025-09-04T04:00:00Z,0,"Sensor drift/flat low values at 13.1_33.2, Aug-Nov 2025"
13.1,13.1_33.2,41.489571,-81.71175,2025-09-04T05:00:00Z,0,"Sensor drift/flat low values at 13.1_33.2, Aug-Nov 2025"
13.1,13.1_33.2,41.489571,-81.71175,2025-09-04T08:00:00Z,0,"Sensor drift/flat low values at 13.1_33.2, Aug-Nov 2025"
13.1,13.1_33.2,41.489571,-81.71175,2025-09-04T08:30:00Z,0,"Sensor drift/flat low values at 13.1_33.2, Aug-Nov 2025"
13.1,13.1_33.2,41.489571,-81.71175,2025-09-04T10:30:00Z,0,"Sensor drift/flat low values at 13.1_33.2, Aug-Nov 2025"
13.1,13.1_33.2,41.489571,-81.71175,2025-09-04T12:00:00Z,0,"Sensor drift/flat low values at 13.1_33.2, Aug-Nov 2025"
13.1,13.1_33.2,41.489571,-81.71175,2025-09-04T13:00:00Z,0,"Sensor drift/flat low values at 13.1_33.2, Aug-Nov 2025"
13.1,13.1_33.2,41.489571,-81.71175,2025-09-04T16:00:00Z,0,"Sensor drift/flat low values at 13.1_33.2, Aug-Nov 2025"
13.1,13.1_33.2,41.489571,-81.71175,2025-09-04T16:30:00Z,0,"Sensor drift/flat low values at 13.1_33.2, Aug-Nov 2025"
13.1,13.1_33.2,41.489571,-81.71175,2025-09-04T17:30:00Z,0,"Sensor drift/flat low values at 13.1_33.2, Aug-Nov 2025"
13.1,13.1_33.2,41.489571,-81.71175,2025-09-04T18:00:00Z,0,"Sensor drift/flat low values at 13.1_33.2, Aug-Nov 2025"
13.1,13.1_33.2,41.489571,-81.71175,2025-09-04T18:30:00Z,0,"Sensor drift/flat low values at 13.1_33.2, Aug-Nov 2025"
13.1,13.1_33.2,41.489571,-81.71175,2025-09-04T19:00:00Z,0,"Sensor drift/flat low values at 13.1_33.2, Aug-Nov 2025"
13.1,13.1_33.2,41.489571,-81.71175,2025-09-04T19:30:00Z,0,"Sensor drift/flat low values at 13.1_33.2, Aug-Nov 2025"
13.1,13.1_33.2,41.489571,-81.71175,2025-09-04T20:00:00Z,0,"Sensor drift/flat low values at 13.1_33.2, Aug-Nov 2025"
13.1,13.1_33.2,41.489571,-81.71175,2025-09-04T20:30:00Z,0,"Sensor drift/flat low values at 13.1_33.2, Aug-Nov 2025"
13.1,13.1_33.2,41.489571,-81.71175,2025-09-04T21:00:00Z,0,"Sensor drift/flat low values at 13.1_33.2, Aug-Nov 2025"
13.1,13.1_33.2,41.489571,-81.71175,2025-09-04T21:30:00Z,0,"Sensor drift/flat low values at 13.1_33.2, Aug-Nov 2025"
13.1,13.1_33.2,41.489571,-81.71175,2025-09-04T22:00:00Z,0,"Sensor drift/flat low values at 13.1_33.2, Aug-Nov 2025"
13.1,13.1_33.2,41.489571,-81.71175,2025-09-04T22:30:00Z,0,"Sensor drift/flat low values at 13.1_33.2, Aug-Nov 2025"
13.1,13.1_33.2,41.489571,-81.71175,2025-09-04T23:00:00Z,0,"Sensor drift/flat low values at 13.1_33.2, Aug-Nov 2025"
13.1,13.1_33.2,41.489571,-81.71175,2025-09-04T23:30:00Z,0,"Sensor drift/flat low values at 13.1_33.2, Aug-Nov 2025"
13.1,13.1_33.2,41.489571,-81.71175,2025-09-05T00:00:00Z,0,"Sensor drift/flat low values at 13.1_33.2, Aug-Nov 2025"
13.1,13.1_33.2,41.489571,-81.71175,2025-09-05T00:30:00Z,0,"Sensor drift/flat low values at 13.1_33.2, Aug-Nov 2025"
13.1,13.1_33.2,41.489571,-81.71175,2025-09-05T01:00:00Z,0,"Sensor drift/flat low values at 13.1_33.2, Aug-Nov 2025"
13.1,13.1_33.2,41.489571,-81.71175,2025-09-05T01:30:00Z,0,"Sensor drift/flat low values at 13.1_33.2, Aug-Nov 2025"
13.1,13.1_33.2,41.489571,-81.71175,2025-09-05T02:00:00Z,0,"Sensor drift/flat low values at 13.1_33.2, Aug-Nov 2025"
13.1,13.1_33.2,41.489571,-81.71175,2025-09-05T07:00:00Z,0,"Sensor drift/flat low values at 13.1_33.2, Aug-Nov 2025"
13.1,13.1_33.2,41.489571,-81.71175,2025-09-05T15:00:00Z,0,"Sensor drift/flat low values at 13.1_33.2, Aug-Nov 2025"
13.1,13.1_33.2,41.489571,-81.71175,2025-09-05T18:00:00Z,0,"Sensor drift/flat low values at 13.1_33.2, Aug-Nov 2025"
13.1,13.1_33.2,41.489571,-81.71175,2025-09-05T18:30:00Z,0,"Sensor drift/flat low values at 13.1_33.2, Aug-Nov 2025"
13.1,13.1_33.2,41.489571,-81.71175,2025-09-05T20:00:00Z,0,"Sensor drift/flat low values at 13.1_33.2, Aug-Nov 2025"
13.1,13.1_33.2,41.489571,-81.71175,2025-09-05T20:30:00Z,0,"Sensor drift/flat low values at 13.1_33.2, Aug-Nov 2025"
13.1,13.1_33.2,41.489571,-81.71175,2025-09-05T21:30:00Z,0,"Sensor drift/flat low values at 13.1_33.2, Aug-Nov 2025"
13.1,13.1_33.2,41.489571,-81.71175,2025-09-06T00:30:00Z,0,"Sensor drift/flat low values at 13.1_33.2, Aug-Nov 2025"
13.1,13.1_33.2,41.489571,-81.71175,2025-09-06T01:00:00Z,0,"Sensor drift/flat low values at 13.1_33.2, Aug-Nov 2025"
13.1,13.1_33.2,41.489571,-81.71175,2025-09-06T01:30:00Z,0,"Sensor drift/flat low values at 13.1_33.2, Aug-Nov 2025"
13.1,13.1_33.2,41.489571,-81.71175,2025-09-06T02:00:00Z,0,"Sensor drift/flat low values at 13.1_33.2, Aug-Nov 2025"
13.1,13.1_33.2,41.489571,-81.71175,2025-09-06T02:30:00Z,0,"Sensor drift/flat low values at 13.1_33.2, Aug-Nov 2025"
13.1,13.1_33.2,41.489571,-81.71175,2025-09-06T03:00:00Z,0,"Sensor drift/flat low values at 13.1_33.2, Aug-Nov 2025"
13.1,13.1_33.2,41.489571,-81.71175,2025-09-06T03:30:00Z,0,"Sensor drift/flat low values at 13.1_33.2, Aug-Nov 2025"
13.1,13.1_33.2,41.489571,-81.71175,2025-09-06T04:00:00Z,0,"Sensor drift/flat low values at 13.1_33.2, Aug-Nov 2025"
13.1,13.1_33.2,41.489571,-81.71175,2025-09-06T04:30:00Z,0,"Sensor drift/flat low values at 13.1_33.2, Aug-Nov 2025"
13.1,13.1_33.2,41.489571,-81.71175,2025-09-06T05:00:00Z,0,"Sensor drift/flat low values at 13.1_33.2, Aug-Nov 2025"
13.1,13.1_33.2,41.489571,-81.71175,2025-09-06T05:30:00Z,0,"Sensor drift/flat low values at 13.1_33.2, Aug-Nov 2025"
13.1,13.1_33.2,41.489571,-81.71175,2025-09-06T06:00:00Z,0,"Sensor drift/flat low values at 13.1_33.2, Aug-Nov 2025"
13.1,13.1_33.2,41.489571,-81.71175,2025-09-06T06:30:00Z,0,"Sensor drift/flat low values at 13.1_33.2, Aug-Nov 2025"
13.1,13.1_33.2,41.489571,-81.71175,2025-09-06T07:00:00Z,0,"Sensor drift/flat low values at 13.1_33.2, Aug-Nov 2025"
13.1,13.1_33.2,41.489571,-81.71175,2025-09-06T07:30:00Z,0,"Sensor drift/flat low values at 13.1_33.2, Aug-Nov 2025"
13.1,13.1_33.2,41.489571,-81.71175,2025-09-06T08:00:00Z,0,"Sensor drift/flat low values at 13.1_33.2, Aug-Nov 2025"
13.1,13.1_33.2,41.489571,-81.71175,2025-09-06T08:30:00Z,0,"Sensor drift/flat low values at 13.1_33.2, Aug-Nov 2025"
13.1,13.1_33.2,41.489571,-81.71175,2025-09-06T09:00:00Z,0,"Sensor drift/flat low values at 13.1_33.2, Aug-Nov 2025"
13.1,13.1_33.2,41.489571,-81.71175,2025-09-06T09:30:00Z,0,"Sensor drift/flat low values at 13.1_33.2, Aug-Nov 2025"
13.1,13.1_33.2,41.489571,-81.71175,2025-09-06T10:00:00Z,0,"Sensor drift/flat low values at 13.1_33.2, Aug-Nov 2025"
13.1,13.1_33.2,41.489571,-81.71175,2025-09-06T10:30:00Z,0,"Sensor drift/flat low values at 13.1_33.2, Aug-Nov 2025"
13.1,13.1_33.2,41.489571,-81.71175,2025-09-06T11:00:00Z,0,"Sensor drift/flat low values at 13.1_33.2, Aug-Nov 2025"
13.1,13.1_33.2,41.489571,-81.71175,2025-09-06T11:30:00Z,0,"Sensor drift/flat low values at 13.1_33.2, Aug-Nov 2025"
13.1,13.1_33.2,41.489571,-81.71175,2025-09-06T12:00:00Z,0,"Sensor drift/flat low values at 13.1_33.2, Aug-Nov 2025"
13.1,13.1_33.2,41.489571,-81.71175,2025-09-06T12:30:00Z,0,"Sensor drift/flat low values at 13.1_33.2, Aug-Nov 2025"
13.1,13.1_33.2,41.489571,-81.71175,2025-09-06T13:00:00Z,0,"Sensor drift/flat low values at 13.1_33.2, Aug-Nov 2025"
13.1,13.1_33.2,41.489571,-81.71175,2025-09-06T13:30:00Z,0,"Sensor drift/flat low values at 13.1_33.2, Aug-Nov 2025"
13.1,13.1_33.2,41.489571,-81.71175,2025-09-06T14:00:00Z,0,"Sensor drift/flat low values at 13.1_33.2, Aug-Nov 2025"
13.1,13.1_33.2,41.489571,-81.71175,2025-09-06T14:30:00Z,0,"Sensor drift/flat low values at 13.1_33.2, Aug-Nov 2025"
13.1,13.1_33.2,41.489571,-81.71175,2025-09-06T15:00:00Z,0,"Sensor drift/flat low values at 13.1_33.2, Aug-Nov 2025"
13.1,13.1_33.2,41.489571,-81.71175,2025-09-06T15:30:00Z,0,"Sensor drift/flat low values at 13.1_33.2, Aug-Nov 2025"
13.1,13.1_33.2,41.489571,-81.71175,2025-09-06T16:00:00Z,0,"Sensor drift/flat low values at 13.1_33.2, Aug-Nov 2025"
13.1,13.1_33.2,41.489571,-81.71175,2025-09-06T16:30:00Z,0,"Sensor drift/flat low values at 13.1_33.2, Aug-Nov 2025"
13.1,13.1_33.2,41.489571,-81.71175,2025-09-06T17:00:00Z,0,"Sensor drift/flat low values at 13.1_33.2, Aug-Nov 2025"
13.1,13.1_33.2,41.489571,-81.71175,2025-09-06T17:30:00Z,0,"Sensor drift/flat low values at 13.1_33.2, Aug-Nov 2025"
13.1,13.1_33.2,41.489571,-81.71175,2025-09-06T18:00:00Z,0,"Sensor drift/flat low values at 13.1_33.2, Aug-Nov 2025"
13.1,13.1_33.2,41.489571,-81.71175,2025-09-06T18:30:00Z,0,"Sensor drift/flat low values at 13.1_33.2, Aug-Nov 2025"
13.1,13.1_33.2,41.489571,-81.71175,2025-09-06T19:00:00Z,0,"Sensor drift/flat low values at 13.1_33.2, Aug-Nov 2025"
13.1,13.1_33.2,41.489571,-81.71175,2025-09-06T19:30:00Z,0,"Sensor drift/flat low values at 13.1_33.2, Aug-Nov 2025"
13.1,13.1_33.2,41.489571,-81.71175,2025-09-06T20:00:00Z,0,"Sensor drift/flat low values at 13.1_33.2, Aug-Nov 2025"
13.1,13.1_33.2,41.489571,-81.71175,2025-09-06T20:30:00Z,0,"Sensor drift/flat low values at 13.1_33.2, Aug-Nov 2025"
13.1,13.1_33.2,41.489571,-81.71175,2025-09-06T21:00:00Z,0,"Sensor drift/flat low values at 13.1_33.2, Aug-Nov 2025"
13.1,13.1_33.2,41.489571,-81.71175,2025-09-06T21:30:00Z,0,"Sensor drift/flat low values at 13.1_33.2, Aug-Nov 2025"
13.1,13.1_33.2,41.489571,-81.71175,2025-09-06T22:00:00Z,0,"Sensor drift/flat low values at 13.1_33.2, Aug-Nov 2025"
13.1,13.1_33.2,41.489571,-81.71175,2025-09-06T22:30:00Z,0,"Sensor drift/flat low values at 13.1_33.2, Aug-Nov 2025"
13.1,13.1_33.2,41.489571,-81.71175,2025-09-06T23:00:00Z,0,"Sensor drift/flat low values at 13.1_33.2, Aug-Nov 2025"
13.1,13.1_33.2,41.489571,-81.71175,2025-09-06T23:30:00Z,0,"Sensor drift/flat low values at 13.1_33.2, Aug-Nov 2025"
13.1,13.1_33.2,41.489571,-81.71175,2025-09-07T00:00:00Z,0,"Sensor drift/flat low values at 13.1_33.2, Aug-Nov 2025"
13.1,13.1_33.2,41.489571,-81.71175,2025-09-07T00:30:00Z,0,"Sensor drift/flat low values at 13.1_33.2, Aug-Nov 2025"
13.1,13.1_33.2,41.489571,-81.71175,2025-09-07T01:00:00Z,0,"Sensor drift/flat low values at 13.1_33.2, Aug-Nov 2025"
13.1,13.1_33.2,41.489571,-81.71175,2025-09-07T01:30:00Z,0,"Sensor drift/flat low values at 13.1_33.2, Aug-Nov 2025"
13.1,13.1_33.2,41.489571,-81.71175,2025-09-07T02:00:00Z,0,"Sensor drift/flat low values at 13.1_33.2, Aug-Nov 2025"
13.1,13.1_33.2,41.489571,-81.71175,2025-09-07T02:30:00Z,0,"Sensor drift/flat low values at 13.1_33.2, Aug-Nov 2025"
13.1,13.1_33.2,41.489571,-81.71175,2025-09-07T03:00:00Z,0,"Sensor drift/flat low values at 13.1_33.2, Aug-Nov 2025"
13.1,13.1_33.2,41.489571,-81.71175,2025-09-07T03:30:00Z,0,"Sensor drift/flat low values at 13.1_33.2, Aug-Nov 2025"
13.1,13.1_33.2,41.489571,-81.71175,2025-09-07T04:00:00Z,0,"Sensor drift/flat low values at 13.1_33.2, Aug-Nov 2025"
13.1,13.1_33.2,41.489571,-81.71175,2025-09-07T04:30:00Z,0,"Sensor drift/flat low values at 13.1_33.2, Aug-Nov 2025"
13.1,13.1_33.2,41.489571,-81.71175,2025-09-07T05:00:00Z,0,"Sensor drift/flat low values at 13.1_33.2, Aug-Nov 2025"
13.1,13.1_33.2,41.489571,-81.71175,2025-09-07T05:30:00Z,0,"Sensor drift/flat low values at 13.1_33.2, Aug-Nov 2025"
13.1,13.1_33.2,41.489571,-81.71175,2025-09-07T06:00:00Z,0,"Sensor drift/flat low values at 13.1_33.2, Aug-Nov 2025"
13.1,13.1_33.2,41.489571,-81.71175,2025-09-07T06:30:00Z,0,"Sensor drift/flat low values at 13.1_33.2, Aug-Nov 2025"
13.1,13.1_33.2,41.489571,-81.71175,2025-09-07T07:00:00Z,0,"Sensor drift/flat low values at 13.1_33.2, Aug-Nov 2025"
13.1,13.1_33.2,41.489571,-81.71175,2025-09-07T07:30:00Z,0,"Sensor drift/flat low values at 13.1_33.2, Aug-Nov 2025"
13.1,13.1_33.2,41.489571,-81.71175,2025-09-07T08:00:00Z,0,"Sensor drift/flat low values at 13.1_33.2, Aug-Nov 2025"
13.1,13.1_33.2,41.489571,-81.71175,2025-09-07T08:30:00Z,0,"Sensor drift/flat low values at 13.1_33.2, Aug-Nov 2025"
13.1,13.1_33.2,41.489571,-81.71175,2025-09-07T09:00:00Z,0,"Sensor drift/flat low values at 13.1_33.2, Aug-Nov 2025"
13.1,13.1_33.2,41.489571,-81.71175,2025-09-07T09:30:00Z,0,"Sensor drift/flat low values at 13.1_33.2, Aug-Nov 2025"
13.1,13.1_33.2,41.489571,-81.71175,2025-09-07T10:00:00Z,0,"Sensor drift/flat low values at 13.1_33.2, Aug-Nov 2025"
13.1,13.1_33.2,41.489571,-81.71175,2025-09-07T10:30:00Z,0,"Sensor drift/flat low values at 13.1_33.2, Aug-Nov 2025"
13.1,13.1_33.2,41.489571,-81.71175,2025-09-07T11:00:00Z,0,"Sensor drift/flat low values at 13.1_33.2, Aug-Nov 2025"
13.1,13.1_33.2,41.489571,-81.71175,2025-09-07T11:30:00Z,0,"Sensor drift/flat low values at 13.1_33.2, Aug-Nov 2025"
13.1,13.1_33.2,41.489571,-81.71175,2025-09-07T12:00:00Z,0,"Sensor drift/flat low values at 13.1_33.2, Aug-Nov 2025"
13.1,13.1_33.2,41.489571,-81.71175,2025-09-07T12:30:00Z,0,"Sensor drift/flat low values at 13.1_33.2, Aug-Nov 2025"
13.1,13.1_33.2,41.489571,-81.71175,2025-09-07T13:00:00Z,0,"Sensor drift/flat low values at 13.1_33.2, Aug-Nov 2025"
13.1,13.1_33.2,41.489571,-81.71175,2025-09-07T13:30:00Z,0,"Sensor drift/flat low values at 13.1_33.2, Aug-Nov 2025"
13.1,13.1_33.2,41.489571,-81.71175,2025-09-07T14:00:00Z,0,"Sensor drift/flat low values at 13.1_33.2, Aug-Nov 2025"
13.1,13.1_33.2,41.489571,-81.71175,2025-09-07T14:30:00Z,0,"Sensor drift/flat low values at 13.1_33.2, Aug-Nov 2025"
13.1,13.1_33.2,41.489571,-81.71175,2025-09-07T15:00:00Z,0,"Sensor drift/flat low values at 13.1_33.2, Aug-Nov 2025"
13.1,13.1_33.2,41.489571,-81.71175,2025-09-07T15:30:00Z,0,"Sensor drift/flat low values at 13.1_33.2, Aug-Nov 2025"
13.1,13.1_33.2,41.489571,-81.71175,2025-09-07T16:00:00Z,0,"Sensor drift/flat low values at 13.1_33.2, Aug-Nov 2025"
13.1,13.1_33.2,41.489571,-81.71175,2025-09-07T17:00:00Z,0,"Sensor drift/flat low values at 13.1_33.2, Aug-Nov 2025"
13.1,13.1_33.2,41.489571,-81.71175,2025-09-07T17:30:00Z,0,"Sensor drift/flat low values at 13.1_33.2, Aug-Nov 2025"
13.1,13.1_33.2,41.489571,-81.71175,2025-09-07T18:00:00Z,0,"Sensor drift/flat low values at 13.1_33.2, Aug-Nov 2025"
13.1,13.1_33.2,41.489571,-81.71175,2025-09-07T18:30:00Z,0,"Sensor drift/flat low values at 13.1_33.2, Aug-Nov 2025"
13.1,13.1_33.2,41.489571,-81.71175,2025-09-07T19:00:00Z,0,"Sensor drift/flat low values at 13.1_33.2, Aug-Nov 2025"
13.1,13.1_33.2,41.489571,-81.71175,2025-09-07T19:30:00Z,0,"Sensor drift/flat low values at 13.1_33.2, Aug-Nov 2025"
13.1,13.1_33.2,41.489571,-81.71175,2025-09-07T21:00:00Z,0,"Sensor drift/flat low values at 13.1_33.2, Aug-Nov 2025"
13.1,13.1_33.2,41.489571,-81.71175,2025-09-07T21:30:00Z,0,"Sensor drift/flat low values at 13.1_33.2, Aug-Nov 2025"
13.1,13.1_33.2,41.489571,-81.71175,2025-09-08T00:00:00Z,0,"Sensor drift/flat low values at 13.1_33.2, Aug-Nov 2025"
13.1,13.1_33.2,41.489571,-81.71175,2025-09-08T01:30:00Z,0,"Sensor drift/flat low values at 13.1_33.2, Aug-Nov 2025"
13.1,13.1_33.2,41.489571,-81.71175,2025-09-08T03:30:00Z,0,"Sensor drift/flat low values at 13.1_33.2, Aug-Nov 2025"
13.1,13.1_33.2,41.489571,-81.71175,2025-09-08T04:00:00Z,0,"Sensor drift/flat low values at 13.1_33.2, Aug-Nov 2025"
13.1,13.1_33.2,41.489571,-81.71175,2025-09-08T04:30:00Z,0,"Sensor drift/flat low values at 13.1_33.2, Aug-Nov 2025"
13.1,13.1_33.2,41.489571,-81.71175,2025-09-08T05:00:00Z,0,"Sensor drift/flat low values at 13.1_33.2, Aug-Nov 2025"
13.1,13.1_33.2,41.489571,-81.71175,2025-09-08T05:30:00Z,0,"Sensor drift/flat low values at 13.1_33.2, Aug-Nov 2025"
13.1,13.1_33.2,41.489571,-81.71175,2025-09-08T06:00:00Z,0,"Sensor drift/flat low values at 13.1_33.2, Aug-Nov 2025"
13.1,13.1_33.2,41.489571,-81.71175,2025-09-08T06:30:00Z,0,"Sensor drift/flat low values at 13.1_33.2, Aug-Nov 2025"
13.1,13.1_33.2,41.489571,-81.71175,2025-09-08T07:00:00Z,0,"Sensor drift/flat low values at 13.1_33.2, Aug-Nov 2025"
13.1,13.1_33.2,41.489571,-81.71175,2025-09-08T07:30:00Z,0,"Sensor drift/flat low values at 13.1_33.2, Aug-Nov 2025"
13.1,13.1_33.2,41.489571,-81.71175,2025-09-08T08:00:00Z,0,"Sensor drift/flat low values at 13.1_33.2, Aug-Nov 2025"
13.1,13.1_33.2,41.489571,-81.71175,2025-09-08T08:30:00Z,0,"Sensor drift/flat low values at 13.1_33.2, Aug-Nov 2025"
13.1,13.1_33.2,41.489571,-81.71175,2025-09-08T09:00:00Z,0,"Sensor drift/flat low values at 13.1_33.2, Aug-Nov 2025"
13.1,13.1_33.2,41.489571,-81.71175,2025-09-08T09:30:00Z,0,"Sensor drift/flat low values at 13.1_33.2, Aug-Nov 2025"
13.1,13.1_33.2,41.489571,-81.71175,2025-09-08T10:00:00Z,0,"Sensor drift/flat low values at 13.1_33.2, Aug-Nov 2025"
13.1,13.1_33.2,41.489571,-81.71175,2025-09-08T10:30:00Z,0,"Sensor drift/flat low values at 13.1_33.2, Aug-Nov 2025"
13.1,13.1_33.2,41.489571,-81.71175,2025-09-08T11:00:00Z,0,"Sensor drift/flat low values at 13.1_33.2, Aug-Nov 2025"
13.1,13.1_33.2,41.489571,-81.71175,2025-09-08T11:30:00Z,0,"Sensor drift/flat low values at 13.1_33.2, Aug-Nov 2025"
13.1,13.1_33.2,41.489571,-81.71175,2025-09-08T12:00:00Z,0,"Sensor drift/flat low values at 13.1_33.2, Aug-Nov 2025"
13.1,13.1_33.2,41.489571,-81.71175,2025-09-08T12:30:00Z,0,"Sensor drift/flat low values at 13.1_33.2, Aug-Nov 2025"
13.1,13.1_33.2,41.489571,-81.71175,2025-09-08T13:00:00Z,0,"Sensor drift/flat low values at 13.1_33.2, Aug-Nov 2025"
13.1,13.1_33.2,41.489571,-81.71175,2025-09-08T13:30:00Z,0,"Sensor drift/flat low values at 13.1_33.2, Aug-Nov 2025"
13.1,13.1_33.2,41.489571,-81.71175,2025-09-08T14:00:00Z,0,"Sensor drift/flat low values at 13.1_33.2, Aug-Nov 2025"
13.1,13.1_33.2,41.489571,-81.71175,2025-09-08T14:30:00Z,0,"Sensor drift/flat low values at 13.1_33.2, Aug-Nov 2025"
13.1,13.1_33.2,41.489571,-81.71175,2025-09-08T15:00:00Z,0,"Sensor drift/flat low values at 13.1_33.2, Aug-Nov 2025"
13.1,13.1_33.2,41.489571,-81.71175,2025-09-08T15:30:00Z,0,"Sensor drift/flat low values at 13.1_33.2, Aug-Nov 2025"
13.1,13.1_33.2,41.489571,-81.71175,2025-09-08T16:00:00Z,0,"Sensor drift/flat low values at 13.1_33.2, Aug-Nov 2025"
13.1,13.1_33.2,41.489571,-81.71175,2025-09-08T16:30:00Z,0,"Sensor drift/flat low values at 13.1_33.2, Aug-Nov 2025"
13.1,13.1_33.2,41.489571,-81.71175,2025-09-08T17:00:00Z,0,"Sensor drift/flat low values at 13.1_33.2, Aug-Nov 2025"
13.1,13.1_33.2,41.489571,-81.71175,2025-09-08T17:30:00Z,0,"Sensor drift/flat low values at 13.1_33.2, Aug-Nov 2025"
13.1,13.1_33.2,41.489571,-81.71175,2025-09-08T18:00:00Z,0,"Sensor drift/flat low values at 13.1_33.2, Aug-Nov 2025"
13.1,13.1_33.2,41.489571,-81.71175,2025-09-08T18:30:00Z,0,"Sensor drift/flat low values at 13.1_33.2, Aug-Nov 2025"
13.1,13.1_33.2,41.489571,-81.71175,2025-09-08T19:00:00Z,0,"Sensor drift/flat low values at 13.1_33.2, Aug-Nov 2025"
13.1,13.1_33.2,41.489571,-81.71175,2025-09-08T19:30:00Z,0,"Sensor drift/flat low values at 13.1_33.2, Aug-Nov 2025"
13.1,13.1_33.2,41.489571,-81.71175,2025-09-08T20:00:00Z,0,"Sensor drift/flat low values at 13.1_33.2, Aug-Nov 2025"
13.1,13.1_33.2,41.489571,-81.71175,2025-09-08T20:30:00Z,0,"Sensor drift/flat low values at 13.1_33.2, Aug-Nov 2025"
13.1,13.1_33.2,41.489571,-81.71175,2025-09-08T21:00:00Z,0,"Sensor drift/flat low values at 13.1_33.2, Aug-Nov 2025"
13.1,13.1_33.2,41.489571,-81.71175,2025-09-08T21:30:00Z,0,"Sensor drift/flat low values at 13.1_33.2, Aug-Nov 2025"
13.1,13.1_33.2,41.489571,-81.71175,2025-09-08T22:00:00Z,0,"Sensor drift/flat low values at 13.1_33.2, Aug-Nov 2025"
13.1,13.1_33.2,41.489571,-81.71175,2025-09-08T22:30:00Z,0,"Sensor drift/flat low values at 13.1_33.2, Aug-Nov 2025"
13.1,13.1_33.2,41.489571,-81.71175,2025-09-08T23:00:00Z,0,"Sensor drift/flat low values at 13.1_33.2, Aug-Nov 2025"
13.1,13.1_33.2,41.489571,-81.71175,2025-09-08T23:30:00Z,0,"Sensor drift/flat low values at 13.1_33.2, Aug-Nov 2025"
13.1,13.1_33.2,41.489571,-81.71175,2025-09-09T00:00:00Z,0,"Sensor drift/flat low values at 13.1_33.2, Aug-Nov 2025"
13.1,13.1_33.2,41.489571,-81.71175,2025-09-09T00:30:00Z,0,"Sensor drift/flat low values at 13.1_33.2, Aug-Nov 2025"
13.1,13.1_33.2,41.489571,-81.71175,2025-09-09T01:00:00Z,0,"Sensor drift/flat low values at 13.1_33.2, Aug-Nov 2025"
13.1,13.1_33.2,41.489571,-81.71175,2025-09-09T01:30:00Z,0,"Sensor drift/flat low values at 13.1_33.2, Aug-Nov 2025"
13.1,13.1_33.2,41.489571,-81.71175,2025-09-09T02:00:00Z,0,"Sensor drift/flat low values at 13.1_33.2, Aug-Nov 2025"
13.1,13.1_33.2,41.489571,-81.71175,2025-09-09T02:30:00Z,0,"Sensor drift/flat low values at 13.1_33.2, Aug-Nov 2025"
13.1,13.1_33.2,41.489571,-81.71175,2025-09-09T03:00:00Z,0,"Sensor drift/flat low values at 13.1_33.2, Aug-Nov 2025"
13.1,13.1_33.2,41.489571,-81.71175,2025-09-09T03:30:00Z,0,"Sensor drift/flat low values at 13.1_33.2, Aug-Nov 2025"
13.1,13.1_33.2,41.489571,-81.71175,2025-09-09T04:00:00Z,0,"Sensor drift/flat low values at 13.1_33.2, Aug-Nov 2025"
13.1,13.1_33.2,41.489571,-81.71175,2025-09-09T04:30:00Z,0,"Sensor drift/flat low values at 13.1_33.2, Aug-Nov 2025"
13.1,13.1_33.2,41.489571,-81.71175,2025-09-09T05:00:00Z,0,"Sensor drift/flat low values at 13.1_33.2, Aug-Nov 2025"
13.1,13.1_33.2,41.489571,-81.71175,2025-09-09T05:30:00Z,0,"Sensor drift/flat low values at 13.1_33.2, Aug-Nov 2025"
13.1,13.1_33.2,41.489571,-81.71175,2025-09-09T06:00:00Z,0,"Sensor drift/flat low values at 13.1_33.2, Aug-Nov 2025"
13.1,13.1_33.2,41.489571,-81.71175,2025-09-09T08:00:00Z,0,"Sensor drift/flat low values at 13.1_33.2, Aug-Nov 2025"
13.1,13.1_33.2,41.489571,-81.71175,2025-09-09T08:30:00Z,0,"Sensor drift/flat low values at 13.1_33.2, Aug-Nov 2025"
13.1,13.1_33.2,41.489571,-81.71175,2025-09-09T09:00:00Z,0,"Sensor drift/flat low values at 13.1_33.2, Aug-Nov 2025"
13.1,13.1_33.2,41.489571,-81.71175,2025-09-09T09:30:00Z,0,"Sensor drift/flat low values at 13.1_33.2, Aug-Nov 2025"
13.1,13.1_33.2,41.489571,-81.71175,2025-09-09T10:00:00Z,0,"Sensor drift/flat low values at 13.1_33.2, Aug-Nov 2025"
13.1,13.1_33.2,41.489571,-81.71175,2025-09-09T10:30:00Z,0,"Sensor drift/flat low values at 13.1_33.2, Aug-Nov 2025"
13.1,13.1_33.2,41.489571,-81.71175,2025-09-09T11:00:00Z,0,"Sensor drift/flat low values at 13.1_33.2, Aug-Nov 2025"
13.1,13.1_33.2,41.489571,-81.71175,2025-09-09T11:30:00Z,0,"Sensor drift/flat low values at 13.1_33.2, Aug-Nov 2025"
13.1,13.1_33.2,41.489571,-81.71175,2025-09-09T12:00:00Z,0,"Sensor drift/flat low values at 13.1_33.2, Aug-Nov 2025"
13.1,13.1_33.2,41.489571,-81.71175,2025-09-09T12:30:00Z,0,"Sensor drift/flat low values at 13.1_33.2, Aug-Nov 2025"
13.1,13.1_33.2,41.489571,-81.71175,2025-09-09T13:00:00Z,0,"Sensor drift/flat low values at 13.1_33.2, Aug-Nov 2025"
13.1,13.1_33.2,41.489571,-81.71175,2025-09-09T13:30:00Z,0,"Sensor drift/flat low values at 13.1_33.2, Aug-Nov 2025"
13.1,13.1_33.2,41.489571,-81.71175,2025-09-09T14:00:00Z,0,"Sensor drift/flat low values at 13.1_33.2, Aug-Nov 2025"
13.1,13.1_33.2,41.489571,-81.71175,2025-09-09T14:30:00Z,0,"Sensor drift/flat low values at 13.1_33.2, Aug-Nov 2025"
13.1,13.1_33.2,41.489571,-81.71175,2025-09-09T15:00:00Z,0,"Sensor drift/flat low values at 13.1_33.2, Aug-Nov 2025"
13.1,13.1_33.2,41.489571,-81.71175,2025-09-09T16:30:00Z,0,"Sensor drift/flat low values at 13.1_33.2, Aug-Nov 2025"
13.1,13.1_33.2,41.489571,-81.71175,2025-09-09T18:30:00Z,0,"Sensor drift/flat low values at 13.1_33.2, Aug-Nov 2025"
13.1,13.1_33.2,41.489571,-81.71175,2025-09-09T22:00:00Z,0,"Sensor drift/flat low values at 13.1_33.2, Aug-Nov 2025"
13.1,13.1_33.2,41.489571,-81.71175,2025-09-09T22:30:00Z,0,"Sensor drift/flat low values at 13.1_33.2, Aug-Nov 2025"
13.1,13.1_33.2,41.489571,-81.71175,2025-09-09T23:00:00Z,0,"Sensor drift/flat low values at 13.1_33.2, Aug-Nov 2025"
13.1,13.1_33.2,41.489571,-81.71175,2025-09-09T23:30:00Z,0,"Sensor drift/flat low values at 13.1_33.2, Aug-Nov 2025"
13.1,13.1_33.2,41.489571,-81.71175,2025-09-10T00:00:00Z,0,"Sensor drift/flat low values at 13.1_33.2, Aug-Nov 2025"
13.1,13.1_33.2,41.489571,-81.71175,2025-09-10T01:30:00Z,0,"Sensor drift/flat low values at 13.1_33.2, Aug-Nov 2025"
13.1,13.1_33.2,41.489571,-81.71175,2025-09-10T02:00:00Z,0,"Sensor drift/flat low values at 13.1_33.2, Aug-Nov 2025"
13.1,13.1_33.2,41.489571,-81.71175,2025-09-10T02:30:00Z,0,"Sensor drift/flat low values at 13.1_33.2, Aug-Nov 2025"
13.1,13.1_33.2,41.489571,-81.71175,2025-09-10T03:00:00Z,0,"Sensor drift/flat low values at 13.1_33.2, Aug-Nov 2025"
13.1,13.1_33.2,41.489571,-81.71175,2025-09-10T03:30:00Z,0,"Sensor drift/flat low values at 13.1_33.2, Aug-Nov 2025"
13.1,13.1_33.2,41.489571,-81.71175,2025-09-10T04:00:00Z,0,"Sensor drift/flat low values at 13.1_33.2, Aug-Nov 2025"
13.1,13.1_33.2,41.489571,-81.71175,2025-09-10T04:30:00Z,0,"Sensor drift/flat low values at 13.1_33.2, Aug-Nov 2025"
13.1,13.1_33.2,41.489571,-81.71175,2025-09-10T05:00:00Z,0,"Sensor drift/flat low values at 13.1_33.2, Aug-Nov 2025"
13.1,13.1_33.2,41.489571,-81.71175,2025-09-10T05:30:00Z,0,"Sensor drift/flat low values at 13.1_33.2, Aug-Nov 2025"
13.1,13.1_33.2,41.489571,-81.71175,2025-09-10T06:00:00Z,0,"Sensor drift/flat low values at 13.1_33.2, Aug-Nov 2025"
13.1,13.1_33.2,41.489571,-81.71175,2025-09-10T06:30:00Z,0,"Sensor drift/flat low values at 13.1_33.2, Aug-Nov 2025"
13.1,13.1_33.2,41.489571,-81.71175,2025-09-10T07:00:00Z,0,"Sensor drift/flat low values at 13.1_33.2, Aug-Nov 2025"
13.1,13.1_33.2,41.489571,-81.71175,2025-09-10T07:30:00Z,0,"Sensor drift/flat low values at 13.1_33.2, Aug-Nov 2025"
13.1,13.1_33.2,41.489571,-81.71175,2025-09-10T08:00:00Z,0,"Sensor drift/flat low values at 13.1_33.2, Aug-Nov 2025"
13.1,13.1_33.2,41.489571,-81.71175,2025-09-10T08:30:00Z,0,"Sensor drift/flat low values at 13.1_33.2, Aug-Nov 2025"
13.1,13.1_33.2,41.489571,-81.71175,2025-09-10T13:30:00Z,0,"Sensor drift/flat low values at 13.1_33.2, Aug-Nov 2025"
13.1,13.1_33.2,41.489571,-81.71175,2025-09-10T15:00:00Z,0,"Sensor drift/flat low values at 13.1_33.2, Aug-Nov 2025"
13.1,13.1_33.2,41.489571,-81.71175,2025-09-10T15:30:00Z,0,"Sensor drift/flat low values at 13.1_33.2, Aug-Nov 2025"
13.1,13.1_33.2,41.489571,-81.71175,2025-09-10T18:00:00Z,0,"Sensor drift/flat low values at 13.1_33.2, Aug-Nov 2025"
13.1,13.1_33.2,41.489571,-81.71175,2025-09-10T20:00:00Z,0,"Sensor drift/flat low values at 13.1_33.2, Aug-Nov 2025"
13.1,13.1_33.2,41.489571,-81.71175,2025-09-10T20:30:00Z,0,"Sensor drift/flat low values at 13.1_33.2, Aug-Nov 2025"
13.1,13.1_33.2,41.489571,-81.71175,2025-09-10T21:00:00Z,0,"Sensor drift/flat low values at 13.1_33.2, Aug-Nov 2025"
13.1,13.1_33.2,41.489571,-81.71175,2025-09-10T21:30:00Z,0,"Sensor drift/flat low values at 13.1_33.2, Aug-Nov 2025"
13.1,13.1_33.2,41.489571,-81.71175,2025-09-11T00:00:00Z,0,"Sensor drift/flat low values at 13.1_33.2, Aug-Nov 2025"
13.1,13.1_33.2,41.489571,-81.71175,2025-09-11T00:30:00Z,0,"Sensor drift/flat low values at 13.1_33.2, Aug-Nov 2025"
13.1,13.1_33.2,41.489571,-81.71175,2025-09-11T01:30:00Z,0,"Sensor drift/flat low values at 13.1_33.2, Aug-Nov 2025"
13.1,13.1_33.2,41.489571,-81.71175,2025-09-11T03:30:00Z,0,"Sensor drift/flat low values at 13.1_33.2, Aug-Nov 2025"
13.1,13.1_33.2,41.489571,-81.71175,2025-09-11T07:00:00Z,0,"Sensor drift/flat low values at 13.1_33.2, Aug-Nov 2025"
13.1,13.1_33.2,41.489571,-81.71175,2025-09-11T10:00:00Z,0,"Sensor drift/flat low values at 13.1_33.2, Aug-Nov 2025"
13.1,13.1_33.2,41.489571,-81.71175,2025-09-11T10:30:00Z,0,"Sensor drift/flat low values at 13.1_33.2, Aug-Nov 2025"
13.1,13.1_33.2,41.489571,-81.71175,2025-09-11T12:00:00Z,0,"Sensor drift/flat low values at 13.1_33.2, Aug-Nov 2025"
13.1,13.1_33.2,41.489571,-81.71175,2025-09-11T13:00:00Z,0,"Sensor drift/flat low values at 13.1_33.2, Aug-Nov 2025"
13.1,13.1_33.2,41.489571,-81.71175,2025-09-11T14:00:00Z,0,"Sensor drift/flat low values at 13.1_33.2, Aug-Nov 2025"
13.1,13.1_33.2,41.489571,-81.71175,2025-09-11T14:30:00Z,0,"Sensor drift/flat low values at 13.1_33.2, Aug-Nov 2025"
13.1,13.1_33.2,41.489571,-81.71175,2025-09-11T17:00:00Z,0,"Sensor drift/flat low values at 13.1_33.2, Aug-Nov 2025"
13.1,13.1_33.2,41.489571,-81.71175,2025-09-11T20:00:00Z,0,"Sensor drift/flat low values at 13.1_33.2, Aug-Nov 2025"
13.1,13.1_33.2,41.489571,-81.71175,2025-09-11T23:00:00Z,0,"Sensor drift/flat low values at 13.1_33.2, Aug-Nov 2025"
13.1,13.1_33.2,41.489571,-81.71175,2025-09-12T00:00:00Z,0,"Sensor drift/flat low values at 13.1_33.2, Aug-Nov 2025"
13.1,13.1_33.2,41.489571,-81.71175,2025-09-12T02:00:00Z,0,"Sensor drift/flat low values at 13.1_33.2, Aug-Nov 2025"
13.1,13.1_33.2,41.489571,-81.71175,2025-09-12T02:30:00Z,0,"Sensor drift/flat low values at 13.1_33.2, Aug-Nov 2025"
13.1,13.1_33.2,41.489571,-81.71175,2025-09-12T05:00:00Z,0,"Sensor drift/flat low values at 13.1_33.2, Aug-Nov 2025"
13.1,13.1_33.2,41.489571,-81.71175,2025-09-12T06:00:00Z,0,"Sensor drift/flat low values at 13.1_33.2, Aug-Nov 2025"
13.1,13.1_33.2,41.489571,-81.71175,2025-09-12T07:00:00Z,0,"Sensor drift/flat low values at 13.1_33.2, Aug-Nov 2025"
13.1,13.1_33.2,41.489571,-81.71175,2025-09-12T09:00:00Z,0,"Sensor drift/flat low values at 13.1_33.2, Aug-Nov 2025"
13.1,13.1_33.2,41.489571,-81.71175,2025-09-12T13:00:00Z,0,"Sensor drift/flat low values at 13.1_33.2, Aug-Nov 2025"
13.1,13.1_33.2,41.489571,-81.71175,2025-09-12T15:00:00Z,0,"Sensor drift/flat low values at 13.1_33.2, Aug-Nov 2025"
13.1,13.1_33.2,41.489571,-81.71175,2025-09-12T15:30:00Z,0,"Sensor drift/flat low values at 13.1_33.2, Aug-Nov 2025"
13.1,13.1_33.2,41.489571,-81.71175,2025-09-12T19:00:00Z,0,"Sensor drift/flat low values at 13.1_33.2, Aug-Nov 2025"
13.1,13.1_33.2,41.489571,-81.71175,2025-09-12T19:30:00Z,0,"Sensor drift/flat low values at 13.1_33.2, Aug-Nov 2025"
13.1,13.1_33.2,41.489571,-81.71175,2025-09-12T20:00:00Z,0,"Sensor drift/flat low values at 13.1_33.2, Aug-Nov 2025"
13.1,13.1_33.2,41.489571,-81.71175,2025-09-12T20:30:00Z,0,"Sensor drift/flat low values at 13.1_33.2, Aug-Nov 2025"
13.1,13.1_33.2,41.489571,-81.71175,2025-09-12T21:00:00Z,0,"Sensor drift/flat low values at 13.1_33.2, Aug-Nov 2025"
13.1,13.1_33.2,41.489571,-81.71175,2025-09-12T21:30:00Z,0,"Sensor drift/flat low values at 13.1_33.2, Aug-Nov 2025"
13.1,13.1_33.2,41.489571,-81.71175,2025-09-12T22:00:00Z,0,"Sensor drift/flat low values at 13.1_33.2, Aug-Nov 2025"
13.1,13.1_33.2,41.489571,-81.71175,2025-09-12T22:30:00Z,0,"Sensor drift/flat low values at 13.1_33.2, Aug-Nov 2025"
13.1,13.1_33.2,41.489571,-81.71175,2025-09-12T23:00:00Z,0,"Sensor drift/flat low values at 13.1_33.2, Aug-Nov 2025"
13.1,13.1_33.2,41.489571,-81.71175,2025-09-12T23:30:00Z,0,"Sensor drift/flat low values at 13.1_33.2, Aug-Nov 2025"
13.1,13.1_33.2,41.489571,-81.71175,2025-09-13T00:00:00Z,0,"Sensor drift/flat low values at 13.1_33.2, Aug-Nov 2025"
13.1,13.1_33.2,41.489571,-81.71175,2025-09-13T00:30:00Z,0,"Sensor drift/flat low values at 13.1_33.2, Aug-Nov 2025"
13.1,13.1_33.2,41.489571,-81.71175,2025-09-13T01:00:00Z,0,"Sensor drift/flat low values at 13.1_33.2, Aug-Nov 2025"
13.1,13.1_33.2,41.489571,-81.71175,2025-09-13T01:30:00Z,0,"Sensor drift/flat low values at 13.1_33.2, Aug-Nov 2025"
13.1,13.1_33.2,41.489571,-81.71175,2025-09-13T02:00:00Z,0,"Sensor drift/flat low values at 13.1_33.2, Aug-Nov 2025"
13.1,13.1_33.2,41.489571,-81.71175,2025-09-13T02:30:00Z,0,"Sensor drift/flat low values at 13.1_33.2, Aug-Nov 2025"
13.1,13.1_33.2,41.489571,-81.71175,2025-09-13T03:00:00Z,0,"Sensor drift/flat low values at 13.1_33.2, Aug-Nov 2025"
13.1,13.1_33.2,41.489571,-81.71175,2025-09-13T03:30:00Z,0,"Sensor drift/flat low values at 13.1_33.2, Aug-Nov 2025"
13.1,13.1_33.2,41.489571,-81.71175,2025-09-13T04:00:00Z,0,"Sensor drift/flat low values at 13.1_33.2, Aug-Nov 2025"
13.1,13.1_33.2,41.489571,-81.71175,2025-09-13T04:30:00Z,0,"Sensor drift/flat low values at 13.1_33.2, Aug-Nov 2025"
13.1,13.1_33.2,41.489571,-81.71175,2025-09-13T05:00:00Z,0,"Sensor drift/flat low values at 13.1_33.2, Aug-Nov 2025"
13.1,13.1_33.2,41.489571,-81.71175,2025-09-13T05:30:00Z,0,"Sensor drift/flat low values at 13.1_33.2, Aug-Nov 2025"
13.1,13.1_33.2,41.489571,-81.71175,2025-09-13T06:00:00Z,0,"Sensor drift/flat low values at 13.1_33.2, Aug-Nov 2025"
13.1,13.1_33.2,41.489571,-81.71175,2025-09-13T06:30:00Z,0,"Sensor drift/flat low values at 13.1_33.2, Aug-Nov 2025"
13.1,13.1_33.2,41.489571,-81.71175,2025-09-13T07:00:00Z,0,"Sensor drift/flat low values at 13.1_33.2, Aug-Nov 2025"
13.1,13.1_33.2,41.489571,-81.71175,2025-09-13T07:30:00Z,0,"Sensor drift/flat low values at 13.1_33.2, Aug-Nov 2025"
13.1,13.1_33.2,41.489571,-81.71175,2025-09-13T08:00:00Z,0,"Sensor drift/flat low values at 13.1_33.2, Aug-Nov 2025"
13.1,13.1_33.2,41.489571,-81.71175,2025-09-13T08:30:00Z,0,"Sensor drift/flat low values at 13.1_33.2, Aug-Nov 2025"
13.1,13.1_33.2,41.489571,-81.71175,2025-09-13T09:00:00Z,0,"Sensor drift/flat low values at 13.1_33.2, Aug-Nov 2025"
13.1,13.1_33.2,41.489571,-81.71175,2025-09-13T09:30:00Z,0,"Sensor drift/flat low values at 13.1_33.2, Aug-Nov 2025"
13.1,13.1_33.2,41.489571,-81.71175,2025-09-13T10:00:00Z,0,"Sensor drift/flat low values at 13.1_33.2, Aug-Nov 2025"
13.1,13.1_33.2,41.489571,-81.71175,2025-09-13T10:30:00Z,0,"Sensor drift/flat low values at 13.1_33.2, Aug-Nov 2025"
13.1,13.1_33.2,41.489571,-81.71175,2025-09-13T11:00:00Z,0,"Sensor drift/flat low values at 13.1_33.2, Aug-Nov 2025"
13.1,13.1_33.2,41.489571,-81.71175,2025-09-13T11:30:00Z,0,"Sensor drift/flat low values at 13.1_33.2, Aug-Nov 2025"
13.1,13.1_33.2,41.489571,-81.71175,2025-09-13T12:30:00Z,0,"Sensor drift/flat low values at 13.1_33.2, Aug-Nov 2025"
13.1,13.1_33.2,41.489571,-81.71175,2025-09-13T13:00:00Z,0,"Sensor drift/flat low values at 13.1_33.2, Aug-Nov 2025"
13.1,13.1_33.2,41.489571,-81.71175,2025-09-13T14:00:00Z,0,"Sensor drift/flat low values at 13.1_33.2, Aug-Nov 2025"
13.1,13.1_33.2,41.489571,-81.71175,2025-09-13T14:30:00Z,0,"Sensor drift/flat low values at 13.1_33.2, Aug-Nov 2025"
13.1,13.1_33.2,41.489571,-81.71175,2025-09-13T16:30:00Z,0,"Sensor drift/flat low values at 13.1_33.2, Aug-Nov 2025"
13.1,13.1_33.2,41.489571,-81.71175,2025-09-13T17:30:00Z,0,"Sensor drift/flat low values at 13.1_33.2, Aug-Nov 2025"
13.1,13.1_33.2,41.489571,-81.71175,2025-09-13T18:30:00Z,0,"Sensor drift/flat low values at 13.1_33.2, Aug-Nov 2025"
13.1,13.1_33.2,41.489571,-81.71175,2025-09-13T19:00:00Z,0,"Sensor drift/flat low values at 13.1_33.2, Aug-Nov 2025"
13.1,13.1_33.2,41.489571,-81.71175,2025-09-13T20:30:00Z,0,"Sensor drift/flat low values at 13.1_33.2, Aug-Nov 2025"
13.1,13.1_33.2,41.489571,-81.71175,2025-09-13T21:00:00Z,0,"Sensor drift/flat low values at 13.1_33.2, Aug-Nov 2025"
13.1,13.1_33.2,41.489571,-81.71175,2025-09-13T22:00:00Z,0,"Sensor drift/flat low values at 13.1_33.2, Aug-Nov 2025"
13.1,13.1_33.2,41.489571,-81.71175,2025-09-14T00:00:00Z,0,"Sensor drift/flat low values at 13.1_33.2, Aug-Nov 2025"
13.1,13.1_33.2,41.489571,-81.71175,2025-09-14T00:30:00Z,0,"Sensor drift/flat low values at 13.1_33.2, Aug-Nov 2025"
13.1,13.1_33.2,41.489571,-81.71175,2025-09-14T01:00:00Z,0,"Sensor drift/flat low values at 13.1_33.2, Aug-Nov 2025"
13.1,13.1_33.2,41.489571,-81.71175,2025-09-14T01:30:00Z,0,"Sensor drift/flat low values at 13.1_33.2, Aug-Nov 2025"
13.1,13.1_33.2,41.489571,-81.71175,2025-09-14T02:00:00Z,0,"Sensor drift/flat low values at 13.1_33.2, Aug-Nov 2025"
13.1,13.1_33.2,41.489571,-81.71175,2025-09-14T02:30:00Z,0,"Sensor drift/flat low values at 13.1_33.2, Aug-Nov 2025"
13.1,13.1_33.2,41.489571,-81.71175,2025-09-14T03:00:00Z,0,"Sensor drift/flat low values at 13.1_33.2, Aug-Nov 2025"
13.1,13.1_33.2,41.489571,-81.71175,2025-09-14T03:30:00Z,0,"Sensor drift/flat low values at 13.1_33.2, Aug-Nov 2025"
13.1,13.1_33.2,41.489571,-81.71175,2025-09-14T04:00:00Z,0,"Sensor drift/flat low values at 13.1_33.2, Aug-Nov 2025"
13.1,13.1_33.2,41.489571,-81.71175,2025-09-14T04:30:00Z,0,"Sensor drift/flat low values at 13.1_33.2, Aug-Nov 2025"
13.1,13.1_33.2,41.489571,-81.71175,2025-09-14T05:00:00Z,0,"Sensor drift/flat low values at 13.1_33.2, Aug-Nov 2025"
13.1,13.1_33.2,41.489571,-81.71175,2025-09-14T05:30:00Z,0,"Sensor drift/flat low values at 13.1_33.2, Aug-Nov 2025"
13.1,13.1_33.2,41.489571,-81.71175,2025-09-14T06:00:00Z,0,"Sensor drift/flat low values at 13.1_33.2, Aug-Nov 2025"
13.1,13.1_33.2,41.489571,-81.71175,2025-09-14T06:30:00Z,0,"Sensor drift/flat low values at 13.1_33.2, Aug-Nov 2025"
13.1,13.1_33.2,41.489571,-81.71175,2025-09-14T07:00:00Z,0,"Sensor drift/flat low values at 13.1_33.2, Aug-Nov 2025"
13.1,13.1_33.2,41.489571,-81.71175,2025-09-14T07:30:00Z,0,"Sensor drift/flat low values at 13.1_33.2, Aug-Nov 2025"
13.1,13.1_33.2,41.489571,-81.71175,2025-09-14T08:00:00Z,0,"Sensor drift/flat low values at 13.1_33.2, Aug-Nov 2025"
13.1,13.1_33.2,41.489571,-81.71175,2025-09-14T08:30:00Z,0,"Sensor drift/flat low values at 13.1_33.2, Aug-Nov 2025"
13.1,13.1_33.2,41.489571,-81.71175,2025-09-14T09:00:00Z,0,"Sensor drift/flat low values at 13.1_33.2, Aug-Nov 2025"
13.1,13.1_33.2,41.489571,-81.71175,2025-09-14T09:30:00Z,0,"Sensor drift/flat low values at 13.1_33.2, Aug-Nov 2025"
13.1,13.1_33.2,41.489571,-81.71175,2025-09-14T10:00:00Z,0,"Sensor drift/flat low values at 13.1_33.2, Aug-Nov 2025"
13.1,13.1_33.2,41.489571,-81.71175,2025-09-14T10:30:00Z,0,"Sensor drift/flat low values at 13.1_33.2, Aug-Nov 2025"
13.1,13.1_33.2,41.489571,-81.71175,2025-09-14T11:00:00Z,0,"Sensor drift/flat low values at 13.1_33.2, Aug-Nov 2025"
13.1,13.1_33.2,41.489571,-81.71175,2025-09-14T11:30:00Z,0,"Sensor drift/flat low values at 13.1_33.2, Aug-Nov 2025"
13.1,13.1_33.2,41.489571,-81.71175,2025-09-14T12:00:00Z,0,"Sensor drift/flat low values at 13.1_33.2, Aug-Nov 2025"
13.1,13.1_33.2,41.489571,-81.71175,2025-09-14T12:30:00Z,0,"Sensor drift/flat low values at 13.1_33.2, Aug-Nov 2025"
13.1,13.1_33.2,41.489571,-81.71175,2025-09-14T13:00:00Z,0,"Sensor drift/flat low values at 13.1_33.2, Aug-Nov 2025"
13.1,13.1_33.2,41.489571,-81.71175,2025-09-14T13:30:00Z,0,"Sensor drift/flat low values at 13.1_33.2, Aug-Nov 2025"
13.1,13.1_33.2,41.489571,-81.71175,2025-09-14T14:00:00Z,0,"Sensor drift/flat low values at 13.1_33.2, Aug-Nov 2025"
13.1,13.1_33.2,41.489571,-81.71175,2025-09-14T14:30:00Z,0,"Sensor drift/flat low values at 13.1_33.2, Aug-Nov 2025"
13.1,13.1_33.2,41.489571,-81.71175,2025-09-14T15:00:00Z,0,"Sensor drift/flat low values at 13.1_33.2, Aug-Nov 2025"
13.1,13.1_33.2,41.489571,-81.71175,2025-09-14T15:30:00Z,0,"Sensor drift/flat low values at 13.1_33.2, Aug-Nov 2025"
13.1,13.1_33.2,41.489571,-81.71175,2025-09-14T16:00:00Z,0,"Sensor drift/flat low values at 13.1_33.2, Aug-Nov 2025"
13.1,13.1_33.2,41.489571,-81.71175,2025-09-14T16:30:00Z,0,"Sensor drift/flat low values at 13.1_33.2, Aug-Nov 2025"
13.1,13.1_33.2,41.489571,-81.71175,2025-09-14T17:00:00Z,0,"Sensor drift/flat low values at 13.1_33.2, Aug-Nov 2025"
13.1,13.1_33.2,41.489571,-81.71175,2025-09-14T17:30:00Z,0,"Sensor drift/flat low values at 13.1_33.2, Aug-Nov 2025"
13.1,13.1_33.2,41.489571,-81.71175,2025-09-14T18:00:00Z,0,"Sensor drift/flat low values at 13.1_33.2, Aug-Nov 2025"
13.1,13.1_33.2,41.489571,-81.71175,2025-09-14T18:30:00Z,0,"Sensor drift/flat low values at 13.1_33.2, Aug-Nov 2025"
13.1,13.1_33.2,41.489571,-81.71175,2025-09-14T19:00:00Z,0,"Sensor drift/flat low values at 13.1_33.2, Aug-Nov 2025"
13.1,13.1_33.2,41.489571,-81.71175,2025-09-14T19:30:00Z,0,"Sensor drift/flat low values at 13.1_33.2, Aug-Nov 2025"
13.1,13.1_33.2,41.489571,-81.71175,2025-09-14T20:00:00Z,0,"Sensor drift/flat low values at 13.1_33.2, Aug-Nov 2025"
13.1,13.1_33.2,41.489571,-81.71175,2025-09-14T20:30:00Z,0,"Sensor drift/flat low values at 13.1_33.2, Aug-Nov 2025"
13.1,13.1_33.2,41.489571,-81.71175,2025-09-14T21:00:00Z,0,"Sensor drift/flat low values at 13.1_33.2, Aug-Nov 2025"
13.1,13.1_33.2,41.489571,-81.71175,2025-09-14T21:30:00Z,0,"Sensor drift/flat low values at 13.1_33.2, Aug-Nov 2025"
13.1,13.1_33.2,41.489571,-81.71175,2025-09-14T22:00:00Z,0,"Sensor drift/flat low values at 13.1_33.2, Aug-Nov 2025"
13.1,13.1_33.2,41.489571,-81.71175,2025-09-14T22:30:00Z,0,"Sensor drift/flat low values at 13.1_33.2, Aug-Nov 2025"
13.1,13.1_33.2,41.489571,-81.71175,2025-09-14T23:00:00Z,0,"Sensor drift/flat low values at 13.1_33.2, Aug-Nov 2025"
13.1,13.1_33.2,41.489571,-81.71175,2025-09-14T23:30:00Z,0,"Sensor drift/flat low values at 13.1_33.2, Aug-Nov 2025"
13.1,13.1_33.2,41.489571,-81.71175,2025-09-15T00:00:00Z,0,"Sensor drift/flat low values at 13.1_33.2, Aug-Nov 2025"
13.1,13.1_33.2,41.489571,-81.71175,2025-09-15T00:30:00Z,0,"Sensor drift/flat low values at 13.1_33.2, Aug-Nov 2025"
13.1,13.1_33.2,41.489571,-81.71175,2025-09-15T01:00:00Z,0,"Sensor drift/flat low values at 13.1_33.2, Aug-Nov 2025"
13.1,13.1_33.2,41.489571,-81.71175,2025-09-15T01:30:00Z,0,"Sensor drift/flat low values at 13.1_33.2, Aug-Nov 2025"
13.1,13.1_33.2,41.489571,-81.71175,2025-09-15T02:00:00Z,0,"Sensor drift/flat low values at 13.1_33.2, Aug-Nov 2025"
13.1,13.1_33.2,41.489571,-81.71175,2025-09-15T02:30:00Z,0,"Sensor drift/flat low values at 13.1_33.2, Aug-Nov 2025"
13.1,13.1_33.2,41.489571,-81.71175,2025-09-15T03:00:00Z,0,"Sensor drift/flat low values at 13.1_33.2, Aug-Nov 2025"
13.1,13.1_33.2,41.489571,-81.71175,2025-09-15T03:30:00Z,0,"Sensor drift/flat low values at 13.1_33.2, Aug-Nov 2025"
13.1,13.1_33.2,41.489571,-81.71175,2025-09-15T04:00:00Z,0,"Sensor drift/flat low values at 13.1_33.2, Aug-Nov 2025"
13.1,13.1_33.2,41.489571,-81.71175,2025-09-15T04:30:00Z,0,"Sensor drift/flat low values at 13.1_33.2, Aug-Nov 2025"
13.1,13.1_33.2,41.489571,-81.71175,2025-09-15T05:00:00Z,0,"Sensor drift/flat low values at 13.1_33.2, Aug-Nov 2025"
13.1,13.1_33.2,41.489571,-81.71175,2025-09-15T05:30:00Z,0,"Sensor drift/flat low values at 13.1_33.2, Aug-Nov 2025"
13.1,13.1_33.2,41.489571,-81.71175,2025-09-15T06:00:00Z,0,"Sensor drift/flat low values at 13.1_33.2, Aug-Nov 2025"
13.1,13.1_33.2,41.489571,-81.71175,2025-09-15T06:30:00Z,0,"Sensor drift/flat low values at 13.1_33.2, Aug-Nov 2025"
13.1,13.1_33.2,41.489571,-81.71175,2025-09-15T07:00:00Z,0,"Sensor drift/flat low values at 13.1_33.2, Aug-Nov 2025"
13.1,13.1_33.2,41.489571,-81.71175,2025-09-15T07:30:00Z,0,"Sensor drift/flat low values at 13.1_33.2, Aug-Nov 2025"
13.1,13.1_33.2,41.489571,-81.71175,2025-09-15T09:30:00Z,0,"Sensor drift/flat low values at 13.1_33.2, Aug-Nov 2025"
13.1,13.1_33.2,41.489571,-81.71175,2025-09-15T11:00:00Z,0,"Sensor drift/flat low values at 13.1_33.2, Aug-Nov 2025"
13.1,13.1_33.2,41.489571,-81.71175,2025-09-15T11:30:00Z,0,"Sensor drift/flat low values at 13.1_33.2, Aug-Nov 2025"
13.1,13.1_33.2,41.489571,-81.71175,2025-09-15T12:30:00Z,0,"Sensor drift/flat low values at 13.1_33.2, Aug-Nov 2025"
13.1,13.1_33.2,41.489571,-81.71175,2025-09-15T13:00:00Z,0,"Sensor drift/flat low values at 13.1_33.2, Aug-Nov 2025"
13.1,13.1_33.2,41.489571,-81.71175,2025-09-15T14:00:00Z,0,"Sensor drift/flat low values at 13.1_33.2, Aug-Nov 2025"
13.1,13.1_33.2,41.489571,-81.71175,2025-09-15T14:30:00Z,0,"Sensor drift/flat low values at 13.1_33.2, Aug-Nov 2025"
13.1,13.1_33.2,41.489571,-81.71175,2025-09-15T15:30:00Z,0,"Sensor drift/flat low values at 13.1_33.2, Aug-Nov 2025"
13.1,13.1_33.2,41.489571,-81.71175,2025-09-15T17:30:00Z,0,"Sensor drift/flat low values at 13.1_33.2, Aug-Nov 2025"
13.1,13.1_33.2,41.489571,-81.71175,2025-09-15T19:00:00Z,0,"Sensor drift/flat low values at 13.1_33.2, Aug-Nov 2025"
13.1,13.1_33.2,41.489571,-81.71175,2025-09-15T19:30:00Z,0,"Sensor drift/flat low values at 13.1_33.2, Aug-Nov 2025"
13.1,13.1_33.2,41.489571,-81.71175,2025-09-15T20:00:00Z,0,"Sensor drift/flat low values at 13.1_33.2, Aug-Nov 2025"
13.1,13.1_33.2,41.489571,-81.71175,2025-09-15T22:00:00Z,0,"Sensor drift/flat low values at 13.1_33.2, Aug-Nov 2025"
13.1,13.1_33.2,41.489571,-81.71175,2025-09-15T22:30:00Z,0,"Sensor drift/flat low values at 13.1_33.2, Aug-Nov 2025"
13.1,13.1_33.2,41.489571,-81.71175,2025-09-15T23:00:00Z,0,"Sensor drift/flat low values at 13.1_33.2, Aug-Nov 2025"
13.1,13.1_33.2,41.489571,-81.71175,2025-09-15T23:30:00Z,0,"Sensor drift/flat low values at 13.1_33.2, Aug-Nov 2025"
13.1,13.1_33.2,41.489571,-81.71175,2025-09-16T00:00:00Z,0,"Sensor drift/flat low values at 13.1_33.2, Aug-Nov 2025"
13.1,13.1_33.2,41.489571,-81.71175,2025-09-16T01:00:00Z,0,"Sensor drift/flat low values at 13.1_33.2, Aug-Nov 2025"
13.1,13.1_33.2,41.489571,-81.71175,2025-09-16T01:30:00Z,0,"Sensor drift/flat low values at 13.1_33.2, Aug-Nov 2025"
13.1,13.1_33.2,41.489571,-81.71175,2025-09-16T03:30:00Z,0,"Sensor drift/flat low values at 13.1_33.2, Aug-Nov 2025"
13.1,13.1_33.2,41.489571,-81.71175,2025-09-16T04:30:00Z,0,"Sensor drift/flat low values at 13.1_33.2, Aug-Nov 2025"
13.1,13.1_33.2,41.489571,-81.71175,2025-09-16T05:00:00Z,0,"Sensor drift/flat low values at 13.1_33.2, Aug-Nov 2025"
13.1,13.1_33.2,41.489571,-81.71175,2025-09-16T08:00:00Z,0,"Sensor drift/flat low values at 13.1_33.2, Aug-Nov 2025"
13.1,13.1_33.2,41.489571,-81.71175,2025-09-16T08:30:00Z,0,"Sensor drift/flat low values at 13.1_33.2, Aug-Nov 2025"
13.1,13.1_33.2,41.489571,-81.71175,2025-09-16T09:00:00Z,0,"Sensor drift/flat low values at 13.1_33.2, Aug-Nov 2025"
13.1,13.1_33.2,41.489571,-81.71175,2025-09-16T09:30:00Z,0,"Sensor drift/flat low values at 13.1_33.2, Aug-Nov 2025"
13.1,13.1_33.2,41.489571,-81.71175,2025-09-16T10:00:00Z,0,"Sensor drift/flat low values at 13.1_33.2, Aug-Nov 2025"
13.1,13.1_33.2,41.489571,-81.71175,2025-09-16T10:30:00Z,0,"Sensor drift/flat low values at 13.1_33.2, Aug-Nov 2025"
13.1,13.1_33.2,41.489571,-81.71175,2025-09-16T11:00:00Z,0,"Sensor drift/flat low values at 13.1_33.2, Aug-Nov 2025"
13.1,13.1_33.2,41.489571,-81.71175,2025-09-16T11:30:00Z,0,"Sensor drift/flat low values at 13.1_33.2, Aug-Nov 2025"
13.1,13.1_33.2,41.489571,-81.71175,2025-09-16T12:00:00Z,0,"Sensor drift/flat low values at 13.1_33.2, Aug-Nov 2025"
13.1,13.1_33.2,41.489571,-81.71175,2025-09-16T12:30:00Z,0,"Sensor drift/flat low values at 13.1_33.2, Aug-Nov 2025"
13.1,13.1_33.2,41.489571,-81.71175,2025-09-16T13:00:00Z,0,"Sensor drift/flat low values at 13.1_33.2, Aug-Nov 2025"
13.1,13.1_33.2,41.489571,-81.71175,2025-09-16T13:30:00Z,0,"Sensor drift/flat low values at 13.1_33.2, Aug-Nov 2025"
13.1,13.1_33.2,41.489571,-81.71175,2025-09-16T14:00:00Z,0,"Sensor drift/flat low values at 13.1_33.2, Aug-Nov 2025"
13.1,13.1_33.2,41.489571,-81.71175,2025-09-16T17:00:00Z,0,"Sensor drift/flat low values at 13.1_33.2, Aug-Nov 2025"
13.1,13.1_33.2,41.489571,-81.71175,2025-09-16T17:30:00Z,0,"Sensor drift/flat low values at 13.1_33.2, Aug-Nov 2025"
13.1,13.1_33.2,41.489571,-81.71175,2025-09-16T18:00:00Z,0,"Sensor drift/flat low values at 13.1_33.2, Aug-Nov 2025"
13.1,13.1_33.2,41.489571,-81.71175,2025-09-16T21:30:00Z,0,"Sensor drift/flat low values at 13.1_33.2, Aug-Nov 2025"
13.1,13.1_33.2,41.489571,-81.71175,2025-09-16T22:00:00Z,0,"Sensor drift/flat low values at 13.1_33.2, Aug-Nov 2025"
13.1,13.1_33.2,41.489571,-81.71175,2025-09-16T22:30:00Z,0,"Sensor drift/flat low values at 13.1_33.2, Aug-Nov 2025"
13.1,13.1_33.2,41.489571,-81.71175,2025-09-17T00:30:00Z,0,"Sensor drift/flat low values at 13.1_33.2, Aug-Nov 2025"
13.1,13.1_33.2,41.489571,-81.71175,2025-09-17T03:00:00Z,0,"Sensor drift/flat low values at 13.1_33.2, Aug-Nov 2025"
13.1,13.1_33.2,41.489571,-81.71175,2025-09-17T04:00:00Z,0,"Sensor drift/flat low values at 13.1_33.2, Aug-Nov 2025"
13.1,13.1_33.2,41.489571,-81.71175,2025-09-17T04:30:00Z,0,"Sensor drift/flat low values at 13.1_33.2, Aug-Nov 2025"
13.1,13.1_33.2,41.489571,-81.71175,2025-09-17T07:30:00Z,0,"Sensor drift/flat low values at 13.1_33.2, Aug-Nov 2025"
13.1,13.1_33.2,41.489571,-81.71175,2025-09-17T08:30:00Z,0,"Sensor drift/flat low values at 13.1_33.2, Aug-Nov 2025"
13.1,13.1_33.2,41.489571,-81.71175,2025-09-17T12:00:00Z,0,"Sensor drift/flat low values at 13.1_33.2, Aug-Nov 2025"
13.1,13.1_33.2,41.489571,-81.71175,2025-09-17T12:30:00Z,0,"Sensor drift/flat low values at 13.1_33.2, Aug-Nov 2025"
13.1,13.1_33.2,41.489571,-81.71175,2025-09-17T13:00:00Z,0,"Sensor drift/flat low values at 13.1_33.2, Aug-Nov 2025"
13.1,13.1_33.2,41.489571,-81.71175,2025-09-17T14:00:00Z,0,"Sensor drift/flat low values at 13.1_33.2, Aug-Nov 2025"
13.1,13.1_33.2,41.489571,-81.71175,2025-09-17T14:30:00Z,0,"Sensor drift/flat low values at 13.1_33.2, Aug-Nov 2025"
13.1,13.1_33.2,41.489571,-81.71175,2025-09-17T15:00:00Z,0,"Sensor drift/flat low values at 13.1_33.2, Aug-Nov 2025"
13.1,13.1_33.2,41.489571,-81.71175,2025-09-17T15:30:00Z,0,"Sensor drift/flat low values at 13.1_33.2, Aug-Nov 2025"
13.1,13.1_33.2,41.489571,-81.71175,2025-09-17T16:00:00Z,0,"Sensor drift/flat low values at 13.1_33.2, Aug-Nov 2025"
13.1,13.1_33.2,41.489571,-81.71175,2025-09-17T16:30:00Z,0,"Sensor drift/flat low values at 13.1_33.2, Aug-Nov 2025"
13.1,13.1_33.2,41.489571,-81.71175,2025-09-17T17:00:00Z,0,"Sensor drift/flat low values at 13.1_33.2, Aug-Nov 2025"
13.1,13.1_33.2,41.489571,-81.71175,2025-09-17T17:30:00Z,0,"Sensor drift/flat low values at 13.1_33.2, Aug-Nov 2025"
13.1,13.1_33.2,41.489571,-81.71175,2025-09-17T18:00:00Z,0,"Sensor drift/flat low values at 13.1_33.2, Aug-Nov 2025"
13.1,13.1_33.2,41.489571,-81.71175,2025-09-17T18:30:00Z,0,"Sensor drift/flat low values at 13.1_33.2, Aug-Nov 2025"
13.1,13.1_33.2,41.489571,-81.71175,2025-09-17T19:00:00Z,0,"Sensor drift/flat low values at 13.1_33.2, Aug-Nov 2025"
13.1,13.1_33.2,41.489571,-81.71175,2025-09-17T19:30:00Z,0,"Sensor drift/flat low values at 13.1_33.2, Aug-Nov 2025"
13.1,13.1_33.2,41.489571,-81.71175,2025-09-17T20:00:00Z,0,"Sensor drift/flat low values at 13.1_33.2, Aug-Nov 2025"
13.1,13.1_33.2,41.489571,-81.71175,2025-09-17T20:30:00Z,0,"Sensor drift/flat low values at 13.1_33.2, Aug-Nov 2025"
13.1,13.1_33.2,41.489571,-81.71175,2025-09-17T21:00:00Z,0,"Sensor drift/flat low values at 13.1_33.2, Aug-Nov 2025"
13.1,13.1_33.2,41.489571,-81.71175,2025-09-17T21:30:00Z,0,"Sensor drift/flat low values at 13.1_33.2, Aug-Nov 2025"
13.1,13.1_33.2,41.489571,-81.71175,2025-09-17T22:00:00Z,0,"Sensor drift/flat low values at 13.1_33.2, Aug-Nov 2025"
13.1,13.1_33.2,41.489571,-81.71175,2025-09-17T22:30:00Z,0,"Sensor drift/flat low values at 13.1_33.2, Aug-Nov 2025"
13.1,13.1_33.2,41.489571,-81.71175,2025-09-17T23:00:00Z,0,"Sensor drift/flat low values at 13.1_33.2, Aug-Nov 2025"
13.1,13.1_33.2,41.489571,-81.71175,2025-09-17T23:30:00Z,0,"Sensor drift/flat low values at 13.1_33.2, Aug-Nov 2025"
13.1,13.1_33.2,41.489571,-81.71175,2025-09-18T00:00:00Z,0,"Sensor drift/flat low values at 13.1_33.2, Aug-Nov 2025"
13.1,13.1_33.2,41.489571,-81.71175,2025-09-18T00:30:00Z,0,"Sensor drift/flat low values at 13.1_33.2, Aug-Nov 2025"
13.1,13.1_33.2,41.489571,-81.71175,2025-09-18T01:00:00Z,0,"Sensor drift/flat low values at 13.1_33.2, Aug-Nov 2025"
13.1,13.1_33.2,41.489571,-81.71175,2025-09-18T03:30:00Z,0,"Sensor drift/flat low values at 13.1_33.2, Aug-Nov 2025"
13.1,13.1_33.2,41.489571,-81.71175,2025-09-18T04:30:00Z,0,"Sensor drift/flat low values at 13.1_33.2, Aug-Nov 2025"
13.1,13.1_33.2,41.489571,-81.71175,2025-09-18T05:30:00Z,0,"Sensor drift/flat low values at 13.1_33.2, Aug-Nov 2025"
13.1,13.1_33.2,41.489571,-81.71175,2025-09-18T06:30:00Z,0,"Sensor drift/flat low values at 13.1_33.2, Aug-Nov 2025"
13.1,13.1_33.2,41.489571,-81.71175,2025-09-18T09:00:00Z,0,"Sensor drift/flat low values at 13.1_33.2, Aug-Nov 2025"
13.1,13.1_33.2,41.489571,-81.71175,2025-09-18T12:30:00Z,0,"Sensor drift/flat low values at 13.1_33.2, Aug-Nov 2025"
13.1,13.1_33.2,41.489571,-81.71175,2025-09-18T15:30:00Z,0,"Sensor drift/flat low values at 13.1_33.2, Aug-Nov 2025"
13.1,13.1_33.2,41.489571,-81.71175,2025-09-18T17:00:00Z,0,"Sensor drift/flat low values at 13.1_33.2, Aug-Nov 2025"
13.1,13.1_33.2,41.489571,-81.71175,2025-09-18T18:00:00Z,0,"Sensor drift/flat low values at 13.1_33.2, Aug-Nov 2025"
13.1,13.1_33.2,41.489571,-81.71175,2025-09-18T18:30:00Z,0,"Sensor drift/flat low values at 13.1_33.2, Aug-Nov 2025"
13.1,13.1_33.2,41.489571,-81.71175,2025-09-18T19:30:00Z,0,"Sensor drift/flat low values at 13.1_33.2, Aug-Nov 2025"
13.1,13.1_33.2,41.489571,-81.71175,2025-09-18T21:30:00Z,0,"Sensor drift/flat low values at 13.1_33.2, Aug-Nov 2025"
13.1,13.1_33.2,41.489571,-81.71175,2025-09-19T00:30:00Z,0,"Sensor drift/flat low values at 13.1_33.2, Aug-Nov 2025"
13.1,13.1_33.2,41.489571,-81.71175,2025-09-19T01:30:00Z,0,"Sensor drift/flat low values at 13.1_33.2, Aug-Nov 2025"
13.1,13.1_33.2,41.489571,-81.71175,2025-09-19T05:00:00Z,0,"Sensor drift/flat low values at 13.1_33.2, Aug-Nov 2025"
13.1,13.1_33.2,41.489571,-81.71175,2025-09-19T07:30:00Z,0,"Sensor drift/flat low values at 13.1_33.2, Aug-Nov 2025"
13.1,13.1_33.2,41.489571,-81.71175,2025-09-19T08:00:00Z,0,"Sensor drift/flat low values at 13.1_33.2, Aug-Nov 2025"
13.1,13.1_33.2,41.489571,-81.71175,2025-09-19T09:30:00Z,0,"Sensor drift/flat low values at 13.1_33.2, Aug-Nov 2025"
13.1,13.1_33.2,41.489571,-81.71175,2025-09-19T12:00:00Z,0,"Sensor drift/flat low values at 13.1_33.2, Aug-Nov 2025"
13.1,13.1_33.2,41.489571,-81.71175,2025-09-19T12:30:00Z,0,"Sensor drift/flat low values at 13.1_33.2, Aug-Nov 2025"
13.1,13.1_33.2,41.489571,-81.71175,2025-09-19T14:00:00Z,0,"Sensor drift/flat low values at 13.1_33.2, Aug-Nov 2025"
13.1,13.1_33.2,41.489571,-81.71175,2025-09-19T17:30:00Z,0,"Sensor drift/flat low values at 13.1_33.2, Aug-Nov 2025"
13.1,13.1_33.2,41.489571,-81.71175,2025-09-19T19:00:00Z,0,"Sensor drift/flat low values at 13.1_33.2, Aug-Nov 2025"
13.1,13.1_33.2,41.489571,-81.71175,2025-09-19T20:00:00Z,0,"Sensor drift/flat low values at 13.1_33.2, Aug-Nov 2025"
13.1,13.1_33.2,41.489571,-81.71175,2025-09-19T21:30:00Z,0,"Sensor drift/flat low values at 13.1_33.2, Aug-Nov 2025"
13.1,13.1_33.2,41.489571,-81.71175,2025-09-19T22:00:00Z,0,"Sensor drift/flat low values at 13.1_33.2, Aug-Nov 2025"
13.1,13.1_33.2,41.489571,-81.71175,2025-09-19T23:30:00Z,0,"Sensor drift/flat low values at 13.1_33.2, Aug-Nov 2025"
13.1,13.1_33.2,41.489571,-81.71175,2025-09-20T01:30:00Z,0,"Sensor drift/flat low values at 13.1_33.2, Aug-Nov 2025"
13.1,13.1_33.2,41.489571,-81.71175,2025-09-20T03:00:00Z,0,"Sensor drift/flat low values at 13.1_33.2, Aug-Nov 2025"
13.1,13.1_33.2,41.489571,-81.71175,2025-09-20T03:30:00Z,0,"Sensor drift/flat low values at 13.1_33.2, Aug-Nov 2025"
13.1,13.1_33.2,41.489571,-81.71175,2025-09-20T04:30:00Z,0,"Sensor drift/flat low values at 13.1_33.2, Aug-Nov 2025"
13.1,13.1_33.2,41.489571,-81.71175,2025-09-20T10:30:00Z,0,"Sensor drift/flat low values at 13.1_33.2, Aug-Nov 2025"
13.1,13.1_33.2,41.489571,-81.71175,2025-09-20T11:30:00Z,0,"Sensor drift/flat low values at 13.1_33.2, Aug-Nov 2025"
13.1,13.1_33.2,41.489571,-81.71175,2025-09-20T13:00:00Z,0,"Sensor drift/flat low values at 13.1_33.2, Aug-Nov 2025"
13.1,13.1_33.2,41.489571,-81.71175,2025-09-20T17:00:00Z,0,"Sensor drift/flat low values at 13.1_33.2, Aug-Nov 2025"
13.1,13.1_33.2,41.489571,-81.71175,2025-09-20T17:30:00Z,0,"Sensor drift/flat low values at 13.1_33.2, Aug-Nov 2025"
13.1,13.1_33.2,41.489571,-81.71175,2025-09-20T18:00:00Z,0,"Sensor drift/flat low values at 13.1_33.2, Aug-Nov 2025"
13.1,13.1_33.2,41.489571,-81.71175,2025-09-20T18:30:00Z,0,"Sensor drift/flat low values at 13.1_33.2, Aug-Nov 2025"
13.1,13.1_33.2,41.489571,-81.71175,2025-09-20T19:00:00Z,0,"Sensor drift/flat low values at 13.1_33.2, Aug-Nov 2025"
13.1,13.1_33.2,41.489571,-81.71175,2025-09-20T19:30:00Z,0,"Sensor drift/flat low values at 13.1_33.2, Aug-Nov 2025"
13.1,13.1_33.2,41.489571,-81.71175,2025-09-20T23:30:00Z,0,"Sensor drift/flat low values at 13.1_33.2, Aug-Nov 2025"
13.1,13.1_33.2,41.489571,-81.71175,2025-09-21T00:00:00Z,0,"Sensor drift/flat low values at 13.1_33.2, Aug-Nov 2025"
13.1,13.1_33.2,41.489571,-81.71175,2025-09-21T00:30:00Z,0,"Sensor drift/flat low values at 13.1_33.2, Aug-Nov 2025"
13.1,13.1_33.2,41.489571,-81.71175,2025-09-21T01:00:00Z,0,"Sensor drift/flat low values at 13.1_33.2, Aug-Nov 2025"
13.1,13.1_33.2,41.489571,-81.71175,2025-09-21T01:30:00Z,0,"Sensor drift/flat low values at 13.1_33.2, Aug-Nov 2025"
13.1,13.1_33.2,41.489571,-81.71175,2025-09-21T02:00:00Z,0,"Sensor drift/flat low values at 13.1_33.2, Aug-Nov 2025"
13.1,13.1_33.2,41.489571,-81.71175,2025-09-21T02:30:00Z,0,"Sensor drift/flat low values at 13.1_33.2, Aug-Nov 2025"
13.1,13.1_33.2,41.489571,-81.71175,2025-09-21T03:00:00Z,0,"Sensor drift/flat low values at 13.1_33.2, Aug-Nov 2025"
13.1,13.1_33.2,41.489571,-81.71175,2025-09-21T03:30:00Z,0,"Sensor drift/flat low values at 13.1_33.2, Aug-Nov 2025"
13.1,13.1_33.2,41.489571,-81.71175,2025-09-21T04:00:00Z,0,"Sensor drift/flat low values at 13.1_33.2, Aug-Nov 2025"
13.1,13.1_33.2,41.489571,-81.71175,2025-09-21T06:00:00Z,0,"Sensor drift/flat low values at 13.1_33.2, Aug-Nov 2025"
13.1,13.1_33.2,41.489571,-81.71175,2025-09-21T09:00:00Z,0,"Sensor drift/flat low values at 13.1_33.2, Aug-Nov 2025"
13.1,13.1_33.2,41.489571,-81.71175,2025-09-21T11:30:00Z,0,"Sensor drift/flat low values at 13.1_33.2, Aug-Nov 2025"
13.1,13.1_33.2,41.489571,-81.71175,2025-09-21T12:00:00Z,0,"Sensor drift/flat low values at 13.1_33.2, Aug-Nov 2025"
13.1,13.1_33.2,41.489571,-81.71175,2025-09-21T13:30:00Z,0,"Sensor drift/flat low values at 13.1_33.2, Aug-Nov 2025"
13.1,13.1_33.2,41.489571,-81.71175,2025-09-21T14:30:00Z,0,"Sensor drift/flat low values at 13.1_33.2, Aug-Nov 2025"
13.1,13.1_33.2,41.489571,-81.71175,2025-09-21T16:00:00Z,0,"Sensor drift/flat low values at 13.1_33.2, Aug-Nov 2025"
13.1,13.1_33.2,41.489571,-81.71175,2025-09-21T19:30:00Z,0,"Sensor drift/flat low values at 13.1_33.2, Aug-Nov 2025"
13.1,13.1_33.2,41.489571,-81.71175,2025-09-21T20:00:00Z,0,"Sensor drift/flat low values at 13.1_33.2, Aug-Nov 2025"
13.1,13.1_33.2,41.489571,-81.71175,2025-09-21T20:30:00Z,0,"Sensor drift/flat low values at 13.1_33.2, Aug-Nov 2025"
13.1,13.1_33.2,41.489571,-81.71175,2025-09-21T21:00:00Z,0,"Sensor drift/flat low values at 13.1_33.2, Aug-Nov 2025"
13.1,13.1_33.2,41.489571,-81.71175,2025-09-21T21:30:00Z,0,"Sensor drift/flat low values at 13.1_33.2, Aug-Nov 2025"
13.1,13.1_33.2,41.489571,-81.71175,2025-09-21T22:00:00Z,0,"Sensor drift/flat low values at 13.1_33.2, Aug-Nov 2025"
13.1,13.1_33.2,41.489571,-81.71175,2025-09-21T22:30:00Z,0,"Sensor drift/flat low values at 13.1_33.2, Aug-Nov 2025"
13.1,13.1_33.2,41.489571,-81.71175,2025-09-21T23:00:00Z,0,"Sensor drift/flat low values at 13.1_33.2, Aug-Nov 2025"
13.1,13.1_33.2,41.489571,-81.71175,2025-09-21T23:30:00Z,0,"Sensor drift/flat low values at 13.1_33.2, Aug-Nov 2025"
13.1,13.1_33.2,41.489571,-81.71175,2025-09-22T00:00:00Z,0,"Sensor drift/flat low values at 13.1_33.2, Aug-Nov 2025"
13.1,13.1_33.2,41.489571,-81.71175,2025-09-22T00:30:00Z,0,"Sensor drift/flat low values at 13.1_33.2, Aug-Nov 2025"
13.1,13.1_33.2,41.489571,-81.71175,2025-09-22T01:00:00Z,0,"Sensor drift/flat low values at 13.1_33.2, Aug-Nov 2025"
13.1,13.1_33.2,41.489571,-81.71175,2025-09-22T01:30:00Z,0,"Sensor drift/flat low values at 13.1_33.2, Aug-Nov 2025"
13.1,13.1_33.2,41.489571,-81.71175,2025-09-22T02:00:00Z,0,"Sensor drift/flat low values at 13.1_33.2, Aug-Nov 2025"
13.1,13.1_33.2,41.489571,-81.71175,2025-09-22T02:30:00Z,0,"Sensor drift/flat low values at 13.1_33.2, Aug-Nov 2025"
13.1,13.1_33.2,41.489571,-81.71175,2025-09-22T03:00:00Z,0,"Sensor drift/flat low values at 13.1_33.2, Aug-Nov 2025"
13.1,13.1_33.2,41.489571,-81.71175,2025-09-22T03:30:00Z,0,"Sensor drift/flat low values at 13.1_33.2, Aug-Nov 2025"
13.1,13.1_33.2,41.489571,-81.71175,2025-09-22T04:00:00Z,0,"Sensor drift/flat low values at 13.1_33.2, Aug-Nov 2025"
13.1,13.1_33.2,41.489571,-81.71175,2025-09-22T04:30:00Z,0,"Sensor drift/flat low values at 13.1_33.2, Aug-Nov 2025"
13.1,13.1_33.2,41.489571,-81.71175,2025-09-22T05:00:00Z,0,"Sensor drift/flat low values at 13.1_33.2, Aug-Nov 2025"
13.1,13.1_33.2,41.489571,-81.71175,2025-09-22T05:30:00Z,0,"Sensor drift/flat low values at 13.1_33.2, Aug-Nov 2025"
13.1,13.1_33.2,41.489571,-81.71175,2025-09-22T06:00:00Z,0,"Sensor drift/flat low values at 13.1_33.2, Aug-Nov 2025"
13.1,13.1_33.2,41.489571,-81.71175,2025-09-22T06:30:00Z,0,"Sensor drift/flat low values at 13.1_33.2, Aug-Nov 2025"
13.1,13.1_33.2,41.489571,-81.71175,2025-09-22T07:00:00Z,0,"Sensor drift/flat low values at 13.1_33.2, Aug-Nov 2025"
13.1,13.1_33.2,41.489571,-81.71175,2025-09-22T07:30:00Z,0,"Sensor drift/flat low values at 13.1_33.2, Aug-Nov 2025"
13.1,13.1_33.2,41.489571,-81.71175,2025-09-22T08:00:00Z,0,"Sensor drift/flat low values at 13.1_33.2, Aug-Nov 2025"
13.1,13.1_33.2,41.489571,-81.71175,2025-09-22T08:30:00Z,0,"Sensor drift/flat low values at 13.1_33.2, Aug-Nov 2025"
13.1,13.1_33.2,41.489571,-81.71175,2025-09-22T09:00:00Z,0,"Sensor drift/flat low values at 13.1_33.2, Aug-Nov 2025"
13.1,13.1_33.2,41.489571,-81.71175,2025-09-22T09:30:00Z,0,"Sensor drift/flat low values at 13.1_33.2, Aug-Nov 2025"
13.1,13.1_33.2,41.489571,-81.71175,2025-09-22T10:00:00Z,0,"Sensor drift/flat low values at 13.1_33.2, Aug-Nov 2025"
13.1,13.1_33.2,41.489571,-81.71175,2025-09-22T10:30:00Z,0,"Sensor drift/flat low values at 13.1_33.2, Aug-Nov 2025"
13.1,13.1_33.2,41.489571,-81.71175,2025-09-22T11:00:00Z,0,"Sensor drift/flat low values at 13.1_33.2, Aug-Nov 2025"
13.1,13.1_33.2,41.489571,-81.71175,2025-09-22T11:30:00Z,0,"Sensor drift/flat low values at 13.1_33.2, Aug-Nov 2025"
13.1,13.1_33.2,41.489571,-81.71175,2025-09-22T12:00:00Z,0,"Sensor drift/flat low values at 13.1_33.2, Aug-Nov 2025"
13.1,13.1_33.2,41.489571,-81.71175,2025-09-22T12:30:00Z,0,"Sensor drift/flat low values at 13.1_33.2, Aug-Nov 2025"
13.1,13.1_33.2,41.489571,-81.71175,2025-09-22T15:00:00Z,0,"Sensor drift/flat low values at 13.1_33.2, Aug-Nov 2025"
13.1,13.1_33.2,41.489571,-81.71175,2025-09-22T18:30:00Z,0,"Sensor drift/flat low values at 13.1_33.2, Aug-Nov 2025"
13.1,13.1_33.2,41.489571,-81.71175,2025-09-22T19:00:00Z,0,"Sensor drift/flat low values at 13.1_33.2, Aug-Nov 2025"
13.1,13.1_33.2,41.489571,-81.71175,2025-09-22T20:00:00Z,0,"Sensor drift/flat low values at 13.1_33.2, Aug-Nov 2025"
13.1,13.1_33.2,41.489571,-81.71175,2025-09-22T21:00:00Z,0,"Sensor drift/flat low values at 13.1_33.2, Aug-Nov 2025"
13.1,13.1_33.2,41.489571,-81.71175,2025-09-22T21:30:00Z,0,"Sensor drift/flat low values at 13.1_33.2, Aug-Nov 2025"
13.1,13.1_33.2,41.489571,-81.71175,2025-09-22T22:00:00Z,0,"Sensor drift/flat low values at 13.1_33.2, Aug-Nov 2025"
13.1,13.1_33.2,41.489571,-81.71175,2025-09-23T00:00:00Z,0,"Sensor drift/flat low values at 13.1_33.2, Aug-Nov 2025"
13.1,13.1_33.2,41.489571,-81.71175,2025-09-23T02:00:00Z,0,"Sensor drift/flat low values at 13.1_33.2, Aug-Nov 2025"
13.1,13.1_33.2,41.489571,-81.71175,2025-09-23T03:30:00Z,0,"Sensor drift/flat low values at 13.1_33.2, Aug-Nov 2025"
13.1,13.1_33.2,41.489571,-81.71175,2025-09-23T04:00:00Z,0,"Sensor drift/flat low values at 13.1_33.2, Aug-Nov 2025"
13.1,13.1_33.2,41.489571,-81.71175,2025-09-23T04:30:00Z,0,"Sensor drift/flat low values at 13.1_33.2, Aug-Nov 2025"
13.1,13.1_33.2,41.489571,-81.71175,2025-09-23T05:00:00Z,0,"Sensor drift/flat low values at 13.1_33.2, Aug-Nov 2025"
13.1,13.1_33.2,41.489571,-81.71175,2025-09-23T05:30:00Z,0,"Sensor drift/flat low values at 13.1_33.2, Aug-Nov 2025"
13.1,13.1_33.2,41.489571,-81.71175,2025-09-23T06:00:00Z,0,"Sensor drift/flat low values at 13.1_33.2, Aug-Nov 2025"
13.1,13.1_33.2,41.489571,-81.71175,2025-09-23T06:30:00Z,0,"Sensor drift/flat low values at 13.1_33.2, Aug-Nov 2025"
13.1,13.1_33.2,41.489571,-81.71175,2025-09-23T07:00:00Z,0,"Sensor drift/flat low values at 13.1_33.2, Aug-Nov 2025"
13.1,13.1_33.2,41.489571,-81.71175,2025-09-23T07:30:00Z,0,"Sensor drift/flat low values at 13.1_33.2, Aug-Nov 2025"
13.1,13.1_33.2,41.489571,-81.71175,2025-09-23T08:00:00Z,0,"Sensor drift/flat low values at 13.1_33.2, Aug-Nov 2025"
13.1,13.1_33.2,41.489571,-81.71175,2025-09-23T14:00:00Z,0,"Sensor drift/flat low values at 13.1_33.2, Aug-Nov 2025"
13.1,13.1_33.2,41.489571,-81.71175,2025-09-23T17:00:00Z,0,"Sensor drift/flat low values at 13.1_33.2, Aug-Nov 2025"
13.1,13.1_33.2,41.489571,-81.71175,2025-09-23T19:00:00Z,0,"Sensor drift/flat low values at 13.1_33.2, Aug-Nov 2025"
13.1,13.1_33.2,41.489571,-81.71175,2025-09-23T20:00:00Z,0,"Sensor drift/flat low values at 13.1_33.2, Aug-Nov 2025"
13.1,13.1_33.2,41.489571,-81.71175,2025-09-23T20:30:00Z,0,"Sensor drift/flat low values at 13.1_33.2, Aug-Nov 2025"
13.1,13.1_33.2,41.489571,-81.71175,2025-09-23T23:00:00Z,0,"Sensor drift/flat low values at 13.1_33.2, Aug-Nov 2025"
13.1,13.1_33.2,41.489571,-81.71175,2025-09-23T23:30:00Z,0,"Sensor drift/flat low values at 13.1_33.2, Aug-Nov 2025"
13.1,13.1_33.2,41.489571,-81.71175,2025-09-24T00:00:00Z,0,"Sensor drift/flat low values at 13.1_33.2, Aug-Nov 2025"
13.1,13.1_33.2,41.489571,-81.71175,2025-09-24T00:30:00Z,0,"Sensor drift/flat low values at 13.1_33.2, Aug-Nov 2025"
13.1,13.1_33.2,41.489571,-81.71175,2025-09-24T01:00:00Z,0,"Sensor drift/flat low values at 13.1_33.2, Aug-Nov 2025"
13.1,13.1_33.2,41.489571,-81.71175,2025-09-24T01:30:00Z,0,"Sensor drift/flat low values at 13.1_33.2, Aug-Nov 2025"
13.1,13.1_33.2,41.489571,-81.71175,2025-09-24T02:00:00Z,0,"Sensor drift/flat low values at 13.1_33.2, Aug-Nov 2025"
13.1,13.1_33.2,41.489571,-81.71175,2025-09-24T02:30:00Z,0,"Sensor drift/flat low values at 13.1_33.2, Aug-Nov 2025"
13.1,13.1_33.2,41.489571,-81.71175,2025-09-24T03:00:00Z,0,"Sensor drift/flat low values at 13.1_33.2, Aug-Nov 2025"
13.1,13.1_33.2,41.489571,-81.71175,2025-09-24T03:30:00Z,0,"Sensor drift/flat low values at 13.1_33.2, Aug-Nov 2025"
13.1,13.1_33.2,41.489571,-81.71175,2025-09-24T04:00:00Z,0,"Sensor drift/flat low values at 13.1_33.2, Aug-Nov 2025"
13.1,13.1_33.2,41.489571,-81.71175,2025-09-24T04:30:00Z,0,"Sensor drift/flat low values at 13.1_33.2, Aug-Nov 2025"
13.1,13.1_33.2,41.489571,-81.71175,2025-09-24T05:00:00Z,0,"Sensor drift/flat low values at 13.1_33.2, Aug-Nov 2025"
13.1,13.1_33.2,41.489571,-81.71175,2025-09-24T05:30:00Z,0,"Sensor drift/flat low values at 13.1_33.2, Aug-Nov 2025"
13.1,13.1_33.2,41.489571,-81.71175,2025-09-24T06:00:00Z,0,"Sensor drift/flat low values at 13.1_33.2, Aug-Nov 2025"
13.1,13.1_33.2,41.489571,-81.71175,2025-09-24T06:30:00Z,0,"Sensor drift/flat low values at 13.1_33.2, Aug-Nov 2025"
13.1,13.1_33.2,41.489571,-81.71175,2025-09-24T07:00:00Z,0,"Sensor drift/flat low values at 13.1_33.2, Aug-Nov 2025"
13.1,13.1_33.2,41.489571,-81.71175,2025-09-24T07:30:00Z,0,"Sensor drift/flat low values at 13.1_33.2, Aug-Nov 2025"
13.1,13.1_33.2,41.489571,-81.71175,2025-09-24T08:30:00Z,0,"Sensor drift/flat low values at 13.1_33.2, Aug-Nov 2025"
13.1,13.1_33.2,41.489571,-81.71175,2025-09-24T09:00:00Z,0,"Sensor drift/flat low values at 13.1_33.2, Aug-Nov 2025"
13.1,13.1_33.2,41.489571,-81.71175,2025-09-24T09:30:00Z,0,"Sensor drift/flat low values at 13.1_33.2, Aug-Nov 2025"
13.1,13.1_33.2,41.489571,-81.71175,2025-09-24T10:00:00Z,0,"Sensor drift/flat low values at 13.1_33.2, Aug-Nov 2025"
13.1,13.1_33.2,41.489571,-81.71175,2025-09-24T10:30:00Z,0,"Sensor drift/flat low values at 13.1_33.2, Aug-Nov 2025"
13.1,13.1_33.2,41.489571,-81.71175,2025-09-24T11:00:00Z,0,"Sensor drift/flat low values at 13.1_33.2, Aug-Nov 2025"
13.1,13.1_33.2,41.489571,-81.71175,2025-09-24T11:30:00Z,0,"Sensor drift/flat low values at 13.1_33.2, Aug-Nov 2025"
13.1,13.1_33.2,41.489571,-81.71175,2025-09-24T12:00:00Z,0,"Sensor drift/flat low values at 13.1_33.2, Aug-Nov 2025"
13.1,13.1_33.2,41.489571,-81.71175,2025-09-24T12:30:00Z,0,"Sensor drift/flat low values at 13.1_33.2, Aug-Nov 2025"
13.1,13.1_33.2,41.489571,-81.71175,2025-09-24T13:00:00Z,0,"Sensor drift/flat low values at 13.1_33.2, Aug-Nov 2025"
13.1,13.1_33.2,41.489571,-81.71175,2025-09-24T13:30:00Z,0,"Sensor drift/flat low values at 13.1_33.2, Aug-Nov 2025"
13.1,13.1_33.2,41.489571,-81.71175,2025-09-24T14:00:00Z,0,"Sensor drift/flat low values at 13.1_33.2, Aug-Nov 2025"
13.1,13.1_33.2,41.489571,-81.71175,2025-09-24T14:30:00Z,0,"Sensor drift/flat low values at 13.1_33.2, Aug-Nov 2025"
13.1,13.1_33.2,41.489571,-81.71175,2025-09-24T15:00:00Z,0,"Sensor drift/flat low values at 13.1_33.2, Aug-Nov 2025"
13.1,13.1_33.2,41.489571,-81.71175,2025-09-24T15:30:00Z,0,"Sensor drift/flat low values at 13.1_33.2, Aug-Nov 2025"
13.1,13.1_33.2,41.489571,-81.71175,2025-09-24T16:00:00Z,0,"Sensor drift/flat low values at 13.1_33.2, Aug-Nov 2025"
13.1,13.1_33.2,41.489571,-81.71175,2025-09-24T16:30:00Z,0,"Sensor drift/flat low values at 13.1_33.2, Aug-Nov 2025"
13.1,13.1_33.2,41.489571,-81.71175,2025-09-24T17:00:00Z,0,"Sensor drift/flat low values at 13.1_33.2, Aug-Nov 2025"
13.1,13.1_33.2,41.489571,-81.71175,2025-09-24T17:30:00Z,0,"Sensor drift/flat low values at 13.1_33.2, Aug-Nov 2025"
13.1,13.1_33.2,41.489571,-81.71175,2025-09-24T18:00:00Z,0,"Sensor drift/flat low values at 13.1_33.2, Aug-Nov 2025"
13.1,13.1_33.2,41.489571,-81.71175,2025-09-24T18:30:00Z,0,"Sensor drift/flat low values at 13.1_33.2, Aug-Nov 2025"
13.1,13.1_33.2,41.489571,-81.71175,2025-09-24T19:00:00Z,0,"Sensor drift/flat low values at 13.1_33.2, Aug-Nov 2025"
13.1,13.1_33.2,41.489571,-81.71175,2025-09-24T19:30:00Z,0,"Sensor drift/flat low values at 13.1_33.2, Aug-Nov 2025"
13.1,13.1_33.2,41.489571,-81.71175,2025-09-24T20:00:00Z,0,"Sensor drift/flat low values at 13.1_33.2, Aug-Nov 2025"
13.1,13.1_33.2,41.489571,-81.71175,2025-09-24T20:30:00Z,0,"Sensor drift/flat low values at 13.1_33.2, Aug-Nov 2025"
13.1,13.1_33.2,41.489571,-81.71175,2025-09-24T21:00:00Z,0,"Sensor drift/flat low values at 13.1_33.2, Aug-Nov 2025"
13.1,13.1_33.2,41.489571,-81.71175,2025-09-24T21:30:00Z,0,"Sensor drift/flat low values at 13.1_33.2, Aug-Nov 2025"
13.1,13.1_33.2,41.489571,-81.71175,2025-09-24T22:00:00Z,0,"Sensor drift/flat low values at 13.1_33.2, Aug-Nov 2025"
13.1,13.1_33.2,41.489571,-81.71175,2025-09-24T22:30:00Z,0,"Sensor drift/flat low values at 13.1_33.2, Aug-Nov 2025"
13.1,13.1_33.2,41.489571,-81.71175,2025-09-24T23:00:00Z,0,"Sensor drift/flat low values at 13.1_33.2, Aug-Nov 2025"
13.1,13.1_33.2,41.489571,-81.71175,2025-09-24T23:30:00Z,0,"Sensor drift/flat low values at 13.1_33.2, Aug-Nov 2025"
13.1,13.1_33.2,41.489571,-81.71175,2025-09-25T00:00:00Z,0,"Sensor drift/flat low values at 13.1_33.2, Aug-Nov 2025"
13.1,13.1_33.2,41.489571,-81.71175,2025-09-25T00:30:00Z,0,"Sensor drift/flat low values at 13.1_33.2, Aug-Nov 2025"
13.1,13.1_33.2,41.489571,-81.71175,2025-09-25T01:00:00Z,0,"Sensor drift/flat low values at 13.1_33.2, Aug-Nov 2025"
13.1,13.1_33.2,41.489571,-81.71175,2025-09-25T01:30:00Z,0,"Sensor drift/flat low values at 13.1_33.2, Aug-Nov 2025"
13.1,13.1_33.2,41.489571,-81.71175,2025-09-25T02:00:00Z,0,"Sensor drift/flat low values at 13.1_33.2, Aug-Nov 2025"
13.1,13.1_33.2,41.489571,-81.71175,2025-09-25T02:30:00Z,0,"Sensor drift/flat low values at 13.1_33.2, Aug-Nov 2025"
13.1,13.1_33.2,41.489571,-81.71175,2025-09-25T03:00:00Z,0,"Sensor drift/flat low values at 13.1_33.2, Aug-Nov 2025"
13.1,13.1_33.2,41.489571,-81.71175,2025-09-25T03:30:00Z,0,"Sensor drift/flat low values at 13.1_33.2, Aug-Nov 2025"
13.1,13.1_33.2,41.489571,-81.71175,2025-09-25T04:00:00Z,0,"Sensor drift/flat low values at 13.1_33.2, Aug-Nov 2025"
13.1,13.1_33.2,41.489571,-81.71175,2025-09-25T04:30:00Z,0,"Sensor drift/flat low values at 13.1_33.2, Aug-Nov 2025"
13.1,13.1_33.2,41.489571,-81.71175,2025-09-25T05:00:00Z,0,"Sensor drift/flat low values at 13.1_33.2, Aug-Nov 2025"
13.1,13.1_33.2,41.489571,-81.71175,2025-09-25T05:30:00Z,0,"Sensor drift/flat low values at 13.1_33.2, Aug-Nov 2025"
13.1,13.1_33.2,41.489571,-81.71175,2025-09-25T06:00:00Z,0,"Sensor drift/flat low values at 13.1_33.2, Aug-Nov 2025"
13.1,13.1_33.2,41.489571,-81.71175,2025-09-25T06:30:00Z,0,"Sensor drift/flat low values at 13.1_33.2, Aug-Nov 2025"
13.1,13.1_33.2,41.489571,-81.71175,2025-09-25T07:00:00Z,0,"Sensor drift/flat low values at 13.1_33.2, Aug-Nov 2025"
13.1,13.1_33.2,41.489571,-81.71175,2025-09-25T07:30:00Z,0,"Sensor drift/flat low values at 13.1_33.2, Aug-Nov 2025"
13.1,13.1_33.2,41.489571,-81.71175,2025-09-25T08:00:00Z,0,"Sensor drift/flat low values at 13.1_33.2, Aug-Nov 2025"
13.1,13.1_33.2,41.489571,-81.71175,2025-09-25T08:30:00Z,0,"Sensor drift/flat low values at 13.1_33.2, Aug-Nov 2025"
13.1,13.1_33.2,41.489571,-81.71175,2025-09-25T09:00:00Z,0,"Sensor drift/flat low values at 13.1_33.2, Aug-Nov 2025"
13.1,13.1_33.2,41.489571,-81.71175,2025-09-25T09:30:00Z,0,"Sensor drift/flat low values at 13.1_33.2, Aug-Nov 2025"
13.1,13.1_33.2,41.489571,-81.71175,2025-09-25T10:00:00Z,0,"Sensor drift/flat low values at 13.1_33.2, Aug-Nov 2025"
13.1,13.1_33.2,41.489571,-81.71175,2025-09-25T10:30:00Z,0,"Sensor drift/flat low values at 13.1_33.2, Aug-Nov 2025"
13.1,13.1_33.2,41.489571,-81.71175,2025-09-25T11:00:00Z,0,"Sensor drift/flat low values at 13.1_33.2, Aug-Nov 2025"
13.1,13.1_33.2,41.489571,-81.71175,2025-09-25T11:30:00Z,0,"Sensor drift/flat low values at 13.1_33.2, Aug-Nov 2025"
13.1,13.1_33.2,41.489571,-81.71175,2025-09-25T12:00:00Z,0,"Sensor drift/flat low values at 13.1_33.2, Aug-Nov 2025"
13.1,13.1_33.2,41.489571,-81.71175,2025-09-25T12:30:00Z,0,"Sensor drift/flat low values at 13.1_33.2, Aug-Nov 2025"
13.1,13.1_33.2,41.489571,-81.71175,2025-09-25T13:00:00Z,0,"Sensor drift/flat low values at 13.1_33.2, Aug-Nov 2025"
13.1,13.1_33.2,41.489571,-81.71175,2025-09-25T13:30:00Z,0,"Sensor drift/flat low values at 13.1_33.2, Aug-Nov 2025"
13.1,13.1_33.2,41.489571,-81.71175,2025-09-25T14:00:00Z,0,"Sensor drift/flat low values at 13.1_33.2, Aug-Nov 2025"
13.1,13.1_33.2,41.489571,-81.71175,2025-09-25T14:30:00Z,0,"Sensor drift/flat low values at 13.1_33.2, Aug-Nov 2025"
13.1,13.1_33.2,41.489571,-81.71175,2025-09-25T15:00:00Z,0,"Sensor drift/flat low values at 13.1_33.2, Aug-Nov 2025"
13.1,13.1_33.2,41.489571,-81.71175,2025-09-25T15:30:00Z,0,"Sensor drift/flat low values at 13.1_33.2, Aug-Nov 2025"
13.1,13.1_33.2,41.489571,-81.71175,2025-09-25T16:00:00Z,0,"Sensor drift/flat low values at 13.1_33.2, Aug-Nov 2025"
13.1,13.1_33.2,41.489571,-81.71175,2025-09-25T16:30:00Z,0,"Sensor drift/flat low values at 13.1_33.2, Aug-Nov 2025"
13.1,13.1_33.2,41.489571,-81.71175,2025-09-25T17:00:00Z,0,"Sensor drift/flat low values at 13.1_33.2, Aug-Nov 2025"
13.1,13.1_33.2,41.489571,-81.71175,2025-09-25T17:30:00Z,0,"Sensor drift/flat low values at 13.1_33.2, Aug-Nov 2025"
13.1,13.1_33.2,41.489571,-81.71175,2025-09-25T18:00:00Z,0,"Sensor drift/flat low values at 13.1_33.2, Aug-Nov 2025"
13.1,13.1_33.2,41.489571,-81.71175,2025-09-25T18:30:00Z,0,"Sensor drift/flat low values at 13.1_33.2, Aug-Nov 2025"
13.1,13.1_33.2,41.489571,-81.71175,2025-09-25T19:00:00Z,0,"Sensor drift/flat low values at 13.1_33.2, Aug-Nov 2025"
13.1,13.1_33.2,41.489571,-81.71175,2025-09-25T19:30:00Z,0,"Sensor drift/flat low values at 13.1_33.2, Aug-Nov 2025"
13.1,13.1_33.2,41.489571,-81.71175,2025-09-25T20:00:00Z,0,"Sensor drift/flat low values at 13.1_33.2, Aug-Nov 2025"
13.1,13.1_33.2,41.489571,-81.71175,2025-09-25T20:30:00Z,0,"Sensor drift/flat low values at 13.1_33.2, Aug-Nov 2025"
13.1,13.1_33.2,41.489571,-81.71175,2025-09-25T21:00:00Z,0,"Sensor drift/flat low values at 13.1_33.2, Aug-Nov 2025"
13.1,13.1_33.2,41.489571,-81.71175,2025-09-25T21:30:00Z,0,"Sensor drift/flat low values at 13.1_33.2, Aug-Nov 2025"
13.1,13.1_33.2,41.489571,-81.71175,2025-09-25T22:00:00Z,0,"Sensor drift/flat low values at 13.1_33.2, Aug-Nov 2025"
13.1,13.1_33.2,41.489571,-81.71175,2025-09-25T22:30:00Z,0,"Sensor drift/flat low values at 13.1_33.2, Aug-Nov 2025"
13.1,13.1_33.2,41.489571,-81.71175,2025-09-25T23:00:00Z,0,"Sensor drift/flat low values at 13.1_33.2, Aug-Nov 2025"
13.1,13.1_33.2,41.489571,-81.71175,2025-09-25T23:30:00Z,0,"Sensor drift/flat low values at 13.1_33.2, Aug-Nov 2025"
13.1,13.1_33.2,41.489571,-81.71175,2025-09-26T00:00:00Z,0,"Sensor drift/flat low values at 13.1_33.2, Aug-Nov 2025"
13.1,13.1_33.2,41.489571,-81.71175,2025-09-26T00:30:00Z,0,"Sensor drift/flat low values at 13.1_33.2, Aug-Nov 2025"
13.1,13.1_33.2,41.489571,-81.71175,2025-09-26T01:00:00Z,0,"Sensor drift/flat low values at 13.1_33.2, Aug-Nov 2025"
13.1,13.1_33.2,41.489571,-81.71175,2025-09-26T01:30:00Z,0,"Sensor drift/flat low values at 13.1_33.2, Aug-Nov 2025"
13.1,13.1_33.2,41.489571,-81.71175,2025-09-26T02:00:00Z,0,"Sensor drift/flat low values at 13.1_33.2, Aug-Nov 2025"
13.1,13.1_33.2,41.489571,-81.71175,2025-09-26T02:30:00Z,0,"Sensor drift/flat low values at 13.1_33.2, Aug-Nov 2025"
13.1,13.1_33.2,41.489571,-81.71175,2025-09-26T03:00:00Z,0,"Sensor drift/flat low values at 13.1_33.2, Aug-Nov 2025"
13.1,13.1_33.2,41.489571,-81.71175,2025-09-26T04:00:00Z,0,"Sensor drift/flat low values at 13.1_33.2, Aug-Nov 2025"
13.1,13.1_33.2,41.489571,-81.71175,2025-09-26T07:30:00Z,0,"Sensor drift/flat low values at 13.1_33.2, Aug-Nov 2025"
13.1,13.1_33.2,41.489571,-81.71175,2025-09-26T08:00:00Z,0,"Sensor drift/flat low values at 13.1_33.2, Aug-Nov 2025"
13.1,13.1_33.2,41.489571,-81.71175,2025-09-26T10:00:00Z,0,"Sensor drift/flat low values at 13.1_33.2, Aug-Nov 2025"
13.1,13.1_33.2,41.489571,-81.71175,2025-09-26T11:00:00Z,0,"Sensor drift/flat low values at 13.1_33.2, Aug-Nov 2025"
13.1,13.1_33.2,41.489571,-81.71175,2025-09-26T23:00:00Z,0,"Sensor drift/flat low values at 13.1_33.2, Aug-Nov 2025"
13.1,13.1_33.2,41.489571,-81.71175,2025-09-27T00:30:00Z,0,"Sensor drift/flat low values at 13.1_33.2, Aug-Nov 2025"
13.1,13.1_33.2,41.489571,-81.71175,2025-09-27T01:00:00Z,0,"Sensor drift/flat low values at 13.1_33.2, Aug-Nov 2025"
13.1,13.1_33.2,41.489571,-81.71175,2025-09-27T02:00:00Z,0,"Sensor drift/flat low values at 13.1_33.2, Aug-Nov 2025"
13.1,13.1_33.2,41.489571,-81.71175,2025-09-27T02:30:00Z,0,"Sensor drift/flat low values at 13.1_33.2, Aug-Nov 2025"
13.1,13.1_33.2,41.489571,-81.71175,2025-09-27T03:00:00Z,0,"Sensor drift/flat low values at 13.1_33.2, Aug-Nov 2025"
13.1,13.1_33.2,41.489571,-81.71175,2025-09-27T05:00:00Z,0,"Sensor drift/flat low values at 13.1_33.2, Aug-Nov 2025"
13.1,13.1_33.2,41.489571,-81.71175,2025-09-27T05:30:00Z,0,"Sensor drift/flat low values at 13.1_33.2, Aug-Nov 2025"
13.1,13.1_33.2,41.489571,-81.71175,2025-09-27T07:30:00Z,0,"Sensor drift/flat low values at 13.1_33.2, Aug-Nov 2025"
13.1,13.1_33.2,41.489571,-81.71175,2025-09-27T09:00:00Z,0,"Sensor drift/flat low values at 13.1_33.2, Aug-Nov 2025"
13.1,13.1_33.2,41.489571,-81.71175,2025-09-27T09:30:00Z,0,"Sensor drift/flat low values at 13.1_33.2, Aug-Nov 2025"
13.1,13.1_33.2,41.489571,-81.71175,2025-09-27T10:00:00Z,0,"Sensor drift/flat low values at 13.1_33.2, Aug-Nov 2025"
13.1,13.1_33.2,41.489571,-81.71175,2025-09-27T10:30:00Z,0,"Sensor drift/flat low values at 13.1_33.2, Aug-Nov 2025"
13.1,13.1_33.2,41.489571,-81.71175,2025-09-27T11:00:00Z,0,"Sensor drift/flat low values at 13.1_33.2, Aug-Nov 2025"
13.1,13.1_33.2,41.489571,-81.71175,2025-09-27T11:30:00Z,0,"Sensor drift/flat low values at 13.1_33.2, Aug-Nov 2025"
13.1,13.1_33.2,41.489571,-81.71175,2025-09-27T12:00:00Z,0,"Sensor drift/flat low values at 13.1_33.2, Aug-Nov 2025"
13.1,13.1_33.2,41.489571,-81.71175,2025-09-27T12:30:00Z,0,"Sensor drift/flat low values at 13.1_33.2, Aug-Nov 2025"
13.1,13.1_33.2,41.489571,-81.71175,2025-09-27T13:00:00Z,0,"Sensor drift/flat low values at 13.1_33.2, Aug-Nov 2025"
13.1,13.1_33.2,41.489571,-81.71175,2025-09-27T13:30:00Z,0,"Sensor drift/flat low values at 13.1_33.2, Aug-Nov 2025"
13.1,13.1_33.2,41.489571,-81.71175,2025-09-27T14:00:00Z,0,"Sensor drift/flat low values at 13.1_33.2, Aug-Nov 2025"
13.1,13.1_33.2,41.489571,-81.71175,2025-09-27T14:30:00Z,0,"Sensor drift/flat low values at 13.1_33.2, Aug-Nov 2025"
13.1,13.1_33.2,41.489571,-81.71175,2025-09-27T15:00:00Z,0,"Sensor drift/flat low values at 13.1_33.2, Aug-Nov 2025"
13.1,13.1_33.2,41.489571,-81.71175,2025-09-27T15:30:00Z,0,"Sensor drift/flat low values at 13.1_33.2, Aug-Nov 2025"
13.1,13.1_33.2,41.489571,-81.71175,2025-09-27T16:00:00Z,0,"Sensor drift/flat low values at 13.1_33.2, Aug-Nov 2025"
13.1,13.1_33.2,41.489571,-81.71175,2025-09-27T16:30:00Z,0,"Sensor drift/flat low values at 13.1_33.2, Aug-Nov 2025"
13.1,13.1_33.2,41.489571,-81.71175,2025-09-27T17:00:00Z,0,"Sensor drift/flat low values at 13.1_33.2, Aug-Nov 2025"
13.1,13.1_33.2,41.489571,-81.71175,2025-09-27T17:30:00Z,0,"Sensor drift/flat low values at 13.1_33.2, Aug-Nov 2025"
13.1,13.1_33.2,41.489571,-81.71175,2025-09-27T18:00:00Z,0,"Sensor drift/flat low values at 13.1_33.2, Aug-Nov 2025"
13.1,13.1_33.2,41.489571,-81.71175,2025-09-27T18:30:00Z,0,"Sensor drift/flat low values at 13.1_33.2, Aug-Nov 2025"
13.1,13.1_33.2,41.489571,-81.71175,2025-09-27T19:00:00Z,0,"Sensor drift/flat low values at 13.1_33.2, Aug-Nov 2025"
13.1,13.1_33.2,41.489571,-81.71175,2025-09-27T19:30:00Z,0,"Sensor drift/flat low values at 13.1_33.2, Aug-Nov 2025"
13.1,13.1_33.2,41.489571,-81.71175,2025-09-27T20:00:00Z,0,"Sensor drift/flat low values at 13.1_33.2, Aug-Nov 2025"
13.1,13.1_33.2,41.489571,-81.71175,2025-09-27T20:30:00Z,0,"Sensor drift/flat low values at 13.1_33.2, Aug-Nov 2025"
13.1,13.1_33.2,41.489571,-81.71175,2025-09-27T21:00:00Z,0,"Sensor drift/flat low values at 13.1_33.2, Aug-Nov 2025"
13.1,13.1_33.2,41.489571,-81.71175,2025-09-27T21:30:00Z,0,"Sensor drift/flat low values at 13.1_33.2, Aug-Nov 2025"
13.1,13.1_33.2,41.489571,-81.71175,2025-09-27T22:00:00Z,0,"Sensor drift/flat low values at 13.1_33.2, Aug-Nov 2025"
13.1,13.1_33.2,41.489571,-81.71175,2025-09-27T22:30:00Z,0,"Sensor drift/flat low values at 13.1_33.2, Aug-Nov 2025"
13.1,13.1_33.2,41.489571,-81.71175,2025-09-27T23:00:00Z,0,"Sensor drift/flat low values at 13.1_33.2, Aug-Nov 2025"
13.1,13.1_33.2,41.489571,-81.71175,2025-09-27T23:30:00Z,0,"Sensor drift/flat low values at 13.1_33.2, Aug-Nov 2025"
13.1,13.1_33.2,41.489571,-81.71175,2025-09-28T00:00:00Z,0,"Sensor drift/flat low values at 13.1_33.2, Aug-Nov 2025"
13.1,13.1_33.2,41.489571,-81.71175,2025-09-28T00:30:00Z,0,"Sensor drift/flat low values at 13.1_33.2, Aug-Nov 2025"
13.1,13.1_33.2,41.489571,-81.71175,2025-09-28T01:00:00Z,0,"Sensor drift/flat low values at 13.1_33.2, Aug-Nov 2025"
13.1,13.1_33.2,41.489571,-81.71175,2025-09-28T01:30:00Z,0,"Sensor drift/flat low values at 13.1_33.2, Aug-Nov 2025"
13.1,13.1_33.2,41.489571,-81.71175,2025-09-28T02:30:00Z,0,"Sensor drift/flat low values at 13.1_33.2, Aug-Nov 2025"
13.1,13.1_33.2,41.489571,-81.71175,2025-09-28T06:30:00Z,0,"Sensor drift/flat low values at 13.1_33.2, Aug-Nov 2025"
13.1,13.1_33.2,41.489571,-81.71175,2025-09-28T08:00:00Z,0,"Sensor drift/flat low values at 13.1_33.2, Aug-Nov 2025"
13.1,13.1_33.2,41.489571,-81.71175,2025-09-28T08:30:00Z,0,"Sensor drift/flat low values at 13.1_33.2, Aug-Nov 2025"
13.1,13.1_33.2,41.489571,-81.71175,2025-09-28T09:00:00Z,0,"Sensor drift/flat low values at 13.1_33.2, Aug-Nov 2025"
13.1,13.1_33.2,41.489571,-81.71175,2025-09-28T09:30:00Z,0,"Sensor drift/flat low values at 13.1_33.2, Aug-Nov 2025"
13.1,13.1_33.2,41.489571,-81.71175,2025-09-28T10:00:00Z,0,"Sensor drift/flat low values at 13.1_33.2, Aug-Nov 2025"
13.1,13.1_33.2,41.489571,-81.71175,2025-09-28T10:30:00Z,0,"Sensor drift/flat low values at 13.1_33.2, Aug-Nov 2025"
13.1,13.1_33.2,41.489571,-81.71175,2025-09-28T11:00:00Z,0,"Sensor drift/flat low values at 13.1_33.2, Aug-Nov 2025"
13.1,13.1_33.2,41.489571,-81.71175,2025-09-28T11:30:00Z,0,"Sensor drift/flat low values at 13.1_33.2, Aug-Nov 2025"
13.1,13.1_33.2,41.489571,-81.71175,2025-09-28T12:00:00Z,0,"Sensor drift/flat low values at 13.1_33.2, Aug-Nov 2025"
13.1,13.1_33.2,41.489571,-81.71175,2025-09-28T12:30:00Z,0,"Sensor drift/flat low values at 13.1_33.2, Aug-Nov 2025"
13.1,13.1_33.2,41.489571,-81.71175,2025-09-28T13:00:00Z,0,"Sensor drift/flat low values at 13.1_33.2, Aug-Nov 2025"
13.1,13.1_33.2,41.489571,-81.71175,2025-09-28T13:30:00Z,0,"Sensor drift/flat low values at 13.1_33.2, Aug-Nov 2025"
13.1,13.1_33.2,41.489571,-81.71175,2025-09-28T14:00:00Z,0,"Sensor drift/flat low values at 13.1_33.2, Aug-Nov 2025"
13.1,13.1_33.2,41.489571,-81.71175,2025-09-28T14:30:00Z,0,"Sensor drift/flat low values at 13.1_33.2, Aug-Nov 2025"
13.1,13.1_33.2,41.489571,-81.71175,2025-09-28T15:00:00Z,0,"Sensor drift/flat low values at 13.1_33.2, Aug-Nov 2025"
13.1,13.1_33.2,41.489571,-81.71175,2025-09-28T15:30:00Z,0,"Sensor drift/flat low values at 13.1_33.2, Aug-Nov 2025"
13.1,13.1_33.2,41.489571,-81.71175,2025-09-28T16:00:00Z,0,"Sensor drift/flat low values at 13.1_33.2, Aug-Nov 2025"
13.1,13.1_33.2,41.489571,-81.71175,2025-09-28T16:30:00Z,0,"Sensor drift/flat low values at 13.1_33.2, Aug-Nov 2025"
13.1,13.1_33.2,41.489571,-81.71175,2025-09-28T17:00:00Z,0,"Sensor drift/flat low values at 13.1_33.2, Aug-Nov 2025"
13.1,13.1_33.2,41.489571,-81.71175,2025-09-28T17:30:00Z,0,"Sensor drift/flat low values at 13.1_33.2, Aug-Nov 2025"
13.1,13.1_33.2,41.489571,-81.71175,2025-09-28T18:00:00Z,0,"Sensor drift/flat low values at 13.1_33.2, Aug-Nov 2025"
13.1,13.1_33.2,41.489571,-81.71175,2025-09-28T18:30:00Z,0,"Sensor drift/flat low values at 13.1_33.2, Aug-Nov 2025"
13.1,13.1_33.2,41.489571,-81.71175,2025-09-28T19:00:00Z,0,"Sensor drift/flat low values at 13.1_33.2, Aug-Nov 2025"
13.1,13.1_33.2,41.489571,-81.71175,2025-09-28T19:30:00Z,0,"Sensor drift/flat low values at 13.1_33.2, Aug-Nov 2025"
13.1,13.1_33.2,41.489571,-81.71175,2025-09-28T20:00:00Z,0,"Sensor drift/flat low values at 13.1_33.2, Aug-Nov 2025"
13.1,13.1_33.2,41.489571,-81.71175,2025-09-28T20:30:00Z,0,"Sensor drift/flat low values at 13.1_33.2, Aug-Nov 2025"
13.1,13.1_33.2,41.489571,-81.71175,2025-09-28T21:00:00Z,0,"Sensor drift/flat low values at 13.1_33.2, Aug-Nov 2025"
13.1,13.1_33.2,41.489571,-81.71175,2025-09-28T21:30:00Z,0,"Sensor drift/flat low values at 13.1_33.2, Aug-Nov 2025"
13.1,13.1_33.2,41.489571,-81.71175,2025-09-28T22:00:00Z,0,"Sensor drift/flat low values at 13.1_33.2, Aug-Nov 2025"
13.1,13.1_33.2,41.489571,-81.71175,2025-09-28T22:30:00Z,0,"Sensor drift/flat low values at 13.1_33.2, Aug-Nov 2025"
13.1,13.1_33.2,41.489571,-81.71175,2025-09-28T23:00:00Z,0,"Sensor drift/flat low values at 13.1_33.2, Aug-Nov 2025"
13.1,13.1_33.2,41.489571,-81.71175,2025-09-28T23:30:00Z,0,"Sensor drift/flat low values at 13.1_33.2, Aug-Nov 2025"
13.1,13.1_33.2,41.489571,-81.71175,2025-09-29T00:00:00Z,0,"Sensor drift/flat low values at 13.1_33.2, Aug-Nov 2025"
13.1,13.1_33.2,41.489571,-81.71175,2025-09-29T00:30:00Z,0,"Sensor drift/flat low values at 13.1_33.2, Aug-Nov 2025"
13.1,13.1_33.2,41.489571,-81.71175,2025-09-29T01:00:00Z,0,"Sensor drift/flat low values at 13.1_33.2, Aug-Nov 2025"
13.1,13.1_33.2,41.489571,-81.71175,2025-09-29T01:30:00Z,0,"Sensor drift/flat low values at 13.1_33.2, Aug-Nov 2025"
13.1,13.1_33.2,41.489571,-81.71175,2025-09-29T02:00:00Z,0,"Sensor drift/flat low values at 13.1_33.2, Aug-Nov 2025"
13.1,13.1_33.2,41.489571,-81.71175,2025-09-29T02:30:00Z,0,"Sensor drift/flat low values at 13.1_33.2, Aug-Nov 2025"
13.1,13.1_33.2,41.489571,-81.71175,2025-09-29T03:30:00Z,0,"Sensor drift/flat low values at 13.1_33.2, Aug-Nov 2025"
13.1,13.1_33.2,41.489571,-81.71175,2025-09-29T16:00:00Z,0,"Sensor drift/flat low values at 13.1_33.2, Aug-Nov 2025"
13.1,13.1_33.2,41.489571,-81.71175,2025-09-29T16:30:00Z,0,"Sensor drift/flat low values at 13.1_33.2, Aug-Nov 2025"
13.1,13.1_33.2,41.489571,-81.71175,2025-09-29T17:30:00Z,0,"Sensor drift/flat low values at 13.1_33.2, Aug-Nov 2025"
13.1,13.1_33.2,41.489571,-81.71175,2025-09-29T22:00:00Z,0,"Sensor drift/flat low values at 13.1_33.2, Aug-Nov 2025"
13.1,13.1_33.2,41.489571,-81.71175,2025-09-29T22:30:00Z,0,"Sensor drift/flat low values at 13.1_33.2, Aug-Nov 2025"
13.1,13.1_33.2,41.489571,-81.71175,2025-09-29T23:00:00Z,0,"Sensor drift/flat low values at 13.1_33.2, Aug-Nov 2025"
13.1,13.1_33.2,41.489571,-81.71175,2025-09-29T23:30:00Z,0,"Sensor drift/flat low values at 13.1_33.2, Aug-Nov 2025"
13.1,13.1_33.2,41.489571,-81.71175,2025-09-30T00:00:00Z,0,"Sensor drift/flat low values at 13.1_33.2, Aug-Nov 2025"
13.1,13.1_33.2,41.489571,-81.71175,2025-09-30T00:30:00Z,0,"Sensor drift/flat low values at 13.1_33.2, Aug-Nov 2025"
13.1,13.1_33.2,41.489571,-81.71175,2025-09-30T01:00:00Z,0,"Sensor drift/flat low values at 13.1_33.2, Aug-Nov 2025"
13.1,13.1_33.2,41.489571,-81.71175,2025-09-30T01:30:00Z,0,"Sensor drift/flat low values at 13.1_33.2, Aug-Nov 2025"
13.1,13.1_33.2,41.489571,-81.71175,2025-09-30T02:00:00Z,0,"Sensor drift/flat low values at 13.1_33.2, Aug-Nov 2025"
13.1,13.1_33.2,41.489571,-81.71175,2025-09-30T02:30:00Z,0,"Sensor drift/flat low values at 13.1_33.2, Aug-Nov 2025"
13.1,13.1_33.2,41.489571,-81.71175,2025-09-30T03:00:00Z,0,"Sensor drift/flat low values at 13.1_33.2, Aug-Nov 2025"
13.1,13.1_33.2,41.489571,-81.71175,2025-09-30T03:30:00Z,0,"Sensor drift/flat low values at 13.1_33.2, Aug-Nov 2025"
13.1,13.1_33.2,41.489571,-81.71175,2025-09-30T04:00:00Z,0,"Sensor drift/flat low values at 13.1_33.2, Aug-Nov 2025"
13.1,13.1_33.2,41.489571,-81.71175,2025-09-30T04:30:00Z,0,"Sensor drift/flat low values at 13.1_33.2, Aug-Nov 2025"
13.1,13.1_33.2,41.489571,-81.71175,2025-09-30T05:00:00Z,0,"Sensor drift/flat low values at 13.1_33.2, Aug-Nov 2025"
13.1,13.1_33.2,41.489571,-81.71175,2025-09-30T05:30:00Z,0,"Sensor drift/flat low values at 13.1_33.2, Aug-Nov 2025"
13.1,13.1_33.2,41.489571,-81.71175,2025-09-30T06:00:00Z,0,"Sensor drift/flat low values at 13.1_33.2, Aug-Nov 2025"
13.1,13.1_33.2,41.489571,-81.71175,2025-09-30T06:30:00Z,0,"Sensor drift/flat low values at 13.1_33.2, Aug-Nov 2025"
13.1,13.1_33.2,41.489571,-81.71175,2025-09-30T07:00:00Z,0,"Sensor drift/flat low values at 13.1_33.2, Aug-Nov 2025"
13.1,13.1_33.2,41.489571,-81.71175,2025-09-30T07:30:00Z,0,"Sensor drift/flat low values at 13.1_33.2, Aug-Nov 2025"
13.1,13.1_33.2,41.489571,-81.71175,2025-09-30T08:00:00Z,0,"Sensor drift/flat low values at 13.1_33.2, Aug-Nov 2025"
13.1,13.1_33.2,41.489571,-81.71175,2025-09-30T08:30:00Z,0,"Sensor drift/flat low values at 13.1_33.2, Aug-Nov 2025"
13.1,13.1_33.2,41.489571,-81.71175,2025-09-30T09:00:00Z,0,"Sensor drift/flat low values at 13.1_33.2, Aug-Nov 2025"
13.1,13.1_33.2,41.489571,-81.71175,2025-09-30T09:30:00Z,0,"Sensor drift/flat low values at 13.1_33.2, Aug-Nov 2025"
13.1,13.1_33.2,41.489571,-81.71175,2025-09-30T10:00:00Z,0,"Sensor drift/flat low values at 13.1_33.2, Aug-Nov 2025"
13.1,13.1_33.2,41.489571,-81.71175,2025-09-30T10:30:00Z,0,"Sensor drift/flat low values at 13.1_33.2, Aug-Nov 2025"
13.1,13.1_33.2,41.489571,-81.71175,2025-09-30T11:00:00Z,0,"Sensor drift/flat low values at 13.1_33.2, Aug-Nov 2025"
13.1,13.1_33.2,41.489571,-81.71175,2025-09-30T11:30:00Z,0,"Sensor drift/flat low values at 13.1_33.2, Aug-Nov 2025"
13.1,13.1_33.2,41.489571,-81.71175,2025-09-30T12:00:00Z,0,"Sensor drift/flat low values at 13.1_33.2, Aug-Nov 2025"
13.1,13.1_33.2,41.489571,-81.71175,2025-09-30T12:30:00Z,0,"Sensor drift/flat low values at 13.1_33.2, Aug-Nov 2025"
13.1,13.1_33.2,41.489571,-81.71175,2025-09-30T13:00:00Z,0,"Sensor drift/flat low values at 13.1_33.2, Aug-Nov 2025"
13.1,13.1_33.2,41.489571,-81.71175,2025-09-30T13:30:00Z,0,"Sensor drift/flat low values at 13.1_33.2, Aug-Nov 2025"
13.1,13.1_33.2,41.489571,-81.71175,2025-09-30T17:30:00Z,0,"Sensor drift/flat low values at 13.1_33.2, Aug-Nov 2025"
13.1,13.1_33.2,41.489571,-81.71175,2025-09-30T18:00:00Z,0,"Sensor drift/flat low values at 13.1_33.2, Aug-Nov 2025"
13.1,13.1_33.2,41.489571,-81.71175,2025-09-30T18:30:00Z,0,"Sensor drift/flat low values at 13.1_33.2, Aug-Nov 2025"
13.1,13.1_33.2,41.489571,-81.71175,2025-09-30T19:00:00Z,0,"Sensor drift/flat low values at 13.1_33.2, Aug-Nov 2025"
13.1,13.1_33.2,41.489571,-81.71175,2025-09-30T19:30:00Z,0,"Sensor drift/flat low values at 13.1_33.2, Aug-Nov 2025"
13.1,13.1_33.2,41.489571,-81.71175,2025-09-30T20:00:00Z,0,"Sensor drift/flat low values at 13.1_33.2, Aug-Nov 2025"
13.1,13.1_33.2,41.489571,-81.71175,2025-09-30T20:30:00Z,0,"Sensor drift/flat low values at 13.1_33.2, Aug-Nov 2025"
13.1,13.1_33.2,41.489571,-81.71175,2025-09-30T21:00:00Z,0,"Sensor drift/flat low values at 13.1_33.2, Aug-Nov 2025"
13.1,13.1_33.2,41.489571,-81.71175,2025-09-30T21:30:00Z,0,"Sensor drift/flat low values at 13.1_33.2, Aug-Nov 2025"
13.1,13.1_33.2,41.489571,-81.71175,2025-09-30T22:00:00Z,0,"Sensor drift/flat low values at 13.1_33.2, Aug-Nov 2025"
13.1,13.1_33.2,41.489571,-81.71175,2025-09-30T22:30:00Z,0,"Sensor drift/flat low values at 13.1_33.2, Aug-Nov 2025"
13.1,13.1_33.2,41.489571,-81.71175,2025-09-30T23:00:00Z,0,"Sensor drift/flat low values at 13.1_33.2, Aug-Nov 2025"
13.1,13.1_33.2,41.489571,-81.71175,2025-09-30T23:30:00Z,0,"Sensor drift/flat low values at 13.1_33.2, Aug-Nov 2025"
13.1,13.1_33.2,41.489571,-81.71175,2025-10-01T00:00:00Z,0,"Sensor drift/flat low values at 13.1_33.2, Aug-Nov 2025"
13.1,13.1_33.2,41.489571,-81.71175,2025-10-01T00:30:00Z,0,"Sensor drift/flat low values at 13.1_33.2, Aug-Nov 2025"
13.1,13.1_33.2,41.489571,-81.71175,2025-10-01T01:00:00Z,0,"Sensor drift/flat low values at 13.1_33.2, Aug-Nov 2025"
13.1,13.1_33.2,41.489571,-81.71175,2025-10-01T01:30:00Z,0,"Sensor drift/flat low values at 13.1_33.2, Aug-Nov 2025"
13.1,13.1_33.2,41.489571,-81.71175,2025-10-01T02:00:00Z,0,"Sensor drift/flat low values at 13.1_33.2, Aug-Nov 2025"
13.1,13.1_33.2,41.489571,-81.71175,2025-10-01T02:30:00Z,0,"Sensor drift/flat low values at 13.1_33.2, Aug-Nov 2025"
13.1,13.1_33.2,41.489571,-81.71175,2025-10-01T03:00:00Z,0,"Sensor drift/flat low values at 13.1_33.2, Aug-Nov 2025"
13.1,13.1_33.2,41.489571,-81.71175,2025-10-01T03:30:00Z,0,"Sensor drift/flat low values at 13.1_33.2, Aug-Nov 2025"
13.1,13.1_33.2,41.489571,-81.71175,2025-10-01T04:00:00Z,0,"Sensor drift/flat low values at 13.1_33.2, Aug-Nov 2025"
13.1,13.1_33.2,41.489571,-81.71175,2025-10-01T04:30:00Z,0,"Sensor drift/flat low values at 13.1_33.2, Aug-Nov 2025"
13.1,13.1_33.2,41.489571,-81.71175,2025-10-01T05:00:00Z,0,"Sensor drift/flat low values at 13.1_33.2, Aug-Nov 2025"
13.1,13.1_33.2,41.489571,-81.71175,2025-10-01T05:30:00Z,0,"Sensor drift/flat low values at 13.1_33.2, Aug-Nov 2025"
13.1,13.1_33.2,41.489571,-81.71175,2025-10-01T06:00:00Z,0,"Sensor drift/flat low values at 13.1_33.2, Aug-Nov 2025"
13.1,13.1_33.2,41.489571,-81.71175,2025-10-01T06:30:00Z,0,"Sensor drift/flat low values at 13.1_33.2, Aug-Nov 2025"
13.1,13.1_33.2,41.489571,-81.71175,2025-10-01T07:00:00Z,0,"Sensor drift/flat low values at 13.1_33.2, Aug-Nov 2025"
13.1,13.1_33.2,41.489571,-81.71175,2025-10-01T07:30:00Z,0,"Sensor drift/flat low values at 13.1_33.2, Aug-Nov 2025"
13.1,13.1_33.2,41.489571,-81.71175,2025-10-01T08:00:00Z,0,"Sensor drift/flat low values at 13.1_33.2, Aug-Nov 2025"
13.1,13.1_33.2,41.489571,-81.71175,2025-10-01T08:30:00Z,0,"Sensor drift/flat low values at 13.1_33.2, Aug-Nov 2025"
13.1,13.1_33.2,41.489571,-81.71175,2025-10-01T09:00:00Z,0,"Sensor drift/flat low values at 13.1_33.2, Aug-Nov 2025"
13.1,13.1_33.2,41.489571,-81.71175,2025-10-01T09:30:00Z,0,"Sensor drift/flat low values at 13.1_33.2, Aug-Nov 2025"
13.1,13.1_33.2,41.489571,-81.71175,2025-10-01T10:00:00Z,0,"Sensor drift/flat low values at 13.1_33.2, Aug-Nov 2025"
13.1,13.1_33.2,41.489571,-81.71175,2025-10-01T10:30:00Z,0,"Sensor drift/flat low values at 13.1_33.2, Aug-Nov 2025"
13.1,13.1_33.2,41.489571,-81.71175,2025-10-01T11:00:00Z,0,"Sensor drift/flat low values at 13.1_33.2, Aug-Nov 2025"
13.1,13.1_33.2,41.489571,-81.71175,2025-10-01T11:30:00Z,0,"Sensor drift/flat low values at 13.1_33.2, Aug-Nov 2025"
13.1,13.1_33.2,41.489571,-81.71175,2025-10-01T12:00:00Z,0,"Sensor drift/flat low values at 13.1_33.2, Aug-Nov 2025"
13.1,13.1_33.2,41.489571,-81.71175,2025-10-01T12:30:00Z,0,"Sensor drift/flat low values at 13.1_33.2, Aug-Nov 2025"
13.1,13.1_33.2,41.489571,-81.71175,2025-10-01T13:00:00Z,0,"Sensor drift/flat low values at 13.1_33.2, Aug-Nov 2025"
13.1,13.1_33.2,41.489571,-81.71175,2025-10-01T13:30:00Z,0,"Sensor drift/flat low values at 13.1_33.2, Aug-Nov 2025"
13.1,13.1_33.2,41.489571,-81.71175,2025-10-01T14:00:00Z,0,"Sensor drift/flat low values at 13.1_33.2, Aug-Nov 2025"
13.1,13.1_33.2,41.489571,-81.71175,2025-10-01T14:30:00Z,0,"Sensor drift/flat low values at 13.1_33.2, Aug-Nov 2025"
13.1,13.1_33.2,41.489571,-81.71175,2025-10-01T15:00:00Z,0,"Sensor drift/flat low values at 13.1_33.2, Aug-Nov 2025"
13.1,13.1_33.2,41.489571,-81.71175,2025-10-01T17:30:00Z,0,"Sensor drift/flat low values at 13.1_33.2, Aug-Nov 2025"
13.1,13.1_33.2,41.489571,-81.71175,2025-10-01T20:00:00Z,0,"Sensor drift/flat low values at 13.1_33.2, Aug-Nov 2025"
13.1,13.1_33.2,41.489571,-81.71175,2025-10-01T20:30:00Z,0,"Sensor drift/flat low values at 13.1_33.2, Aug-Nov 2025"
13.1,13.1_33.2,41.489571,-81.71175,2025-10-01T21:30:00Z,0,"Sensor drift/flat low values at 13.1_33.2, Aug-Nov 2025"
13.1,13.1_33.2,41.489571,-81.71175,2025-10-02T03:30:00Z,0,"Sensor drift/flat low values at 13.1_33.2, Aug-Nov 2025"
13.1,13.1_33.2,41.489571,-81.71175,2025-10-02T04:00:00Z,0,"Sensor drift/flat low values at 13.1_33.2, Aug-Nov 2025"
13.1,13.1_33.2,41.489571,-81.71175,2025-10-02T04:30:00Z,0,"Sensor drift/flat low values at 13.1_33.2, Aug-Nov 2025"
13.1,13.1_33.2,41.489571,-81.71175,2025-10-02T05:00:00Z,0,"Sensor drift/flat low values at 13.1_33.2, Aug-Nov 2025"
13.1,13.1_33.2,41.489571,-81.71175,2025-10-02T05:30:00Z,0,"Sensor drift/flat low values at 13.1_33.2, Aug-Nov 2025"
13.1,13.1_33.2,41.489571,-81.71175,2025-10-02T06:00:00Z,0,"Sensor drift/flat low values at 13.1_33.2, Aug-Nov 2025"
13.1,13.1_33.2,41.489571,-81.71175,2025-10-02T06:30:00Z,0,"Sensor drift/flat low values at 13.1_33.2, Aug-Nov 2025"
13.1,13.1_33.2,41.489571,-81.71175,2025-10-02T07:30:00Z,0,"Sensor drift/flat low values at 13.1_33.2, Aug-Nov 2025"
13.1,13.1_33.2,41.489571,-81.71175,2025-10-02T08:00:00Z,0,"Sensor drift/flat low values at 13.1_33.2, Aug-Nov 2025"
13.1,13.1_33.2,41.489571,-81.71175,2025-10-02T08:30:00Z,0,"Sensor drift/flat low values at 13.1_33.2, Aug-Nov 2025"
13.1,13.1_33.2,41.489571,-81.71175,2025-10-02T09:00:00Z,0,"Sensor drift/flat low values at 13.1_33.2, Aug-Nov 2025"
13.1,13.1_33.2,41.489571,-81.71175,2025-10-02T09:30:00Z,0,"Sensor drift/flat low values at 13.1_33.2, Aug-Nov 2025"
13.1,13.1_33.2,41.489571,-81.71175,2025-10-02T10:00:00Z,0,"Sensor drift/flat low values at 13.1_33.2, Aug-Nov 2025"
13.1,13.1_33.2,41.489571,-81.71175,2025-10-02T10:30:00Z,0,"Sensor drift/flat low values at 13.1_33.2, Aug-Nov 2025"
13.1,13.1_33.2,41.489571,-81.71175,2025-10-02T11:00:00Z,0,"Sensor drift/flat low values at 13.1_33.2, Aug-Nov 2025"
13.1,13.1_33.2,41.489571,-81.71175,2025-10-02T11:30:00Z,0,"Sensor drift/flat low values at 13.1_33.2, Aug-Nov 2025"
13.1,13.1_33.2,41.489571,-81.71175,2025-10-02T12:00:00Z,0,"Sensor drift/flat low values at 13.1_33.2, Aug-Nov 2025"
13.1,13.1_33.2,41.489571,-81.71175,2025-10-02T12:30:00Z,0,"Sensor drift/flat low values at 13.1_33.2, Aug-Nov 2025"
13.1,13.1_33.2,41.489571,-81.71175,2025-10-02T13:00:00Z,0,"Sensor drift/flat low values at 13.1_33.2, Aug-Nov 2025"
13.1,13.1_33.2,41.489571,-81.71175,2025-10-02T13:30:00Z,0,"Sensor drift/flat low values at 13.1_33.2, Aug-Nov 2025"
13.1,13.1_33.2,41.489571,-81.71175,2025-10-02T14:00:00Z,0,"Sensor drift/flat low values at 13.1_33.2, Aug-Nov 2025"
13.1,13.1_33.2,41.489571,-81.71175,2025-10-02T14:30:00Z,0,"Sensor drift/flat low values at 13.1_33.2, Aug-Nov 2025"
13.1,13.1_33.2,41.489571,-81.71175,2025-10-02T15:00:00Z,0,"Sensor drift/flat low values at 13.1_33.2, Aug-Nov 2025"
13.1,13.1_33.2,41.489571,-81.71175,2025-10-02T15:30:00Z,0,"Sensor drift/flat low values at 13.1_33.2, Aug-Nov 2025"
13.1,13.1_33.2,41.489571,-81.71175,2025-10-02T20:00:00Z,0,"Sensor drift/flat low values at 13.1_33.2, Aug-Nov 2025"
13.1,13.1_33.2,41.489571,-81.71175,2025-10-02T20:30:00Z,0,"Sensor drift/flat low values at 13.1_33.2, Aug-Nov 2025"
13.1,13.1_33.2,41.489571,-81.71175,2025-10-02T21:00:00Z,0,"Sensor drift/flat low values at 13.1_33.2, Aug-Nov 2025"
13.1,13.1_33.2,41.489571,-81.71175,2025-10-02T21:30:00Z,0,"Sensor drift/flat low values at 13.1_33.2, Aug-Nov 2025"
13.1,13.1_33.2,41.489571,-81.71175,2025-10-02T22:00:00Z,0,"Sensor drift/flat low values at 13.1_33.2, Aug-Nov 2025"
13.1,13.1_33.2,41.489571,-81.71175,2025-10-02T22:30:00Z,0,"Sensor drift/flat low values at 13.1_33.2, Aug-Nov 2025"
13.1,13.1_33.2,41.489571,-81.71175,2025-10-02T23:00:00Z,0,"Sensor drift/flat low values at 13.1_33.2, Aug-Nov 2025"
13.1,13.1_33.2,41.489571,-81.71175,2025-10-02T23:30:00Z,0,"Sensor drift/flat low values at 13.1_33.2, Aug-Nov 2025"
13.1,13.1_33.2,41.489571,-81.71175,2025-10-03T00:00:00Z,0,"Sensor drift/flat low values at 13.1_33.2, Aug-Nov 2025"
13.1,13.1_33.2,41.489571,-81.71175,2025-10-03T00:30:00Z,0,"Sensor drift/flat low values at 13.1_33.2, Aug-Nov 2025"
13.1,13.1_33.2,41.489571,-81.71175,2025-10-03T01:00:00Z,0,"Sensor drift/flat low values at 13.1_33.2, Aug-Nov 2025"
13.1,13.1_33.2,41.489571,-81.71175,2025-10-03T01:30:00Z,0,"Sensor drift/flat low values at 13.1_33.2, Aug-Nov 2025"
13.1,13.1_33.2,41.489571,-81.71175,2025-10-03T02:00:00Z,0,"Sensor drift/flat low values at 13.1_33.2, Aug-Nov 2025"
13.1,13.1_33.2,41.489571,-81.71175,2025-10-03T02:30:00Z,0,"Sensor drift/flat low values at 13.1_33.2, Aug-Nov 2025"
13.1,13.1_33.2,41.489571,-81.71175,2025-10-03T03:00:00Z,0,"Sensor drift/flat low values at 13.1_33.2, Aug-Nov 2025"
13.1,13.1_33.2,41.489571,-81.71175,2025-10-03T03:30:00Z,0,"Sensor drift/flat low values at 13.1_33.2, Aug-Nov 2025"
13.1,13.1_33.2,41.489571,-81.71175,2025-10-03T04:00:00Z,0,"Sensor drift/flat low values at 13.1_33.2, Aug-Nov 2025"
13.1,13.1_33.2,41.489571,-81.71175,2025-10-03T05:30:00Z,0,"Sensor drift/flat low values at 13.1_33.2, Aug-Nov 2025"
13.1,13.1_33.2,41.489571,-81.71175,2025-10-03T06:00:00Z,0,"Sensor drift/flat low values at 13.1_33.2, Aug-Nov 2025"
13.1,13.1_33.2,41.489571,-81.71175,2025-10-03T07:30:00Z,0,"Sensor drift/flat low values at 13.1_33.2, Aug-Nov 2025"
13.1,13.1_33.2,41.489571,-81.71175,2025-10-03T08:30:00Z,0,"Sensor drift/flat low values at 13.1_33.2, Aug-Nov 2025"
13.1,13.1_33.2,41.489571,-81.71175,2025-10-03T12:30:00Z,0,"Sensor drift/flat low values at 13.1_33.2, Aug-Nov 2025"
13.1,13.1_33.2,41.489571,-81.71175,2025-10-03T13:00:00Z,0,"Sensor drift/flat low values at 13.1_33.2, Aug-Nov 2025"
13.1,13.1_33.2,41.489571,-81.71175,2025-10-03T13:30:00Z,0,"Sensor drift/flat low values at 13.1_33.2, Aug-Nov 2025"
13.1,13.1_33.2,41.489571,-81.71175,2025-10-03T15:30:00Z,0,"Sensor drift/flat low values at 13.1_33.2, Aug-Nov 2025"
13.1,13.1_33.2,41.489571,-81.71175,2025-10-03T16:00:00Z,0,"Sensor drift/flat low values at 13.1_33.2, Aug-Nov 2025"
13.1,13.1_33.2,41.489571,-81.71175,2025-10-03T16:30:00Z,0,"Sensor drift/flat low values at 13.1_33.2, Aug-Nov 2025"
13.1,13.1_33.2,41.489571,-81.71175,2025-10-03T17:00:00Z,0,"Sensor drift/flat low values at 13.1_33.2, Aug-Nov 2025"
13.1,13.1_33.2,41.489571,-81.71175,2025-10-03T17:30:00Z,0,"Sensor drift/flat low values at 13.1_33.2, Aug-Nov 2025"
13.1,13.1_33.2,41.489571,-81.71175,2025-10-03T18:00:00Z,0,"Sensor drift/flat low values at 13.1_33.2, Aug-Nov 2025"
13.1,13.1_33.2,41.489571,-81.71175,2025-10-03T18:30:00Z,0,"Sensor drift/flat low values at 13.1_33.2, Aug-Nov 2025"
13.1,13.1_33.2,41.489571,-81.71175,2025-10-03T19:00:00Z,0,"Sensor drift/flat low values at 13.1_33.2, Aug-Nov 2025"
13.1,13.1_33.2,41.489571,-81.71175,2025-10-03T19:30:00Z,0,"Sensor drift/flat low values at 13.1_33.2, Aug-Nov 2025"
13.1,13.1_33.2,41.489571,-81.71175,2025-10-03T20:00:00Z,0,"Sensor drift/flat low values at 13.1_33.2, Aug-Nov 2025"
13.1,13.1_33.2,41.489571,-81.71175,2025-10-03T20:30:00Z,0,"Sensor drift/flat low values at 13.1_33.2, Aug-Nov 2025"
13.1,13.1_33.2,41.489571,-81.71175,2025-10-03T21:00:00Z,0,"Sensor drift/flat low values at 13.1_33.2, Aug-Nov 2025"
13.1,13.1_33.2,41.489571,-81.71175,2025-10-03T21:30:00Z,0,"Sensor drift/flat low values at 13.1_33.2, Aug-Nov 2025"
13.1,13.1_33.2,41.489571,-81.71175,2025-10-03T22:00:00Z,0,"Sensor drift/flat low values at 13.1_33.2, Aug-Nov 2025"
13.1,13.1_33.2,41.489571,-81.71175,2025-10-03T22:30:00Z,0,"Sensor drift/flat low values at 13.1_33.2, Aug-Nov 2025"
13.1,13.1_33.2,41.489571,-81.71175,2025-10-03T23:00:00Z,0,"Sensor drift/flat low values at 13.1_33.2, Aug-Nov 2025"
13.1,13.1_33.2,41.489571,-81.71175,2025-10-03T23:30:00Z,0,"Sensor drift/flat low values at 13.1_33.2, Aug-Nov 2025"
13.1,13.1_33.2,41.489571,-81.71175,2025-10-04T00:00:00Z,0,"Sensor drift/flat low values at 13.1_33.2, Aug-Nov 2025"
13.1,13.1_33.2,41.489571,-81.71175,2025-10-04T00:30:00Z,0,"Sensor drift/flat low values at 13.1_33.2, Aug-Nov 2025"
13.1,13.1_33.2,41.489571,-81.71175,2025-10-04T01:00:00Z,0,"Sensor drift/flat low values at 13.1_33.2, Aug-Nov 2025"
13.1,13.1_33.2,41.489571,-81.71175,2025-10-04T01:30:00Z,0,"Sensor drift/flat low values at 13.1_33.2, Aug-Nov 2025"
13.1,13.1_33.2,41.489571,-81.71175,2025-10-04T02:00:00Z,0,"Sensor drift/flat low values at 13.1_33.2, Aug-Nov 2025"
13.1,13.1_33.2,41.489571,-81.71175,2025-10-04T02:30:00Z,0,"Sensor drift/flat low values at 13.1_33.2, Aug-Nov 2025"
13.1,13.1_33.2,41.489571,-81.71175,2025-10-04T03:00:00Z,0,"Sensor drift/flat low values at 13.1_33.2, Aug-Nov 2025"
13.1,13.1_33.2,41.489571,-81.71175,2025-10-04T03:30:00Z,0,"Sensor drift/flat low values at 13.1_33.2, Aug-Nov 2025"
13.1,13.1_33.2,41.489571,-81.71175,2025-10-04T04:00:00Z,0,"Sensor drift/flat low values at 13.1_33.2, Aug-Nov 2025"
13.1,13.1_33.2,41.489571,-81.71175,2025-10-04T06:00:00Z,0,"Sensor drift/flat low values at 13.1_33.2, Aug-Nov 2025"
13.1,13.1_33.2,41.489571,-81.71175,2025-10-04T06:30:00Z,0,"Sensor drift/flat low values at 13.1_33.2, Aug-Nov 2025"
13.1,13.1_33.2,41.489571,-81.71175,2025-10-04T07:00:00Z,0,"Sensor drift/flat low values at 13.1_33.2, Aug-Nov 2025"
13.1,13.1_33.2,41.489571,-81.71175,2025-10-04T08:00:00Z,0,"Sensor drift/flat low values at 13.1_33.2, Aug-Nov 2025"
13.1,13.1_33.2,41.489571,-81.71175,2025-10-04T13:30:00Z,0,"Sensor drift/flat low values at 13.1_33.2, Aug-Nov 2025"
13.1,13.1_33.2,41.489571,-81.71175,2025-10-04T15:00:00Z,0,"Sensor drift/flat low values at 13.1_33.2, Aug-Nov 2025"
13.1,13.1_33.2,41.489571,-81.71175,2025-10-04T16:30:00Z,0,"Sensor drift/flat low values at 13.1_33.2, Aug-Nov 2025"
13.1,13.1_33.2,41.489571,-81.71175,2025-10-04T18:30:00Z,0,"Sensor drift/flat low values at 13.1_33.2, Aug-Nov 2025"
13.1,13.1_33.2,41.489571,-81.71175,2025-10-04T19:00:00Z,0,"Sensor drift/flat low values at 13.1_33.2, Aug-Nov 2025"
13.1,13.1_33.2,41.489571,-81.71175,2025-10-04T21:30:00Z,0,"Sensor drift/flat low values at 13.1_33.2, Aug-Nov 2025"
13.1,13.1_33.2,41.489571,-81.71175,2025-10-04T23:00:00Z,0,"Sensor drift/flat low values at 13.1_33.2, Aug-Nov 2025"
13.1,13.1_33.2,41.489571,-81.71175,2025-10-05T00:30:00Z,0,"Sensor drift/flat low values at 13.1_33.2, Aug-Nov 2025"
13.1,13.1_33.2,41.489571,-81.71175,2025-10-05T01:30:00Z,0,"Sensor drift/flat low values at 13.1_33.2, Aug-Nov 2025"
13.1,13.1_33.2,41.489571,-81.71175,2025-10-05T02:30:00Z,0,"Sensor drift/flat low values at 13.1_33.2, Aug-Nov 2025"
13.1,13.1_33.2,41.489571,-81.71175,2025-10-05T10:30:00Z,0,"Sensor drift/flat low values at 13.1_33.2, Aug-Nov 2025"
13.1,13.1_33.2,41.489571,-81.71175,2025-10-05T12:00:00Z,0,"Sensor drift/flat low values at 13.1_33.2, Aug-Nov 2025"
13.1,13.1_33.2,41.489571,-81.71175,2025-10-05T14:00:00Z,0,"Sensor drift/flat low values at 13.1_33.2, Aug-Nov 2025"
13.1,13.1_33.2,41.489571,-81.71175,2025-10-05T14:30:00Z,0,"Sensor drift/flat low values at 13.1_33.2, Aug-Nov 2025"
13.1,13.1_33.2,41.489571,-81.71175,2025-10-05T15:00:00Z,0,"Sensor drift/flat low values at 13.1_33.2, Aug-Nov 2025"
13.1,13.1_33.2,41.489571,-81.71175,2025-10-05T16:00:00Z,0,"Sensor drift/flat low values at 13.1_33.2, Aug-Nov 2025"
13.1,13.1_33.2,41.489571,-81.71175,2025-10-05T18:30:00Z,0,"Sensor drift/flat low values at 13.1_33.2, Aug-Nov 2025"
13.1,13.1_33.2,41.489571,-81.71175,2025-10-05T20:00:00Z,0,"Sensor drift/flat low values at 13.1_33.2, Aug-Nov 2025"
13.1,13.1_33.2,41.489571,-81.71175,2025-10-05T21:00:00Z,0,"Sensor drift/flat low values at 13.1_33.2, Aug-Nov 2025"
13.1,13.1_33.2,41.489571,-81.71175,2025-10-05T22:30:00Z,0,"Sensor drift/flat low values at 13.1_33.2, Aug-Nov 2025"
13.1,13.1_33.2,41.489571,-81.71175,2025-10-05T23:00:00Z,0,"Sensor drift/flat low values at 13.1_33.2, Aug-Nov 2025"
13.1,13.1_33.2,41.489571,-81.71175,2025-10-06T00:00:00Z,0,"Sensor drift/flat low values at 13.1_33.2, Aug-Nov 2025"
13.1,13.1_33.2,41.489571,-81.71175,2025-10-06T01:00:00Z,0,"Sensor drift/flat low values at 13.1_33.2, Aug-Nov 2025"
13.1,13.1_33.2,41.489571,-81.71175,2025-10-06T04:00:00Z,0,"Sensor drift/flat low values at 13.1_33.2, Aug-Nov 2025"
13.1,13.1_33.2,41.489571,-81.71175,2025-10-06T05:30:00Z,0,"Sensor drift/flat low values at 13.1_33.2, Aug-Nov 2025"
13.1,13.1_33.2,41.489571,-81.71175,2025-10-06T06:30:00Z,0,"Sensor drift/flat low values at 13.1_33.2, Aug-Nov 2025"
13.1,13.1_33.2,41.489571,-81.71175,2025-10-06T07:00:00Z,0,"Sensor drift/flat low values at 13.1_33.2, Aug-Nov 2025"
13.1,13.1_33.2,41.489571,-81.71175,2025-10-06T09:00:00Z,0,"Sensor drift/flat low values at 13.1_33.2, Aug-Nov 2025"
13.1,13.1_33.2,41.489571,-81.71175,2025-10-06T09:30:00Z,0,"Sensor drift/flat low values at 13.1_33.2, Aug-Nov 2025"
13.1,13.1_33.2,41.489571,-81.71175,2025-10-06T10:30:00Z,0,"Sensor drift/flat low values at 13.1_33.2, Aug-Nov 2025"
13.1,13.1_33.2,41.489571,-81.71175,2025-10-06T12:00:00Z,0,"Sensor drift/flat low values at 13.1_33.2, Aug-Nov 2025"
13.1,13.1_33.2,41.489571,-81.71175,2025-10-06T13:00:00Z,0,"Sensor drift/flat low values at 13.1_33.2, Aug-Nov 2025"
13.1,13.1_33.2,41.489571,-81.71175,2025-10-06T13:30:00Z,0,"Sensor drift/flat low values at 13.1_33.2, Aug-Nov 2025"
13.1,13.1_33.2,41.489571,-81.71175,2025-10-06T14:00:00Z,0,"Sensor drift/flat low values at 13.1_33.2, Aug-Nov 2025"
13.1,13.1_33.2,41.489571,-81.71175,2025-10-06T14:30:00Z,0,"Sensor drift/flat low values at 13.1_33.2, Aug-Nov 2025"
13.1,13.1_33.2,41.489571,-81.71175,2025-10-06T17:00:00Z,0,"Sensor drift/flat low values at 13.1_33.2, Aug-Nov 2025"
13.1,13.1_33.2,41.489571,-81.71175,2025-10-06T17:30:00Z,0,"Sensor drift/flat low values at 13.1_33.2, Aug-Nov 2025"
13.1,13.1_33.2,41.489571,-81.71175,2025-10-06T18:00:00Z,0,"Sensor drift/flat low values at 13.1_33.2, Aug-Nov 2025"
13.1,13.1_33.2,41.489571,-81.71175,2025-10-06T18:30:00Z,0,"Sensor drift/flat low values at 13.1_33.2, Aug-Nov 2025"
13.1,13.1_33.2,41.489571,-81.71175,2025-10-06T19:00:00Z,0,"Sensor drift/flat low values at 13.1_33.2, Aug-Nov 2025"
13.1,13.1_33.2,41.489571,-81.71175,2025-10-06T19:30:00Z,0,"Sensor drift/flat low values at 13.1_33.2, Aug-Nov 2025"
13.1,13.1_33.2,41.489571,-81.71175,2025-10-06T20:00:00Z,0,"Sensor drift/flat low values at 13.1_33.2, Aug-Nov 2025"
13.1,13.1_33.2,41.489571,-81.71175,2025-10-06T20:30:00Z,0,"Sensor drift/flat low values at 13.1_33.2, Aug-Nov 2025"
13.1,13.1_33.2,41.489571,-81.71175,2025-10-06T21:00:00Z,0,"Sensor drift/flat low values at 13.1_33.2, Aug-Nov 2025"
13.1,13.1_33.2,41.489571,-81.71175,2025-10-06T21:30:00Z,0,"Sensor drift/flat low values at 13.1_33.2, Aug-Nov 2025"
13.1,13.1_33.2,41.489571,-81.71175,2025-10-06T22:00:00Z,0,"Sensor drift/flat low values at 13.1_33.2, Aug-Nov 2025"
13.1,13.1_33.2,41.489571,-81.71175,2025-10-06T22:30:00Z,0,"Sensor drift/flat low values at 13.1_33.2, Aug-Nov 2025"
13.1,13.1_33.2,41.489571,-81.71175,2025-10-06T23:00:00Z,0,"Sensor drift/flat low values at 13.1_33.2, Aug-Nov 2025"
13.1,13.1_33.2,41.489571,-81.71175,2025-10-06T23:30:00Z,0,"Sensor drift/flat low values at 13.1_33.2, Aug-Nov 2025"
13.1,13.1_33.2,41.489571,-81.71175,2025-10-07T00:00:00Z,0,"Sensor drift/flat low values at 13.1_33.2, Aug-Nov 2025"
13.1,13.1_33.2,41.489571,-81.71175,2025-10-07T00:30:00Z,0,"Sensor drift/flat low values at 13.1_33.2, Aug-Nov 2025"
13.1,13.1_33.2,41.489571,-81.71175,2025-10-07T01:00:00Z,0,"Sensor drift/flat low values at 13.1_33.2, Aug-Nov 2025"
13.1,13.1_33.2,41.489571,-81.71175,2025-10-07T01:30:00Z,0,"Sensor drift/flat low values at 13.1_33.2, Aug-Nov 2025"
13.1,13.1_33.2,41.489571,-81.71175,2025-10-07T02:00:00Z,0,"Sensor drift/flat low values at 13.1_33.2, Aug-Nov 2025"
13.1,13.1_33.2,41.489571,-81.71175,2025-10-07T02:30:00Z,0,"Sensor drift/flat low values at 13.1_33.2, Aug-Nov 2025"
13.1,13.1_33.2,41.489571,-81.71175,2025-10-07T03:00:00Z,0,"Sensor drift/flat low values at 13.1_33.2, Aug-Nov 2025"
13.1,13.1_33.2,41.489571,-81.71175,2025-10-07T03:30:00Z,0,"Sensor drift/flat low values at 13.1_33.2, Aug-Nov 2025"
13.1,13.1_33.2,41.489571,-81.71175,2025-10-07T04:00:00Z,0,"Sensor drift/flat low values at 13.1_33.2, Aug-Nov 2025"
13.1,13.1_33.2,41.489571,-81.71175,2025-10-07T04:30:00Z,0,"Sensor drift/flat low values at 13.1_33.2, Aug-Nov 2025"
13.1,13.1_33.2,41.489571,-81.71175,2025-10-07T05:00:00Z,0,"Sensor drift/flat low values at 13.1_33.2, Aug-Nov 2025"
13.1,13.1_33.2,41.489571,-81.71175,2025-10-07T05:30:00Z,0,"Sensor drift/flat low values at 13.1_33.2, Aug-Nov 2025"
13.1,13.1_33.2,41.489571,-81.71175,2025-10-07T06:00:00Z,0,"Sensor drift/flat low values at 13.1_33.2, Aug-Nov 2025"
13.1,13.1_33.2,41.489571,-81.71175,2025-10-07T06:30:00Z,0,"Sensor drift/flat low values at 13.1_33.2, Aug-Nov 2025"
13.1,13.1_33.2,41.489571,-81.71175,2025-10-07T07:00:00Z,0,"Sensor drift/flat low values at 13.1_33.2, Aug-Nov 2025"
13.1,13.1_33.2,41.489571,-81.71175,2025-10-07T07:30:00Z,0,"Sensor drift/flat low values at 13.1_33.2, Aug-Nov 2025"
13.1,13.1_33.2,41.489571,-81.71175,2025-10-07T08:00:00Z,0,"Sensor drift/flat low values at 13.1_33.2, Aug-Nov 2025"
13.1,13.1_33.2,41.489571,-81.71175,2025-10-07T08:30:00Z,0,"Sensor drift/flat low values at 13.1_33.2, Aug-Nov 2025"
13.1,13.1_33.2,41.489571,-81.71175,2025-10-07T09:00:00Z,0,"Sensor drift/flat low values at 13.1_33.2, Aug-Nov 2025"
13.1,13.1_33.2,41.489571,-81.71175,2025-10-07T09:30:00Z,0,"Sensor drift/flat low values at 13.1_33.2, Aug-Nov 2025"
13.1,13.1_33.2,41.489571,-81.71175,2025-10-07T10:00:00Z,0,"Sensor drift/flat low values at 13.1_33.2, Aug-Nov 2025"
13.1,13.1_33.2,41.489571,-81.71175,2025-10-07T10:30:00Z,0,"Sensor drift/flat low values at 13.1_33.2, Aug-Nov 2025"
13.1,13.1_33.2,41.489571,-81.71175,2025-10-07T11:00:00Z,0,"Sensor drift/flat low values at 13.1_33.2, Aug-Nov 2025"
13.1,13.1_33.2,41.489571,-81.71175,2025-10-07T11:30:00Z,0,"Sensor drift/flat low values at 13.1_33.2, Aug-Nov 2025"
13.1,13.1_33.2,41.489571,-81.71175,2025-10-07T12:00:00Z,0,"Sensor drift/flat low values at 13.1_33.2, Aug-Nov 2025"
13.1,13.1_33.2,41.489571,-81.71175,2025-10-07T12:30:00Z,0,"Sensor drift/flat low values at 13.1_33.2, Aug-Nov 2025"
13.1,13.1_33.2,41.489571,-81.71175,2025-10-07T13:30:00Z,0,"Sensor drift/flat low values at 13.1_33.2, Aug-Nov 2025"
13.1,13.1_33.2,41.489571,-81.71175,2025-10-07T15:00:00Z,0,"Sensor drift/flat low values at 13.1_33.2, Aug-Nov 2025"
13.1,13.1_33.2,41.489571,-81.71175,2025-10-07T15:30:00Z,0,"Sensor drift/flat low values at 13.1_33.2, Aug-Nov 2025"
13.1,13.1_33.2,41.489571,-81.71175,2025-10-07T16:00:00Z,0,"Sensor drift/flat low values at 13.1_33.2, Aug-Nov 2025"
13.1,13.1_33.2,41.489571,-81.71175,2025-10-07T16:30:00Z,0,"Sensor drift/flat low values at 13.1_33.2, Aug-Nov 2025"
13.1,13.1_33.2,41.489571,-81.71175,2025-10-07T17:00:00Z,0,"Sensor drift/flat low values at 13.1_33.2, Aug-Nov 2025"
13.1,13.1_33.2,41.489571,-81.71175,2025-10-07T17:30:00Z,0,"Sensor drift/flat low values at 13.1_33.2, Aug-Nov 2025"
13.1,13.1_33.2,41.489571,-81.71175,2025-10-07T18:00:00Z,0,"Sensor drift/flat low values at 13.1_33.2, Aug-Nov 2025"
13.1,13.1_33.2,41.489571,-81.71175,2025-10-07T18:30:00Z,0,"Sensor drift/flat low values at 13.1_33.2, Aug-Nov 2025"
13.1,13.1_33.2,41.489571,-81.71175,2025-10-07T19:00:00Z,0,"Sensor drift/flat low values at 13.1_33.2, Aug-Nov 2025"
13.1,13.1_33.2,41.489571,-81.71175,2025-10-07T19:30:00Z,0,"Sensor drift/flat low values at 13.1_33.2, Aug-Nov 2025"
13.1,13.1_33.2,41.489571,-81.71175,2025-10-07T20:00:00Z,0,"Sensor drift/flat low values at 13.1_33.2, Aug-Nov 2025"
13.1,13.1_33.2,41.489571,-81.71175,2025-10-07T20:30:00Z,0,"Sensor drift/flat low values at 13.1_33.2, Aug-Nov 2025"
13.1,13.1_33.2,41.489571,-81.71175,2025-10-07T21:00:00Z,0,"Sensor drift/flat low values at 13.1_33.2, Aug-Nov 2025"
13.1,13.1_33.2,41.489571,-81.71175,2025-10-07T21:30:00Z,0,"Sensor drift/flat low values at 13.1_33.2, Aug-Nov 2025"
13.1,13.1_33.2,41.489571,-81.71175,2025-10-07T22:00:00Z,0,"Sensor drift/flat low values at 13.1_33.2, Aug-Nov 2025"
13.1,13.1_33.2,41.489571,-81.71175,2025-10-07T22:30:00Z,0,"Sensor drift/flat low values at 13.1_33.2, Aug-Nov 2025"
13.1,13.1_33.2,41.489571,-81.71175,2025-10-07T23:30:00Z,0,"Sensor drift/flat low values at 13.1_33.2, Aug-Nov 2025"
13.1,13.1_33.2,41.489571,-81.71175,2025-10-08T00:00:00Z,0,"Sensor drift/flat low values at 13.1_33.2, Aug-Nov 2025"
13.1,13.1_33.2,41.489571,-81.71175,2025-10-08T00:30:00Z,0,"Sensor drift/flat low values at 13.1_33.2, Aug-Nov 2025"
13.1,13.1_33.2,41.489571,-81.71175,2025-10-08T01:00:00Z,0,"Sensor drift/flat low values at 13.1_33.2, Aug-Nov 2025"
13.1,13.1_33.2,41.489571,-81.71175,2025-10-08T01:30:00Z,0,"Sensor drift/flat low values at 13.1_33.2, Aug-Nov 2025"
13.1,13.1_33.2,41.489571,-81.71175,2025-10-08T02:00:00Z,0,"Sensor drift/flat low values at 13.1_33.2, Aug-Nov 2025"
13.1,13.1_33.2,41.489571,-81.71175,2025-10-08T02:30:00Z,0,"Sensor drift/flat low values at 13.1_33.2, Aug-Nov 2025"
13.1,13.1_33.2,41.489571,-81.71175,2025-10-08T03:00:00Z,0,"Sensor drift/flat low values at 13.1_33.2, Aug-Nov 2025"
13.1,13.1_33.2,41.489571,-81.71175,2025-10-08T03:30:00Z,0,"Sensor drift/flat low values at 13.1_33.2, Aug-Nov 2025"
13.1,13.1_33.2,41.489571,-81.71175,2025-10-08T04:00:00Z,0,"Sensor drift/flat low values at 13.1_33.2, Aug-Nov 2025"
13.1,13.1_33.2,41.489571,-81.71175,2025-10-08T04:30:00Z,0,"Sensor drift/flat low values at 13.1_33.2, Aug-Nov 2025"
13.1,13.1_33.2,41.489571,-81.71175,2025-10-08T05:00:00Z,0,"Sensor drift/flat low values at 13.1_33.2, Aug-Nov 2025"
13.1,13.1_33.2,41.489571,-81.71175,2025-10-08T05:30:00Z,0,"Sensor drift/flat low values at 13.1_33.2, Aug-Nov 2025"
13.1,13.1_33.2,41.489571,-81.71175,2025-10-08T06:00:00Z,0,"Sensor drift/flat low values at 13.1_33.2, Aug-Nov 2025"
13.1,13.1_33.2,41.489571,-81.71175,2025-10-08T06:30:00Z,0,"Sensor drift/flat low values at 13.1_33.2, Aug-Nov 2025"
13.1,13.1_33.2,41.489571,-81.71175,2025-10-08T07:00:00Z,0,"Sensor drift/flat low values at 13.1_33.2, Aug-Nov 2025"
13.1,13.1_33.2,41.489571,-81.71175,2025-10-08T07:30:00Z,0,"Sensor drift/flat low values at 13.1_33.2, Aug-Nov 2025"
13.1,13.1_33.2,41.489571,-81.71175,2025-10-08T08:00:00Z,0,"Sensor drift/flat low values at 13.1_33.2, Aug-Nov 2025"
13.1,13.1_33.2,41.489571,-81.71175,2025-10-08T08:30:00Z,0,"Sensor drift/flat low values at 13.1_33.2, Aug-Nov 2025"
13.1,13.1_33.2,41.489571,-81.71175,2025-10-08T09:00:00Z,0,"Sensor drift/flat low values at 13.1_33.2, Aug-Nov 2025"
13.1,13.1_33.2,41.489571,-81.71175,2025-10-08T09:30:00Z,0,"Sensor drift/flat low values at 13.1_33.2, Aug-Nov 2025"
13.1,13.1_33.2,41.489571,-81.71175,2025-10-08T10:00:00Z,0,"Sensor drift/flat low values at 13.1_33.2, Aug-Nov 2025"
13.1,13.1_33.2,41.489571,-81.71175,2025-10-08T10:30:00Z,0,"Sensor drift/flat low values at 13.1_33.2, Aug-Nov 2025"
13.1,13.1_33.2,41.489571,-81.71175,2025-10-08T11:00:00Z,0,"Sensor drift/flat low values at 13.1_33.2, Aug-Nov 2025"
13.1,13.1_33.2,41.489571,-81.71175,2025-10-08T11:30:00Z,0,"Sensor drift/flat low values at 13.1_33.2, Aug-Nov 2025"
13.1,13.1_33.2,41.489571,-81.71175,2025-10-08T12:00:00Z,0,"Sensor drift/flat low values at 13.1_33.2, Aug-Nov 2025"
13.1,13.1_33.2,41.489571,-81.71175,2025-10-08T12:30:00Z,0,"Sensor drift/flat low values at 13.1_33.2, Aug-Nov 2025"
13.1,13.1_33.2,41.489571,-81.71175,2025-10-08T13:00:00Z,0,"Sensor drift/flat low values at 13.1_33.2, Aug-Nov 2025"
13.1,13.1_33.2,41.489571,-81.71175,2025-10-08T13:30:00Z,0,"Sensor drift/flat low values at 13.1_33.2, Aug-Nov 2025"
13.1,13.1_33.2,41.489571,-81.71175,2025-10-08T14:00:00Z,0,"Sensor drift/flat low values at 13.1_33.2, Aug-Nov 2025"
13.1,13.1_33.2,41.489571,-81.71175,2025-10-08T14:30:00Z,0,"Sensor drift/flat low values at 13.1_33.2, Aug-Nov 2025"
13.1,13.1_33.2,41.489571,-81.71175,2025-10-08T15:00:00Z,0,"Sensor drift/flat low values at 13.1_33.2, Aug-Nov 2025"
13.1,13.1_33.2,41.489571,-81.71175,2025-10-08T15:30:00Z,0,"Sensor drift/flat low values at 13.1_33.2, Aug-Nov 2025"
13.1,13.1_33.2,41.489571,-81.71175,2025-10-08T16:00:00Z,0,"Sensor drift/flat low values at 13.1_33.2, Aug-Nov 2025"
13.1,13.1_33.2,41.489571,-81.71175,2025-10-08T16:30:00Z,0,"Sensor drift/flat low values at 13.1_33.2, Aug-Nov 2025"
13.1,13.1_33.2,41.489571,-81.71175,2025-10-08T17:00:00Z,0,"Sensor drift/flat low values at 13.1_33.2, Aug-Nov 2025"
13.1,13.1_33.2,41.489571,-81.71175,2025-10-08T18:30:00Z,0,"Sensor drift/flat low values at 13.1_33.2, Aug-Nov 2025"
13.1,13.1_33.2,41.489571,-81.71175,2025-10-08T19:30:00Z,0,"Sensor drift/flat low values at 13.1_33.2, Aug-Nov 2025"
13.1,13.1_33.2,41.489571,-81.71175,2025-10-08T20:00:00Z,0,"Sensor drift/flat low values at 13.1_33.2, Aug-Nov 2025"
13.1,13.1_33.2,41.489571,-81.71175,2025-10-08T20:30:00Z,0,"Sensor drift/flat low values at 13.1_33.2, Aug-Nov 2025"
13.1,13.1_33.2,41.489571,-81.71175,2025-10-08T21:00:00Z,0,"Sensor drift/flat low values at 13.1_33.2, Aug-Nov 2025"
13.1,13.1_33.2,41.489571,-81.71175,2025-10-08T21:30:00Z,0,"Sensor drift/flat low values at 13.1_33.2, Aug-Nov 2025"
13.1,13.1_33.2,41.489571,-81.71175,2025-10-08T22:00:00Z,0,"Sensor drift/flat low values at 13.1_33.2, Aug-Nov 2025"
13.1,13.1_33.2,41.489571,-81.71175,2025-10-08T22:30:00Z,0,"Sensor drift/flat low values at 13.1_33.2, Aug-Nov 2025"
13.1,13.1_33.2,41.489571,-81.71175,2025-10-08T23:00:00Z,0,"Sensor drift/flat low values at 13.1_33.2, Aug-Nov 2025"
13.1,13.1_33.2,41.489571,-81.71175,2025-10-08T23:30:00Z,0,"Sensor drift/flat low values at 13.1_33.2, Aug-Nov 2025"
13.1,13.1_33.2,41.489571,-81.71175,2025-10-09T00:00:00Z,0,"Sensor drift/flat low values at 13.1_33.2, Aug-Nov 2025"
13.1,13.1_33.2,41.489571,-81.71175,2025-10-09T00:30:00Z,0,"Sensor drift/flat low values at 13.1_33.2, Aug-Nov 2025"
13.1,13.1_33.2,41.489571,-81.71175,2025-10-09T01:00:00Z,0,"Sensor drift/flat low values at 13.1_33.2, Aug-Nov 2025"
13.1,13.1_33.2,41.489571,-81.71175,2025-10-09T01:30:00Z,0,"Sensor drift/flat low values at 13.1_33.2, Aug-Nov 2025"
13.1,13.1_33.2,41.489571,-81.71175,2025-10-09T02:00:00Z,0,"Sensor drift/flat low values at 13.1_33.2, Aug-Nov 2025"
13.1,13.1_33.2,41.489571,-81.71175,2025-10-09T02:30:00Z,0,"Sensor drift/flat low values at 13.1_33.2, Aug-Nov 2025"
13.1,13.1_33.2,41.489571,-81.71175,2025-10-09T03:00:00Z,0,"Sensor drift/flat low values at 13.1_33.2, Aug-Nov 2025"
13.1,13.1_33.2,41.489571,-81.71175,2025-10-09T03:30:00Z,0,"Sensor drift/flat low values at 13.1_33.2, Aug-Nov 2025"
13.1,13.1_33.2,41.489571,-81.71175,2025-10-09T04:00:00Z,0,"Sensor drift/flat low values at 13.1_33.2, Aug-Nov 2025"
13.1,13.1_33.2,41.489571,-81.71175,2025-10-09T04:30:00Z,0,"Sensor drift/flat low values at 13.1_33.2, Aug-Nov 2025"
13.1,13.1_33.2,41.489571,-81.71175,2025-10-09T05:00:00Z,0,"Sensor drift/flat low values at 13.1_33.2, Aug-Nov 2025"
13.1,13.1_33.2,41.489571,-81.71175,2025-10-09T05:30:00Z,0,"Sensor drift/flat low values at 13.1_33.2, Aug-Nov 2025"
13.1,13.1_33.2,41.489571,-81.71175,2025-10-09T06:00:00Z,0,"Sensor drift/flat low values at 13.1_33.2, Aug-Nov 2025"
13.1,13.1_33.2,41.489571,-81.71175,2025-10-09T06:30:00Z,0,"Sensor drift/flat low values at 13.1_33.2, Aug-Nov 2025"
13.1,13.1_33.2,41.489571,-81.71175,2025-10-09T07:00:00Z,0,"Sensor drift/flat low values at 13.1_33.2, Aug-Nov 2025"
13.1,13.1_33.2,41.489571,-81.71175,2025-10-09T07:30:00Z,0,"Sensor drift/flat low values at 13.1_33.2, Aug-Nov 2025"
13.1,13.1_33.2,41.489571,-81.71175,2025-10-09T08:00:00Z,0,"Sensor drift/flat low values at 13.1_33.2, Aug-Nov 2025"
13.1,13.1_33.2,41.489571,-81.71175,2025-10-09T08:30:00Z,0,"Sensor drift/flat low values at 13.1_33.2, Aug-Nov 2025"
13.1,13.1_33.2,41.489571,-81.71175,2025-10-09T09:00:00Z,0,"Sensor drift/flat low values at 13.1_33.2, Aug-Nov 2025"
13.1,13.1_33.2,41.489571,-81.71175,2025-10-09T09:30:00Z,0,"Sensor drift/flat low values at 13.1_33.2, Aug-Nov 2025"
13.1,13.1_33.2,41.489571,-81.71175,2025-10-09T10:00:00Z,0,"Sensor drift/flat low values at 13.1_33.2, Aug-Nov 2025"
13.1,13.1_33.2,41.489571,-81.71175,2025-10-09T10:30:00Z,0,"Sensor drift/flat low values at 13.1_33.2, Aug-Nov 2025"
13.1,13.1_33.2,41.489571,-81.71175,2025-10-09T11:00:00Z,0,"Sensor drift/flat low values at 13.1_33.2, Aug-Nov 2025"
13.1,13.1_33.2,41.489571,-81.71175,2025-10-09T17:00:00Z,0,"Sensor drift/flat low values at 13.1_33.2, Aug-Nov 2025"
13.1,13.1_33.2,41.489571,-81.71175,2025-10-09T17:30:00Z,0,"Sensor drift/flat low values at 13.1_33.2, Aug-Nov 2025"
13.1,13.1_33.2,41.489571,-81.71175,2025-10-09T18:30:00Z,0,"Sensor drift/flat low values at 13.1_33.2, Aug-Nov 2025"
13.1,13.1_33.2,41.489571,-81.71175,2025-10-09T20:00:00Z,0,"Sensor drift/flat low values at 13.1_33.2, Aug-Nov 2025"
13.1,13.1_33.2,41.489571,-81.71175,2025-10-09T20:30:00Z,0,"Sensor drift/flat low values at 13.1_33.2, Aug-Nov 2025"
13.1,13.1_33.2,41.489571,-81.71175,2025-10-09T21:00:00Z,0,"Sensor drift/flat low values at 13.1_33.2, Aug-Nov 2025"
13.1,13.1_33.2,41.489571,-81.71175,2025-10-09T21:30:00Z,0,"Sensor drift/flat low values at 13.1_33.2, Aug-Nov 2025"
13.1,13.1_33.2,41.489571,-81.71175,2025-10-09T22:30:00Z,0,"Sensor drift/flat low values at 13.1_33.2, Aug-Nov 2025"
13.1,13.1_33.2,41.489571,-81.71175,2025-10-09T23:30:00Z,0,"Sensor drift/flat low values at 13.1_33.2, Aug-Nov 2025"
13.1,13.1_33.2,41.489571,-81.71175,2025-10-10T00:00:00Z,0,"Sensor drift/flat low values at 13.1_33.2, Aug-Nov 2025"
13.1,13.1_33.2,41.489571,-81.71175,2025-10-10T00:30:00Z,0,"Sensor drift/flat low values at 13.1_33.2, Aug-Nov 2025"
13.1,13.1_33.2,41.489571,-81.71175,2025-10-10T01:30:00Z,0,"Sensor drift/flat low values at 13.1_33.2, Aug-Nov 2025"
13.1,13.1_33.2,41.489571,-81.71175,2025-10-10T02:00:00Z,0,"Sensor drift/flat low values at 13.1_33.2, Aug-Nov 2025"
13.1,13.1_33.2,41.489571,-81.71175,2025-10-10T02:30:00Z,0,"Sensor drift/flat low values at 13.1_33.2, Aug-Nov 2025"
13.1,13.1_33.2,41.489571,-81.71175,2025-10-10T03:00:00Z,0,"Sensor drift/flat low values at 13.1_33.2, Aug-Nov 2025"
13.1,13.1_33.2,41.489571,-81.71175,2025-10-10T03:30:00Z,0,"Sensor drift/flat low values at 13.1_33.2, Aug-Nov 2025"
13.1,13.1_33.2,41.489571,-81.71175,2025-10-10T04:00:00Z,0,"Sensor drift/flat low values at 13.1_33.2, Aug-Nov 2025"
13.1,13.1_33.2,41.489571,-81.71175,2025-10-10T04:30:00Z,0,"Sensor drift/flat low values at 13.1_33.2, Aug-Nov 2025"
13.1,13.1_33.2,41.489571,-81.71175,2025-10-10T05:00:00Z,0,"Sensor drift/flat low values at 13.1_33.2, Aug-Nov 2025"
13.1,13.1_33.2,41.489571,-81.71175,2025-10-10T05:30:00Z,0,"Sensor drift/flat low values at 13.1_33.2, Aug-Nov 2025"
13.1,13.1_33.2,41.489571,-81.71175,2025-10-10T06:00:00Z,0,"Sensor drift/flat low values at 13.1_33.2, Aug-Nov 2025"
13.1,13.1_33.2,41.489571,-81.71175,2025-10-10T06:30:00Z,0,"Sensor drift/flat low values at 13.1_33.2, Aug-Nov 2025"
13.1,13.1_33.2,41.489571,-81.71175,2025-10-10T07:00:00Z,0,"Sensor drift/flat low values at 13.1_33.2, Aug-Nov 2025"
13.1,13.1_33.2,41.489571,-81.71175,2025-10-10T07:30:00Z,0,"Sensor drift/flat low values at 13.1_33.2, Aug-Nov 2025"
13.1,13.1_33.2,41.489571,-81.71175,2025-10-10T08:00:00Z,0,"Sensor drift/flat low values at 13.1_33.2, Aug-Nov 2025"
13.1,13.1_33.2,41.489571,-81.71175,2025-10-10T08:30:00Z,0,"Sensor drift/flat low values at 13.1_33.2, Aug-Nov 2025"
13.1,13.1_33.2,41.489571,-81.71175,2025-10-10T09:00:00Z,0,"Sensor drift/flat low values at 13.1_33.2, Aug-Nov 2025"
13.1,13.1_33.2,41.489571,-81.71175,2025-10-10T09:30:00Z,0,"Sensor drift/flat low values at 13.1_33.2, Aug-Nov 2025"
13.1,13.1_33.2,41.489571,-81.71175,2025-10-10T10:00:00Z,0,"Sensor drift/flat low values at 13.1_33.2, Aug-Nov 2025"
13.1,13.1_33.2,41.489571,-81.71175,2025-10-10T10:30:00Z,0,"Sensor drift/flat low values at 13.1_33.2, Aug-Nov 2025"
13.1,13.1_33.2,41.489571,-81.71175,2025-10-10T11:00:00Z,0,"Sensor drift/flat low values at 13.1_33.2, Aug-Nov 2025"
13.1,13.1_33.2,41.489571,-81.71175,2025-10-10T11:30:00Z,0,"Sensor drift/flat low values at 13.1_33.2, Aug-Nov 2025"
13.1,13.1_33.2,41.489571,-81.71175,2025-10-10T12:00:00Z,0,"Sensor drift/flat low values at 13.1_33.2, Aug-Nov 2025"
13.1,13.1_33.2,41.489571,-81.71175,2025-10-10T12:30:00Z,0,"Sensor drift/flat low values at 13.1_33.2, Aug-Nov 2025"
13.1,13.1_33.2,41.489571,-81.71175,2025-10-10T13:00:00Z,0,"Sensor drift/flat low values at 13.1_33.2, Aug-Nov 2025"
13.1,13.1_33.2,41.489571,-81.71175,2025-10-10T14:00:00Z,0,"Sensor drift/flat low values at 13.1_33.2, Aug-Nov 2025"
13.1,13.1_33.2,41.489571,-81.71175,2025-10-10T15:00:00Z,0,"Sensor drift/flat low values at 13.1_33.2, Aug-Nov 2025"
13.1,13.1_33.2,41.489571,-81.71175,2025-10-10T15:30:00Z,0,"Sensor drift/flat low values at 13.1_33.2, Aug-Nov 2025"
13.1,13.1_33.2,41.489571,-81.71175,2025-10-10T18:00:00Z,0,"Sensor drift/flat low values at 13.1_33.2, Aug-Nov 2025"
13.1,13.1_33.2,41.489571,-81.71175,2025-10-10T18:30:00Z,0,"Sensor drift/flat low values at 13.1_33.2, Aug-Nov 2025"
13.1,13.1_33.2,41.489571,-81.71175,2025-10-10T19:00:00Z,0,"Sensor drift/flat low values at 13.1_33.2, Aug-Nov 2025"
13.1,13.1_33.2,41.489571,-81.71175,2025-10-10T19:30:00Z,0,"Sensor drift/flat low values at 13.1_33.2, Aug-Nov 2025"
13.1,13.1_33.2,41.489571,-81.71175,2025-10-10T20:00:00Z,0,"Sensor drift/flat low values at 13.1_33.2, Aug-Nov 2025"
13.1,13.1_33.2,41.489571,-81.71175,2025-10-10T20:30:00Z,0,"Sensor drift/flat low values at 13.1_33.2, Aug-Nov 2025"
13.1,13.1_33.2,41.489571,-81.71175,2025-10-10T21:00:00Z,0,"Sensor drift/flat low values at 13.1_33.2, Aug-Nov 2025"
13.1,13.1_33.2,41.489571,-81.71175,2025-10-10T21:30:00Z,0,"Sensor drift/flat low values at 13.1_33.2, Aug-Nov 2025"
13.1,13.1_33.2,41.489571,-81.71175,2025-10-10T22:00:00Z,0,"Sensor drift/flat low values at 13.1_33.2, Aug-Nov 2025"
13.1,13.1_33.2,41.489571,-81.71175,2025-10-10T22:30:00Z,0,"Sensor drift/flat low values at 13.1_33.2, Aug-Nov 2025"
13.1,13.1_33.2,41.489571,-81.71175,2025-10-10T23:00:00Z,0,"Sensor drift/flat low values at 13.1_33.2, Aug-Nov 2025"
13.1,13.1_33.2,41.489571,-81.71175,2025-10-10T23:30:00Z,0,"Sensor drift/flat low values at 13.1_33.2, Aug-Nov 2025"
13.1,13.1_33.2,41.489571,-81.71175,2025-10-11T00:00:00Z,0,"Sensor drift/flat low values at 13.1_33.2, Aug-Nov 2025"
13.1,13.1_33.2,41.489571,-81.71175,2025-10-11T00:30:00Z,0,"Sensor drift/flat low values at 13.1_33.2, Aug-Nov 2025"
13.1,13.1_33.2,41.489571,-81.71175,2025-10-11T01:00:00Z,0,"Sensor drift/flat low values at 13.1_33.2, Aug-Nov 2025"
13.1,13.1_33.2,41.489571,-81.71175,2025-10-11T01:30:00Z,0,"Sensor drift/flat low values at 13.1_33.2, Aug-Nov 2025"
13.1,13.1_33.2,41.489571,-81.71175,2025-10-11T02:00:00Z,0,"Sensor drift/flat low values at 13.1_33.2, Aug-Nov 2025"
13.1,13.1_33.2,41.489571,-81.71175,2025-10-11T02:30:00Z,0,"Sensor drift/flat low values at 13.1_33.2, Aug-Nov 2025"
13.1,13.1_33.2,41.489571,-81.71175,2025-10-11T03:00:00Z,0,"Sensor drift/flat low values at 13.1_33.2, Aug-Nov 2025"
13.1,13.1_33.2,41.489571,-81.71175,2025-10-11T03:30:00Z,0,"Sensor drift/flat low values at 13.1_33.2, Aug-Nov 2025"
13.1,13.1_33.2,41.489571,-81.71175,2025-10-11T04:00:00Z,0,"Sensor drift/flat low values at 13.1_33.2, Aug-Nov 2025"
13.1,13.1_33.2,41.489571,-81.71175,2025-10-11T04:30:00Z,0,"Sensor drift/flat low values at 13.1_33.2, Aug-Nov 2025"
13.1,13.1_33.2,41.489571,-81.71175,2025-10-11T05:00:00Z,0,"Sensor drift/flat low values at 13.1_33.2, Aug-Nov 2025"
13.1,13.1_33.2,41.489571,-81.71175,2025-10-11T05:30:00Z,0,"Sensor drift/flat low values at 13.1_33.2, Aug-Nov 2025"
13.1,13.1_33.2,41.489571,-81.71175,2025-10-11T06:00:00Z,0,"Sensor drift/flat low values at 13.1_33.2, Aug-Nov 2025"
13.1,13.1_33.2,41.489571,-81.71175,2025-10-11T06:30:00Z,0,"Sensor drift/flat low values at 13.1_33.2, Aug-Nov 2025"
13.1,13.1_33.2,41.489571,-81.71175,2025-10-11T07:00:00Z,0,"Sensor drift/flat low values at 13.1_33.2, Aug-Nov 2025"
13.1,13.1_33.2,41.489571,-81.71175,2025-10-11T07:30:00Z,0,"Sensor drift/flat low values at 13.1_33.2, Aug-Nov 2025"
13.1,13.1_33.2,41.489571,-81.71175,2025-10-11T08:00:00Z,0,"Sensor drift/flat low values at 13.1_33.2, Aug-Nov 2025"
13.1,13.1_33.2,41.489571,-81.71175,2025-10-11T08:30:00Z,0,"Sensor drift/flat low values at 13.1_33.2, Aug-Nov 2025"
13.1,13.1_33.2,41.489571,-81.71175,2025-10-11T09:00:00Z,0,"Sensor drift/flat low values at 13.1_33.2, Aug-Nov 2025"
13.1,13.1_33.2,41.489571,-81.71175,2025-10-11T09:30:00Z,0,"Sensor drift/flat low values at 13.1_33.2, Aug-Nov 2025"
13.1,13.1_33.2,41.489571,-81.71175,2025-10-11T10:00:00Z,0,"Sensor drift/flat low values at 13.1_33.2, Aug-Nov 2025"
13.1,13.1_33.2,41.489571,-81.71175,2025-10-11T10:30:00Z,0,"Sensor drift/flat low values at 13.1_33.2, Aug-Nov 2025"
13.1,13.1_33.2,41.489571,-81.71175,2025-10-11T11:00:00Z,0,"Sensor drift/flat low values at 13.1_33.2, Aug-Nov 2025"
13.1,13.1_33.2,41.489571,-81.71175,2025-10-11T12:00:00Z,0,"Sensor drift/flat low values at 13.1_33.2, Aug-Nov 2025"
13.1,13.1_33.2,41.489571,-81.71175,2025-10-11T13:00:00Z,0,"Sensor drift/flat low values at 13.1_33.2, Aug-Nov 2025"
13.1,13.1_33.2,41.489571,-81.71175,2025-10-11T14:00:00Z,0,"Sensor drift/flat low values at 13.1_33.2, Aug-Nov 2025"
13.1,13.1_33.2,41.489571,-81.71175,2025-10-11T14:30:00Z,0,"Sensor drift/flat low values at 13.1_33.2, Aug-Nov 2025"
13.1,13.1_33.2,41.489571,-81.71175,2025-10-11T15:00:00Z,0,"Sensor drift/flat low values at 13.1_33.2, Aug-Nov 2025"
13.1,13.1_33.2,41.489571,-81.71175,2025-10-11T15:30:00Z,0,"Sensor drift/flat low values at 13.1_33.2, Aug-Nov 2025"
13.1,13.1_33.2,41.489571,-81.71175,2025-10-11T16:00:00Z,0,"Sensor drift/flat low values at 13.1_33.2, Aug-Nov 2025"
13.1,13.1_33.2,41.489571,-81.71175,2025-10-11T16:30:00Z,0,"Sensor drift/flat low values at 13.1_33.2, Aug-Nov 2025"
13.1,13.1_33.2,41.489571,-81.71175,2025-10-11T17:00:00Z,0,"Sensor drift/flat low values at 13.1_33.2, Aug-Nov 2025"
13.1,13.1_33.2,41.489571,-81.71175,2025-10-11T17:30:00Z,0,"Sensor drift/flat low values at 13.1_33.2, Aug-Nov 2025"
13.1,13.1_33.2,41.489571,-81.71175,2025-10-11T18:00:00Z,0,"Sensor drift/flat low values at 13.1_33.2, Aug-Nov 2025"
13.1,13.1_33.2,41.489571,-81.71175,2025-10-11T18:30:00Z,0,"Sensor drift/flat low values at 13.1_33.2, Aug-Nov 2025"
13.1,13.1_33.2,41.489571,-81.71175,2025-10-11T19:00:00Z,0,"Sensor drift/flat low values at 13.1_33.2, Aug-Nov 2025"
13.1,13.1_33.2,41.489571,-81.71175,2025-10-11T19:30:00Z,0,"Sensor drift/flat low values at 13.1_33.2, Aug-Nov 2025"
13.1,13.1_33.2,41.489571,-81.71175,2025-10-11T20:00:00Z,0,"Sensor drift/flat low values at 13.1_33.2, Aug-Nov 2025"
13.1,13.1_33.2,41.489571,-81.71175,2025-10-11T20:30:00Z,0,"Sensor drift/flat low values at 13.1_33.2, Aug-Nov 2025"
13.1,13.1_33.2,41.489571,-81.71175,2025-10-11T21:00:00Z,0,"Sensor drift/flat low values at 13.1_33.2, Aug-Nov 2025"
13.1,13.1_33.2,41.489571,-81.71175,2025-10-11T21:30:00Z,0,"Sensor drift/flat low values at 13.1_33.2, Aug-Nov 2025"
13.1,13.1_33.2,41.489571,-81.71175,2025-10-11T22:00:00Z,0,"Sensor drift/flat low values at 13.1_33.2, Aug-Nov 2025"
13.1,13.1_33.2,41.489571,-81.71175,2025-10-11T22:30:00Z,0,"Sensor drift/flat low values at 13.1_33.2, Aug-Nov 2025"
13.1,13.1_33.2,41.489571,-81.71175,2025-10-11T23:00:00Z,0,"Sensor drift/flat low values at 13.1_33.2, Aug-Nov 2025"
13.1,13.1_33.2,41.489571,-81.71175,2025-10-11T23:30:00Z,0,"Sensor drift/flat low values at 13.1_33.2, Aug-Nov 2025"
13.1,13.1_33.2,41.489571,-81.71175,2025-10-12T00:00:00Z,0,"Sensor drift/flat low values at 13.1_33.2, Aug-Nov 2025"
13.1,13.1_33.2,41.489571,-81.71175,2025-10-12T00:30:00Z,0,"Sensor drift/flat low values at 13.1_33.2, Aug-Nov 2025"
13.1,13.1_33.2,41.489571,-81.71175,2025-10-12T01:00:00Z,0,"Sensor drift/flat low values at 13.1_33.2, Aug-Nov 2025"
13.1,13.1_33.2,41.489571,-81.71175,2025-10-12T01:30:00Z,0,"Sensor drift/flat low values at 13.1_33.2, Aug-Nov 2025"
13.1,13.1_33.2,41.489571,-81.71175,2025-10-12T02:00:00Z,0,"Sensor drift/flat low values at 13.1_33.2, Aug-Nov 2025"
13.1,13.1_33.2,41.489571,-81.71175,2025-10-12T02:30:00Z,0,"Sensor drift/flat low values at 13.1_33.2, Aug-Nov 2025"
13.1,13.1_33.2,41.489571,-81.71175,2025-10-12T03:30:00Z,0,"Sensor drift/flat low values at 13.1_33.2, Aug-Nov 2025"
13.1,13.1_33.2,41.489571,-81.71175,2025-10-12T04:30:00Z,0,"Sensor drift/flat low values at 13.1_33.2, Aug-Nov 2025"
13.1,13.1_33.2,41.489571,-81.71175,2025-10-12T05:30:00Z,0,"Sensor drift/flat low values at 13.1_33.2, Aug-Nov 2025"
13.1,13.1_33.2,41.489571,-81.71175,2025-10-12T07:00:00Z,0,"Sensor drift/flat low values at 13.1_33.2, Aug-Nov 2025"
13.1,13.1_33.2,41.489571,-81.71175,2025-10-12T08:00:00Z,0,"Sensor drift/flat low values at 13.1_33.2, Aug-Nov 2025"
13.1,13.1_33.2,41.489571,-81.71175,2025-10-12T09:00:00Z,0,"Sensor drift/flat low values at 13.1_33.2, Aug-Nov 2025"
13.1,13.1_33.2,41.489571,-81.71175,2025-10-12T09:30:00Z,0,"Sensor drift/flat low values at 13.1_33.2, Aug-Nov 2025"
13.1,13.1_33.2,41.489571,-81.71175,2025-10-12T13:30:00Z,0,"Sensor drift/flat low values at 13.1_33.2, Aug-Nov 2025"
13.1,13.1_33.2,41.489571,-81.71175,2025-10-12T15:00:00Z,0,"Sensor drift/flat low values at 13.1_33.2, Aug-Nov 2025"
13.1,13.1_33.2,41.489571,-81.71175,2025-10-12T15:30:00Z,0,"Sensor drift/flat low values at 13.1_33.2, Aug-Nov 2025"
13.1,13.1_33.2,41.489571,-81.71175,2025-10-12T16:00:00Z,0,"Sensor drift/flat low values at 13.1_33.2, Aug-Nov 2025"
13.1,13.1_33.2,41.489571,-81.71175,2025-10-12T16:30:00Z,0,"Sensor drift/flat low values at 13.1_33.2, Aug-Nov 2025"
13.1,13.1_33.2,41.489571,-81.71175,2025-10-12T17:00:00Z,0,"Sensor drift/flat low values at 13.1_33.2, Aug-Nov 2025"
13.1,13.1_33.2,41.489571,-81.71175,2025-10-12T17:30:00Z,0,"Sensor drift/flat low values at 13.1_33.2, Aug-Nov 2025"
13.1,13.1_33.2,41.489571,-81.71175,2025-10-12T18:00:00Z,0,"Sensor drift/flat low values at 13.1_33.2, Aug-Nov 2025"
13.1,13.1_33.2,41.489571,-81.71175,2025-10-12T18:30:00Z,0,"Sensor drift/flat low values at 13.1_33.2, Aug-Nov 2025"
13.1,13.1_33.2,41.489571,-81.71175,2025-10-12T19:00:00Z,0,"Sensor drift/flat low values at 13.1_33.2, Aug-Nov 2025"
13.1,13.1_33.2,41.489571,-81.71175,2025-10-12T19:30:00Z,0,"Sensor drift/flat low values at 13.1_33.2, Aug-Nov 2025"
13.1,13.1_33.2,41.489571,-81.71175,2025-10-12T20:00:00Z,0,"Sensor drift/flat low values at 13.1_33.2, Aug-Nov 2025"
13.1,13.1_33.2,41.489571,-81.71175,2025-10-12T20:30:00Z,0,"Sensor drift/flat low values at 13.1_33.2, Aug-Nov 2025"
13.1,13.1_33.2,41.489571,-81.71175,2025-10-12T21:00:00Z,0,"Sensor drift/flat low values at 13.1_33.2, Aug-Nov 2025"
13.1,13.1_33.2,41.489571,-81.71175,2025-10-12T21:30:00Z,0,"Sensor drift/flat low values at 13.1_33.2, Aug-Nov 2025"
13.1,13.1_33.2,41.489571,-81.71175,2025-10-12T22:00:00Z,0,"Sensor drift/flat low values at 13.1_33.2, Aug-Nov 2025"
13.1,13.1_33.2,41.489571,-81.71175,2025-10-12T22:30:00Z,0,"Sensor drift/flat low values at 13.1_33.2, Aug-Nov 2025"
13.1,13.1_33.2,41.489571,-81.71175,2025-10-12T23:00:00Z,0,"Sensor drift/flat low values at 13.1_33.2, Aug-Nov 2025"
13.1,13.1_33.2,41.489571,-81.71175,2025-10-12T23:30:00Z,0,"Sensor drift/flat low values at 13.1_33.2, Aug-Nov 2025"
13.1,13.1_33.2,41.489571,-81.71175,2025-10-13T00:00:00Z,0,"Sensor drift/flat low values at 13.1_33.2, Aug-Nov 2025"
13.1,13.1_33.2,41.489571,-81.71175,2025-10-13T00:30:00Z,0,"Sensor drift/flat low values at 13.1_33.2, Aug-Nov 2025"
13.1,13.1_33.2,41.489571,-81.71175,2025-10-13T01:00:00Z,0,"Sensor drift/flat low values at 13.1_33.2, Aug-Nov 2025"
13.1,13.1_33.2,41.489571,-81.71175,2025-10-13T02:00:00Z,0,"Sensor drift/flat low values at 13.1_33.2, Aug-Nov 2025"
13.1,13.1_33.2,41.489571,-81.71175,2025-10-13T04:00:00Z,0,"Sensor drift/flat low values at 13.1_33.2, Aug-Nov 2025"
13.1,13.1_33.2,41.489571,-81.71175,2025-10-13T05:00:00Z,0,"Sensor drift/flat low values at 13.1_33.2, Aug-Nov 2025"
13.1,13.1_33.2,41.489571,-81.71175,2025-10-13T06:30:00Z,0,"Sensor drift/flat low values at 13.1_33.2, Aug-Nov 2025"
13.1,13.1_33.2,41.489571,-81.71175,2025-10-13T08:00:00Z,0,"Sensor drift/flat low values at 13.1_33.2, Aug-Nov 2025"
13.1,13.1_33.2,41.489571,-81.71175,2025-10-13T09:00:00Z,0,"Sensor drift/flat low values at 13.1_33.2, Aug-Nov 2025"
13.1,13.1_33.2,41.489571,-81.71175,2025-10-13T09:30:00Z,0,"Sensor drift/flat low values at 13.1_33.2, Aug-Nov 2025"
13.1,13.1_33.2,41.489571,-81.71175,2025-10-13T11:00:00Z,0,"Sensor drift/flat low values at 13.1_33.2, Aug-Nov 2025"
13.1,13.1_33.2,41.489571,-81.71175,2025-10-13T11:30:00Z,0,"Sensor drift/flat low values at 13.1_33.2, Aug-Nov 2025"
13.1,13.1_33.2,41.489571,-81.71175,2025-10-13T12:00:00Z,0,"Sensor drift/flat low values at 13.1_33.2, Aug-Nov 2025"
13.1,13.1_33.2,41.489571,-81.71175,2025-10-13T12:30:00Z,0,"Sensor drift/flat low values at 13.1_33.2, Aug-Nov 2025"
13.1,13.1_33.2,41.489571,-81.71175,2025-10-13T13:00:00Z,0,"Sensor drift/flat low values at 13.1_33.2, Aug-Nov 2025"
13.1,13.1_33.2,41.489571,-81.71175,2025-10-13T13:30:00Z,0,"Sensor drift/flat low values at 13.1_33.2, Aug-Nov 2025"
13.1,13.1_33.2,41.489571,-81.71175,2025-10-13T14:00:00Z,0,"Sensor drift/flat low values at 13.1_33.2, Aug-Nov 2025"
13.1,13.1_33.2,41.489571,-81.71175,2025-10-13T14:30:00Z,0,"Sensor drift/flat low values at 13.1_33.2, Aug-Nov 2025"
13.1,13.1_33.2,41.489571,-81.71175,2025-10-13T15:00:00Z,0,"Sensor drift/flat low values at 13.1_33.2, Aug-Nov 2025"
13.1,13.1_33.2,41.489571,-81.71175,2025-10-13T15:30:00Z,0,"Sensor drift/flat low values at 13.1_33.2, Aug-Nov 2025"
13.1,13.1_33.2,41.489571,-81.71175,2025-10-13T16:00:00Z,0,"Sensor drift/flat low values at 13.1_33.2, Aug-Nov 2025"
13.1,13.1_33.2,41.489571,-81.71175,2025-10-13T16:30:00Z,0,"Sensor drift/flat low values at 13.1_33.2, Aug-Nov 2025"
13.1,13.1_33.2,41.489571,-81.71175,2025-10-13T17:00:00Z,0,"Sensor drift/flat low values at 13.1_33.2, Aug-Nov 2025"
13.1,13.1_33.2,41.489571,-81.71175,2025-10-13T17:30:00Z,0,"Sensor drift/flat low values at 13.1_33.2, Aug-Nov 2025"
13.1,13.1_33.2,41.489571,-81.71175,2025-10-13T18:00:00Z,0,"Sensor drift/flat low values at 13.1_33.2, Aug-Nov 2025"
13.1,13.1_33.2,41.489571,-81.71175,2025-10-13T18:30:00Z,0,"Sensor drift/flat low values at 13.1_33.2, Aug-Nov 2025"
13.1,13.1_33.2,41.489571,-81.71175,2025-10-13T19:00:00Z,0,"Sensor drift/flat low values at 13.1_33.2, Aug-Nov 2025"
13.1,13.1_33.2,41.489571,-81.71175,2025-10-13T19:30:00Z,0,"Sensor drift/flat low values at 13.1_33.2, Aug-Nov 2025"
13.1,13.1_33.2,41.489571,-81.71175,2025-10-13T20:00:00Z,0,"Sensor drift/flat low values at 13.1_33.2, Aug-Nov 2025"
13.1,13.1_33.2,41.489571,-81.71175,2025-10-13T20:30:00Z,0,"Sensor drift/flat low values at 13.1_33.2, Aug-Nov 2025"
13.1,13.1_33.2,41.489571,-81.71175,2025-10-13T21:00:00Z,0,"Sensor drift/flat low values at 13.1_33.2, Aug-Nov 2025"
13.1,13.1_33.2,41.489571,-81.71175,2025-10-13T21:30:00Z,0,"Sensor drift/flat low values at 13.1_33.2, Aug-Nov 2025"
13.1,13.1_33.2,41.489571,-81.71175,2025-10-13T22:00:00Z,0,"Sensor drift/flat low values at 13.1_33.2, Aug-Nov 2025"
13.1,13.1_33.2,41.489571,-81.71175,2025-10-13T22:30:00Z,0,"Sensor drift/flat low values at 13.1_33.2, Aug-Nov 2025"
13.1,13.1_33.2,41.489571,-81.71175,2025-10-13T23:00:00Z,0,"Sensor drift/flat low values at 13.1_33.2, Aug-Nov 2025"
13.1,13.1_33.2,41.489571,-81.71175,2025-10-13T23:30:00Z,0,"Sensor drift/flat low values at 13.1_33.2, Aug-Nov 2025"
13.1,13.1_33.2,41.489571,-81.71175,2025-10-14T00:00:00Z,0,"Sensor drift/flat low values at 13.1_33.2, Aug-Nov 2025"
13.1,13.1_33.2,41.489571,-81.71175,2025-10-14T00:30:00Z,0,"Sensor drift/flat low values at 13.1_33.2, Aug-Nov 2025"
13.1,13.1_33.2,41.489571,-81.71175,2025-10-14T01:00:00Z,0,"Sensor drift/flat low values at 13.1_33.2, Aug-Nov 2025"
13.1,13.1_33.2,41.489571,-81.71175,2025-10-14T01:30:00Z,0,"Sensor drift/flat low values at 13.1_33.2, Aug-Nov 2025"
13.1,13.1_33.2,41.489571,-81.71175,2025-10-14T02:00:00Z,0,"Sensor drift/flat low values at 13.1_33.2, Aug-Nov 2025"
13.1,13.1_33.2,41.489571,-81.71175,2025-10-14T02:30:00Z,0,"Sensor drift/flat low values at 13.1_33.2, Aug-Nov 2025"
13.1,13.1_33.2,41.489571,-81.71175,2025-10-14T03:00:00Z,0,"Sensor drift/flat low values at 13.1_33.2, Aug-Nov 2025"
13.1,13.1_33.2,41.489571,-81.71175,2025-10-14T03:30:00Z,0,"Sensor drift/flat low values at 13.1_33.2, Aug-Nov 2025"
13.1,13.1_33.2,41.489571,-81.71175,2025-10-14T04:00:00Z,0,"Sensor drift/flat low values at 13.1_33.2, Aug-Nov 2025"
13.1,13.1_33.2,41.489571,-81.71175,2025-10-14T04:30:00Z,0,"Sensor drift/flat low values at 13.1_33.2, Aug-Nov 2025"
13.1,13.1_33.2,41.489571,-81.71175,2025-10-14T05:00:00Z,0,"Sensor drift/flat low values at 13.1_33.2, Aug-Nov 2025"
13.1,13.1_33.2,41.489571,-81.71175,2025-10-14T05:30:00Z,0,"Sensor drift/flat low values at 13.1_33.2, Aug-Nov 2025"
13.1,13.1_33.2,41.489571,-81.71175,2025-10-14T06:00:00Z,0,"Sensor drift/flat low values at 13.1_33.2, Aug-Nov 2025"
13.1,13.1_33.2,41.489571,-81.71175,2025-10-14T06:30:00Z,0,"Sensor drift/flat low values at 13.1_33.2, Aug-Nov 2025"
13.1,13.1_33.2,41.489571,-81.71175,2025-10-14T07:00:00Z,0,"Sensor drift/flat low values at 13.1_33.2, Aug-Nov 2025"
13.1,13.1_33.2,41.489571,-81.71175,2025-10-14T07:30:00Z,0,"Sensor drift/flat low values at 13.1_33.2, Aug-Nov 2025"
13.1,13.1_33.2,41.489571,-81.71175,2025-10-14T11:30:00Z,0,"Sensor drift/flat low values at 13.1_33.2, Aug-Nov 2025"
13.1,13.1_33.2,41.489571,-81.71175,2025-10-14T12:00:00Z,0,"Sensor drift/flat low values at 13.1_33.2, Aug-Nov 2025"
13.1,13.1_33.2,41.489571,-81.71175,2025-10-14T12:30:00Z,0,"Sensor drift/flat low values at 13.1_33.2, Aug-Nov 2025"
13.1,13.1_33.2,41.489571,-81.71175,2025-10-14T13:00:00Z,0,"Sensor drift/flat low values at 13.1_33.2, Aug-Nov 2025"
13.1,13.1_33.2,41.489571,-81.71175,2025-10-14T13:30:00Z,0,"Sensor drift/flat low values at 13.1_33.2, Aug-Nov 2025"
13.1,13.1_33.2,41.489571,-81.71175,2025-10-14T14:00:00Z,0,"Sensor drift/flat low values at 13.1_33.2, Aug-Nov 2025"
13.1,13.1_33.2,41.489571,-81.71175,2025-10-14T14:30:00Z,0,"Sensor drift/flat low values at 13.1_33.2, Aug-Nov 2025"
13.1,13.1_33.2,41.489571,-81.71175,2025-10-14T15:00:00Z,0,"Sensor drift/flat low values at 13.1_33.2, Aug-Nov 2025"
13.1,13.1_33.2,41.489571,-81.71175,2025-10-14T15:30:00Z,0,"Sensor drift/flat low values at 13.1_33.2, Aug-Nov 2025"
13.1,13.1_33.2,41.489571,-81.71175,2025-10-14T16:00:00Z,0,"Sensor drift/flat low values at 13.1_33.2, Aug-Nov 2025"
13.1,13.1_33.2,41.489571,-81.71175,2025-10-14T16:30:00Z,0,"Sensor drift/flat low values at 13.1_33.2, Aug-Nov 2025"
13.1,13.1_33.2,41.489571,-81.71175,2025-10-14T17:00:00Z,0,"Sensor drift/flat low values at 13.1_33.2, Aug-Nov 2025"
13.1,13.1_33.2,41.489571,-81.71175,2025-10-14T17:30:00Z,0,"Sensor drift/flat low values at 13.1_33.2, Aug-Nov 2025"
13.1,13.1_33.2,41.489571,-81.71175,2025-10-14T18:00:00Z,0,"Sensor drift/flat low values at 13.1_33.2, Aug-Nov 2025"
13.1,13.1_33.2,41.489571,-81.71175,2025-10-14T18:30:00Z,0,"Sensor drift/flat low values at 13.1_33.2, Aug-Nov 2025"
13.1,13.1_33.2,41.489571,-81.71175,2025-10-14T19:00:00Z,0,"Sensor drift/flat low values at 13.1_33.2, Aug-Nov 2025"
13.1,13.1_33.2,41.489571,-81.71175,2025-10-14T19:30:00Z,0,"Sensor drift/flat low values at 13.1_33.2, Aug-Nov 2025"
13.1,13.1_33.2,41.489571,-81.71175,2025-10-14T20:00:00Z,0,"Sensor drift/flat low values at 13.1_33.2, Aug-Nov 2025"
13.1,13.1_33.2,41.489571,-81.71175,2025-10-14T20:30:00Z,0,"Sensor drift/flat low values at 13.1_33.2, Aug-Nov 2025"
13.1,13.1_33.2,41.489571,-81.71175,2025-10-14T21:00:00Z,0,"Sensor drift/flat low values at 13.1_33.2, Aug-Nov 2025"
13.1,13.1_33.2,41.489571,-81.71175,2025-10-14T21:30:00Z,0,"Sensor drift/flat low values at 13.1_33.2, Aug-Nov 2025"
13.1,13.1_33.2,41.489571,-81.71175,2025-10-14T22:00:00Z,0,"Sensor drift/flat low values at 13.1_33.2, Aug-Nov 2025"
13.1,13.1_33.2,41.489571,-81.71175,2025-10-14T22:30:00Z,0,"Sensor drift/flat low values at 13.1_33.2, Aug-Nov 2025"
13.1,13.1_33.2,41.489571,-81.71175,2025-10-14T23:00:00Z,0,"Sensor drift/flat low values at 13.1_33.2, Aug-Nov 2025"
13.1,13.1_33.2,41.489571,-81.71175,2025-10-14T23:30:00Z,0,"Sensor drift/flat low values at 13.1_33.2, Aug-Nov 2025"
13.1,13.1_33.2,41.489571,-81.71175,2025-10-15T00:00:00Z,0,"Sensor drift/flat low values at 13.1_33.2, Aug-Nov 2025"
13.1,13.1_33.2,41.489571,-81.71175,2025-10-15T00:30:00Z,0,"Sensor drift/flat low values at 13.1_33.2, Aug-Nov 2025"
13.1,13.1_33.2,41.489571,-81.71175,2025-10-15T01:00:00Z,0,"Sensor drift/flat low values at 13.1_33.2, Aug-Nov 2025"
13.1,13.1_33.2,41.489571,-81.71175,2025-10-15T01:30:00Z,0,"Sensor drift/flat low values at 13.1_33.2, Aug-Nov 2025"
13.1,13.1_33.2,41.489571,-81.71175,2025-10-15T02:00:00Z,0,"Sensor drift/flat low values at 13.1_33.2, Aug-Nov 2025"
13.1,13.1_33.2,41.489571,-81.71175,2025-10-15T02:30:00Z,0,"Sensor drift/flat low values at 13.1_33.2, Aug-Nov 2025"
13.1,13.1_33.2,41.489571,-81.71175,2025-10-15T03:00:00Z,0,"Sensor drift/flat low values at 13.1_33.2, Aug-Nov 2025"
13.1,13.1_33.2,41.489571,-81.71175,2025-10-15T03:30:00Z,0,"Sensor drift/flat low values at 13.1_33.2, Aug-Nov 2025"
13.1,13.1_33.2,41.489571,-81.71175,2025-10-15T04:00:00Z,0,"Sensor drift/flat low values at 13.1_33.2, Aug-Nov 2025"
13.1,13.1_33.2,41.489571,-81.71175,2025-10-15T06:00:00Z,0,"Sensor drift/flat low values at 13.1_33.2, Aug-Nov 2025"
13.1,13.1_33.2,41.489571,-81.71175,2025-10-15T06:30:00Z,0,"Sensor drift/flat low values at 13.1_33.2, Aug-Nov 2025"
13.1,13.1_33.2,41.489571,-81.71175,2025-10-15T07:00:00Z,0,"Sensor drift/flat low values at 13.1_33.2, Aug-Nov 2025"
13.1,13.1_33.2,41.489571,-81.71175,2025-10-15T07:30:00Z,0,"Sensor drift/flat low values at 13.1_33.2, Aug-Nov 2025"
13.1,13.1_33.2,41.489571,-81.71175,2025-10-15T08:00:00Z,0,"Sensor drift/flat low values at 13.1_33.2, Aug-Nov 2025"
13.1,13.1_33.2,41.489571,-81.71175,2025-10-15T08:30:00Z,0,"Sensor drift/flat low values at 13.1_33.2, Aug-Nov 2025"
13.1,13.1_33.2,41.489571,-81.71175,2025-10-15T09:00:00Z,0,"Sensor drift/flat low values at 13.1_33.2, Aug-Nov 2025"
13.1,13.1_33.2,41.489571,-81.71175,2025-10-15T09:30:00Z,0,"Sensor drift/flat low values at 13.1_33.2, Aug-Nov 2025"
13.1,13.1_33.2,41.489571,-81.71175,2025-10-15T10:00:00Z,0,"Sensor drift/flat low values at 13.1_33.2, Aug-Nov 2025"
13.1,13.1_33.2,41.489571,-81.71175,2025-10-15T10:30:00Z,0,"Sensor drift/flat low values at 13.1_33.2, Aug-Nov 2025"
13.1,13.1_33.2,41.489571,-81.71175,2025-10-15T11:00:00Z,0,"Sensor drift/flat low values at 13.1_33.2, Aug-Nov 2025"
13.1,13.1_33.2,41.489571,-81.71175,2025-10-15T11:30:00Z,0,"Sensor drift/flat low values at 13.1_33.2, Aug-Nov 2025"
13.1,13.1_33.2,41.489571,-81.71175,2025-10-15T12:00:00Z,0,"Sensor drift/flat low values at 13.1_33.2, Aug-Nov 2025"
13.1,13.1_33.2,41.489571,-81.71175,2025-10-15T12:30:00Z,0,"Sensor drift/flat low values at 13.1_33.2, Aug-Nov 2025"
13.1,13.1_33.2,41.489571,-81.71175,2025-10-15T13:00:00Z,0,"Sensor drift/flat low values at 13.1_33.2, Aug-Nov 2025"
13.1,13.1_33.2,41.489571,-81.71175,2025-10-15T13:30:00Z,0,"Sensor drift/flat low values at 13.1_33.2, Aug-Nov 2025"
13.1,13.1_33.2,41.489571,-81.71175,2025-10-15T14:00:00Z,0,"Sensor drift/flat low values at 13.1_33.2, Aug-Nov 2025"
13.1,13.1_33.2,41.489571,-81.71175,2025-10-15T14:30:00Z,0,"Sensor drift/flat low values at 13.1_33.2, Aug-Nov 2025"
13.1,13.1_33.2,41.489571,-81.71175,2025-10-15T15:00:00Z,0,"Sensor drift/flat low values at 13.1_33.2, Aug-Nov 2025"
13.1,13.1_33.2,41.489571,-81.71175,2025-10-15T15:30:00Z,0,"Sensor drift/flat low values at 13.1_33.2, Aug-Nov 2025"
13.1,13.1_33.2,41.489571,-81.71175,2025-10-15T16:00:00Z,0,"Sensor drift/flat low values at 13.1_33.2, Aug-Nov 2025"
13.1,13.1_33.2,41.489571,-81.71175,2025-10-15T16:30:00Z,0,"Sensor drift/flat low values at 13.1_33.2, Aug-Nov 2025"
13.1,13.1_33.2,41.489571,-81.71175,2025-10-15T17:00:00Z,0,"Sensor drift/flat low values at 13.1_33.2, Aug-Nov 2025"
13.1,13.1_33.2,41.489571,-81.71175,2025-10-15T17:30:00Z,0,"Sensor drift/flat low values at 13.1_33.2, Aug-Nov 2025"
13.1,13.1_33.2,41.489571,-81.71175,2025-10-15T18:00:00Z,0,"Sensor drift/flat low values at 13.1_33.2, Aug-Nov 2025"
13.1,13.1_33.2,41.489571,-81.71175,2025-10-15T18:30:00Z,0,"Sensor drift/flat low values at 13.1_33.2, Aug-Nov 2025"
13.1,13.1_33.2,41.489571,-81.71175,2025-10-15T19:00:00Z,0,"Sensor drift/flat low values at 13.1_33.2, Aug-Nov 2025"
13.1,13.1_33.2,41.489571,-81.71175,2025-10-15T19:30:00Z,0,"Sensor drift/flat low values at 13.1_33.2, Aug-Nov 2025"
13.1,13.1_33.2,41.489571,-81.71175,2025-10-15T20:00:00Z,0,"Sensor drift/flat low values at 13.1_33.2, Aug-Nov 2025"
13.1,13.1_33.2,41.489571,-81.71175,2025-10-15T20:30:00Z,0,"Sensor drift/flat low values at 13.1_33.2, Aug-Nov 2025"
13.1,13.1_33.2,41.489571,-81.71175,2025-10-15T21:00:00Z,0,"Sensor drift/flat low values at 13.1_33.2, Aug-Nov 2025"
13.1,13.1_33.2,41.489571,-81.71175,2025-10-15T21:30:00Z,0,"Sensor drift/flat low values at 13.1_33.2, Aug-Nov 2025"
13.1,13.1_33.2,41.489571,-81.71175,2025-10-15T22:00:00Z,0,"Sensor drift/flat low values at 13.1_33.2, Aug-Nov 2025"
13.1,13.1_33.2,41.489571,-81.71175,2025-10-15T22:30:00Z,0,"Sensor drift/flat low values at 13.1_33.2, Aug-Nov 2025"
13.1,13.1_33.2,41.489571,-81.71175,2025-10-15T23:00:00Z,0,"Sensor drift/flat low values at 13.1_33.2, Aug-Nov 2025"
13.1,13.1_33.2,41.489571,-81.71175,2025-10-15T23:30:00Z,0,"Sensor drift/flat low values at 13.1_33.2, Aug-Nov 2025"
13.1,13.1_33.2,41.489571,-81.71175,2025-10-16T00:00:00Z,0,"Sensor drift/flat low values at 13.1_33.2, Aug-Nov 2025"
13.1,13.1_33.2,41.489571,-81.71175,2025-10-16T00:30:00Z,0,"Sensor drift/flat low values at 13.1_33.2, Aug-Nov 2025"
13.1,13.1_33.2,41.489571,-81.71175,2025-10-16T01:00:00Z,0,"Sensor drift/flat low values at 13.1_33.2, Aug-Nov 2025"
13.1,13.1_33.2,41.489571,-81.71175,2025-10-16T01:30:00Z,0,"Sensor drift/flat low values at 13.1_33.2, Aug-Nov 2025"
13.1,13.1_33.2,41.489571,-81.71175,2025-10-16T02:00:00Z,0,"Sensor drift/flat low values at 13.1_33.2, Aug-Nov 2025"
13.1,13.1_33.2,41.489571,-81.71175,2025-10-16T02:30:00Z,0,"Sensor drift/flat low values at 13.1_33.2, Aug-Nov 2025"
13.1,13.1_33.2,41.489571,-81.71175,2025-10-16T03:00:00Z,0,"Sensor drift/flat low values at 13.1_33.2, Aug-Nov 2025"
13.1,13.1_33.2,41.489571,-81.71175,2025-10-16T03:30:00Z,0,"Sensor drift/flat low values at 13.1_33.2, Aug-Nov 2025"
13.1,13.1_33.2,41.489571,-81.71175,2025-10-16T06:00:00Z,0,"Sensor drift/flat low values at 13.1_33.2, Aug-Nov 2025"
13.1,13.1_33.2,41.489571,-81.71175,2025-10-16T07:00:00Z,0,"Sensor drift/flat low values at 13.1_33.2, Aug-Nov 2025"
13.1,13.1_33.2,41.489571,-81.71175,2025-10-16T08:30:00Z,0,"Sensor drift/flat low values at 13.1_33.2, Aug-Nov 2025"
13.1,13.1_33.2,41.489571,-81.71175,2025-10-16T09:00:00Z,0,"Sensor drift/flat low values at 13.1_33.2, Aug-Nov 2025"
13.1,13.1_33.2,41.489571,-81.71175,2025-10-16T09:30:00Z,0,"Sensor drift/flat low values at 13.1_33.2, Aug-Nov 2025"
13.1,13.1_33.2,41.489571,-81.71175,2025-10-16T10:00:00Z,0,"Sensor drift/flat low values at 13.1_33.2, Aug-Nov 2025"
13.1,13.1_33.2,41.489571,-81.71175,2025-10-16T10:30:00Z,0,"Sensor drift/flat low values at 13.1_33.2, Aug-Nov 2025"
13.1,13.1_33.2,41.489571,-81.71175,2025-10-16T11:30:00Z,0,"Sensor drift/flat low values at 13.1_33.2, Aug-Nov 2025"
13.1,13.1_33.2,41.489571,-81.71175,2025-10-16T12:30:00Z,0,"Sensor drift/flat low values at 13.1_33.2, Aug-Nov 2025"
13.1,13.1_33.2,41.489571,-81.71175,2025-10-16T13:30:00Z,0,"Sensor drift/flat low values at 13.1_33.2, Aug-Nov 2025"
13.1,13.1_33.2,41.489571,-81.71175,2025-10-16T16:00:00Z,0,"Sensor drift/flat low values at 13.1_33.2, Aug-Nov 2025"
13.1,13.1_33.2,41.489571,-81.71175,2025-10-16T16:30:00Z,0,"Sensor drift/flat low values at 13.1_33.2, Aug-Nov 2025"
13.1,13.1_33.2,41.489571,-81.71175,2025-10-16T17:00:00Z,0,"Sensor drift/flat low values at 13.1_33.2, Aug-Nov 2025"
13.1,13.1_33.2,41.489571,-81.71175,2025-10-16T17:30:00Z,0,"Sensor drift/flat low values at 13.1_33.2, Aug-Nov 2025"
13.1,13.1_33.2,41.489571,-81.71175,2025-10-16T18:00:00Z,0,"Sensor drift/flat low values at 13.1_33.2, Aug-Nov 2025"
13.1,13.1_33.2,41.489571,-81.71175,2025-10-16T18:30:00Z,0,"Sensor drift/flat low values at 13.1_33.2, Aug-Nov 2025"
13.1,13.1_33.2,41.489571,-81.71175,2025-10-16T19:00:00Z,0,"Sensor drift/flat low values at 13.1_33.2, Aug-Nov 2025"
13.1,13.1_33.2,41.489571,-81.71175,2025-10-16T19:30:00Z,0,"Sensor drift/flat low values at 13.1_33.2, Aug-Nov 2025"
13.1,13.1_33.2,41.489571,-81.71175,2025-10-16T20:00:00Z,0,"Sensor drift/flat low values at 13.1_33.2, Aug-Nov 2025"
13.1,13.1_33.2,41.489571,-81.71175,2025-10-16T20:30:00Z,0,"Sensor drift/flat low values at 13.1_33.2, Aug-Nov 2025"
13.1,13.1_33.2,41.489571,-81.71175,2025-10-16T21:00:00Z,0,"Sensor drift/flat low values at 13.1_33.2, Aug-Nov 2025"
13.1,13.1_33.2,41.489571,-81.71175,2025-10-16T21:30:00Z,0,"Sensor drift/flat low values at 13.1_33.2, Aug-Nov 2025"
13.1,13.1_33.2,41.489571,-81.71175,2025-10-16T22:00:00Z,0,"Sensor drift/flat low values at 13.1_33.2, Aug-Nov 2025"
13.1,13.1_33.2,41.489571,-81.71175,2025-10-16T22:30:00Z,0,"Sensor drift/flat low values at 13.1_33.2, Aug-Nov 2025"
13.1,13.1_33.2,41.489571,-81.71175,2025-10-16T23:00:00Z,0,"Sensor drift/flat low values at 13.1_33.2, Aug-Nov 2025"
13.1,13.1_33.2,41.489571,-81.71175,2025-10-16T23:30:00Z,0,"Sensor drift/flat low values at 13.1_33.2, Aug-Nov 2025"
13.1,13.1_33.2,41.489571,-81.71175,2025-10-17T00:00:00Z,0,"Sensor drift/flat low values at 13.1_33.2, Aug-Nov 2025"
13.1,13.1_33.2,41.489571,-81.71175,2025-10-17T00:30:00Z,0,"Sensor drift/flat low values at 13.1_33.2, Aug-Nov 2025"
13.1,13.1_33.2,41.489571,-81.71175,2025-10-17T01:00:00Z,0,"Sensor drift/flat low values at 13.1_33.2, Aug-Nov 2025"
13.1,13.1_33.2,41.489571,-81.71175,2025-10-17T01:30:00Z,0,"Sensor drift/flat low values at 13.1_33.2, Aug-Nov 2025"
13.1,13.1_33.2,41.489571,-81.71175,2025-10-17T02:00:00Z,0,"Sensor drift/flat low values at 13.1_33.2, Aug-Nov 2025"
13.1,13.1_33.2,41.489571,-81.71175,2025-10-17T02:30:00Z,0,"Sensor drift/flat low values at 13.1_33.2, Aug-Nov 2025"
13.1,13.1_33.2,41.489571,-81.71175,2025-10-17T03:00:00Z,0,"Sensor drift/flat low values at 13.1_33.2, Aug-Nov 2025"
13.1,13.1_33.2,41.489571,-81.71175,2025-10-17T03:30:00Z,0,"Sensor drift/flat low values at 13.1_33.2, Aug-Nov 2025"
13.1,13.1_33.2,41.489571,-81.71175,2025-10-17T04:00:00Z,0,"Sensor drift/flat low values at 13.1_33.2, Aug-Nov 2025"
13.1,13.1_33.2,41.489571,-81.71175,2025-10-17T04:30:00Z,0,"Sensor drift/flat low values at 13.1_33.2, Aug-Nov 2025"
13.1,13.1_33.2,41.489571,-81.71175,2025-10-17T05:00:00Z,0,"Sensor drift/flat low values at 13.1_33.2, Aug-Nov 2025"
13.1,13.1_33.2,41.489571,-81.71175,2025-10-17T05:30:00Z,0,"Sensor drift/flat low values at 13.1_33.2, Aug-Nov 2025"
13.1,13.1_33.2,41.489571,-81.71175,2025-10-17T06:00:00Z,0,"Sensor drift/flat low values at 13.1_33.2, Aug-Nov 2025"
13.1,13.1_33.2,41.489571,-81.71175,2025-10-17T06:30:00Z,0,"Sensor drift/flat low values at 13.1_33.2, Aug-Nov 2025"
13.1,13.1_33.2,41.489571,-81.71175,2025-10-17T07:00:00Z,0,"Sensor drift/flat low values at 13.1_33.2, Aug-Nov 2025"
13.1,13.1_33.2,41.489571,-81.71175,2025-10-17T07:30:00Z,0,"Sensor drift/flat low values at 13.1_33.2, Aug-Nov 2025"
13.1,13.1_33.2,41.489571,-81.71175,2025-10-17T08:00:00Z,0,"Sensor drift/flat low values at 13.1_33.2, Aug-Nov 2025"
13.1,13.1_33.2,41.489571,-81.71175,2025-10-17T08:30:00Z,0,"Sensor drift/flat low values at 13.1_33.2, Aug-Nov 2025"
13.1,13.1_33.2,41.489571,-81.71175,2025-10-17T09:00:00Z,0,"Sensor drift/flat low values at 13.1_33.2, Aug-Nov 2025"
13.1,13.1_33.2,41.489571,-81.71175,2025-10-17T09:30:00Z,0,"Sensor drift/flat low values at 13.1_33.2, Aug-Nov 2025"
13.1,13.1_33.2,41.489571,-81.71175,2025-10-17T10:00:00Z,0,"Sensor drift/flat low values at 13.1_33.2, Aug-Nov 2025"
13.1,13.1_33.2,41.489571,-81.71175,2025-10-17T10:30:00Z,0,"Sensor drift/flat low values at 13.1_33.2, Aug-Nov 2025"
13.1,13.1_33.2,41.489571,-81.71175,2025-10-17T11:00:00Z,0,"Sensor drift/flat low values at 13.1_33.2, Aug-Nov 2025"
13.1,13.1_33.2,41.489571,-81.71175,2025-10-17T11:30:00Z,0,"Sensor drift/flat low values at 13.1_33.2, Aug-Nov 2025"
13.1,13.1_33.2,41.489571,-81.71175,2025-10-17T12:00:00Z,0,"Sensor drift/flat low values at 13.1_33.2, Aug-Nov 2025"
13.1,13.1_33.2,41.489571,-81.71175,2025-10-17T12:30:00Z,0,"Sensor drift/flat low values at 13.1_33.2, Aug-Nov 2025"
13.1,13.1_33.2,41.489571,-81.71175,2025-10-17T13:00:00Z,0,"Sensor drift/flat low values at 13.1_33.2, Aug-Nov 2025"
13.1,13.1_33.2,41.489571,-81.71175,2025-10-17T13:30:00Z,0,"Sensor drift/flat low values at 13.1_33.2, Aug-Nov 2025"
13.1,13.1_33.2,41.489571,-81.71175,2025-10-17T14:00:00Z,0,"Sensor drift/flat low values at 13.1_33.2, Aug-Nov 2025"
13.1,13.1_33.2,41.489571,-81.71175,2025-10-17T14:30:00Z,0,"Sensor drift/flat low values at 13.1_33.2, Aug-Nov 2025"
13.1,13.1_33.2,41.489571,-81.71175,2025-10-17T15:00:00Z,0,"Sensor drift/flat low values at 13.1_33.2, Aug-Nov 2025"
13.1,13.1_33.2,41.489571,-81.71175,2025-10-17T15:30:00Z,0,"Sensor drift/flat low values at 13.1_33.2, Aug-Nov 2025"
13.1,13.1_33.2,41.489571,-81.71175,2025-10-17T16:30:00Z,0,"Sensor drift/flat low values at 13.1_33.2, Aug-Nov 2025"
13.1,13.1_33.2,41.489571,-81.71175,2025-10-17T17:00:00Z,0,"Sensor drift/flat low values at 13.1_33.2, Aug-Nov 2025"
13.1,13.1_33.2,41.489571,-81.71175,2025-10-17T17:30:00Z,0,"Sensor drift/flat low values at 13.1_33.2, Aug-Nov 2025"
13.1,13.1_33.2,41.489571,-81.71175,2025-10-17T18:00:00Z,0,"Sensor drift/flat low values at 13.1_33.2, Aug-Nov 2025"
13.1,13.1_33.2,41.489571,-81.71175,2025-10-17T18:30:00Z,0,"Sensor drift/flat low values at 13.1_33.2, Aug-Nov 2025"
13.1,13.1_33.2,41.489571,-81.71175,2025-10-17T19:00:00Z,0,"Sensor drift/flat low values at 13.1_33.2, Aug-Nov 2025"
13.1,13.1_33.2,41.489571,-81.71175,2025-10-17T19:30:00Z,0,"Sensor drift/flat low values at 13.1_33.2, Aug-Nov 2025"
13.1,13.1_33.2,41.489571,-81.71175,2025-10-17T20:00:00Z,0,"Sensor drift/flat low values at 13.1_33.2, Aug-Nov 2025"
13.1,13.1_33.2,41.489571,-81.71175,2025-10-17T20:30:00Z,0,"Sensor drift/flat low values at 13.1_33.2, Aug-Nov 2025"
13.1,13.1_33.2,41.489571,-81.71175,2025-10-17T21:00:00Z,0,"Sensor drift/flat low values at 13.1_33.2, Aug-Nov 2025"
13.1,13.1_33.2,41.489571,-81.71175,2025-10-17T21:30:00Z,0,"Sensor drift/flat low values at 13.1_33.2, Aug-Nov 2025"
13.1,13.1_33.2,41.489571,-81.71175,2025-10-17T22:00:00Z,0,"Sensor drift/flat low values at 13.1_33.2, Aug-Nov 2025"
13.1,13.1_33.2,41.489571,-81.71175,2025-10-17T22:30:00Z,0,"Sensor drift/flat low values at 13.1_33.2, Aug-Nov 2025"
13.1,13.1_33.2,41.489571,-81.71175,2025-10-17T23:00:00Z,0,"Sensor drift/flat low values at 13.1_33.2, Aug-Nov 2025"
13.1,13.1_33.2,41.489571,-81.71175,2025-10-17T23:30:00Z,0,"Sensor drift/flat low values at 13.1_33.2, Aug-Nov 2025"
13.1,13.1_33.2,41.489571,-81.71175,2025-10-18T00:00:00Z,0,"Sensor drift/flat low values at 13.1_33.2, Aug-Nov 2025"
13.1,13.1_33.2,41.489571,-81.71175,2025-10-18T00:30:00Z,0,"Sensor drift/flat low values at 13.1_33.2, Aug-Nov 2025"
13.1,13.1_33.2,41.489571,-81.71175,2025-10-18T01:00:00Z,0,"Sensor drift/flat low values at 13.1_33.2, Aug-Nov 2025"
13.1,13.1_33.2,41.489571,-81.71175,2025-10-18T01:30:00Z,0,"Sensor drift/flat low values at 13.1_33.2, Aug-Nov 2025"
13.1,13.1_33.2,41.489571,-81.71175,2025-10-18T02:00:00Z,0,"Sensor drift/flat low values at 13.1_33.2, Aug-Nov 2025"
13.1,13.1_33.2,41.489571,-81.71175,2025-10-18T02:30:00Z,0,"Sensor drift/flat low values at 13.1_33.2, Aug-Nov 2025"
13.1,13.1_33.2,41.489571,-81.71175,2025-10-18T03:00:00Z,0,"Sensor drift/flat low values at 13.1_33.2, Aug-Nov 2025"
13.1,13.1_33.2,41.489571,-81.71175,2025-10-18T03:30:00Z,0,"Sensor drift/flat low values at 13.1_33.2, Aug-Nov 2025"
13.1,13.1_33.2,41.489571,-81.71175,2025-10-18T04:00:00Z,0,"Sensor drift/flat low values at 13.1_33.2, Aug-Nov 2025"
13.1,13.1_33.2,41.489571,-81.71175,2025-10-18T04:30:00Z,0,"Sensor drift/flat low values at 13.1_33.2, Aug-Nov 2025"
13.1,13.1_33.2,41.489571,-81.71175,2025-10-18T05:00:00Z,0,"Sensor drift/flat low values at 13.1_33.2, Aug-Nov 2025"
13.1,13.1_33.2,41.489571,-81.71175,2025-10-18T05:30:00Z,0,"Sensor drift/flat low values at 13.1_33.2, Aug-Nov 2025"
13.1,13.1_33.2,41.489571,-81.71175,2025-10-18T06:00:00Z,0,"Sensor drift/flat low values at 13.1_33.2, Aug-Nov 2025"
13.1,13.1_33.2,41.489571,-81.71175,2025-10-18T06:30:00Z,0,"Sensor drift/flat low values at 13.1_33.2, Aug-Nov 2025"
13.1,13.1_33.2,41.489571,-81.71175,2025-10-18T07:00:00Z,0,"Sensor drift/flat low values at 13.1_33.2, Aug-Nov 2025"
13.1,13.1_33.2,41.489571,-81.71175,2025-10-18T07:30:00Z,0,"Sensor drift/flat low values at 13.1_33.2, Aug-Nov 2025"
13.1,13.1_33.2,41.489571,-81.71175,2025-10-18T08:00:00Z,0,"Sensor drift/flat low values at 13.1_33.2, Aug-Nov 2025"
13.1,13.1_33.2,41.489571,-81.71175,2025-10-18T08:30:00Z,0,"Sensor drift/flat low values at 13.1_33.2, Aug-Nov 2025"
13.1,13.1_33.2,41.489571,-81.71175,2025-10-18T09:00:00Z,0,"Sensor drift/flat low values at 13.1_33.2, Aug-Nov 2025"
13.1,13.1_33.2,41.489571,-81.71175,2025-10-18T09:30:00Z,0,"Sensor drift/flat low values at 13.1_33.2, Aug-Nov 2025"
13.1,13.1_33.2,41.489571,-81.71175,2025-10-18T10:00:00Z,0,"Sensor drift/flat low values at 13.1_33.2, Aug-Nov 2025"
13.1,13.1_33.2,41.489571,-81.71175,2025-10-18T10:30:00Z,0,"Sensor drift/flat low values at 13.1_33.2, Aug-Nov 2025"
13.1,13.1_33.2,41.489571,-81.71175,2025-10-18T11:00:00Z,0,"Sensor drift/flat low values at 13.1_33.2, Aug-Nov 2025"
13.1,13.1_33.2,41.489571,-81.71175,2025-10-18T11:30:00Z,0,"Sensor drift/flat low values at 13.1_33.2, Aug-Nov 2025"
13.1,13.1_33.2,41.489571,-81.71175,2025-10-18T12:00:00Z,0,"Sensor drift/flat low values at 13.1_33.2, Aug-Nov 2025"
13.1,13.1_33.2,41.489571,-81.71175,2025-10-18T12:30:00Z,0,"Sensor drift/flat low values at 13.1_33.2, Aug-Nov 2025"
13.1,13.1_33.2,41.489571,-81.71175,2025-10-18T13:00:00Z,0,"Sensor drift/flat low values at 13.1_33.2, Aug-Nov 2025"
13.1,13.1_33.2,41.489571,-81.71175,2025-10-18T13:30:00Z,0,"Sensor drift/flat low values at 13.1_33.2, Aug-Nov 2025"
13.1,13.1_33.2,41.489571,-81.71175,2025-10-18T14:00:00Z,0,"Sensor drift/flat low values at 13.1_33.2, Aug-Nov 2025"
13.1,13.1_33.2,41.489571,-81.71175,2025-10-18T14:30:00Z,0,"Sensor drift/flat low values at 13.1_33.2, Aug-Nov 2025"
13.1,13.1_33.2,41.489571,-81.71175,2025-10-18T15:00:00Z,0,"Sensor drift/flat low values at 13.1_33.2, Aug-Nov 2025"
13.1,13.1_33.2,41.489571,-81.71175,2025-10-18T15:30:00Z,0,"Sensor drift/flat low values at 13.1_33.2, Aug-Nov 2025"
13.1,13.1_33.2,41.489571,-81.71175,2025-10-18T16:00:00Z,0,"Sensor drift/flat low values at 13.1_33.2, Aug-Nov 2025"
13.1,13.1_33.2,41.489571,-81.71175,2025-10-18T16:30:00Z,0,"Sensor drift/flat low values at 13.1_33.2, Aug-Nov 2025"
13.1,13.1_33.2,41.489571,-81.71175,2025-10-18T17:00:00Z,0,"Sensor drift/flat low values at 13.1_33.2, Aug-Nov 2025"
13.1,13.1_33.2,41.489571,-81.71175,2025-10-18T17:30:00Z,0,"Sensor drift/flat low values at 13.1_33.2, Aug-Nov 2025"
13.1,13.1_33.2,41.489571,-81.71175,2025-10-18T18:00:00Z,0,"Sensor drift/flat low values at 13.1_33.2, Aug-Nov 2025"
13.1,13.1_33.2,41.489571,-81.71175,2025-10-18T18:30:00Z,0,"Sensor drift/flat low values at 13.1_33.2, Aug-Nov 2025"
13.1,13.1_33.2,41.489571,-81.71175,2025-10-18T19:00:00Z,0,"Sensor drift/flat low values at 13.1_33.2, Aug-Nov 2025"
13.1,13.1_33.2,41.489571,-81.71175,2025-10-18T19:30:00Z,0,"Sensor drift/flat low values at 13.1_33.2, Aug-Nov 2025"
13.1,13.1_33.2,41.489571,-81.71175,2025-10-18T20:00:00Z,0,"Sensor drift/flat low values at 13.1_33.2, Aug-Nov 2025"
13.1,13.1_33.2,41.489571,-81.71175,2025-10-18T20:30:00Z,0,"Sensor drift/flat low values at 13.1_33.2, Aug-Nov 2025"
13.1,13.1_33.2,41.489571,-81.71175,2025-10-18T21:00:00Z,0,"Sensor drift/flat low values at 13.1_33.2, Aug-Nov 2025"
13.1,13.1_33.2,41.489571,-81.71175,2025-10-18T21:30:00Z,0,"Sensor drift/flat low values at 13.1_33.2, Aug-Nov 2025"
13.1,13.1_33.2,41.489571,-81.71175,2025-10-18T22:00:00Z,0,"Sensor drift/flat low values at 13.1_33.2, Aug-Nov 2025"
13.1,13.1_33.2,41.489571,-81.71175,2025-10-18T22:30:00Z,0,"Sensor drift/flat low values at 13.1_33.2, Aug-Nov 2025"
13.1,13.1_33.2,41.489571,-81.71175,2025-10-18T23:00:00Z,0,"Sensor drift/flat low values at 13.1_33.2, Aug-Nov 2025"
13.1,13.1_33.2,41.489571,-81.71175,2025-10-18T23:30:00Z,0,"Sensor drift/flat low values at 13.1_33.2, Aug-Nov 2025"
13.1,13.1_33.2,41.489571,-81.71175,2025-10-19T00:00:00Z,0,"Sensor drift/flat low values at 13.1_33.2, Aug-Nov 2025"
13.1,13.1_33.2,41.489571,-81.71175,2025-10-19T00:30:00Z,0,"Sensor drift/flat low values at 13.1_33.2, Aug-Nov 2025"
13.1,13.1_33.2,41.489571,-81.71175,2025-10-19T01:00:00Z,0,"Sensor drift/flat low values at 13.1_33.2, Aug-Nov 2025"
13.1,13.1_33.2,41.489571,-81.71175,2025-10-19T01:30:00Z,0,"Sensor drift/flat low values at 13.1_33.2, Aug-Nov 2025"
13.1,13.1_33.2,41.489571,-81.71175,2025-10-19T02:00:00Z,0,"Sensor drift/flat low values at 13.1_33.2, Aug-Nov 2025"
13.1,13.1_33.2,41.489571,-81.71175,2025-10-19T02:30:00Z,0,"Sensor drift/flat low values at 13.1_33.2, Aug-Nov 2025"
13.1,13.1_33.2,41.489571,-81.71175,2025-10-19T03:00:00Z,0,"Sensor drift/flat low values at 13.1_33.2, Aug-Nov 2025"
13.1,13.1_33.2,41.489571,-81.71175,2025-10-19T03:30:00Z,0,"Sensor drift/flat low values at 13.1_33.2, Aug-Nov 2025"
13.1,13.1_33.2,41.489571,-81.71175,2025-10-19T04:00:00Z,0,"Sensor drift/flat low values at 13.1_33.2, Aug-Nov 2025"
13.1,13.1_33.2,41.489571,-81.71175,2025-10-19T04:30:00Z,0,"Sensor drift/flat low values at 13.1_33.2, Aug-Nov 2025"
13.1,13.1_33.2,41.489571,-81.71175,2025-10-19T05:00:00Z,0,"Sensor drift/flat low values at 13.1_33.2, Aug-Nov 2025"
13.1,13.1_33.2,41.489571,-81.71175,2025-10-19T05:30:00Z,0,"Sensor drift/flat low values at 13.1_33.2, Aug-Nov 2025"
13.1,13.1_33.2,41.489571,-81.71175,2025-10-19T06:00:00Z,0,"Sensor drift/flat low values at 13.1_33.2, Aug-Nov 2025"
13.1,13.1_33.2,41.489571,-81.71175,2025-10-19T06:30:00Z,0,"Sensor drift/flat low values at 13.1_33.2, Aug-Nov 2025"
13.1,13.1_33.2,41.489571,-81.71175,2025-10-19T07:00:00Z,0,"Sensor drift/flat low values at 13.1_33.2, Aug-Nov 2025"
13.1,13.1_33.2,41.489571,-81.71175,2025-10-19T07:30:00Z,0,"Sensor drift/flat low values at 13.1_33.2, Aug-Nov 2025"
13.1,13.1_33.2,41.489571,-81.71175,2025-10-19T08:00:00Z,0,"Sensor drift/flat low values at 13.1_33.2, Aug-Nov 2025"
13.1,13.1_33.2,41.489571,-81.71175,2025-10-19T08:30:00Z,0,"Sensor drift/flat low values at 13.1_33.2, Aug-Nov 2025"
13.1,13.1_33.2,41.489571,-81.71175,2025-10-19T09:00:00Z,0,"Sensor drift/flat low values at 13.1_33.2, Aug-Nov 2025"
13.1,13.1_33.2,41.489571,-81.71175,2025-10-19T09:30:00Z,0,"Sensor drift/flat low values at 13.1_33.2, Aug-Nov 2025"
13.1,13.1_33.2,41.489571,-81.71175,2025-10-19T10:00:00Z,0,"Sensor drift/flat low values at 13.1_33.2, Aug-Nov 2025"
13.1,13.1_33.2,41.489571,-81.71175,2025-10-19T10:30:00Z,0,"Sensor drift/flat low values at 13.1_33.2, Aug-Nov 2025"
13.1,13.1_33.2,41.489571,-81.71175,2025-10-19T11:00:00Z,0,"Sensor drift/flat low values at 13.1_33.2, Aug-Nov 2025"
13.1,13.1_33.2,41.489571,-81.71175,2025-10-19T11:30:00Z,0,"Sensor drift/flat low values at 13.1_33.2, Aug-Nov 2025"
13.1,13.1_33.2,41.489571,-81.71175,2025-10-19T12:00:00Z,0,"Sensor drift/flat low values at 13.1_33.2, Aug-Nov 2025"
13.1,13.1_33.2,41.489571,-81.71175,2025-10-19T12:30:00Z,0,"Sensor drift/flat low values at 13.1_33.2, Aug-Nov 2025"
13.1,13.1_33.2,41.489571,-81.71175,2025-10-19T13:00:00Z,0,"Sensor drift/flat low values at 13.1_33.2, Aug-Nov 2025"
13.1,13.1_33.2,41.489571,-81.71175,2025-10-19T13:30:00Z,0,"Sensor drift/flat low values at 13.1_33.2, Aug-Nov 2025"
13.1,13.1_33.2,41.489571,-81.71175,2025-10-19T14:00:00Z,0,"Sensor drift/flat low values at 13.1_33.2, Aug-Nov 2025"
13.1,13.1_33.2,41.489571,-81.71175,2025-10-19T14:30:00Z,0,"Sensor drift/flat low values at 13.1_33.2, Aug-Nov 2025"
13.1,13.1_33.2,41.489571,-81.71175,2025-10-19T15:00:00Z,0,"Sensor drift/flat low values at 13.1_33.2, Aug-Nov 2025"
13.1,13.1_33.2,41.489571,-81.71175,2025-10-19T15:30:00Z,0,"Sensor drift/flat low values at 13.1_33.2, Aug-Nov 2025"
13.1,13.1_33.2,41.489571,-81.71175,2025-10-19T16:00:00Z,0,"Sensor drift/flat low values at 13.1_33.2, Aug-Nov 2025"
13.1,13.1_33.2,41.489571,-81.71175,2025-10-19T16:30:00Z,0,"Sensor drift/flat low values at 13.1_33.2, Aug-Nov 2025"
13.1,13.1_33.2,41.489571,-81.71175,2025-10-19T17:00:00Z,0,"Sensor drift/flat low values at 13.1_33.2, Aug-Nov 2025"
13.1,13.1_33.2,41.489571,-81.71175,2025-10-19T17:30:00Z,0,"Sensor drift/flat low values at 13.1_33.2, Aug-Nov 2025"
13.1,13.1_33.2,41.489571,-81.71175,2025-10-19T18:00:00Z,0,"Sensor drift/flat low values at 13.1_33.2, Aug-Nov 2025"
13.1,13.1_33.2,41.489571,-81.71175,2025-10-19T18:30:00Z,0,"Sensor drift/flat low values at 13.1_33.2, Aug-Nov 2025"
13.1,13.1_33.2,41.489571,-81.71175,2025-10-19T19:00:00Z,0,"Sensor drift/flat low values at 13.1_33.2, Aug-Nov 2025"
13.1,13.1_33.2,41.489571,-81.71175,2025-10-19T21:00:00Z,0,"Sensor drift/flat low values at 13.1_33.2, Aug-Nov 2025"
13.1,13.1_33.2,41.489571,-81.71175,2025-10-19T22:00:00Z,0,"Sensor drift/flat low values at 13.1_33.2, Aug-Nov 2025"
13.1,13.1_33.2,41.489571,-81.71175,2025-10-19T23:30:00Z,0,"Sensor drift/flat low values at 13.1_33.2, Aug-Nov 2025"
13.1,13.1_33.2,41.489571,-81.71175,2025-10-20T00:00:00Z,0,"Sensor drift/flat low values at 13.1_33.2, Aug-Nov 2025"
13.1,13.1_33.2,41.489571,-81.71175,2025-10-20T00:30:00Z,0,"Sensor drift/flat low values at 13.1_33.2, Aug-Nov 2025"
13.1,13.1_33.2,41.489571,-81.71175,2025-10-20T01:30:00Z,0,"Sensor drift/flat low values at 13.1_33.2, Aug-Nov 2025"
13.1,13.1_33.2,41.489571,-81.71175,2025-10-20T02:00:00Z,0,"Sensor drift/flat low values at 13.1_33.2, Aug-Nov 2025"
13.1,13.1_33.2,41.489571,-81.71175,2025-10-20T04:00:00Z,0,"Sensor drift/flat low values at 13.1_33.2, Aug-Nov 2025"
13.1,13.1_33.2,41.489571,-81.71175,2025-10-20T04:30:00Z,0,"Sensor drift/flat low values at 13.1_33.2, Aug-Nov 2025"
13.1,13.1_33.2,41.489571,-81.71175,2025-10-20T05:00:00Z,0,"Sensor drift/flat low values at 13.1_33.2, Aug-Nov 2025"
13.1,13.1_33.2,41.489571,-81.71175,2025-10-20T05:30:00Z,0,"Sensor drift/flat low values at 13.1_33.2, Aug-Nov 2025"
13.1,13.1_33.2,41.489571,-81.71175,2025-10-20T06:00:00Z,0,"Sensor drift/flat low values at 13.1_33.2, Aug-Nov 2025"
13.1,13.1_33.2,41.489571,-81.71175,2025-10-20T06:30:00Z,0,"Sensor drift/flat low values at 13.1_33.2, Aug-Nov 2025"
13.1,13.1_33.2,41.489571,-81.71175,2025-10-20T09:30:00Z,0,"Sensor drift/flat low values at 13.1_33.2, Aug-Nov 2025"
13.1,13.1_33.2,41.489571,-81.71175,2025-10-20T10:00:00Z,0,"Sensor drift/flat low values at 13.1_33.2, Aug-Nov 2025"
13.1,13.1_33.2,41.489571,-81.71175,2025-10-20T10:30:00Z,0,"Sensor drift/flat low values at 13.1_33.2, Aug-Nov 2025"
13.1,13.1_33.2,41.489571,-81.71175,2025-10-20T11:00:00Z,0,"Sensor drift/flat low values at 13.1_33.2, Aug-Nov 2025"
13.1,13.1_33.2,41.489571,-81.71175,2025-10-20T11:30:00Z,0,"Sensor drift/flat low values at 13.1_33.2, Aug-Nov 2025"
13.1,13.1_33.2,41.489571,-81.71175,2025-10-20T12:00:00Z,0,"Sensor drift/flat low values at 13.1_33.2, Aug-Nov 2025"
13.1,13.1_33.2,41.489571,-81.71175,2025-10-20T12:30:00Z,0,"Sensor drift/flat low values at 13.1_33.2, Aug-Nov 2025"
13.1,13.1_33.2,41.489571,-81.71175,2025-10-20T13:00:00Z,0,"Sensor drift/flat low values at 13.1_33.2, Aug-Nov 2025"
13.1,13.1_33.2,41.489571,-81.71175,2025-10-20T13:30:00Z,0,"Sensor drift/flat low values at 13.1_33.2, Aug-Nov 2025"
13.1,13.1_33.2,41.489571,-81.71175,2025-10-20T14:00:00Z,0,"Sensor drift/flat low values at 13.1_33.2, Aug-Nov 2025"
13.1,13.1_33.2,41.489571,-81.71175,2025-10-20T14:30:00Z,0,"Sensor drift/flat low values at 13.1_33.2, Aug-Nov 2025"
13.1,13.1_33.2,41.489571,-81.71175,2025-10-20T15:00:00Z,0,"Sensor drift/flat low values at 13.1_33.2, Aug-Nov 2025"
13.1,13.1_33.2,41.489571,-81.71175,2025-10-20T15:30:00Z,0,"Sensor drift/flat low values at 13.1_33.2, Aug-Nov 2025"
13.1,13.1_33.2,41.489571,-81.71175,2025-10-20T16:00:00Z,0,"Sensor drift/flat low values at 13.1_33.2, Aug-Nov 2025"
13.1,13.1_33.2,41.489571,-81.71175,2025-10-20T16:30:00Z,0,"Sensor drift/flat low values at 13.1_33.2, Aug-Nov 2025"
13.1,13.1_33.2,41.489571,-81.71175,2025-10-20T17:00:00Z,0,"Sensor drift/flat low values at 13.1_33.2, Aug-Nov 2025"
13.1,13.1_33.2,41.489571,-81.71175,2025-10-20T17:30:00Z,0,"Sensor drift/flat low values at 13.1_33.2, Aug-Nov 2025"
13.1,13.1_33.2,41.489571,-81.71175,2025-10-20T18:00:00Z,0,"Sensor drift/flat low values at 13.1_33.2, Aug-Nov 2025"
13.1,13.1_33.2,41.489571,-81.71175,2025-10-20T18:30:00Z,0,"Sensor drift/flat low values at 13.1_33.2, Aug-Nov 2025"
13.1,13.1_33.2,41.489571,-81.71175,2025-10-20T19:00:00Z,0,"Sensor drift/flat low values at 13.1_33.2, Aug-Nov 2025"
13.1,13.1_33.2,41.489571,-81.71175,2025-10-20T19:30:00Z,0,"Sensor drift/flat low values at 13.1_33.2, Aug-Nov 2025"
13.1,13.1_33.2,41.489571,-81.71175,2025-10-20T21:00:00Z,0,"Sensor drift/flat low values at 13.1_33.2, Aug-Nov 2025"
13.1,13.1_33.2,41.489571,-81.71175,2025-10-20T21:30:00Z,0,"Sensor drift/flat low values at 13.1_33.2, Aug-Nov 2025"
13.1,13.1_33.2,41.489571,-81.71175,2025-10-20T22:00:00Z,0,"Sensor drift/flat low values at 13.1_33.2, Aug-Nov 2025"
13.1,13.1_33.2,41.489571,-81.71175,2025-10-20T22:30:00Z,0,"Sensor drift/flat low values at 13.1_33.2, Aug-Nov 2025"
13.1,13.1_33.2,41.489571,-81.71175,2025-10-20T23:00:00Z,0,"Sensor drift/flat low values at 13.1_33.2, Aug-Nov 2025"
13.1,13.1_33.2,41.489571,-81.71175,2025-10-20T23:30:00Z,0,"Sensor drift/flat low values at 13.1_33.2, Aug-Nov 2025"
13.1,13.1_33.2,41.489571,-81.71175,2025-10-21T00:00:00Z,0,"Sensor drift/flat low values at 13.1_33.2, Aug-Nov 2025"
13.1,13.1_33.2,41.489571,-81.71175,2025-10-21T00:30:00Z,0,"Sensor drift/flat low values at 13.1_33.2, Aug-Nov 2025"
13.1,13.1_33.2,41.489571,-81.71175,2025-10-21T01:00:00Z,0,"Sensor drift/flat low values at 13.1_33.2, Aug-Nov 2025"
13.1,13.1_33.2,41.489571,-81.71175,2025-10-21T01:30:00Z,0,"Sensor drift/flat low values at 13.1_33.2, Aug-Nov 2025"
13.1,13.1_33.2,41.489571,-81.71175,2025-10-21T02:00:00Z,0,"Sensor drift/flat low values at 13.1_33.2, Aug-Nov 2025"
13.1,13.1_33.2,41.489571,-81.71175,2025-10-21T02:30:00Z,0,"Sensor drift/flat low values at 13.1_33.2, Aug-Nov 2025"
13.1,13.1_33.2,41.489571,-81.71175,2025-10-21T03:00:00Z,0,"Sensor drift/flat low values at 13.1_33.2, Aug-Nov 2025"
13.1,13.1_33.2,41.489571,-81.71175,2025-10-21T03:30:00Z,0,"Sensor drift/flat low values at 13.1_33.2, Aug-Nov 2025"
13.1,13.1_33.2,41.489571,-81.71175,2025-10-21T04:00:00Z,0,"Sensor drift/flat low values at 13.1_33.2, Aug-Nov 2025"
13.1,13.1_33.2,41.489571,-81.71175,2025-10-21T04:30:00Z,0,"Sensor drift/flat low values at 13.1_33.2, Aug-Nov 2025"
13.1,13.1_33.2,41.489571,-81.71175,2025-10-21T05:00:00Z,0,"Sensor drift/flat low values at 13.1_33.2, Aug-Nov 2025"
13.1,13.1_33.2,41.489571,-81.71175,2025-10-21T05:30:00Z,0,"Sensor drift/flat low values at 13.1_33.2, Aug-Nov 2025"
13.1,13.1_33.2,41.489571,-81.71175,2025-10-21T06:00:00Z,0,"Sensor drift/flat low values at 13.1_33.2, Aug-Nov 2025"
13.1,13.1_33.2,41.489571,-81.71175,2025-10-21T06:30:00Z,0,"Sensor drift/flat low values at 13.1_33.2, Aug-Nov 2025"
13.1,13.1_33.2,41.489571,-81.71175,2025-10-21T07:00:00Z,0,"Sensor drift/flat low values at 13.1_33.2, Aug-Nov 2025"
13.1,13.1_33.2,41.489571,-81.71175,2025-10-21T07:30:00Z,0,"Sensor drift/flat low values at 13.1_33.2, Aug-Nov 2025"
13.1,13.1_33.2,41.489571,-81.71175,2025-10-21T08:00:00Z,0,"Sensor drift/flat low values at 13.1_33.2, Aug-Nov 2025"
13.1,13.1_33.2,41.489571,-81.71175,2025-10-21T08:30:00Z,0,"Sensor drift/flat low values at 13.1_33.2, Aug-Nov 2025"
13.1,13.1_33.2,41.489571,-81.71175,2025-10-21T09:00:00Z,0,"Sensor drift/flat low values at 13.1_33.2, Aug-Nov 2025"
13.1,13.1_33.2,41.489571,-81.71175,2025-10-21T09:30:00Z,0,"Sensor drift/flat low values at 13.1_33.2, Aug-Nov 2025"
13.1,13.1_33.2,41.489571,-81.71175,2025-10-21T10:00:00Z,0,"Sensor drift/flat low values at 13.1_33.2, Aug-Nov 2025"
13.1,13.1_33.2,41.489571,-81.71175,2025-10-21T10:30:00Z,0,"Sensor drift/flat low values at 13.1_33.2, Aug-Nov 2025"
13.1,13.1_33.2,41.489571,-81.71175,2025-10-21T11:00:00Z,0,"Sensor drift/flat low values at 13.1_33.2, Aug-Nov 2025"
13.1,13.1_33.2,41.489571,-81.71175,2025-10-21T11:30:00Z,0,"Sensor drift/flat low values at 13.1_33.2, Aug-Nov 2025"
13.1,13.1_33.2,41.489571,-81.71175,2025-10-21T12:00:00Z,0,"Sensor drift/flat low values at 13.1_33.2, Aug-Nov 2025"
13.1,13.1_33.2,41.489571,-81.71175,2025-10-21T12:30:00Z,0,"Sensor drift/flat low values at 13.1_33.2, Aug-Nov 2025"
13.1,13.1_33.2,41.489571,-81.71175,2025-10-21T13:00:00Z,0,"Sensor drift/flat low values at 13.1_33.2, Aug-Nov 2025"
13.1,13.1_33.2,41.489571,-81.71175,2025-10-21T13:30:00Z,0,"Sensor drift/flat low values at 13.1_33.2, Aug-Nov 2025"
13.1,13.1_33.2,41.489571,-81.71175,2025-10-21T14:00:00Z,0,"Sensor drift/flat low values at 13.1_33.2, Aug-Nov 2025"
13.1,13.1_33.2,41.489571,-81.71175,2025-10-21T14:30:00Z,0,"Sensor drift/flat low values at 13.1_33.2, Aug-Nov 2025"
13.1,13.1_33.2,41.489571,-81.71175,2025-10-21T15:00:00Z,0,"Sensor drift/flat low values at 13.1_33.2, Aug-Nov 2025"
13.1,13.1_33.2,41.489571,-81.71175,2025-10-21T15:30:00Z,0,"Sensor drift/flat low values at 13.1_33.2, Aug-Nov 2025"
13.1,13.1_33.2,41.489571,-81.71175,2025-10-21T16:00:00Z,0,"Sensor drift/flat low values at 13.1_33.2, Aug-Nov 2025"
13.1,13.1_33.2,41.489571,-81.71175,2025-10-21T16:30:00Z,0,"Sensor drift/flat low values at 13.1_33.2, Aug-Nov 2025"
13.1,13.1_33.2,41.489571,-81.71175,2025-10-21T17:00:00Z,0,"Sensor drift/flat low values at 13.1_33.2, Aug-Nov 2025"
13.1,13.1_33.2,41.489571,-81.71175,2025-10-21T17:30:00Z,0,"Sensor drift/flat low values at 13.1_33.2, Aug-Nov 2025"
13.1,13.1_33.2,41.489571,-81.71175,2025-10-21T18:00:00Z,0,"Sensor drift/flat low values at 13.1_33.2, Aug-Nov 2025"
13.1,13.1_33.2,41.489571,-81.71175,2025-10-21T18:30:00Z,0,"Sensor drift/flat low values at 13.1_33.2, Aug-Nov 2025"
13.1,13.1_33.2,41.489571,-81.71175,2025-10-21T19:00:00Z,0,"Sensor drift/flat low values at 13.1_33.2, Aug-Nov 2025"
13.1,13.1_33.2,41.489571,-81.71175,2025-10-21T19:30:00Z,0,"Sensor drift/flat low values at 13.1_33.2, Aug-Nov 2025"
13.1,13.1_33.2,41.489571,-81.71175,2025-10-21T20:00:00Z,0,"Sensor drift/flat low values at 13.1_33.2, Aug-Nov 2025"
13.1,13.1_33.2,41.489571,-81.71175,2025-10-21T20:30:00Z,0,"Sensor drift/flat low values at 13.1_33.2, Aug-Nov 2025"
13.1,13.1_33.2,41.489571,-81.71175,2025-10-21T21:00:00Z,0,"Sensor drift/flat low values at 13.1_33.2, Aug-Nov 2025"
13.1,13.1_33.2,41.489571,-81.71175,2025-10-21T21:30:00Z,0,"Sensor drift/flat low values at 13.1_33.2, Aug-Nov 2025"
13.1,13.1_33.2,41.489571,-81.71175,2025-10-21T22:00:00Z,0,"Sensor drift/flat low values at 13.1_33.2, Aug-Nov 2025"
13.1,13.1_33.2,41.489571,-81.71175,2025-10-21T22:30:00Z,0,"Sensor drift/flat low values at 13.1_33.2, Aug-Nov 2025"
13.1,13.1_33.2,41.489571,-81.71175,2025-10-21T23:00:00Z,0,"Sensor drift/flat low values at 13.1_33.2, Aug-Nov 2025"
13.1,13.1_33.2,41.489571,-81.71175,2025-10-21T23:30:00Z,0,"Sensor drift/flat low values at 13.1_33.2, Aug-Nov 2025"
13.1,13.1_33.2,41.489571,-81.71175,2025-10-22T00:00:00Z,0,"Sensor drift/flat low values at 13.1_33.2, Aug-Nov 2025"
13.1,13.1_33.2,41.489571,-81.71175,2025-10-22T00:30:00Z,0,"Sensor drift/flat low values at 13.1_33.2, Aug-Nov 2025"
13.1,13.1_33.2,41.489571,-81.71175,2025-10-22T01:00:00Z,0,"Sensor drift/flat low values at 13.1_33.2, Aug-Nov 2025"
13.1,13.1_33.2,41.489571,-81.71175,2025-10-22T01:30:00Z,0,"Sensor drift/flat low values at 13.1_33.2, Aug-Nov 2025"
13.1,13.1_33.2,41.489571,-81.71175,2025-10-22T02:00:00Z,0,"Sensor drift/flat low values at 13.1_33.2, Aug-Nov 2025"
13.1,13.1_33.2,41.489571,-81.71175,2025-10-22T02:30:00Z,0,"Sensor drift/flat low values at 13.1_33.2, Aug-Nov 2025"
13.1,13.1_33.2,41.489571,-81.71175,2025-10-22T03:00:00Z,0,"Sensor drift/flat low values at 13.1_33.2, Aug-Nov 2025"
13.1,13.1_33.2,41.489571,-81.71175,2025-10-22T03:30:00Z,0,"Sensor drift/flat low values at 13.1_33.2, Aug-Nov 2025"
13.1,13.1_33.2,41.489571,-81.71175,2025-10-22T04:00:00Z,0,"Sensor drift/flat low values at 13.1_33.2, Aug-Nov 2025"
13.1,13.1_33.2,41.489571,-81.71175,2025-10-22T04:30:00Z,0,"Sensor drift/flat low values at 13.1_33.2, Aug-Nov 2025"
13.1,13.1_33.2,41.489571,-81.71175,2025-10-22T05:00:00Z,0,"Sensor drift/flat low values at 13.1_33.2, Aug-Nov 2025"
13.1,13.1_33.2,41.489571,-81.71175,2025-10-22T05:30:00Z,0,"Sensor drift/flat low values at 13.1_33.2, Aug-Nov 2025"
13.1,13.1_33.2,41.489571,-81.71175,2025-10-22T06:00:00Z,0,"Sensor drift/flat low values at 13.1_33.2, Aug-Nov 2025"
13.1,13.1_33.2,41.489571,-81.71175,2025-10-22T06:30:00Z,0,"Sensor drift/flat low values at 13.1_33.2, Aug-Nov 2025"
13.1,13.1_33.2,41.489571,-81.71175,2025-10-22T07:00:00Z,0,"Sensor drift/flat low values at 13.1_33.2, Aug-Nov 2025"
13.1,13.1_33.2,41.489571,-81.71175,2025-10-22T07:30:00Z,0,"Sensor drift/flat low values at 13.1_33.2, Aug-Nov 2025"
13.1,13.1_33.2,41.489571,-81.71175,2025-10-22T08:00:00Z,0,"Sensor drift/flat low values at 13.1_33.2, Aug-Nov 2025"
13.1,13.1_33.2,41.489571,-81.71175,2025-10-22T08:30:00Z,0,"Sensor drift/flat low values at 13.1_33.2, Aug-Nov 2025"
13.1,13.1_33.2,41.489571,-81.71175,2025-10-22T09:00:00Z,0,"Sensor drift/flat low values at 13.1_33.2, Aug-Nov 2025"
13.1,13.1_33.2,41.489571,-81.71175,2025-10-22T09:30:00Z,0,"Sensor drift/flat low values at 13.1_33.2, Aug-Nov 2025"
13.1,13.1_33.2,41.489571,-81.71175,2025-10-22T10:00:00Z,0,"Sensor drift/flat low values at 13.1_33.2, Aug-Nov 2025"
13.1,13.1_33.2,41.489571,-81.71175,2025-10-22T10:30:00Z,0,"Sensor drift/flat low values at 13.1_33.2, Aug-Nov 2025"
13.1,13.1_33.2,41.489571,-81.71175,2025-10-22T11:00:00Z,0,"Sensor drift/flat low values at 13.1_33.2, Aug-Nov 2025"
13.1,13.1_33.2,41.489571,-81.71175,2025-10-22T11:30:00Z,0,"Sensor drift/flat low values at 13.1_33.2, Aug-Nov 2025"
13.1,13.1_33.2,41.489571,-81.71175,2025-10-22T12:00:00Z,0,"Sensor drift/flat low values at 13.1_33.2, Aug-Nov 2025"
13.1,13.1_33.2,41.489571,-81.71175,2025-10-22T12:30:00Z,0,"Sensor drift/flat low values at 13.1_33.2, Aug-Nov 2025"
13.1,13.1_33.2,41.489571,-81.71175,2025-10-22T13:00:00Z,0,"Sensor drift/flat low values at 13.1_33.2, Aug-Nov 2025"
13.1,13.1_33.2,41.489571,-81.71175,2025-10-22T13:30:00Z,0,"Sensor drift/flat low values at 13.1_33.2, Aug-Nov 2025"
13.1,13.1_33.2,41.489571,-81.71175,2025-10-22T14:00:00Z,0,"Sensor drift/flat low values at 13.1_33.2, Aug-Nov 2025"
13.1,13.1_33.2,41.489571,-81.71175,2025-10-22T14:30:00Z,0,"Sensor drift/flat low values at 13.1_33.2, Aug-Nov 2025"
13.1,13.1_33.2,41.489571,-81.71175,2025-10-22T15:00:00Z,0,"Sensor drift/flat low values at 13.1_33.2, Aug-Nov 2025"
13.1,13.1_33.2,41.489571,-81.71175,2025-10-22T15:30:00Z,0,"Sensor drift/flat low values at 13.1_33.2, Aug-Nov 2025"
13.1,13.1_33.2,41.489571,-81.71175,2025-10-22T16:00:00Z,0,"Sensor drift/flat low values at 13.1_33.2, Aug-Nov 2025"
13.1,13.1_33.2,41.489571,-81.71175,2025-10-22T16:30:00Z,0,"Sensor drift/flat low values at 13.1_33.2, Aug-Nov 2025"
13.1,13.1_33.2,41.489571,-81.71175,2025-10-22T17:00:00Z,0,"Sensor drift/flat low values at 13.1_33.2, Aug-Nov 2025"
13.1,13.1_33.2,41.489571,-81.71175,2025-10-22T17:30:00Z,0,"Sensor drift/flat low values at 13.1_33.2, Aug-Nov 2025"
13.1,13.1_33.2,41.489571,-81.71175,2025-10-22T18:00:00Z,0,"Sensor drift/flat low values at 13.1_33.2, Aug-Nov 2025"
13.1,13.1_33.2,41.489571,-81.71175,2025-10-22T18:30:00Z,0,"Sensor drift/flat low values at 13.1_33.2, Aug-Nov 2025"
13.1,13.1_33.2,41.489571,-81.71175,2025-10-22T19:00:00Z,0,"Sensor drift/flat low values at 13.1_33.2, Aug-Nov 2025"
13.1,13.1_33.2,41.489571,-81.71175,2025-10-22T19:30:00Z,0,"Sensor drift/flat low values at 13.1_33.2, Aug-Nov 2025"
13.1,13.1_33.2,41.489571,-81.71175,2025-10-22T20:00:00Z,0,"Sensor drift/flat low values at 13.1_33.2, Aug-Nov 2025"
13.1,13.1_33.2,41.489571,-81.71175,2025-10-22T20:30:00Z,0,"Sensor drift/flat low values at 13.1_33.2, Aug-Nov 2025"
13.1,13.1_33.2,41.489571,-81.71175,2025-10-22T21:00:00Z,0,"Sensor drift/flat low values at 13.1_33.2, Aug-Nov 2025"
13.1,13.1_33.2,41.489571,-81.71175,2025-10-22T21:30:00Z,0,"Sensor drift/flat low values at 13.1_33.2, Aug-Nov 2025"
13.1,13.1_33.2,41.489571,-81.71175,2025-10-22T22:00:00Z,0,"Sensor drift/flat low values at 13.1_33.2, Aug-Nov 2025"
13.1,13.1_33.2,41.489571,-81.71175,2025-10-22T22:30:00Z,0,"Sensor drift/flat low values at 13.1_33.2, Aug-Nov 2025"
13.1,13.1_33.2,41.489571,-81.71175,2025-10-22T23:00:00Z,0,"Sensor drift/flat low values at 13.1_33.2, Aug-Nov 2025"
13.1,13.1_33.2,41.489571,-81.71175,2025-10-22T23:30:00Z,0,"Sensor drift/flat low values at 13.1_33.2, Aug-Nov 2025"
13.1,13.1_33.2,41.489571,-81.71175,2025-10-23T00:00:00Z,0,"Sensor drift/flat low values at 13.1_33.2, Aug-Nov 2025"
13.1,13.1_33.2,41.489571,-81.71175,2025-10-23T00:30:00Z,0,"Sensor drift/flat low values at 13.1_33.2, Aug-Nov 2025"
13.1,13.1_33.2,41.489571,-81.71175,2025-10-23T01:00:00Z,0,"Sensor drift/flat low values at 13.1_33.2, Aug-Nov 2025"
13.1,13.1_33.2,41.489571,-81.71175,2025-10-23T01:30:00Z,0,"Sensor drift/flat low values at 13.1_33.2, Aug-Nov 2025"
13.1,13.1_33.2,41.489571,-81.71175,2025-10-23T02:00:00Z,0,"Sensor drift/flat low values at 13.1_33.2, Aug-Nov 2025"
13.1,13.1_33.2,41.489571,-81.71175,2025-10-23T02:30:00Z,0,"Sensor drift/flat low values at 13.1_33.2, Aug-Nov 2025"
13.1,13.1_33.2,41.489571,-81.71175,2025-10-23T03:00:00Z,0,"Sensor drift/flat low values at 13.1_33.2, Aug-Nov 2025"
13.1,13.1_33.2,41.489571,-81.71175,2025-10-23T03:30:00Z,0,"Sensor drift/flat low values at 13.1_33.2, Aug-Nov 2025"
13.1,13.1_33.2,41.489571,-81.71175,2025-10-23T04:00:00Z,0,"Sensor drift/flat low values at 13.1_33.2, Aug-Nov 2025"
13.1,13.1_33.2,41.489571,-81.71175,2025-10-23T04:30:00Z,0,"Sensor drift/flat low values at 13.1_33.2, Aug-Nov 2025"
13.1,13.1_33.2,41.489571,-81.71175,2025-10-23T05:00:00Z,0,"Sensor drift/flat low values at 13.1_33.2, Aug-Nov 2025"
13.1,13.1_33.2,41.489571,-81.71175,2025-10-23T05:30:00Z,0,"Sensor drift/flat low values at 13.1_33.2, Aug-Nov 2025"
13.1,13.1_33.2,41.489571,-81.71175,2025-10-23T06:00:00Z,0,"Sensor drift/flat low values at 13.1_33.2, Aug-Nov 2025"
13.1,13.1_33.2,41.489571,-81.71175,2025-10-23T06:30:00Z,0,"Sensor drift/flat low values at 13.1_33.2, Aug-Nov 2025"
13.1,13.1_33.2,41.489571,-81.71175,2025-10-23T07:00:00Z,0,"Sensor drift/flat low values at 13.1_33.2, Aug-Nov 2025"
13.1,13.1_33.2,41.489571,-81.71175,2025-10-23T07:30:00Z,0,"Sensor drift/flat low values at 13.1_33.2, Aug-Nov 2025"
13.1,13.1_33.2,41.489571,-81.71175,2025-10-23T10:00:00Z,0,"Sensor drift/flat low values at 13.1_33.2, Aug-Nov 2025"
13.1,13.1_33.2,41.489571,-81.71175,2025-10-23T10:30:00Z,0,"Sensor drift/flat low values at 13.1_33.2, Aug-Nov 2025"
13.1,13.1_33.2,41.489571,-81.71175,2025-10-23T11:30:00Z,0,"Sensor drift/flat low values at 13.1_33.2, Aug-Nov 2025"
13.1,13.1_33.2,41.489571,-81.71175,2025-10-23T12:00:00Z,0,"Sensor drift/flat low values at 13.1_33.2, Aug-Nov 2025"
13.1,13.1_33.2,41.489571,-81.71175,2025-10-23T12:30:00Z,0,"Sensor drift/flat low values at 13.1_33.2, Aug-Nov 2025"
13.1,13.1_33.2,41.489571,-81.71175,2025-10-23T13:00:00Z,0,"Sensor drift/flat low values at 13.1_33.2, Aug-Nov 2025"
13.1,13.1_33.2,41.489571,-81.71175,2025-10-23T13:30:00Z,0,"Sensor drift/flat low values at 13.1_33.2, Aug-Nov 2025"
13.1,13.1_33.2,41.489571,-81.71175,2025-10-23T14:00:00Z,0,"Sensor drift/flat low values at 13.1_33.2, Aug-Nov 2025"
13.1,13.1_33.2,41.489571,-81.71175,2025-10-23T15:30:00Z,0,"Sensor drift/flat low values at 13.1_33.2, Aug-Nov 2025"
13.1,13.1_33.2,41.489571,-81.71175,2025-10-23T16:00:00Z,0,"Sensor drift/flat low values at 13.1_33.2, Aug-Nov 2025"
13.1,13.1_33.2,41.489571,-81.71175,2025-10-23T16:30:00Z,0,"Sensor drift/flat low values at 13.1_33.2, Aug-Nov 2025"
13.1,13.1_33.2,41.489571,-81.71175,2025-10-23T18:30:00Z,0,"Sensor drift/flat low values at 13.1_33.2, Aug-Nov 2025"
13.1,13.1_33.2,41.489571,-81.71175,2025-10-23T19:00:00Z,0,"Sensor drift/flat low values at 13.1_33.2, Aug-Nov 2025"
13.1,13.1_33.2,41.489571,-81.71175,2025-10-23T19:30:00Z,0,"Sensor drift/flat low values at 13.1_33.2, Aug-Nov 2025"
13.1,13.1_33.2,41.489571,-81.71175,2025-10-23T20:00:00Z,0,"Sensor drift/flat low values at 13.1_33.2, Aug-Nov 2025"
13.1,13.1_33.2,41.489571,-81.71175,2025-10-23T20:30:00Z,0,"Sensor drift/flat low values at 13.1_33.2, Aug-Nov 2025"
13.1,13.1_33.2,41.489571,-81.71175,2025-10-23T21:00:00Z,0,"Sensor drift/flat low values at 13.1_33.2, Aug-Nov 2025"
13.1,13.1_33.2,41.489571,-81.71175,2025-10-23T21:30:00Z,0,"Sensor drift/flat low values at 13.1_33.2, Aug-Nov 2025"
13.1,13.1_33.2,41.489571,-81.71175,2025-10-23T22:00:00Z,0,"Sensor drift/flat low values at 13.1_33.2, Aug-Nov 2025"
13.1,13.1_33.2,41.489571,-81.71175,2025-10-23T22:30:00Z,0,"Sensor drift/flat low values at 13.1_33.2, Aug-Nov 2025"
13.1,13.1_33.2,41.489571,-81.71175,2025-10-24T03:00:00Z,0,"Sensor drift/flat low values at 13.1_33.2, Aug-Nov 2025"
13.1,13.1_33.2,41.489571,-81.71175,2025-10-24T03:30:00Z,0,"Sensor drift/flat low values at 13.1_33.2, Aug-Nov 2025"
13.1,13.1_33.2,41.489571,-81.71175,2025-10-24T05:00:00Z,0,"Sensor drift/flat low values at 13.1_33.2, Aug-Nov 2025"
13.1,13.1_33.2,41.489571,-81.71175,2025-10-24T05:30:00Z,0,"Sensor drift/flat low values at 13.1_33.2, Aug-Nov 2025"
13.1,13.1_33.2,41.489571,-81.71175,2025-10-24T06:00:00Z,0,"Sensor drift/flat low values at 13.1_33.2, Aug-Nov 2025"
13.1,13.1_33.2,41.489571,-81.71175,2025-10-24T06:30:00Z,0,"Sensor drift/flat low values at 13.1_33.2, Aug-Nov 2025"
13.1,13.1_33.2,41.489571,-81.71175,2025-10-24T07:00:00Z,0,"Sensor drift/flat low values at 13.1_33.2, Aug-Nov 2025"
13.1,13.1_33.2,41.489571,-81.71175,2025-10-24T07:30:00Z,0,"Sensor drift/flat low values at 13.1_33.2, Aug-Nov 2025"
13.1,13.1_33.2,41.489571,-81.71175,2025-10-24T08:30:00Z,0,"Sensor drift/flat low values at 13.1_33.2, Aug-Nov 2025"
13.1,13.1_33.2,41.489571,-81.71175,2025-10-24T09:00:00Z,0,"Sensor drift/flat low values at 13.1_33.2, Aug-Nov 2025"
13.1,13.1_33.2,41.489571,-81.71175,2025-10-24T09:30:00Z,0,"Sensor drift/flat low values at 13.1_33.2, Aug-Nov 2025"
13.1,13.1_33.2,41.489571,-81.71175,2025-10-24T10:00:00Z,0,"Sensor drift/flat low values at 13.1_33.2, Aug-Nov 2025"
13.1,13.1_33.2,41.489571,-81.71175,2025-10-24T10:30:00Z,0,"Sensor drift/flat low values at 13.1_33.2, Aug-Nov 2025"
13.1,13.1_33.2,41.489571,-81.71175,2025-10-24T11:00:00Z,0,"Sensor drift/flat low values at 13.1_33.2, Aug-Nov 2025"
13.1,13.1_33.2,41.489571,-81.71175,2025-10-24T11:30:00Z,0,"Sensor drift/flat low values at 13.1_33.2, Aug-Nov 2025"
13.1,13.1_33.2,41.489571,-81.71175,2025-10-24T12:00:00Z,0,"Sensor drift/flat low values at 13.1_33.2, Aug-Nov 2025"
13.1,13.1_33.2,41.489571,-81.71175,2025-10-24T12:30:00Z,0,"Sensor drift/flat low values at 13.1_33.2, Aug-Nov 2025"
13.1,13.1_33.2,41.489571,-81.71175,2025-10-24T13:00:00Z,0,"Sensor drift/flat low values at 13.1_33.2, Aug-Nov 2025"
13.1,13.1_33.2,41.489571,-81.71175,2025-10-24T13:30:00Z,0,"Sensor drift/flat low values at 13.1_33.2, Aug-Nov 2025"
13.1,13.1_33.2,41.489571,-81.71175,2025-10-24T14:00:00Z,0,"Sensor drift/flat low values at 13.1_33.2, Aug-Nov 2025"
13.1,13.1_33.2,41.489571,-81.71175,2025-10-24T14:30:00Z,0,"Sensor drift/flat low values at 13.1_33.2, Aug-Nov 2025"
13.1,13.1_33.2,41.489571,-81.71175,2025-10-24T15:00:00Z,0,"Sensor drift/flat low values at 13.1_33.2, Aug-Nov 2025"
13.1,13.1_33.2,41.489571,-81.71175,2025-10-24T15:30:00Z,0,"Sensor drift/flat low values at 13.1_33.2, Aug-Nov 2025"
13.1,13.1_33.2,41.489571,-81.71175,2025-10-24T16:00:00Z,0,"Sensor drift/flat low values at 13.1_33.2, Aug-Nov 2025"
13.1,13.1_33.2,41.489571,-81.71175,2025-10-24T16:30:00Z,0,"Sensor drift/flat low values at 13.1_33.2, Aug-Nov 2025"
13.1,13.1_33.2,41.489571,-81.71175,2025-10-24T17:00:00Z,0,"Sensor drift/flat low values at 13.1_33.2, Aug-Nov 2025"
13.1,13.1_33.2,41.489571,-81.71175,2025-10-24T17:30:00Z,0,"Sensor drift/flat low values at 13.1_33.2, Aug-Nov 2025"
13.1,13.1_33.2,41.489571,-81.71175,2025-10-24T18:00:00Z,0,"Sensor drift/flat low values at 13.1_33.2, Aug-Nov 2025"
13.1,13.1_33.2,41.489571,-81.71175,2025-10-24T18:30:00Z,0,"Sensor drift/flat low values at 13.1_33.2, Aug-Nov 2025"
13.1,13.1_33.2,41.489571,-81.71175,2025-10-24T19:00:00Z,0,"Sensor drift/flat low values at 13.1_33.2, Aug-Nov 2025"
13.1,13.1_33.2,41.489571,-81.71175,2025-10-24T19:30:00Z,0,"Sensor drift/flat low values at 13.1_33.2, Aug-Nov 2025"
13.1,13.1_33.2,41.489571,-81.71175,2025-10-24T20:00:00Z,0,"Sensor drift/flat low values at 13.1_33.2, Aug-Nov 2025"
13.1,13.1_33.2,41.489571,-81.71175,2025-10-24T20:30:00Z,0,"Sensor drift/flat low values at 13.1_33.2, Aug-Nov 2025"
13.1,13.1_33.2,41.489571,-81.71175,2025-10-24T21:00:00Z,0,"Sensor drift/flat low values at 13.1_33.2, Aug-Nov 2025"
13.1,13.1_33.2,41.489571,-81.71175,2025-10-24T21:30:00Z,0,"Sensor drift/flat low values at 13.1_33.2, Aug-Nov 2025"
13.1,13.1_33.2,41.489571,-81.71175,2025-10-24T22:00:00Z,0,"Sensor drift/flat low values at 13.1_33.2, Aug-Nov 2025"
13.1,13.1_33.2,41.489571,-81.71175,2025-10-24T22:30:00Z,0,"Sensor drift/flat low values at 13.1_33.2, Aug-Nov 2025"
13.1,13.1_33.2,41.489571,-81.71175,2025-10-24T23:00:00Z,0,"Sensor drift/flat low values at 13.1_33.2, Aug-Nov 2025"
13.1,13.1_33.2,41.489571,-81.71175,2025-10-24T23:30:00Z,0,"Sensor drift/flat low values at 13.1_33.2, Aug-Nov 2025"
13.1,13.1_33.2,41.489571,-81.71175,2025-10-25T00:00:00Z,0,"Sensor drift/flat low values at 13.1_33.2, Aug-Nov 2025"
13.1,13.1_33.2,41.489571,-81.71175,2025-10-25T00:30:00Z,0,"Sensor drift/flat low values at 13.1_33.2, Aug-Nov 2025"
13.1,13.1_33.2,41.489571,-81.71175,2025-10-25T01:00:00Z,0,"Sensor drift/flat low values at 13.1_33.2, Aug-Nov 2025"
13.1,13.1_33.2,41.489571,-81.71175,2025-10-25T01:30:00Z,0,"Sensor drift/flat low values at 13.1_33.2, Aug-Nov 2025"
13.1,13.1_33.2,41.489571,-81.71175,2025-10-25T02:00:00Z,0,"Sensor drift/flat low values at 13.1_33.2, Aug-Nov 2025"
13.1,13.1_33.2,41.489571,-81.71175,2025-10-25T02:30:00Z,0,"Sensor drift/flat low values at 13.1_33.2, Aug-Nov 2025"
13.1,13.1_33.2,41.489571,-81.71175,2025-10-25T03:00:00Z,0,"Sensor drift/flat low values at 13.1_33.2, Aug-Nov 2025"
13.1,13.1_33.2,41.489571,-81.71175,2025-10-25T03:30:00Z,0,"Sensor drift/flat low values at 13.1_33.2, Aug-Nov 2025"
13.1,13.1_33.2,41.489571,-81.71175,2025-10-25T04:00:00Z,0,"Sensor drift/flat low values at 13.1_33.2, Aug-Nov 2025"
13.1,13.1_33.2,41.489571,-81.71175,2025-10-25T04:30:00Z,0,"Sensor drift/flat low values at 13.1_33.2, Aug-Nov 2025"
13.1,13.1_33.2,41.489571,-81.71175,2025-10-25T07:00:00Z,0,"Sensor drift/flat low values at 13.1_33.2, Aug-Nov 2025"
13.1,13.1_33.2,41.489571,-81.71175,2025-10-25T08:30:00Z,0,"Sensor drift/flat low values at 13.1_33.2, Aug-Nov 2025"
13.1,13.1_33.2,41.489571,-81.71175,2025-10-25T09:00:00Z,0,"Sensor drift/flat low values at 13.1_33.2, Aug-Nov 2025"
13.1,13.1_33.2,41.489571,-81.71175,2025-10-25T10:00:00Z,0,"Sensor drift/flat low values at 13.1_33.2, Aug-Nov 2025"
13.1,13.1_33.2,41.489571,-81.71175,2025-10-25T10:30:00Z,0,"Sensor drift/flat low values at 13.1_33.2, Aug-Nov 2025"
13.1,13.1_33.2,41.489571,-81.71175,2025-10-25T11:30:00Z,0,"Sensor drift/flat low values at 13.1_33.2, Aug-Nov 2025"
13.1,13.1_33.2,41.489571,-81.71175,2025-10-25T12:00:00Z,0,"Sensor drift/flat low values at 13.1_33.2, Aug-Nov 2025"
13.1,13.1_33.2,41.489571,-81.71175,2025-10-25T14:00:00Z,0,"Sensor drift/flat low values at 13.1_33.2, Aug-Nov 2025"
13.1,13.1_33.2,41.489571,-81.71175,2025-10-25T17:00:00Z,0,"Sensor drift/flat low values at 13.1_33.2, Aug-Nov 2025"
13.1,13.1_33.2,41.489571,-81.71175,2025-10-25T18:30:00Z,0,"Sensor drift/flat low values at 13.1_33.2, Aug-Nov 2025"
13.1,13.1_33.2,41.489571,-81.71175,2025-10-25T20:00:00Z,0,"Sensor drift/flat low values at 13.1_33.2, Aug-Nov 2025"
13.1,13.1_33.2,41.489571,-81.71175,2025-10-25T21:00:00Z,0,"Sensor drift/flat low values at 13.1_33.2, Aug-Nov 2025"
13.1,13.1_33.2,41.489571,-81.71175,2025-10-25T21:30:00Z,0,"Sensor drift/flat low values at 13.1_33.2, Aug-Nov 2025"
13.1,13.1_33.2,41.489571,-81.71175,2025-10-25T23:00:00Z,0,"Sensor drift/flat low values at 13.1_33.2, Aug-Nov 2025"
13.1,13.1_33.2,41.489571,-81.71175,2025-10-25T23:30:00Z,0,"Sensor drift/flat low values at 13.1_33.2, Aug-Nov 2025"
13.1,13.1_33.2,41.489571,-81.71175,2025-10-26T00:00:00Z,0,"Sensor drift/flat low values at 13.1_33.2, Aug-Nov 2025"
13.1,13.1_33.2,41.489571,-81.71175,2025-10-26T00:30:00Z,0,"Sensor drift/flat low values at 13.1_33.2, Aug-Nov 2025"
13.1,13.1_33.2,41.489571,-81.71175,2025-10-26T01:00:00Z,0,"Sensor drift/flat low values at 13.1_33.2, Aug-Nov 2025"
13.1,13.1_33.2,41.489571,-81.71175,2025-10-26T02:30:00Z,0,"Sensor drift/flat low values at 13.1_33.2, Aug-Nov 2025"
13.1,13.1_33.2,41.489571,-81.71175,2025-10-26T03:00:00Z,0,"Sensor drift/flat low values at 13.1_33.2, Aug-Nov 2025"
13.1,13.1_33.2,41.489571,-81.71175,2025-10-26T03:30:00Z,0,"Sensor drift/flat low values at 13.1_33.2, Aug-Nov 2025"
13.1,13.1_33.2,41.489571,-81.71175,2025-10-26T04:00:00Z,0,"Sensor drift/flat low values at 13.1_33.2, Aug-Nov 2025"
13.1,13.1_33.2,41.489571,-81.71175,2025-10-26T04:30:00Z,0,"Sensor drift/flat low values at 13.1_33.2, Aug-Nov 2025"
13.1,13.1_33.2,41.489571,-81.71175,2025-10-26T05:00:00Z,0,"Sensor drift/flat low values at 13.1_33.2, Aug-Nov 2025"
13.1,13.1_33.2,41.489571,-81.71175,2025-10-26T05:30:00Z,0,"Sensor drift/flat low values at 13.1_33.2, Aug-Nov 2025"
13.1,13.1_33.2,41.489571,-81.71175,2025-10-26T06:00:00Z,0,"Sensor drift/flat low values at 13.1_33.2, Aug-Nov 2025"
13.1,13.1_33.2,41.489571,-81.71175,2025-10-26T06:30:00Z,0,"Sensor drift/flat low values at 13.1_33.2, Aug-Nov 2025"
13.1,13.1_33.2,41.489571,-81.71175,2025-10-26T07:00:00Z,0,"Sensor drift/flat low values at 13.1_33.2, Aug-Nov 2025"
13.1,13.1_33.2,41.489571,-81.71175,2025-10-26T07:30:00Z,0,"Sensor drift/flat low values at 13.1_33.2, Aug-Nov 2025"
13.1,13.1_33.2,41.489571,-81.71175,2025-10-26T08:00:00Z,0,"Sensor drift/flat low values at 13.1_33.2, Aug-Nov 2025"
13.1,13.1_33.2,41.489571,-81.71175,2025-10-26T08:30:00Z,0,"Sensor drift/flat low values at 13.1_33.2, Aug-Nov 2025"
13.1,13.1_33.2,41.489571,-81.71175,2025-10-26T09:00:00Z,0,"Sensor drift/flat low values at 13.1_33.2, Aug-Nov 2025"
13.1,13.1_33.2,41.489571,-81.71175,2025-10-26T09:30:00Z,0,"Sensor drift/flat low values at 13.1_33.2, Aug-Nov 2025"
13.1,13.1_33.2,41.489571,-81.71175,2025-10-26T10:00:00Z,0,"Sensor drift/flat low values at 13.1_33.2, Aug-Nov 2025"
13.1,13.1_33.2,41.489571,-81.71175,2025-10-26T10:30:00Z,0,"Sensor drift/flat low values at 13.1_33.2, Aug-Nov 2025"
13.1,13.1_33.2,41.489571,-81.71175,2025-10-26T11:00:00Z,0,"Sensor drift/flat low values at 13.1_33.2, Aug-Nov 2025"
13.1,13.1_33.2,41.489571,-81.71175,2025-10-26T11:30:00Z,0,"Sensor drift/flat low values at 13.1_33.2, Aug-Nov 2025"
13.1,13.1_33.2,41.489571,-81.71175,2025-10-26T12:00:00Z,0,"Sensor drift/flat low values at 13.1_33.2, Aug-Nov 2025"
13.1,13.1_33.2,41.489571,-81.71175,2025-10-26T12:30:00Z,0,"Sensor drift/flat low values at 13.1_33.2, Aug-Nov 2025"
13.1,13.1_33.2,41.489571,-81.71175,2025-10-26T13:00:00Z,0,"Sensor drift/flat low values at 13.1_33.2, Aug-Nov 2025"
13.1,13.1_33.2,41.489571,-81.71175,2025-10-26T13:30:00Z,0,"Sensor drift/flat low values at 13.1_33.2, Aug-Nov 2025"
13.1,13.1_33.2,41.489571,-81.71175,2025-10-26T14:00:00Z,0,"Sensor drift/flat low values at 13.1_33.2, Aug-Nov 2025"
13.1,13.1_33.2,41.489571,-81.71175,2025-10-26T14:30:00Z,0,"Sensor drift/flat low values at 13.1_33.2, Aug-Nov 2025"
13.1,13.1_33.2,41.489571,-81.71175,2025-10-26T15:00:00Z,0,"Sensor drift/flat low values at 13.1_33.2, Aug-Nov 2025"
13.1,13.1_33.2,41.489571,-81.71175,2025-10-26T15:30:00Z,0,"Sensor drift/flat low values at 13.1_33.2, Aug-Nov 2025"
13.1,13.1_33.2,41.489571,-81.71175,2025-10-26T16:00:00Z,0,"Sensor drift/flat low values at 13.1_33.2, Aug-Nov 2025"
13.1,13.1_33.2,41.489571,-81.71175,2025-10-26T16:30:00Z,0,"Sensor drift/flat low values at 13.1_33.2, Aug-Nov 2025"
13.1,13.1_33.2,41.489571,-81.71175,2025-10-26T17:00:00Z,0,"Sensor drift/flat low values at 13.1_33.2, Aug-Nov 2025"
13.1,13.1_33.2,41.489571,-81.71175,2025-10-26T17:30:00Z,0,"Sensor drift/flat low values at 13.1_33.2, Aug-Nov 2025"
13.1,13.1_33.2,41.489571,-81.71175,2025-10-26T18:00:00Z,0,"Sensor drift/flat low values at 13.1_33.2, Aug-Nov 2025"
13.1,13.1_33.2,41.489571,-81.71175,2025-10-26T18:30:00Z,0,"Sensor drift/flat low values at 13.1_33.2, Aug-Nov 2025"
13.1,13.1_33.2,41.489571,-81.71175,2025-10-26T19:00:00Z,0,"Sensor drift/flat low values at 13.1_33.2, Aug-Nov 2025"
13.1,13.1_33.2,41.489571,-81.71175,2025-10-26T19:30:00Z,0,"Sensor drift/flat low values at 13.1_33.2, Aug-Nov 2025"
13.1,13.1_33.2,41.489571,-81.71175,2025-10-26T20:00:00Z,0,"Sensor drift/flat low values at 13.1_33.2, Aug-Nov 2025"
13.1,13.1_33.2,41.489571,-81.71175,2025-10-26T20:30:00Z,0,"Sensor drift/flat low values at 13.1_33.2, Aug-Nov 2025"
13.1,13.1_33.2,41.489571,-81.71175,2025-10-26T21:00:00Z,0,"Sensor drift/flat low values at 13.1_33.2, Aug-Nov 2025"
13.1,13.1_33.2,41.489571,-81.71175,2025-10-26T21:30:00Z,0,"Sensor drift/flat low values at 13.1_33.2, Aug-Nov 2025"
13.1,13.1_33.2,41.489571,-81.71175,2025-10-26T22:00:00Z,0,"Sensor drift/flat low values at 13.1_33.2, Aug-Nov 2025"
13.1,13.1_33.2,41.489571,-81.71175,2025-10-26T22:30:00Z,0,"Sensor drift/flat low values at 13.1_33.2, Aug-Nov 2025"
13.1,13.1_33.2,41.489571,-81.71175,2025-10-26T23:00:00Z,0,"Sensor drift/flat low values at 13.1_33.2, Aug-Nov 2025"
13.1,13.1_33.2,41.489571,-81.71175,2025-10-26T23:30:00Z,0,"Sensor drift/flat low values at 13.1_33.2, Aug-Nov 2025"
13.1,13.1_33.2,41.489571,-81.71175,2025-10-27T00:00:00Z,0,"Sensor drift/flat low values at 13.1_33.2, Aug-Nov 2025"
13.1,13.1_33.2,41.489571,-81.71175,2025-10-27T00:30:00Z,0,"Sensor drift/flat low values at 13.1_33.2, Aug-Nov 2025"
13.1,13.1_33.2,41.489571,-81.71175,2025-10-27T01:00:00Z,0,"Sensor drift/flat low values at 13.1_33.2, Aug-Nov 2025"
13.1,13.1_33.2,41.489571,-81.71175,2025-10-27T01:30:00Z,0,"Sensor drift/flat low values at 13.1_33.2, Aug-Nov 2025"
13.1,13.1_33.2,41.489571,-81.71175,2025-10-27T02:00:00Z,0,"Sensor drift/flat low values at 13.1_33.2, Aug-Nov 2025"
13.1,13.1_33.2,41.489571,-81.71175,2025-10-27T02:30:00Z,0,"Sensor drift/flat low values at 13.1_33.2, Aug-Nov 2025"
13.1,13.1_33.2,41.489571,-81.71175,2025-10-27T03:00:00Z,0,"Sensor drift/flat low values at 13.1_33.2, Aug-Nov 2025"
13.1,13.1_33.2,41.489571,-81.71175,2025-10-27T03:30:00Z,0,"Sensor drift/flat low values at 13.1_33.2, Aug-Nov 2025"
13.1,13.1_33.2,41.489571,-81.71175,2025-10-27T04:00:00Z,0,"Sensor drift/flat low values at 13.1_33.2, Aug-Nov 2025"
13.1,13.1_33.2,41.489571,-81.71175,2025-10-27T04:30:00Z,0,"Sensor drift/flat low values at 13.1_33.2, Aug-Nov 2025"
13.1,13.1_33.2,41.489571,-81.71175,2025-10-27T05:00:00Z,0,"Sensor drift/flat low values at 13.1_33.2, Aug-Nov 2025"
13.1,13.1_33.2,41.489571,-81.71175,2025-10-27T05:30:00Z,0,"Sensor drift/flat low values at 13.1_33.2, Aug-Nov 2025"
13.1,13.1_33.2,41.489571,-81.71175,2025-10-27T06:00:00Z,0,"Sensor drift/flat low values at 13.1_33.2, Aug-Nov 2025"
13.1,13.1_33.2,41.489571,-81.71175,2025-10-27T06:30:00Z,0,"Sensor drift/flat low values at 13.1_33.2, Aug-Nov 2025"
13.1,13.1_33.2,41.489571,-81.71175,2025-10-27T07:00:00Z,0,"Sensor drift/flat low values at 13.1_33.2, Aug-Nov 2025"
13.1,13.1_33.2,41.489571,-81.71175,2025-10-27T07:30:00Z,0,"Sensor drift/flat low values at 13.1_33.2, Aug-Nov 2025"
13.1,13.1_33.2,41.489571,-81.71175,2025-10-27T08:00:00Z,0,"Sensor drift/flat low values at 13.1_33.2, Aug-Nov 2025"
13.1,13.1_33.2,41.489571,-81.71175,2025-10-27T08:30:00Z,0,"Sensor drift/flat low values at 13.1_33.2, Aug-Nov 2025"
13.1,13.1_33.2,41.489571,-81.71175,2025-10-27T09:00:00Z,0,"Sensor drift/flat low values at 13.1_33.2, Aug-Nov 2025"
13.1,13.1_33.2,41.489571,-81.71175,2025-10-27T09:30:00Z,0,"Sensor drift/flat low values at 13.1_33.2, Aug-Nov 2025"
13.1,13.1_33.2,41.489571,-81.71175,2025-10-27T10:00:00Z,0,"Sensor drift/flat low values at 13.1_33.2, Aug-Nov 2025"
13.1,13.1_33.2,41.489571,-81.71175,2025-10-27T10:30:00Z,0,"Sensor drift/flat low values at 13.1_33.2, Aug-Nov 2025"
13.1,13.1_33.2,41.489571,-81.71175,2025-10-27T11:00:00Z,0,"Sensor drift/flat low values at 13.1_33.2, Aug-Nov 2025"
13.1,13.1_33.2,41.489571,-81.71175,2025-10-27T11:30:00Z,0,"Sensor drift/flat low values at 13.1_33.2, Aug-Nov 2025"
13.1,13.1_33.2,41.489571,-81.71175,2025-10-27T12:00:00Z,0,"Sensor drift/flat low values at 13.1_33.2, Aug-Nov 2025"
13.1,13.1_33.2,41.489571,-81.71175,2025-10-27T12:30:00Z,0,"Sensor drift/flat low values at 13.1_33.2, Aug-Nov 2025"
13.1,13.1_33.2,41.489571,-81.71175,2025-10-27T15:00:00Z,0,"Sensor drift/flat low values at 13.1_33.2, Aug-Nov 2025"
13.1,13.1_33.2,41.489571,-81.71175,2025-10-27T15:30:00Z,0,"Sensor drift/flat low values at 13.1_33.2, Aug-Nov 2025"
13.1,13.1_33.2,41.489571,-81.71175,2025-10-27T16:00:00Z,0,"Sensor drift/flat low values at 13.1_33.2, Aug-Nov 2025"
13.1,13.1_33.2,41.489571,-81.71175,2025-10-27T16:30:00Z,0,"Sensor drift/flat low values at 13.1_33.2, Aug-Nov 2025"
13.1,13.1_33.2,41.489571,-81.71175,2025-10-27T17:00:00Z,0,"Sensor drift/flat low values at 13.1_33.2, Aug-Nov 2025"
13.1,13.1_33.2,41.489571,-81.71175,2025-10-27T17:30:00Z,0,"Sensor drift/flat low values at 13.1_33.2, Aug-Nov 2025"
13.1,13.1_33.2,41.489571,-81.71175,2025-10-27T18:00:00Z,0,"Sensor drift/flat low values at 13.1_33.2, Aug-Nov 2025"
13.1,13.1_33.2,41.489571,-81.71175,2025-10-27T18:30:00Z,0,"Sensor drift/flat low values at 13.1_33.2, Aug-Nov 2025"
13.1,13.1_33.2,41.489571,-81.71175,2025-10-27T19:00:00Z,0,"Sensor drift/flat low values at 13.1_33.2, Aug-Nov 2025"
13.1,13.1_33.2,41.489571,-81.71175,2025-10-27T19:30:00Z,0,"Sensor drift/flat low values at 13.1_33.2, Aug-Nov 2025"
13.1,13.1_33.2,41.489571,-81.71175,2025-10-27T20:00:00Z,0,"Sensor drift/flat low values at 13.1_33.2, Aug-Nov 2025"
13.1,13.1_33.2,41.489571,-81.71175,2025-10-27T20:30:00Z,0,"Sensor drift/flat low values at 13.1_33.2, Aug-Nov 2025"
13.1,13.1_33.2,41.489571,-81.71175,2025-10-27T21:00:00Z,0,"Sensor drift/flat low values at 13.1_33.2, Aug-Nov 2025"
13.1,13.1_33.2,41.489571,-81.71175,2025-10-27T21:30:00Z,0,"Sensor drift/flat low values at 13.1_33.2, Aug-Nov 2025"
13.1,13.1_33.2,41.489571,-81.71175,2025-10-27T22:00:00Z,0,"Sensor drift/flat low values at 13.1_33.2, Aug-Nov 2025"
13.1,13.1_33.2,41.489571,-81.71175,2025-10-27T22:30:00Z,0,"Sensor drift/flat low values at 13.1_33.2, Aug-Nov 2025"
13.1,13.1_33.2,41.489571,-81.71175,2025-10-27T23:00:00Z,0,"Sensor drift/flat low values at 13.1_33.2, Aug-Nov 2025"
13.1,13.1_33.2,41.489571,-81.71175,2025-10-27T23:30:00Z,0,"Sensor drift/flat low values at 13.1_33.2, Aug-Nov 2025"
13.1,13.1_33.2,41.489571,-81.71175,2025-10-28T00:00:00Z,0,"Sensor drift/flat low values at 13.1_33.2, Aug-Nov 2025"
13.1,13.1_33.2,41.489571,-81.71175,2025-10-28T00:30:00Z,0,"Sensor drift/flat low values at 13.1_33.2, Aug-Nov 2025"
13.1,13.1_33.2,41.489571,-81.71175,2025-10-28T01:00:00Z,0,"Sensor drift/flat low values at 13.1_33.2, Aug-Nov 2025"
13.1,13.1_33.2,41.489571,-81.71175,2025-10-28T01:30:00Z,0,"Sensor drift/flat low values at 13.1_33.2, Aug-Nov 2025"
13.1,13.1_33.2,41.489571,-81.71175,2025-10-28T02:00:00Z,0,"Sensor drift/flat low values at 13.1_33.2, Aug-Nov 2025"
13.1,13.1_33.2,41.489571,-81.71175,2025-10-28T02:30:00Z,0,"Sensor drift/flat low values at 13.1_33.2, Aug-Nov 2025"
13.1,13.1_33.2,41.489571,-81.71175,2025-10-28T03:00:00Z,0,"Sensor drift/flat low values at 13.1_33.2, Aug-Nov 2025"
13.1,13.1_33.2,41.489571,-81.71175,2025-10-28T03:30:00Z,0,"Sensor drift/flat low values at 13.1_33.2, Aug-Nov 2025"
13.1,13.1_33.2,41.489571,-81.71175,2025-10-28T04:00:00Z,0,"Sensor drift/flat low values at 13.1_33.2, Aug-Nov 2025"
13.1,13.1_33.2,41.489571,-81.71175,2025-10-28T05:00:00Z,0,"Sensor drift/flat low values at 13.1_33.2, Aug-Nov 2025"
13.1,13.1_33.2,41.489571,-81.71175,2025-10-28T05:30:00Z,0,"Sensor drift/flat low values at 13.1_33.2, Aug-Nov 2025"
13.1,13.1_33.2,41.489571,-81.71175,2025-10-28T08:00:00Z,0,"Sensor drift/flat low values at 13.1_33.2, Aug-Nov 2025"
13.1,13.1_33.2,41.489571,-81.71175,2025-10-28T08:30:00Z,0,"Sensor drift/flat low values at 13.1_33.2, Aug-Nov 2025"
13.1,13.1_33.2,41.489571,-81.71175,2025-10-28T09:00:00Z,0,"Sensor drift/flat low values at 13.1_33.2, Aug-Nov 2025"
13.1,13.1_33.2,41.489571,-81.71175,2025-10-28T10:00:00Z,0,"Sensor drift/flat low values at 13.1_33.2, Aug-Nov 2025"
13.1,13.1_33.2,41.489571,-81.71175,2025-10-28T11:00:00Z,0,"Sensor drift/flat low values at 13.1_33.2, Aug-Nov 2025"
13.1,13.1_33.2,41.489571,-81.71175,2025-10-28T12:00:00Z,0,"Sensor drift/flat low values at 13.1_33.2, Aug-Nov 2025"
13.1,13.1_33.2,41.489571,-81.71175,2025-10-28T14:00:00Z,0,"Sensor drift/flat low values at 13.1_33.2, Aug-Nov 2025"
13.1,13.1_33.2,41.489571,-81.71175,2025-10-28T14:30:00Z,0,"Sensor drift/flat low values at 13.1_33.2, Aug-Nov 2025"
13.1,13.1_33.2,41.489571,-81.71175,2025-10-28T15:00:00Z,0,"Sensor drift/flat low values at 13.1_33.2, Aug-Nov 2025"
13.1,13.1_33.2,41.489571,-81.71175,2025-10-28T15:30:00Z,0,"Sensor drift/flat low values at 13.1_33.2, Aug-Nov 2025"
13.1,13.1_33.2,41.489571,-81.71175,2025-10-28T16:00:00Z,0,"Sensor drift/flat low values at 13.1_33.2, Aug-Nov 2025"
13.1,13.1_33.2,41.489571,-81.71175,2025-10-28T16:30:00Z,0,"Sensor drift/flat low values at 13.1_33.2, Aug-Nov 2025"
13.1,13.1_33.2,41.489571,-81.71175,2025-10-28T17:00:00Z,0,"Sensor drift/flat low values at 13.1_33.2, Aug-Nov 2025"
13.1,13.1_33.2,41.489571,-81.71175,2025-10-28T17:30:00Z,0,"Sensor drift/flat low values at 13.1_33.2, Aug-Nov 2025"
13.1,13.1_33.2,41.489571,-81.71175,2025-10-28T18:00:00Z,0,"Sensor drift/flat low values at 13.1_33.2, Aug-Nov 2025"
13.1,13.1_33.2,41.489571,-81.71175,2025-10-28T18:30:00Z,0,"Sensor drift/flat low values at 13.1_33.2, Aug-Nov 2025"
13.1,13.1_33.2,41.489571,-81.71175,2025-10-28T19:00:00Z,0,"Sensor drift/flat low values at 13.1_33.2, Aug-Nov 2025"
13.1,13.1_33.2,41.489571,-81.71175,2025-10-28T19:30:00Z,0,"Sensor drift/flat low values at 13.1_33.2, Aug-Nov 2025"
13.1,13.1_33.2,41.489571,-81.71175,2025-10-28T20:00:00Z,0,"Sensor drift/flat low values at 13.1_33.2, Aug-Nov 2025"
13.1,13.1_33.2,41.489571,-81.71175,2025-10-28T20:30:00Z,0,"Sensor drift/flat low values at 13.1_33.2, Aug-Nov 2025"
13.1,13.1_33.2,41.489571,-81.71175,2025-10-28T21:00:00Z,0,"Sensor drift/flat low values at 13.1_33.2, Aug-Nov 2025"
13.1,13.1_33.2,41.489571,-81.71175,2025-10-28T21:30:00Z,0,"Sensor drift/flat low values at 13.1_33.2, Aug-Nov 2025"
13.1,13.1_33.2,41.489571,-81.71175,2025-10-28T22:00:00Z,0,"Sensor drift/flat low values at 13.1_33.2, Aug-Nov 2025"
13.1,13.1_33.2,41.489571,-81.71175,2025-10-28T22:30:00Z,0,"Sensor drift/flat low values at 13.1_33.2, Aug-Nov 2025"
13.1,13.1_33.2,41.489571,-81.71175,2025-10-28T23:00:00Z,0,"Sensor drift/flat low values at 13.1_33.2, Aug-Nov 2025"
13.1,13.1_33.2,41.489571,-81.71175,2025-10-28T23:30:00Z,0,"Sensor drift/flat low values at 13.1_33.2, Aug-Nov 2025"
13.1,13.1_33.2,41.489571,-81.71175,2025-10-29T00:00:00Z,0,"Sensor drift/flat low values at 13.1_33.2, Aug-Nov 2025"
13.1,13.1_33.2,41.489571,-81.71175,2025-10-29T00:30:00Z,0,"Sensor drift/flat low values at 13.1_33.2, Aug-Nov 2025"
13.1,13.1_33.2,41.489571,-81.71175,2025-10-29T01:00:00Z,0,"Sensor drift/flat low values at 13.1_33.2, Aug-Nov 2025"
13.1,13.1_33.2,41.489571,-81.71175,2025-10-29T01:30:00Z,0,"Sensor drift/flat low values at 13.1_33.2, Aug-Nov 2025"
13.1,13.1_33.2,41.489571,-81.71175,2025-10-29T02:00:00Z,0,"Sensor drift/flat low values at 13.1_33.2, Aug-Nov 2025"
13.1,13.1_33.2,41.489571,-81.71175,2025-10-29T02:30:00Z,0,"Sensor drift/flat low values at 13.1_33.2, Aug-Nov 2025"
13.1,13.1_33.2,41.489571,-81.71175,2025-10-29T03:00:00Z,0,"Sensor drift/flat low values at 13.1_33.2, Aug-Nov 2025"
13.1,13.1_33.2,41.489571,-81.71175,2025-10-29T03:30:00Z,0,"Sensor drift/flat low values at 13.1_33.2, Aug-Nov 2025"
13.1,13.1_33.2,41.489571,-81.71175,2025-10-29T04:00:00Z,0,"Sensor drift/flat low values at 13.1_33.2, Aug-Nov 2025"
13.1,13.1_33.2,41.489571,-81.71175,2025-10-29T04:30:00Z,0,"Sensor drift/flat low values at 13.1_33.2, Aug-Nov 2025"
13.1,13.1_33.2,41.489571,-81.71175,2025-10-29T05:00:00Z,0,"Sensor drift/flat low values at 13.1_33.2, Aug-Nov 2025"
13.1,13.1_33.2,41.489571,-81.71175,2025-10-29T05:30:00Z,0,"Sensor drift/flat low values at 13.1_33.2, Aug-Nov 2025"
13.1,13.1_33.2,41.489571,-81.71175,2025-10-29T06:00:00Z,0,"Sensor drift/flat low values at 13.1_33.2, Aug-Nov 2025"
13.1,13.1_33.2,41.489571,-81.71175,2025-10-29T06:30:00Z,0,"Sensor drift/flat low values at 13.1_33.2, Aug-Nov 2025"
13.1,13.1_33.2,41.489571,-81.71175,2025-10-29T07:00:00Z,0,"Sensor drift/flat low values at 13.1_33.2, Aug-Nov 2025"
13.1,13.1_33.2,41.489571,-81.71175,2025-10-29T07:30:00Z,0,"Sensor drift/flat low values at 13.1_33.2, Aug-Nov 2025"
13.1,13.1_33.2,41.489571,-81.71175,2025-10-29T08:00:00Z,0,"Sensor drift/flat low values at 13.1_33.2, Aug-Nov 2025"
13.1,13.1_33.2,41.489571,-81.71175,2025-10-29T08:30:00Z,0,"Sensor drift/flat low values at 13.1_33.2, Aug-Nov 2025"
13.1,13.1_33.2,41.489571,-81.71175,2025-10-29T09:00:00Z,0,"Sensor drift/flat low values at 13.1_33.2, Aug-Nov 2025"
13.1,13.1_33.2,41.489571,-81.71175,2025-10-29T09:30:00Z,0,"Sensor drift/flat low values at 13.1_33.2, Aug-Nov 2025"
13.1,13.1_33.2,41.489571,-81.71175,2025-10-29T10:00:00Z,0,"Sensor drift/flat low values at 13.1_33.2, Aug-Nov 2025"
13.1,13.1_33.2,41.489571,-81.71175,2025-10-29T10:30:00Z,0,"Sensor drift/flat low values at 13.1_33.2, Aug-Nov 2025"
13.1,13.1_33.2,41.489571,-81.71175,2025-10-29T11:00:00Z,0,"Sensor drift/flat low values at 13.1_33.2, Aug-Nov 2025"
13.1,13.1_33.2,41.489571,-81.71175,2025-10-29T11:30:00Z,0,"Sensor drift/flat low values at 13.1_33.2, Aug-Nov 2025"
13.1,13.1_33.2,41.489571,-81.71175,2025-10-29T12:00:00Z,0,"Sensor drift/flat low values at 13.1_33.2, Aug-Nov 2025"
13.1,13.1_33.2,41.489571,-81.71175,2025-10-29T13:00:00Z,0,"Sensor drift/flat low values at 13.1_33.2, Aug-Nov 2025"
13.1,13.1_33.2,41.489571,-81.71175,2025-10-29T14:00:00Z,0,"Sensor drift/flat low values at 13.1_33.2, Aug-Nov 2025"
13.1,13.1_33.2,41.489571,-81.71175,2025-10-29T16:00:00Z,0,"Sensor drift/flat low values at 13.1_33.2, Aug-Nov 2025"
13.1,13.1_33.2,41.489571,-81.71175,2025-10-29T17:00:00Z,0,"Sensor drift/flat low values at 13.1_33.2, Aug-Nov 2025"
13.1,13.1_33.2,41.489571,-81.71175,2025-10-29T18:00:00Z,0,"Sensor drift/flat low values at 13.1_33.2, Aug-Nov 2025"
13.1,13.1_33.2,41.489571,-81.71175,2025-10-29T18:30:00Z,0,"Sensor drift/flat low values at 13.1_33.2, Aug-Nov 2025"
13.1,13.1_33.2,41.489571,-81.71175,2025-10-29T19:00:00Z,0,"Sensor drift/flat low values at 13.1_33.2, Aug-Nov 2025"
13.1,13.1_33.2,41.489571,-81.71175,2025-10-29T19:30:00Z,0,"Sensor drift/flat low values at 13.1_33.2, Aug-Nov 2025"
13.1,13.1_33.2,41.489571,-81.71175,2025-10-29T20:00:00Z,0,"Sensor drift/flat low values at 13.1_33.2, Aug-Nov 2025"
13.1,13.1_33.2,41.489571,-81.71175,2025-10-29T20:30:00Z,0,"Sensor drift/flat low values at 13.1_33.2, Aug-Nov 2025"
13.1,13.1_33.2,41.489571,-81.71175,2025-10-29T21:00:00Z,0,"Sensor drift/flat low values at 13.1_33.2, Aug-Nov 2025"
13.1,13.1_33.2,41.489571,-81.71175,2025-10-29T21:30:00Z,0,"Sensor drift/flat low values at 13.1_33.2, Aug-Nov 2025"
13.1,13.1_33.2,41.489571,-81.71175,2025-10-29T22:00:00Z,0,"Sensor drift/flat low values at 13.1_33.2, Aug-Nov 2025"
13.1,13.1_33.2,41.489571,-81.71175,2025-10-29T22:30:00Z,0,"Sensor drift/flat low values at 13.1_33.2, Aug-Nov 2025"
13.1,13.1_33.2,41.489571,-81.71175,2025-10-29T23:00:00Z,0,"Sensor drift/flat low values at 13.1_33.2, Aug-Nov 2025"
13.1,13.1_33.2,41.489571,-81.71175,2025-10-29T23:30:00Z,0,"Sensor drift/flat low values at 13.1_33.2, Aug-Nov 2025"
13.1,13.1_33.2,41.489571,-81.71175,2025-10-30T00:00:00Z,0,"Sensor drift/flat low values at 13.1_33.2, Aug-Nov 2025"
13.1,13.1_33.2,41.489571,-81.71175,2025-10-30T00:30:00Z,0,"Sensor drift/flat low values at 13.1_33.2, Aug-Nov 2025"
13.1,13.1_33.2,41.489571,-81.71175,2025-10-30T01:00:00Z,0,"Sensor drift/flat low values at 13.1_33.2, Aug-Nov 2025"
13.1,13.1_33.2,41.489571,-81.71175,2025-10-30T01:30:00Z,0,"Sensor drift/flat low values at 13.1_33.2, Aug-Nov 2025"
13.1,13.1_33.2,41.489571,-81.71175,2025-10-30T02:00:00Z,0,"Sensor drift/flat low values at 13.1_33.2, Aug-Nov 2025"
13.1,13.1_33.2,41.489571,-81.71175,2025-10-30T02:30:00Z,0,"Sensor drift/flat low values at 13.1_33.2, Aug-Nov 2025"
13.1,13.1_33.2,41.489571,-81.71175,2025-10-30T03:00:00Z,0,"Sensor drift/flat low values at 13.1_33.2, Aug-Nov 2025"
13.1,13.1_33.2,41.489571,-81.71175,2025-10-30T03:30:00Z,0,"Sensor drift/flat low values at 13.1_33.2, Aug-Nov 2025"
13.1,13.1_33.2,41.489571,-81.71175,2025-10-30T04:00:00Z,0,"Sensor drift/flat low values at 13.1_33.2, Aug-Nov 2025"
13.1,13.1_33.2,41.489571,-81.71175,2025-10-30T04:30:00Z,0,"Sensor drift/flat low values at 13.1_33.2, Aug-Nov 2025"
13.1,13.1_33.2,41.489571,-81.71175,2025-10-30T05:00:00Z,0,"Sensor drift/flat low values at 13.1_33.2, Aug-Nov 2025"
13.1,13.1_33.2,41.489571,-81.71175,2025-10-30T05:30:00Z,0,"Sensor drift/flat low values at 13.1_33.2, Aug-Nov 2025"
13.1,13.1_33.2,41.489571,-81.71175,2025-10-30T06:00:00Z,0,"Sensor drift/flat low values at 13.1_33.2, Aug-Nov 2025"
13.1,13.1_33.2,41.489571,-81.71175,2025-10-30T06:30:00Z,0,"Sensor drift/flat low values at 13.1_33.2, Aug-Nov 2025"
13.1,13.1_33.2,41.489571,-81.71175,2025-10-30T07:00:00Z,0,"Sensor drift/flat low values at 13.1_33.2, Aug-Nov 2025"
13.1,13.1_33.2,41.489571,-81.71175,2025-10-30T07:30:00Z,0,"Sensor drift/flat low values at 13.1_33.2, Aug-Nov 2025"
13.1,13.1_33.2,41.489571,-81.71175,2025-10-30T08:00:00Z,0,"Sensor drift/flat low values at 13.1_33.2, Aug-Nov 2025"
13.1,13.1_33.2,41.489571,-81.71175,2025-10-30T08:30:00Z,0,"Sensor drift/flat low values at 13.1_33.2, Aug-Nov 2025"
13.1,13.1_33.2,41.489571,-81.71175,2025-10-30T09:30:00Z,0,"Sensor drift/flat low values at 13.1_33.2, Aug-Nov 2025"
13.1,13.1_33.2,41.489571,-81.71175,2025-10-30T10:00:00Z,0,"Sensor drift/flat low values at 13.1_33.2, Aug-Nov 2025"
13.1,13.1_33.2,41.489571,-81.71175,2025-10-30T10:30:00Z,0,"Sensor drift/flat low values at 13.1_33.2, Aug-Nov 2025"
13.1,13.1_33.2,41.489571,-81.71175,2025-10-30T11:30:00Z,0,"Sensor drift/flat low values at 13.1_33.2, Aug-Nov 2025"
13.1,13.1_33.2,41.489571,-81.71175,2025-10-30T12:30:00Z,0,"Sensor drift/flat low values at 13.1_33.2, Aug-Nov 2025"
13.1,13.1_33.2,41.489571,-81.71175,2025-10-30T13:30:00Z,0,"Sensor drift/flat low values at 13.1_33.2, Aug-Nov 2025"
13.1,13.1_33.2,41.489571,-81.71175,2025-10-30T14:00:00Z,0,"Sensor drift/flat low values at 13.1_33.2, Aug-Nov 2025"
13.1,13.1_33.2,41.489571,-81.71175,2025-10-30T14:30:00Z,0,"Sensor drift/flat low values at 13.1_33.2, Aug-Nov 2025"
13.1,13.1_33.2,41.489571,-81.71175,2025-10-30T15:30:00Z,0,"Sensor drift/flat low values at 13.1_33.2, Aug-Nov 2025"
13.1,13.1_33.2,41.489571,-81.71175,2025-10-30T18:30:00Z,0,"Sensor drift/flat low values at 13.1_33.2, Aug-Nov 2025"
13.1,13.1_33.2,41.489571,-81.71175,2025-10-30T19:30:00Z,0,"Sensor drift/flat low values at 13.1_33.2, Aug-Nov 2025"
13.1,13.1_33.2,41.489571,-81.71175,2025-10-30T21:00:00Z,0,"Sensor drift/flat low values at 13.1_33.2, Aug-Nov 2025"
13.1,13.1_33.2,41.489571,-81.71175,2025-10-30T21:30:00Z,0,"Sensor drift/flat low values at 13.1_33.2, Aug-Nov 2025"
13.1,13.1_33.2,41.489571,-81.71175,2025-10-30T22:00:00Z,0,"Sensor drift/flat low values at 13.1_33.2, Aug-Nov 2025"
13.1,13.1_33.2,41.489571,-81.71175,2025-10-30T22:30:00Z,0,"Sensor drift/flat low values at 13.1_33.2, Aug-Nov 2025"
13.1,13.1_33.2,41.489571,-81.71175,2025-10-30T23:30:00Z,0,"Sensor drift/flat low values at 13.1_33.2, Aug-Nov 2025"
13.1,13.1_33.2,41.489571,-81.71175,2025-10-31T00:30:00Z,0,"Sensor drift/flat low values at 13.1_33.2, Aug-Nov 2025"
13.1,13.1_33.2,41.489571,-81.71175,2025-10-31T01:00:00Z,0,"Sensor drift/flat low values at 13.1_33.2, Aug-Nov 2025"
13.1,13.1_33.2,41.489571,-81.71175,2025-10-31T01:30:00Z,0,"Sensor drift/flat low values at 13.1_33.2, Aug-Nov 2025"
13.1,13.1_33.2,41.489571,-81.71175,2025-10-31T02:00:00Z,0,"Sensor drift/flat low values at 13.1_33.2, Aug-Nov 2025"
13.1,13.1_33.2,41.489571,-81.71175,2025-10-31T02:30:00Z,0,"Sensor drift/flat low values at 13.1_33.2, Aug-Nov 2025"
13.1,13.1_33.2,41.489571,-81.71175,2025-10-31T03:00:00Z,0,"Sensor drift/flat low values at 13.1_33.2, Aug-Nov 2025"
13.1,13.1_33.2,41.489571,-81.71175,2025-10-31T03:30:00Z,0,"Sensor drift/flat low values at 13.1_33.2, Aug-Nov 2025"
13.1,13.1_33.2,41.489571,-81.71175,2025-10-31T04:00:00Z,0,"Sensor drift/flat low values at 13.1_33.2, Aug-Nov 2025"
13.1,13.1_33.2,41.489571,-81.71175,2025-10-31T04:30:00Z,0,"Sensor drift/flat low values at 13.1_33.2, Aug-Nov 2025"
13.1,13.1_33.2,41.489571,-81.71175,2025-10-31T05:00:00Z,0,"Sensor drift/flat low values at 13.1_33.2, Aug-Nov 2025"
13.1,13.1_33.2,41.489571,-81.71175,2025-10-31T05:30:00Z,0,"Sensor drift/flat low values at 13.1_33.2, Aug-Nov 2025"
13.1,13.1_33.2,41.489571,-81.71175,2025-10-31T06:00:00Z,0,"Sensor drift/flat low values at 13.1_33.2, Aug-Nov 2025"
13.1,13.1_33.2,41.489571,-81.71175,2025-10-31T06:30:00Z,0,"Sensor drift/flat low values at 13.1_33.2, Aug-Nov 2025"
13.1,13.1_33.2,41.489571,-81.71175,2025-10-31T07:00:00Z,0,"Sensor drift/flat low values at 13.1_33.2, Aug-Nov 2025"
13.1,13.1_33.2,41.489571,-81.71175,2025-10-31T07:30:00Z,0,"Sensor drift/flat low values at 13.1_33.2, Aug-Nov 2025"
13.1,13.1_33.2,41.489571,-81.71175,2025-10-31T08:00:00Z,0,"Sensor drift/flat low values at 13.1_33.2, Aug-Nov 2025"
13.1,13.1_33.2,41.489571,-81.71175,2025-10-31T08:30:00Z,0,"Sensor drift/flat low values at 13.1_33.2, Aug-Nov 2025"
13.1,13.1_33.2,41.489571,-81.71175,2025-10-31T11:30:00Z,0,"Sensor drift/flat low values at 13.1_33.2, Aug-Nov 2025"
13.1,13.1_33.2,41.489571,-81.71175,2025-10-31T13:00:00Z,0,"Sensor drift/flat low values at 13.1_33.2, Aug-Nov 2025"
13.1,13.1_33.2,41.489571,-81.71175,2025-10-31T13:30:00Z,0,"Sensor drift/flat low values at 13.1_33.2, Aug-Nov 2025"
13.1,13.1_33.2,41.489571,-81.71175,2025-10-31T14:00:00Z,0,"Sensor drift/flat low values at 13.1_33.2, Aug-Nov 2025"
13.1,13.1_33.2,41.489571,-81.71175,2025-10-31T14:30:00Z,0,"Sensor drift/flat low values at 13.1_33.2, Aug-Nov 2025"
13.1,13.1_33.2,41.489571,-81.71175,2025-10-31T15:00:00Z,0,"Sensor drift/flat low values at 13.1_33.2, Aug-Nov 2025"
13.1,13.1_33.2,41.489571,-81.71175,2025-10-31T15:30:00Z,0,"Sensor drift/flat low values at 13.1_33.2, Aug-Nov 2025"
13.1,13.1_33.2,41.489571,-81.71175,2025-10-31T16:00:00Z,0,"Sensor drift/flat low values at 13.1_33.2, Aug-Nov 2025"
13.1,13.1_33.2,41.489571,-81.71175,2025-10-31T16:30:00Z,0,"Sensor drift/flat low values at 13.1_33.2, Aug-Nov 2025"
13.1,13.1_33.2,41.489571,-81.71175,2025-10-31T17:00:00Z,0,"Sensor drift/flat low values at 13.1_33.2, Aug-Nov 2025"
13.1,13.1_33.2,41.489571,-81.71175,2025-10-31T17:30:00Z,0,"Sensor drift/flat low values at 13.1_33.2, Aug-Nov 2025"
13.1,13.1_33.2,41.489571,-81.71175,2025-10-31T18:00:00Z,0,"Sensor drift/flat low values at 13.1_33.2, Aug-Nov 2025"
13.1,13.1_33.2,41.489571,-81.71175,2025-10-31T18:30:00Z,0,"Sensor drift/flat low values at 13.1_33.2, Aug-Nov 2025"
13.1,13.1_33.2,41.489571,-81.71175,2025-10-31T19:00:00Z,0,"Sensor drift/flat low values at 13.1_33.2, Aug-Nov 2025"
13.1,13.1_33.2,41.489571,-81.71175,2025-10-31T19:30:00Z,0,"Sensor drift/flat low values at 13.1_33.2, Aug-Nov 2025"
13.1,13.1_33.2,41.489571,-81.71175,2025-10-31T20:00:00Z,0,"Sensor drift/flat low values at 13.1_33.2, Aug-Nov 2025"
13.1,13.1_33.2,41.489571,-81.71175,2025-10-31T20:30:00Z,0,"Sensor drift/flat low values at 13.1_33.2, Aug-Nov 2025"
13.1,13.1_33.2,41.489571,-81.71175,2025-10-31T21:00:00Z,0,"Sensor drift/flat low values at 13.1_33.2, Aug-Nov 2025"
13.1,13.1_33.2,41.489571,-81.71175,2025-10-31T21:30:00Z,0,"Sensor drift/flat low values at 13.1_33.2, Aug-Nov 2025"
13.1,13.1_33.2,41.489571,-81.71175,2025-10-31T23:00:00Z,0,"Sensor drift/flat low values at 13.1_33.2, Aug-Nov 2025"
13.1,13.1_33.2,41.489571,-81.71175,2025-11-01T00:30:00Z,0,"Sensor drift/flat low values at 13.1_33.2, Aug-Nov 2025"
13.1,13.1_33.2,41.489571,-81.71175,2025-11-01T06:00:00Z,0,"Sensor drift/flat low values at 13.1_33.2, Aug-Nov 2025"
13.1,13.1_33.2,41.489571,-81.71175,2025-11-01T08:00:00Z,0,"Sensor drift/flat low values at 13.1_33.2, Aug-Nov 2025"
13.1,13.1_33.2,41.489571,-81.71175,2025-11-01T08:30:00Z,0,"Sensor drift/flat low values at 13.1_33.2, Aug-Nov 2025"
13.1,13.1_33.2,41.489571,-81.71175,2025-11-01T11:30:00Z,0,"Sensor drift/flat low values at 13.1_33.2, Aug-Nov 2025"
13.1,13.1_33.2,41.489571,-81.71175,2025-11-01T14:30:00Z,0,"Sensor drift/flat low values at 13.1_33.2, Aug-Nov 2025"
13.1,13.1_33.2,41.489571,-81.71175,2025-11-01T16:00:00Z,0,"Sensor drift/flat low values at 13.1_33.2, Aug-Nov 2025"
13.1,13.1_33.2,41.489571,-81.71175,2025-11-01T16:30:00Z,0,"Sensor drift/flat low values at 13.1_33.2, Aug-Nov 2025"
13.1,13.1_33.2,41.489571,-81.71175,2025-11-01T17:30:00Z,0,"Sensor drift/flat low values at 13.1_33.2, Aug-Nov 2025"
13.1,13.1_33.2,41.489571,-81.71175,2025-11-01T18:00:00Z,0,"Sensor drift/flat low values at 13.1_33.2, Aug-Nov 2025"
13.1,13.1_33.2,41.489571,-81.71175,2025-11-01T18:30:00Z,0,"Sensor drift/flat low values at 13.1_33.2, Aug-Nov 2025"
13.1,13.1_33.2,41.489571,-81.71175,2025-11-01T19:30:00Z,0,"Sensor drift/flat low values at 13.1_33.2, Aug-Nov 2025"
13.1,13.1_33.2,41.489571,-81.71175,2025-11-01T20:00:00Z,0,"Sensor drift/flat low values at 13.1_33.2, Aug-Nov 2025"
13.1,13.1_33.2,41.489571,-81.71175,2025-11-01T21:00:00Z,0,"Sensor drift/flat low values at 13.1_33.2, Aug-Nov 2025"
13.1,13.1_33.2,41.489571,-81.71175,2025-11-01T21:30:00Z,0,"Sensor drift/flat low values at 13.1_33.2, Aug-Nov 2025"
13.1,13.1_33.2,41.489571,-81.71175,2025-11-01T22:00:00Z,0,"Sensor drift/flat low values at 13.1_33.2, Aug-Nov 2025"
13.1,13.1_33.2,41.489571,-81.71175,2025-11-01T23:00:00Z,0,"Sensor drift/flat low values at 13.1_33.2, Aug-Nov 2025"
13.1,13.1_33.2,41.489571,-81.71175,2025-11-02T00:30:00Z,0,"Sensor drift/flat low values at 13.1_33.2, Aug-Nov 2025"
13.1,13.1_33.2,41.489571,-81.71175,2025-11-02T01:00:00Z,0,"Sensor drift/flat low values at 13.1_33.2, Aug-Nov 2025"
13.1,13.1_33.2,41.489571,-81.71175,2025-11-02T03:30:00Z,0,"Sensor drift/flat low values at 13.1_33.2, Aug-Nov 2025"
13.1,13.1_33.2,41.489571,-81.71175,2025-11-02T06:00:00Z,0,"Sensor drift/flat low values at 13.1_33.2, Aug-Nov 2025"
13.1,13.1_33.2,41.489571,-81.71175,2025-11-02T06:30:00Z,0,"Sensor drift/flat low values at 13.1_33.2, Aug-Nov 2025"
13.1,13.1_33.2,41.489571,-81.71175,2025-11-02T07:30:00Z,0,"Sensor drift/flat low values at 13.1_33.2, Aug-Nov 2025"
13.1,13.1_33.2,41.489571,-81.71175,2025-11-02T08:00:00Z,0,"Sensor drift/flat low values at 13.1_33.2, Aug-Nov 2025"
13.1,13.1_33.2,41.489571,-81.71175,2025-11-02T09:00:00Z,0,"Sensor drift/flat low values at 13.1_33.2, Aug-Nov 2025"
13.1,13.1_33.2,41.489571,-81.71175,2025-11-02T09:30:00Z,0,"Sensor drift/flat low values at 13.1_33.2, Aug-Nov 2025"
13.1,13.1_33.2,41.489571,-81.71175,2025-11-02T10:00:00Z,0,"Sensor drift/flat low values at 13.1_33.2, Aug-Nov 2025"
13.1,13.1_33.2,41.489571,-81.71175,2025-11-02T10:30:00Z,0,"Sensor drift/flat low values at 13.1_33.2, Aug-Nov 2025"
13.1,13.1_33.2,41.489571,-81.71175,2025-11-02T11:00:00Z,0,"Sensor drift/flat low values at 13.1_33.2, Aug-Nov 2025"
13.1,13.1_33.2,41.489571,-81.71175,2025-11-02T11:30:00Z,0,"Sensor drift/flat low values at 13.1_33.2, Aug-Nov 2025"
13.1,13.1_33.2,41.489571,-81.71175,2025-11-02T12:00:00Z,0,"Sensor drift/flat low values at 13.1_33.2, Aug-Nov 2025"
13.1,13.1_33.2,41.489571,-81.71175,2025-11-02T12:30:00Z,0,"Sensor drift/flat low values at 13.1_33.2, Aug-Nov 2025"
13.1,13.1_33.2,41.489571,-81.71175,2025-11-02T13:00:00Z,0,"Sensor drift/flat low values at 13.1_33.2, Aug-Nov 2025"
13.1,13.1_33.2,41.489571,-81.71175,2025-11-02T13:30:00Z,0,"Sensor drift/flat low values at 13.1_33.2, Aug-Nov 2025"
13.1,13.1_33.2,41.489571,-81.71175,2025-11-02T14:00:00Z,0,"Sensor drift/flat low values at 13.1_33.2, Aug-Nov 2025"
13.1,13.1_33.2,41.489571,-81.71175,2025-11-02T14:30:00Z,0,"Sensor drift/flat low values at 13.1_33.2, Aug-Nov 2025"
13.1,13.1_33.2,41.489571,-81.71175,2025-11-02T15:00:00Z,0,"Sensor drift/flat low values at 13.1_33.2, Aug-Nov 2025"
13.1,13.1_33.2,41.489571,-81.71175,2025-11-02T15:30:00Z,0,"Sensor drift/flat low values at 13.1_33.2, Aug-Nov 2025"
13.1,13.1_33.2,41.489571,-81.71175,2025-11-02T16:00:00Z,0,"Sensor drift/flat low values at 13.1_33.2, Aug-Nov 2025"
13.1,13.1_33.2,41.489571,-81.71175,2025-11-02T16:30:00Z,0,"Sensor drift/flat low values at 13.1_33.2, Aug-Nov 2025"
13.1,13.1_33.2,41.489571,-81.71175,2025-11-02T17:00:00Z,0,"Sensor drift/flat low values at 13.1_33.2, Aug-Nov 2025"
13.1,13.1_33.2,41.489571,-81.71175,2025-11-02T17:30:00Z,0,"Sensor drift/flat low values at 13.1_33.2, Aug-Nov 2025"
13.1,13.1_33.2,41.489571,-81.71175,2025-11-02T18:00:00Z,0,"Sensor drift/flat low values at 13.1_33.2, Aug-Nov 2025"
13.1,13.1_33.2,41.489571,-81.71175,2025-11-02T18:30:00Z,0,"Sensor drift/flat low values at 13.1_33.2, Aug-Nov 2025"
13.1,13.1_33.2,41.489571,-81.71175,2025-11-02T19:00:00Z,0,"Sensor drift/flat low values at 13.1_33.2, Aug-Nov 2025"
13.1,13.1_33.2,41.489571,-81.71175,2025-11-02T19:30:00Z,0,"Sensor drift/flat low values at 13.1_33.2, Aug-Nov 2025"
13.1,13.1_33.2,41.489571,-81.71175,2025-11-02T20:00:00Z,0,"Sensor drift/flat low values at 13.1_33.2, Aug-Nov 2025"
13.1,13.1_33.2,41.489571,-81.71175,2025-11-02T20:30:00Z,0,"Sensor drift/flat low values at 13.1_33.2, Aug-Nov 2025"
13.1,13.1_33.2,41.489571,-81.71175,2025-11-02T21:00:00Z,0,"Sensor drift/flat low values at 13.1_33.2, Aug-Nov 2025"
13.1,13.1_33.2,41.489571,-81.71175,2025-11-02T21:30:00Z,0,"Sensor drift/flat low values at 13.1_33.2, Aug-Nov 2025"
13.1,13.1_33.2,41.489571,-81.71175,2025-11-02T22:00:00Z,0,"Sensor drift/flat low values at 13.1_33.2, Aug-Nov 2025"
13.1,13.1_33.2,41.489571,-81.71175,2025-11-02T22:30:00Z,0,"Sensor drift/flat low values at 13.1_33.2, Aug-Nov 2025"
13.1,13.1_33.2,41.489571,-81.71175,2025-11-02T23:00:00Z,0,"Sensor drift/flat low values at 13.1_33.2, Aug-Nov 2025"
13.1,13.1_33.2,41.489571,-81.71175,2025-11-02T23:30:00Z,0,"Sensor drift/flat low values at 13.1_33.2, Aug-Nov 2025"
13.1,13.1_33.2,41.489571,-81.71175,2025-11-03T00:00:00Z,0,"Sensor drift/flat low values at 13.1_33.2, Aug-Nov 2025"
13.1,13.1_33.2,41.489571,-81.71175,2025-11-03T00:30:00Z,0,"Sensor drift/flat low values at 13.1_33.2, Aug-Nov 2025"
13.1,13.1_33.2,41.489571,-81.71175,2025-11-03T01:00:00Z,0,"Sensor drift/flat low values at 13.1_33.2, Aug-Nov 2025"
13.1,13.1_33.2,41.489571,-81.71175,2025-11-03T01:30:00Z,0,"Sensor drift/flat low values at 13.1_33.2, Aug-Nov 2025"
13.1,13.1_33.2,41.489571,-81.71175,2025-11-03T02:00:00Z,0,"Sensor drift/flat low values at 13.1_33.2, Aug-Nov 2025"
13.1,13.1_33.2,41.489571,-81.71175,2025-11-03T02:30:00Z,0,"Sensor drift/flat low values at 13.1_33.2, Aug-Nov 2025"
13.1,13.1_33.2,41.489571,-81.71175,2025-11-03T03:00:00Z,0,"Sensor drift/flat low values at 13.1_33.2, Aug-Nov 2025"
13.1,13.1_33.2,41.489571,-81.71175,2025-11-03T03:30:00Z,0,"Sensor drift/flat low values at 13.1_33.2, Aug-Nov 2025"
13.1,13.1_33.2,41.489571,-81.71175,2025-11-03T04:00:00Z,0,"Sensor drift/flat low values at 13.1_33.2, Aug-Nov 2025"
13.1,13.1_33.2,41.489571,-81.71175,2025-11-03T04:30:00Z,0,"Sensor drift/flat low values at 13.1_33.2, Aug-Nov 2025"
13.1,13.1_33.2,41.489571,-81.71175,2025-11-03T05:00:00Z,0,"Sensor drift/flat low values at 13.1_33.2, Aug-Nov 2025"
13.1,13.1_33.2,41.489571,-81.71175,2025-11-03T05:30:00Z,0,"Sensor drift/flat low values at 13.1_33.2, Aug-Nov 2025"
13.1,13.1_33.2,41.489571,-81.71175,2025-11-03T06:00:00Z,0,"Sensor drift/flat low values at 13.1_33.2, Aug-Nov 2025"
13.1,13.1_33.2,41.489571,-81.71175,2025-11-03T07:00:00Z,0,"Sensor drift/flat low values at 13.1_33.2, Aug-Nov 2025"
13.1,13.1_33.2,41.489571,-81.71175,2025-11-03T08:30:00Z,0,"Sensor drift/flat low values at 13.1_33.2, Aug-Nov 2025"
13.1,13.1_33.2,41.489571,-81.71175,2025-11-03T10:30:00Z,0,"Sensor drift/flat low values at 13.1_33.2, Aug-Nov 2025"
13.1,13.1_33.2,41.489571,-81.71175,2025-11-03T12:00:00Z,0,"Sensor drift/flat low values at 13.1_33.2, Aug-Nov 2025"
13.1,13.1_33.2,41.489571,-81.71175,2025-11-03T13:00:00Z,0,"Sensor drift/flat low values at 13.1_33.2, Aug-Nov 2025"
13.1,13.1_33.2,41.489571,-81.71175,2025-11-03T14:30:00Z,0,"Sensor drift/flat low values at 13.1_33.2, Aug-Nov 2025"
13.1,13.1_33.2,41.489571,-81.71175,2025-11-03T15:00:00Z,0,"Sensor drift/flat low values at 13.1_33.2, Aug-Nov 2025"
13.1,13.1_33.2,41.489571,-81.71175,2025-11-03T15:30:00Z,0,"Sensor drift/flat low values at 13.1_33.2, Aug-Nov 2025"
13.1,13.1_33.2,41.489571,-81.71175,2025-11-03T16:00:00Z,0,"Sensor drift/flat low values at 13.1_33.2, Aug-Nov 2025"
13.1,13.1_33.2,41.489571,-81.71175,2025-11-03T16:30:00Z,0,"Sensor drift/flat low values at 13.1_33.2, Aug-Nov 2025"
13.1,13.1_33.2,41.489571,-81.71175,2025-11-03T17:00:00Z,0,"Sensor drift/flat low values at 13.1_33.2, Aug-Nov 2025"
13.1,13.1_33.2,41.489571,-81.71175,2025-11-03T17:30:00Z,0,"Sensor drift/flat low values at 13.1_33.2, Aug-Nov 2025"
13.1,13.1_33.2,41.489571,-81.71175,2025-11-03T18:00:00Z,0,"Sensor drift/flat low values at 13.1_33.2, Aug-Nov 2025"
13.1,13.1_33.2,41.489571,-81.71175,2025-11-03T18:30:00Z,0,"Sensor drift/flat low values at 13.1_33.2, Aug-Nov 2025"
13.1,13.1_33.2,41.489571,-81.71175,2025-11-03T19:00:00Z,0,"Sensor drift/flat low values at 13.1_33.2, Aug-Nov 2025"
13.1,13.1_33.2,41.489571,-81.71175,2025-11-03T19:30:00Z,0,"Sensor drift/flat low values at 13.1_33.2, Aug-Nov 2025"
13.1,13.1_33.2,41.489571,-81.71175,2025-11-03T20:00:00Z,0,"Sensor drift/flat low values at 13.1_33.2, Aug-Nov 2025"
13.1,13.1_33.2,41.489571,-81.71175,2025-11-03T20:30:00Z,0,"Sensor drift/flat low values at 13.1_33.2, Aug-Nov 2025"
13.1,13.1_33.2,41.489571,-81.71175,2025-11-03T21:00:00Z,0,"Sensor drift/flat low values at 13.1_33.2, Aug-Nov 2025"
13.1,13.1_33.2,41.489571,-81.71175,2025-11-03T21:30:00Z,0,"Sensor drift/flat low values at 13.1_33.2, Aug-Nov 2025"
13.1,13.1_33.2,41.489571,-81.71175,2025-11-03T22:00:00Z,0,"Sensor drift/flat low values at 13.1_33.2, Aug-Nov 2025"
13.1,13.1_33.2,41.489571,-81.71175,2025-11-03T22:30:00Z,0,"Sensor drift/flat low values at 13.1_33.2, Aug-Nov 2025"
13.1,13.1_33.2,41.489571,-81.71175,2025-11-03T23:00:00Z,0,"Sensor drift/flat low values at 13.1_33.2, Aug-Nov 2025"
13.1,13.1_33.2,41.489571,-81.71175,2025-11-03T23:30:00Z,0,"Sensor drift/flat low values at 13.1_33.2, Aug-Nov 2025"
13.1,13.1_33.2,41.489571,-81.71175,2025-11-04T00:00:00Z,0,"Sensor drift/flat low values at 13.1_33.2, Aug-Nov 2025"
13.1,13.1_33.2,41.489571,-81.71175,2025-11-04T00:30:00Z,0,"Sensor drift/flat low values at 13.1_33.2, Aug-Nov 2025"
13.1,13.1_33.2,41.489571,-81.71175,2025-11-04T01:00:00Z,0,"Sensor drift/flat low values at 13.1_33.2, Aug-Nov 2025"
13.1,13.1_33.2,41.489571,-81.71175,2025-11-04T01:30:00Z,0,"Sensor drift/flat low values at 13.1_33.2, Aug-Nov 2025"
13.1,13.1_33.2,41.489571,-81.71175,2025-11-04T02:00:00Z,0,"Sensor drift/flat low values at 13.1_33.2, Aug-Nov 2025"
13.1,13.1_33.2,41.489571,-81.71175,2025-11-04T02:30:00Z,0,"Sensor drift/flat low values at 13.1_33.2, Aug-Nov 2025"
13.1,13.1_33.2,41.489571,-81.71175,2025-11-04T03:00:00Z,0,"Sensor drift/flat low values at 13.1_33.2, Aug-Nov 2025"
13.1,13.1_33.2,41.489571,-81.71175,2025-11-04T03:30:00Z,0,"Sensor drift/flat low values at 13.1_33.2, Aug-Nov 2025"
13.1,13.1_33.2,41.489571,-81.71175,2025-11-04T04:00:00Z,0,"Sensor drift/flat low values at 13.1_33.2, Aug-Nov 2025"
13.1,13.1_33.2,41.489571,-81.71175,2025-11-04T04:30:00Z,0,"Sensor drift/flat low values at 13.1_33.2, Aug-Nov 2025"
13.1,13.1_33.2,41.489571,-81.71175,2025-11-04T05:00:00Z,0,"Sensor drift/flat low values at 13.1_33.2, Aug-Nov 2025"
13.1,13.1_33.2,41.489571,-81.71175,2025-11-04T05:30:00Z,0,"Sensor drift/flat low values at 13.1_33.2, Aug-Nov 2025"
13.1,13.1_33.2,41.489571,-81.71175,2025-11-04T06:00:00Z,0,"Sensor drift/flat low values at 13.1_33.2, Aug-Nov 2025"
13.1,13.1_33.2,41.489571,-81.71175,2025-11-04T06:30:00Z,0,"Sensor drift/flat low values at 13.1_33.2, Aug-Nov 2025"
13.1,13.1_33.2,41.489571,-81.71175,2025-11-04T07:00:00Z,0,"Sensor drift/flat low values at 13.1_33.2, Aug-Nov 2025"
13.1,13.1_33.2,41.489571,-81.71175,2025-11-04T07:30:00Z,0,"Sensor drift/flat low values at 13.1_33.2, Aug-Nov 2025"
13.1,13.1_33.2,41.489571,-81.71175,2025-11-04T08:00:00Z,0,"Sensor drift/flat low values at 13.1_33.2, Aug-Nov 2025"
13.1,13.1_33.2,41.489571,-81.71175,2025-11-04T08:30:00Z,0,"Sensor drift/flat low values at 13.1_33.2, Aug-Nov 2025"
13.1,13.1_33.2,41.489571,-81.71175,2025-11-04T09:00:00Z,0,"Sensor drift/flat low values at 13.1_33.2, Aug-Nov 2025"
13.1,13.1_33.2,41.489571,-81.71175,2025-11-04T09:30:00Z,0,"Sensor drift/flat low values at 13.1_33.2, Aug-Nov 2025"
13.1,13.1_33.2,41.489571,-81.71175,2025-11-04T10:00:00Z,0,"Sensor drift/flat low values at 13.1_33.2, Aug-Nov 2025"
13.1,13.1_33.2,41.489571,-81.71175,2025-11-04T10:30:00Z,0,"Sensor drift/flat low values at 13.1_33.2, Aug-Nov 2025"
13.1,13.1_33.2,41.489571,-81.71175,2025-11-04T11:00:00Z,0,"Sensor drift/flat low values at 13.1_33.2, Aug-Nov 2025"
13.1,13.1_33.2,41.489571,-81.71175,2025-11-04T11:30:00Z,0,"Sensor drift/flat low values at 13.1_33.2, Aug-Nov 2025"
13.1,13.1_33.2,41.489571,-81.71175,2025-11-04T12:00:00Z,0,"Sensor drift/flat low values at 13.1_33.2, Aug-Nov 2025"
13.1,13.1_33.2,41.489571,-81.71175,2025-11-04T12:30:00Z,0,"Sensor drift/flat low values at 13.1_33.2, Aug-Nov 2025"
13.1,13.1_33.2,41.489571,-81.71175,2025-11-04T13:00:00Z,0,"Sensor drift/flat low values at 13.1_33.2, Aug-Nov 2025"
13.1,13.1_33.2,41.489571,-81.71175,2025-11-04T13:30:00Z,0,"Sensor drift/flat low values at 13.1_33.2, Aug-Nov 2025"
13.1,13.1_33.2,41.489571,-81.71175,2025-11-04T14:00:00Z,0,"Sensor drift/flat low values at 13.1_33.2, Aug-Nov 2025"
13.1,13.1_33.2,41.489571,-81.71175,2025-11-04T14:30:00Z,0,"Sensor drift/flat low values at 13.1_33.2, Aug-Nov 2025"
13.1,13.1_33.2,41.489571,-81.71175,2025-11-04T15:00:00Z,0,"Sensor drift/flat low values at 13.1_33.2, Aug-Nov 2025"
13.1,13.1_33.2,41.489571,-81.71175,2025-11-04T15:30:00Z,0,"Sensor drift/flat low values at 13.1_33.2, Aug-Nov 2025"
13.1,13.1_33.2,41.489571,-81.71175,2025-11-04T16:00:00Z,0,"Sensor drift/flat low values at 13.1_33.2, Aug-Nov 2025"
13.1,13.1_33.2,41.489571,-81.71175,2025-11-04T16:30:00Z,0,"Sensor drift/flat low values at 13.1_33.2, Aug-Nov 2025"
13.1,13.1_33.2,41.489571,-81.71175,2025-11-04T17:00:00Z,0,"Sensor drift/flat low values at 13.1_33.2, Aug-Nov 2025"
13.1,13.1_33.2,41.489571,-81.71175,2025-11-04T17:30:00Z,0,"Sensor drift/flat low values at 13.1_33.2, Aug-Nov 2025"
13.1,13.1_33.2,41.489571,-81.71175,2025-11-04T18:00:00Z,0,"Sensor drift/flat low values at 13.1_33.2, Aug-Nov 2025"
13.1,13.1_33.2,41.489571,-81.71175,2025-11-04T18:30:00Z,0,"Sensor drift/flat low values at 13.1_33.2, Aug-Nov 2025"
13.1,13.1_33.2,41.489571,-81.71175,2025-11-04T19:00:00Z,0,"Sensor drift/flat low values at 13.1_33.2, Aug-Nov 2025"
13.1,13.1_33.2,41.489571,-81.71175,2025-11-04T19:30:00Z,0,"Sensor drift/flat low values at 13.1_33.2, Aug-Nov 2025"
13.1,13.1_33.2,41.489571,-81.71175,2025-11-04T20:00:00Z,0,"Sensor drift/flat low values at 13.1_33.2, Aug-Nov 2025"
13.1,13.1_33.2,41.489571,-81.71175,2025-11-04T20:30:00Z,0,"Sensor drift/flat low values at 13.1_33.2, Aug-Nov 2025"
13.1,13.1_33.2,41.489571,-81.71175,2025-11-04T21:00:00Z,0,"Sensor drift/flat low values at 13.1_33.2, Aug-Nov 2025"
13.1,13.1_33.2,41.489571,-81.71175,2025-11-04T21:30:00Z,0,"Sensor drift/flat low values at 13.1_33.2, Aug-Nov 2025"
13.1,13.1_33.2,41.489571,-81.71175,2025-11-04T22:00:00Z,0,"Sensor drift/flat low values at 13.1_33.2, Aug-Nov 2025"
13.1,13.1_33.2,41.489571,-81.71175,2025-11-04T22:30:00Z,0,"Sensor drift/flat low values at 13.1_33.2, Aug-Nov 2025"
13.1,13.1_33.2,41.489571,-81.71175,2025-11-04T23:00:00Z,0,"Sensor drift/flat low values at 13.1_33.2, Aug-Nov 2025"
13.1,13.1_33.2,41.489571,-81.71175,2025-11-04T23:30:00Z,0,"Sensor drift/flat low values at 13.1_33.2, Aug-Nov 2025"
13.1,13.1_33.2,41.489571,-81.71175,2025-11-05T00:00:00Z,0,"Sensor drift/flat low values at 13.1_33.2, Aug-Nov 2025"
13.1,13.1_33.2,41.489571,-81.71175,2025-11-05T00:30:00Z,0,"Sensor drift/flat low values at 13.1_33.2, Aug-Nov 2025"
13.1,13.1_33.2,41.489571,-81.71175,2025-11-05T01:00:00Z,0,"Sensor drift/flat low values at 13.1_33.2, Aug-Nov 2025"
13.1,13.1_33.2,41.489571,-81.71175,2025-11-05T01:30:00Z,0,"Sensor drift/flat low values at 13.1_33.2, Aug-Nov 2025"
13.1,13.1_33.2,41.489571,-81.71175,2025-11-05T02:00:00Z,0,"Sensor drift/flat low values at 13.1_33.2, Aug-Nov 2025"
13.1,13.1_33.2,41.489571,-81.71175,2025-11-05T02:30:00Z,0,"Sensor drift/flat low values at 13.1_33.2, Aug-Nov 2025"
13.1,13.1_33.2,41.489571,-81.71175,2025-11-05T03:00:00Z,0,"Sensor drift/flat low values at 13.1_33.2, Aug-Nov 2025"
13.1,13.1_33.2,41.489571,-81.71175,2025-11-05T03:30:00Z,0,"Sensor drift/flat low values at 13.1_33.2, Aug-Nov 2025"
13.1,13.1_33.2,41.489571,-81.71175,2025-11-05T04:00:00Z,0,"Sensor drift/flat low values at 13.1_33.2, Aug-Nov 2025"
13.1,13.1_33.2,41.489571,-81.71175,2025-11-05T04:30:00Z,0,"Sensor drift/flat low values at 13.1_33.2, Aug-Nov 2025"
13.1,13.1_33.2,41.489571,-81.71175,2025-11-05T05:00:00Z,0,"Sensor drift/flat low values at 13.1_33.2, Aug-Nov 2025"
13.1,13.1_33.2,41.489571,-81.71175,2025-11-05T05:30:00Z,0,"Sensor drift/flat low values at 13.1_33.2, Aug-Nov 2025"
13.1,13.1_33.2,41.489571,-81.71175,2025-11-05T06:00:00Z,0,"Sensor drift/flat low values at 13.1_33.2, Aug-Nov 2025"
13.1,13.1_33.2,41.489571,-81.71175,2025-11-05T06:30:00Z,0,"Sensor drift/flat low values at 13.1_33.2, Aug-Nov 2025"
13.1,13.1_33.2,41.489571,-81.71175,2025-11-05T07:00:00Z,0,"Sensor drift/flat low values at 13.1_33.2, Aug-Nov 2025"
13.1,13.1_33.2,41.489571,-81.71175,2025-11-05T07:30:00Z,0,"Sensor drift/flat low values at 13.1_33.2, Aug-Nov 2025"
13.1,13.1_33.2,41.489571,-81.71175,2025-11-05T08:00:00Z,0,"Sensor drift/flat low values at 13.1_33.2, Aug-Nov 2025"
13.1,13.1_33.2,41.489571,-81.71175,2025-11-05T08:30:00Z,0,"Sensor drift/flat low values at 13.1_33.2, Aug-Nov 2025"
13.1,13.1_33.2,41.489571,-81.71175,2025-11-05T09:00:00Z,0,"Sensor drift/flat low values at 13.1_33.2, Aug-Nov 2025"
13.1,13.1_33.2,41.489571,-81.71175,2025-11-05T09:30:00Z,0,"Sensor drift/flat low values at 13.1_33.2, Aug-Nov 2025"
13.1,13.1_33.2,41.489571,-81.71175,2025-11-05T10:00:00Z,0,"Sensor drift/flat low values at 13.1_33.2, Aug-Nov 2025"
13.1,13.1_33.2,41.489571,-81.71175,2025-11-05T10:30:00Z,0,"Sensor drift/flat low values at 13.1_33.2, Aug-Nov 2025"
13.1,13.1_33.2,41.489571,-81.71175,2025-11-05T11:00:00Z,0,"Sensor drift/flat low values at 13.1_33.2, Aug-Nov 2025"
13.1,13.1_33.2,41.489571,-81.71175,2025-11-05T11:30:00Z,0,"Sensor drift/flat low values at 13.1_33.2, Aug-Nov 2025"
13.1,13.1_33.2,41.489571,-81.71175,2025-11-05T12:00:00Z,0,"Sensor drift/flat low values at 13.1_33.2, Aug-Nov 2025"
13.1,13.1_33.2,41.489571,-81.71175,2025-11-05T12:30:00Z,0,"Sensor drift/flat low values at 13.1_33.2, Aug-Nov 2025"
13.1,13.1_33.2,41.489571,-81.71175,2025-11-05T13:00:00Z,0,"Sensor drift/flat low values at 13.1_33.2, Aug-Nov 2025"
13.1,13.1_33.2,41.489571,-81.71175,2025-11-05T13:30:00Z,0,"Sensor drift/flat low values at 13.1_33.2, Aug-Nov 2025"
13.1,13.1_33.2,41.489571,-81.71175,2025-11-05T14:00:00Z,0,"Sensor drift/flat low values at 13.1_33.2, Aug-Nov 2025"
13.1,13.1_33.2,41.489571,-81.71175,2025-11-05T14:30:00Z,0,"Sensor drift/flat low values at 13.1_33.2, Aug-Nov 2025"
13.1,13.1_33.2,41.489571,-81.71175,2025-11-05T15:00:00Z,0,"Sensor drift/flat low values at 13.1_33.2, Aug-Nov 2025"
13.1,13.1_33.2,41.489571,-81.71175,2025-11-05T15:30:00Z,0,"Sensor drift/flat low values at 13.1_33.2, Aug-Nov 2025"
13.1,13.1_33.2,41.489571,-81.71175,2025-11-05T16:00:00Z,0,"Sensor drift/flat low values at 13.1_33.2, Aug-Nov 2025"
13.1,13.1_33.2,41.489571,-81.71175,2025-11-05T16:30:00Z,0,"Sensor drift/flat low values at 13.1_33.2, Aug-Nov 2025"
13.1,13.1_33.2,41.489571,-81.71175,2025-11-05T17:00:00Z,0,"Sensor drift/flat low values at 13.1_33.2, Aug-Nov 2025"
13.1,13.1_33.2,41.489571,-81.71175,2025-11-05T17:30:00Z,0,"Sensor drift/flat low values at 13.1_33.2, Aug-Nov 2025"
13.1,13.1_33.2,41.489571,-81.71175,2025-11-05T18:00:00Z,0,"Sensor drift/flat low values at 13.1_33.2, Aug-Nov 2025"
13.1,13.1_33.2,41.489571,-81.71175,2025-11-05T18:30:00Z,0,"Sensor drift/flat low values at 13.1_33.2, Aug-Nov 2025"
13.1,13.1_33.2,41.489571,-81.71175,2025-11-05T19:00:00Z,0,"Sensor drift/flat low values at 13.1_33.2, Aug-Nov 2025"
13.1,13.1_33.2,41.489571,-81.71175,2025-11-05T19:30:00Z,0,"Sensor drift/flat low values at 13.1_33.2, Aug-Nov 2025"
13.1,13.1_33.2,41.489571,-81.71175,2025-11-05T20:00:00Z,0,"Sensor drift/flat low values at 13.1_33.2, Aug-Nov 2025"
13.1,13.1_33.2,41.489571,-81.71175,2025-11-05T20:30:00Z,0,"Sensor drift/flat low values at 13.1_33.2, Aug-Nov 2025"
13.1,13.1_33.2,41.489571,-81.71175,2025-11-05T21:00:00Z,0,"Sensor drift/flat low values at 13.1_33.2, Aug-Nov 2025"
13.1,13.1_33.2,41.489571,-81.71175,2025-11-05T21:30:00Z,0,"Sensor drift/flat low values at 13.1_33.2, Aug-Nov 2025"
13.1,13.1_33.2,41.489571,-81.71175,2025-11-05T22:00:00Z,0,"Sensor drift/flat low values at 13.1_33.2, Aug-Nov 2025"
13.1,13.1_33.2,41.489571,-81.71175,2025-11-05T22:30:00Z,0,"Sensor drift/flat low values at 13.1_33.2, Aug-Nov 2025"
13.1,13.1_33.2,41.489571,-81.71175,2025-11-05T23:00:00Z,0,"Sensor drift/flat low values at 13.1_33.2, Aug-Nov 2025"
13.1,13.1_33.2,41.489571,-81.71175,2025-11-05T23:30:00Z,0,"Sensor drift/flat low values at 13.1_33.2, Aug-Nov 2025"
13.1,13.1_33.2,41.489571,-81.71175,2025-11-06T00:00:00Z,0,"Sensor drift/flat low values at 13.1_33.2, Aug-Nov 2025"
13.1,13.1_33.2,41.489571,-81.71175,2025-11-06T00:30:00Z,0,"Sensor drift/flat low values at 13.1_33.2, Aug-Nov 2025"
13.1,13.1_33.2,41.489571,-81.71175,2025-11-06T01:00:00Z,0,"Sensor drift/flat low values at 13.1_33.2, Aug-Nov 2025"
13.1,13.1_33.2,41.489571,-81.71175,2025-11-06T01:30:00Z,0,"Sensor drift/flat low values at 13.1_33.2, Aug-Nov 2025"
13.1,13.1_33.2,41.489571,-81.71175,2025-11-06T02:00:00Z,0,"Sensor drift/flat low values at 13.1_33.2, Aug-Nov 2025"
13.1,13.1_33.2,41.489571,-81.71175,2025-11-06T02:30:00Z,0,"Sensor drift/flat low values at 13.1_33.2, Aug-Nov 2025"
13.1,13.1_33.2,41.489571,-81.71175,2025-11-06T03:00:00Z,0,"Sensor drift/flat low values at 13.1_33.2, Aug-Nov 2025"
13.1,13.1_33.2,41.489571,-81.71175,2025-11-06T03:30:00Z,0,"Sensor drift/flat low values at 13.1_33.2, Aug-Nov 2025"
13.1,13.1_33.2,41.489571,-81.71175,2025-11-06T04:00:00Z,0,"Sensor drift/flat low values at 13.1_33.2, Aug-Nov 2025"
13.1,13.1_33.2,41.489571,-81.71175,2025-11-06T04:30:00Z,0,"Sensor drift/flat low values at 13.1_33.2, Aug-Nov 2025"
13.1,13.1_33.2,41.489571,-81.71175,2025-11-06T05:00:00Z,0,"Sensor drift/flat low values at 13.1_33.2, Aug-Nov 2025"
13.1,13.1_33.2,41.489571,-81.71175,2025-11-06T05:30:00Z,0,"Sensor drift/flat low values at 13.1_33.2, Aug-Nov 2025"
13.1,13.1_33.2,41.489571,-81.71175,2025-11-06T06:00:00Z,0,"Sensor drift/flat low values at 13.1_33.2, Aug-Nov 2025"
13.1,13.1_33.2,41.489571,-81.71175,2025-11-06T06:30:00Z,0,"Sensor drift/flat low values at 13.1_33.2, Aug-Nov 2025"
13.1,13.1_33.2,41.489571,-81.71175,2025-11-06T07:00:00Z,0,"Sensor drift/flat low values at 13.1_33.2, Aug-Nov 2025"
13.1,13.1_33.2,41.489571,-81.71175,2025-11-06T07:30:00Z,0,"Sensor drift/flat low values at 13.1_33.2, Aug-Nov 2025"
13.1,13.1_33.2,41.489571,-81.71175,2025-11-06T08:00:00Z,0,"Sensor drift/flat low values at 13.1_33.2, Aug-Nov 2025"
13.1,13.1_33.2,41.489571,-81.71175,2025-11-06T08:30:00Z,0,"Sensor drift/flat low values at 13.1_33.2, Aug-Nov 2025"
13.1,13.1_33.2,41.489571,-81.71175,2025-11-06T09:00:00Z,0,"Sensor drift/flat low values at 13.1_33.2, Aug-Nov 2025"
13.1,13.1_33.2,41.489571,-81.71175,2025-11-06T09:30:00Z,0,"Sensor drift/flat low values at 13.1_33.2, Aug-Nov 2025"
13.1,13.1_33.2,41.489571,-81.71175,2025-11-06T10:00:00Z,0,"Sensor drift/flat low values at 13.1_33.2, Aug-Nov 2025"
13.1,13.1_33.2,41.489571,-81.71175,2025-11-06T10:30:00Z,0,"Sensor drift/flat low values at 13.1_33.2, Aug-Nov 2025"
13.1,13.1_33.2,41.489571,-81.71175,2025-11-06T11:00:00Z,0,"Sensor drift/flat low values at 13.1_33.2, Aug-Nov 2025"
13.1,13.1_33.2,41.489571,-81.71175,2025-11-06T11:30:00Z,0,"Sensor drift/flat low values at 13.1_33.2, Aug-Nov 2025"
13.1,13.1_33.2,41.489571,-81.71175,2025-11-06T12:00:00Z,0,"Sensor drift/flat low values at 13.1_33.2, Aug-Nov 2025"
13.1,13.1_33.2,41.489571,-81.71175,2025-11-06T12:30:00Z,0,"Sensor drift/flat low values at 13.1_33.2, Aug-Nov 2025"
13.1,13.1_33.2,41.489571,-81.71175,2025-11-06T13:00:00Z,0,"Sensor drift/flat low values at 13.1_33.2, Aug-Nov 2025"
13.1,13.1_33.2,41.489571,-81.71175,2025-11-06T13:30:00Z,0,"Sensor drift/flat low values at 13.1_33.2, Aug-Nov 2025"
13.1,13.1_33.2,41.489571,-81.71175,2025-11-06T14:00:00Z,0,"Sensor drift/flat low values at 13.1_33.2, Aug-Nov 2025"
13.1,13.1_33.2,41.489571,-81.71175,2025-11-06T14:30:00Z,0,"Sensor drift/flat low values at 13.1_33.2, Aug-Nov 2025"
13.1,13.1_33.2,41.489571,-81.71175,2025-11-06T15:00:00Z,0,"Sensor drift/flat low values at 13.1_33.2, Aug-Nov 2025"
13.1,13.1_33.2,41.489571,-81.71175,2025-11-06T15:30:00Z,0,"Sensor drift/flat low values at 13.1_33.2, Aug-Nov 2025"
13.1,13.1_33.2,41.489571,-81.71175,2025-11-06T16:00:00Z,0,"Sensor drift/flat low values at 13.1_33.2, Aug-Nov 2025"
13.1,13.1_33.2,41.489571,-81.71175,2025-11-06T16:30:00Z,0,"Sensor drift/flat low values at 13.1_33.2, Aug-Nov 2025"
13.1,13.1_33.2,41.489571,-81.71175,2025-11-06T17:00:00Z,0,"Sensor drift/flat low values at 13.1_33.2, Aug-Nov 2025"
13.1,13.1_33.2,41.489571,-81.71175,2025-11-06T17:30:00Z,0,"Sensor drift/flat low values at 13.1_33.2, Aug-Nov 2025"
13.1,13.1_33.2,41.489571,-81.71175,2025-11-06T18:00:00Z,0,"Sensor drift/flat low values at 13.1_33.2, Aug-Nov 2025"
13.1,13.1_33.2,41.489571,-81.71175,2025-11-06T18:30:00Z,0,"Sensor drift/flat low values at 13.1_33.2, Aug-Nov 2025"
13.1,13.1_33.2,41.489571,-81.71175,2025-11-06T19:00:00Z,0,"Sensor drift/flat low values at 13.1_33.2, Aug-Nov 2025"
13.1,13.1_33.2,41.489571,-81.71175,2025-11-06T19:30:00Z,0,"Sensor drift/flat low values at 13.1_33.2, Aug-Nov 2025"
13.1,13.1_33.2,41.489571,-81.71175,2025-11-06T20:00:00Z,0,"Sensor drift/flat low values at 13.1_33.2, Aug-Nov 2025"
13.1,13.1_33.2,41.489571,-81.71175,2025-11-06T20:30:00Z,0,"Sensor drift/flat low values at 13.1_33.2, Aug-Nov 2025"
13.1,13.1_33.2,41.489571,-81.71175,2025-11-06T21:00:00Z,0,"Sensor drift/flat low values at 13.1_33.2, Aug-Nov 2025"
13.1,13.1_33.2,41.489571,-81.71175,2025-11-06T21:30:00Z,0,"Sensor drift/flat low values at 13.1_33.2, Aug-Nov 2025"
13.1,13.1_33.2,41.489571,-81.71175,2025-11-06T22:00:00Z,0,"Sensor drift/flat low values at 13.1_33.2, Aug-Nov 2025"
13.1,13.1_33.2,41.489571,-81.71175,2025-11-06T22:30:00Z,0,"Sensor drift/flat low values at 13.1_33.2, Aug-Nov 2025"
13.1,13.1_33.2,41.489571,-81.71175,2025-11-06T23:00:00Z,0,"Sensor drift/flat low values at 13.1_33.2, Aug-Nov 2025"
13.1,13.1_33.2,41.489571,-81.71175,2025-11-06T23:30:00Z,0,"Sensor drift/flat low values at 13.1_33.2, Aug-Nov 2025"
13.1,13.1_33.2,41.489571,-81.71175,2025-11-07T00:00:00Z,0,"Sensor drift/flat low values at 13.1_33.2, Aug-Nov 2025"
13.1,13.1_33.2,41.489571,-81.71175,2025-11-07T00:30:00Z,0,"Sensor drift/flat low values at 13.1_33.2, Aug-Nov 2025"
13.1,13.1_33.2,41.489571,-81.71175,2025-11-07T01:00:00Z,0,"Sensor drift/flat low values at 13.1_33.2, Aug-Nov 2025"
13.1,13.1_33.2,41.489571,-81.71175,2025-11-07T01:30:00Z,0,"Sensor drift/flat low values at 13.1_33.2, Aug-Nov 2025"
13.1,13.1_33.2,41.489571,-81.71175,2025-11-07T02:00:00Z,0,"Sensor drift/flat low values at 13.1_33.2, Aug-Nov 2025"
13.1,13.1_33.2,41.489571,-81.71175,2025-11-07T02:30:00Z,0,"Sensor drift/flat low values at 13.1_33.2, Aug-Nov 2025"
13.1,13.1_33.2,41.489571,-81.71175,2025-11-07T03:00:00Z,0,"Sensor drift/flat low values at 13.1_33.2, Aug-Nov 2025"
13.1,13.1_33.2,41.489571,-81.71175,2025-11-07T03:30:00Z,0,"Sensor drift/flat low values at 13.1_33.2, Aug-Nov 2025"
13.1,13.1_33.2,41.489571,-81.71175,2025-11-07T04:00:00Z,0,"Sensor drift/flat low values at 13.1_33.2, Aug-Nov 2025"
13.1,13.1_33.2,41.489571,-81.71175,2025-11-07T04:30:00Z,0,"Sensor drift/flat low values at 13.1_33.2, Aug-Nov 2025"
13.1,13.1_33.2,41.489571,-81.71175,2025-11-07T05:00:00Z,0,"Sensor drift/flat low values at 13.1_33.2, Aug-Nov 2025"
13.1,13.1_33.2,41.489571,-81.71175,2025-11-07T05:30:00Z,0,"Sensor drift/flat low values at 13.1_33.2, Aug-Nov 2025"
13.1,13.1_33.2,41.489571,-81.71175,2025-11-07T06:00:00Z,0,"Sensor drift/flat low values at 13.1_33.2, Aug-Nov 2025"
13.1,13.1_33.2,41.489571,-81.71175,2025-11-07T06:30:00Z,0,"Sensor drift/flat low values at 13.1_33.2, Aug-Nov 2025"
13.1,13.1_33.2,41.489571,-81.71175,2025-11-07T07:00:00Z,0,"Sensor drift/flat low values at 13.1_33.2, Aug-Nov 2025"
13.1,13.1_33.2,41.489571,-81.71175,2025-11-07T07:30:00Z,0,"Sensor drift/flat low values at 13.1_33.2, Aug-Nov 2025"
13.1,13.1_33.2,41.489571,-81.71175,2025-11-07T08:00:00Z,0,"Sensor drift/flat low values at 13.1_33.2, Aug-Nov 2025"
13.1,13.1_33.2,41.489571,-81.71175,2025-11-07T08:30:00Z,0,"Sensor drift/flat low values at 13.1_33.2, Aug-Nov 2025"
13.1,13.1_33.2,41.489571,-81.71175,2025-11-07T09:00:00Z,0,"Sensor drift/flat low values at 13.1_33.2, Aug-Nov 2025"
13.1,13.1_33.2,41.489571,-81.71175,2025-11-07T09:30:00Z,0,"Sensor drift/flat low values at 13.1_33.2, Aug-Nov 2025"
13.1,13.1_33.2,41.489571,-81.71175,2025-11-07T10:00:00Z,0,"Sensor drift/flat low values at 13.1_33.2, Aug-Nov 2025"
13.1,13.1_33.2,41.489571,-81.71175,2025-11-07T10:30:00Z,0,"Sensor drift/flat low values at 13.1_33.2, Aug-Nov 2025"
13.1,13.1_33.2,41.489571,-81.71175,2025-11-07T11:00:00Z,0,"Sensor drift/flat low values at 13.1_33.2, Aug-Nov 2025"
13.1,13.1_33.2,41.489571,-81.71175,2025-11-07T11:30:00Z,0,"Sensor drift/flat low values at 13.1_33.2, Aug-Nov 2025"
13.1,13.1_33.2,41.489571,-81.71175,2025-11-07T12:00:00Z,0,"Sensor drift/flat low values at 13.1_33.2, Aug-Nov 2025"
13.1,13.1_33.2,41.489571,-81.71175,2025-11-07T12:30:00Z,0,"Sensor drift/flat low values at 13.1_33.2, Aug-Nov 2025"
13.1,13.1_33.2,41.489571,-81.71175,2025-11-07T13:00:00Z,0,"Sensor drift/flat low values at 13.1_33.2, Aug-Nov 2025"
13.1,13.1_33.2,41.489571,-81.71175,2025-11-07T13:30:00Z,0,"Sensor drift/flat low values at 13.1_33.2, Aug-Nov 2025"
13.1,13.1_33.2,41.489571,-81.71175,2025-11-07T14:00:00Z,0,"Sensor drift/flat low values at 13.1_33.2, Aug-Nov 2025"
13.1,13.1_33.2,41.489571,-81.71175,2025-11-07T14:30:00Z,0,"Sensor drift/flat low values at 13.1_33.2, Aug-Nov 2025"
13.1,13.1_33.2,41.489571,-81.71175,2025-11-07T15:00:00Z,0,"Sensor drift/flat low values at 13.1_33.2, Aug-Nov 2025"
13.1,13.1_33.2,41.489571,-81.71175,2025-11-07T15:30:00Z,0,"Sensor drift/flat low values at 13.1_33.2, Aug-Nov 2025"
13.1,13.1_33.2,41.489571,-81.71175,2025-11-07T16:00:00Z,0,"Sensor drift/flat low values at 13.1_33.2, Aug-Nov 2025"
13.1,13.1_33.2,41.489571,-81.71175,2025-11-07T16:30:00Z,0,"Sensor drift/flat low values at 13.1_33.2, Aug-Nov 2025"
13.1,13.1_33.2,41.489571,-81.71175,2025-11-07T17:00:00Z,0,"Sensor drift/flat low values at 13.1_33.2, Aug-Nov 2025"
13.1,13.1_33.2,41.489571,-81.71175,2025-11-07T17:30:00Z,0,"Sensor drift/flat low values at 13.1_33.2, Aug-Nov 2025"
13.1,13.1_33.2,41.489571,-81.71175,2025-11-07T18:00:00Z,0,"Sensor drift/flat low values at 13.1_33.2, Aug-Nov 2025"
13.1,13.1_33.2,41.489571,-81.71175,2025-11-07T19:30:00Z,0,"Sensor drift/flat low values at 13.1_33.2, Aug-Nov 2025"
13.1,13.1_33.2,41.489571,-81.71175,2025-11-07T22:00:00Z,0,"Sensor drift/flat low values at 13.1_33.2, Aug-Nov 2025"
13.1,13.1_33.2,41.489571,-81.71175,2025-11-07T23:30:00Z,0,"Sensor drift/flat low values at 13.1_33.2, Aug-Nov 2025"
13.1,13.1_33.2,41.489571,-81.71175,2025-11-08T00:30:00Z,0,"Sensor drift/flat low values at 13.1_33.2, Aug-Nov 2025"
13.1,13.1_33.2,41.489571,-81.71175,2025-11-08T01:30:00Z,0,"Sensor drift/flat low values at 13.1_33.2, Aug-Nov 2025"
13.1,13.1_33.2,41.489571,-81.71175,2025-11-08T02:00:00Z,0,"Sensor drift/flat low values at 13.1_33.2, Aug-Nov 2025"
13.1,13.1_33.2,41.489571,-81.71175,2025-11-08T03:30:00Z,0,"Sensor drift/flat low values at 13.1_33.2, Aug-Nov 2025"
13.1,13.1_33.2,41.489571,-81.71175,2025-11-08T04:00:00Z,0,"Sensor drift/flat low values at 13.1_33.2, Aug-Nov 2025"
13.1,13.1_33.2,41.489571,-81.71175,2025-11-08T04:30:00Z,0,"Sensor drift/flat low values at 13.1_33.2, Aug-Nov 2025"
13.1,13.1_33.2,41.489571,-81.71175,2025-11-08T05:00:00Z,0,"Sensor drift/flat low values at 13.1_33.2, Aug-Nov 2025"
13.1,13.1_33.2,41.489571,-81.71175,2025-11-08T05:30:00Z,0,"Sensor drift/flat low values at 13.1_33.2, Aug-Nov 2025"
13.1,13.1_33.2,41.489571,-81.71175,2025-11-08T06:00:00Z,0,"Sensor drift/flat low values at 13.1_33.2, Aug-Nov 2025"
13.1,13.1_33.2,41.489571,-81.71175,2025-11-08T06:30:00Z,0,"Sensor drift/flat low values at 13.1_33.2, Aug-Nov 2025"
13.1,13.1_33.2,41.489571,-81.71175,2025-11-08T07:00:00Z,0,"Sensor drift/flat low values at 13.1_33.2, Aug-Nov 2025"
13.1,13.1_33.2,41.489571,-81.71175,2025-11-08T07:30:00Z,0,"Sensor drift/flat low values at 13.1_33.2, Aug-Nov 2025"
13.1,13.1_33.2,41.489571,-81.71175,2025-11-08T08:00:00Z,0,"Sensor drift/flat low values at 13.1_33.2, Aug-Nov 2025"
13.1,13.1_33.2,41.489571,-81.71175,2025-11-08T08:30:00Z,0,"Sensor drift/flat low values at 13.1_33.2, Aug-Nov 2025"
13.1,13.1_33.2,41.489571,-81.71175,2025-11-08T09:00:00Z,0,"Sensor drift/flat low values at 13.1_33.2, Aug-Nov 2025"
13.1,13.1_33.2,41.489571,-81.71175,2025-11-08T09:30:00Z,0,"Sensor drift/flat low values at 13.1_33.2, Aug-Nov 2025"
13.1,13.1_33.2,41.489571,-81.71175,2025-11-08T10:30:00Z,0,"Sensor drift/flat low values at 13.1_33.2, Aug-Nov 2025"
13.1,13.1_33.2,41.489571,-81.71175,2025-11-08T11:00:00Z,0,"Sensor drift/flat low values at 13.1_33.2, Aug-Nov 2025"
13.1,13.1_33.2,41.489571,-81.71175,2025-11-08T11:30:00Z,0,"Sensor drift/flat low values at 13.1_33.2, Aug-Nov 2025"
13.1,13.1_33.2,41.489571,-81.71175,2025-11-08T12:00:00Z,0,"Sensor drift/flat low values at 13.1_33.2, Aug-Nov 2025"
13.1,13.1_33.2,41.489571,-81.71175,2025-11-08T12:30:00Z,0,"Sensor drift/flat low values at 13.1_33.2, Aug-Nov 2025"
13.1,13.1_33.2,41.489571,-81.71175,2025-11-08T13:00:00Z,0,"Sensor drift/flat low values at 13.1_33.2, Aug-Nov 2025"
13.1,13.1_33.2,41.489571,-81.71175,2025-11-08T13:30:00Z,0,"Sensor drift/flat low values at 13.1_33.2, Aug-Nov 2025"
13.1,13.1_33.2,41.489571,-81.71175,2025-11-08T14:00:00Z,0,"Sensor drift/flat low values at 13.1_33.2, Aug-Nov 2025"
13.1,13.1_33.2,41.489571,-81.71175,2025-11-08T14:30:00Z,0,"Sensor drift/flat low values at 13.1_33.2, Aug-Nov 2025"
13.1,13.1_33.2,41.489571,-81.71175,2025-11-08T15:00:00Z,0,"Sensor drift/flat low values at 13.1_33.2, Aug-Nov 2025"
13.1,13.1_33.2,41.489571,-81.71175,2025-11-09T19:00:00Z,0,"Sensor drift/flat low values at 13.1_33.2, Aug-Nov 2025"
13.1,13.1_33.2,41.489571,-81.71175,2025-11-09T19:30:00Z,0,"Sensor drift/flat low values at 13.1_33.2, Aug-Nov 2025"
13.1,13.1_33.2,41.489571,-81.71175,2025-11-09T20:00:00Z,0,"Sensor drift/flat low values at 13.1_33.2, Aug-Nov 2025"
13.1,13.1_33.2,41.489571,-81.71175,2025-11-10T16:00:00Z,0,"Sensor drift/flat low values at 13.1_33.2, Aug-Nov 2025"
13.1,13.1_33.2,41.489571,-81.71175,2025-11-10T16:30:00Z,0,"Sensor drift/flat low values at 13.1_33.2, Aug-Nov 2025"
13.1,13.1_33.2,41.489571,-81.71175,2025-11-10T17:00:00Z,0,"Sensor drift/flat low values at 13.1_33.2, Aug-Nov 2025"
13.1,13.1_33.2,41.489571,-81.71175,2025-11-10T17:30:00Z,0,"Sensor drift/flat low values at 13.1_33.2, Aug-Nov 2025"
13.1,13.1_33.2,41.489571,-81.71175,2025-11-10T18:00:00Z,0,"Sensor drift/flat low values at 13.1_33.2, Aug-Nov 2025"
13.1,13.1_33.2,41.489571,-81.71175,2025-11-10T18:30:00Z,0,"Sensor drift/flat low values at 13.1_33.2, Aug-Nov 2025"
13.1,13.1_33.2,41.489571,-81.71175,2025-11-10T19:00:00Z,0,"Sensor drift/flat low values at 13.1_33.2, Aug-Nov 2025"
13.1,13.1_33.2,41.489571,-81.71175,2025-11-10T19:30:00Z,0,"Sensor drift/flat low values at 13.1_33.2, Aug-Nov 2025"
13.1,13.1_33.2,41.489571,-81.71175,2025-11-10T20:00:00Z,0,"Sensor drift/flat low values at 13.1_33.2, Aug-Nov 2025"
13.1,13.1_33.2,41.489571,-81.71175,2025-11-10T20:30:00Z,0,"Sensor drift/flat low values at 13.1_33.2, Aug-Nov 2025"
13.1,13.1_33.2,41.489571,-81.71175,2025-11-10T21:00:00Z,0,"Sensor drift/flat low values at 13.1_33.2, Aug-Nov 2025"
13.1,13.1_33.2,41.489571,-81.71175,2025-11-11T15:00:00Z,0,"Sensor drift/flat low values at 13.1_33.2, Aug-Nov 2025"
13.1,13.1_33.2,41.489571,-81.71175,2025-11-11T15:30:00Z,0,"Sensor drift/flat low values at 13.1_33.2, Aug-Nov 2025"
13.1,13.1_33.2,41.489571,-81.71175,2025-11-11T17:30:00Z,0,"Sensor drift/flat low values at 13.1_33.2, Aug-Nov 2025"
13.1,13.1_33.2,41.489571,-81.71175,2025-11-11T21:30:00Z,0,"Sensor drift/flat low values at 13.1_33.2, Aug-Nov 2025"
13.1,13.1_33.2,41.489571,-81.71175,2025-11-11T22:30:00Z,0,"Sensor drift/flat low values at 13.1_33.2, Aug-Nov 2025"
13.1,13.1_33.2,41.489571,-81.71175,2025-11-11T23:00:00Z,0,"Sensor drift/flat low values at 13.1_33.2, Aug-Nov 2025"
13.1,13.1_33.2,41.489571,-81.71175,2025-11-11T23:30:00Z,0,"Sensor drift/flat low values at 13.1_33.2, Aug-Nov 2025"
13.1,13.1_33.2,41.489571,-81.71175,2025-11-12T00:00:00Z,0,"Sensor drift/flat low values at 13.1_33.2, Aug-Nov 2025"
13.1,13.1_33.2,41.489571,-81.71175,2025-11-12T00:30:00Z,0,"Sensor drift/flat low values at 13.1_33.2, Aug-Nov 2025"
13.1,13.1_33.2,41.489571,-81.71175,2025-11-12T01:00:00Z,0,"Sensor drift/flat low values at 13.1_33.2, Aug-Nov 2025"
13.1,13.1_33.2,41.489571,-81.71175,2025-11-12T01:30:00Z,0,"Sensor drift/flat low values at 13.1_33.2, Aug-Nov 2025"
13.1,13.1_33.2,41.489571,-81.71175,2025-11-12T02:00:00Z,0,"Sensor drift/flat low values at 13.1_33.2, Aug-Nov 2025"
13.1,13.1_33.2,41.489571,-81.71175,2025-11-12T02:30:00Z,0,"Sensor drift/flat low values at 13.1_33.2, Aug-Nov 2025"
13.1,13.1_33.2,41.489571,-81.71175,2025-11-12T03:00:00Z,0,"Sensor drift/flat low values at 13.1_33.2, Aug-Nov 2025"
13.1,13.1_33.2,41.489571,-81.71175,2025-11-12T03:30:00Z,0,"Sensor drift/flat low values at 13.1_33.2, Aug-Nov 2025"
13.1,13.1_33.2,41.489571,-81.71175,2025-11-12T04:00:00Z,0,"Sensor drift/flat low values at 13.1_33.2, Aug-Nov 2025"
13.1,13.1_33.2,41.489571,-81.71175,2025-11-12T04:30:00Z,0,"Sensor drift/flat low values at 13.1_33.2, Aug-Nov 2025"
13.1,13.1_33.2,41.489571,-81.71175,2025-11-12T05:00:00Z,0,"Sensor drift/flat low values at 13.1_33.2, Aug-Nov 2025"
13.1,13.1_33.2,41.489571,-81.71175,2025-11-12T05:30:00Z,0,"Sensor drift/flat low values at 13.1_33.2, Aug-Nov 2025"
13.1,13.1_33.2,41.489571,-81.71175,2025-11-12T06:00:00Z,0,"Sensor drift/flat low values at 13.1_33.2, Aug-Nov 2025"
13.1,13.1_33.2,41.489571,-81.71175,2025-11-12T06:30:00Z,0,"Sensor drift/flat low values at 13.1_33.2, Aug-Nov 2025"
13.1,13.1_33.2,41.489571,-81.71175,2025-11-12T07:00:00Z,0,"Sensor drift/flat low values at 13.1_33.2, Aug-Nov 2025"
13.1,13.1_33.2,41.489571,-81.71175,2025-11-12T07:30:00Z,0,"Sensor drift/flat low values at 13.1_33.2, Aug-Nov 2025"
13.1,13.1_33.2,41.489571,-81.71175,2025-11-12T08:00:00Z,0,"Sensor drift/flat low values at 13.1_33.2, Aug-Nov 2025"
13.1,13.1_33.2,41.489571,-81.71175,2025-11-12T08:30:00Z,0,"Sensor drift/flat low values at 13.1_33.2, Aug-Nov 2025"
13.1,13.1_33.2,41.489571,-81.71175,2025-11-12T09:00:00Z,0,"Sensor drift/flat low values at 13.1_33.2, Aug-Nov 2025"
13.1,13.1_33.2,41.489571,-81.71175,2025-11-12T09:30:00Z,0,"Sensor drift/flat low values at 13.1_33.2, Aug-Nov 2025"
13.1,13.1_33.2,41.489571,-81.71175,2025-11-12T10:00:00Z,0,"Sensor drift/flat low values at 13.1_33.2, Aug-Nov 2025"
13.1,13.1_33.2,41.489571,-81.71175,2025-11-12T10:30:00Z,0,"Sensor drift/flat low values at 13.1_33.2, Aug-Nov 2025"
13.1,13.1_33.2,41.489571,-81.71175,2025-11-12T11:00:00Z,0,"Sensor drift/flat low values at 13.1_33.2, Aug-Nov 2025"
13.1,13.1_33.2,41.489571,-81.71175,2025-11-12T11:30:00Z,0,"Sensor drift/flat low values at 13.1_33.2, Aug-Nov 2025"
13.1,13.1_33.2,41.489571,-81.71175,2025-11-12T12:00:00Z,0,"Sensor drift/flat low values at 13.1_33.2, Aug-Nov 2025"
13.1,13.1_33.2,41.489571,-81.71175,2025-11-12T12:30:00Z,0,"Sensor drift/flat low values at 13.1_33.2, Aug-Nov 2025"
13.1,13.1_33.2,41.489571,-81.71175,2025-11-12T16:30:00Z,0,"Sensor drift/flat low values at 13.1_33.2, Aug-Nov 2025"
13.1,13.1_33.2,41.489571,-81.71175,2025-11-12T17:00:00Z,0,"Sensor drift/flat low values at 13.1_33.2, Aug-Nov 2025"
13.1,13.1_33.2,41.489571,-81.71175,2025-11-12T17:30:00Z,0,"Sensor drift/flat low values at 13.1_33.2, Aug-Nov 2025"
13.1,13.1_33.2,41.489571,-81.71175,2025-11-12T18:00:00Z,0,"Sensor drift/flat low values at 13.1_33.2, Aug-Nov 2025"
13.1,13.1_33.2,41.489571,-81.71175,2025-11-12T18:30:00Z,0,"Sensor drift/flat low values at 13.1_33.2, Aug-Nov 2025"
13.1,13.1_33.2,41.489571,-81.71175,2025-11-12T19:00:00Z,0,"Sensor drift/flat low values at 13.1_33.2, Aug-Nov 2025"
13.1,13.1_33.2,41.489571,-81.71175,2025-11-12T19:30:00Z,0,"Sensor drift/flat low values at 13.1_33.2, Aug-Nov 2025"
13.1,13.1_33.2,41.489571,-81.71175,2025-11-12T20:00:00Z,0,"Sensor drift/flat low values at 13.1_33.2, Aug-Nov 2025"
13.1,13.1_33.2,41.489571,-81.71175,2025-11-12T20:30:00Z,0,"Sensor drift/flat low values at 13.1_33.2, Aug-Nov 2025"
13.1,13.1_33.2,41.489571,-81.71175,2025-11-12T21:00:00Z,0,"Sensor drift/flat low values at 13.1_33.2, Aug-Nov 2025"
13.1,13.1_33.2,41.489571,-81.71175,2025-11-12T21:30:00Z,0,"Sensor drift/flat low values at 13.1_33.2, Aug-Nov 2025"
13.1,13.1_33.2,41.489571,-81.71175,2025-11-12T22:00:00Z,0,"Sensor drift/flat low values at 13.1_33.2, Aug-Nov 2025"
13.1,13.1_33.2,41.489571,-81.71175,2025-11-13T14:30:00Z,0,"Sensor drift/flat low values at 13.1_33.2, Aug-Nov 2025"
13.1,13.1_33.2,41.489571,-81.71175,2025-11-13T15:00:00Z,0,"Sensor drift/flat low values at 13.1_33.2, Aug-Nov 2025"
13.1,13.1_33.2,41.489571,-81.71175,2025-11-13T15:30:00Z,0,"Sensor drift/flat low values at 13.1_33.2, Aug-Nov 2025"
13.1,13.1_33.2,41.489571,-81.71175,2025-11-13T16:00:00Z,0,"Sensor drift/flat low values at 13.1_33.2, Aug-Nov 2025"
13.1,13.1_33.2,41.489571,-81.71175,2025-11-13T16:30:00Z,0,"Sensor drift/flat low values at 13.1_33.2, Aug-Nov 2025"
13.1,13.1_33.2,41.489571,-81.71175,2025-11-13T17:00:00Z,0,"Sensor drift/flat low values at 13.1_33.2, Aug-Nov 2025"
13.1,13.1_33.2,41.489571,-81.71175,2025-11-13T17:30:00Z,0,"Sensor drift/flat low values at 13.1_33.2, Aug-Nov 2025"
13.1,13.1_33.2,41.489571,-81.71175,2025-11-13T18:00:00Z,0,"Sensor drift/flat low values at 13.1_33.2, Aug-Nov 2025"
13.1,13.1_33.2,41.489571,-81.71175,2025-11-13T18:30:00Z,0,"Sensor drift/flat low values at 13.1_33.2, Aug-Nov 2025"
13.1,13.1_33.2,41.489571,-81.71175,2025-11-13T19:00:00Z,0,"Sensor drift/flat low values at 13.1_33.2, Aug-Nov 2025"
13.1,13.1_33.2,41.489571,-81.71175,2025-11-13T19:30:00Z,0,"Sensor drift/flat low values at 13.1_33.2, Aug-Nov 2025"
13.1,13.1_33.2,41.489571,-81.71175,2025-11-13T20:00:00Z,0,"Sensor drift/flat low values at 13.1_33.2, Aug-Nov 2025"
13.1,13.1_33.2,41.489571,-81.71175,2025-11-13T20:30:00Z,0,"Sensor drift/flat low values at 13.1_33.2, Aug-Nov 2025"
13.1,13.1_33.2,41.489571,-81.71175,2025-11-13T21:00:00Z,0,"Sensor drift/flat low values at 13.1_33.2, Aug-Nov 2025"
13.1,13.1_33.2,41.489571,-81.71175,2025-11-13T21:30:00Z,0,"Sensor drift/flat low values at 13.1_33.2, Aug-Nov 2025"
13.1,13.1_33.2,41.489571,-81.71175,2025-11-13T22:00:00Z,0,"Sensor drift/flat low values at 13.1_33.2, Aug-Nov 2025"
13.1,13.1_33.2,41.489571,-81.71175,2025-11-13T22:30:00Z,0,"Sensor drift/flat low values at 13.1_33.2, Aug-Nov 2025"
13.1,13.1_33.2,41.489571,-81.71175,2025-11-13T23:00:00Z,0,"Sensor drift/flat low values at 13.1_33.2, Aug-Nov 2025"
13.1,13.1_33.2,41.489571,-81.71175,2025-11-13T23:30:00Z,0,"Sensor drift/flat low values at 13.1_33.2, Aug-Nov 2025"
13.1,13.1_33.2,41.489571,-81.71175,2025-11-14T00:00:00Z,0,"Sensor drift/flat low values at 13.1_33.2, Aug-Nov 2025"
13.1,13.1_33.2,41.489571,-81.71175,2025-11-14T00:30:00Z,0,"Sensor drift/flat low values at 13.1_33.2, Aug-Nov 2025"
13.1,13.1_33.2,41.489571,-81.71175,2025-11-14T01:00:00Z,0,"Sensor drift/flat low values at 13.1_33.2, Aug-Nov 2025"
13.1,13.1_33.2,41.489571,-81.71175,2025-11-14T01:30:00Z,0,"Sensor drift/flat low values at 13.1_33.2, Aug-Nov 2025"
13.1,13.1_33.2,41.489571,-81.71175,2025-11-14T02:00:00Z,0,"Sensor drift/flat low values at 13.1_33.2, Aug-Nov 2025"
13.1,13.1_33.2,41.489571,-81.71175,2025-11-14T02:30:00Z,0,"Sensor drift/flat low values at 13.1_33.2, Aug-Nov 2025"
13.1,13.1_33.2,41.489571,-81.71175,2025-11-14T03:00:00Z,0,"Sensor drift/flat low values at 13.1_33.2, Aug-Nov 2025"
13.1,13.1_33.2,41.489571,-81.71175,2025-11-14T03:30:00Z,0,"Sensor drift/flat low values at 13.1_33.2, Aug-Nov 2025"
13.1,13.1_33.2,41.489571,-81.71175,2025-11-14T04:00:00Z,0,"Sensor drift/flat low values at 13.1_33.2, Aug-Nov 2025"
13.1,13.1_33.2,41.489571,-81.71175,2025-11-14T04:30:00Z,0,"Sensor drift/flat low values at 13.1_33.2, Aug-Nov 2025"
13.1,13.1_33.2,41.489571,-81.71175,2025-11-14T05:00:00Z,0,"Sensor drift/flat low values at 13.1_33.2, Aug-Nov 2025"
13.1,13.1_33.2,41.489571,-81.71175,2025-11-14T05:30:00Z,0,"Sensor drift/flat low values at 13.1_33.2, Aug-Nov 2025"
13.1,13.1_33.2,41.489571,-81.71175,2025-11-14T06:00:00Z,0,"Sensor drift/flat low values at 13.1_33.2, Aug-Nov 2025"
13.1,13.1_33.2,41.489571,-81.71175,2025-11-14T06:30:00Z,0,"Sensor drift/flat low values at 13.1_33.2, Aug-Nov 2025"
13.1,13.1_33.2,41.489571,-81.71175,2025-11-14T07:00:00Z,0,"Sensor drift/flat low values at 13.1_33.2, Aug-Nov 2025"
13.1,13.1_33.2,41.489571,-81.71175,2025-11-14T07:30:00Z,0,"Sensor drift/flat low values at 13.1_33.2, Aug-Nov 2025"
13.1,13.1_33.2,41.489571,-81.71175,2025-11-14T08:00:00Z,0,"Sensor drift/flat low values at 13.1_33.2, Aug-Nov 2025"
13.1,13.1_33.2,41.489571,-81.71175,2025-11-14T08:30:00Z,0,"Sensor drift/flat low values at 13.1_33.2, Aug-Nov 2025"
13.1,13.1_33.2,41.489571,-81.71175,2025-11-14T09:00:00Z,0,"Sensor drift/flat low values at 13.1_33.2, Aug-Nov 2025"
13.1,13.1_33.2,41.489571,-81.71175,2025-11-14T09:30:00Z,0,"Sensor drift/flat low values at 13.1_33.2, Aug-Nov 2025"
13.1,13.1_33.2,41.489571,-81.71175,2025-11-14T10:00:00Z,0,"Sensor drift/flat low values at 13.1_33.2, Aug-Nov 2025"
13.1,13.1_33.2,41.489571,-81.71175,2025-11-14T10:30:00Z,0,"Sensor drift/flat low values at 13.1_33.2, Aug-Nov 2025"
13.1,13.1_33.2,41.489571,-81.71175,2025-11-14T11:00:00Z,0,"Sensor drift/flat low values at 13.1_33.2, Aug-Nov 2025"
13.1,13.1_33.2,41.489571,-81.71175,2025-11-14T11:30:00Z,0,"Sensor drift/flat low values at 13.1_33.2, Aug-Nov 2025"
13.1,13.1_33.2,41.489571,-81.71175,2025-11-14T12:00:00Z,0,"Sensor drift/flat low values at 13.1_33.2, Aug-Nov 2025"
13.1,13.1_33.2,41.489571,-81.71175,2025-11-14T12:30:00Z,0,"Sensor drift/flat low values at 13.1_33.2, Aug-Nov 2025"
13.1,13.1_33.2,41.489571,-81.71175,2025-11-14T13:00:00Z,0,"Sensor drift/flat low values at 13.1_33.2, Aug-Nov 2025"
13.1,13.1_33.2,41.489571,-81.71175,2025-11-14T13:30:00Z,0,"Sensor drift/flat low values at 13.1_33.2, Aug-Nov 2025"
13.1,13.1_33.2,41.489571,-81.71175,2025-11-14T14:00:00Z,0,"Sensor drift/flat low values at 13.1_33.2, Aug-Nov 2025"
13.1,13.1_33.2,41.489571,-81.71175,2025-11-14T14:30:00Z,0,"Sensor drift/flat low values at 13.1_33.2, Aug-Nov 2025"
13.1,13.1_33.2,41.489571,-81.71175,2025-11-14T15:00:00Z,0,"Sensor drift/flat low values at 13.1_33.2, Aug-Nov 2025"
13.1,13.1_33.2,41.489571,-81.71175,2025-11-14T15:30:00Z,0,"Sensor drift/flat low values at 13.1_33.2, Aug-Nov 2025"
13.1,13.1_33.2,41.489571,-81.71175,2025-11-14T16:00:00Z,0,"Sensor drift/flat low values at 13.1_33.2, Aug-Nov 2025"
13.1,13.1_33.2,41.489571,-81.71175,2025-11-14T16:30:00Z,0,"Sensor drift/flat low values at 13.1_33.2, Aug-Nov 2025"
13.1,13.1_33.2,41.489571,-81.71175,2025-11-14T17:00:00Z,0,"Sensor drift/flat low values at 13.1_33.2, Aug-Nov 2025"
13.1,13.1_33.2,41.489571,-81.71175,2025-11-14T17:30:00Z,0,"Sensor drift/flat low values at 13.1_33.2, Aug-Nov 2025"
13.1,13.1_33.2,41.489571,-81.71175,2025-11-14T18:00:00Z,0,"Sensor drift/flat low values at 13.1_33.2, Aug-Nov 2025"
13.1,13.1_33.2,41.489571,-81.71175,2025-11-14T18:30:00Z,0,"Sensor drift/flat low values at 13.1_33.2, Aug-Nov 2025"
13.1,13.1_33.2,41.489571,-81.71175,2025-11-14T19:00:00Z,0,"Sensor drift/flat low values at 13.1_33.2, Aug-Nov 2025"
13.1,13.1_33.2,41.489571,-81.71175,2025-11-14T19:30:00Z,0,"Sensor drift/flat low values at 13.1_33.2, Aug-Nov 2025"
13.1,13.1_33.2,41.489571,-81.71175,2025-11-14T20:00:00Z,0,"Sensor drift/flat low values at 13.1_33.2, Aug-Nov 2025"
13.1,13.1_33.2,41.489571,-81.71175,2025-11-14T20:30:00Z,0,"Sensor drift/flat low values at 13.1_33.2, Aug-Nov 2025"
13.1,13.1_33.2,41.489571,-81.71175,2025-11-14T21:00:00Z,0,"Sensor drift/flat low values at 13.1_33.2, Aug-Nov 2025"
13.1,13.1_33.2,41.489571,-81.71175,2025-11-14T21:30:00Z,0,"Sensor drift/flat low values at 13.1_33.2, Aug-Nov 2025"
13.1,13.1_33.2,41.489571,-81.71175,2025-11-14T22:00:00Z,0,"Sensor drift/flat low values at 13.1_33.2, Aug-Nov 2025"
13.1,13.1_33.2,41.489571,-81.71175,2025-11-14T22:30:00Z,0,"Sensor drift/flat low values at 13.1_33.2, Aug-Nov 2025"
13.1,13.1_33.2,41.489571,-81.71175,2025-11-14T23:00:00Z,0,"Sensor drift/flat low values at 13.1_33.2, Aug-Nov 2025"
13.1,13.1_33.2,41.489571,-81.71175,2025-11-14T23:30:00Z,0,"Sensor drift/flat low values at 13.1_33.2, Aug-Nov 2025"
13.1,13.1_33.2,41.489571,-81.71175,2025-11-15T00:00:00Z,0,"Sensor drift/flat low values at 13.1_33.2, Aug-Nov 2025"
13.1,13.1_33.2,41.489571,-81.71175,2025-11-15T00:30:00Z,0,"Sensor drift/flat low values at 13.1_33.2, Aug-Nov 2025"
13.1,13.1_33.2,41.489571,-81.71175,2025-11-15T01:00:00Z,0,"Sensor drift/flat low values at 13.1_33.2, Aug-Nov 2025"
13.1,13.1_33.2,41.489571,-81.71175,2025-11-15T01:30:00Z,0,"Sensor drift/flat low values at 13.1_33.2, Aug-Nov 2025"
13.1,13.1_33.2,41.489571,-81.71175,2025-11-15T02:00:00Z,0,"Sensor drift/flat low values at 13.1_33.2, Aug-Nov 2025"
13.1,13.1_33.2,41.489571,-81.71175,2025-11-15T02:30:00Z,0,"Sensor drift/flat low values at 13.1_33.2, Aug-Nov 2025"
13.1,13.1_33.2,41.489571,-81.71175,2025-11-15T03:00:00Z,0,"Sensor drift/flat low values at 13.1_33.2, Aug-Nov 2025"
13.1,13.1_33.2,41.489571,-81.71175,2025-11-15T03:30:00Z,0,"Sensor drift/flat low values at 13.1_33.2, Aug-Nov 2025"
13.1,13.1_33.2,41.489571,-81.71175,2025-11-15T04:00:00Z,0,"Sensor drift/flat low values at 13.1_33.2, Aug-Nov 2025"
13.1,13.1_33.2,41.489571,-81.71175,2025-11-15T04:30:00Z,0,"Sensor drift/flat low values at 13.1_33.2, Aug-Nov 2025"
13.1,13.1_33.2,41.489571,-81.71175,2025-11-15T05:00:00Z,0,"Sensor drift/flat low values at 13.1_33.2, Aug-Nov 2025"
13.1,13.1_33.2,41.489571,-81.71175,2025-11-15T05:30:00Z,0,"Sensor drift/flat low values at 13.1_33.2, Aug-Nov 2025"
13.1,13.1_33.2,41.489571,-81.71175,2025-11-15T06:00:00Z,0,"Sensor drift/flat low values at 13.1_33.2, Aug-Nov 2025"
13.1,13.1_33.2,41.489571,-81.71175,2025-11-15T06:30:00Z,0,"Sensor drift/flat low values at 13.1_33.2, Aug-Nov 2025"
13.1,13.1_33.2,41.489571,-81.71175,2025-11-15T07:00:00Z,0,"Sensor drift/flat low values at 13.1_33.2, Aug-Nov 2025"
13.1,13.1_33.2,41.489571,-81.71175,2025-11-15T07:30:00Z,0,"Sensor drift/flat low values at 13.1_33.2, Aug-Nov 2025"
13.1,13.1_33.2,41.489571,-81.71175,2025-11-15T08:00:00Z,0,"Sensor drift/flat low values at 13.1_33.2, Aug-Nov 2025"
13.1,13.1_33.2,41.489571,-81.71175,2025-11-15T08:30:00Z,0,"Sensor drift/flat low values at 13.1_33.2, Aug-Nov 2025"
13.1,13.1_33.2,41.489571,-81.71175,2025-11-15T09:00:00Z,0,"Sensor drift/flat low values at 13.1_33.2, Aug-Nov 2025"
13.1,13.1_33.2,41.489571,-81.71175,2025-11-15T09:30:00Z,0,"Sensor drift/flat low values at 13.1_33.2, Aug-Nov 2025"
13.1,13.1_33.2,41.489571,-81.71175,2025-11-15T10:00:00Z,0,"Sensor drift/flat low values at 13.1_33.2, Aug-Nov 2025"
13.1,13.1_33.2,41.489571,-81.71175,2025-11-15T10:30:00Z,0,"Sensor drift/flat low values at 13.1_33.2, Aug-Nov 2025"
13.1,13.1_33.2,41.489571,-81.71175,2025-11-15T11:00:00Z,0,"Sensor drift/flat low values at 13.1_33.2, Aug-Nov 2025"
13.1,13.1_33.2,41.489571,-81.71175,2025-11-15T11:30:00Z,0,"Sensor drift/flat low values at 13.1_33.2, Aug-Nov 2025"
13.1,13.1_33.2,41.489571,-81.71175,2025-11-15T12:00:00Z,0,"Sensor drift/flat low values at 13.1_33.2, Aug-Nov 2025"
13.1,13.1_33.2,41.489571,-81.71175,2025-11-15T12:30:00Z,0,"Sensor drift/flat low values at 13.1_33.2, Aug-Nov 2025"
13.1,13.1_33.2,41.489571,-81.71175,2025-11-15T13:00:00Z,0,"Sensor drift/flat low values at 13.1_33.2, Aug-Nov 2025"
13.1,13.1_33.2,41.489571,-81.71175,2025-11-15T13:30:00Z,0,"Sensor drift/flat low values at 13.1_33.2, Aug-Nov 2025"
13.1,13.1_33.2,41.489571,-81.71175,2025-11-15T14:00:00Z,0,"Sensor drift/flat low values at 13.1_33.2, Aug-Nov 2025"
13.1,13.1_33.2,41.489571,-81.71175,2025-11-15T14:30:00Z,0,"Sensor drift/flat low values at 13.1_33.2, Aug-Nov 2025"
13.1,13.1_33.2,41.489571,-81.71175,2025-11-15T15:00:00Z,0,"Sensor drift/flat low values at 13.1_33.2, Aug-Nov 2025"
13.1,13.1_33.2,41.489571,-81.71175,2025-11-15T15:30:00Z,0,"Sensor drift/flat low values at 13.1_33.2, Aug-Nov 2025"
13.1,13.1_33.2,41.489571,-81.71175,2025-11-15T16:00:00Z,0,"Sensor drift/flat low values at 13.1_33.2, Aug-Nov 2025"
13.1,13.1_33.2,41.489571,-81.71175,2025-11-15T16:30:00Z,0,"Sensor drift/flat low values at 13.1_33.2, Aug-Nov 2025"
13.1,13.1_33.2,41.489571,-81.71175,2025-11-15T17:00:00Z,0,"Sensor drift/flat low values at 13.1_33.2, Aug-Nov 2025"
13.1,13.1_33.2,41.489571,-81.71175,2025-11-15T17:30:00Z,0,"Sensor drift/flat low values at 13.1_33.2, Aug-Nov 2025"
13.1,13.1_33.2,41.489571,-81.71175,2025-11-15T18:00:00Z,0,"Sensor drift/flat low values at 13.1_33.2, Aug-Nov 2025"
13.1,13.1_33.2,41.489571,-81.71175,2025-11-15T18:30:00Z,0,"Sensor drift/flat low values at 13.1_33.2, Aug-Nov 2025"
13.1,13.1_33.2,41.489571,-81.71175,2025-11-15T19:00:00Z,0,"Sensor drift/flat low values at 13.1_33.2, Aug-Nov 2025"
13.1,13.1_33.2,41.489571,-81.71175,2025-11-15T19:30:00Z,0,"Sensor drift/flat low values at 13.1_33.2, Aug-Nov 2025"
13.1,13.1_33.2,41.489571,-81.71175,2025-11-15T20:00:00Z,0,"Sensor drift/flat low values at 13.1_33.2, Aug-Nov 2025"
13.1,13.1_33.2,41.489571,-81.71175,2025-11-15T20:30:00Z,0,"Sensor drift/flat low values at 13.1_33.2, Aug-Nov 2025"
13.1,13.1_33.2,41.489571,-81.71175,2025-11-15T21:00:00Z,0,"Sensor drift/flat low values at 13.1_33.2, Aug-Nov 2025"
13.1,13.1_33.2,41.489571,-81.71175,2025-11-16T15:00:00Z,0,"Sensor drift/flat low values at 13.1_33.2, Aug-Nov 2025"
13.1,13.1_33.2,41.489571,-81.71175,2025-11-16T15:30:00Z,0,"Sensor drift/flat low values at 13.1_33.2, Aug-Nov 2025"
13.1,13.1_33.2,41.489571,-81.71175,2025-11-16T16:00:00Z,0,"Sensor drift/flat low values at 13.1_33.2, Aug-Nov 2025"
13.1,13.1_33.2,41.489571,-81.71175,2025-11-16T16:30:00Z,0,"Sensor drift/flat low values at 13.1_33.2, Aug-Nov 2025"
13.1,13.1_33.2,41.489571,-81.71175,2025-11-16T17:00:00Z,0,"Sensor drift/flat low values at 13.1_33.2, Aug-Nov 2025"
13.1,13.1_33.2,41.489571,-81.71175,2025-11-16T17:30:00Z,0,"Sensor drift/flat low values at 13.1_33.2, Aug-Nov 2025"
13.1,13.1_33.2,41.489571,-81.71175,2025-11-16T18:00:00Z,0,"Sensor drift/flat low values at 13.1_33.2, Aug-Nov 2025"
13.1,13.1_33.2,41.489571,-81.71175,2025-11-16T18:30:00Z,0,"Sensor drift/flat low values at 13.1_33.2, Aug-Nov 2025"
13.1,13.1_33.2,41.489571,-81.71175,2025-11-16T19:00:00Z,0,"Sensor drift/flat low values at 13.1_33.2, Aug-Nov 2025"
13.1,13.1_33.2,41.489571,-81.71175,2025-11-16T19:30:00Z,0,"Sensor drift/flat low values at 13.1_33.2, Aug-Nov 2025"
13.1,13.1_33.2,41.489571,-81.71175,2025-11-16T20:00:00Z,0,"Sensor drift/flat low values at 13.1_33.2, Aug-Nov 2025"
13.1,13.1_33.2,41.489571,-81.71175,2025-11-16T20:30:00Z,0,"Sensor drift/flat low values at 13.1_33.2, Aug-Nov 2025"
13.1,13.1_33.2,41.489571,-81.71175,2025-11-16T21:00:00Z,0,"Sensor drift/flat low values at 13.1_33.2, Aug-Nov 2025"
13.1,13.1_33.2,41.489571,-81.71175,2025-11-16T21:30:00Z,0,"Sensor drift/flat low values at 13.1_33.2, Aug-Nov 2025"
13.1,13.1_33.2,41.489571,-81.71175,2025-11-16T22:00:00Z,0,"Sensor drift/flat low values at 13.1_33.2, Aug-Nov 2025"
13.1,13.1_33.2,41.489571,-81.71175,2025-11-16T22:30:00Z,0,"Sensor drift/flat low values at 13.1_33.2, Aug-Nov 2025"
13.1,13.1_33.2,41.489571,-81.71175,2025-11-17T16:00:00Z,0,"Sensor drift/flat low values at 13.1_33.2, Aug-Nov 2025"
13.1,13.1_33.2,41.489571,-81.71175,2025-11-17T16:30:00Z,0,"Sensor drift/flat low values at 13.1_33.2, Aug-Nov 2025"
13.1,13.1_33.2,41.489571,-81.71175,2025-11-17T17:00:00Z,0,"Sensor drift/flat low values at 13.1_33.2, Aug-Nov 2025"
13.1,13.1_33.2,41.489571,-81.71175,2025-11-17T17:30:00Z,0,"Sensor drift/flat low values at 13.1_33.2, Aug-Nov 2025"
13.1,13.1_33.2,41.489571,-81.71175,2025-11-17T18:00:00Z,0,"Sensor drift/flat low values at 13.1_33.2, Aug-Nov 2025"
13.1,13.1_33.2,41.489571,-81.71175,2025-11-17T18:30:00Z,0,"Sensor drift/flat low values at 13.1_33.2, Aug-Nov 2025"
13.1,13.1_33.2,41.489571,-81.71175,2025-11-17T19:00:00Z,0,"Sensor drift/flat low values at 13.1_33.2, Aug-Nov 2025"
13.1,13.1_33.2,41.489571,-81.71175,2025-11-17T19:30:00Z,0,"Sensor drift/flat low values at 13.1_33.2, Aug-Nov 2025"
13.1,13.1_33.2,41.489571,-81.71175,2025-11-17T20:00:00Z,0,"Sensor drift/flat low values at 13.1_33.2, Aug-Nov 2025"
13.1,13.1_33.2,41.489571,-81.71175,2025-11-17T20:30:00Z,0,"Sensor drift/flat low values at 13.1_33.2, Aug-Nov 2025"
13.1,13.1_33.2,41.489571,-81.71175,2025-11-17T21:00:00Z,0,"Sensor drift/flat low values at 13.1_33.2, Aug-Nov 2025"
13.1,13.1_33.2,41.489571,-81.71175,2025-11-17T21:30:00Z,0,"Sensor drift/flat low values at 13.1_33.2, Aug-Nov 2025"
13.1,13.1_33.2,41.489571,-81.71175,2025-11-17T22:00:00Z,0,"Sensor drift/flat low values at 13.1_33.2, Aug-Nov 2025"
13.1,13.1_33.2,41.489571,-81.71175,2025-11-17T22:30:00Z,0,"Sensor drift/flat low values at 13.1_33.2, Aug-Nov 2025"
13.1,13.1_33.2,41.489571,-81.71175,2025-11-17T23:00:00Z,0,"Sensor drift/flat low values at 13.1_33.2, Aug-Nov 2025"
13.1,13.1_33.2,41.489571,-81.71175,2025-11-17T23:30:00Z,0,"Sensor drift/flat low values at 13.1_33.2, Aug-Nov 2025"
13.1,13.1_33.2,41.489571,-81.71175,2025-11-18T00:00:00Z,0,"Sensor drift/flat low values at 13.1_33.2, Aug-Nov 2025"
13.1,13.1_33.2,41.489571,-81.71175,2025-11-18T00:30:00Z,0,"Sensor drift/flat low values at 13.1_33.2, Aug-Nov 2025"
13.1,13.1_33.2,41.489571,-81.71175,2025-11-18T01:00:00Z,0,"Sensor drift/flat low values at 13.1_33.2, Aug-Nov 2025"
13.1,13.1_33.2,41.489571,-81.71175,2025-11-18T01:30:00Z,0,"Sensor drift/flat low values at 13.1_33.2, Aug-Nov 2025"
13.1,13.1_33.2,41.489571,-81.71175,2025-11-18T02:00:00Z,0,"Sensor drift/flat low values at 13.1_33.2, Aug-Nov 2025"
13.1,13.1_33.2,41.489571,-81.71175,2025-11-18T02:30:00Z,0,"Sensor drift/flat low values at 13.1_33.2, Aug-Nov 2025"
13.1,13.1_33.2,41.489571,-81.71175,2025-11-18T03:00:00Z,0,"Sensor drift/flat low values at 13.1_33.2, Aug-Nov 2025"
13.1,13.1_33.2,41.489571,-81.71175,2025-11-18T03:30:00Z,0,"Sensor drift/flat low values at 13.1_33.2, Aug-Nov 2025"
13.1,13.1_33.2,41.489571,-81.71175,2025-11-18T04:00:00Z,0,"Sensor drift/flat low values at 13.1_33.2, Aug-Nov 2025"
13.1,13.1_33.2,41.489571,-81.71175,2025-11-18T04:30:00Z,0,"Sensor drift/flat low values at 13.1_33.2, Aug-Nov 2025"
13.1,13.1_33.2,41.489571,-81.71175,2025-11-18T05:00:00Z,0,"Sensor drift/flat low values at 13.1_33.2, Aug-Nov 2025"
13.1,13.1_33.2,41.489571,-81.71175,2025-11-18T05:30:00Z,0,"Sensor drift/flat low values at 13.1_33.2, Aug-Nov 2025"
13.1,13.1_33.2,41.489571,-81.71175,2025-11-18T06:00:00Z,0,"Sensor drift/flat low values at 13.1_33.2, Aug-Nov 2025"
13.1,13.1_33.2,41.489571,-81.71175,2025-11-18T06:30:00Z,0,"Sensor drift/flat low values at 13.1_33.2, Aug-Nov 2025"
13.1,13.1_33.2,41.489571,-81.71175,2025-11-18T07:00:00Z,0,"Sensor drift/flat low values at 13.1_33.2, Aug-Nov 2025"
13.1,13.1_33.2,41.489571,-81.71175,2025-11-18T07:30:00Z,0,"Sensor drift/flat low values at 13.1_33.2, Aug-Nov 2025"
13.1,13.1_33.2,41.489571,-81.71175,2025-11-18T08:00:00Z,0,"Sensor drift/flat low values at 13.1_33.2, Aug-Nov 2025"
13.1,13.1_33.2,41.489571,-81.71175,2025-11-18T08:30:00Z,0,"Sensor drift/flat low values at 13.1_33.2, Aug-Nov 2025"
13.1,13.1_33.2,41.489571,-81.71175,2025-11-18T09:00:00Z,0,"Sensor drift/flat low values at 13.1_33.2, Aug-Nov 2025"
13.1,13.1_33.2,41.489571,-81.71175,2025-11-18T09:30:00Z,0,"Sensor drift/flat low values at 13.1_33.2, Aug-Nov 2025"
13.1,13.1_33.2,41.489571,-81.71175,2025-11-18T10:00:00Z,0,"Sensor drift/flat low values at 13.1_33.2, Aug-Nov 2025"
13.1,13.1_33.2,41.489571,-81.71175,2025-11-18T20:30:00Z,0,"Sensor drift/flat low values at 13.1_33.2, Aug-Nov 2025"
13.1,13.1_33.2,41.489571,-81.71175,2025-11-18T21:00:00Z,0,"Sensor drift/flat low values at 13.1_33.2, Aug-Nov 2025"
13.1,13.1_33.2,41.489571,-81.71175,2025-11-18T21:30:00Z,0,"Sensor drift/flat low values at 13.1_33.2, Aug-Nov 2025"
13.1,13.1_33.2,41.489571,-81.71175,2025-11-18T22:00:00Z,0,"Sensor drift/flat low values at 13.1_33.2, Aug-Nov 2025"
