site_number,date,fem_pm25_daily,n_hourly_obs,first_hour,last_hour,valid_daily
0034,2024-11-01,3.276190476190476,21,2024-11-01T04:00:00Z,2024-11-02T00:00:00Z,TRUE
0034,2024-11-02,3.2375,24,2024-11-02T01:00:00Z,2024-11-03T00:00:00Z,TRUE
0034,2024-11-03,3.739130434782609,23,2024-11-03T01:00:00Z,2024-11-04T00:00:00Z,TRUE
0034,2024-11-04,5.529166666666667,24,2024-11-04T01:00:00Z,2024-11-05T00:00:00Z,TRUE
0034,2024-11-05,5.552173913043478,24,2024-11-05T01:00:00Z,2024-11-06T00:00:00Z,TRUE
0034,2024-11-06,4.791666666666667,24,2024-11-06T01:00:00Z,2024-11-07T00:00:00Z,TRUE
0034,2024-11-07,3.375,24,2024-11-07T01:00:00Z,2024-11-08T00:00:00Z,TRUE
0034,2024-11-08,7.1,24,2024-11-08T01:00:00Z,2024-11-09T00:00:00Z,TRUE
0034,2024-11-09,2.9916666666666667,24,2024-11-09T01:00:00Z,2024-11-10T00:00:00Z,TRUE
0034,2024-11-10,7.366666666666667,24,2024-11-10T01:00:00Z,2024-11-11T00:00:00Z,TRUE
0034,2024-11-11,3.8916666666666666,24,2024-11-11T01:00:00Z,2024-11-12T00:00:00Z,TRUE
0034,2024-11-12,1.3791666666666669,24,2024-11-12T01:00:00Z,2024-11-13T00:00:00Z,TRUE
0034,2024-11-13,2.5708333333333333,24,2024-11-13T01:00:00Z,2024-11-14T00:00:00Z,TRUE
0034,2024-11-14,2.5416666666666665,24,2024-11-14T01:00:00Z,2024-11-15T00:00:00Z,TRUE
0034,2024-11-15,5.4375,24,2024-11-15T01:00:00Z,2024-11-16T00:00:00Z,TRUE
0034,2024-11-16,3.325,24,2024-11-16T01:00:00Z,2024-11-17T00:00:00Z,TRUE
0034,2024-11-17,6.954166666666667,24,2024-11-17T01:00:00Z,2024-11-18T00:00:00Z,TRUE
0034,2024-11-18,12.6875,24,2024-11-18T01:00:00Z,2024-11-19T00:00:00Z,TRUE
0034,2024-11-19,9.658333333333333,24,2024-11-19T01:00:00Z,2024-11-20T00:00:00Z,TRUE
0034,2024-11-20,4.166666666666667,24,2024-11-20T01:00:00Z,2024-11-21T00:00:00Z,TRUE
0034,2024-11-21,3.6291666666666664,24,2024-11-21T01:00:00Z,2024-11-22T00:00:00Z,TRUE
0034,2024-11-22,3.0666666666666664,24,2024-11-22T01:00:00Z,2024-11-23T00:00:00Z,TRUE
0034,2024-11-23,1.075,24,2024-11-23T01:00:00Z,2024-11-24T00:00:00Z,TRUE
0034,2024-11-24,8.2,24,2024-11-24T01:00:00Z,2024-11-25T00:00:00Z,TRUE
0034,2024-11-25,8.5875,24,2024-11-25T01:00:00Z,2024-11-26T00:00:00Z,TRUE
0034,2024-11-26,6.270833333333333,24,2024-11-26T01:00:00Z,2024-11-27T00:00:00Z,TRUE
0034,2024-11-27,6.160869565217391,24,2024-11-27T01:00:00Z,2024-11-28T00:00:00Z,TRUE
0034,2024-11-28,5.433333333333334,24,2024-11-28T01:00:00Z,2024-11-29T00:00:00Z,TRUE
0034,2024-11-29,5.9750000000000005,24,2024-11-29T01:00:00Z,2024-11-30T00:00:00Z,TRUE
0034,2024-11-30,6.9125000000000005,24,2024-11-30T01:00:00Z,2024-12-01T00:00:00Z,TRUE
0034,2024-12-01,5.875,24,2024-12-01T01:00:00Z,2024-12-02T00:00:00Z,TRUE
0034,2024-12-02,7.3125,24,2024-12-02T01:00:00Z,2024-12-03T00:00:00Z,TRUE
0034,2024-12-03,9.104166666666668,24,2024-12-03T01:00:00Z,2024-12-04T00:00:00Z,TRUE
0034,2024-12-04,10.016666666666667,24,2024-12-04T01:00:00Z,2024-12-05T00:00:00Z,TRUE
0034,2024-12-05,3.4625000000000004,24,2024-12-05T01:00:00Z,2024-12-06T00:00:00Z,TRUE
0034,2024-12-06,2.7958333333333334,24,2024-12-06T01:00:00Z,2024-12-07T00:00:00Z,TRUE
0034,2024-12-07,6.129166666666666,24,2024-12-07T01:00:00Z,2024-12-08T00:00:00Z,TRUE
0034,2024-12-08,7.4625,24,2024-12-08T01:00:00Z,2024-12-09T00:00:00Z,TRUE
0034,2024-12-09,4.5249999999999995,24,2024-12-09T01:00:00Z,2024-12-10T00:00:00Z,TRUE
0034,2024-12-10,11.049999999999999,24,2024-12-10T01:00:00Z,2024-12-11T00:00:00Z,TRUE
0034,2024-12-11,9.7125,24,2024-12-11T01:00:00Z,2024-12-12T00:00:00Z,TRUE
0034,2024-12-12,5.1625,24,2024-12-12T01:00:00Z,2024-12-13T00:00:00Z,TRUE
0034,2024-12-13,5.408695652173913,24,2024-12-13T01:00:00Z,2024-12-14T00:00:00Z,TRUE
0034,2024-12-14,7.8,24,2024-12-14T01:00:00Z,2024-12-15T00:00:00Z,TRUE
0034,2024-12-15,8.316666666666666,24,2024-12-15T01:00:00Z,2024-12-16T00:00:00Z,TRUE
0034,2024-12-16,4.4875,24,2024-12-16T01:00:00Z,2024-12-17T00:00:00Z,TRUE
0034,2024-12-17,7.3125,24,2024-12-17T01:00:00Z,2024-12-18T00:00:00Z,TRUE
0034,2024-12-18,15.895833333333334,24,2024-12-18T01:00:00Z,2024-12-19T00:00:00Z,TRUE
0034,2024-12-19,5.252173913043478,24,2024-12-19T01:00:00Z,2024-12-20T00:00:00Z,TRUE
0034,2024-12-20,8.6,24,2024-12-20T01:00:00Z,2024-12-21T00:00:00Z,TRUE
0034,2024-12-21,1.8583333333333334,24,2024-12-21T01:00:00Z,2024-12-22T00:00:00Z,TRUE
0034,2024-12-22,3.1875,24,2024-12-22T01:00:00Z,2024-12-23T00:00:00Z,TRUE
0034,2024-12-23,6.095833333333333,24,2024-12-23T01:00:00Z,2024-12-24T00:00:00Z,TRUE
0034,2024-12-24,10.2125,24,2024-12-24T01:00:00Z,2024-12-25T00:00:00Z,TRUE
0034,2024-12-25,12.2625,24,2024-12-25T01:00:00Z,2024-12-26T00:00:00Z,TRUE
0034,2024-12-26,9.429166666666667,24,2024-12-26T01:00:00Z,2024-12-27T00:00:00Z,TRUE
0034,2024-12-27,9.283333333333333,24,2024-12-27T01:00:00Z,2024-12-28T00:00:00Z,TRUE
0034,2024-12-28,4.354166666666667,24,2024-12-28T01:00:00Z,2024-12-29T00:00:00Z,TRUE
0034,2024-12-29,4.645833333333334,24,2024-12-29T01:00:00Z,2024-12-30T00:00:00Z,TRUE
0034,2024-12-30,2.5041666666666664,24,2024-12-30T01:00:00Z,2024-12-31T00:00:00Z,TRUE
0034,2024-12-31,5.445833333333334,24,2024-12-31T01:00:00Z,2025-01-01T00:00:00Z,TRUE
0034,2025-01-01,3.075,24,2025-01-01T01:00:00Z,2025-01-02T00:00:00Z,TRUE
0034,2025-01-02,6.183333333333334,24,2025-01-02T01:00:00Z,2025-01-03T00:00:00Z,TRUE
0034,2025-01-03,5.9125,24,2025-01-03T01:00:00Z,2025-01-04T00:00:00Z,TRUE
0034,2025-01-04,1.9958333333333333,24,2025-01-04T01:00:00Z,2025-01-05T00:00:00Z,TRUE
0034,2025-01-05,6.475,24,2025-01-05T01:00:00Z,2025-01-06T00:00:00Z,TRUE
0034,2025-01-06,5.6000000000000005,24,2025-01-06T01:00:00Z,2025-01-07T00:00:00Z,TRUE
0034,2025-01-07,1.6208333333333333,24,2025-01-07T01:00:00Z,2025-01-08T00:00:00Z,TRUE
0034,2025-01-08,2.5083333333333333,24,2025-01-08T01:00:00Z,2025-01-09T00:00:00Z,TRUE
0034,2025-01-09,3.0416666666666665,24,2025-01-09T01:00:00Z,2025-01-10T00:00:00Z,TRUE
0034,2025-01-10,13.6875,24,2025-01-10T01:00:00Z,2025-01-11T00:00:00Z,TRUE
0034,2025-01-11,17.441666666666666,24,2025-01-11T01:00:00Z,2025-01-12T00:00:00Z,TRUE
0034,2025-01-12,14.558333333333334,24,2025-01-12T01:00:00Z,2025-01-13T00:00:00Z,TRUE
0034,2025-01-13,5.983333333333333,24,2025-01-13T01:00:00Z,2025-01-14T00:00:00Z,TRUE
0034,2025-01-14,5.733333333333333,24,2025-01-14T01:00:00Z,2025-01-15T00:00:00Z,TRUE
0034,2025-01-15,5.826086956521739,24,2025-01-15T01:00:00Z,2025-01-16T00:00:00Z,TRUE
0034,2025-01-16,12.920833333333333,24,2025-01-16T01:00:00Z,2025-01-17T00:00:00Z,TRUE
0034,2025-01-17,15.358333333333334,24,2025-01-17T01:00:00Z,2025-01-18T00:00:00Z,TRUE
0034,2025-01-18,4.504166666666666,24,2025-01-18T01:00:00Z,2025-01-19T00:00:00Z,TRUE
0034,2025-01-19,2.0083333333333333,24,2025-01-19T01:00:00Z,2025-01-20T00:00:00Z,TRUE
0034,2025-01-20,3.3,24,2025-01-20T01:00:00Z,2025-01-21T00:00:00Z,TRUE
0034,2025-01-21,4.791666666666667,24,2025-01-21T01:00:00Z,2025-01-22T00:00:00Z,TRUE
0034,2025-01-22,6.720833333333333,24,2025-01-22T01:00:00Z,2025-01-23T00:00:00Z,TRUE
0034,2025-01-23,8.045833333333333,24,2025-01-23T01:00:00Z,2025-01-24T00:00:00Z,TRUE
0034,2025-01-24,4.683333333333334,24,2025-01-24T01:00:00Z,2025-01-25T00:00:00Z,TRUE
0034,2025-01-25,10.925,24,2025-01-25T01:00:00Z,2025-01-26T00:00:00Z,TRUE
0034,2025-01-26,5.75,24,2025-01-26T01:00:00Z,2025-01-27T00:00:00Z,TRUE
0034,2025-01-27,5.283333333333333,24,2025-01-27T01:00:00Z,2025-01-28T00:00:00Z,TRUE
0034,2025-01-28,4.170833333333333,24,2025-01-28T01:00:00Z,2025-01-29T00:00:00Z,TRUE
0034,2025-01-29,3.8833333333333333,24,2025-01-29T01:00:00Z,2025-01-30T00:00:00Z,TRUE
0034,2025-01-30,4.945833333333333,24,2025-01-30T01:00:00Z,2025-01-31T00:00:00Z,TRUE
0034,2025-01-31,3.9375,24,2025-01-31T01:00:00Z,2025-02-01T00:00:00Z,TRUE
0034,2025-02-01,4.075,24,2025-02-01T01:00:00Z,2025-02-02T00:00:00Z,TRUE
0034,2025-02-02,4.7375,24,2025-02-02T01:00:00Z,2025-02-03T00:00:00Z,TRUE
0034,2025-02-03,11.3875,24,2025-02-03T01:00:00Z,2025-02-04T00:00:00Z,TRUE
0034,2025-02-04,5.769565217391304,24,2025-02-04T01:00:00Z,2025-02-05T00:00:00Z,TRUE
0034,2025-02-05,2.4363636363636365,24,2025-02-05T01:00:00Z,2025-02-06T00:00:00Z,TRUE
0034,2025-02-06,7.370833333333334,24,2025-02-06T01:00:00Z,2025-02-07T00:00:00Z,TRUE
0034,2025-02-07,4.854166666666667,24,2025-02-07T01:00:00Z,2025-02-08T00:00:00Z,TRUE
0034,2025-02-08,9.3,24,2025-02-08T01:00:00Z,2025-02-09T00:00:00Z,TRUE
0034,2025-02-09,7.320833333333333,24,2025-02-09T01:00:00Z,2025-02-10T00:00:00Z,TRUE
0034,2025-02-10,7.825,24,2025-02-10T01:00:00Z,2025-02-11T00:00:00Z,TRUE
0034,2025-02-11,14.429166666666667,24,2025-02-11T01:00:00Z,2025-02-12T00:00:00Z,TRUE
0034,2025-02-12,14.970833333333333,24,2025-02-12T01:00:00Z,2025-02-13T00:00:00Z,TRUE
0034,2025-02-13,6.370833333333334,24,2025-02-13T01:00:00Z,2025-02-14T00:00:00Z,TRUE
0034,2025-02-14,9.083333333333334,24,2025-02-14T01:00:00Z,2025-02-15T00:00:00Z,TRUE
0034,2025-02-15,7.954166666666667,24,2025-02-15T01:00:00Z,2025-02-16T00:00:00Z,TRUE
0034,2025-02-16,5.15,24,2025-02-16T01:00:00Z,2025-02-17T00:00:00Z,TRUE
0034,2025-02-17,3.2,24,2025-02-17T01:00:00Z,2025-02-18T00:00:00Z,TRUE
0034,2025-02-18,3.004166666666667,24,2025-02-18T01:00:00Z,2025-02-19T00:00:00Z,TRUE
0034,2025-02-19,2.8916666666666666,24,2025-02-19T01:00:00Z,2025-02-20T00:00:00Z,TRUE
0034,2025-02-20,4.266666666666667,24,2025-02-20T01:00:00Z,2025-02-21T00:00:00Z,TRUE
0034,2025-02-21,3.0166666666666666,24,2025-02-21T01:00:00Z,2025-02-22T00:00:00Z,TRUE
0034,2025-02-22,12.137500000000001,24,2025-02-22T01:00:00Z,2025-02-23T00:00:00Z,TRUE
0034,2025-02-23,11.9875,24,2025-02-23T01:00:00Z,2025-02-24T00:00:00Z,TRUE
0034,2025-02-24,11.847826086956522,24,2025-02-24T01:00:00Z,2025-02-25T00:00:00Z,TRUE
0034,2025-02-25,8.258333333333333,24,2025-02-25T01:00:00Z,2025-02-26T00:00:00Z,TRUE
0034,2025-02-26,12.829166666666667,24,2025-02-26T01:00:00Z,2025-02-27T00:00:00Z,TRUE
0034,2025-02-27,11.858333333333333,24,2025-02-27T01:00:00Z,2025-02-28T00:00:00Z,TRUE
0034,2025-02-28,5.758333333333334,24,2025-02-28T01:00:00Z,2025-03-01T00:00:00Z,TRUE
0034,2025-03-01,2.3291666666666666,24,2025-03-01T01:00:00Z,2025-03-02T00:00:00Z,TRUE
0034,2025-03-02,3.0083333333333333,24,2025-03-02T01:00:00Z,2025-03-03T00:00:00Z,TRUE
0034,2025-03-03,7.208333333333333,24,2025-03-03T01:00:00Z,2025-03-04T00:00:00Z,TRUE
0034,2025-03-04,6.625,24,2025-03-04T01:00:00Z,2025-03-05T00:00:00Z,TRUE
0034,2025-03-05,4.858333333333333,24,2025-03-05T01:00:00Z,2025-03-06T00:00:00Z,TRUE
0034,2025-03-06,2.0458333333333334,24,2025-03-06T01:00:00Z,2025-03-07T00:00:00Z,TRUE
0034,2025-03-07,5.291666666666667,24,2025-03-07T01:00:00Z,2025-03-08T00:00:00Z,TRUE
0034,2025-03-08,3.8333333333333335,24,2025-03-08T01:00:00Z,2025-03-09T00:00:00Z,TRUE
0034,2025-03-09,4.821739130434783,23,2025-03-09T01:00:00Z,2025-03-10T00:00:00Z,TRUE
0034,2025-03-10,5.354166666666667,24,2025-03-10T01:00:00Z,2025-03-11T00:00:00Z,TRUE
0034,2025-03-11,6.033333333333333,24,2025-03-11T01:00:00Z,2025-03-12T00:00:00Z,TRUE
0034,2025-03-12,3.283333333333333,24,2025-03-12T01:00:00Z,2025-03-13T00:00:00Z,TRUE
0034,2025-03-13,6.366666666666666,24,2025-03-13T01:00:00Z,2025-03-14T00:00:00Z,TRUE
0034,2025-03-14,12.016666666666666,24,2025-03-14T01:00:00Z,2025-03-15T00:00:00Z,TRUE
0034,2025-03-15,11.625,24,2025-03-15T01:00:00Z,2025-03-16T00:00:00Z,TRUE
0034,2025-03-16,4.65,24,2025-03-16T01:00:00Z,2025-03-17T00:00:00Z,TRUE
0034,2025-03-17,2.6791666666666667,24,2025-03-17T01:00:00Z,2025-03-18T00:00:00Z,TRUE
0034,2025-03-18,5.408333333333333,24,2025-03-18T01:00:00Z,2025-03-19T00:00:00Z,TRUE
0034,2025-03-19,6.754166666666666,24,2025-03-19T01:00:00Z,2025-03-20T00:00:00Z,TRUE
0034,2025-03-20,5.2125,24,2025-03-20T01:00:00Z,2025-03-21T00:00:00Z,TRUE
0034,2025-03-21,3.2916666666666665,24,2025-03-21T01:00:00Z,2025-03-22T00:00:00Z,TRUE
0034,2025-03-22,3.495833333333333,24,2025-03-22T01:00:00Z,2025-03-23T00:00:00Z,TRUE
0034,2025-03-23,4.1125,24,2025-03-23T01:00:00Z,2025-03-24T00:00:00Z,TRUE
0034,2025-03-24,5.047826086956522,24,2025-03-24T01:00:00Z,2025-03-25T00:00:00Z,TRUE
0034,2025-03-25,5.116666666666667,24,2025-03-25T01:00:00Z,2025-03-26T00:00:00Z,TRUE
0034,2025-03-26,3.4458333333333333,24,2025-03-26T01:00:00Z,2025-03-27T00:00:00Z,TRUE
0034,2025-03-27,6.416666666666667,24,2025-03-27T01:00:00Z,2025-03-28T00:00:00Z,TRUE
0034,2025-03-28,8.95,24,2025-03-28T01:00:00Z,2025-03-29T00:00:00Z,TRUE
0034,2025-03-29,12.833333333333334,24,2025-03-29T01:00:00Z,2025-03-30T00:00:00Z,TRUE
0034,2025-03-30,8.4375,24,2025-03-30T01:00:00Z,2025-03-31T00:00:00Z,TRUE
0034,2025-03-31,2.8541666666666665,24,2025-03-31T01:00:00Z,2025-04-01T00:00:00Z,TRUE
0034,2025-04-01,3.1625,24,2025-04-01T01:00:00Z,2025-04-02T00:00:00Z,TRUE
0034,2025-04-02,4.420833333333333,24,2025-04-02T01:00:00Z,2025-04-03T00:00:00Z,TRUE
0034,2025-04-03,3.683333333333333,24,2025-04-03T01:00:00Z,2025-04-04T00:00:00Z,TRUE
0034,2025-04-04,2.9875000000000003,24,2025-04-04T01:00:00Z,2025-04-05T00:00:00Z,TRUE
0034,2025-04-05,3.316666666666667,24,2025-04-05T01:00:00Z,2025-04-06T00:00:00Z,TRUE
0034,2025-04-06,3.716666666666667,24,2025-04-06T01:00:00Z,2025-04-07T00:00:00Z,TRUE
0034,2025-04-07,4.529166666666667,24,2025-04-07T01:00:00Z,2025-04-08T00:00:00Z,TRUE
0034,2025-04-08,2.8541666666666665,24,2025-04-08T01:00:00Z,2025-04-09T00:00:00Z,TRUE
0034,2025-04-09,5.343478260869565,24,2025-04-09T01:00:00Z,2025-04-10T00:00:00Z,TRUE
0034,2025-04-10,6.775,24,2025-04-10T01:00:00Z,2025-04-11T00:00:00Z,TRUE
0034,2025-04-11,7.891666666666667,24,2025-04-11T01:00:00Z,2025-04-12T00:00:00Z,TRUE
0034,2025-04-12,6.15,24,2025-04-12T01:00:00Z,2025-04-13T00:00:00Z,TRUE
0034,2025-04-13,6.808333333333334,24,2025-04-13T01:00:00Z,2025-04-14T00:00:00Z,TRUE
0034,2025-04-14,6.304166666666667,24,2025-04-14T01:00:00Z,2025-04-15T00:00:00Z,TRUE
0034,2025-04-15,3.125,24,2025-04-15T01:00:00Z,2025-04-16T00:00:00Z,TRUE
0034,2025-04-16,3.370833333333333,24,2025-04-16T01:00:00Z,2025-04-17T00:00:00Z,TRUE
0034,2025-04-17,7.433333333333334,24,2025-04-17T01:00:00Z,2025-04-18T00:00:00Z,TRUE
0034,2025-04-18,8.208333333333334,24,2025-04-18T01:00:00Z,2025-04-19T00:00:00Z,TRUE
0034,2025-04-19,8.979166666666666,24,2025-04-19T01:00:00Z,2025-04-20T00:00:00Z,TRUE
0034,2025-04-20,3.0708333333333333,24,2025-04-20T01:00:00Z,2025-04-21T00:00:00Z,TRUE
0034,2025-04-21,5.8625,24,2025-04-21T01:00:00Z,2025-04-22T00:00:00Z,TRUE
0034,2025-04-22,2.225,24,2025-04-22T01:00:00Z,2025-04-23T00:00:00Z,TRUE
0034,2025-04-23,5.078260869565217,24,2025-04-23T01:00:00Z,2025-04-24T00:00:00Z,TRUE
0034,2025-04-24,6.647826086956521,24,2025-04-24T01:00:00Z,2025-04-25T00:00:00Z,TRUE
0034,2025-04-25,5,24,2025-04-25T01:00:00Z,2025-04-26T00:00:00Z,TRUE
0034,2025-04-26,4.341666666666667,24,2025-04-26T01:00:00Z,2025-04-27T00:00:00Z,TRUE
0034,2025-04-27,4.104166666666667,24,2025-04-27T01:00:00Z,2025-04-28T00:00:00Z,TRUE
0034,2025-04-28,3.8333333333333335,24,2025-04-28T01:00:00Z,2025-04-29T00:00:00Z,TRUE
0034,2025-04-29,7.929166666666666,24,2025-04-29T01:00:00Z,2025-04-30T00:00:00Z,TRUE
0034,2025-04-30,1.9583333333333333,24,2025-04-30T01:00:00Z,2025-05-01T00:00:00Z,TRUE
0034,2025-05-01,5.104166666666666,24,2025-05-01T01:00:00Z,2025-05-02T00:00:00Z,TRUE
0034,2025-05-02,4.9125,24,2025-05-02T01:00:00Z,2025-05-03T00:00:00Z,TRUE
0034,2025-05-03,3.7958333333333334,24,2025-05-03T01:00:00Z,2025-05-04T00:00:00Z,TRUE
0034,2025-05-04,2.8000000000000003,24,2025-05-04T01:00:00Z,2025-05-05T00:00:00Z,TRUE
0034,2025-05-05,4.866666666666667,24,2025-05-05T01:00:00Z,2025-05-06T00:00:00Z,TRUE
0034,2025-05-06,2.979166666666667,24,2025-05-06T01:00:00Z,2025-05-07T00:00:00Z,TRUE
0034,2025-05-07,5.55,24,2025-05-07T01:00:00Z,2025-05-08T00:00:00Z,TRUE
0034,2025-05-08,4.7875,24,2025-05-08T01:00:00Z,2025-05-09T00:00:00Z,TRUE
0034,2025-05-09,4.391666666666667,24,2025-05-09T01:00:00Z,2025-05-10T00:00:00Z,TRUE
0034,2025-05-10,4.904166666666667,24,2025-05-10T01:00:00Z,2025-05-11T00:00:00Z,TRUE
0034,2025-05-11,4.458333333333333,24,2025-05-11T01:00:00Z,2025-05-12T00:00:00Z,TRUE
0034,2025-05-12,6.6125,24,2025-05-12T01:00:00Z,2025-05-13T00:00:00Z,TRUE
0034,2025-05-13,2.779166666666667,24,2025-05-13T01:00:00Z,2025-05-14T00:00:00Z,TRUE
0034,2025-05-14,2.475,24,2025-05-14T01:00:00Z,2025-05-15T00:00:00Z,TRUE
0034,2025-05-15,5.366666666666667,24,2025-05-15T01:00:00Z,2025-05-16T00:00:00Z,TRUE
0034,2025-05-16,7.704166666666667,24,2025-05-16T01:00:00Z,2025-05-17T00:00:00Z,TRUE
0034,2025-05-17,4.5125,24,2025-05-17T01:00:00Z,2025-05-18T00:00:00Z,TRUE
0034,2025-05-18,4.416666666666667,24,2025-05-18T01:00:00Z,2025-05-19T00:00:00Z,TRUE
0034,2025-05-19,2.973913043478261,24,2025-05-19T01:00:00Z,2025-05-20T00:00:00Z,TRUE
0034,2025-05-20,3.529166666666667,24,2025-05-20T01:00:00Z,2025-05-21T00:00:00Z,TRUE
0034,2025-05-21,4.5249999999999995,24,2025-05-21T01:00:00Z,2025-05-22T00:00:00Z,TRUE
0034,2025-05-22,1.6875,24,2025-05-22T01:00:00Z,2025-05-23T00:00:00Z,TRUE
0034,2025-05-23,1.2333333333333334,24,2025-05-23T01:00:00Z,2025-05-24T00:00:00Z,TRUE
0034,2025-05-24,1.4083333333333334,24,2025-05-24T01:00:00Z,2025-05-25T00:00:00Z,TRUE
0034,2025-05-25,4.570833333333333,24,2025-05-25T01:00:00Z,2025-05-26T00:00:00Z,TRUE
0034,2025-05-26,5.579166666666667,24,2025-05-26T01:00:00Z,2025-05-27T00:00:00Z,TRUE
0034,2025-05-27,4.070833333333334,24,2025-05-27T01:00:00Z,2025-05-28T00:00:00Z,TRUE
0034,2025-05-28,1.7833333333333332,24,2025-05-28T01:00:00Z,2025-05-29T00:00:00Z,TRUE
0034,2025-05-29,6.370833333333334,24,2025-05-29T01:00:00Z,2025-05-30T00:00:00Z,TRUE
0034,2025-05-30,7.175,24,2025-05-30T01:00:00Z,2025-05-31T00:00:00Z,TRUE
0034,2025-05-31,4.875,24,2025-05-31T01:00:00Z,2025-06-01T00:00:00Z,TRUE
0034,2025-06-01,4.633333333333334,24,2025-06-01T01:00:00Z,2025-06-02T00:00:00Z,TRUE
0034,2025-06-02,4.395833333333333,24,2025-06-02T01:00:00Z,2025-06-03T00:00:00Z,TRUE
0034,2025-06-03,7.791666666666667,24,2025-06-03T01:00:00Z,2025-06-04T00:00:00Z,TRUE
0034,2025-06-04,22.02916666666667,24,2025-06-04T01:00:00Z,2025-06-05T00:00:00Z,TRUE
0034,2025-06-05,15.116666666666667,24,2025-06-05T01:00:00Z,2025-06-06T00:00:00Z,TRUE
0034,2025-06-06,21.529166666666665,24,2025-06-06T01:00:00Z,2025-06-07T00:00:00Z,TRUE
0034,2025-06-07,28.4,24,2025-06-07T01:00:00Z,2025-06-08T00:00:00Z,TRUE
0034,2025-06-08,25.6,24,2025-06-08T01:00:00Z,2025-06-09T00:00:00Z,TRUE
0034,2025-06-09,10.329166666666666,24,2025-06-09T01:00:00Z,2025-06-10T00:00:00Z,TRUE
0034,2025-06-10,8.995833333333334,24,2025-06-10T01:00:00Z,2025-06-11T00:00:00Z,TRUE
0034,2025-06-11,14.5125,24,2025-06-11T01:00:00Z,2025-06-12T00:00:00Z,TRUE
0034,2025-06-12,19.533333333333335,24,2025-06-12T01:00:00Z,2025-06-13T00:00:00Z,TRUE
0034,2025-06-13,15.579166666666667,24,2025-06-13T01:00:00Z,2025-06-14T00:00:00Z,TRUE
0034,2025-06-14,6.045833333333333,24,2025-06-14T01:00:00Z,2025-06-15T00:00:00Z,TRUE
0034,2025-06-15,8.529166666666667,24,2025-06-15T01:00:00Z,2025-06-16T00:00:00Z,TRUE
0034,2025-06-16,6.821739130434783,24,2025-06-16T01:00:00Z,2025-06-17T00:00:00Z,TRUE
0034,2025-06-17,7.1625,24,2025-06-17T01:00:00Z,2025-06-18T00:00:00Z,TRUE
0034,2025-06-18,6.0375,24,2025-06-18T01:00:00Z,2025-06-19T00:00:00Z,TRUE
0034,2025-06-19,4.0375,24,2025-06-19T01:00:00Z,2025-06-20T00:00:00Z,TRUE
0034,2025-06-20,6.4875,24,2025-06-20T01:00:00Z,2025-06-21T00:00:00Z,TRUE
0034,2025-06-21,8.7125,24,2025-06-21T01:00:00Z,2025-06-22T00:00:00Z,TRUE
0034,2025-06-22,11.341666666666667,24,2025-06-22T01:00:00Z,2025-06-23T00:00:00Z,TRUE
0034,2025-06-23,14.700000000000001,24,2025-06-23T01:00:00Z,2025-06-24T00:00:00Z,TRUE
0034,2025-06-24,14.575,24,2025-06-24T01:00:00Z,2025-06-25T00:00:00Z,TRUE
0034,2025-06-25,9.516666666666667,24,2025-06-25T01:00:00Z,2025-06-26T00:00:00Z,TRUE
0034,2025-06-26,9.791666666666666,24,2025-06-26T01:00:00Z,2025-06-27T00:00:00Z,TRUE
0034,2025-06-27,9.633333333333333,24,2025-06-27T01:00:00Z,2025-06-28T00:00:00Z,TRUE
0034,2025-06-28,7.4875,24,2025-06-28T01:00:00Z,2025-06-29T00:00:00Z,TRUE
0034,2025-06-29,5.966666666666667,24,2025-06-29T01:00:00Z,2025-06-30T00:00:00Z,TRUE
0034,2025-06-30,7.145833333333333,24,2025-06-30T01:00:00Z,2025-07-01T00:00:00Z,TRUE
0034,2025-07-01,6.075,24,2025-07-01T01:00:00Z,2025-07-02T00:00:00Z,TRUE
0034,2025-07-02,7.5,24,2025-07-02T01:00:00Z,2025-07-03T00:00:00Z,TRUE
0034,2025-07-03,16.854166666666668,24,2025-07-03T01:00:00Z,2025-07-04T00:00:00Z,TRUE
0034,2025-07-04,16.125,24,2025-07-04T01:00:00Z,2025-07-05T00:00:00Z,TRUE
0034,2025-07-05,19.370833333333334,24,2025-07-05T01:00:00Z,2025-07-06T00:00:00Z,TRUE
0034,2025-07-06,12.2875,24,2025-07-06T01:00:00Z,2025-07-07T00:00:00Z,TRUE
0034,2025-07-07,7.75,24,2025-07-07T01:00:00Z,2025-07-08T00:00:00Z,TRUE
0034,2025-07-08,10.258333333333333,24,2025-07-08T01:00:00Z,2025-07-09T00:00:00Z,TRUE
0034,2025-07-09,16.891666666666666,24,2025-07-09T01:00:00Z,2025-07-10T00:00:00Z,TRUE
0034,2025-07-10,12.745833333333334,24,2025-07-10T01:00:00Z,2025-07-11T00:00:00Z,TRUE
0034,2025-07-11,10.554166666666667,24,2025-07-11T01:00:00Z,2025-07-12T00:00:00Z,TRUE
0034,2025-07-12,9.65,24,2025-07-12T01:00:00Z,2025-07-13T00:00:00Z,TRUE
0034,2025-07-13,6.891666666666667,24,2025-07-13T01:00:00Z,2025-07-14T00:00:00Z,TRUE
0034,2025-07-14,16.72083333333333,24,2025-07-14T01:00:00Z,2025-07-15T00:00:00Z,TRUE
0034,2025-07-15,27.866666666666667,24,2025-07-15T01:00:00Z,2025-07-16T00:00:00Z,TRUE
0034,2025-07-16,18.8,24,2025-07-16T01:00:00Z,2025-07-17T00:00:00Z,TRUE
0034,2025-07-17,4.7,24,2025-07-17T01:00:00Z,2025-07-18T00:00:00Z,TRUE
0034,2025-07-18,2.2333333333333334,24,2025-07-18T01:00:00Z,2025-07-19T00:00:00Z,TRUE
0034,2025-07-19,3.7666666666666666,24,2025-07-19T01:00:00Z,2025-07-20T00:00:00Z,TRUE
0034,2025-07-20,5.266666666666667,24,2025-07-20T01:00:00Z,2025-07-21T00:00:00Z,TRUE
0034,2025-07-21,16.708333333333332,24,2025-07-21T01:00:00Z,2025-07-22T00:00:00Z,TRUE
0034,2025-07-22,4.108333333333333,24,2025-07-22T01:00:00Z,2025-07-23T00:00:00Z,TRUE
0034,2025-07-23,4.65,24,2025-07-23T01:00:00Z,2025-07-24T00:00:00Z,TRUE
0034,2025-07-24,14.416666666666666,24,2025-07-24T01:00:00Z,2025-07-25T00:00:00Z,TRUE
0034,2025-07-25,6.304166666666666,24,2025-07-25T01:00:00Z,2025-07-26T00:00:00Z,TRUE
0034,2025-07-26,7.395833333333333,24,2025-07-26T01:00:00Z,2025-07-27T00:00:00Z,TRUE
0034,2025-07-27,5.870833333333334,24,2025-07-27T01:00:00Z,2025-07-28T00:00:00Z,TRUE
0034,2025-07-28,8.545833333333334,24,2025-07-28T01:00:00Z,2025-07-29T00:00:00Z,TRUE
0034,2025-07-29,5.7375,24,2025-07-29T01:00:00Z,2025-07-30T00:00:00Z,TRUE
0034,2025-07-30,9.491666666666667,24,2025-07-30T01:00:00Z,2025-07-31T00:00:00Z,TRUE
0034,2025-07-31,25.09166666666667,24,2025-07-31T01:00:00Z,2025-08-01T00:00:00Z,TRUE
0034,2025-08-01,14.325,24,2025-08-01T01:00:00Z,2025-08-02T00:00:00Z,TRUE
0034,2025-08-02,5.804166666666666,24,2025-08-02T01:00:00Z,2025-08-03T00:00:00Z,TRUE
0034,2025-08-03,12.154166666666667,24,2025-08-03T01:00:00Z,2025-08-04T00:00:00Z,TRUE
0034,2025-08-04,32.829166666666666,24,2025-08-04T01:00:00Z,2025-08-05T00:00:00Z,TRUE
0034,2025-08-05,25.68333333333333,24,2025-08-05T01:00:00Z,2025-08-06T00:00:00Z,TRUE
0034,2025-08-06,21.666666666666668,24,2025-08-06T01:00:00Z,2025-08-07T00:00:00Z,TRUE
0034,2025-08-07,15.175,24,2025-08-07T01:00:00Z,2025-08-08T00:00:00Z,TRUE
0034,2025-08-08,12.320833333333333,24,2025-08-08T01:00:00Z,2025-08-09T00:00:00Z,TRUE
0034,2025-08-09,16.870833333333334,24,2025-08-09T01:00:00Z,2025-08-10T00:00:00Z,TRUE
0034,2025-08-10,18.34583333333333,24,2025-08-10T01:00:00Z,2025-08-11T00:00:00Z,TRUE
0034,2025-08-11,15.204166666666666,24,2025-08-11T01:00:00Z,2025-08-12T00:00:00Z,TRUE
0034,2025-08-12,12.366666666666667,24,2025-08-12T01:00:00Z,2025-08-13T00:00:00Z,TRUE
0034,2025-08-13,5.766666666666667,24,2025-08-13T01:00:00Z,2025-08-14T00:00:00Z,TRUE
0034,2025-08-14,14.195652173913043,24,2025-08-14T01:00:00Z,2025-08-15T00:00:00Z,TRUE
0034,2025-08-15,22.129166666666666,24,2025-08-15T01:00:00Z,2025-08-16T00:00:00Z,TRUE
0034,2025-08-16,16.325,24,2025-08-16T01:00:00Z,2025-08-17T00:00:00Z,TRUE
0034,2025-08-17,9.512500000000001,24,2025-08-17T01:00:00Z,2025-08-18T00:00:00Z,TRUE
0034,2025-08-18,3.104166666666667,24,2025-08-18T01:00:00Z,2025-08-19T00:00:00Z,TRUE
0034,2025-08-19,5.091666666666667,24,2025-08-19T01:00:00Z,2025-08-20T00:00:00Z,TRUE
0034,2025-08-20,4.383333333333334,24,2025-08-20T01:00:00Z,2025-08-21T00:00:00Z,TRUE
0034,2025-08-21,1.4166666666666667,24,2025-08-21T01:00:00Z,2025-08-22T00:00:00Z,TRUE
0034,2025-08-22,2.85,24,2025-08-22T01:00:00Z,2025-08-23T00:00:00Z,TRUE
0034,2025-08-23,5.504166666666666,24,2025-08-23T01:00:00Z,2025-08-24T00:00:00Z,TRUE
0034,2025-08-24,4.395833333333333,24,2025-08-24T01:00:00Z,2025-08-25T00:00:00Z,TRUE
0034,2025-08-25,2.1041666666666665,24,2025-08-25T01:00:00Z,2025-08-26T00:00:00Z,TRUE
0034,2025-08-26,3.129166666666667,24,2025-08-26T01:00:00Z,2025-08-27T00:00:00Z,TRUE
0034,2025-08-27,3.8583333333333334,24,2025-08-27T01:00:00Z,2025-08-28T00:00:00Z,TRUE
0034,2025-08-28,4.783333333333333,24,2025-08-28T01:00:00Z,2025-08-29T00:00:00Z,TRUE
0034,2025-08-29,2.3083333333333336,24,2025-08-29T01:00:00Z,2025-08-30T00:00:00Z,TRUE
0034,2025-08-30,2.404166666666667,24,2025-08-30T01:00:00Z,2025-08-31T00:00:00Z,TRUE
0034,2025-08-31,4.058333333333334,24,2025-08-31T01:00:00Z,2025-09-01T00:00:00Z,TRUE
0034,2025-09-01,4.920833333333333,24,2025-09-01T01:00:00Z,2025-09-02T00:00:00Z,TRUE
0034,2025-09-02,4.341666666666667,24,2025-09-02T01:00:00Z,2025-09-03T00:00:00Z,TRUE
0034,2025-09-03,5.479166666666667,24,2025-09-03T01:00:00Z,2025-09-04T00:00:00Z,TRUE
0034,2025-09-04,4.991666666666666,24,2025-09-04T01:00:00Z,2025-09-05T00:00:00Z,TRUE
0034,2025-09-05,9.908333333333333,24,2025-09-05T01:00:00Z,2025-09-06T00:00:00Z,TRUE
0034,2025-09-06,4.1125,24,2025-09-06T01:00:00Z,2025-09-07T00:00:00Z,TRUE
0034,2025-09-07,3.2416666666666667,24,2025-09-07T01:00:00Z,2025-09-08T00:00:00Z,TRUE
0034,2025-09-08,3.3173913043478263,24,2025-09-08T01:00:00Z,2025-09-09T00:00:00Z,TRUE
0034,2025-09-09,3.533333333333333,24,2025-09-09T01:00:00Z,2025-09-10T00:00:00Z,TRUE
0034,2025-09-10,4.7,24,2025-09-10T01:00:00Z,2025-09-11T00:00:00Z,TRUE
0034,2025-09-11,6.418181818181818,24,2025-09-11T01:00:00Z,2025-09-12T00:00:00Z,TRUE
0034,2025-09-12,8.683333333333334,24,2025-09-12T01:00:00Z,2025-09-13T00:00:00Z,TRUE
0034,2025-09-13,8.745833333333334,24,2025-09-13T01:00:00Z,2025-09-14T00:00:00Z,TRUE
0034,2025-09-14,10.220833333333333,24,2025-09-14T01:00:00Z,2025-09-15T00:00:00Z,TRUE
0034,2025-09-15,8.204166666666667,24,2025-09-15T01:00:00Z,2025-09-16T00:00:00Z,TRUE
0034,2025-09-16,9.391666666666667,24,2025-09-16T01:00:00Z,2025-09-17T00:00:00Z,TRUE
0034,2025-09-17,10.625,24,2025-09-17T01:00:00Z,2025-09-18T00:00:00Z,TRUE
0034,2025-09-18,9.991666666666667,24,2025-09-18T01:00:00Z,2025-09-19T00:00:00Z,TRUE
0034,2025-09-19,8.7625,24,2025-09-19T01:00:00Z,2025-09-20T00:00:00Z,TRUE
0034,2025-09-20,3.9125,24,2025-09-20T01:00:00Z,2025-09-21T00:00:00Z,TRUE
0034,2025-09-21,7.670833333333333,24,2025-09-21T01:00:00Z,2025-09-22T00:00:00Z,TRUE
0034,2025-09-22,8.0125,24,2025-09-22T01:00:00Z,2025-09-23T00:00:00Z,TRUE
0034,2025-09-23,3.370833333333333,24,2025-09-23T01:00:00Z,2025-09-24T00:00:00Z,TRUE
0034,2025-09-24,4.929166666666666,24,2025-09-24T01:00:00Z,2025-09-25T00:00:00Z,TRUE
0034,2025-09-25,6.525,24,2025-09-25T01:00:00Z,2025-09-26T00:00:00Z,TRUE
0034,2025-09-26,9.825,24,2025-09-26T01:00:00Z,2025-09-27T00:00:00Z,TRUE
0034,2025-09-27,6.941666666666666,24,2025-09-27T01:00:00Z,2025-09-28T00:00:00Z,TRUE
0034,2025-09-28,9.233333333333333,24,2025-09-28T01:00:00Z,2025-09-29T00:00:00Z,TRUE
0034,2025-09-29,6.55,24,2025-09-29T01:00:00Z,2025-09-30T00:00:00Z,TRUE
0034,2025-09-30,5.545833333333333,24,2025-09-30T01:00:00Z,2025-10-01T00:00:00Z,TRUE
0034,2025-10-01,3.5458333333333334,24,2025-10-01T01:00:00Z,2025-10-02T00:00:00Z,TRUE
0034,2025-10-02,3.3130434782608695,24,2025-10-02T01:00:00Z,2025-10-03T00:00:00Z,TRUE
0034,2025-10-03,7.7124999999999995,24,2025-10-03T01:00:00Z,2025-10-04T00:00:00Z,TRUE
0034,2025-10-04,10.583333333333334,24,2025-10-04T01:00:00Z,2025-10-05T00:00:00Z,TRUE
0034,2025-10-05,8.425,24,2025-10-05T01:00:00Z,2025-10-06T00:00:00Z,TRUE
0034,2025-10-06,5.316666666666666,24,2025-10-06T01:00:00Z,2025-10-07T00:00:00Z,TRUE
0034,2025-10-07,2.9583333333333335,24,2025-10-07T01:00:00Z,2025-10-08T00:00:00Z,TRUE
0034,2025-10-08,2.0208333333333335,24,2025-10-08T01:00:00Z,2025-10-09T00:00:00Z,TRUE
0034,2025-10-09,2.158333333333333,24,2025-10-09T01:00:00Z,2025-10-10T00:00:00Z,TRUE
0034,2025-10-10,3.5541666666666667,24,2025-10-10T01:00:00Z,2025-10-11T00:00:00Z,TRUE
0034,2025-10-11,3.35,24,2025-10-11T01:00:00Z,2025-10-12T00:00:00Z,TRUE
0034,2025-10-12,4.083333333333333,24,2025-10-12T01:00:00Z,2025-10-13T00:00:00Z,TRUE
0034,2025-10-13,3.1625,24,2025-10-13T01:00:00Z,2025-10-14T00:00:00Z,TRUE
0034,2025-10-14,3.2625,24,2025-10-14T01:00:00Z,2025-10-15T00:00:00Z,TRUE
0034,2025-10-15,1.8833333333333333,24,2025-10-15T01:00:00Z,2025-10-16T00:00:00Z,TRUE
0034,2025-10-16,1.6625,24,2025-10-16T01:00:00Z,2025-10-17T00:00:00Z,TRUE
0034,2025-10-17,3.504166666666667,24,2025-10-17T01:00:00Z,2025-10-18T00:00:00Z,TRUE
0034,2025-10-18,7.2625,24,2025-10-18T01:00:00Z,2025-10-19T00:00:00Z,TRUE
0034,2025-10-19,8.0625,24,2025-10-19T01:00:00Z,2025-10-20T00:00:00Z,TRUE
0034,2025-10-20,2.6083333333333334,24,2025-10-20T01:00:00Z,2025-10-21T00:00:00Z,TRUE
0034,2025-10-21,3.3625,24,2025-10-21T01:00:00Z,2025-10-22T00:00:00Z,TRUE
0034,2025-10-22,2.9541666666666666,24,2025-10-22T01:00:00Z,2025-10-23T00:00:00Z,TRUE
0034,2025-10-23,2.345833333333333,24,2025-10-23T01:00:00Z,2025-10-24T00:00:00Z,TRUE
0034,2025-10-24,2.2958333333333334,24,2025-10-24T01:00:00Z,2025-10-25T00:00:00Z,TRUE
0034,2025-10-25,3.4958333333333336,24,2025-10-25T01:00:00Z,2025-10-26T00:00:00Z,TRUE
0034,2025-10-26,3.0625,24,2025-10-26T01:00:00Z,2025-10-27T00:00:00Z,TRUE
0034,2025-10-27,2.8,24,2025-10-27T01:00:00Z,2025-10-28T00:00:00Z,TRUE
0034,2025-10-28,2.9043478260869566,24,2025-10-28T01:00:00Z,2025-10-29T00:00:00Z,TRUE
0034,2025-10-29,3.4541666666666666,24,2025-10-29T01:00:00Z,2025-10-30T00:00:00Z,TRUE
0034,2025-10-30,1.6166666666666667,24,2025-10-30T01:00:00Z,2025-10-31T00:00:00Z,TRUE
0034,2025-10-31,2.9458333333333333,24,2025-10-31T01:00:00Z,2025-11-01T00:00:00Z,TRUE
0034,2025-11-01,7.775,24,2025-11-01T01:00:00Z,2025-11-02T00:00:00Z,TRUE
0034,2025-11-02,11.6,23,2025-11-02T01:00:00Z,2025-11-03T00:00:00Z,TRUE
0034,2025-11-03,7.9625,24,2025-11-03T01:00:00Z,2025-11-04T00:00:00Z,TRUE
0034,2025-11-04,3.1958333333333333,24,2025-11-04T01:00:00Z,2025-11-05T00:00:00Z,TRUE
0034,2025-11-05,5.5249999999999995,24,2025-11-05T01:00:00Z,2025-11-06T00:00:00Z,TRUE
0034,2025-11-06,2.004166666666667,24,2025-11-06T01:00:00Z,2025-11-07T00:00:00Z,TRUE
0034,2025-11-07,5.8,24,2025-11-07T01:00:00Z,2025-11-08T00:00:00Z,TRUE
0034,2025-11-08,4.954166666666667,24,2025-11-08T01:00:00Z,2025-11-09T00:00:00Z,TRUE
0034,2025-11-09,3.341666666666667,24,2025-11-09T01:00:00Z,2025-11-10T00:00:00Z,TRUE
0034,2025-11-10,1.125,24,2025-11-10T01:00:00Z,2025-11-11T00:00:00Z,TRUE
0034,2025-11-11,3.3916666666666666,24,2025-11-11T01:00:00Z,2025-11-12T00:00:00Z,TRUE
0034,2025-11-12,5.304166666666666,24,2025-11-12T01:00:00Z,2025-11-13T00:00:00Z,TRUE
0034,2025-11-13,3.3291666666666666,24,2025-11-13T01:00:00Z,2025-11-14T00:00:00Z,TRUE
0034,2025-11-14,6.508333333333334,24,2025-11-14T01:00:00Z,2025-11-15T00:00:00Z,TRUE
0034,2025-11-15,12.2125,24,2025-11-15T01:00:00Z,2025-11-16T00:00:00Z,TRUE
0034,2025-11-16,3.6,24,2025-11-16T01:00:00Z,2025-11-17T00:00:00Z,TRUE
0034,2025-11-17,1.8791666666666667,24,2025-11-17T01:00:00Z,2025-11-18T00:00:00Z,TRUE
0034,2025-11-18,6.979166666666667,24,2025-11-18T01:00:00Z,2025-11-19T00:00:00Z,TRUE
0034,2025-11-19,12.245833333333334,24,2025-11-19T01:00:00Z,2025-11-20T00:00:00Z,TRUE
0034,2025-11-20,13.377272727272727,24,2025-11-20T01:00:00Z,2025-11-21T00:00:00Z,TRUE
0034,2025-11-21,12.179166666666667,24,2025-11-21T01:00:00Z,2025-11-22T00:00:00Z,TRUE
0034,2025-11-22,6.729166666666667,24,2025-11-22T01:00:00Z,2025-11-23T00:00:00Z,TRUE
0034,2025-11-23,8.295833333333334,24,2025-11-23T01:00:00Z,2025-11-24T00:00:00Z,TRUE
0034,2025-11-24,4.25,24,2025-11-24T01:00:00Z,2025-11-25T00:00:00Z,TRUE
0034,2025-11-25,4.220833333333333,24,2025-11-25T01:00:00Z,2025-11-26T00:00:00Z,TRUE
0034,2025-11-26,3.791666666666667,24,2025-11-26T01:00:00Z,2025-11-27T00:00:00Z,TRUE
0034,2025-11-27,2.6791666666666667,24,2025-11-27T01:00:00Z,2025-11-28T00:00:00Z,TRUE
0034,2025-11-28,1.4125,24,2025-11-28T01:00:00Z,2025-11-29T00:00:00Z,TRUE
0034,2025-11-29,4.324999999999999,24,2025-11-29T01:00:00Z,2025-11-30T00:00:00Z,TRUE
0034,2025-11-30,5.316666666666666,24,2025-11-30T01:00:00Z,2025-12-01T00:00:00Z,TRUE
0034,2025-12-01,3.3541666666666665,24,2025-12-01T01:00:00Z,2025-12-02T00:00:00Z,TRUE
0034,2025-12-02,6.595833333333333,24,2025-12-02T01:00:00Z,2025-12-03T00:00:00Z,TRUE
0034,2025-12-03,12.05,24,2025-12-03T01:00:00Z,2025-12-04T00:00:00Z,TRUE
0034,2025-12-04,8.266666666666666,24,2025-12-04T01:00:00Z,2025-12-05T00:00:00Z,TRUE
0034,2025-12-05,7.626315789473684,24,2025-12-05T01:00:00Z,2025-12-06T00:00:00Z,TRUE
0034,2025-12-06,18.808333333333334,24,2025-12-06T01:00:00Z,2025-12-07T00:00:00Z,TRUE
0034,2025-12-07,15.054166666666667,24,2025-12-07T01:00:00Z,2025-12-08T00:00:00Z,TRUE
0034,2025-12-08,2.5208333333333335,24,2025-12-08T01:00:00Z,2025-12-09T00:00:00Z,TRUE
0034,2025-12-09,5.633333333333334,24,2025-12-09T01:00:00Z,2025-12-10T00:00:00Z,TRUE
0034,2025-12-10,5.3625,24,2025-12-10T01:00:00Z,2025-12-11T00:00:00Z,TRUE
0034,2025-12-11,1.6416666666666666,24,2025-12-11T01:00:00Z,2025-12-12T00:00:00Z,TRUE
0034,2025-12-12,4.454166666666667,24,2025-12-12T01:00:00Z,2025-12-13T00:00:00Z,TRUE
0034,2025-12-13,9.954166666666666,24,2025-12-13T01:00:00Z,2025-12-14T00:00:00Z,TRUE
0034,2025-12-14,1.9333333333333333,24,2025-12-14T01:00:00Z,2025-12-15T00:00:00Z,TRUE
0034,2025-12-15,6.066666666666666,24,2025-12-15T01:00:00Z,2025-12-16T00:00:00Z,TRUE
0034,2025-12-16,9.654166666666667,24,2025-12-16T01:00:00Z,2025-12-17T00:00:00Z,TRUE
0034,2025-12-17,11.245833333333334,24,2025-12-17T01:00:00Z,2025-12-18T00:00:00Z,TRUE
0034,2025-12-18,9.530434782608696,24,2025-12-18T01:00:00Z,2025-12-19T00:00:00Z,TRUE
0034,2025-12-19,4.175,24,2025-12-19T01:00:00Z,2025-12-20T00:00:00Z,TRUE
0034,2025-12-20,5.954166666666667,24,2025-12-20T01:00:00Z,2025-12-21T00:00:00Z,TRUE
0034,2025-12-21,4.016666666666667,24,2025-12-21T01:00:00Z,2025-12-22T00:00:00Z,TRUE
0034,2025-12-22,8.5375,24,2025-12-22T01:00:00Z,2025-12-23T00:00:00Z,TRUE
0034,2025-12-23,10.212499999999999,24,2025-12-23T01:00:00Z,2025-12-24T00:00:00Z,TRUE
0034,2025-12-24,12.658333333333333,24,2025-12-24T01:00:00Z,2025-12-25T00:00:00Z,TRUE
0034,2025-12-25,13.791666666666666,24,2025-12-25T01:00:00Z,2025-12-26T00:00:00Z,TRUE
0034,2025-12-26,5.629166666666666,24,2025-12-26T01:00:00Z,2025-12-27T00:00:00Z,TRUE
0034,2025-12-27,5.558333333333334,24,2025-12-27T01:00:00Z,2025-12-28T00:00:00Z,TRUE
0034,2025-12-28,7.983333333333333,24,2025-12-28T01:00:00Z,2025-12-29T00:00:00Z,TRUE
0034,2025-12-29,3.4291666666666667,24,2025-12-29T01:00:00Z,2025-12-30T00:00:00Z,TRUE
0034,2025-12-30,2.416666666666667,24,2025-12-30T01:00:00Z,2025-12-31T00:00:00Z,TRUE
0034,2025-12-31,7.091666666666667,24,2025-12-31T01:00:00Z,2026-01-01T00:00:00Z,TRUE
0034,2026-01-01,2.75,4,2026-01-01T01:00:00Z,2026-01-01T04:00:00Z,FALSE
0034,NA,5,2,2025-03-09T07:00:00Z,2025-03-09T07:00:00Z,FALSE
0038,2024-11-01,3.419047619047619,21,2024-11-01T04:00:00Z,2024-11-02T00:00:00Z,TRUE
0038,2024-11-02,4.020833333333333,24,2024-11-02T01:00:00Z,2024-11-03T00:00:00Z,TRUE
0038,2024-11-03,6.239130434782608,23,2024-11-03T01:00:00Z,2024-11-04T00:00:00Z,TRUE
0038,2024-11-04,8.066666666666666,24,2024-11-04T01:00:00Z,2024-11-05T00:00:00Z,TRUE
0038,2024-11-05,7,24,2024-11-05T01:00:00Z,2024-11-06T00:00:00Z,TRUE
0038,2024-11-06,5.85,24,2024-11-06T01:00:00Z,2024-11-07T00:00:00Z,TRUE
0038,2024-11-07,3.8249999999999997,24,2024-11-07T01:00:00Z,2024-11-08T00:00:00Z,TRUE
0038,2024-11-08,7.058333333333334,24,2024-11-08T01:00:00Z,2024-11-09T00:00:00Z,TRUE
0038,2024-11-09,3.7083333333333335,24,2024-11-09T01:00:00Z,2024-11-10T00:00:00Z,TRUE
0038,2024-11-10,10.804166666666667,24,2024-11-10T01:00:00Z,2024-11-11T00:00:00Z,TRUE
0038,2024-11-11,4.408695652173913,24,2024-11-11T01:00:00Z,2024-11-12T00:00:00Z,TRUE
0038,2024-11-12,1.6083333333333334,24,2024-11-12T01:00:00Z,2024-11-13T00:00:00Z,TRUE
0038,2024-11-13,4.6875,24,2024-11-13T01:00:00Z,2024-11-14T00:00:00Z,TRUE
0038,2024-11-14,5.3375,24,2024-11-14T01:00:00Z,2024-11-15T00:00:00Z,TRUE
0038,2024-11-15,10.016666666666667,24,2024-11-15T01:00:00Z,2024-11-16T00:00:00Z,TRUE
0038,2024-11-16,4.466666666666667,24,2024-11-16T01:00:00Z,2024-11-17T00:00:00Z,TRUE
0038,2024-11-17,9.908333333333333,24,2024-11-17T01:00:00Z,2024-11-18T00:00:00Z,TRUE
0038,2024-11-18,15.108333333333334,24,2024-11-18T01:00:00Z,2024-11-19T00:00:00Z,TRUE
0038,2024-11-19,15.104166666666666,24,2024-11-19T01:00:00Z,2024-11-20T00:00:00Z,TRUE
0038,2024-11-20,8.308333333333334,24,2024-11-20T01:00:00Z,2024-11-21T00:00:00Z,TRUE
0038,2024-11-21,3.620833333333333,24,2024-11-21T01:00:00Z,2024-11-22T00:00:00Z,TRUE
0038,2024-11-22,3.9833333333333334,24,2024-11-22T01:00:00Z,2024-11-23T00:00:00Z,TRUE
0038,2024-11-23,1.375,24,2024-11-23T01:00:00Z,2024-11-24T00:00:00Z,TRUE
0038,2024-11-24,8.475,24,2024-11-24T01:00:00Z,2024-11-25T00:00:00Z,TRUE
0038,2024-11-25,14.408333333333333,24,2024-11-25T01:00:00Z,2024-11-26T00:00:00Z,TRUE
0038,2024-11-26,7.179166666666667,24,2024-11-26T01:00:00Z,2024-11-27T00:00:00Z,TRUE
0038,2024-11-27,7.25,24,2024-11-27T01:00:00Z,2024-11-28T00:00:00Z,TRUE
0038,2024-11-28,6.6125,24,2024-11-28T01:00:00Z,2024-11-29T00:00:00Z,TRUE
0038,2024-11-29,6.9125,24,2024-11-29T01:00:00Z,2024-11-30T00:00:00Z,TRUE
0038,2024-11-30,7.820833333333334,24,2024-11-30T01:00:00Z,2024-12-01T00:00:00Z,TRUE
0038,2024-12-01,6.745833333333334,24,2024-12-01T01:00:00Z,2024-12-02T00:00:00Z,TRUE
0038,2024-12-02,9.329166666666667,24,2024-12-02T01:00:00Z,2024-12-03T00:00:00Z,TRUE
0038,2024-12-03,11.904166666666667,24,2024-12-03T01:00:00Z,2024-12-04T00:00:00Z,TRUE
0038,2024-12-04,11.916666666666666,24,2024-12-04T01:00:00Z,2024-12-05T00:00:00Z,TRUE
0038,2024-12-05,4.504166666666666,24,2024-12-05T01:00:00Z,2024-12-06T00:00:00Z,TRUE
0038,2024-12-06,4.534782608695653,24,2024-12-06T01:00:00Z,2024-12-07T00:00:00Z,TRUE
0038,2024-12-07,6.754166666666666,24,2024-12-07T01:00:00Z,2024-12-08T00:00:00Z,TRUE
0038,2024-12-08,8.2375,24,2024-12-08T01:00:00Z,2024-12-09T00:00:00Z,TRUE
0038,2024-12-09,7.9541666666666675,24,2024-12-09T01:00:00Z,2024-12-10T00:00:00Z,TRUE
0038,2024-12-10,13.879166666666666,24,2024-12-10T01:00:00Z,2024-12-11T00:00:00Z,TRUE
0038,2024-12-11,10.775,24,2024-12-11T01:00:00Z,2024-12-12T00:00:00Z,TRUE
0038,2024-12-12,6.308333333333334,24,2024-12-12T01:00:00Z,2024-12-13T00:00:00Z,TRUE
0038,2024-12-13,7.829166666666667,24,2024-12-13T01:00:00Z,2024-12-14T00:00:00Z,TRUE
0038,2024-12-14,11.479166666666666,24,2024-12-14T01:00:00Z,2024-12-15T00:00:00Z,TRUE
0038,2024-12-15,11.9125,24,2024-12-15T01:00:00Z,2024-12-16T00:00:00Z,TRUE
0038,2024-12-16,8.375,24,2024-12-16T01:00:00Z,2024-12-17T00:00:00Z,TRUE
0038,2024-12-17,7.604166666666667,24,2024-12-17T01:00:00Z,2024-12-18T00:00:00Z,TRUE
0038,2024-12-18,19.8375,24,2024-12-18T01:00:00Z,2024-12-19T00:00:00Z,TRUE
0038,2024-12-19,6.045833333333333,24,2024-12-19T01:00:00Z,2024-12-20T00:00:00Z,TRUE
0038,2024-12-20,10.866666666666667,24,2024-12-20T01:00:00Z,2024-12-21T00:00:00Z,TRUE
0038,2024-12-21,2.3625,24,2024-12-21T01:00:00Z,2024-12-22T00:00:00Z,TRUE
0038,2024-12-22,4.7250000000000005,24,2024-12-22T01:00:00Z,2024-12-23T00:00:00Z,TRUE
0038,2024-12-23,10.666666666666666,24,2024-12-23T01:00:00Z,2024-12-24T00:00:00Z,TRUE
0038,2024-12-24,10.945833333333333,24,2024-12-24T01:00:00Z,2024-12-25T00:00:00Z,TRUE
0038,2024-12-25,16.045833333333334,24,2024-12-25T01:00:00Z,2024-12-26T00:00:00Z,TRUE
0038,2024-12-26,12.933333333333334,24,2024-12-26T01:00:00Z,2024-12-27T00:00:00Z,TRUE
0038,2024-12-27,13.804166666666667,24,2024-12-27T01:00:00Z,2024-12-28T00:00:00Z,TRUE
0038,2024-12-28,6.5625,24,2024-12-28T01:00:00Z,2024-12-29T00:00:00Z,TRUE
0038,2024-12-29,8.070833333333333,24,2024-12-29T01:00:00Z,2024-12-30T00:00:00Z,TRUE
0038,2024-12-30,3.0500000000000003,24,2024-12-30T01:00:00Z,2024-12-31T00:00:00Z,TRUE
0038,2024-12-31,8.229166666666666,24,2024-12-31T01:00:00Z,2025-01-01T00:00:00Z,TRUE
0038,2025-01-01,3.6375,24,2025-01-01T01:00:00Z,2025-01-02T00:00:00Z,TRUE
0038,2025-01-02,8.029166666666667,24,2025-01-02T01:00:00Z,2025-01-03T00:00:00Z,TRUE
0038,2025-01-03,7.5,24,2025-01-03T01:00:00Z,2025-01-04T00:00:00Z,TRUE
0038,2025-01-04,2.9458333333333333,24,2025-01-04T01:00:00Z,2025-01-05T00:00:00Z,TRUE
0038,2025-01-05,10.095833333333333,24,2025-01-05T01:00:00Z,2025-01-06T00:00:00Z,TRUE
0038,2025-01-06,7.854166666666667,24,2025-01-06T01:00:00Z,2025-01-07T00:00:00Z,TRUE
0038,2025-01-07,2.1708333333333334,24,2025-01-07T01:00:00Z,2025-01-08T00:00:00Z,TRUE
0038,2025-01-08,2.9125,24,2025-01-08T01:00:00Z,2025-01-09T00:00:00Z,TRUE
0038,2025-01-09,3.5375,24,2025-01-09T01:00:00Z,2025-01-10T00:00:00Z,TRUE
0038,2025-01-10,23.3875,24,2025-01-10T01:00:00Z,2025-01-11T00:00:00Z,TRUE
0038,2025-01-11,20.941666666666666,24,2025-01-11T01:00:00Z,2025-01-12T00:00:00Z,TRUE
0038,2025-01-12,18.529166666666665,24,2025-01-12T01:00:00Z,2025-01-13T00:00:00Z,TRUE
0038,2025-01-13,7.391666666666667,24,2025-01-13T01:00:00Z,2025-01-14T00:00:00Z,TRUE
0038,2025-01-14,7.158333333333333,24,2025-01-14T01:00:00Z,2025-01-15T00:00:00Z,TRUE
0038,2025-01-15,8.658333333333333,24,2025-01-15T01:00:00Z,2025-01-16T00:00:00Z,TRUE
0038,2025-01-16,16.25,24,2025-01-16T01:00:00Z,2025-01-17T00:00:00Z,TRUE
0038,2025-01-17,17.879166666666666,24,2025-01-17T01:00:00Z,2025-01-18T00:00:00Z,TRUE
0038,2025-01-18,6.404166666666668,24,2025-01-18T01:00:00Z,2025-01-19T00:00:00Z,TRUE
0038,2025-01-19,2.5875,24,2025-01-19T01:00:00Z,2025-01-20T00:00:00Z,TRUE
0038,2025-01-20,6.991666666666666,24,2025-01-20T01:00:00Z,2025-01-21T00:00:00Z,TRUE
0038,2025-01-21,10.120833333333334,24,2025-01-21T01:00:00Z,2025-01-22T00:00:00Z,TRUE
0038,2025-01-22,13.645833333333334,24,2025-01-22T01:00:00Z,2025-01-23T00:00:00Z,TRUE
0038,2025-01-23,12.570833333333335,24,2025-01-23T01:00:00Z,2025-01-24T00:00:00Z,TRUE
0038,2025-01-24,9.195833333333335,24,2025-01-24T01:00:00Z,2025-01-25T00:00:00Z,TRUE
0038,2025-01-25,17.525,24,2025-01-25T01:00:00Z,2025-01-26T00:00:00Z,TRUE
0038,2025-01-26,8.170833333333334,24,2025-01-26T01:00:00Z,2025-01-27T00:00:00Z,TRUE
0038,2025-01-27,7.725,24,2025-01-27T01:00:00Z,2025-01-28T00:00:00Z,TRUE
0038,2025-01-28,5.643478260869565,24,2025-01-28T01:00:00Z,2025-01-29T00:00:00Z,TRUE
0038,2025-01-29,5.033333333333333,24,2025-01-29T01:00:00Z,2025-01-30T00:00:00Z,TRUE
0038,2025-01-30,9.429166666666667,24,2025-01-30T01:00:00Z,2025-01-31T00:00:00Z,TRUE
0038,2025-01-31,12.216666666666667,24,2025-01-31T01:00:00Z,2025-02-01T00:00:00Z,TRUE
0038,2025-02-01,4.958333333333333,24,2025-02-01T01:00:00Z,2025-02-02T00:00:00Z,TRUE
0038,2025-02-02,8,24,2025-02-02T01:00:00Z,2025-02-03T00:00:00Z,TRUE
0038,2025-02-03,18.004166666666666,24,2025-02-03T01:00:00Z,2025-02-04T00:00:00Z,TRUE
0038,2025-02-04,6.720833333333333,24,2025-02-04T01:00:00Z,2025-02-05T00:00:00Z,TRUE
0038,2025-02-05,4.179166666666667,24,2025-02-05T01:00:00Z,2025-02-06T00:00:00Z,TRUE
0038,2025-02-06,9.004347826086956,24,2025-02-06T01:00:00Z,2025-02-07T00:00:00Z,TRUE
0038,2025-02-07,5.491666666666666,24,2025-02-07T01:00:00Z,2025-02-08T00:00:00Z,TRUE
0038,2025-02-08,13.575,24,2025-02-08T01:00:00Z,2025-02-09T00:00:00Z,TRUE
0038,2025-02-09,8.958333333333334,24,2025-02-09T01:00:00Z,2025-02-10T00:00:00Z,TRUE
0038,2025-02-10,9.55,24,2025-02-10T01:00:00Z,2025-02-11T00:00:00Z,TRUE
0038,2025-02-11,22.4875,24,2025-02-11T01:00:00Z,2025-02-12T00:00:00Z,TRUE
0038,2025-02-12,17.416666666666668,24,2025-02-12T01:00:00Z,2025-02-13T00:00:00Z,TRUE
0038,2025-02-13,8.775,24,2025-02-13T01:00:00Z,2025-02-14T00:00:00Z,TRUE
0038,2025-02-14,12.108333333333333,24,2025-02-14T01:00:00Z,2025-02-15T00:00:00Z,TRUE
0038,2025-02-15,12.3625,24,2025-02-15T01:00:00Z,2025-02-16T00:00:00Z,TRUE
0038,2025-02-16,6.204166666666667,24,2025-02-16T01:00:00Z,2025-02-17T00:00:00Z,TRUE
0038,2025-02-17,4.429166666666666,24,2025-02-17T01:00:00Z,2025-02-18T00:00:00Z,TRUE
0038,2025-02-18,4.516666666666667,24,2025-02-18T01:00:00Z,2025-02-19T00:00:00Z,TRUE
0038,2025-02-19,6.079166666666667,24,2025-02-19T01:00:00Z,2025-02-20T00:00:00Z,TRUE
0038,2025-02-20,5.35,24,2025-02-20T01:00:00Z,2025-02-21T00:00:00Z,TRUE
0038,2025-02-21,3.9958333333333336,24,2025-02-21T01:00:00Z,2025-02-22T00:00:00Z,TRUE
0038,2025-02-22,15.716666666666667,24,2025-02-22T01:00:00Z,2025-02-23T00:00:00Z,TRUE
0038,2025-02-23,14.1375,24,2025-02-23T01:00:00Z,2025-02-24T00:00:00Z,TRUE
0038,2025-02-24,13.790909090909091,24,2025-02-24T01:00:00Z,2025-02-25T00:00:00Z,TRUE
0038,2025-02-25,9.208333333333334,24,2025-02-25T01:00:00Z,2025-02-26T00:00:00Z,TRUE
0038,2025-02-26,13.233333333333334,24,2025-02-26T01:00:00Z,2025-02-27T00:00:00Z,TRUE
0038,2025-02-27,15.983333333333333,24,2025-02-27T01:00:00Z,2025-02-28T00:00:00Z,TRUE
0038,2025-02-28,6.183333333333334,24,2025-02-28T01:00:00Z,2025-03-01T00:00:00Z,TRUE
0038,2025-03-01,2.6375,24,2025-03-01T01:00:00Z,2025-03-02T00:00:00Z,TRUE
0038,2025-03-02,3.7666666666666666,24,2025-03-02T01:00:00Z,2025-03-03T00:00:00Z,TRUE
0038,2025-03-03,8.279166666666667,24,2025-03-03T01:00:00Z,2025-03-04T00:00:00Z,TRUE
0038,2025-03-04,11.925,24,2025-03-04T01:00:00Z,2025-03-05T00:00:00Z,TRUE
0038,2025-03-05,7.195833333333333,24,2025-03-05T01:00:00Z,2025-03-06T00:00:00Z,TRUE
0038,2025-03-06,1.9333333333333333,24,2025-03-06T01:00:00Z,2025-03-07T00:00:00Z,TRUE
0038,2025-03-07,6.4625,24,2025-03-07T01:00:00Z,2025-03-08T00:00:00Z,TRUE
0038,2025-03-08,4.8375,24,2025-03-08T01:00:00Z,2025-03-09T00:00:00Z,TRUE
0038,2025-03-09,5.147826086956521,23,2025-03-09T01:00:00Z,2025-03-10T00:00:00Z,TRUE
0038,2025-03-10,5.2875,24,2025-03-10T01:00:00Z,2025-03-11T00:00:00Z,TRUE
0038,2025-03-11,6.683333333333334,24,2025-03-11T01:00:00Z,2025-03-12T00:00:00Z,TRUE
0038,2025-03-12,3.879166666666667,24,2025-03-12T01:00:00Z,2025-03-13T00:00:00Z,TRUE
0038,2025-03-13,7.0249999999999995,24,2025-03-13T01:00:00Z,2025-03-14T00:00:00Z,TRUE
0038,2025-03-14,16.7625,24,2025-03-14T01:00:00Z,2025-03-15T00:00:00Z,TRUE
0038,2025-03-15,16.3,24,2025-03-15T01:00:00Z,2025-03-16T00:00:00Z,TRUE
0038,2025-03-16,6.229166666666667,24,2025-03-16T01:00:00Z,2025-03-17T00:00:00Z,TRUE
0038,2025-03-17,3.2958333333333334,24,2025-03-17T01:00:00Z,2025-03-18T00:00:00Z,TRUE
0038,2025-03-18,9.9375,24,2025-03-18T01:00:00Z,2025-03-19T00:00:00Z,TRUE
0038,2025-03-19,9.120833333333334,24,2025-03-19T01:00:00Z,2025-03-20T00:00:00Z,TRUE
0038,2025-03-20,5.825,24,2025-03-20T01:00:00Z,2025-03-21T00:00:00Z,TRUE
0038,2025-03-21,3.4708333333333337,24,2025-03-21T01:00:00Z,2025-03-22T00:00:00Z,TRUE
0038,2025-03-22,3.9,24,2025-03-22T01:00:00Z,2025-03-23T00:00:00Z,TRUE
0038,2025-03-23,5.833333333333333,24,2025-03-23T01:00:00Z,2025-03-24T00:00:00Z,TRUE
0038,2025-03-24,5.469565217391304,24,2025-03-24T01:00:00Z,2025-03-25T00:00:00Z,TRUE
0038,2025-03-25,6.2124999999999995,24,2025-03-25T01:00:00Z,2025-03-26T00:00:00Z,TRUE
0038,2025-03-26,3.6166666666666667,24,2025-03-26T01:00:00Z,2025-03-27T00:00:00Z,TRUE
0038,2025-03-27,9.529166666666667,24,2025-03-27T01:00:00Z,2025-03-28T00:00:00Z,TRUE
0038,2025-03-28,12.6625,24,2025-03-28T01:00:00Z,2025-03-29T00:00:00Z,TRUE
0038,2025-03-29,13.9375,24,2025-03-29T01:00:00Z,2025-03-30T00:00:00Z,TRUE
0038,2025-03-30,11.670833333333334,24,2025-03-30T01:00:00Z,2025-03-31T00:00:00Z,TRUE
0038,2025-03-31,3.5416666666666665,24,2025-03-31T01:00:00Z,2025-04-01T00:00:00Z,TRUE
0038,2025-04-01,3.5875,24,2025-04-01T01:00:00Z,2025-04-02T00:00:00Z,TRUE
0038,2025-04-02,7.558333333333334,24,2025-04-02T01:00:00Z,2025-04-03T00:00:00Z,TRUE
0038,2025-04-03,4.729166666666667,24,2025-04-03T01:00:00Z,2025-04-04T00:00:00Z,TRUE
0038,2025-04-04,3.5875,24,2025-04-04T01:00:00Z,2025-04-05T00:00:00Z,TRUE
0038,2025-04-05,5.370833333333334,24,2025-04-05T01:00:00Z,2025-04-06T00:00:00Z,TRUE
0038,2025-04-06,4.091666666666667,24,2025-04-06T01:00:00Z,2025-04-07T00:00:00Z,TRUE
0038,2025-04-07,5.066666666666666,24,2025-04-07T01:00:00Z,2025-04-08T00:00:00Z,TRUE
0038,2025-04-08,3.1,24,2025-04-08T01:00:00Z,2025-04-09T00:00:00Z,TRUE
0038,2025-04-09,6.129166666666666,24,2025-04-09T01:00:00Z,2025-04-10T00:00:00Z,TRUE
0038,2025-04-10,10.445833333333333,24,2025-04-10T01:00:00Z,2025-04-11T00:00:00Z,TRUE
0038,2025-04-11,7.883333333333333,24,2025-04-11T01:00:00Z,2025-04-12T00:00:00Z,TRUE
0038,2025-04-12,6.566666666666666,24,2025-04-12T01:00:00Z,2025-04-13T00:00:00Z,TRUE
0038,2025-04-13,9.691666666666666,24,2025-04-13T01:00:00Z,2025-04-14T00:00:00Z,TRUE
0038,2025-04-14,8.829166666666666,24,2025-04-14T01:00:00Z,2025-04-15T00:00:00Z,TRUE
0038,2025-04-15,3.4272727272727272,24,2025-04-15T01:00:00Z,2025-04-16T00:00:00Z,TRUE
0038,2025-04-16,3.7083333333333335,24,2025-04-16T01:00:00Z,2025-04-17T00:00:00Z,TRUE
0038,2025-04-17,10.208333333333334,24,2025-04-17T01:00:00Z,2025-04-18T00:00:00Z,TRUE
0038,2025-04-18,11.879166666666666,24,2025-04-18T01:00:00Z,2025-04-19T00:00:00Z,TRUE
0038,2025-04-19,9.85,24,2025-04-19T01:00:00Z,2025-04-20T00:00:00Z,TRUE
0038,2025-04-20,3.375,24,2025-04-20T01:00:00Z,2025-04-21T00:00:00Z,TRUE
0038,2025-04-21,7.708333333333333,24,2025-04-21T01:00:00Z,2025-04-22T00:00:00Z,TRUE
0038,2025-04-22,2.5875,24,2025-04-22T01:00:00Z,2025-04-23T00:00:00Z,TRUE
0038,2025-04-23,9.5375,24,2025-04-23T01:00:00Z,2025-04-24T00:00:00Z,TRUE
0038,2025-04-24,14.375,24,2025-04-24T01:00:00Z,2025-04-25T00:00:00Z,TRUE
0038,2025-04-25,8.9125,24,2025-04-25T01:00:00Z,2025-04-26T00:00:00Z,TRUE
0038,2025-04-26,4.341666666666667,24,2025-04-26T01:00:00Z,2025-04-27T00:00:00Z,TRUE
0038,2025-04-27,4.058333333333334,24,2025-04-27T01:00:00Z,2025-04-28T00:00:00Z,TRUE
0038,2025-04-28,8.85,24,2025-04-28T01:00:00Z,2025-04-29T00:00:00Z,TRUE
0038,2025-04-29,8.954166666666666,24,2025-04-29T01:00:00Z,2025-04-30T00:00:00Z,TRUE
0038,2025-04-30,2.3130434782608695,24,2025-04-30T01:00:00Z,2025-05-01T00:00:00Z,TRUE
0038,2025-05-01,7.9125000000000005,24,2025-05-01T01:00:00Z,2025-05-02T00:00:00Z,TRUE
0038,2025-05-02,6.025,24,2025-05-02T01:00:00Z,2025-05-03T00:00:00Z,TRUE
0038,2025-05-03,5.329166666666667,24,2025-05-03T01:00:00Z,2025-05-04T00:00:00Z,TRUE
0038,2025-05-04,4.233333333333333,24,2025-05-04T01:00:00Z,2025-05-05T00:00:00Z,TRUE
0038,2025-05-05,7.831818181818182,24,2025-05-05T01:00:00Z,2025-05-06T00:00:00Z,TRUE
0038,2025-05-06,4.027272727272727,24,2025-05-06T01:00:00Z,2025-05-07T00:00:00Z,TRUE
0038,2025-05-07,6.579166666666667,24,2025-05-07T01:00:00Z,2025-05-08T00:00:00Z,TRUE
0038,2025-05-08,5.779166666666667,24,2025-05-08T01:00:00Z,2025-05-09T00:00:00Z,TRUE
0038,2025-05-09,4.870833333333334,24,2025-05-09T01:00:00Z,2025-05-10T00:00:00Z,TRUE
0038,2025-05-10,5.629166666666666,24,2025-05-10T01:00:00Z,2025-05-11T00:00:00Z,TRUE
0038,2025-05-11,4.733333333333333,24,2025-05-11T01:00:00Z,2025-05-12T00:00:00Z,TRUE
0038,2025-05-12,10.1,24,2025-05-12T01:00:00Z,2025-05-13T00:00:00Z,TRUE
0038,2025-05-13,4.758333333333333,24,2025-05-13T01:00:00Z,2025-05-14T00:00:00Z,TRUE
0038,2025-05-14,4.779166666666667,24,2025-05-14T01:00:00Z,2025-05-15T00:00:00Z,TRUE
0038,2025-05-15,9.15,24,2025-05-15T01:00:00Z,2025-05-16T00:00:00Z,TRUE
0038,2025-05-16,9.545833333333333,24,2025-05-16T01:00:00Z,2025-05-17T00:00:00Z,TRUE
0038,2025-05-17,5.770833333333333,24,2025-05-17T01:00:00Z,2025-05-18T00:00:00Z,TRUE
0038,2025-05-18,5.020833333333333,24,2025-05-18T01:00:00Z,2025-05-19T00:00:00Z,TRUE
0038,2025-05-19,3.7125,24,2025-05-19T01:00:00Z,2025-05-20T00:00:00Z,TRUE
0038,2025-05-20,5.4,24,2025-05-20T01:00:00Z,2025-05-21T00:00:00Z,TRUE
0038,2025-05-21,6.975,24,2025-05-21T01:00:00Z,2025-05-22T00:00:00Z,TRUE
0038,2025-05-22,2.4541666666666666,24,2025-05-22T01:00:00Z,2025-05-23T00:00:00Z,TRUE
0038,2025-05-23,1.6625,24,2025-05-23T01:00:00Z,2025-05-24T00:00:00Z,TRUE
0038,2025-05-24,1.8041666666666667,24,2025-05-24T01:00:00Z,2025-05-25T00:00:00Z,TRUE
0038,2025-05-25,5.925,24,2025-05-25T01:00:00Z,2025-05-26T00:00:00Z,TRUE
0038,2025-05-26,7.7749999999999995,24,2025-05-26T01:00:00Z,2025-05-27T00:00:00Z,TRUE
0038,2025-05-27,7.4875,24,2025-05-27T01:00:00Z,2025-05-28T00:00:00Z,TRUE
0038,2025-05-28,3.658333333333333,24,2025-05-28T01:00:00Z,2025-05-29T00:00:00Z,TRUE
0038,2025-05-29,7.791666666666667,24,2025-05-29T01:00:00Z,2025-05-30T00:00:00Z,TRUE
0038,2025-05-30,8.9875,24,2025-05-30T01:00:00Z,2025-05-31T00:00:00Z,TRUE
0038,2025-05-31,5.745833333333333,24,2025-05-31T01:00:00Z,2025-06-01T00:00:00Z,TRUE
0038,2025-06-01,5.449999999999999,24,2025-06-01T01:00:00Z,2025-06-02T00:00:00Z,TRUE
0038,2025-06-02,6.779166666666667,24,2025-06-02T01:00:00Z,2025-06-03T00:00:00Z,TRUE
0038,2025-06-03,15.239130434782608,24,2025-06-03T01:00:00Z,2025-06-04T00:00:00Z,TRUE
0038,2025-06-04,26.441666666666666,24,2025-06-04T01:00:00Z,2025-06-05T00:00:00Z,TRUE
0038,2025-06-05,20.375,24,2025-06-05T01:00:00Z,2025-06-06T00:00:00Z,TRUE
0038,2025-06-06,27.74583333333333,24,2025-06-06T01:00:00Z,2025-06-07T00:00:00Z,TRUE
0038,2025-06-07,33.02916666666667,24,2025-06-07T01:00:00Z,2025-06-08T00:00:00Z,TRUE
0038,2025-06-08,31.229166666666668,24,2025-06-08T01:00:00Z,2025-06-09T00:00:00Z,TRUE
0038,2025-06-09,12.391666666666667,24,2025-06-09T01:00:00Z,2025-06-10T00:00:00Z,TRUE
0038,2025-06-10,10.558333333333334,24,2025-06-10T01:00:00Z,2025-06-11T00:00:00Z,TRUE
0038,2025-06-11,15.125,24,2025-06-11T01:00:00Z,2025-06-12T00:00:00Z,TRUE
0038,2025-06-12,20.566666666666666,24,2025-06-12T01:00:00Z,2025-06-13T00:00:00Z,TRUE
0038,2025-06-13,18.45,24,2025-06-13T01:00:00Z,2025-06-14T00:00:00Z,TRUE
0038,2025-06-14,7.429166666666666,24,2025-06-14T01:00:00Z,2025-06-15T00:00:00Z,TRUE
0038,2025-06-15,9.358333333333333,24,2025-06-15T01:00:00Z,2025-06-16T00:00:00Z,TRUE
0038,2025-06-16,8.95,24,2025-06-16T01:00:00Z,2025-06-17T00:00:00Z,TRUE
0038,2025-06-17,9.833333333333334,24,2025-06-17T01:00:00Z,2025-06-18T00:00:00Z,TRUE
0038,2025-06-18,6.566666666666666,24,2025-06-18T01:00:00Z,2025-06-19T00:00:00Z,TRUE
0038,2025-06-19,4.675,24,2025-06-19T01:00:00Z,2025-06-20T00:00:00Z,TRUE
0038,2025-06-20,7.504166666666666,24,2025-06-20T01:00:00Z,2025-06-21T00:00:00Z,TRUE
0038,2025-06-21,10.645833333333334,24,2025-06-21T01:00:00Z,2025-06-22T00:00:00Z,TRUE
0038,2025-06-22,10.375,24,2025-06-22T01:00:00Z,2025-06-23T00:00:00Z,TRUE
0038,2025-06-23,14.166666666666666,24,2025-06-23T01:00:00Z,2025-06-24T00:00:00Z,TRUE
0038,2025-06-24,13.995833333333334,24,2025-06-24T01:00:00Z,2025-06-25T00:00:00Z,TRUE
0038,2025-06-25,10.108333333333333,24,2025-06-25T01:00:00Z,2025-06-26T00:00:00Z,TRUE
0038,2025-06-26,9.575,24,2025-06-26T01:00:00Z,2025-06-27T00:00:00Z,TRUE
0038,2025-06-27,10.970833333333333,24,2025-06-27T01:00:00Z,2025-06-28T00:00:00Z,TRUE
0038,2025-06-28,7.929166666666666,24,2025-06-28T01:00:00Z,2025-06-29T00:00:00Z,TRUE
0038,2025-06-29,6.891666666666667,24,2025-06-29T01:00:00Z,2025-06-30T00:00:00Z,TRUE
0038,2025-06-30,8.741666666666667,24,2025-06-30T01:00:00Z,2025-07-01T00:00:00Z,TRUE
0038,2025-07-01,5.645833333333333,24,2025-07-01T01:00:00Z,2025-07-02T00:00:00Z,TRUE
0038,2025-07-02,8.830434782608696,24,2025-07-02T01:00:00Z,2025-07-03T00:00:00Z,TRUE
0038,2025-07-03,17.745833333333334,24,2025-07-03T01:00:00Z,2025-07-04T00:00:00Z,TRUE
0038,2025-07-04,19.170833333333334,24,2025-07-04T01:00:00Z,2025-07-05T00:00:00Z,TRUE
0038,2025-07-05,27.208333333333332,24,2025-07-05T01:00:00Z,2025-07-06T00:00:00Z,TRUE
0038,2025-07-06,14.325000000000001,24,2025-07-06T01:00:00Z,2025-07-07T00:00:00Z,TRUE
0038,2025-07-07,8.445833333333333,24,2025-07-07T01:00:00Z,2025-07-08T00:00:00Z,TRUE
0038,2025-07-08,11.875,24,2025-07-08T01:00:00Z,2025-07-09T00:00:00Z,TRUE
0038,2025-07-09,23.741666666666667,24,2025-07-09T01:00:00Z,2025-07-10T00:00:00Z,TRUE
0038,2025-07-10,14.3625,24,2025-07-10T01:00:00Z,2025-07-11T00:00:00Z,TRUE
0038,2025-07-11,12.529166666666667,24,2025-07-11T01:00:00Z,2025-07-12T00:00:00Z,TRUE
0038,2025-07-12,11.908333333333333,24,2025-07-12T01:00:00Z,2025-07-13T00:00:00Z,TRUE
0038,2025-07-13,6.825,24,2025-07-13T01:00:00Z,2025-07-14T00:00:00Z,TRUE
0038,2025-07-14,19.004166666666666,24,2025-07-14T01:00:00Z,2025-07-15T00:00:00Z,TRUE
0038,2025-07-15,32.7875,24,2025-07-15T01:00:00Z,2025-07-16T00:00:00Z,TRUE
0038,2025-07-16,25.900000000000002,24,2025-07-16T01:00:00Z,2025-07-17T00:00:00Z,TRUE
0038,2025-07-17,5.613043478260869,24,2025-07-17T01:00:00Z,2025-07-18T00:00:00Z,TRUE
0038,2025-07-18,3.0166666666666666,24,2025-07-18T01:00:00Z,2025-07-19T00:00:00Z,TRUE
0038,2025-07-19,4.878260869565217,24,2025-07-19T01:00:00Z,2025-07-20T00:00:00Z,TRUE
0038,2025-07-20,6.033333333333333,24,2025-07-20T01:00:00Z,2025-07-21T00:00:00Z,TRUE
0038,2025-07-21,19.679166666666667,24,2025-07-21T01:00:00Z,2025-07-22T00:00:00Z,TRUE
0038,2025-07-22,7.258333333333333,24,2025-07-22T01:00:00Z,2025-07-23T00:00:00Z,TRUE
0038,2025-07-23,8.144444444444444,24,2025-07-23T01:00:00Z,2025-07-24T00:00:00Z,TRUE
0038,2025-07-24,14.716666666666667,24,2025-07-24T01:00:00Z,2025-07-25T00:00:00Z,TRUE
0038,2025-07-25,8.091666666666667,24,2025-07-25T01:00:00Z,2025-07-26T00:00:00Z,TRUE
0038,2025-07-26,9.2,24,2025-07-26T01:00:00Z,2025-07-27T00:00:00Z,TRUE
0038,2025-07-27,6.728571428571429,24,2025-07-27T01:00:00Z,2025-07-28T00:00:00Z,TRUE
0038,2025-07-28,11.447826086956521,24,2025-07-28T01:00:00Z,2025-07-29T00:00:00Z,TRUE
0038,2025-07-29,6.529166666666667,24,2025-07-29T01:00:00Z,2025-07-30T00:00:00Z,TRUE
0038,2025-07-30,10.816666666666666,24,2025-07-30T01:00:00Z,2025-07-31T00:00:00Z,TRUE
0038,2025-07-31,28.6625,24,2025-07-31T01:00:00Z,2025-08-01T00:00:00Z,TRUE
0038,2025-08-01,16.875,24,2025-08-01T01:00:00Z,2025-08-02T00:00:00Z,TRUE
0038,2025-08-02,7.0874999999999995,24,2025-08-02T01:00:00Z,2025-08-03T00:00:00Z,TRUE
0038,2025-08-03,14.608333333333333,24,2025-08-03T01:00:00Z,2025-08-04T00:00:00Z,TRUE
0038,2025-08-04,34.8375,24,2025-08-04T01:00:00Z,2025-08-05T00:00:00Z,TRUE
0038,2025-08-05,33.80416666666667,24,2025-08-05T01:00:00Z,2025-08-06T00:00:00Z,TRUE
0038,2025-08-06,23.1,24,2025-08-06T01:00:00Z,2025-08-07T00:00:00Z,TRUE
0038,2025-08-07,19.65,24,2025-08-07T01:00:00Z,2025-08-08T00:00:00Z,TRUE
0038,2025-08-08,14.593333333333334,24,2025-08-08T01:00:00Z,2025-08-09T00:00:00Z,TRUE
0038,2025-08-09,20.15,24,2025-08-09T01:00:00Z,2025-08-10T00:00:00Z,TRUE
0038,2025-08-10,22.59166666666667,24,2025-08-10T01:00:00Z,2025-08-11T00:00:00Z,TRUE
0038,2025-08-11,18.629166666666666,24,2025-08-11T01:00:00Z,2025-08-12T00:00:00Z,TRUE
0038,2025-08-12,15.745833333333334,24,2025-08-12T01:00:00Z,2025-08-13T00:00:00Z,TRUE
0038,2025-08-13,6.820833333333333,24,2025-08-13T01:00:00Z,2025-08-14T00:00:00Z,TRUE
0038,2025-08-14,15.2125,24,2025-08-14T01:00:00Z,2025-08-15T00:00:00Z,TRUE
0038,2025-08-15,26.245833333333334,24,2025-08-15T01:00:00Z,2025-08-16T00:00:00Z,TRUE
0038,2025-08-16,21.695833333333333,24,2025-08-16T01:00:00Z,2025-08-17T00:00:00Z,TRUE
0038,2025-08-17,10.7875,24,2025-08-17T01:00:00Z,2025-08-18T00:00:00Z,TRUE
0038,2025-08-18,4.483333333333333,24,2025-08-18T01:00:00Z,2025-08-19T00:00:00Z,TRUE
0038,2025-08-19,9.6625,24,2025-08-19T01:00:00Z,2025-08-20T00:00:00Z,TRUE
0038,2025-08-20,6.175,24,2025-08-20T01:00:00Z,2025-08-21T00:00:00Z,TRUE
0038,2025-08-21,2,24,2025-08-21T01:00:00Z,2025-08-22T00:00:00Z,TRUE
0038,2025-08-22,3.3041666666666667,24,2025-08-22T01:00:00Z,2025-08-23T00:00:00Z,TRUE
0038,2025-08-23,8.1125,24,2025-08-23T01:00:00Z,2025-08-24T00:00:00Z,TRUE
0038,2025-08-24,5.391666666666667,24,2025-08-24T01:00:00Z,2025-08-25T00:00:00Z,TRUE
0038,2025-08-25,3.2375,24,2025-08-25T01:00:00Z,2025-08-26T00:00:00Z,TRUE
0038,2025-08-26,3.765217391304348,24,2025-08-26T01:00:00Z,2025-08-27T00:00:00Z,TRUE
0038,2025-08-27,4.316666666666666,24,2025-08-27T01:00:00Z,2025-08-28T00:00:00Z,TRUE
0038,2025-08-28,5.6125,24,2025-08-28T01:00:00Z,2025-08-29T00:00:00Z,TRUE
0038,2025-08-29,3.270833333333333,24,2025-08-29T01:00:00Z,2025-08-30T00:00:00Z,TRUE
0038,2025-08-30,4.4624999999999995,24,2025-08-30T01:00:00Z,2025-08-31T00:00:00Z,TRUE
0038,2025-08-31,6.254166666666666,24,2025-08-31T01:00:00Z,2025-09-01T00:00:00Z,TRUE
0038,2025-09-01,7.512499999999999,24,2025-09-01T01:00:00Z,2025-09-02T00:00:00Z,TRUE
0038,2025-09-02,9.245833333333334,24,2025-09-02T01:00:00Z,2025-09-03T00:00:00Z,TRUE
0038,2025-09-03,11.870833333333334,24,2025-09-03T01:00:00Z,2025-09-04T00:00:00Z,TRUE
0038,2025-09-04,6.329166666666667,24,2025-09-04T01:00:00Z,2025-09-05T00:00:00Z,TRUE
0038,2025-09-05,14.1375,24,2025-09-05T01:00:00Z,2025-09-06T00:00:00Z,TRUE
0038,2025-09-06,5.2875,24,2025-09-06T01:00:00Z,2025-09-07T00:00:00Z,TRUE
0038,2025-09-07,4.079166666666667,24,2025-09-07T01:00:00Z,2025-09-08T00:00:00Z,TRUE
0038,2025-09-08,7.425,24,2025-09-08T01:00:00Z,2025-09-09T00:00:00Z,TRUE
0038,2025-09-09,8.404166666666667,24,2025-09-09T01:00:00Z,2025-09-10T00:00:00Z,TRUE
0038,2025-09-10,12.55,24,2025-09-10T01:00:00Z,2025-09-11T00:00:00Z,TRUE
0038,2025-09-11,11.975,24,2025-09-11T01:00:00Z,2025-09-12T00:00:00Z,TRUE
0038,2025-09-12,13.391666666666666,24,2025-09-12T01:00:00Z,2025-09-13T00:00:00Z,TRUE
0038,2025-09-13,12.529166666666667,24,2025-09-13T01:00:00Z,2025-09-14T00:00:00Z,TRUE
0038,2025-09-14,14.5375,24,2025-09-14T01:00:00Z,2025-09-15T00:00:00Z,TRUE
0038,2025-09-15,13.491666666666665,24,2025-09-15T01:00:00Z,2025-09-16T00:00:00Z,TRUE
0038,2025-09-16,14.029166666666667,24,2025-09-16T01:00:00Z,2025-09-17T00:00:00Z,TRUE
0038,2025-09-17,14.766666666666667,24,2025-09-17T01:00:00Z,2025-09-18T00:00:00Z,TRUE
0038,2025-09-18,14.425,24,2025-09-18T01:00:00Z,2025-09-19T00:00:00Z,TRUE
0038,2025-09-19,12.4,24,2025-09-19T01:00:00Z,2025-09-20T00:00:00Z,TRUE
0038,2025-09-20,6.7125,24,2025-09-20T01:00:00Z,2025-09-21T00:00:00Z,TRUE
0038,2025-09-21,13.4,24,2025-09-21T01:00:00Z,2025-09-22T00:00:00Z,TRUE
0038,2025-09-22,10.539130434782608,24,2025-09-22T01:00:00Z,2025-09-23T00:00:00Z,TRUE
0038,2025-09-23,4.745833333333334,24,2025-09-23T01:00:00Z,2025-09-24T00:00:00Z,TRUE
0038,2025-09-24,11.4625,24,2025-09-24T01:00:00Z,2025-09-25T00:00:00Z,TRUE
0038,2025-09-25,8.4,24,2025-09-25T01:00:00Z,2025-09-26T00:00:00Z,TRUE
0038,2025-09-26,11.958333333333334,24,2025-09-26T01:00:00Z,2025-09-27T00:00:00Z,TRUE
0038,2025-09-27,11.116666666666667,24,2025-09-27T01:00:00Z,2025-09-28T00:00:00Z,TRUE
0038,2025-09-28,12.591666666666667,24,2025-09-28T01:00:00Z,2025-09-29T00:00:00Z,TRUE
0038,2025-09-29,11.645833333333334,24,2025-09-29T01:00:00Z,2025-09-30T00:00:00Z,TRUE
0038,2025-09-30,10.15,24,2025-09-30T01:00:00Z,2025-10-01T00:00:00Z,TRUE
0038,2025-10-01,4.395833333333333,24,2025-10-01T01:00:00Z,2025-10-02T00:00:00Z,TRUE
0038,2025-10-02,7.6125,24,2025-10-02T01:00:00Z,2025-10-03T00:00:00Z,TRUE
0038,2025-10-03,16.929166666666667,24,2025-10-03T01:00:00Z,2025-10-04T00:00:00Z,TRUE
0038,2025-10-04,17.591666666666665,24,2025-10-04T01:00:00Z,2025-10-05T00:00:00Z,TRUE
0038,2025-10-05,17.695833333333333,24,2025-10-05T01:00:00Z,2025-10-06T00:00:00Z,TRUE
0038,2025-10-06,10.575000000000001,24,2025-10-06T01:00:00Z,2025-10-07T00:00:00Z,TRUE
0038,2025-10-07,3.9208333333333334,24,2025-10-07T01:00:00Z,2025-10-08T00:00:00Z,TRUE
0038,2025-10-08,2.75,24,2025-10-08T01:00:00Z,2025-10-09T00:00:00Z,TRUE
0038,2025-10-09,3.6,24,2025-10-09T01:00:00Z,2025-10-10T00:00:00Z,TRUE
0038,2025-10-10,9.9625,24,2025-10-10T01:00:00Z,2025-10-11T00:00:00Z,TRUE
0038,2025-10-11,4.225,24,2025-10-11T01:00:00Z,2025-10-12T00:00:00Z,TRUE
0038,2025-10-12,6.5874999999999995,24,2025-10-12T01:00:00Z,2025-10-13T00:00:00Z,TRUE
0038,2025-10-13,7.3875,24,2025-10-13T01:00:00Z,2025-10-14T00:00:00Z,TRUE
0038,2025-10-14,3.65,24,2025-10-14T01:00:00Z,2025-10-15T00:00:00Z,TRUE
0038,2025-10-15,2.7458333333333336,24,2025-10-15T01:00:00Z,2025-10-16T00:00:00Z,TRUE
0038,2025-10-16,2.1217391304347823,24,2025-10-16T01:00:00Z,2025-10-17T00:00:00Z,TRUE
0038,2025-10-17,8.233333333333334,24,2025-10-17T01:00:00Z,2025-10-18T00:00:00Z,TRUE
0038,2025-10-18,12.1625,24,2025-10-18T01:00:00Z,2025-10-19T00:00:00Z,TRUE
0038,2025-10-19,11.2625,24,2025-10-19T01:00:00Z,2025-10-20T00:00:00Z,TRUE
0038,2025-10-20,3.3291666666666666,24,2025-10-20T01:00:00Z,2025-10-21T00:00:00Z,TRUE
0038,2025-10-21,5.604166666666667,24,2025-10-21T01:00:00Z,2025-10-22T00:00:00Z,TRUE
0038,2025-10-22,2.85,24,2025-10-22T01:00:00Z,2025-10-23T00:00:00Z,TRUE
0038,2025-10-23,2.7916666666666665,24,2025-10-23T01:00:00Z,2025-10-24T00:00:00Z,TRUE
0038,2025-10-24,2.941666666666667,24,2025-10-24T01:00:00Z,2025-10-25T00:00:00Z,TRUE
0038,2025-10-25,3.7666666666666666,24,2025-10-25T01:00:00Z,2025-10-26T00:00:00Z,TRUE
0038,2025-10-26,6.5875,24,2025-10-26T01:00:00Z,2025-10-27T00:00:00Z,TRUE
0038,2025-10-27,6.441666666666666,24,2025-10-27T01:00:00Z,2025-10-28T00:00:00Z,TRUE
0038,2025-10-28,4.195652173913044,24,2025-10-28T01:00:00Z,2025-10-29T00:00:00Z,TRUE
0038,2025-10-29,5.233333333333333,24,2025-10-29T01:00:00Z,2025-10-30T00:00:00Z,TRUE
0038,2025-10-30,1.925,24,2025-10-30T01:00:00Z,2025-10-31T00:00:00Z,TRUE
0038,2025-10-31,3.2666666666666666,24,2025-10-31T01:00:00Z,2025-11-01T00:00:00Z,TRUE
0038,2025-11-01,8.754166666666666,24,2025-11-01T01:00:00Z,2025-11-02T00:00:00Z,TRUE
0038,2025-11-02,15.052173913043479,23,2025-11-02T01:00:00Z,2025-11-03T00:00:00Z,TRUE
0038,2025-11-03,9.820833333333333,24,2025-11-03T01:00:00Z,2025-11-04T00:00:00Z,TRUE
0038,2025-11-04,3.325,24,2025-11-04T01:00:00Z,2025-11-05T00:00:00Z,TRUE
0038,2025-11-05,7.945833333333333,24,2025-11-05T01:00:00Z,2025-11-06T00:00:00Z,TRUE
0038,2025-11-06,3.1791666666666667,24,2025-11-06T01:00:00Z,2025-11-07T00:00:00Z,TRUE
0038,2025-11-07,11.016666666666667,24,2025-11-07T01:00:00Z,2025-11-08T00:00:00Z,TRUE
0038,2025-11-08,5.779166666666667,24,2025-11-08T01:00:00Z,2025-11-09T00:00:00Z,TRUE
0038,2025-11-09,3.870833333333333,24,2025-11-09T01:00:00Z,2025-11-10T00:00:00Z,TRUE
0038,2025-11-10,1.1166666666666667,24,2025-11-10T01:00:00Z,2025-11-11T00:00:00Z,TRUE
0038,2025-11-11,4.225,24,2025-11-11T01:00:00Z,2025-11-12T00:00:00Z,TRUE
0038,2025-11-12,5.082608695652174,24,2025-11-12T01:00:00Z,2025-11-13T00:00:00Z,TRUE
0038,2025-11-13,3.9416666666666664,24,2025-11-13T01:00:00Z,2025-11-14T00:00:00Z,TRUE
0038,2025-11-14,10.725,24,2025-11-14T01:00:00Z,2025-11-15T00:00:00Z,TRUE
0038,2025-11-15,17.1875,24,2025-11-15T01:00:00Z,2025-11-16T00:00:00Z,TRUE
0038,2025-11-16,3.9916666666666667,24,2025-11-16T01:00:00Z,2025-11-17T00:00:00Z,TRUE
0038,2025-11-17,1.8695652173913042,24,2025-11-17T01:00:00Z,2025-11-18T00:00:00Z,TRUE
0038,2025-11-18,13.262500000000001,24,2025-11-18T01:00:00Z,2025-11-19T00:00:00Z,TRUE
0038,2025-11-19,14.704166666666667,24,2025-11-19T01:00:00Z,2025-11-20T00:00:00Z,TRUE
0038,2025-11-20,21.616666666666667,24,2025-11-20T01:00:00Z,2025-11-21T00:00:00Z,TRUE
0038,2025-11-21,13.858333333333334,24,2025-11-21T01:00:00Z,2025-11-22T00:00:00Z,TRUE
0038,2025-11-22,8.408333333333333,24,2025-11-22T01:00:00Z,2025-11-23T00:00:00Z,TRUE
0038,2025-11-23,9.633333333333333,24,2025-11-23T01:00:00Z,2025-11-24T00:00:00Z,TRUE
0038,2025-11-24,8.408333333333333,24,2025-11-24T01:00:00Z,2025-11-25T00:00:00Z,TRUE
0038,2025-11-25,11.016666666666666,24,2025-11-25T01:00:00Z,2025-11-26T00:00:00Z,TRUE
0038,2025-11-26,4.175,24,2025-11-26T01:00:00Z,2025-11-27T00:00:00Z,TRUE
0038,2025-11-27,3.0666666666666664,24,2025-11-27T01:00:00Z,2025-11-28T00:00:00Z,TRUE
0038,2025-11-28,2.7666666666666666,24,2025-11-28T01:00:00Z,2025-11-29T00:00:00Z,TRUE
0038,2025-11-29,4.8374999999999995,24,2025-11-29T01:00:00Z,2025-11-30T00:00:00Z,TRUE
0038,2025-11-30,6.283333333333333,24,2025-11-30T01:00:00Z,2025-12-01T00:00:00Z,TRUE
0038,2025-12-01,4.179166666666666,24,2025-12-01T01:00:00Z,2025-12-02T00:00:00Z,TRUE
0038,2025-12-02,7.883333333333334,24,2025-12-02T01:00:00Z,2025-12-03T00:00:00Z,TRUE
0038,2025-12-03,12.95,24,2025-12-03T01:00:00Z,2025-12-04T00:00:00Z,TRUE
0038,2025-12-04,9.358333333333334,24,2025-12-04T01:00:00Z,2025-12-05T00:00:00Z,TRUE
0038,2025-12-05,11.904166666666667,24,2025-12-05T01:00:00Z,2025-12-06T00:00:00Z,TRUE
0038,2025-12-06,19.491666666666667,24,2025-12-06T01:00:00Z,2025-12-07T00:00:00Z,TRUE
0038,2025-12-07,15.575,24,2025-12-07T01:00:00Z,2025-12-08T00:00:00Z,TRUE
0038,2025-12-08,3.191666666666667,24,2025-12-08T01:00:00Z,2025-12-09T00:00:00Z,TRUE
0038,2025-12-09,12.354545454545454,24,2025-12-09T01:00:00Z,2025-12-10T00:00:00Z,TRUE
0038,2025-12-10,5.966666666666667,24,2025-12-10T01:00:00Z,2025-12-11T00:00:00Z,TRUE
0038,2025-12-11,1.9041666666666666,24,2025-12-11T01:00:00Z,2025-12-12T00:00:00Z,TRUE
0038,2025-12-12,7.083333333333333,24,2025-12-12T01:00:00Z,2025-12-13T00:00:00Z,TRUE
0038,2025-12-13,11.7125,24,2025-12-13T01:00:00Z,2025-12-14T00:00:00Z,TRUE
0038,2025-12-14,2.725,24,2025-12-14T01:00:00Z,2025-12-15T00:00:00Z,TRUE
0038,2025-12-15,7.366666666666666,24,2025-12-15T01:00:00Z,2025-12-16T00:00:00Z,TRUE
0038,2025-12-16,14.4,24,2025-12-16T01:00:00Z,2025-12-17T00:00:00Z,TRUE
0038,2025-12-17,11.916666666666668,24,2025-12-17T01:00:00Z,2025-12-18T00:00:00Z,TRUE
0038,2025-12-18,17.341666666666665,24,2025-12-18T01:00:00Z,2025-12-19T00:00:00Z,TRUE
0038,2025-12-19,5.741666666666666,24,2025-12-19T01:00:00Z,2025-12-20T00:00:00Z,TRUE
0038,2025-12-20,8.8625,24,2025-12-20T01:00:00Z,2025-12-21T00:00:00Z,TRUE
0038,2025-12-21,4.825,24,2025-12-21T01:00:00Z,2025-12-22T00:00:00Z,TRUE
0038,2025-12-22,14.345833333333333,24,2025-12-22T01:00:00Z,2025-12-23T00:00:00Z,TRUE
0038,2025-12-23,12.762500000000001,24,2025-12-23T01:00:00Z,2025-12-24T00:00:00Z,TRUE
0038,2025-12-24,14.4875,24,2025-12-24T01:00:00Z,2025-12-25T00:00:00Z,TRUE
0038,2025-12-25,16.316666666666666,24,2025-12-25T01:00:00Z,2025-12-26T00:00:00Z,TRUE
0038,2025-12-26,8.216666666666667,24,2025-12-26T01:00:00Z,2025-12-27T00:00:00Z,TRUE
0038,2025-12-27,5.620833333333334,24,2025-12-27T01:00:00Z,2025-12-28T00:00:00Z,TRUE
0038,2025-12-28,13.625,24,2025-12-28T01:00:00Z,2025-12-29T00:00:00Z,TRUE
0038,2025-12-29,3.908333333333333,24,2025-12-29T01:00:00Z,2025-12-30T00:00:00Z,TRUE
0038,2025-12-30,3.2791666666666663,24,2025-12-30T01:00:00Z,2025-12-31T00:00:00Z,TRUE
0038,2025-12-31,8.029166666666667,24,2025-12-31T01:00:00Z,2026-01-01T00:00:00Z,TRUE
0038,2026-01-01,3.5,4,2026-01-01T01:00:00Z,2026-01-01T04:00:00Z,FALSE
0038,NA,4.8,2,2025-03-09T07:00:00Z,2025-03-09T07:00:00Z,FALSE
0045,2024-11-01,4.352380952380952,21,2024-11-01T04:00:00Z,2024-11-02T00:00:00Z,TRUE
0045,2024-11-02,4.5125,24,2024-11-02T01:00:00Z,2024-11-03T00:00:00Z,TRUE
0045,2024-11-03,4.643478260869565,23,2024-11-03T01:00:00Z,2024-11-04T00:00:00Z,TRUE
0045,2024-11-04,6.1499999999999995,24,2024-11-04T01:00:00Z,2024-11-05T00:00:00Z,TRUE
0045,2024-11-05,6.9,24,2024-11-05T01:00:00Z,2024-11-06T00:00:00Z,TRUE
0045,2024-11-06,5.9875,24,2024-11-06T01:00:00Z,2024-11-07T00:00:00Z,TRUE
0045,2024-11-07,4.4,24,2024-11-07T01:00:00Z,2024-11-08T00:00:00Z,TRUE
0045,2024-11-08,8.134782608695652,24,2024-11-08T01:00:00Z,2024-11-09T00:00:00Z,TRUE
0045,2024-11-09,4.020833333333333,24,2024-11-09T01:00:00Z,2024-11-10T00:00:00Z,TRUE
0045,2024-11-10,7.391666666666667,24,2024-11-10T01:00:00Z,2024-11-11T00:00:00Z,TRUE
0045,2024-11-11,5.058333333333334,24,2024-11-11T01:00:00Z,2024-11-12T00:00:00Z,TRUE
0045,2024-11-12,2.0541666666666667,24,2024-11-12T01:00:00Z,2024-11-13T00:00:00Z,TRUE
0045,2024-11-13,4.783333333333333,24,2024-11-13T01:00:00Z,2024-11-14T00:00:00Z,TRUE
0045,2024-11-14,2.9916666666666667,24,2024-11-14T01:00:00Z,2024-11-15T00:00:00Z,TRUE
0045,2024-11-15,11.216666666666667,24,2024-11-15T01:00:00Z,2024-11-16T00:00:00Z,TRUE
0045,2024-11-16,4.083333333333333,24,2024-11-16T01:00:00Z,2024-11-17T00:00:00Z,TRUE
0045,2024-11-17,8.204166666666666,24,2024-11-17T01:00:00Z,2024-11-18T00:00:00Z,TRUE
0045,2024-11-18,14.729166666666666,24,2024-11-18T01:00:00Z,2024-11-19T00:00:00Z,TRUE
0045,2024-11-19,11.608333333333334,24,2024-11-19T01:00:00Z,2024-11-20T00:00:00Z,TRUE
0045,2024-11-20,6.008333333333333,24,2024-11-20T01:00:00Z,2024-11-21T00:00:00Z,TRUE
0045,2024-11-21,4.033333333333333,24,2024-11-21T01:00:00Z,2024-11-22T00:00:00Z,TRUE
0045,2024-11-22,4.558333333333334,24,2024-11-22T01:00:00Z,2024-11-23T00:00:00Z,TRUE
0045,2024-11-23,1.8833333333333333,24,2024-11-23T01:00:00Z,2024-11-24T00:00:00Z,TRUE
0045,2024-11-24,8.770833333333334,24,2024-11-24T01:00:00Z,2024-11-25T00:00:00Z,TRUE
0045,2024-11-25,10.020833333333334,24,2024-11-25T01:00:00Z,2024-11-26T00:00:00Z,TRUE
0045,2024-11-26,9.204545454545455,24,2024-11-26T01:00:00Z,2024-11-27T00:00:00Z,TRUE
0045,2024-11-27,8.32,24,2024-11-27T01:00:00Z,2024-11-28T00:00:00Z,TRUE
0045,2024-11-28,6.695833333333334,24,2024-11-28T01:00:00Z,2024-11-29T00:00:00Z,TRUE
0045,2024-11-29,7.416666666666667,24,2024-11-29T01:00:00Z,2024-11-30T00:00:00Z,TRUE
0045,2024-11-30,9.033333333333333,24,2024-11-30T01:00:00Z,2024-12-01T00:00:00Z,TRUE
0045,2024-12-01,7.208333333333333,24,2024-12-01T01:00:00Z,2024-12-02T00:00:00Z,TRUE
0045,2024-12-02,10.729166666666666,24,2024-12-02T01:00:00Z,2024-12-03T00:00:00Z,TRUE
0045,2024-12-03,11.091666666666667,24,2024-12-03T01:00:00Z,2024-12-04T00:00:00Z,TRUE
0045,2024-12-04,11.241666666666667,24,2024-12-04T01:00:00Z,2024-12-05T00:00:00Z,TRUE
0045,2024-12-05,5.358333333333333,24,2024-12-05T01:00:00Z,2024-12-06T00:00:00Z,TRUE
0045,2024-12-06,5.083333333333333,24,2024-12-06T01:00:00Z,2024-12-07T00:00:00Z,TRUE
0045,2024-12-07,6.441666666666666,24,2024-12-07T01:00:00Z,2024-12-08T00:00:00Z,TRUE
0045,2024-12-08,8.579166666666667,24,2024-12-08T01:00:00Z,2024-12-09T00:00:00Z,TRUE
0045,2024-12-09,5.141666666666667,24,2024-12-09T01:00:00Z,2024-12-10T00:00:00Z,TRUE
0045,2024-12-10,11.741666666666667,24,2024-12-10T01:00:00Z,2024-12-11T00:00:00Z,TRUE
0045,2024-12-11,11.92608695652174,24,2024-12-11T01:00:00Z,2024-12-12T00:00:00Z,TRUE
0045,2024-12-12,5.683333333333334,24,2024-12-12T01:00:00Z,2024-12-13T00:00:00Z,TRUE
0045,2024-12-13,6.583333333333334,24,2024-12-13T01:00:00Z,2024-12-14T00:00:00Z,TRUE
0045,2024-12-14,9.841666666666667,24,2024-12-14T01:00:00Z,2024-12-15T00:00:00Z,TRUE
0045,2024-12-15,9.625,24,2024-12-15T01:00:00Z,2024-12-16T00:00:00Z,TRUE
0045,2024-12-16,5.433333333333334,24,2024-12-16T01:00:00Z,2024-12-17T00:00:00Z,TRUE
0045,2024-12-17,9.479166666666666,24,2024-12-17T01:00:00Z,2024-12-18T00:00:00Z,TRUE
0045,2024-12-18,20.675,24,2024-12-18T01:00:00Z,2024-12-19T00:00:00Z,TRUE
0045,2024-12-19,8.741666666666667,24,2024-12-19T01:00:00Z,2024-12-20T00:00:00Z,TRUE
0045,2024-12-20,10.720833333333333,24,2024-12-20T01:00:00Z,2024-12-21T00:00:00Z,TRUE
0045,2024-12-21,2.8874999999999997,24,2024-12-21T01:00:00Z,2024-12-22T00:00:00Z,TRUE
0045,2024-12-22,4.708333333333333,24,2024-12-22T01:00:00Z,2024-12-23T00:00:00Z,TRUE
0045,2024-12-23,7.316666666666666,24,2024-12-23T01:00:00Z,2024-12-24T00:00:00Z,TRUE
0045,2024-12-24,12.458333333333334,24,2024-12-24T01:00:00Z,2024-12-25T00:00:00Z,TRUE
0045,2024-12-25,15.7875,24,2024-12-25T01:00:00Z,2024-12-26T00:00:00Z,TRUE
0045,2024-12-26,10.916666666666666,24,2024-12-26T01:00:00Z,2024-12-27T00:00:00Z,TRUE
0045,2024-12-27,10.775,24,2024-12-27T01:00:00Z,2024-12-28T00:00:00Z,TRUE
0045,2024-12-28,4.808333333333334,24,2024-12-28T01:00:00Z,2024-12-29T00:00:00Z,TRUE
0045,2024-12-29,5.266666666666667,24,2024-12-29T01:00:00Z,2024-12-30T00:00:00Z,TRUE
0045,2024-12-30,3.408695652173913,24,2024-12-30T01:00:00Z,2024-12-31T00:00:00Z,TRUE
0045,2024-12-31,6.658333333333333,24,2024-12-31T01:00:00Z,2025-01-01T00:00:00Z,TRUE
0045,2025-01-01,5.170833333333333,24,2025-01-01T01:00:00Z,2025-01-02T00:00:00Z,TRUE
0045,2025-01-02,6.445833333333334,24,2025-01-02T01:00:00Z,2025-01-03T00:00:00Z,TRUE
0045,2025-01-03,8.083333333333334,24,2025-01-03T01:00:00Z,2025-01-04T00:00:00Z,TRUE
0045,2025-01-04,5.366666666666666,24,2025-01-04T01:00:00Z,2025-01-05T00:00:00Z,TRUE
0045,2025-01-05,8.366666666666667,24,2025-01-05T01:00:00Z,2025-01-06T00:00:00Z,TRUE
0045,2025-01-06,6.654166666666667,24,2025-01-06T01:00:00Z,2025-01-07T00:00:00Z,TRUE
0045,2025-01-07,3.0416666666666665,24,2025-01-07T01:00:00Z,2025-01-08T00:00:00Z,TRUE
0045,2025-01-08,3.3625000000000003,24,2025-01-08T01:00:00Z,2025-01-09T00:00:00Z,TRUE
0045,2025-01-09,4.458333333333333,24,2025-01-09T01:00:00Z,2025-01-10T00:00:00Z,TRUE
0045,2025-01-10,16.45,24,2025-01-10T01:00:00Z,2025-01-11T00:00:00Z,TRUE
0045,2025-01-11,19.908333333333335,24,2025-01-11T01:00:00Z,2025-01-12T00:00:00Z,TRUE
0045,2025-01-12,16.2625,24,2025-01-12T01:00:00Z,2025-01-13T00:00:00Z,TRUE
0045,2025-01-13,7.029166666666667,24,2025-01-13T01:00:00Z,2025-01-14T00:00:00Z,TRUE
0045,2025-01-14,6.629166666666666,24,2025-01-14T01:00:00Z,2025-01-15T00:00:00Z,TRUE
0045,2025-01-15,8.741666666666667,24,2025-01-15T01:00:00Z,2025-01-16T00:00:00Z,TRUE
0045,2025-01-16,14.704166666666666,24,2025-01-16T01:00:00Z,2025-01-17T00:00:00Z,TRUE
0045,2025-01-17,16.570833333333333,24,2025-01-17T01:00:00Z,2025-01-18T00:00:00Z,TRUE
0045,2025-01-18,5.170833333333333,24,2025-01-18T01:00:00Z,2025-01-19T00:00:00Z,TRUE
0045,2025-01-19,2.783333333333333,24,2025-01-19T01:00:00Z,2025-01-20T00:00:00Z,TRUE
0045,2025-01-20,5.5375,24,2025-01-20T01:00:00Z,2025-01-21T00:00:00Z,TRUE
0045,2025-01-21,6.475,24,2025-01-21T01:00:00Z,2025-01-22T00:00:00Z,TRUE
0045,2025-01-22,8.304166666666667,24,2025-01-22T01:00:00Z,2025-01-23T00:00:00Z,TRUE
0045,2025-01-23,9.825,24,2025-01-23T01:00:00Z,2025-01-24T00:00:00Z,TRUE
0045,2025-01-24,8.370833333333334,24,2025-01-24T01:00:00Z,2025-01-25T00:00:00Z,TRUE
0045,2025-01-25,15.145833333333334,24,2025-01-25T01:00:00Z,2025-01-26T00:00:00Z,TRUE
0045,2025-01-26,7.754166666666666,24,2025-01-26T01:00:00Z,2025-01-27T00:00:00Z,TRUE
0045,2025-01-27,7.708333333333333,24,2025-01-27T01:00:00Z,2025-01-28T00:00:00Z,TRUE
0045,2025-01-28,5.991666666666666,24,2025-01-28T01:00:00Z,2025-01-29T00:00:00Z,TRUE
0045,2025-01-29,6.195454545454545,24,2025-01-29T01:00:00Z,2025-01-30T00:00:00Z,TRUE
0045,2025-01-30,6.7125,24,2025-01-30T01:00:00Z,2025-01-31T00:00:00Z,TRUE
0045,2025-01-31,5.958333333333333,24,2025-01-31T01:00:00Z,2025-02-01T00:00:00Z,TRUE
0045,2025-02-01,4.925,24,2025-02-01T01:00:00Z,2025-02-02T00:00:00Z,TRUE
0045,2025-02-02,6.204166666666667,24,2025-02-02T01:00:00Z,2025-02-03T00:00:00Z,TRUE
0045,2025-02-03,15.175,24,2025-02-03T01:00:00Z,2025-02-04T00:00:00Z,TRUE
0045,2025-02-04,7.475,24,2025-02-04T01:00:00Z,2025-02-05T00:00:00Z,TRUE
0045,2025-02-05,3.2166666666666663,24,2025-02-05T01:00:00Z,2025-02-06T00:00:00Z,TRUE
0045,2025-02-06,8.8,24,2025-02-06T01:00:00Z,2025-02-07T00:00:00Z,TRUE
0045,2025-02-07,7.0375,24,2025-02-07T01:00:00Z,2025-02-08T00:00:00Z,TRUE
0045,2025-02-08,11.091666666666667,24,2025-02-08T01:00:00Z,2025-02-09T00:00:00Z,TRUE
0045,2025-02-09,9.883333333333333,24,2025-02-09T01:00:00Z,2025-02-10T00:00:00Z,TRUE
0045,2025-02-10,9.720833333333333,24,2025-02-10T01:00:00Z,2025-02-11T00:00:00Z,TRUE
0045,2025-02-11,18.245833333333334,24,2025-02-11T01:00:00Z,2025-02-12T00:00:00Z,TRUE
0045,2025-02-12,15.320833333333333,24,2025-02-12T01:00:00Z,2025-02-13T00:00:00Z,TRUE
0045,2025-02-13,9.208333333333334,24,2025-02-13T01:00:00Z,2025-02-14T00:00:00Z,TRUE
0045,2025-02-14,11.920833333333334,24,2025-02-14T01:00:00Z,2025-02-15T00:00:00Z,TRUE
0045,2025-02-15,9.120833333333334,24,2025-02-15T01:00:00Z,2025-02-16T00:00:00Z,TRUE
0045,2025-02-16,5.8125,24,2025-02-16T01:00:00Z,2025-02-17T00:00:00Z,TRUE
0045,2025-02-17,5.116666666666667,24,2025-02-17T01:00:00Z,2025-02-18T00:00:00Z,TRUE
0045,2025-02-18,5.3625,24,2025-02-18T01:00:00Z,2025-02-19T00:00:00Z,TRUE
0045,2025-02-19,6.3090909090909095,24,2025-02-19T01:00:00Z,2025-02-20T00:00:00Z,TRUE
0045,2025-02-20,6.566666666666666,24,2025-02-20T01:00:00Z,2025-02-21T00:00:00Z,TRUE
0045,2025-02-21,4.25,24,2025-02-21T01:00:00Z,2025-02-22T00:00:00Z,TRUE
0045,2025-02-22,13.995833333333334,24,2025-02-22T01:00:00Z,2025-02-23T00:00:00Z,TRUE
0045,2025-02-23,12.066666666666666,24,2025-02-23T01:00:00Z,2025-02-24T00:00:00Z,TRUE
0045,2025-02-24,12.095833333333333,24,2025-02-24T01:00:00Z,2025-02-25T00:00:00Z,TRUE
0045,2025-02-25,9.458333333333334,24,2025-02-25T01:00:00Z,2025-02-26T00:00:00Z,TRUE
0045,2025-02-26,14.266666666666666,24,2025-02-26T01:00:00Z,2025-02-27T00:00:00Z,TRUE
0045,2025-02-27,13.3625,24,2025-02-27T01:00:00Z,2025-02-28T00:00:00Z,TRUE
0045,2025-02-28,7.060869565217391,24,2025-02-28T01:00:00Z,2025-03-01T00:00:00Z,TRUE
0045,2025-03-01,3.6375,24,2025-03-01T01:00:00Z,2025-03-02T00:00:00Z,TRUE
0045,2025-03-02,3.8666666666666667,24,2025-03-02T01:00:00Z,2025-03-03T00:00:00Z,TRUE
0045,2025-03-03,7.8375,24,2025-03-03T01:00:00Z,2025-03-04T00:00:00Z,TRUE
0045,2025-03-04,7.291666666666667,24,2025-03-04T01:00:00Z,2025-03-05T00:00:00Z,TRUE
0045,2025-03-05,5.579166666666667,24,2025-03-05T01:00:00Z,2025-03-06T00:00:00Z,TRUE
0045,2025-03-06,3.2708333333333335,24,2025-03-06T01:00:00Z,2025-03-07T00:00:00Z,TRUE
0045,2025-03-07,6.445833333333334,24,2025-03-07T01:00:00Z,2025-03-08T00:00:00Z,TRUE
0045,2025-03-08,6.379166666666667,24,2025-03-08T01:00:00Z,2025-03-09T00:00:00Z,TRUE
0045,2025-03-09,6.052173913043478,23,2025-03-09T01:00:00Z,2025-03-10T00:00:00Z,TRUE
0045,2025-03-10,6.8625,24,2025-03-10T01:00:00Z,2025-03-11T00:00:00Z,TRUE
0045,2025-03-11,7.583333333333334,24,2025-03-11T01:00:00Z,2025-03-12T00:00:00Z,TRUE
0045,2025-03-12,3.595833333333333,24,2025-03-12T01:00:00Z,2025-03-13T00:00:00Z,TRUE
0045,2025-03-13,7.616666666666666,24,2025-03-13T01:00:00Z,2025-03-14T00:00:00Z,TRUE
0045,2025-03-14,14.429166666666667,24,2025-03-14T01:00:00Z,2025-03-15T00:00:00Z,TRUE
0045,2025-03-15,12.533333333333333,24,2025-03-15T01:00:00Z,2025-03-16T00:00:00Z,TRUE
0045,2025-03-16,5.7375,24,2025-03-16T01:00:00Z,2025-03-17T00:00:00Z,TRUE
0045,2025-03-17,4.633333333333334,24,2025-03-17T01:00:00Z,2025-03-18T00:00:00Z,TRUE
0045,2025-03-18,6.1,24,2025-03-18T01:00:00Z,2025-03-19T00:00:00Z,TRUE
0045,2025-03-19,8.458333333333334,24,2025-03-19T01:00:00Z,2025-03-20T00:00:00Z,TRUE
0045,2025-03-20,6.408333333333333,24,2025-03-20T01:00:00Z,2025-03-21T00:00:00Z,TRUE
0045,2025-03-21,3.745833333333333,24,2025-03-21T01:00:00Z,2025-03-22T00:00:00Z,TRUE
0045,2025-03-22,4.1125,24,2025-03-22T01:00:00Z,2025-03-23T00:00:00Z,TRUE
0045,2025-03-23,4.920833333333333,24,2025-03-23T01:00:00Z,2025-03-24T00:00:00Z,TRUE
0045,2025-03-24,6.445833333333333,24,2025-03-24T01:00:00Z,2025-03-25T00:00:00Z,TRUE
0045,2025-03-25,7.0375,24,2025-03-25T01:00:00Z,2025-03-26T00:00:00Z,TRUE
0045,2025-03-26,4.625,24,2025-03-26T01:00:00Z,2025-03-27T00:00:00Z,TRUE
0045,2025-03-27,7.047826086956522,24,2025-03-27T01:00:00Z,2025-03-28T00:00:00Z,TRUE
0045,2025-03-28,9.608333333333334,24,2025-03-28T01:00:00Z,2025-03-29T00:00:00Z,TRUE
0045,2025-03-29,14.858333333333334,24,2025-03-29T01:00:00Z,2025-03-30T00:00:00Z,TRUE
0045,2025-03-30,10.1375,24,2025-03-30T01:00:00Z,2025-03-31T00:00:00Z,TRUE
0045,2025-03-31,4.454166666666667,24,2025-03-31T01:00:00Z,2025-04-01T00:00:00Z,TRUE
0045,2025-04-01,3.6333333333333333,24,2025-04-01T01:00:00Z,2025-04-02T00:00:00Z,TRUE
0045,2025-04-02,5.083333333333333,24,2025-04-02T01:00:00Z,2025-04-03T00:00:00Z,TRUE
0045,2025-04-03,4.558333333333334,24,2025-04-03T01:00:00Z,2025-04-04T00:00:00Z,TRUE
0045,2025-04-04,3.4291666666666667,24,2025-04-04T01:00:00Z,2025-04-05T00:00:00Z,TRUE
0045,2025-04-05,3.975,24,2025-04-05T01:00:00Z,2025-04-06T00:00:00Z,TRUE
0045,2025-04-06,4.0125,24,2025-04-06T01:00:00Z,2025-04-07T00:00:00Z,TRUE
0045,2025-04-07,5.275,24,2025-04-07T01:00:00Z,2025-04-08T00:00:00Z,TRUE
0045,2025-04-08,4.225,24,2025-04-08T01:00:00Z,2025-04-09T00:00:00Z,TRUE
0045,2025-04-09,6.05,24,2025-04-09T01:00:00Z,2025-04-10T00:00:00Z,TRUE
0045,2025-04-10,8.1875,24,2025-04-10T01:00:00Z,2025-04-11T00:00:00Z,TRUE
0045,2025-04-11,8.275,24,2025-04-11T01:00:00Z,2025-04-12T00:00:00Z,TRUE
0045,2025-04-12,6.526315789473684,24,2025-04-12T01:00:00Z,2025-04-13T00:00:00Z,TRUE
0045,2025-04-13,NA,24,2025-04-13T01:00:00Z,2025-04-14T00:00:00Z,TRUE
0045,2025-04-14,10.546666666666667,24,2025-04-14T01:00:00Z,2025-04-15T00:00:00Z,TRUE
0045,2025-04-15,5.958333333333333,24,2025-04-15T01:00:00Z,2025-04-16T00:00:00Z,TRUE
0045,2025-04-16,5.258333333333333,24,2025-04-16T01:00:00Z,2025-04-17T00:00:00Z,TRUE
0045,2025-04-17,7.6875,24,2025-04-17T01:00:00Z,2025-04-18T00:00:00Z,TRUE
0045,2025-04-18,9.6875,24,2025-04-18T01:00:00Z,2025-04-19T00:00:00Z,TRUE
0045,2025-04-19,10.6375,24,2025-04-19T01:00:00Z,2025-04-20T00:00:00Z,TRUE
0045,2025-04-20,3.3833333333333333,24,2025-04-20T01:00:00Z,2025-04-21T00:00:00Z,TRUE
0045,2025-04-21,7.429166666666667,24,2025-04-21T01:00:00Z,2025-04-22T00:00:00Z,TRUE
0045,2025-04-22,4.633333333333334,24,2025-04-22T01:00:00Z,2025-04-23T00:00:00Z,TRUE
0045,2025-04-23,5.98695652173913,24,2025-04-23T01:00:00Z,2025-04-24T00:00:00Z,TRUE
0045,2025-04-24,9.2125,24,2025-04-24T01:00:00Z,2025-04-25T00:00:00Z,TRUE
0045,2025-04-25,6.5375,24,2025-04-25T01:00:00Z,2025-04-26T00:00:00Z,TRUE
0045,2025-04-26,4.7875,24,2025-04-26T01:00:00Z,2025-04-27T00:00:00Z,TRUE
0045,2025-04-27,4.3125,24,2025-04-27T01:00:00Z,2025-04-28T00:00:00Z,TRUE
0045,2025-04-28,5.3875,24,2025-04-28T01:00:00Z,2025-04-29T00:00:00Z,TRUE
0045,2025-04-29,10.016666666666667,24,2025-04-29T01:00:00Z,2025-04-30T00:00:00Z,TRUE
0045,2025-04-30,2.404166666666667,24,2025-04-30T01:00:00Z,2025-05-01T00:00:00Z,TRUE
0045,2025-05-01,6.220833333333333,24,2025-05-01T01:00:00Z,2025-05-02T00:00:00Z,TRUE
0045,2025-05-02,6.054166666666667,24,2025-05-02T01:00:00Z,2025-05-03T00:00:00Z,TRUE
0045,2025-05-03,4.45,24,2025-05-03T01:00:00Z,2025-05-04T00:00:00Z,TRUE
0045,2025-05-04,3.5708333333333333,24,2025-05-04T01:00:00Z,2025-05-05T00:00:00Z,TRUE
0045,2025-05-05,6.8374999999999995,24,2025-05-05T01:00:00Z,2025-05-06T00:00:00Z,TRUE
0045,2025-05-06,3.8583333333333334,24,2025-05-06T01:00:00Z,2025-05-07T00:00:00Z,TRUE
0045,2025-05-07,6.4125,24,2025-05-07T01:00:00Z,2025-05-08T00:00:00Z,TRUE
0045,2025-05-08,5.575,24,2025-05-08T01:00:00Z,2025-05-09T00:00:00Z,TRUE
0045,2025-05-09,4.975,24,2025-05-09T01:00:00Z,2025-05-10T00:00:00Z,TRUE
0045,2025-05-10,6.745833333333334,24,2025-05-10T01:00:00Z,2025-05-11T00:00:00Z,TRUE
0045,2025-05-11,5.025,24,2025-05-11T01:00:00Z,2025-05-12T00:00:00Z,TRUE
0045,2025-05-12,7.570833333333333,24,2025-05-12T01:00:00Z,2025-05-13T00:00:00Z,TRUE
0045,2025-05-13,3.716666666666667,24,2025-05-13T01:00:00Z,2025-05-14T00:00:00Z,TRUE
0045,2025-05-14,3.0416666666666665,24,2025-05-14T01:00:00Z,2025-05-15T00:00:00Z,TRUE
0045,2025-05-15,6.745833333333334,24,2025-05-15T01:00:00Z,2025-05-16T00:00:00Z,TRUE
0045,2025-05-16,10.725,24,2025-05-16T01:00:00Z,2025-05-17T00:00:00Z,TRUE
0045,2025-05-17,6.683333333333334,24,2025-05-17T01:00:00Z,2025-05-18T00:00:00Z,TRUE
0045,2025-05-18,5.633333333333333,24,2025-05-18T01:00:00Z,2025-05-19T00:00:00Z,TRUE
0045,2025-05-19,3.8666666666666667,24,2025-05-19T01:00:00Z,2025-05-20T00:00:00Z,TRUE
0045,2025-05-20,4.625,24,2025-05-20T01:00:00Z,2025-05-21T00:00:00Z,TRUE
0045,2025-05-21,5.6125,24,2025-05-21T01:00:00Z,2025-05-22T00:00:00Z,TRUE
0045,2025-05-22,3.925,24,2025-05-22T01:00:00Z,2025-05-23T00:00:00Z,TRUE
0045,2025-05-23,4.791304347826087,24,2025-05-23T01:00:00Z,2025-05-24T00:00:00Z,TRUE
0045,2025-05-24,3.1041666666666665,24,2025-05-24T01:00:00Z,2025-05-25T00:00:00Z,TRUE
0045,2025-05-25,5.666666666666667,24,2025-05-25T01:00:00Z,2025-05-26T00:00:00Z,TRUE
0045,2025-05-26,7.816666666666667,24,2025-05-26T01:00:00Z,2025-05-27T00:00:00Z,TRUE
0045,2025-05-27,6.291666666666667,24,2025-05-27T01:00:00Z,2025-05-28T00:00:00Z,TRUE
0045,2025-05-28,2.8,24,2025-05-28T01:00:00Z,2025-05-29T00:00:00Z,TRUE
0045,2025-05-29,8.341666666666667,24,2025-05-29T01:00:00Z,2025-05-30T00:00:00Z,TRUE
0045,2025-05-30,9.716666666666667,24,2025-05-30T01:00:00Z,2025-05-31T00:00:00Z,TRUE
0045,2025-05-31,7.375,24,2025-05-31T01:00:00Z,2025-06-01T00:00:00Z,TRUE
0045,2025-06-01,7.158333333333333,24,2025-06-01T01:00:00Z,2025-06-02T00:00:00Z,TRUE
0045,2025-06-02,5.829166666666667,24,2025-06-02T01:00:00Z,2025-06-03T00:00:00Z,TRUE
0045,2025-06-03,9.641666666666667,24,2025-06-03T01:00:00Z,2025-06-04T00:00:00Z,TRUE
0045,2025-06-04,23.966666666666665,24,2025-06-04T01:00:00Z,2025-06-05T00:00:00Z,TRUE
0045,2025-06-05,20.275,24,2025-06-05T01:00:00Z,2025-06-06T00:00:00Z,TRUE
0045,2025-06-06,24.425,24,2025-06-06T01:00:00Z,2025-06-07T00:00:00Z,TRUE
0045,2025-06-07,32.3125,24,2025-06-07T01:00:00Z,2025-06-08T00:00:00Z,TRUE
0045,2025-06-08,29.375,24,2025-06-08T01:00:00Z,2025-06-09T00:00:00Z,TRUE
0045,2025-06-09,11.270833333333334,24,2025-06-09T01:00:00Z,2025-06-10T00:00:00Z,TRUE
0045,2025-06-10,11.920833333333333,24,2025-06-10T01:00:00Z,2025-06-11T00:00:00Z,TRUE
0045,2025-06-11,16.113636363636363,24,2025-06-11T01:00:00Z,2025-06-12T00:00:00Z,TRUE
0045,2025-06-12,24.415384615384614,24,2025-06-12T01:00:00Z,2025-06-13T00:00:00Z,TRUE
0045,2025-06-13,19.204166666666666,24,2025-06-13T01:00:00Z,2025-06-14T00:00:00Z,TRUE
0045,2025-06-14,7.541666666666666,24,2025-06-14T01:00:00Z,2025-06-15T00:00:00Z,TRUE
0045,2025-06-15,9.520833333333334,24,2025-06-15T01:00:00Z,2025-06-16T00:00:00Z,TRUE
0045,2025-06-16,9.883333333333333,24,2025-06-16T01:00:00Z,2025-06-17T00:00:00Z,TRUE
0045,2025-06-17,8.945833333333333,24,2025-06-17T01:00:00Z,2025-06-18T00:00:00Z,TRUE
0045,2025-06-18,7.804166666666666,24,2025-06-18T01:00:00Z,2025-06-19T00:00:00Z,TRUE
0045,2025-06-19,5.729166666666667,24,2025-06-19T01:00:00Z,2025-06-20T00:00:00Z,TRUE
0045,2025-06-20,9.379166666666666,24,2025-06-20T01:00:00Z,2025-06-21T00:00:00Z,TRUE
0045,2025-06-21,10.891666666666667,24,2025-06-21T01:00:00Z,2025-06-22T00:00:00Z,TRUE
0045,2025-06-22,13.054166666666667,24,2025-06-22T01:00:00Z,2025-06-23T00:00:00Z,TRUE
0045,2025-06-23,17.417391304347827,24,2025-06-23T01:00:00Z,2025-06-24T00:00:00Z,TRUE
0045,2025-06-24,17.775,24,2025-06-24T01:00:00Z,2025-06-25T00:00:00Z,TRUE
0045,2025-06-25,12.3,24,2025-06-25T01:00:00Z,2025-06-26T00:00:00Z,TRUE
0045,2025-06-26,12.3125,24,2025-06-26T01:00:00Z,2025-06-27T00:00:00Z,TRUE
0045,2025-06-27,10.716666666666667,24,2025-06-27T01:00:00Z,2025-06-28T00:00:00Z,TRUE
0045,2025-06-28,9.466666666666667,24,2025-06-28T01:00:00Z,2025-06-29T00:00:00Z,TRUE
0045,2025-06-29,7.425,24,2025-06-29T01:00:00Z,2025-06-30T00:00:00Z,TRUE
0045,2025-06-30,9.266666666666667,24,2025-06-30T01:00:00Z,2025-07-01T00:00:00Z,TRUE
0045,2025-07-01,8.25,24,2025-07-01T01:00:00Z,2025-07-02T00:00:00Z,TRUE
0045,2025-07-02,10.5875,24,2025-07-02T01:00:00Z,2025-07-03T00:00:00Z,TRUE
0045,2025-07-03,19.28333333333333,24,2025-07-03T01:00:00Z,2025-07-04T00:00:00Z,TRUE
0045,2025-07-04,18.9625,24,2025-07-04T01:00:00Z,2025-07-05T00:00:00Z,TRUE
0045,2025-07-05,34.0125,24,2025-07-05T01:00:00Z,2025-07-06T00:00:00Z,TRUE
0045,2025-07-06,14.112499999999999,24,2025-07-06T01:00:00Z,2025-07-07T00:00:00Z,TRUE
0045,2025-07-07,10.366666666666667,24,2025-07-07T01:00:00Z,2025-07-08T00:00:00Z,TRUE
0045,2025-07-08,12.058333333333334,24,2025-07-08T01:00:00Z,2025-07-09T00:00:00Z,TRUE
0045,2025-07-09,20.933333333333334,24,2025-07-09T01:00:00Z,2025-07-10T00:00:00Z,TRUE
0045,2025-07-10,15.941666666666666,24,2025-07-10T01:00:00Z,2025-07-11T00:00:00Z,TRUE
0045,2025-07-11,13.908333333333333,24,2025-07-11T01:00:00Z,2025-07-12T00:00:00Z,TRUE
0045,2025-07-12,11.825,24,2025-07-12T01:00:00Z,2025-07-13T00:00:00Z,TRUE
0045,2025-07-13,8.458333333333334,24,2025-07-13T01:00:00Z,2025-07-14T00:00:00Z,TRUE
0045,2025-07-14,22.295833333333334,24,2025-07-14T01:00:00Z,2025-07-15T00:00:00Z,TRUE
0045,2025-07-15,31.25,24,2025-07-15T01:00:00Z,2025-07-16T00:00:00Z,TRUE
0045,2025-07-16,24.1125,24,2025-07-16T01:00:00Z,2025-07-17T00:00:00Z,TRUE
0045,2025-07-17,7.525,24,2025-07-17T01:00:00Z,2025-07-18T00:00:00Z,TRUE
0045,2025-07-18,2.7708333333333335,24,2025-07-18T01:00:00Z,2025-07-19T00:00:00Z,TRUE
0045,2025-07-19,5.295833333333333,24,2025-07-19T01:00:00Z,2025-07-20T00:00:00Z,TRUE
0045,2025-07-20,7.416666666666666,24,2025-07-20T01:00:00Z,2025-07-21T00:00:00Z,TRUE
0045,2025-07-21,17.808333333333334,24,2025-07-21T01:00:00Z,2025-07-22T00:00:00Z,TRUE
0045,2025-07-22,5.879166666666666,24,2025-07-22T01:00:00Z,2025-07-23T00:00:00Z,TRUE
0045,2025-07-23,5.6173913043478265,24,2025-07-23T01:00:00Z,2025-07-24T00:00:00Z,TRUE
0045,2025-07-24,15.7375,24,2025-07-24T01:00:00Z,2025-07-25T00:00:00Z,TRUE
0045,2025-07-25,9.058333333333334,24,2025-07-25T01:00:00Z,2025-07-26T00:00:00Z,TRUE
0045,2025-07-26,10.4125,24,2025-07-26T01:00:00Z,2025-07-27T00:00:00Z,TRUE
0045,2025-07-27,7.575,24,2025-07-27T01:00:00Z,2025-07-28T00:00:00Z,TRUE
0045,2025-07-28,9.629166666666666,24,2025-07-28T01:00:00Z,2025-07-29T00:00:00Z,TRUE
0045,2025-07-29,7.766666666666667,24,2025-07-29T01:00:00Z,2025-07-30T00:00:00Z,TRUE
0045,2025-07-30,13.691666666666666,24,2025-07-30T01:00:00Z,2025-07-31T00:00:00Z,TRUE
0045,2025-07-31,27.265217391304347,24,2025-07-31T01:00:00Z,2025-08-01T00:00:00Z,TRUE
0045,2025-08-01,16.4125,24,2025-08-01T01:00:00Z,2025-08-02T00:00:00Z,TRUE
0045,2025-08-02,5.870833333333334,24,2025-08-02T01:00:00Z,2025-08-03T00:00:00Z,TRUE
0045,2025-08-03,13.341666666666667,24,2025-08-03T01:00:00Z,2025-08-04T00:00:00Z,TRUE
0045,2025-08-04,31.891666666666666,24,2025-08-04T01:00:00Z,2025-08-05T00:00:00Z,TRUE
0045,2025-08-05,30.820833333333333,24,2025-08-05T01:00:00Z,2025-08-06T00:00:00Z,TRUE
0045,2025-08-06,21.8375,24,2025-08-06T01:00:00Z,2025-08-07T00:00:00Z,TRUE
0045,2025-08-07,17.025,24,2025-08-07T01:00:00Z,2025-08-08T00:00:00Z,TRUE
0045,2025-08-08,13.25,24,2025-08-08T01:00:00Z,2025-08-09T00:00:00Z,TRUE
0045,2025-08-09,18.09583333333333,24,2025-08-09T01:00:00Z,2025-08-10T00:00:00Z,TRUE
0045,2025-08-10,21.141666666666666,24,2025-08-10T01:00:00Z,2025-08-11T00:00:00Z,TRUE
0045,2025-08-11,17.729166666666668,24,2025-08-11T01:00:00Z,2025-08-12T00:00:00Z,TRUE
0045,2025-08-12,14.845833333333333,24,2025-08-12T01:00:00Z,2025-08-13T00:00:00Z,TRUE
0045,2025-08-13,7.179166666666667,24,2025-08-13T01:00:00Z,2025-08-14T00:00:00Z,TRUE
0045,2025-08-14,15.2875,24,2025-08-14T01:00:00Z,2025-08-15T00:00:00Z,TRUE
0045,2025-08-15,22.804166666666667,24,2025-08-15T01:00:00Z,2025-08-16T00:00:00Z,TRUE
0045,2025-08-16,19.633333333333333,24,2025-08-16T01:00:00Z,2025-08-17T00:00:00Z,TRUE
0045,2025-08-17,12.066666666666666,24,2025-08-17T01:00:00Z,2025-08-18T00:00:00Z,TRUE
0045,2025-08-18,3.6416666666666666,24,2025-08-18T01:00:00Z,2025-08-19T00:00:00Z,TRUE
0045,2025-08-19,6.625,24,2025-08-19T01:00:00Z,2025-08-20T00:00:00Z,TRUE
0045,2025-08-20,6.320833333333333,24,2025-08-20T01:00:00Z,2025-08-21T00:00:00Z,TRUE
0045,2025-08-21,1.8958333333333333,24,2025-08-21T01:00:00Z,2025-08-22T00:00:00Z,TRUE
0045,2025-08-22,3.717391304347826,24,2025-08-22T01:00:00Z,2025-08-23T00:00:00Z,TRUE
0045,2025-08-23,8.075,24,2025-08-23T01:00:00Z,2025-08-24T00:00:00Z,TRUE
0045,2025-08-24,6.1125,24,2025-08-24T01:00:00Z,2025-08-25T00:00:00Z,TRUE
0045,2025-08-25,6.5,24,2025-08-25T01:00:00Z,2025-08-26T00:00:00Z,TRUE
0045,2025-08-26,4.95,24,2025-08-26T01:00:00Z,2025-08-27T00:00:00Z,TRUE
0045,2025-08-27,4.733333333333333,24,2025-08-27T01:00:00Z,2025-08-28T00:00:00Z,TRUE
0045,2025-08-28,5.275,24,2025-08-28T01:00:00Z,2025-08-29T00:00:00Z,TRUE
0045,2025-08-29,3.658333333333333,24,2025-08-29T01:00:00Z,2025-08-30T00:00:00Z,TRUE
0045,2025-08-30,3.4555555555555557,24,2025-08-30T01:00:00Z,2025-08-31T00:00:00Z,TRUE
0045,2025-08-31,NA,24,2025-08-31T01:00:00Z,2025-09-01T00:00:00Z,TRUE
0045,2025-09-01,NA,24,2025-09-01T01:00:00Z,2025-09-02T00:00:00Z,TRUE
0045,2025-09-02,5.257142857142857,24,2025-09-02T01:00:00Z,2025-09-03T00:00:00Z,TRUE
0045,2025-09-03,7.283333333333333,24,2025-09-03T01:00:00Z,2025-09-04T00:00:00Z,TRUE
0045,2025-09-04,6.391666666666667,24,2025-09-04T01:00:00Z,2025-09-05T00:00:00Z,TRUE
0045,2025-09-05,13.241666666666665,24,2025-09-05T01:00:00Z,2025-09-06T00:00:00Z,TRUE
0045,2025-09-06,5.916666666666666,24,2025-09-06T01:00:00Z,2025-09-07T00:00:00Z,TRUE
0045,2025-09-07,5.583333333333334,24,2025-09-07T01:00:00Z,2025-09-08T00:00:00Z,TRUE
0045,2025-09-08,5.216666666666667,24,2025-09-08T01:00:00Z,2025-09-09T00:00:00Z,TRUE
0045,2025-09-09,4.304166666666666,24,2025-09-09T01:00:00Z,2025-09-10T00:00:00Z,TRUE
0045,2025-09-10,6.641666666666667,24,2025-09-10T01:00:00Z,2025-09-11T00:00:00Z,TRUE
0045,2025-09-11,8.429166666666667,24,2025-09-11T01:00:00Z,2025-09-12T00:00:00Z,TRUE
0045,2025-09-12,10.945833333333333,24,2025-09-12T01:00:00Z,2025-09-13T00:00:00Z,TRUE
0045,2025-09-13,11.629166666666666,24,2025-09-13T01:00:00Z,2025-09-14T00:00:00Z,TRUE
0045,2025-09-14,13.816666666666666,24,2025-09-14T01:00:00Z,2025-09-15T00:00:00Z,TRUE
0045,2025-09-15,11.454166666666666,24,2025-09-15T01:00:00Z,2025-09-16T00:00:00Z,TRUE
0045,2025-09-16,11.7125,24,2025-09-16T01:00:00Z,2025-09-17T00:00:00Z,TRUE
0045,2025-09-17,14.108333333333333,24,2025-09-17T01:00:00Z,2025-09-18T00:00:00Z,TRUE
0045,2025-09-18,14.591666666666667,24,2025-09-18T01:00:00Z,2025-09-19T00:00:00Z,TRUE
0045,2025-09-19,11.979166666666666,24,2025-09-19T01:00:00Z,2025-09-20T00:00:00Z,TRUE
0045,2025-09-20,5.241666666666666,24,2025-09-20T01:00:00Z,2025-09-21T00:00:00Z,TRUE
0045,2025-09-21,7.825,24,2025-09-21T01:00:00Z,2025-09-22T00:00:00Z,TRUE
0045,2025-09-22,9.465217391304348,24,2025-09-22T01:00:00Z,2025-09-23T00:00:00Z,TRUE
0045,2025-09-23,4.5125,24,2025-09-23T01:00:00Z,2025-09-24T00:00:00Z,TRUE
0045,2025-09-24,7.379166666666666,24,2025-09-24T01:00:00Z,2025-09-25T00:00:00Z,TRUE
0045,2025-09-25,10.420833333333334,24,2025-09-25T01:00:00Z,2025-09-26T00:00:00Z,TRUE
0045,2025-09-26,12.304166666666667,24,2025-09-26T01:00:00Z,2025-09-27T00:00:00Z,TRUE
0045,2025-09-27,9.966666666666667,24,2025-09-27T01:00:00Z,2025-09-28T00:00:00Z,TRUE
0045,2025-09-28,12.1125,24,2025-09-28T01:00:00Z,2025-09-29T00:00:00Z,TRUE
0045,2025-09-29,9.083333333333332,24,2025-09-29T01:00:00Z,2025-09-30T00:00:00Z,TRUE
0045,2025-09-30,8.341666666666667,24,2025-09-30T01:00:00Z,2025-10-01T00:00:00Z,TRUE
0045,2025-10-01,4.104166666666667,24,2025-10-01T01:00:00Z,2025-10-02T00:00:00Z,TRUE
0045,2025-10-02,4.254166666666666,24,2025-10-02T01:00:00Z,2025-10-03T00:00:00Z,TRUE
0045,2025-10-03,9.425,24,2025-10-03T01:00:00Z,2025-10-04T00:00:00Z,TRUE
0045,2025-10-04,14.1375,24,2025-10-04T01:00:00Z,2025-10-05T00:00:00Z,TRUE
0045,2025-10-05,11.512500000000001,24,2025-10-05T01:00:00Z,2025-10-06T00:00:00Z,TRUE
0045,2025-10-06,7.108333333333333,24,2025-10-06T01:00:00Z,2025-10-07T00:00:00Z,TRUE
0045,2025-10-07,4.045833333333333,24,2025-10-07T01:00:00Z,2025-10-08T00:00:00Z,TRUE
0045,2025-10-08,2.3583333333333334,24,2025-10-08T01:00:00Z,2025-10-09T00:00:00Z,TRUE
0045,2025-10-09,2.7666666666666666,24,2025-10-09T01:00:00Z,2025-10-10T00:00:00Z,TRUE
0045,2025-10-10,4.545833333333333,24,2025-10-10T01:00:00Z,2025-10-11T00:00:00Z,TRUE
0045,2025-10-11,3.833333333333333,24,2025-10-11T01:00:00Z,2025-10-12T00:00:00Z,TRUE
0045,2025-10-12,6.708333333333334,24,2025-10-12T01:00:00Z,2025-10-13T00:00:00Z,TRUE
0045,2025-10-13,4.679166666666666,24,2025-10-13T01:00:00Z,2025-10-14T00:00:00Z,TRUE
0045,2025-10-14,4.083333333333333,24,2025-10-14T01:00:00Z,2025-10-15T00:00:00Z,TRUE
0045,2025-10-15,2.95,24,2025-10-15T01:00:00Z,2025-10-16T00:00:00Z,TRUE
0045,2025-10-16,2.595833333333333,24,2025-10-16T01:00:00Z,2025-10-17T00:00:00Z,TRUE
0045,2025-10-17,4.829166666666667,24,2025-10-17T01:00:00Z,2025-10-18T00:00:00Z,TRUE
0045,2025-10-18,8.35,24,2025-10-18T01:00:00Z,2025-10-19T00:00:00Z,TRUE
0045,2025-10-19,10.270833333333334,24,2025-10-19T01:00:00Z,2025-10-20T00:00:00Z,TRUE
0045,2025-10-20,5.591666666666667,24,2025-10-20T01:00:00Z,2025-10-21T00:00:00Z,TRUE
0045,2025-10-21,4.3304347826086955,24,2025-10-21T01:00:00Z,2025-10-22T00:00:00Z,TRUE
0045,2025-10-22,4.879166666666666,24,2025-10-22T01:00:00Z,2025-10-23T00:00:00Z,TRUE
0045,2025-10-23,4.333333333333333,24,2025-10-23T01:00:00Z,2025-10-24T00:00:00Z,TRUE
0045,2025-10-24,4.933333333333334,24,2025-10-24T01:00:00Z,2025-10-25T00:00:00Z,TRUE
0045,2025-10-25,4.204166666666667,24,2025-10-25T01:00:00Z,2025-10-26T00:00:00Z,TRUE
0045,2025-10-26,5.545833333333333,24,2025-10-26T01:00:00Z,2025-10-27T00:00:00Z,TRUE
0045,2025-10-27,4.241666666666666,24,2025-10-27T01:00:00Z,2025-10-28T00:00:00Z,TRUE
0045,2025-10-28,3.6333333333333333,24,2025-10-28T01:00:00Z,2025-10-29T00:00:00Z,TRUE
0045,2025-10-29,4.670833333333333,24,2025-10-29T01:00:00Z,2025-10-30T00:00:00Z,TRUE
0045,2025-10-30,1.7583333333333335,24,2025-10-30T01:00:00Z,2025-10-31T00:00:00Z,TRUE
0045,2025-10-31,4.629166666666666,24,2025-10-31T01:00:00Z,2025-11-01T00:00:00Z,TRUE
0045,2025-11-01,10.508333333333333,24,2025-11-01T01:00:00Z,2025-11-02T00:00:00Z,TRUE
0045,2025-11-02,14.908695652173913,23,2025-11-02T01:00:00Z,2025-11-03T00:00:00Z,TRUE
0045,2025-11-03,10.854166666666666,24,2025-11-03T01:00:00Z,2025-11-04T00:00:00Z,TRUE
0045,2025-11-04,4.808333333333334,24,2025-11-04T01:00:00Z,2025-11-05T00:00:00Z,TRUE
0045,2025-11-05,7.85,24,2025-11-05T01:00:00Z,2025-11-06T00:00:00Z,TRUE
0045,2025-11-06,4.9125,24,2025-11-06T01:00:00Z,2025-11-07T00:00:00Z,TRUE
0045,2025-11-07,8.058333333333334,24,2025-11-07T01:00:00Z,2025-11-08T00:00:00Z,TRUE
0045,2025-11-08,6.9125000000000005,24,2025-11-08T01:00:00Z,2025-11-09T00:00:00Z,TRUE
0045,2025-11-09,4.166666666666667,24,2025-11-09T01:00:00Z,2025-11-10T00:00:00Z,TRUE
0045,2025-11-10,1.875,24,2025-11-10T01:00:00Z,2025-11-11T00:00:00Z,TRUE
0045,2025-11-11,6.554166666666667,24,2025-11-11T01:00:00Z,2025-11-12T00:00:00Z,TRUE
0045,2025-11-12,7.720833333333333,24,2025-11-12T01:00:00Z,2025-11-13T00:00:00Z,TRUE
0045,2025-11-13,7.408333333333333,24,2025-11-13T01:00:00Z,2025-11-14T00:00:00Z,TRUE
0045,2025-11-14,8.545833333333334,24,2025-11-14T01:00:00Z,2025-11-15T00:00:00Z,TRUE
0045,2025-11-15,15.741666666666667,24,2025-11-15T01:00:00Z,2025-11-16T00:00:00Z,TRUE
0045,2025-11-16,5.6875,24,2025-11-16T01:00:00Z,2025-11-17T00:00:00Z,TRUE
0045,2025-11-17,5.3125,24,2025-11-17T01:00:00Z,2025-11-18T00:00:00Z,TRUE
0045,2025-11-18,11.120833333333334,24,2025-11-18T01:00:00Z,2025-11-19T00:00:00Z,TRUE
0045,2025-11-19,14.783333333333333,24,2025-11-19T01:00:00Z,2025-11-20T00:00:00Z,TRUE
0045,2025-11-20,19.836363636363636,24,2025-11-20T01:00:00Z,2025-11-21T00:00:00Z,TRUE
0045,2025-11-21,16.45909090909091,24,2025-11-21T01:00:00Z,2025-11-22T00:00:00Z,TRUE
0045,2025-11-22,9.475,24,2025-11-22T01:00:00Z,2025-11-23T00:00:00Z,TRUE
0045,2025-11-23,11.116666666666667,24,2025-11-23T01:00:00Z,2025-11-24T00:00:00Z,TRUE
0045,2025-11-24,5.925,24,2025-11-24T01:00:00Z,2025-11-25T00:00:00Z,TRUE
0045,2025-11-25,5.483333333333333,24,2025-11-25T01:00:00Z,2025-11-26T00:00:00Z,TRUE
0045,2025-11-26,5.179166666666667,24,2025-11-26T01:00:00Z,2025-11-27T00:00:00Z,TRUE
0045,2025-11-27,4.7124999999999995,24,2025-11-27T01:00:00Z,2025-11-28T00:00:00Z,TRUE
0045,2025-11-28,4.5874999999999995,24,2025-11-28T01:00:00Z,2025-11-29T00:00:00Z,TRUE
0045,2025-11-29,5.083333333333334,24,2025-11-29T01:00:00Z,2025-11-30T00:00:00Z,TRUE
0045,2025-11-30,7.141666666666667,24,2025-11-30T01:00:00Z,2025-12-01T00:00:00Z,TRUE
0045,2025-12-01,4.521739130434782,24,2025-12-01T01:00:00Z,2025-12-02T00:00:00Z,TRUE
0045,2025-12-02,8.195833333333333,24,2025-12-02T01:00:00Z,2025-12-03T00:00:00Z,TRUE
0045,2025-12-03,13.052173913043479,24,2025-12-03T01:00:00Z,2025-12-04T00:00:00Z,TRUE
0045,2025-12-04,10.754166666666666,24,2025-12-04T01:00:00Z,2025-12-05T00:00:00Z,TRUE
0045,2025-12-05,8.9,24,2025-12-05T01:00:00Z,2025-12-06T00:00:00Z,TRUE
0045,2025-12-06,19.879166666666666,24,2025-12-06T01:00:00Z,2025-12-07T00:00:00Z,TRUE
0045,2025-12-07,18.1625,24,2025-12-07T01:00:00Z,2025-12-08T00:00:00Z,TRUE
0045,2025-12-08,3.35,24,2025-12-08T01:00:00Z,2025-12-09T00:00:00Z,TRUE
0045,2025-12-09,6.925,24,2025-12-09T01:00:00Z,2025-12-10T00:00:00Z,TRUE
0045,2025-12-10,6.270833333333333,24,2025-12-10T01:00:00Z,2025-12-11T00:00:00Z,TRUE
0045,2025-12-11,4.699999999999999,24,2025-12-11T01:00:00Z,2025-12-12T00:00:00Z,TRUE
0045,2025-12-12,7.025,24,2025-12-12T01:00:00Z,2025-12-13T00:00:00Z,TRUE
0045,2025-12-13,12.183333333333334,24,2025-12-13T01:00:00Z,2025-12-14T00:00:00Z,TRUE
0045,2025-12-14,4.3,24,2025-12-14T01:00:00Z,2025-12-15T00:00:00Z,TRUE
0045,2025-12-15,7.233333333333333,24,2025-12-15T01:00:00Z,2025-12-16T00:00:00Z,TRUE
0045,2025-12-16,10.7375,24,2025-12-16T01:00:00Z,2025-12-17T00:00:00Z,TRUE
0045,2025-12-17,13.217391304347826,24,2025-12-17T01:00:00Z,2025-12-18T00:00:00Z,TRUE
0045,2025-12-18,11.3375,24,2025-12-18T01:00:00Z,2025-12-19T00:00:00Z,TRUE
0045,2025-12-19,5.445833333333334,24,2025-12-19T01:00:00Z,2025-12-20T00:00:00Z,TRUE
0045,2025-12-20,6.658333333333333,24,2025-12-20T01:00:00Z,2025-12-21T00:00:00Z,TRUE
0045,2025-12-21,7.116666666666667,24,2025-12-21T01:00:00Z,2025-12-22T00:00:00Z,TRUE
0045,2025-12-22,9.729166666666666,24,2025-12-22T01:00:00Z,2025-12-23T00:00:00Z,TRUE
0045,2025-12-23,11.420833333333333,24,2025-12-23T01:00:00Z,2025-12-24T00:00:00Z,TRUE
0045,2025-12-24,14.941666666666666,24,2025-12-24T01:00:00Z,2025-12-25T00:00:00Z,TRUE
0045,2025-12-25,15.875,24,2025-12-25T01:00:00Z,2025-12-26T00:00:00Z,TRUE
0045,2025-12-26,8.508333333333333,24,2025-12-26T01:00:00Z,2025-12-27T00:00:00Z,TRUE
0045,2025-12-27,7.029166666666667,24,2025-12-27T01:00:00Z,2025-12-28T00:00:00Z,TRUE
0045,2025-12-28,9.9125,24,2025-12-28T01:00:00Z,2025-12-29T00:00:00Z,TRUE
0045,2025-12-29,5.370833333333334,24,2025-12-29T01:00:00Z,2025-12-30T00:00:00Z,TRUE
0045,2025-12-30,6.854166666666667,24,2025-12-30T01:00:00Z,2025-12-31T00:00:00Z,TRUE
0045,2025-12-31,8.4125,24,2025-12-31T01:00:00Z,2026-01-01T00:00:00Z,TRUE
0045,2026-01-01,3.3000000000000003,4,2026-01-01T01:00:00Z,2026-01-01T04:00:00Z,FALSE
0045,NA,6.949999999999999,2,2025-03-09T07:00:00Z,2025-03-09T07:00:00Z,FALSE
0060,2024-11-01,3.8,21,2024-11-01T04:00:00Z,2024-11-02T00:00:00Z,TRUE
0060,2024-11-02,4.0625,24,2024-11-02T01:00:00Z,2024-11-03T00:00:00Z,TRUE
0060,2024-11-03,5.28695652173913,23,2024-11-03T01:00:00Z,2024-11-04T00:00:00Z,TRUE
0060,2024-11-04,8.720833333333333,24,2024-11-04T01:00:00Z,2024-11-05T00:00:00Z,TRUE
0060,2024-11-05,8.070833333333333,24,2024-11-05T01:00:00Z,2024-11-06T00:00:00Z,TRUE
0060,2024-11-06,5.5625,24,2024-11-06T01:00:00Z,2024-11-07T00:00:00Z,TRUE
0060,2024-11-07,3.6375,24,2024-11-07T01:00:00Z,2024-11-08T00:00:00Z,TRUE
0060,2024-11-08,7.541666666666667,24,2024-11-08T01:00:00Z,2024-11-09T00:00:00Z,TRUE
0060,2024-11-09,3.1333333333333333,24,2024-11-09T01:00:00Z,2024-11-10T00:00:00Z,TRUE
0060,2024-11-10,8.866666666666667,24,2024-11-10T01:00:00Z,2024-11-11T00:00:00Z,TRUE
0060,2024-11-11,4.5625,24,2024-11-11T01:00:00Z,2024-11-12T00:00:00Z,TRUE
0060,2024-11-12,1.6333333333333333,24,2024-11-12T01:00:00Z,2024-11-13T00:00:00Z,TRUE
0060,2024-11-13,3.2708333333333335,24,2024-11-13T01:00:00Z,2024-11-14T00:00:00Z,TRUE
0060,2024-11-14,4.283333333333333,24,2024-11-14T01:00:00Z,2024-11-15T00:00:00Z,TRUE
0060,2024-11-15,8.975,24,2024-11-15T01:00:00Z,2024-11-16T00:00:00Z,TRUE
0060,2024-11-16,4.25,24,2024-11-16T01:00:00Z,2024-11-17T00:00:00Z,TRUE
0060,2024-11-17,9.5125,24,2024-11-17T01:00:00Z,2024-11-18T00:00:00Z,TRUE
0060,2024-11-18,15.0375,24,2024-11-18T01:00:00Z,2024-11-19T00:00:00Z,TRUE
0060,2024-11-19,13.878260869565217,24,2024-11-19T01:00:00Z,2024-11-20T00:00:00Z,TRUE
0060,2024-11-20,7.266666666666667,24,2024-11-20T01:00:00Z,2024-11-21T00:00:00Z,TRUE
0060,2024-11-21,3.5125,24,2024-11-21T01:00:00Z,2024-11-22T00:00:00Z,TRUE
0060,2024-11-22,3.7333333333333334,24,2024-11-22T01:00:00Z,2024-11-23T00:00:00Z,TRUE
0060,2024-11-23,1.3083333333333333,24,2024-11-23T01:00:00Z,2024-11-24T00:00:00Z,TRUE
0060,2024-11-24,8.441666666666666,24,2024-11-24T01:00:00Z,2024-11-25T00:00:00Z,TRUE
0060,2024-11-25,11.879166666666666,24,2024-11-25T01:00:00Z,2024-11-26T00:00:00Z,TRUE
0060,2024-11-26,6.9750000000000005,24,2024-11-26T01:00:00Z,2024-11-27T00:00:00Z,TRUE
0060,2024-11-27,6.533333333333333,24,2024-11-27T01:00:00Z,2024-11-28T00:00:00Z,TRUE
0060,2024-11-28,5.70952380952381,24,2024-11-28T01:00:00Z,2024-11-29T00:00:00Z,TRUE
0060,2024-11-29,6.483333333333333,24,2024-11-29T01:00:00Z,2024-11-30T00:00:00Z,TRUE
0060,2024-11-30,7.558333333333334,24,2024-11-30T01:00:00Z,2024-12-01T00:00:00Z,TRUE
0060,2024-12-01,6.529166666666667,24,2024-12-01T01:00:00Z,2024-12-02T00:00:00Z,TRUE
0060,2024-12-02,8.629166666666666,24,2024-12-02T01:00:00Z,2024-12-03T00:00:00Z,TRUE
0060,2024-12-03,11.2,24,2024-12-03T01:00:00Z,2024-12-04T00:00:00Z,TRUE
0060,2024-12-04,12.458333333333334,24,2024-12-04T01:00:00Z,2024-12-05T00:00:00Z,TRUE
0060,2024-12-05,4.377272727272727,24,2024-12-05T01:00:00Z,2024-12-06T00:00:00Z,TRUE
0060,2024-12-06,3.8166666666666664,24,2024-12-06T01:00:00Z,2024-12-07T00:00:00Z,TRUE
0060,2024-12-07,6.324999999999999,24,2024-12-07T01:00:00Z,2024-12-08T00:00:00Z,TRUE
0060,2024-12-08,7.85,24,2024-12-08T01:00:00Z,2024-12-09T00:00:00Z,TRUE
0060,2024-12-09,5.966666666666667,24,2024-12-09T01:00:00Z,2024-12-10T00:00:00Z,TRUE
0060,2024-12-10,13.325,24,2024-12-10T01:00:00Z,2024-12-11T00:00:00Z,TRUE
0060,2024-12-11,10.3125,24,2024-12-11T01:00:00Z,2024-12-12T00:00:00Z,TRUE
0060,2024-12-12,5.3125,24,2024-12-12T01:00:00Z,2024-12-13T00:00:00Z,TRUE
0060,2024-12-13,6.7875000000000005,24,2024-12-13T01:00:00Z,2024-12-14T00:00:00Z,TRUE
0060,2024-12-14,10.508333333333333,24,2024-12-14T01:00:00Z,2024-12-15T00:00:00Z,TRUE
0060,2024-12-15,10.520833333333334,24,2024-12-15T01:00:00Z,2024-12-16T00:00:00Z,TRUE
0060,2024-12-16,7.2375,24,2024-12-16T01:00:00Z,2024-12-17T00:00:00Z,TRUE
0060,2024-12-17,7.6409090909090915,24,2024-12-17T01:00:00Z,2024-12-18T00:00:00Z,TRUE
0060,2024-12-18,18.90434782608696,24,2024-12-18T01:00:00Z,2024-12-19T00:00:00Z,TRUE
0060,2024-12-19,5.85,24,2024-12-19T01:00:00Z,2024-12-20T00:00:00Z,TRUE
0060,2024-12-20,10.504166666666666,24,2024-12-20T01:00:00Z,2024-12-21T00:00:00Z,TRUE
0060,2024-12-21,2.6291666666666664,24,2024-12-21T01:00:00Z,2024-12-22T00:00:00Z,TRUE
0060,2024-12-22,5.116666666666667,24,2024-12-22T01:00:00Z,2024-12-23T00:00:00Z,TRUE
0060,2024-12-23,9.966666666666667,24,2024-12-23T01:00:00Z,2024-12-24T00:00:00Z,TRUE
0060,2024-12-24,10.520833333333334,24,2024-12-24T01:00:00Z,2024-12-25T00:00:00Z,TRUE
0060,2024-12-25,15.658333333333333,24,2024-12-25T01:00:00Z,2024-12-26T00:00:00Z,TRUE
0060,2024-12-26,11.404166666666667,24,2024-12-26T01:00:00Z,2024-12-27T00:00:00Z,TRUE
0060,2024-12-27,12.029166666666667,24,2024-12-27T01:00:00Z,2024-12-28T00:00:00Z,TRUE
0060,2024-12-28,5.404166666666667,24,2024-12-28T01:00:00Z,2024-12-29T00:00:00Z,TRUE
0060,2024-12-29,6.919047619047619,24,2024-12-29T01:00:00Z,2024-12-30T00:00:00Z,TRUE
0060,2024-12-30,2.7875,24,2024-12-30T01:00:00Z,2024-12-31T00:00:00Z,TRUE
0060,2024-12-31,7.504166666666666,24,2024-12-31T01:00:00Z,2025-01-01T00:00:00Z,TRUE
0060,2025-01-01,3.5500000000000003,24,2025-01-01T01:00:00Z,2025-01-02T00:00:00Z,TRUE
0060,2025-01-02,6.720833333333333,24,2025-01-02T01:00:00Z,2025-01-03T00:00:00Z,TRUE
0060,2025-01-03,7.025,24,2025-01-03T01:00:00Z,2025-01-04T00:00:00Z,TRUE
0060,2025-01-04,2.6625,24,2025-01-04T01:00:00Z,2025-01-05T00:00:00Z,TRUE
0060,2025-01-05,8.095833333333333,24,2025-01-05T01:00:00Z,2025-01-06T00:00:00Z,TRUE
0060,2025-01-06,7.666666666666667,24,2025-01-06T01:00:00Z,2025-01-07T00:00:00Z,TRUE
0060,2025-01-07,2.775,24,2025-01-07T01:00:00Z,2025-01-08T00:00:00Z,TRUE
0060,2025-01-08,3.8,24,2025-01-08T01:00:00Z,2025-01-09T00:00:00Z,TRUE
0060,2025-01-09,5.0874999999999995,24,2025-01-09T01:00:00Z,2025-01-10T00:00:00Z,TRUE
0060,2025-01-10,20.604166666666668,24,2025-01-10T01:00:00Z,2025-01-11T00:00:00Z,TRUE
0060,2025-01-11,20.541666666666668,24,2025-01-11T01:00:00Z,2025-01-12T00:00:00Z,TRUE
0060,2025-01-12,18.175,24,2025-01-12T01:00:00Z,2025-01-13T00:00:00Z,TRUE
0060,2025-01-13,6.495833333333334,24,2025-01-13T01:00:00Z,2025-01-14T00:00:00Z,TRUE
0060,2025-01-14,6.008333333333333,24,2025-01-14T01:00:00Z,2025-01-15T00:00:00Z,TRUE
0060,2025-01-15,7.113636363636364,24,2025-01-15T01:00:00Z,2025-01-16T00:00:00Z,TRUE
0060,2025-01-16,15.516666666666667,24,2025-01-16T01:00:00Z,2025-01-17T00:00:00Z,TRUE
0060,2025-01-17,16.95,24,2025-01-17T01:00:00Z,2025-01-18T00:00:00Z,TRUE
0060,2025-01-18,5.750000000000001,24,2025-01-18T01:00:00Z,2025-01-19T00:00:00Z,TRUE
0060,2025-01-19,2.904166666666667,24,2025-01-19T01:00:00Z,2025-01-20T00:00:00Z,TRUE
0060,2025-01-20,4.445833333333333,24,2025-01-20T01:00:00Z,2025-01-21T00:00:00Z,TRUE
0060,2025-01-21,6.8625,24,2025-01-21T01:00:00Z,2025-01-22T00:00:00Z,TRUE
0060,2025-01-22,10.7375,24,2025-01-22T01:00:00Z,2025-01-23T00:00:00Z,TRUE
0060,2025-01-23,10.795833333333334,24,2025-01-23T01:00:00Z,2025-01-24T00:00:00Z,TRUE
0060,2025-01-24,6.895833333333333,24,2025-01-24T01:00:00Z,2025-01-25T00:00:00Z,TRUE
0060,2025-01-25,16.375,24,2025-01-25T01:00:00Z,2025-01-26T00:00:00Z,TRUE
0060,2025-01-26,7.554166666666667,24,2025-01-26T01:00:00Z,2025-01-27T00:00:00Z,TRUE
0060,2025-01-27,6.420833333333333,24,2025-01-27T01:00:00Z,2025-01-28T00:00:00Z,TRUE
0060,2025-01-28,5.920833333333333,24,2025-01-28T01:00:00Z,2025-01-29T00:00:00Z,TRUE
0060,2025-01-29,5.2,24,2025-01-29T01:00:00Z,2025-01-30T00:00:00Z,TRUE
0060,2025-01-30,8.441666666666666,24,2025-01-30T01:00:00Z,2025-01-31T00:00:00Z,TRUE
0060,2025-01-31,7.233333333333333,24,2025-01-31T01:00:00Z,2025-02-01T00:00:00Z,TRUE
0060,2025-02-01,5.458333333333333,24,2025-02-01T01:00:00Z,2025-02-02T00:00:00Z,TRUE
0060,2025-02-02,6.958333333333333,24,2025-02-02T01:00:00Z,2025-02-03T00:00:00Z,TRUE
0060,2025-02-03,17.05,24,2025-02-03T01:00:00Z,2025-02-04T00:00:00Z,TRUE
0060,2025-02-04,7.495238095238095,24,2025-02-04T01:00:00Z,2025-02-05T00:00:00Z,TRUE
0060,2025-02-05,4.1,24,2025-02-05T01:00:00Z,2025-02-06T00:00:00Z,TRUE
0060,2025-02-06,8.770833333333334,24,2025-02-06T01:00:00Z,2025-02-07T00:00:00Z,TRUE
0060,2025-02-07,5.995833333333334,24,2025-02-07T01:00:00Z,2025-02-08T00:00:00Z,TRUE
0060,2025-02-08,12.770833333333334,24,2025-02-08T01:00:00Z,2025-02-09T00:00:00Z,TRUE
0060,2025-02-09,8.516666666666667,24,2025-02-09T01:00:00Z,2025-02-10T00:00:00Z,TRUE
0060,2025-02-10,9.0875,24,2025-02-10T01:00:00Z,2025-02-11T00:00:00Z,TRUE
0060,2025-02-11,20.016666666666666,24,2025-02-11T01:00:00Z,2025-02-12T00:00:00Z,TRUE
0060,2025-02-12,18.304166666666667,24,2025-02-12T01:00:00Z,2025-02-13T00:00:00Z,TRUE
0060,2025-02-13,8.38695652173913,24,2025-02-13T01:00:00Z,2025-02-14T00:00:00Z,TRUE
0060,2025-02-14,11.933333333333334,24,2025-02-14T01:00:00Z,2025-02-15T00:00:00Z,TRUE
0060,2025-02-15,11.195833333333333,24,2025-02-15T01:00:00Z,2025-02-16T00:00:00Z,TRUE
0060,2025-02-16,6.116666666666667,24,2025-02-16T01:00:00Z,2025-02-17T00:00:00Z,TRUE
0060,2025-02-17,3.7,24,2025-02-17T01:00:00Z,2025-02-18T00:00:00Z,TRUE
0060,2025-02-18,4.266666666666667,24,2025-02-18T01:00:00Z,2025-02-19T00:00:00Z,TRUE
0060,2025-02-19,4.9375,24,2025-02-19T01:00:00Z,2025-02-20T00:00:00Z,TRUE
0060,2025-02-20,5.383333333333333,24,2025-02-20T01:00:00Z,2025-02-21T00:00:00Z,TRUE
0060,2025-02-21,3.6,24,2025-02-21T01:00:00Z,2025-02-22T00:00:00Z,TRUE
0060,2025-02-22,14.35,24,2025-02-22T01:00:00Z,2025-02-23T00:00:00Z,TRUE
0060,2025-02-23,12.1875,24,2025-02-23T01:00:00Z,2025-02-24T00:00:00Z,TRUE
0060,2025-02-24,13.570833333333333,24,2025-02-24T01:00:00Z,2025-02-25T00:00:00Z,TRUE
0060,2025-02-25,8.975,24,2025-02-25T01:00:00Z,2025-02-26T00:00:00Z,TRUE
0060,2025-02-26,13.020833333333332,24,2025-02-26T01:00:00Z,2025-02-27T00:00:00Z,TRUE
0060,2025-02-27,14.15,24,2025-02-27T01:00:00Z,2025-02-28T00:00:00Z,TRUE
0060,2025-02-28,6.3625,24,2025-02-28T01:00:00Z,2025-03-01T00:00:00Z,TRUE
0060,2025-03-01,2.7916666666666665,24,2025-03-01T01:00:00Z,2025-03-02T00:00:00Z,TRUE
0060,2025-03-02,3.6458333333333335,24,2025-03-02T01:00:00Z,2025-03-03T00:00:00Z,TRUE
0060,2025-03-03,7.558333333333334,24,2025-03-03T01:00:00Z,2025-03-04T00:00:00Z,TRUE
0060,2025-03-04,11.533333333333333,24,2025-03-04T01:00:00Z,2025-03-05T00:00:00Z,TRUE
0060,2025-03-05,6.2375,24,2025-03-05T01:00:00Z,2025-03-06T00:00:00Z,TRUE
0060,2025-03-06,1.8958333333333335,24,2025-03-06T01:00:00Z,2025-03-07T00:00:00Z,TRUE
0060,2025-03-07,5.7,24,2025-03-07T01:00:00Z,2025-03-08T00:00:00Z,TRUE
0060,2025-03-08,4.708333333333334,24,2025-03-08T01:00:00Z,2025-03-09T00:00:00Z,TRUE
0060,2025-03-09,4.860869565217391,23,2025-03-09T01:00:00Z,2025-03-10T00:00:00Z,TRUE
0060,2025-03-10,5.425,24,2025-03-10T01:00:00Z,2025-03-11T00:00:00Z,TRUE
0060,2025-03-11,6.375,24,2025-03-11T01:00:00Z,2025-03-12T00:00:00Z,TRUE
0060,2025-03-12,4.121739130434783,24,2025-03-12T01:00:00Z,2025-03-13T00:00:00Z,TRUE
0060,2025-03-13,6.9625,24,2025-03-13T01:00:00Z,2025-03-14T00:00:00Z,TRUE
0060,2025-03-14,17.629166666666666,24,2025-03-14T01:00:00Z,2025-03-15T00:00:00Z,TRUE
0060,2025-03-15,14.629166666666666,24,2025-03-15T01:00:00Z,2025-03-16T00:00:00Z,TRUE
0060,2025-03-16,6.029166666666667,24,2025-03-16T01:00:00Z,2025-03-17T00:00:00Z,TRUE
0060,2025-03-17,3.2291666666666665,24,2025-03-17T01:00:00Z,2025-03-18T00:00:00Z,TRUE
0060,2025-03-18,8.125,24,2025-03-18T01:00:00Z,2025-03-19T00:00:00Z,TRUE
0060,2025-03-19,9.320833333333333,24,2025-03-19T01:00:00Z,2025-03-20T00:00:00Z,TRUE
0060,2025-03-20,5.829166666666667,24,2025-03-20T01:00:00Z,2025-03-21T00:00:00Z,TRUE
0060,2025-03-21,3.35,24,2025-03-21T01:00:00Z,2025-03-22T00:00:00Z,TRUE
0060,2025-03-22,3.8291666666666666,24,2025-03-22T01:00:00Z,2025-03-23T00:00:00Z,TRUE
0060,2025-03-23,5.295833333333333,24,2025-03-23T01:00:00Z,2025-03-24T00:00:00Z,TRUE
0060,2025-03-24,5.5375,24,2025-03-24T01:00:00Z,2025-03-25T00:00:00Z,TRUE
0060,2025-03-25,5.754166666666667,24,2025-03-25T01:00:00Z,2025-03-26T00:00:00Z,TRUE
0060,2025-03-26,3.8916666666666666,24,2025-03-26T01:00:00Z,2025-03-27T00:00:00Z,TRUE
0060,2025-03-27,9.108333333333333,24,2025-03-27T01:00:00Z,2025-03-28T00:00:00Z,TRUE
0060,2025-03-28,12.854166666666666,24,2025-03-28T01:00:00Z,2025-03-29T00:00:00Z,TRUE
0060,2025-03-29,13.670833333333333,24,2025-03-29T01:00:00Z,2025-03-30T00:00:00Z,TRUE
0060,2025-03-30,11.054166666666667,24,2025-03-30T01:00:00Z,2025-03-31T00:00:00Z,TRUE
0060,2025-03-31,3.3875,24,2025-03-31T01:00:00Z,2025-04-01T00:00:00Z,TRUE
0060,2025-04-01,3.6416666666666666,24,2025-04-01T01:00:00Z,2025-04-02T00:00:00Z,TRUE
0060,2025-04-02,5.616666666666667,24,2025-04-02T01:00:00Z,2025-04-03T00:00:00Z,TRUE
0060,2025-04-03,4.054166666666666,24,2025-04-03T01:00:00Z,2025-04-04T00:00:00Z,TRUE
0060,2025-04-04,3.8125,24,2025-04-04T01:00:00Z,2025-04-05T00:00:00Z,TRUE
0060,2025-04-05,4.854166666666667,24,2025-04-05T01:00:00Z,2025-04-06T00:00:00Z,TRUE
0060,2025-04-06,4.1125,24,2025-04-06T01:00:00Z,2025-04-07T00:00:00Z,TRUE
0060,2025-04-07,5.329166666666667,24,2025-04-07T01:00:00Z,2025-04-08T00:00:00Z,TRUE
0060,2025-04-08,3.2958333333333334,24,2025-04-08T01:00:00Z,2025-04-09T00:00:00Z,TRUE
0060,2025-04-09,5.763636363636364,24,2025-04-09T01:00:00Z,2025-04-10T00:00:00Z,TRUE
0060,2025-04-10,8.333333333333334,24,2025-04-10T01:00:00Z,2025-04-11T00:00:00Z,TRUE
0060,2025-04-11,7.741666666666666,24,2025-04-11T01:00:00Z,2025-04-12T00:00:00Z,TRUE
0060,2025-04-12,6.079166666666667,24,2025-04-12T01:00:00Z,2025-04-13T00:00:00Z,TRUE
0060,2025-04-13,9.570833333333333,24,2025-04-13T01:00:00Z,2025-04-14T00:00:00Z,TRUE
0060,2025-04-14,7.891666666666667,24,2025-04-14T01:00:00Z,2025-04-15T00:00:00Z,TRUE
0060,2025-04-15,3.3333333333333335,24,2025-04-15T01:00:00Z,2025-04-16T00:00:00Z,TRUE
0060,2025-04-16,3.658333333333333,24,2025-04-16T01:00:00Z,2025-04-17T00:00:00Z,TRUE
0060,2025-04-17,10.825,24,2025-04-17T01:00:00Z,2025-04-18T00:00:00Z,TRUE
0060,2025-04-18,10.358333333333333,24,2025-04-18T01:00:00Z,2025-04-19T00:00:00Z,TRUE
0060,2025-04-19,9.122727272727273,24,2025-04-19T01:00:00Z,2025-04-20T00:00:00Z,TRUE
0060,2025-04-20,3.1833333333333336,24,2025-04-20T01:00:00Z,2025-04-21T00:00:00Z,TRUE
0060,2025-04-21,6.979166666666667,24,2025-04-21T01:00:00Z,2025-04-22T00:00:00Z,TRUE
0060,2025-04-22,2.6333333333333333,24,2025-04-22T01:00:00Z,2025-04-23T00:00:00Z,TRUE
0060,2025-04-23,10.3,24,2025-04-23T01:00:00Z,2025-04-24T00:00:00Z,TRUE
0060,2025-04-24,12.179166666666667,24,2025-04-24T01:00:00Z,2025-04-25T00:00:00Z,TRUE
0060,2025-04-25,8.395833333333334,24,2025-04-25T01:00:00Z,2025-04-26T00:00:00Z,TRUE
0060,2025-04-26,4.1625,24,2025-04-26T01:00:00Z,2025-04-27T00:00:00Z,TRUE
0060,2025-04-27,3.9916666666666667,24,2025-04-27T01:00:00Z,2025-04-28T00:00:00Z,TRUE
0060,2025-04-28,8.208333333333334,24,2025-04-28T01:00:00Z,2025-04-29T00:00:00Z,TRUE
0060,2025-04-29,10.908333333333333,24,2025-04-29T01:00:00Z,2025-04-30T00:00:00Z,TRUE
0060,2025-04-30,2.3434782608695652,24,2025-04-30T01:00:00Z,2025-05-01T00:00:00Z,TRUE
0060,2025-05-01,7.8125,24,2025-05-01T01:00:00Z,2025-05-02T00:00:00Z,TRUE
0060,2025-05-02,5.4625,24,2025-05-02T01:00:00Z,2025-05-03T00:00:00Z,TRUE
0060,2025-05-03,4.954166666666667,24,2025-05-03T01:00:00Z,2025-05-04T00:00:00Z,TRUE
0060,2025-05-04,4.075,24,2025-05-04T01:00:00Z,2025-05-05T00:00:00Z,TRUE
0060,2025-05-05,6.860869565217391,24,2025-05-05T01:00:00Z,2025-05-06T00:00:00Z,TRUE
0060,2025-05-06,3.825,24,2025-05-06T01:00:00Z,2025-05-07T00:00:00Z,TRUE
0060,2025-05-07,6.5227272727272725,24,2025-05-07T01:00:00Z,2025-05-08T00:00:00Z,TRUE
0060,2025-05-08,5.679166666666667,24,2025-05-08T01:00:00Z,2025-05-09T00:00:00Z,TRUE
0060,2025-05-09,4.8374999999999995,24,2025-05-09T01:00:00Z,2025-05-10T00:00:00Z,TRUE
0060,2025-05-10,7.620833333333334,24,2025-05-10T01:00:00Z,2025-05-11T00:00:00Z,TRUE
0060,2025-05-11,4.466666666666667,24,2025-05-11T01:00:00Z,2025-05-12T00:00:00Z,TRUE
0060,2025-05-12,9.516666666666666,24,2025-05-12T01:00:00Z,2025-05-13T00:00:00Z,TRUE
0060,2025-05-13,3.6416666666666666,24,2025-05-13T01:00:00Z,2025-05-14T00:00:00Z,TRUE
0060,2025-05-14,4.329166666666667,24,2025-05-14T01:00:00Z,2025-05-15T00:00:00Z,TRUE
0060,2025-05-15,7.729166666666667,24,2025-05-15T01:00:00Z,2025-05-16T00:00:00Z,TRUE
0060,2025-05-16,8.695833333333333,24,2025-05-16T01:00:00Z,2025-05-17T00:00:00Z,TRUE
0060,2025-05-17,5.05,24,2025-05-17T01:00:00Z,2025-05-18T00:00:00Z,TRUE
0060,2025-05-18,4.845833333333333,24,2025-05-18T01:00:00Z,2025-05-19T00:00:00Z,TRUE
0060,2025-05-19,3.629166666666667,24,2025-05-19T01:00:00Z,2025-05-20T00:00:00Z,TRUE
0060,2025-05-20,4.495833333333334,24,2025-05-20T01:00:00Z,2025-05-21T00:00:00Z,TRUE
0060,2025-05-21,6.104166666666667,24,2025-05-21T01:00:00Z,2025-05-22T00:00:00Z,TRUE
0060,2025-05-22,2.0875,24,2025-05-22T01:00:00Z,2025-05-23T00:00:00Z,TRUE
0060,2025-05-23,1.5583333333333333,24,2025-05-23T01:00:00Z,2025-05-24T00:00:00Z,TRUE
0060,2025-05-24,1.5083333333333333,24,2025-05-24T01:00:00Z,2025-05-25T00:00:00Z,TRUE
0060,2025-05-25,6.7875,24,2025-05-25T01:00:00Z,2025-05-26T00:00:00Z,TRUE
0060,2025-05-26,8.470833333333333,24,2025-05-26T01:00:00Z,2025-05-27T00:00:00Z,TRUE
0060,2025-05-27,5.766666666666667,24,2025-05-27T01:00:00Z,2025-05-28T00:00:00Z,TRUE
0060,2025-05-28,2.7458333333333336,24,2025-05-28T01:00:00Z,2025-05-29T00:00:00Z,TRUE
0060,2025-05-29,7.483333333333333,24,2025-05-29T01:00:00Z,2025-05-30T00:00:00Z,TRUE
0060,2025-05-30,9.766666666666667,24,2025-05-30T01:00:00Z,2025-05-31T00:00:00Z,TRUE
0060,2025-05-31,6.758333333333334,24,2025-05-31T01:00:00Z,2025-06-01T00:00:00Z,TRUE
0060,2025-06-01,6.095833333333333,24,2025-06-01T01:00:00Z,2025-06-02T00:00:00Z,TRUE
0060,2025-06-02,7.054166666666667,24,2025-06-02T01:00:00Z,2025-06-03T00:00:00Z,TRUE
0060,2025-06-03,12.47391304347826,24,2025-06-03T01:00:00Z,2025-06-04T00:00:00Z,TRUE
0060,2025-06-04,24.804166666666667,24,2025-06-04T01:00:00Z,2025-06-05T00:00:00Z,TRUE
0060,2025-06-05,17.400000000000002,24,2025-06-05T01:00:00Z,2025-06-06T00:00:00Z,TRUE
0060,2025-06-06,24.670833333333334,24,2025-06-06T01:00:00Z,2025-06-07T00:00:00Z,TRUE
0060,2025-06-07,30.891666666666666,24,2025-06-07T01:00:00Z,2025-06-08T00:00:00Z,TRUE
0060,2025-06-08,29.041666666666668,24,2025-06-08T01:00:00Z,2025-06-09T00:00:00Z,TRUE
0060,2025-06-09,11.870833333333334,24,2025-06-09T01:00:00Z,2025-06-10T00:00:00Z,TRUE
0060,2025-06-10,10.5125,24,2025-06-10T01:00:00Z,2025-06-11T00:00:00Z,TRUE
0060,2025-06-11,16.725,24,2025-06-11T01:00:00Z,2025-06-12T00:00:00Z,TRUE
0060,2025-06-12,20.179166666666667,24,2025-06-12T01:00:00Z,2025-06-13T00:00:00Z,TRUE
0060,2025-06-13,17.104166666666668,24,2025-06-13T01:00:00Z,2025-06-14T00:00:00Z,TRUE
0060,2025-06-14,7.016666666666667,24,2025-06-14T01:00:00Z,2025-06-15T00:00:00Z,TRUE
0060,2025-06-15,9.129166666666666,24,2025-06-15T01:00:00Z,2025-06-16T00:00:00Z,TRUE
0060,2025-06-16,7.683333333333334,24,2025-06-16T01:00:00Z,2025-06-17T00:00:00Z,TRUE
0060,2025-06-17,8.55,24,2025-06-17T01:00:00Z,2025-06-18T00:00:00Z,TRUE
0060,2025-06-18,6.4,24,2025-06-18T01:00:00Z,2025-06-19T00:00:00Z,TRUE
0060,2025-06-19,4.25,24,2025-06-19T01:00:00Z,2025-06-20T00:00:00Z,TRUE
0060,2025-06-20,6.7875,24,2025-06-20T01:00:00Z,2025-06-21T00:00:00Z,TRUE
0060,2025-06-21,9.204166666666666,24,2025-06-21T01:00:00Z,2025-06-22T00:00:00Z,TRUE
0060,2025-06-22,10.154166666666667,24,2025-06-22T01:00:00Z,2025-06-23T00:00:00Z,TRUE
0060,2025-06-23,13.875,24,2025-06-23T01:00:00Z,2025-06-24T00:00:00Z,TRUE
0060,2025-06-24,14.120833333333334,24,2025-06-24T01:00:00Z,2025-06-25T00:00:00Z,TRUE
0060,2025-06-25,9.716666666666667,24,2025-06-25T01:00:00Z,2025-06-26T00:00:00Z,TRUE
0060,2025-06-26,10.645833333333334,24,2025-06-26T01:00:00Z,2025-06-27T00:00:00Z,TRUE
0060,2025-06-27,10.891304347826088,24,2025-06-27T01:00:00Z,2025-06-28T00:00:00Z,TRUE
0060,2025-06-28,7.945833333333333,24,2025-06-28T01:00:00Z,2025-06-29T00:00:00Z,TRUE
0060,2025-06-29,6.391666666666667,24,2025-06-29T01:00:00Z,2025-06-30T00:00:00Z,TRUE
0060,2025-06-30,9.229166666666666,24,2025-06-30T01:00:00Z,2025-07-01T00:00:00Z,TRUE
0060,2025-07-01,6.058333333333334,24,2025-07-01T01:00:00Z,2025-07-02T00:00:00Z,TRUE
0060,2025-07-02,9.583333333333334,24,2025-07-02T01:00:00Z,2025-07-03T00:00:00Z,TRUE
0060,2025-07-03,17.7875,24,2025-07-03T01:00:00Z,2025-07-04T00:00:00Z,TRUE
0060,2025-07-04,18.858333333333334,24,2025-07-04T01:00:00Z,2025-07-05T00:00:00Z,TRUE
0060,2025-07-05,30.154166666666665,24,2025-07-05T01:00:00Z,2025-07-06T00:00:00Z,TRUE
0060,2025-07-06,17.28333333333333,24,2025-07-06T01:00:00Z,2025-07-07T00:00:00Z,TRUE
0060,2025-07-07,8.266666666666667,24,2025-07-07T01:00:00Z,2025-07-08T00:00:00Z,TRUE
0060,2025-07-08,11.299999999999999,24,2025-07-08T01:00:00Z,2025-07-09T00:00:00Z,TRUE
0060,2025-07-09,22.9625,24,2025-07-09T01:00:00Z,2025-07-10T00:00:00Z,TRUE
0060,2025-07-10,14.220833333333333,24,2025-07-10T01:00:00Z,2025-07-11T00:00:00Z,TRUE
0060,2025-07-11,13.383333333333333,24,2025-07-11T01:00:00Z,2025-07-12T00:00:00Z,TRUE
0060,2025-07-12,12.091666666666667,24,2025-07-12T01:00:00Z,2025-07-13T00:00:00Z,TRUE
0060,2025-07-13,7.75,24,2025-07-13T01:00:00Z,2025-07-14T00:00:00Z,TRUE
0060,2025-07-14,24.357142857142858,24,2025-07-14T01:00:00Z,2025-07-15T00:00:00Z,TRUE
0060,2025-07-15,31.84583333333333,24,2025-07-15T01:00:00Z,2025-07-16T00:00:00Z,TRUE
0060,2025-07-16,26.033333333333335,24,2025-07-16T01:00:00Z,2025-07-17T00:00:00Z,TRUE
0060,2025-07-17,5.133333333333334,24,2025-07-17T01:00:00Z,2025-07-18T00:00:00Z,TRUE
0060,2025-07-18,2.6083333333333334,24,2025-07-18T01:00:00Z,2025-07-19T00:00:00Z,TRUE
0060,2025-07-19,5.7625,24,2025-07-19T01:00:00Z,2025-07-20T00:00:00Z,TRUE
0060,2025-07-20,7.091666666666667,24,2025-07-20T01:00:00Z,2025-07-21T00:00:00Z,TRUE
0060,2025-07-21,19.320833333333333,24,2025-07-21T01:00:00Z,2025-07-22T00:00:00Z,TRUE
0060,2025-07-22,6.516666666666667,24,2025-07-22T01:00:00Z,2025-07-23T00:00:00Z,TRUE
0060,2025-07-23,7.654166666666667,24,2025-07-23T01:00:00Z,2025-07-24T00:00:00Z,TRUE
0060,2025-07-24,19.516666666666666,24,2025-07-24T01:00:00Z,2025-07-25T00:00:00Z,TRUE
0060,2025-07-25,8.234782608695653,24,2025-07-25T01:00:00Z,2025-07-26T00:00:00Z,TRUE
0060,2025-07-26,9.425,24,2025-07-26T01:00:00Z,2025-07-27T00:00:00Z,TRUE
0060,2025-07-27,7.029166666666667,24,2025-07-27T01:00:00Z,2025-07-28T00:00:00Z,TRUE
0060,2025-07-28,13.083333333333334,24,2025-07-28T01:00:00Z,2025-07-29T00:00:00Z,TRUE
0060,2025-07-29,6.554166666666666,24,2025-07-29T01:00:00Z,2025-07-30T00:00:00Z,TRUE
0060,2025-07-30,12.179166666666667,24,2025-07-30T01:00:00Z,2025-07-31T00:00:00Z,TRUE
0060,2025-07-31,27.383333333333333,24,2025-07-31T01:00:00Z,2025-08-01T00:00:00Z,TRUE
0060,2025-08-01,15.891666666666667,24,2025-08-01T01:00:00Z,2025-08-02T00:00:00Z,TRUE
0060,2025-08-02,6.804166666666667,24,2025-08-02T01:00:00Z,2025-08-03T00:00:00Z,TRUE
0060,2025-08-03,14.420833333333334,24,2025-08-03T01:00:00Z,2025-08-04T00:00:00Z,TRUE
0060,2025-08-04,34.30416666666667,24,2025-08-04T01:00:00Z,2025-08-05T00:00:00Z,TRUE
0060,2025-08-05,31.287499999999998,24,2025-08-05T01:00:00Z,2025-08-06T00:00:00Z,TRUE
0060,2025-08-06,22.458333333333332,24,2025-08-06T01:00:00Z,2025-08-07T00:00:00Z,TRUE
0060,2025-08-07,18.0875,24,2025-08-07T01:00:00Z,2025-08-08T00:00:00Z,TRUE
0060,2025-08-08,14.741666666666667,24,2025-08-08T01:00:00Z,2025-08-09T00:00:00Z,TRUE
0060,2025-08-09,18.15833333333333,24,2025-08-09T01:00:00Z,2025-08-10T00:00:00Z,TRUE
0060,2025-08-10,21.075,24,2025-08-10T01:00:00Z,2025-08-11T00:00:00Z,TRUE
0060,2025-08-11,17.845833333333335,24,2025-08-11T01:00:00Z,2025-08-12T00:00:00Z,TRUE
0060,2025-08-12,15.141666666666667,24,2025-08-12T01:00:00Z,2025-08-13T00:00:00Z,TRUE
0060,2025-08-13,7.324999999999999,24,2025-08-13T01:00:00Z,2025-08-14T00:00:00Z,TRUE
0060,2025-08-14,15.091666666666667,24,2025-08-14T01:00:00Z,2025-08-15T00:00:00Z,TRUE
0060,2025-08-15,26.016666666666666,24,2025-08-15T01:00:00Z,2025-08-16T00:00:00Z,TRUE
0060,2025-08-16,19.90833333333333,24,2025-08-16T01:00:00Z,2025-08-17T00:00:00Z,TRUE
0060,2025-08-17,12.104166666666666,24,2025-08-17T01:00:00Z,2025-08-18T00:00:00Z,TRUE
0060,2025-08-18,3.5791666666666666,24,2025-08-18T01:00:00Z,2025-08-19T00:00:00Z,TRUE
0060,2025-08-19,8.2875,24,2025-08-19T01:00:00Z,2025-08-20T00:00:00Z,TRUE
0060,2025-08-20,5.708695652173914,24,2025-08-20T01:00:00Z,2025-08-21T00:00:00Z,TRUE
0060,2025-08-21,1.9833333333333334,24,2025-08-21T01:00:00Z,2025-08-22T00:00:00Z,TRUE
0060,2025-08-22,2.841666666666667,24,2025-08-22T01:00:00Z,2025-08-23T00:00:00Z,TRUE
0060,2025-08-23,8.116666666666667,24,2025-08-23T01:00:00Z,2025-08-24T00:00:00Z,TRUE
0060,2025-08-24,4.925,24,2025-08-24T01:00:00Z,2025-08-25T00:00:00Z,TRUE
0060,2025-08-25,3.0041666666666664,24,2025-08-25T01:00:00Z,2025-08-26T00:00:00Z,TRUE
0060,2025-08-26,4.383333333333334,24,2025-08-26T01:00:00Z,2025-08-27T00:00:00Z,TRUE
0060,2025-08-27,4.658333333333333,24,2025-08-27T01:00:00Z,2025-08-28T00:00:00Z,TRUE
0060,2025-08-28,6.570833333333334,24,2025-08-28T01:00:00Z,2025-08-29T00:00:00Z,TRUE
0060,2025-08-29,2.8666666666666667,24,2025-08-29T01:00:00Z,2025-08-30T00:00:00Z,TRUE
0060,2025-08-30,4.695833333333333,24,2025-08-30T01:00:00Z,2025-08-31T00:00:00Z,TRUE
0060,2025-08-31,8.508333333333333,24,2025-08-31T01:00:00Z,2025-09-01T00:00:00Z,TRUE
0060,2025-09-01,6.341666666666667,24,2025-09-01T01:00:00Z,2025-09-02T00:00:00Z,TRUE
0060,2025-09-02,7.970833333333333,24,2025-09-02T01:00:00Z,2025-09-03T00:00:00Z,TRUE
0060,2025-09-03,10.316666666666666,24,2025-09-03T01:00:00Z,2025-09-04T00:00:00Z,TRUE
0060,2025-09-04,6.258333333333333,24,2025-09-04T01:00:00Z,2025-09-05T00:00:00Z,TRUE
0060,2025-09-05,13.1,24,2025-09-05T01:00:00Z,2025-09-06T00:00:00Z,TRUE
0060,2025-09-06,5.0125,24,2025-09-06T01:00:00Z,2025-09-07T00:00:00Z,TRUE
0060,2025-09-07,3.9125,24,2025-09-07T01:00:00Z,2025-09-08T00:00:00Z,TRUE
0060,2025-09-08,9.104166666666666,24,2025-09-08T01:00:00Z,2025-09-09T00:00:00Z,TRUE
0060,2025-09-09,7.233333333333333,24,2025-09-09T01:00:00Z,2025-09-10T00:00:00Z,TRUE
0060,2025-09-10,9.341666666666667,24,2025-09-10T01:00:00Z,2025-09-11T00:00:00Z,TRUE
0060,2025-09-11,16.604166666666668,24,2025-09-11T01:00:00Z,2025-09-12T00:00:00Z,TRUE
0060,2025-09-12,16.6875,24,2025-09-12T01:00:00Z,2025-09-13T00:00:00Z,TRUE
0060,2025-09-13,14.833333333333334,24,2025-09-13T01:00:00Z,2025-09-14T00:00:00Z,TRUE
0060,2025-09-14,14.358333333333333,24,2025-09-14T01:00:00Z,2025-09-15T00:00:00Z,TRUE
0060,2025-09-15,11.491666666666667,24,2025-09-15T01:00:00Z,2025-09-16T00:00:00Z,TRUE
0060,2025-09-16,12.404166666666667,24,2025-09-16T01:00:00Z,2025-09-17T00:00:00Z,TRUE
0060,2025-09-17,15.91304347826087,24,2025-09-17T01:00:00Z,2025-09-18T00:00:00Z,TRUE
0060,2025-09-18,18.125,24,2025-09-18T01:00:00Z,2025-09-19T00:00:00Z,TRUE
0060,2025-09-19,14.008333333333333,24,2025-09-19T01:00:00Z,2025-09-20T00:00:00Z,TRUE
0060,2025-09-20,4.85,24,2025-09-20T01:00:00Z,2025-09-21T00:00:00Z,TRUE
0060,2025-09-21,10.554166666666667,24,2025-09-21T01:00:00Z,2025-09-22T00:00:00Z,TRUE
0060,2025-09-22,9.833333333333334,24,2025-09-22T01:00:00Z,2025-09-23T00:00:00Z,TRUE
0060,2025-09-23,4.5875,24,2025-09-23T01:00:00Z,2025-09-24T00:00:00Z,TRUE
0060,2025-09-24,8.4875,24,2025-09-24T01:00:00Z,2025-09-25T00:00:00Z,TRUE
0060,2025-09-25,8.804166666666667,24,2025-09-25T01:00:00Z,2025-09-26T00:00:00Z,TRUE
0060,2025-09-26,14.929166666666667,24,2025-09-26T01:00:00Z,2025-09-27T00:00:00Z,TRUE
0060,2025-09-27,12.466666666666667,24,2025-09-27T01:00:00Z,2025-09-28T00:00:00Z,TRUE
0060,2025-09-28,15.529166666666667,24,2025-09-28T01:00:00Z,2025-09-29T00:00:00Z,TRUE
0060,2025-09-29,12.591666666666667,24,2025-09-29T01:00:00Z,2025-09-30T00:00:00Z,TRUE
0060,2025-09-30,14.712499999999999,24,2025-09-30T01:00:00Z,2025-10-01T00:00:00Z,TRUE
0060,2025-10-01,4.508333333333333,24,2025-10-01T01:00:00Z,2025-10-02T00:00:00Z,TRUE
0060,2025-10-02,7.825,24,2025-10-02T01:00:00Z,2025-10-03T00:00:00Z,TRUE
0060,2025-10-03,11.75,24,2025-10-03T01:00:00Z,2025-10-04T00:00:00Z,TRUE
0060,2025-10-04,15.858333333333334,24,2025-10-04T01:00:00Z,2025-10-05T00:00:00Z,TRUE
0060,2025-10-05,13.625,24,2025-10-05T01:00:00Z,2025-10-06T00:00:00Z,TRUE
0060,2025-10-06,9.404166666666667,24,2025-10-06T01:00:00Z,2025-10-07T00:00:00Z,TRUE
0060,2025-10-07,3.5791666666666666,24,2025-10-07T01:00:00Z,2025-10-08T00:00:00Z,TRUE
0060,2025-10-08,2.55,24,2025-10-08T01:00:00Z,2025-10-09T00:00:00Z,TRUE
0060,2025-10-09,3.1083333333333334,24,2025-10-09T01:00:00Z,2025-10-10T00:00:00Z,TRUE
0060,2025-10-10,6.929166666666667,24,2025-10-10T01:00:00Z,2025-10-11T00:00:00Z,TRUE
0060,2025-10-11,4.4375,24,2025-10-11T01:00:00Z,2025-10-12T00:00:00Z,TRUE
0060,2025-10-12,5.441666666666666,24,2025-10-12T01:00:00Z,2025-10-13T00:00:00Z,TRUE
0060,2025-10-13,5.8,24,2025-10-13T01:00:00Z,2025-10-14T00:00:00Z,TRUE
0060,2025-10-14,3.3958333333333335,24,2025-10-14T01:00:00Z,2025-10-15T00:00:00Z,TRUE
0060,2025-10-15,2.2958333333333334,24,2025-10-15T01:00:00Z,2025-10-16T00:00:00Z,TRUE
0060,2025-10-16,1.9500000000000002,24,2025-10-16T01:00:00Z,2025-10-17T00:00:00Z,TRUE
0060,2025-10-17,8.833333333333332,24,2025-10-17T01:00:00Z,2025-10-18T00:00:00Z,TRUE
0060,2025-10-18,10.125,24,2025-10-18T01:00:00Z,2025-10-19T00:00:00Z,TRUE
0060,2025-10-19,10,24,2025-10-19T01:00:00Z,2025-10-20T00:00:00Z,TRUE
0060,2025-10-20,3.4375,24,2025-10-20T01:00:00Z,2025-10-21T00:00:00Z,TRUE
0060,2025-10-21,4.679166666666666,24,2025-10-21T01:00:00Z,2025-10-22T00:00:00Z,TRUE
0060,2025-10-22,3.066666666666667,24,2025-10-22T01:00:00Z,2025-10-23T00:00:00Z,TRUE
0060,2025-10-23,2.5416666666666665,24,2025-10-23T01:00:00Z,2025-10-24T00:00:00Z,TRUE
0060,2025-10-24,2.9541666666666666,24,2025-10-24T01:00:00Z,2025-10-25T00:00:00Z,TRUE
0060,2025-10-25,3.979166666666667,24,2025-10-25T01:00:00Z,2025-10-26T00:00:00Z,TRUE
0060,2025-10-26,6.220833333333333,24,2025-10-26T01:00:00Z,2025-10-27T00:00:00Z,TRUE
0060,2025-10-27,4.8375,24,2025-10-27T01:00:00Z,2025-10-28T00:00:00Z,TRUE
0060,2025-10-28,3.529166666666667,24,2025-10-28T01:00:00Z,2025-10-29T00:00:00Z,TRUE
0060,2025-10-29,4.495833333333334,24,2025-10-29T01:00:00Z,2025-10-30T00:00:00Z,TRUE
0060,2025-10-30,2.1,24,2025-10-30T01:00:00Z,2025-10-31T00:00:00Z,TRUE
0060,2025-10-31,3.1708333333333334,24,2025-10-31T01:00:00Z,2025-11-01T00:00:00Z,TRUE
0060,2025-11-01,9.533333333333333,24,2025-11-01T01:00:00Z,2025-11-02T00:00:00Z,TRUE
0060,2025-11-02,16.291304347826088,23,2025-11-02T01:00:00Z,2025-11-03T00:00:00Z,TRUE
0060,2025-11-03,10.450000000000001,24,2025-11-03T01:00:00Z,2025-11-04T00:00:00Z,TRUE
0060,2025-11-04,3.8083333333333336,24,2025-11-04T01:00:00Z,2025-11-05T00:00:00Z,TRUE
0060,2025-11-05,7.35,24,2025-11-05T01:00:00Z,2025-11-06T00:00:00Z,TRUE
0060,2025-11-06,2.783333333333333,24,2025-11-06T01:00:00Z,2025-11-07T00:00:00Z,TRUE
0060,2025-11-07,8.290909090909091,24,2025-11-07T01:00:00Z,2025-11-08T00:00:00Z,TRUE
0060,2025-11-08,5.9208333333333325,24,2025-11-08T01:00:00Z,2025-11-09T00:00:00Z,TRUE
0060,2025-11-09,3.5791666666666666,24,2025-11-09T01:00:00Z,2025-11-10T00:00:00Z,TRUE
0060,2025-11-10,1.4666666666666666,24,2025-11-10T01:00:00Z,2025-11-11T00:00:00Z,TRUE
0060,2025-11-11,4.475,24,2025-11-11T01:00:00Z,2025-11-12T00:00:00Z,TRUE
0060,2025-11-12,5.75,24,2025-11-12T01:00:00Z,2025-11-13T00:00:00Z,TRUE
0060,2025-11-13,4.258333333333333,24,2025-11-13T01:00:00Z,2025-11-14T00:00:00Z,TRUE
0060,2025-11-14,9.97391304347826,24,2025-11-14T01:00:00Z,2025-11-15T00:00:00Z,TRUE
0060,2025-11-15,16.629166666666666,24,2025-11-15T01:00:00Z,2025-11-16T00:00:00Z,TRUE
0060,2025-11-16,4.279166666666667,24,2025-11-16T01:00:00Z,2025-11-17T00:00:00Z,TRUE
0060,2025-11-17,2.308333333333333,24,2025-11-17T01:00:00Z,2025-11-18T00:00:00Z,TRUE
0060,2025-11-18,15.329166666666667,24,2025-11-18T01:00:00Z,2025-11-19T00:00:00Z,TRUE
0060,2025-11-19,15.391666666666667,24,2025-11-19T01:00:00Z,2025-11-20T00:00:00Z,TRUE
0060,2025-11-20,21.404166666666665,24,2025-11-20T01:00:00Z,2025-11-21T00:00:00Z,TRUE
0060,2025-11-21,13.416666666666666,24,2025-11-21T01:00:00Z,2025-11-22T00:00:00Z,TRUE
0060,2025-11-22,8.066666666666666,24,2025-11-22T01:00:00Z,2025-11-23T00:00:00Z,TRUE
0060,2025-11-23,10.129166666666666,24,2025-11-23T01:00:00Z,2025-11-24T00:00:00Z,TRUE
0060,2025-11-24,8.070833333333333,24,2025-11-24T01:00:00Z,2025-11-25T00:00:00Z,TRUE
0060,2025-11-25,7.004166666666666,24,2025-11-25T01:00:00Z,2025-11-26T00:00:00Z,TRUE
0060,2025-11-26,4.338095238095238,24,2025-11-26T01:00:00Z,2025-11-27T00:00:00Z,TRUE
0060,2025-11-27,3.0666666666666664,24,2025-11-27T01:00:00Z,2025-11-28T00:00:00Z,TRUE
0060,2025-11-28,2.3625,24,2025-11-28T01:00:00Z,2025-11-29T00:00:00Z,TRUE
0060,2025-11-29,5.008333333333333,24,2025-11-29T01:00:00Z,2025-11-30T00:00:00Z,TRUE
0060,2025-11-30,6.211111111111111,24,2025-11-30T01:00:00Z,2025-12-01T00:00:00Z,TRUE
0060,2025-12-01,4.658333333333333,24,2025-12-01T01:00:00Z,2025-12-02T00:00:00Z,TRUE
0060,2025-12-02,8.391666666666667,24,2025-12-02T01:00:00Z,2025-12-03T00:00:00Z,TRUE
0060,2025-12-03,13.0625,24,2025-12-03T01:00:00Z,2025-12-04T00:00:00Z,TRUE
0060,2025-12-04,10.075,24,2025-12-04T01:00:00Z,2025-12-05T00:00:00Z,TRUE
0060,2025-12-05,10.525,24,2025-12-05T01:00:00Z,2025-12-06T00:00:00Z,TRUE
0060,2025-12-06,20.09166666666667,24,2025-12-06T01:00:00Z,2025-12-07T00:00:00Z,TRUE
0060,2025-12-07,17.270833333333332,24,2025-12-07T01:00:00Z,2025-12-08T00:00:00Z,TRUE
0060,2025-12-08,4.6625,24,2025-12-08T01:00:00Z,2025-12-09T00:00:00Z,TRUE
0060,2025-12-09,9.241666666666667,24,2025-12-09T01:00:00Z,2025-12-10T00:00:00Z,TRUE
0060,2025-12-10,6.041666666666667,24,2025-12-10T01:00:00Z,2025-12-11T00:00:00Z,TRUE
0060,2025-12-11,2.0708333333333333,24,2025-12-11T01:00:00Z,2025-12-12T00:00:00Z,TRUE
0060,2025-12-12,6.45,24,2025-12-12T01:00:00Z,2025-12-13T00:00:00Z,TRUE
0060,2025-12-13,11.2,24,2025-12-13T01:00:00Z,2025-12-14T00:00:00Z,TRUE
0060,2025-12-14,2.416666666666667,24,2025-12-14T01:00:00Z,2025-12-15T00:00:00Z,TRUE
0060,2025-12-15,6.9,24,2025-12-15T01:00:00Z,2025-12-16T00:00:00Z,TRUE
0060,2025-12-16,14.066666666666666,24,2025-12-16T01:00:00Z,2025-12-17T00:00:00Z,TRUE
0060,2025-12-17,12.295833333333333,24,2025-12-17T01:00:00Z,2025-12-18T00:00:00Z,TRUE
0060,2025-12-18,13.7125,24,2025-12-18T01:00:00Z,2025-12-19T00:00:00Z,TRUE
0060,2025-12-19,4.916666666666667,24,2025-12-19T01:00:00Z,2025-12-20T00:00:00Z,TRUE
0060,2025-12-20,7.845833333333333,24,2025-12-20T01:00:00Z,2025-12-21T00:00:00Z,TRUE
0060,2025-12-21,4.314285714285714,24,2025-12-21T01:00:00Z,2025-12-22T00:00:00Z,TRUE
0060,2025-12-22,12.90909090909091,24,2025-12-22T01:00:00Z,2025-12-23T00:00:00Z,TRUE
0060,2025-12-23,11.082608695652175,24,2025-12-23T01:00:00Z,2025-12-24T00:00:00Z,TRUE
0060,2025-12-24,14.936363636363636,24,2025-12-24T01:00:00Z,2025-12-25T00:00:00Z,TRUE
0060,2025-12-25,16.258333333333333,24,2025-12-25T01:00:00Z,2025-12-26T00:00:00Z,TRUE
0060,2025-12-26,7.470833333333333,24,2025-12-26T01:00:00Z,2025-12-27T00:00:00Z,TRUE
0060,2025-12-27,5.883333333333333,24,2025-12-27T01:00:00Z,2025-12-28T00:00:00Z,TRUE
0060,2025-12-28,11.079166666666667,24,2025-12-28T01:00:00Z,2025-12-29T00:00:00Z,TRUE
0060,2025-12-29,3.8916666666666666,24,2025-12-29T01:00:00Z,2025-12-30T00:00:00Z,TRUE
0060,2025-12-30,3.0833333333333335,24,2025-12-30T01:00:00Z,2025-12-31T00:00:00Z,TRUE
0060,2025-12-31,7.125,24,2025-12-31T01:00:00Z,2026-01-01T00:00:00Z,TRUE
0060,2026-01-01,NA,4,2026-01-01T01:00:00Z,2026-01-01T04:00:00Z,FALSE
0060,NA,4.85,2,2025-03-09T07:00:00Z,2025-03-09T07:00:00Z,FALSE
0065,2024-11-01,3.8380952380952382,21,2024-11-01T04:00:00Z,2024-11-02T00:00:00Z,TRUE
0065,2024-11-02,4.854166666666667,24,2024-11-02T01:00:00Z,2024-11-03T00:00:00Z,TRUE
0065,2024-11-03,6.821739130434783,23,2024-11-03T01:00:00Z,2024-11-04T00:00:00Z,TRUE
0065,2024-11-04,11.049999999999999,24,2024-11-04T01:00:00Z,2024-11-05T00:00:00Z,TRUE
0065,2024-11-05,10.633333333333333,24,2024-11-05T01:00:00Z,2024-11-06T00:00:00Z,TRUE
0065,2024-11-06,7.483333333333333,24,2024-11-06T01:00:00Z,2024-11-07T00:00:00Z,TRUE
0065,2024-11-07,4.520833333333333,24,2024-11-07T01:00:00Z,2024-11-08T00:00:00Z,TRUE
0065,2024-11-08,7.5,24,2024-11-08T01:00:00Z,2024-11-09T00:00:00Z,TRUE
0065,2024-11-09,4.016666666666667,24,2024-11-09T01:00:00Z,2024-11-10T00:00:00Z,TRUE
0065,2024-11-10,12.708333333333334,24,2024-11-10T01:00:00Z,2024-11-11T00:00:00Z,TRUE
0065,2024-11-11,4.45,24,2024-11-11T01:00:00Z,2024-11-12T00:00:00Z,TRUE
0065,2024-11-12,2.029166666666667,24,2024-11-12T01:00:00Z,2024-11-13T00:00:00Z,TRUE
0065,2024-11-13,4.126086956521739,24,2024-11-13T01:00:00Z,2024-11-14T00:00:00Z,TRUE
0065,2024-11-14,3.4541666666666666,24,2024-11-14T01:00:00Z,2024-11-15T00:00:00Z,TRUE
0065,2024-11-15,10.179166666666665,24,2024-11-15T01:00:00Z,2024-11-16T00:00:00Z,TRUE
0065,2024-11-16,4.904166666666667,24,2024-11-16T01:00:00Z,2024-11-17T00:00:00Z,TRUE
0065,2024-11-17,10.3875,24,2024-11-17T01:00:00Z,2024-11-18T00:00:00Z,TRUE
0065,2024-11-18,16.05217391304348,24,2024-11-18T01:00:00Z,2024-11-19T00:00:00Z,TRUE
0065,2024-11-19,13.004166666666666,24,2024-11-19T01:00:00Z,2024-11-20T00:00:00Z,TRUE
0065,2024-11-20,6.6125,24,2024-11-20T01:00:00Z,2024-11-21T00:00:00Z,TRUE
0065,2024-11-21,3.604166666666667,24,2024-11-21T01:00:00Z,2024-11-22T00:00:00Z,TRUE
0065,2024-11-22,4.258333333333334,24,2024-11-22T01:00:00Z,2024-11-23T00:00:00Z,TRUE
0065,2024-11-23,2.425,24,2024-11-23T01:00:00Z,2024-11-24T00:00:00Z,TRUE
0065,2024-11-24,8.3125,24,2024-11-24T01:00:00Z,2024-11-25T00:00:00Z,TRUE
0065,2024-11-25,10.6875,24,2024-11-25T01:00:00Z,2024-11-26T00:00:00Z,TRUE
0065,2024-11-26,7.15,24,2024-11-26T01:00:00Z,2024-11-27T00:00:00Z,TRUE
0065,2024-11-27,6.945833333333333,24,2024-11-27T01:00:00Z,2024-11-28T00:00:00Z,TRUE
0065,2024-11-28,6.495833333333334,24,2024-11-28T01:00:00Z,2024-11-29T00:00:00Z,TRUE
0065,2024-11-29,6.358333333333333,24,2024-11-29T01:00:00Z,2024-11-30T00:00:00Z,TRUE
0065,2024-11-30,7.3375,24,2024-11-30T01:00:00Z,2024-12-01T00:00:00Z,TRUE
0065,2024-12-01,6.120833333333334,24,2024-12-01T01:00:00Z,2024-12-02T00:00:00Z,TRUE
0065,2024-12-02,8.325,24,2024-12-02T01:00:00Z,2024-12-03T00:00:00Z,TRUE
0065,2024-12-03,11.5875,24,2024-12-03T01:00:00Z,2024-12-04T00:00:00Z,TRUE
0065,2024-12-04,12.754166666666666,24,2024-12-04T01:00:00Z,2024-12-05T00:00:00Z,TRUE
0065,2024-12-05,5.3625,24,2024-12-05T01:00:00Z,2024-12-06T00:00:00Z,TRUE
0065,2024-12-06,4.204166666666667,24,2024-12-06T01:00:00Z,2024-12-07T00:00:00Z,TRUE
0065,2024-12-07,6.470833333333333,24,2024-12-07T01:00:00Z,2024-12-08T00:00:00Z,TRUE
0065,2024-12-08,8.179166666666667,24,2024-12-08T01:00:00Z,2024-12-09T00:00:00Z,TRUE
0065,2024-12-09,5.6125,24,2024-12-09T01:00:00Z,2024-12-10T00:00:00Z,TRUE
0065,2024-12-10,12.254166666666666,24,2024-12-10T01:00:00Z,2024-12-11T00:00:00Z,TRUE
0065,2024-12-11,12.020833333333334,24,2024-12-11T01:00:00Z,2024-12-12T00:00:00Z,TRUE
0065,2024-12-12,5.225,24,2024-12-12T01:00:00Z,2024-12-13T00:00:00Z,TRUE
0065,2024-12-13,7.083333333333333,24,2024-12-13T01:00:00Z,2024-12-14T00:00:00Z,TRUE
0065,2024-12-14,10.220833333333333,24,2024-12-14T01:00:00Z,2024-12-15T00:00:00Z,TRUE
0065,2024-12-15,9.575,24,2024-12-15T01:00:00Z,2024-12-16T00:00:00Z,TRUE
0065,2024-12-16,6.213636363636364,24,2024-12-16T01:00:00Z,2024-12-17T00:00:00Z,TRUE
0065,2024-12-17,7.8875,24,2024-12-17T01:00:00Z,2024-12-18T00:00:00Z,TRUE
0065,2024-12-18,18.2875,24,2024-12-18T01:00:00Z,2024-12-19T00:00:00Z,TRUE
0065,2024-12-19,6.75,24,2024-12-19T01:00:00Z,2024-12-20T00:00:00Z,TRUE
0065,2024-12-20,10.483333333333333,24,2024-12-20T01:00:00Z,2024-12-21T00:00:00Z,TRUE
0065,2024-12-21,3.025,24,2024-12-21T01:00:00Z,2024-12-22T00:00:00Z,TRUE
0065,2024-12-22,3.9958333333333336,24,2024-12-22T01:00:00Z,2024-12-23T00:00:00Z,TRUE
0065,2024-12-23,11.975,24,2024-12-23T01:00:00Z,2024-12-24T00:00:00Z,TRUE
0065,2024-12-24,10.8,24,2024-12-24T01:00:00Z,2024-12-25T00:00:00Z,TRUE
0065,2024-12-25,14.658333333333333,24,2024-12-25T01:00:00Z,2024-12-26T00:00:00Z,TRUE
0065,2024-12-26,9.895833333333334,24,2024-12-26T01:00:00Z,2024-12-27T00:00:00Z,TRUE
0065,2024-12-27,11.091666666666667,24,2024-12-27T01:00:00Z,2024-12-28T00:00:00Z,TRUE
0065,2024-12-28,4.9625,24,2024-12-28T01:00:00Z,2024-12-29T00:00:00Z,TRUE
0065,2024-12-29,5.370833333333334,24,2024-12-29T01:00:00Z,2024-12-30T00:00:00Z,TRUE
0065,2024-12-30,2.8875,24,2024-12-30T01:00:00Z,2024-12-31T00:00:00Z,TRUE
0065,2024-12-31,6.054166666666667,24,2024-12-31T01:00:00Z,2025-01-01T00:00:00Z,TRUE
0065,2025-01-01,3.4458333333333333,24,2025-01-01T01:00:00Z,2025-01-02T00:00:00Z,TRUE
0065,2025-01-02,6.445833333333334,24,2025-01-02T01:00:00Z,2025-01-03T00:00:00Z,TRUE
0065,2025-01-03,6.729166666666667,24,2025-01-03T01:00:00Z,2025-01-04T00:00:00Z,TRUE
0065,2025-01-04,3.1750000000000003,24,2025-01-04T01:00:00Z,2025-01-05T00:00:00Z,TRUE
0065,2025-01-05,7.7375,24,2025-01-05T01:00:00Z,2025-01-06T00:00:00Z,TRUE
0065,2025-01-06,7.154166666666667,24,2025-01-06T01:00:00Z,2025-01-07T00:00:00Z,TRUE
0065,2025-01-07,2.8958333333333335,24,2025-01-07T01:00:00Z,2025-01-08T00:00:00Z,TRUE
0065,2025-01-08,3.7125,24,2025-01-08T01:00:00Z,2025-01-09T00:00:00Z,TRUE
0065,2025-01-09,4.429166666666667,24,2025-01-09T01:00:00Z,2025-01-10T00:00:00Z,TRUE
0065,2025-01-10,20.8,24,2025-01-10T01:00:00Z,2025-01-11T00:00:00Z,TRUE
0065,2025-01-11,20.554166666666667,24,2025-01-11T01:00:00Z,2025-01-12T00:00:00Z,TRUE
0065,2025-01-12,18.2625,24,2025-01-12T01:00:00Z,2025-01-13T00:00:00Z,TRUE
0065,2025-01-13,6.945833333333333,24,2025-01-13T01:00:00Z,2025-01-14T00:00:00Z,TRUE
0065,2025-01-14,6.754545454545455,24,2025-01-14T01:00:00Z,2025-01-15T00:00:00Z,TRUE
0065,2025-01-15,7.533333333333333,24,2025-01-15T01:00:00Z,2025-01-16T00:00:00Z,TRUE
0065,2025-01-16,17.016666666666666,24,2025-01-16T01:00:00Z,2025-01-17T00:00:00Z,TRUE
0065,2025-01-17,19.833333333333332,24,2025-01-17T01:00:00Z,2025-01-18T00:00:00Z,TRUE
0065,2025-01-18,5.591666666666666,24,2025-01-18T01:00:00Z,2025-01-19T00:00:00Z,TRUE
0065,2025-01-19,3.345833333333333,24,2025-01-19T01:00:00Z,2025-01-20T00:00:00Z,TRUE
0065,2025-01-20,4.445833333333334,24,2025-01-20T01:00:00Z,2025-01-21T00:00:00Z,TRUE
0065,2025-01-21,6.916666666666667,24,2025-01-21T01:00:00Z,2025-01-22T00:00:00Z,TRUE
0065,2025-01-22,12.979166666666666,24,2025-01-22T01:00:00Z,2025-01-23T00:00:00Z,TRUE
0065,2025-01-23,14.166666666666666,24,2025-01-23T01:00:00Z,2025-01-24T00:00:00Z,TRUE
0065,2025-01-24,7.233333333333333,24,2025-01-24T01:00:00Z,2025-01-25T00:00:00Z,TRUE
0065,2025-01-25,18.55,24,2025-01-25T01:00:00Z,2025-01-26T00:00:00Z,TRUE
0065,2025-01-26,8.166666666666666,24,2025-01-26T01:00:00Z,2025-01-27T00:00:00Z,TRUE
0065,2025-01-27,7.8375,24,2025-01-27T01:00:00Z,2025-01-28T00:00:00Z,TRUE
0065,2025-01-28,6.025,24,2025-01-28T01:00:00Z,2025-01-29T00:00:00Z,TRUE
0065,2025-01-29,6.041666666666667,24,2025-01-29T01:00:00Z,2025-01-30T00:00:00Z,TRUE
0065,2025-01-30,8.4375,24,2025-01-30T01:00:00Z,2025-01-31T00:00:00Z,TRUE
0065,2025-01-31,9.475,24,2025-01-31T01:00:00Z,2025-02-01T00:00:00Z,TRUE
0065,2025-02-01,5.541666666666667,24,2025-02-01T01:00:00Z,2025-02-02T00:00:00Z,TRUE
0065,2025-02-02,8.125,24,2025-02-02T01:00:00Z,2025-02-03T00:00:00Z,TRUE
0065,2025-02-03,18.55,24,2025-02-03T01:00:00Z,2025-02-04T00:00:00Z,TRUE
0065,2025-02-04,8.304166666666667,24,2025-02-04T01:00:00Z,2025-02-05T00:00:00Z,TRUE
0065,2025-02-05,3.5833333333333335,24,2025-02-05T01:00:00Z,2025-02-06T00:00:00Z,TRUE
0065,2025-02-06,8.991666666666667,24,2025-02-06T01:00:00Z,2025-02-07T00:00:00Z,TRUE
0065,2025-02-07,7.341666666666667,24,2025-02-07T01:00:00Z,2025-02-08T00:00:00Z,TRUE
0065,2025-02-08,12.716666666666667,24,2025-02-08T01:00:00Z,2025-02-09T00:00:00Z,TRUE
0065,2025-02-09,8.954166666666667,24,2025-02-09T01:00:00Z,2025-02-10T00:00:00Z,TRUE
0065,2025-02-10,8.7875,24,2025-02-10T01:00:00Z,2025-02-11T00:00:00Z,TRUE
0065,2025-02-11,20.0375,24,2025-02-11T01:00:00Z,2025-02-12T00:00:00Z,TRUE
0065,2025-02-12,16.233333333333334,24,2025-02-12T01:00:00Z,2025-02-13T00:00:00Z,TRUE
0065,2025-02-13,10.534782608695652,24,2025-02-13T01:00:00Z,2025-02-14T00:00:00Z,TRUE
0065,2025-02-14,13.125,24,2025-02-14T01:00:00Z,2025-02-15T00:00:00Z,TRUE
0065,2025-02-15,13.025,24,2025-02-15T01:00:00Z,2025-02-16T00:00:00Z,TRUE
0065,2025-02-16,7.254166666666666,24,2025-02-16T01:00:00Z,2025-02-17T00:00:00Z,TRUE
0065,2025-02-17,4.3125,24,2025-02-17T01:00:00Z,2025-02-18T00:00:00Z,TRUE
0065,2025-02-18,5.725,24,2025-02-18T01:00:00Z,2025-02-19T00:00:00Z,TRUE
0065,2025-02-19,8.345833333333333,24,2025-02-19T01:00:00Z,2025-02-20T00:00:00Z,TRUE
0065,2025-02-20,5.916666666666667,24,2025-02-20T01:00:00Z,2025-02-21T00:00:00Z,TRUE
0065,2025-02-21,4.0249999999999995,24,2025-02-21T01:00:00Z,2025-02-22T00:00:00Z,TRUE
0065,2025-02-22,14.229166666666666,24,2025-02-22T01:00:00Z,2025-02-23T00:00:00Z,TRUE
0065,2025-02-23,12.229166666666666,24,2025-02-23T01:00:00Z,2025-02-24T00:00:00Z,TRUE
0065,2025-02-24,15.945833333333333,24,2025-02-24T01:00:00Z,2025-02-25T00:00:00Z,TRUE
0065,2025-02-25,9.241666666666667,24,2025-02-25T01:00:00Z,2025-02-26T00:00:00Z,TRUE
0065,2025-02-26,13.741666666666667,24,2025-02-26T01:00:00Z,2025-02-27T00:00:00Z,TRUE
0065,2025-02-27,16.383333333333333,24,2025-02-27T01:00:00Z,2025-02-28T00:00:00Z,TRUE
0065,2025-02-28,8.258333333333333,24,2025-02-28T01:00:00Z,2025-03-01T00:00:00Z,TRUE
0065,2025-03-01,3.375,24,2025-03-01T01:00:00Z,2025-03-02T00:00:00Z,TRUE
0065,2025-03-02,4.541666666666667,24,2025-03-02T01:00:00Z,2025-03-03T00:00:00Z,TRUE
0065,2025-03-03,9.666666666666666,24,2025-03-03T01:00:00Z,2025-03-04T00:00:00Z,TRUE
0065,2025-03-04,12.825,24,2025-03-04T01:00:00Z,2025-03-05T00:00:00Z,TRUE
0065,2025-03-05,8.083333333333334,24,2025-03-05T01:00:00Z,2025-03-06T00:00:00Z,TRUE
0065,2025-03-06,3.191666666666667,24,2025-03-06T01:00:00Z,2025-03-07T00:00:00Z,TRUE
0065,2025-03-07,6.804166666666666,24,2025-03-07T01:00:00Z,2025-03-08T00:00:00Z,TRUE
0065,2025-03-08,5.516666666666667,24,2025-03-08T01:00:00Z,2025-03-09T00:00:00Z,TRUE
0065,2025-03-09,5.560869565217391,23,2025-03-09T01:00:00Z,2025-03-10T00:00:00Z,TRUE
0065,2025-03-10,6.554166666666666,24,2025-03-10T01:00:00Z,2025-03-11T00:00:00Z,TRUE
0065,2025-03-11,9.172727272727274,24,2025-03-11T01:00:00Z,2025-03-12T00:00:00Z,TRUE
0065,2025-03-12,4.8875,24,2025-03-12T01:00:00Z,2025-03-13T00:00:00Z,TRUE
0065,2025-03-13,11.108333333333333,24,2025-03-13T01:00:00Z,2025-03-14T00:00:00Z,TRUE
0065,2025-03-14,18.120833333333334,24,2025-03-14T01:00:00Z,2025-03-15T00:00:00Z,TRUE
0065,2025-03-15,19.9,24,2025-03-15T01:00:00Z,2025-03-16T00:00:00Z,TRUE
0065,2025-03-16,9.8125,24,2025-03-16T01:00:00Z,2025-03-17T00:00:00Z,TRUE
0065,2025-03-17,4.283333333333333,24,2025-03-17T01:00:00Z,2025-03-18T00:00:00Z,TRUE
0065,2025-03-18,7.783333333333333,24,2025-03-18T01:00:00Z,2025-03-19T00:00:00Z,TRUE
0065,2025-03-19,12.320833333333333,24,2025-03-19T01:00:00Z,2025-03-20T00:00:00Z,TRUE
0065,2025-03-20,7.525,24,2025-03-20T01:00:00Z,2025-03-21T00:00:00Z,TRUE
0065,2025-03-21,5.033333333333333,24,2025-03-21T01:00:00Z,2025-03-22T00:00:00Z,TRUE
0065,2025-03-22,4.904166666666667,24,2025-03-22T01:00:00Z,2025-03-23T00:00:00Z,TRUE
0065,2025-03-23,6.995833333333334,24,2025-03-23T01:00:00Z,2025-03-24T00:00:00Z,TRUE
0065,2025-03-24,6.5625,24,2025-03-24T01:00:00Z,2025-03-25T00:00:00Z,TRUE
0065,2025-03-25,6.45,24,2025-03-25T01:00:00Z,2025-03-26T00:00:00Z,TRUE
0065,2025-03-26,4.804166666666667,24,2025-03-26T01:00:00Z,2025-03-27T00:00:00Z,TRUE
0065,2025-03-27,10.754166666666666,24,2025-03-27T01:00:00Z,2025-03-28T00:00:00Z,TRUE
0065,2025-03-28,13.745833333333334,24,2025-03-28T01:00:00Z,2025-03-29T00:00:00Z,TRUE
0065,2025-03-29,14.216666666666667,24,2025-03-29T01:00:00Z,2025-03-30T00:00:00Z,TRUE
0065,2025-03-30,13.404166666666667,24,2025-03-30T01:00:00Z,2025-03-31T00:00:00Z,TRUE
0065,2025-03-31,4.675,24,2025-03-31T01:00:00Z,2025-04-01T00:00:00Z,TRUE
0065,2025-04-01,4.116666666666666,24,2025-04-01T01:00:00Z,2025-04-02T00:00:00Z,TRUE
0065,2025-04-02,6.929166666666667,24,2025-04-02T01:00:00Z,2025-04-03T00:00:00Z,TRUE
0065,2025-04-03,6.2,24,2025-04-03T01:00:00Z,2025-04-04T00:00:00Z,TRUE
0065,2025-04-04,3.9,24,2025-04-04T01:00:00Z,2025-04-05T00:00:00Z,TRUE
0065,2025-04-05,6.129166666666666,24,2025-04-05T01:00:00Z,2025-04-06T00:00:00Z,TRUE
0065,2025-04-06,4.283333333333333,24,2025-04-06T01:00:00Z,2025-04-07T00:00:00Z,TRUE
0065,2025-04-07,5.8125,24,2025-04-07T01:00:00Z,2025-04-08T00:00:00Z,TRUE
0065,2025-04-08,4.004166666666666,24,2025-04-08T01:00:00Z,2025-04-09T00:00:00Z,TRUE
0065,2025-04-09,6.7,24,2025-04-09T01:00:00Z,2025-04-10T00:00:00Z,TRUE
0065,2025-04-10,9.121739130434783,24,2025-04-10T01:00:00Z,2025-04-11T00:00:00Z,TRUE
0065,2025-04-11,8.845833333333333,24,2025-04-11T01:00:00Z,2025-04-12T00:00:00Z,TRUE
0065,2025-04-12,6.854166666666667,24,2025-04-12T01:00:00Z,2025-04-13T00:00:00Z,TRUE
0065,2025-04-13,9.433333333333334,24,2025-04-13T01:00:00Z,2025-04-14T00:00:00Z,TRUE
0065,2025-04-14,9.2125,24,2025-04-14T01:00:00Z,2025-04-15T00:00:00Z,TRUE
0065,2025-04-15,4.491666666666666,24,2025-04-15T01:00:00Z,2025-04-16T00:00:00Z,TRUE
0065,2025-04-16,4.608333333333333,24,2025-04-16T01:00:00Z,2025-04-17T00:00:00Z,TRUE
0065,2025-04-17,9.425,24,2025-04-17T01:00:00Z,2025-04-18T00:00:00Z,TRUE
0065,2025-04-18,13.4,24,2025-04-18T01:00:00Z,2025-04-19T00:00:00Z,TRUE
0065,2025-04-19,9.5875,24,2025-04-19T01:00:00Z,2025-04-20T00:00:00Z,TRUE
0065,2025-04-20,3.8166666666666664,24,2025-04-20T01:00:00Z,2025-04-21T00:00:00Z,TRUE
0065,2025-04-21,10.4625,24,2025-04-21T01:00:00Z,2025-04-22T00:00:00Z,TRUE
0065,2025-04-22,4.008333333333333,24,2025-04-22T01:00:00Z,2025-04-23T00:00:00Z,TRUE
0065,2025-04-23,11.6,24,2025-04-23T01:00:00Z,2025-04-24T00:00:00Z,TRUE
0065,2025-04-24,11.325,24,2025-04-24T01:00:00Z,2025-04-25T00:00:00Z,TRUE
0065,2025-04-25,8.6625,24,2025-04-25T01:00:00Z,2025-04-26T00:00:00Z,TRUE
0065,2025-04-26,4.879166666666666,24,2025-04-26T01:00:00Z,2025-04-27T00:00:00Z,TRUE
0065,2025-04-27,4.170833333333333,24,2025-04-27T01:00:00Z,2025-04-28T00:00:00Z,TRUE
0065,2025-04-28,8.945833333333333,24,2025-04-28T01:00:00Z,2025-04-29T00:00:00Z,TRUE
0065,2025-04-29,13.133333333333333,24,2025-04-29T01:00:00Z,2025-04-30T00:00:00Z,TRUE
0065,2025-04-30,3.4291666666666667,24,2025-04-30T01:00:00Z,2025-05-01T00:00:00Z,TRUE
0065,2025-05-01,7.133333333333334,24,2025-05-01T01:00:00Z,2025-05-02T00:00:00Z,TRUE
0065,2025-05-02,6.691666666666666,24,2025-05-02T01:00:00Z,2025-05-03T00:00:00Z,TRUE
0065,2025-05-03,5.9125000000000005,24,2025-05-03T01:00:00Z,2025-05-04T00:00:00Z,TRUE
0065,2025-05-04,4.05,24,2025-05-04T01:00:00Z,2025-05-05T00:00:00Z,TRUE
0065,2025-05-05,8.908333333333333,24,2025-05-05T01:00:00Z,2025-05-06T00:00:00Z,TRUE
0065,2025-05-06,5.008333333333334,24,2025-05-06T01:00:00Z,2025-05-07T00:00:00Z,TRUE
0065,2025-05-07,6.945833333333333,24,2025-05-07T01:00:00Z,2025-05-08T00:00:00Z,TRUE
0065,2025-05-08,7.165217391304347,24,2025-05-08T01:00:00Z,2025-05-09T00:00:00Z,TRUE
0065,2025-05-09,5.591666666666667,24,2025-05-09T01:00:00Z,2025-05-10T00:00:00Z,TRUE
0065,2025-05-10,6.554166666666666,24,2025-05-10T01:00:00Z,2025-05-11T00:00:00Z,TRUE
0065,2025-05-11,6.241666666666667,24,2025-05-11T01:00:00Z,2025-05-12T00:00:00Z,TRUE
0065,2025-05-12,12.183333333333334,24,2025-05-12T01:00:00Z,2025-05-13T00:00:00Z,TRUE
0065,2025-05-13,4.554166666666666,24,2025-05-13T01:00:00Z,2025-05-14T00:00:00Z,TRUE
0065,2025-05-14,5.975,24,2025-05-14T01:00:00Z,2025-05-15T00:00:00Z,TRUE
0065,2025-05-15,9.95,24,2025-05-15T01:00:00Z,2025-05-16T00:00:00Z,TRUE
0065,2025-05-16,12.620833333333334,24,2025-05-16T01:00:00Z,2025-05-17T00:00:00Z,TRUE
0065,2025-05-17,6.975,24,2025-05-17T01:00:00Z,2025-05-18T00:00:00Z,TRUE
0065,2025-05-18,5.620833333333334,24,2025-05-18T01:00:00Z,2025-05-19T00:00:00Z,TRUE
0065,2025-05-19,4.816666666666666,24,2025-05-19T01:00:00Z,2025-05-20T00:00:00Z,TRUE
0065,2025-05-20,5.083333333333334,24,2025-05-20T01:00:00Z,2025-05-21T00:00:00Z,TRUE
0065,2025-05-21,6.329166666666667,24,2025-05-21T01:00:00Z,2025-05-22T00:00:00Z,TRUE
0065,2025-05-22,2.4875,24,2025-05-22T01:00:00Z,2025-05-23T00:00:00Z,TRUE
0065,2025-05-23,2.7333333333333334,24,2025-05-23T01:00:00Z,2025-05-24T00:00:00Z,TRUE
0065,2025-05-24,2.783333333333333,24,2025-05-24T01:00:00Z,2025-05-25T00:00:00Z,TRUE
0065,2025-05-25,7.408333333333333,24,2025-05-25T01:00:00Z,2025-05-26T00:00:00Z,TRUE
0065,2025-05-26,7.120833333333334,24,2025-05-26T01:00:00Z,2025-05-27T00:00:00Z,TRUE
0065,2025-05-27,6.2375,24,2025-05-27T01:00:00Z,2025-05-28T00:00:00Z,TRUE
0065,2025-05-28,3.2458333333333336,24,2025-05-28T01:00:00Z,2025-05-29T00:00:00Z,TRUE
0065,2025-05-29,8.8375,24,2025-05-29T01:00:00Z,2025-05-30T00:00:00Z,TRUE
0065,2025-05-30,9.995833333333334,24,2025-05-30T01:00:00Z,2025-05-31T00:00:00Z,TRUE
0065,2025-05-31,7.008333333333334,24,2025-05-31T01:00:00Z,2025-06-01T00:00:00Z,TRUE
0065,2025-06-01,5.591666666666667,24,2025-06-01T01:00:00Z,2025-06-02T00:00:00Z,TRUE
0065,2025-06-02,11.416666666666666,24,2025-06-02T01:00:00Z,2025-06-03T00:00:00Z,TRUE
0065,2025-06-03,16.533333333333335,24,2025-06-03T01:00:00Z,2025-06-04T00:00:00Z,TRUE
0065,2025-06-04,26.96666666666667,24,2025-06-04T01:00:00Z,2025-06-05T00:00:00Z,TRUE
0065,2025-06-05,21.92608695652174,24,2025-06-05T01:00:00Z,2025-06-06T00:00:00Z,TRUE
0065,2025-06-06,23.858333333333334,24,2025-06-06T01:00:00Z,2025-06-07T00:00:00Z,TRUE
0065,2025-06-07,34.2625,24,2025-06-07T01:00:00Z,2025-06-08T00:00:00Z,TRUE
0065,2025-06-08,30.445833333333333,24,2025-06-08T01:00:00Z,2025-06-09T00:00:00Z,TRUE
0065,2025-06-09,13.795833333333333,24,2025-06-09T01:00:00Z,2025-06-10T00:00:00Z,TRUE
0065,2025-06-10,11.466666666666667,24,2025-06-10T01:00:00Z,2025-06-11T00:00:00Z,TRUE
0065,2025-06-11,15.520833333333334,24,2025-06-11T01:00:00Z,2025-06-12T00:00:00Z,TRUE
0065,2025-06-12,22.233333333333334,24,2025-06-12T01:00:00Z,2025-06-13T00:00:00Z,TRUE
0065,2025-06-13,20.820833333333333,24,2025-06-13T01:00:00Z,2025-06-14T00:00:00Z,TRUE
0065,2025-06-14,7.991666666666667,24,2025-06-14T01:00:00Z,2025-06-15T00:00:00Z,TRUE
0065,2025-06-15,8.908333333333333,24,2025-06-15T01:00:00Z,2025-06-16T00:00:00Z,TRUE
0065,2025-06-16,9.858333333333333,24,2025-06-16T01:00:00Z,2025-06-17T00:00:00Z,TRUE
0065,2025-06-17,12.841666666666667,24,2025-06-17T01:00:00Z,2025-06-18T00:00:00Z,TRUE
0065,2025-06-18,10.679166666666667,24,2025-06-18T01:00:00Z,2025-06-19T00:00:00Z,TRUE
0065,2025-06-19,6.716666666666667,24,2025-06-19T01:00:00Z,2025-06-20T00:00:00Z,TRUE
0065,2025-06-20,8.3375,24,2025-06-20T01:00:00Z,2025-06-21T00:00:00Z,TRUE
0065,2025-06-21,13.2625,24,2025-06-21T01:00:00Z,2025-06-22T00:00:00Z,TRUE
0065,2025-06-22,11.4375,24,2025-06-22T01:00:00Z,2025-06-23T00:00:00Z,TRUE
0065,2025-06-23,14.758333333333333,24,2025-06-23T01:00:00Z,2025-06-24T00:00:00Z,TRUE
0065,2025-06-24,16.575,24,2025-06-24T01:00:00Z,2025-06-25T00:00:00Z,TRUE
0065,2025-06-25,10.7625,24,2025-06-25T01:00:00Z,2025-06-26T00:00:00Z,TRUE
0065,2025-06-26,10.808333333333334,24,2025-06-26T01:00:00Z,2025-06-27T00:00:00Z,TRUE
0065,2025-06-27,11.2875,24,2025-06-27T01:00:00Z,2025-06-28T00:00:00Z,TRUE
0065,2025-06-28,8.329166666666667,24,2025-06-28T01:00:00Z,2025-06-29T00:00:00Z,TRUE
0065,2025-06-29,7.820833333333334,24,2025-06-29T01:00:00Z,2025-06-30T00:00:00Z,TRUE
0065,2025-06-30,11.145833333333334,24,2025-06-30T01:00:00Z,2025-07-01T00:00:00Z,TRUE
0065,2025-07-01,6.179166666666666,24,2025-07-01T01:00:00Z,2025-07-02T00:00:00Z,TRUE
0065,2025-07-02,10.845833333333333,24,2025-07-02T01:00:00Z,2025-07-03T00:00:00Z,TRUE
0065,2025-07-03,17.89090909090909,24,2025-07-03T01:00:00Z,2025-07-04T00:00:00Z,TRUE
0065,2025-07-04,20.708333333333336,24,2025-07-04T01:00:00Z,2025-07-05T00:00:00Z,TRUE
0065,2025-07-05,23.974999999999998,24,2025-07-05T01:00:00Z,2025-07-06T00:00:00Z,TRUE
0065,2025-07-06,13.104166666666666,24,2025-07-06T01:00:00Z,2025-07-07T00:00:00Z,TRUE
0065,2025-07-07,8.962499999999999,24,2025-07-07T01:00:00Z,2025-07-08T00:00:00Z,TRUE
0065,2025-07-08,12.725,24,2025-07-08T01:00:00Z,2025-07-09T00:00:00Z,TRUE
0065,2025-07-09,20.575,24,2025-07-09T01:00:00Z,2025-07-10T00:00:00Z,TRUE
0065,2025-07-10,13.8625,24,2025-07-10T01:00:00Z,2025-07-11T00:00:00Z,TRUE
0065,2025-07-11,12.491666666666667,24,2025-07-11T01:00:00Z,2025-07-12T00:00:00Z,TRUE
0065,2025-07-12,14.704166666666666,24,2025-07-12T01:00:00Z,2025-07-13T00:00:00Z,TRUE
0065,2025-07-13,8.729166666666666,24,2025-07-13T01:00:00Z,2025-07-14T00:00:00Z,TRUE
0065,2025-07-14,19.808333333333334,24,2025-07-14T01:00:00Z,2025-07-15T00:00:00Z,TRUE
0065,2025-07-15,34.55,24,2025-07-15T01:00:00Z,2025-07-16T00:00:00Z,TRUE
0065,2025-07-16,25.3875,24,2025-07-16T01:00:00Z,2025-07-17T00:00:00Z,TRUE
0065,2025-07-17,6.033333333333333,24,2025-07-17T01:00:00Z,2025-07-18T00:00:00Z,TRUE
0065,2025-07-18,2.9833333333333334,24,2025-07-18T01:00:00Z,2025-07-19T00:00:00Z,TRUE
0065,2025-07-19,5.683333333333334,24,2025-07-19T01:00:00Z,2025-07-20T00:00:00Z,TRUE
0065,2025-07-20,6.070833333333334,24,2025-07-20T01:00:00Z,2025-07-21T00:00:00Z,TRUE
0065,2025-07-21,17.933333333333334,24,2025-07-21T01:00:00Z,2025-07-22T00:00:00Z,TRUE
0065,2025-07-22,8.304166666666667,24,2025-07-22T01:00:00Z,2025-07-23T00:00:00Z,TRUE
0065,2025-07-23,8.779166666666667,24,2025-07-23T01:00:00Z,2025-07-24T00:00:00Z,TRUE
0065,2025-07-24,16.1125,24,2025-07-24T01:00:00Z,2025-07-25T00:00:00Z,TRUE
0065,2025-07-25,8.241666666666667,24,2025-07-25T01:00:00Z,2025-07-26T00:00:00Z,TRUE
0065,2025-07-26,9.75,24,2025-07-26T01:00:00Z,2025-07-27T00:00:00Z,TRUE
0065,2025-07-27,7.958333333333334,24,2025-07-27T01:00:00Z,2025-07-28T00:00:00Z,TRUE
0065,2025-07-28,11.408333333333333,24,2025-07-28T01:00:00Z,2025-07-29T00:00:00Z,TRUE
0065,2025-07-29,6.482608695652174,24,2025-07-29T01:00:00Z,2025-07-30T00:00:00Z,TRUE
0065,2025-07-30,11.3125,24,2025-07-30T01:00:00Z,2025-07-31T00:00:00Z,TRUE
0065,2025-07-31,26.3625,24,2025-07-31T01:00:00Z,2025-08-01T00:00:00Z,TRUE
0065,2025-08-01,17.391666666666666,24,2025-08-01T01:00:00Z,2025-08-02T00:00:00Z,TRUE
0065,2025-08-02,7.1125,24,2025-08-02T01:00:00Z,2025-08-03T00:00:00Z,TRUE
0065,2025-08-03,14.125,24,2025-08-03T01:00:00Z,2025-08-04T00:00:00Z,TRUE
0065,2025-08-04,30.612499999999997,24,2025-08-04T01:00:00Z,2025-08-05T00:00:00Z,TRUE
0065,2025-08-05,33.045833333333334,24,2025-08-05T01:00:00Z,2025-08-06T00:00:00Z,TRUE
0065,2025-08-06,24.2,24,2025-08-06T01:00:00Z,2025-08-07T00:00:00Z,TRUE
0065,2025-08-07,19.5375,24,2025-08-07T01:00:00Z,2025-08-08T00:00:00Z,TRUE
0065,2025-08-08,16.71666666666667,24,2025-08-08T01:00:00Z,2025-08-09T00:00:00Z,TRUE
0065,2025-08-09,19.841666666666665,24,2025-08-09T01:00:00Z,2025-08-10T00:00:00Z,TRUE
0065,2025-08-10,22.995833333333334,24,2025-08-10T01:00:00Z,2025-08-11T00:00:00Z,TRUE
0065,2025-08-11,18.8125,24,2025-08-11T01:00:00Z,2025-08-12T00:00:00Z,TRUE
0065,2025-08-12,16.816666666666666,24,2025-08-12T01:00:00Z,2025-08-13T00:00:00Z,TRUE
0065,2025-08-13,7.433333333333333,24,2025-08-13T01:00:00Z,2025-08-14T00:00:00Z,TRUE
0065,2025-08-14,14.604166666666668,24,2025-08-14T01:00:00Z,2025-08-15T00:00:00Z,TRUE
0065,2025-08-15,25.320833333333333,24,2025-08-15T01:00:00Z,2025-08-16T00:00:00Z,TRUE
0065,2025-08-16,21.358333333333334,24,2025-08-16T01:00:00Z,2025-08-17T00:00:00Z,TRUE
0065,2025-08-17,12.95,24,2025-08-17T01:00:00Z,2025-08-18T00:00:00Z,TRUE
0065,2025-08-18,3.8791666666666664,24,2025-08-18T01:00:00Z,2025-08-19T00:00:00Z,TRUE
0065,2025-08-19,9.116666666666667,24,2025-08-19T01:00:00Z,2025-08-20T00:00:00Z,TRUE
0065,2025-08-20,6.45,24,2025-08-20T01:00:00Z,2025-08-21T00:00:00Z,TRUE
0065,2025-08-21,2.0708333333333333,24,2025-08-21T01:00:00Z,2025-08-22T00:00:00Z,TRUE
0065,2025-08-22,4.979166666666667,24,2025-08-22T01:00:00Z,2025-08-23T00:00:00Z,TRUE
0065,2025-08-23,9.883333333333333,24,2025-08-23T01:00:00Z,2025-08-24T00:00:00Z,TRUE
0065,2025-08-24,5.558333333333333,24,2025-08-24T01:00:00Z,2025-08-25T00:00:00Z,TRUE
0065,2025-08-25,3.5,24,2025-08-25T01:00:00Z,2025-08-26T00:00:00Z,TRUE
0065,2025-08-26,4.291304347826087,24,2025-08-26T01:00:00Z,2025-08-27T00:00:00Z,TRUE
0065,2025-08-27,5.579166666666667,24,2025-08-27T01:00:00Z,2025-08-28T00:00:00Z,TRUE
0065,2025-08-28,8.566666666666666,24,2025-08-28T01:00:00Z,2025-08-29T00:00:00Z,TRUE
0065,2025-08-29,3.3363636363636364,24,2025-08-29T01:00:00Z,2025-08-30T00:00:00Z,TRUE
0065,2025-08-30,5.0249999999999995,24,2025-08-30T01:00:00Z,2025-08-31T00:00:00Z,TRUE
0065,2025-08-31,7.4125000000000005,24,2025-08-31T01:00:00Z,2025-09-01T00:00:00Z,TRUE
0065,2025-09-01,5.3875,24,2025-09-01T01:00:00Z,2025-09-02T00:00:00Z,TRUE
0065,2025-09-02,5.891666666666667,24,2025-09-02T01:00:00Z,2025-09-03T00:00:00Z,TRUE
0065,2025-09-03,10.420833333333333,24,2025-09-03T01:00:00Z,2025-09-04T00:00:00Z,TRUE
0065,2025-09-04,9.25,24,2025-09-04T01:00:00Z,2025-09-05T00:00:00Z,TRUE
0065,2025-09-05,16.729166666666668,24,2025-09-05T01:00:00Z,2025-09-06T00:00:00Z,TRUE
0065,2025-09-06,6.0249999999999995,24,2025-09-06T01:00:00Z,2025-09-07T00:00:00Z,TRUE
0065,2025-09-07,4.633333333333334,24,2025-09-07T01:00:00Z,2025-09-08T00:00:00Z,TRUE
0065,2025-09-08,10.3125,24,2025-09-08T01:00:00Z,2025-09-09T00:00:00Z,TRUE
0065,2025-09-09,7.566666666666666,24,2025-09-09T01:00:00Z,2025-09-10T00:00:00Z,TRUE
0065,2025-09-10,9.795833333333333,24,2025-09-10T01:00:00Z,2025-09-11T00:00:00Z,TRUE
0065,2025-09-11,10.8125,24,2025-09-11T01:00:00Z,2025-09-12T00:00:00Z,TRUE
0065,2025-09-12,14.895833333333332,24,2025-09-12T01:00:00Z,2025-09-13T00:00:00Z,TRUE
0065,2025-09-13,14.0625,24,2025-09-13T01:00:00Z,2025-09-14T00:00:00Z,TRUE
0065,2025-09-14,12.608333333333333,24,2025-09-14T01:00:00Z,2025-09-15T00:00:00Z,TRUE
0065,2025-09-15,11.758333333333333,24,2025-09-15T01:00:00Z,2025-09-16T00:00:00Z,TRUE
0065,2025-09-16,13.75,24,2025-09-16T01:00:00Z,2025-09-17T00:00:00Z,TRUE
0065,2025-09-17,14.729166666666666,24,2025-09-17T01:00:00Z,2025-09-18T00:00:00Z,TRUE
0065,2025-09-18,15.620833333333334,24,2025-09-18T01:00:00Z,2025-09-19T00:00:00Z,TRUE
0065,2025-09-19,14.279166666666667,24,2025-09-19T01:00:00Z,2025-09-20T00:00:00Z,TRUE
0065,2025-09-20,5.725,24,2025-09-20T01:00:00Z,2025-09-21T00:00:00Z,TRUE
0065,2025-09-21,12.341666666666667,24,2025-09-21T01:00:00Z,2025-09-22T00:00:00Z,TRUE
0065,2025-09-22,14.095833333333333,24,2025-09-22T01:00:00Z,2025-09-23T00:00:00Z,TRUE
0065,2025-09-23,6.6,24,2025-09-23T01:00:00Z,2025-09-24T00:00:00Z,TRUE
0065,2025-09-24,7.926086956521739,24,2025-09-24T01:00:00Z,2025-09-25T00:00:00Z,TRUE
0065,2025-09-25,10.008333333333333,24,2025-09-25T01:00:00Z,2025-09-26T00:00:00Z,TRUE
0065,2025-09-26,12.512500000000001,24,2025-09-26T01:00:00Z,2025-09-27T00:00:00Z,TRUE
0065,2025-09-27,12.479166666666666,24,2025-09-27T01:00:00Z,2025-09-28T00:00:00Z,TRUE
0065,2025-09-28,14.958333333333334,24,2025-09-28T01:00:00Z,2025-09-29T00:00:00Z,TRUE
0065,2025-09-29,11.466666666666667,24,2025-09-29T01:00:00Z,2025-09-30T00:00:00Z,TRUE
0065,2025-09-30,9.525,24,2025-09-30T01:00:00Z,2025-10-01T00:00:00Z,TRUE
0065,2025-10-01,4.916666666666667,24,2025-10-01T01:00:00Z,2025-10-02T00:00:00Z,TRUE
0065,2025-10-02,6.479166666666667,24,2025-10-02T01:00:00Z,2025-10-03T00:00:00Z,TRUE
0065,2025-10-03,12.579166666666666,24,2025-10-03T01:00:00Z,2025-10-04T00:00:00Z,TRUE
0065,2025-10-04,17.816666666666666,24,2025-10-04T01:00:00Z,2025-10-05T00:00:00Z,TRUE
0065,2025-10-05,22.175,24,2025-10-05T01:00:00Z,2025-10-06T00:00:00Z,TRUE
0065,2025-10-06,15.666666666666666,24,2025-10-06T01:00:00Z,2025-10-07T00:00:00Z,TRUE
0065,2025-10-07,6.045833333333333,24,2025-10-07T01:00:00Z,2025-10-08T00:00:00Z,TRUE
0065,2025-10-08,3.0208333333333335,24,2025-10-08T01:00:00Z,2025-10-09T00:00:00Z,TRUE
0065,2025-10-09,3.4782608695652173,24,2025-10-09T01:00:00Z,2025-10-10T00:00:00Z,TRUE
0065,2025-10-10,8.075000000000001,24,2025-10-10T01:00:00Z,2025-10-11T00:00:00Z,TRUE
0065,2025-10-11,6.141666666666667,24,2025-10-11T01:00:00Z,2025-10-12T00:00:00Z,TRUE
0065,2025-10-12,7.179166666666667,24,2025-10-12T01:00:00Z,2025-10-13T00:00:00Z,TRUE
0065,2025-10-13,6.529166666666667,24,2025-10-13T01:00:00Z,2025-10-14T00:00:00Z,TRUE
0065,2025-10-14,6.470833333333333,24,2025-10-14T01:00:00Z,2025-10-15T00:00:00Z,TRUE
0065,2025-10-15,3.1083333333333334,24,2025-10-15T01:00:00Z,2025-10-16T00:00:00Z,TRUE
0065,2025-10-16,3.4,24,2025-10-16T01:00:00Z,2025-10-17T00:00:00Z,TRUE
0065,2025-10-17,9.805,24,2025-10-17T01:00:00Z,2025-10-18T00:00:00Z,TRUE
0065,2025-10-18,13.123809523809523,24,2025-10-18T01:00:00Z,2025-10-19T00:00:00Z,TRUE
0065,2025-10-19,13.2875,24,2025-10-19T01:00:00Z,2025-10-20T00:00:00Z,TRUE
0065,2025-10-20,4.625,24,2025-10-20T01:00:00Z,2025-10-21T00:00:00Z,TRUE
0065,2025-10-21,7.841666666666667,24,2025-10-21T01:00:00Z,2025-10-22T00:00:00Z,TRUE
0065,2025-10-22,2.9857142857142858,24,2025-10-22T01:00:00Z,2025-10-23T00:00:00Z,TRUE
0065,2025-10-23,2.8083333333333336,24,2025-10-23T01:00:00Z,2025-10-24T00:00:00Z,TRUE
0065,2025-10-24,3.0833333333333335,24,2025-10-24T01:00:00Z,2025-10-25T00:00:00Z,TRUE
0065,2025-10-25,4.55,24,2025-10-25T01:00:00Z,2025-10-26T00:00:00Z,TRUE
0065,2025-10-26,8.05,24,2025-10-26T01:00:00Z,2025-10-27T00:00:00Z,TRUE
0065,2025-10-27,4.925,24,2025-10-27T01:00:00Z,2025-10-28T00:00:00Z,TRUE
0065,2025-10-28,4.341666666666667,24,2025-10-28T01:00:00Z,2025-10-29T00:00:00Z,TRUE
0065,2025-10-29,5.725,24,2025-10-29T01:00:00Z,2025-10-30T00:00:00Z,TRUE
0065,2025-10-30,1.7708333333333333,24,2025-10-30T01:00:00Z,2025-10-31T00:00:00Z,TRUE
0065,2025-10-31,3.6916666666666664,24,2025-10-31T01:00:00Z,2025-11-01T00:00:00Z,TRUE
0065,2025-11-01,9.258333333333333,24,2025-11-01T01:00:00Z,2025-11-02T00:00:00Z,TRUE
0065,2025-11-02,13.708695652173914,23,2025-11-02T01:00:00Z,2025-11-03T00:00:00Z,TRUE
0065,2025-11-03,13.279166666666667,24,2025-11-03T01:00:00Z,2025-11-04T00:00:00Z,TRUE
0065,2025-11-04,4.7,24,2025-11-04T01:00:00Z,2025-11-05T00:00:00Z,TRUE
0065,2025-11-05,10.9375,24,2025-11-05T01:00:00Z,2025-11-06T00:00:00Z,TRUE
0065,2025-11-06,3.8625000000000003,24,2025-11-06T01:00:00Z,2025-11-07T00:00:00Z,TRUE
0065,2025-11-07,12.15,24,2025-11-07T01:00:00Z,2025-11-08T00:00:00Z,TRUE
0065,2025-11-08,5.741666666666666,24,2025-11-08T01:00:00Z,2025-11-09T00:00:00Z,TRUE
0065,2025-11-09,4.525,24,2025-11-09T01:00:00Z,2025-11-10T00:00:00Z,TRUE
0065,2025-11-10,2.0041666666666664,24,2025-11-10T01:00:00Z,2025-11-11T00:00:00Z,TRUE
0065,2025-11-11,5.054166666666667,24,2025-11-11T01:00:00Z,2025-11-12T00:00:00Z,TRUE
0065,2025-11-12,6.5375000000000005,24,2025-11-12T01:00:00Z,2025-11-13T00:00:00Z,TRUE
0065,2025-11-13,5.233333333333333,24,2025-11-13T01:00:00Z,2025-11-14T00:00:00Z,TRUE
0065,2025-11-14,11.116666666666667,24,2025-11-14T01:00:00Z,2025-11-15T00:00:00Z,TRUE
0065,2025-11-15,16.15833333333333,24,2025-11-15T01:00:00Z,2025-11-16T00:00:00Z,TRUE
0065,2025-11-16,6.025,24,2025-11-16T01:00:00Z,2025-11-17T00:00:00Z,TRUE
0065,2025-11-17,4.458333333333333,24,2025-11-17T01:00:00Z,2025-11-18T00:00:00Z,TRUE
0065,2025-11-18,14.65,24,2025-11-18T01:00:00Z,2025-11-19T00:00:00Z,TRUE
0065,2025-11-19,14.41304347826087,24,2025-11-19T01:00:00Z,2025-11-20T00:00:00Z,TRUE
0065,2025-11-20,21.423809523809524,24,2025-11-20T01:00:00Z,2025-11-21T00:00:00Z,TRUE
0065,2025-11-21,14.7,24,2025-11-21T01:00:00Z,2025-11-22T00:00:00Z,TRUE
0065,2025-11-22,8.2875,24,2025-11-22T01:00:00Z,2025-11-23T00:00:00Z,TRUE
0065,2025-11-23,11.075000000000001,24,2025-11-23T01:00:00Z,2025-11-24T00:00:00Z,TRUE
0065,2025-11-24,10.058333333333334,24,2025-11-24T01:00:00Z,2025-11-25T00:00:00Z,TRUE
0065,2025-11-25,10.191666666666666,24,2025-11-25T01:00:00Z,2025-11-26T00:00:00Z,TRUE
0065,2025-11-26,4.145833333333333,24,2025-11-26T01:00:00Z,2025-11-27T00:00:00Z,TRUE
0065,2025-11-27,3.2416666666666667,24,2025-11-27T01:00:00Z,2025-11-28T00:00:00Z,TRUE
0065,2025-11-28,3.158333333333333,24,2025-11-28T01:00:00Z,2025-11-29T00:00:00Z,TRUE
0065,2025-11-29,5.4,24,2025-11-29T01:00:00Z,2025-11-30T00:00:00Z,TRUE
0065,2025-11-30,6.879166666666666,24,2025-11-30T01:00:00Z,2025-12-01T00:00:00Z,TRUE
0065,2025-12-01,5.526315789473684,24,2025-12-01T01:00:00Z,2025-12-02T00:00:00Z,TRUE
0065,2025-12-02,8.794117647058824,24,2025-12-02T01:00:00Z,2025-12-03T00:00:00Z,TRUE
0065,2025-12-03,17.36,24,2025-12-03T01:00:00Z,2025-12-04T00:00:00Z,TRUE
0065,2025-12-04,10.4375,24,2025-12-04T01:00:00Z,2025-12-05T00:00:00Z,TRUE
0065,2025-12-05,10.9125,24,2025-12-05T01:00:00Z,2025-12-06T00:00:00Z,TRUE
0065,2025-12-06,21.8875,24,2025-12-06T01:00:00Z,2025-12-07T00:00:00Z,TRUE
0065,2025-12-07,18.09166666666667,24,2025-12-07T01:00:00Z,2025-12-08T00:00:00Z,TRUE
0065,2025-12-08,3.7708333333333335,24,2025-12-08T01:00:00Z,2025-12-09T00:00:00Z,TRUE
0065,2025-12-09,9.245833333333334,24,2025-12-09T01:00:00Z,2025-12-10T00:00:00Z,TRUE
0065,2025-12-10,7.058333333333334,24,2025-12-10T01:00:00Z,2025-12-11T00:00:00Z,TRUE
0065,2025-12-11,3.3125,24,2025-12-11T01:00:00Z,2025-12-12T00:00:00Z,TRUE
0065,2025-12-12,6.091666666666667,24,2025-12-12T01:00:00Z,2025-12-13T00:00:00Z,TRUE
0065,2025-12-13,13.125,24,2025-12-13T01:00:00Z,2025-12-14T00:00:00Z,TRUE
0065,2025-12-14,3.2333333333333334,24,2025-12-14T01:00:00Z,2025-12-15T00:00:00Z,TRUE
0065,2025-12-15,8.858333333333334,24,2025-12-15T01:00:00Z,2025-12-16T00:00:00Z,TRUE
0065,2025-12-16,14.222727272727273,24,2025-12-16T01:00:00Z,2025-12-17T00:00:00Z,TRUE
0065,2025-12-17,13.6875,24,2025-12-17T01:00:00Z,2025-12-18T00:00:00Z,TRUE
0065,2025-12-18,16.570833333333333,24,2025-12-18T01:00:00Z,2025-12-19T00:00:00Z,TRUE
0065,2025-12-19,6.325,24,2025-12-19T01:00:00Z,2025-12-20T00:00:00Z,TRUE
0065,2025-12-20,11.195833333333333,24,2025-12-20T01:00:00Z,2025-12-21T00:00:00Z,TRUE
0065,2025-12-21,5.45,24,2025-12-21T01:00:00Z,2025-12-22T00:00:00Z,TRUE
0065,2025-12-22,14.716666666666667,24,2025-12-22T01:00:00Z,2025-12-23T00:00:00Z,TRUE
0065,2025-12-23,12.904166666666667,24,2025-12-23T01:00:00Z,2025-12-24T00:00:00Z,TRUE
0065,2025-12-24,14.904166666666667,24,2025-12-24T01:00:00Z,2025-12-25T00:00:00Z,TRUE
0065,2025-12-25,15.566666666666666,24,2025-12-25T01:00:00Z,2025-12-26T00:00:00Z,TRUE
0065,2025-12-26,7.758333333333333,24,2025-12-26T01:00:00Z,2025-12-27T00:00:00Z,TRUE
0065,2025-12-27,6.891666666666667,24,2025-12-27T01:00:00Z,2025-12-28T00:00:00Z,TRUE
0065,2025-12-28,12.525,24,2025-12-28T01:00:00Z,2025-12-29T00:00:00Z,TRUE
0065,2025-12-29,4.583333333333333,24,2025-12-29T01:00:00Z,2025-12-30T00:00:00Z,TRUE
0065,2025-12-30,4.058333333333334,24,2025-12-30T01:00:00Z,2025-12-31T00:00:00Z,TRUE
0065,2025-12-31,7.079166666666667,24,2025-12-31T01:00:00Z,2026-01-01T00:00:00Z,TRUE
0065,2026-01-01,5.2,4,2026-01-01T01:00:00Z,2026-01-01T04:00:00Z,FALSE
0065,NA,4.9,2,2025-03-09T07:00:00Z,2025-03-09T07:00:00Z,FALSE
0073,2024-11-01,3.2476190476190476,21,2024-11-01T04:00:00Z,2024-11-02T00:00:00Z,TRUE
0073,2024-11-02,3.5833333333333335,24,2024-11-02T01:00:00Z,2024-11-03T00:00:00Z,TRUE
0073,2024-11-03,3.7869565217391306,23,2024-11-03T01:00:00Z,2024-11-04T00:00:00Z,TRUE
0073,2024-11-04,5.383333333333333,24,2024-11-04T01:00:00Z,2024-11-05T00:00:00Z,TRUE
0073,2024-11-05,5.591666666666667,24,2024-11-05T01:00:00Z,2024-11-06T00:00:00Z,TRUE
0073,2024-11-06,6.570833333333334,24,2024-11-06T01:00:00Z,2024-11-07T00:00:00Z,TRUE
0073,2024-11-07,4.279166666666667,24,2024-11-07T01:00:00Z,2024-11-08T00:00:00Z,TRUE
0073,2024-11-08,6.466666666666667,24,2024-11-08T01:00:00Z,2024-11-09T00:00:00Z,TRUE
0073,2024-11-09,3.075,24,2024-11-09T01:00:00Z,2024-11-10T00:00:00Z,TRUE
0073,2024-11-10,8.191666666666666,24,2024-11-10T01:00:00Z,2024-11-11T00:00:00Z,TRUE
0073,2024-11-11,4.558333333333334,24,2024-11-11T01:00:00Z,2024-11-12T00:00:00Z,TRUE
0073,2024-11-12,1.2,24,2024-11-12T01:00:00Z,2024-11-13T00:00:00Z,TRUE
0073,2024-11-13,2.9625,24,2024-11-13T01:00:00Z,2024-11-14T00:00:00Z,TRUE
0073,2024-11-14,2.7625,24,2024-11-14T01:00:00Z,2024-11-15T00:00:00Z,TRUE
0073,2024-11-15,8.825000000000001,24,2024-11-15T01:00:00Z,2024-11-16T00:00:00Z,TRUE
0073,2024-11-16,4.241666666666666,24,2024-11-16T01:00:00Z,2024-11-17T00:00:00Z,TRUE
0073,2024-11-17,7.05,24,2024-11-17T01:00:00Z,2024-11-18T00:00:00Z,TRUE
0073,2024-11-18,14.879166666666666,24,2024-11-18T01:00:00Z,2024-11-19T00:00:00Z,TRUE
0073,2024-11-19,10.516666666666667,24,2024-11-19T01:00:00Z,2024-11-20T00:00:00Z,TRUE
0073,2024-11-20,5.2,24,2024-11-20T01:00:00Z,2024-11-21T00:00:00Z,TRUE
0073,2024-11-21,3.595833333333333,24,2024-11-21T01:00:00Z,2024-11-22T00:00:00Z,TRUE
0073,2024-11-22,5.0249999999999995,24,2024-11-22T01:00:00Z,2024-11-23T00:00:00Z,TRUE
0073,2024-11-23,1.4583333333333333,24,2024-11-23T01:00:00Z,2024-11-24T00:00:00Z,TRUE
0073,2024-11-24,7.791666666666667,24,2024-11-24T01:00:00Z,2024-11-25T00:00:00Z,TRUE
0073,2024-11-25,9.517391304347825,24,2024-11-25T01:00:00Z,2024-11-26T00:00:00Z,TRUE
0073,2024-11-26,6.783333333333333,24,2024-11-26T01:00:00Z,2024-11-27T00:00:00Z,TRUE
0073,2024-11-27,5.7956521739130435,24,2024-11-27T01:00:00Z,2024-11-28T00:00:00Z,TRUE
0073,2024-11-28,6.2375,24,2024-11-28T01:00:00Z,2024-11-29T00:00:00Z,TRUE
0073,2024-11-29,6.145833333333333,24,2024-11-29T01:00:00Z,2024-11-30T00:00:00Z,TRUE
0073,2024-11-30,7.5875,24,2024-11-30T01:00:00Z,2024-12-01T00:00:00Z,TRUE
0073,2024-12-01,6.170833333333333,24,2024-12-01T01:00:00Z,2024-12-02T00:00:00Z,TRUE
0073,2024-12-02,9.0875,24,2024-12-02T01:00:00Z,2024-12-03T00:00:00Z,TRUE
0073,2024-12-03,11.041666666666666,24,2024-12-03T01:00:00Z,2024-12-04T00:00:00Z,TRUE
0073,2024-12-04,10.691666666666666,24,2024-12-04T01:00:00Z,2024-12-05T00:00:00Z,TRUE
0073,2024-12-05,5.416666666666666,24,2024-12-05T01:00:00Z,2024-12-06T00:00:00Z,TRUE
0073,2024-12-06,5.054166666666666,24,2024-12-06T01:00:00Z,2024-12-07T00:00:00Z,TRUE
0073,2024-12-07,6.141666666666667,24,2024-12-07T01:00:00Z,2024-12-08T00:00:00Z,TRUE
0073,2024-12-08,7.2125,24,2024-12-08T01:00:00Z,2024-12-09T00:00:00Z,TRUE
0073,2024-12-09,5.320833333333334,24,2024-12-09T01:00:00Z,2024-12-10T00:00:00Z,TRUE
0073,2024-12-10,11.7,24,2024-12-10T01:00:00Z,2024-12-11T00:00:00Z,TRUE
0073,2024-12-11,11.575,24,2024-12-11T01:00:00Z,2024-12-12T00:00:00Z,TRUE
0073,2024-12-12,5.833333333333333,24,2024-12-12T01:00:00Z,2024-12-13T00:00:00Z,TRUE
0073,2024-12-13,6.358333333333333,24,2024-12-13T01:00:00Z,2024-12-14T00:00:00Z,TRUE
0073,2024-12-14,8.408333333333333,24,2024-12-14T01:00:00Z,2024-12-15T00:00:00Z,TRUE
0073,2024-12-15,8.9875,24,2024-12-15T01:00:00Z,2024-12-16T00:00:00Z,TRUE
0073,2024-12-16,5.470833333333333,24,2024-12-16T01:00:00Z,2024-12-17T00:00:00Z,TRUE
0073,2024-12-17,6.591666666666667,24,2024-12-17T01:00:00Z,2024-12-18T00:00:00Z,TRUE
0073,2024-12-18,16.9375,24,2024-12-18T01:00:00Z,2024-12-19T00:00:00Z,TRUE
0073,2024-12-19,6.3478260869565215,24,2024-12-19T01:00:00Z,2024-12-20T00:00:00Z,TRUE
0073,2024-12-20,9.129166666666666,24,2024-12-20T01:00:00Z,2024-12-21T00:00:00Z,TRUE
0073,2024-12-21,4.275,24,2024-12-21T01:00:00Z,2024-12-22T00:00:00Z,TRUE
0073,2024-12-22,4.1,24,2024-12-22T01:00:00Z,2024-12-23T00:00:00Z,TRUE
0073,2024-12-23,6.729166666666667,24,2024-12-23T01:00:00Z,2024-12-24T00:00:00Z,TRUE
0073,2024-12-24,12.629166666666666,24,2024-12-24T01:00:00Z,2024-12-25T00:00:00Z,TRUE
0073,2024-12-25,9.95,24,2024-12-25T01:00:00Z,2024-12-26T00:00:00Z,TRUE
0073,2024-12-26,8.7625,24,2024-12-26T01:00:00Z,2024-12-27T00:00:00Z,TRUE
0073,2024-12-27,9.641666666666666,24,2024-12-27T01:00:00Z,2024-12-28T00:00:00Z,TRUE
0073,2024-12-28,4.879166666666666,24,2024-12-28T01:00:00Z,2024-12-29T00:00:00Z,TRUE
0073,2024-12-29,4.245833333333334,24,2024-12-29T01:00:00Z,2024-12-30T00:00:00Z,TRUE
0073,2024-12-30,3.0124999999999997,24,2024-12-30T01:00:00Z,2024-12-31T00:00:00Z,TRUE
0073,2024-12-31,5.383333333333334,24,2024-12-31T01:00:00Z,2025-01-01T00:00:00Z,TRUE
0073,2025-01-01,3.5875,24,2025-01-01T01:00:00Z,2025-01-02T00:00:00Z,TRUE
0073,2025-01-02,6.645833333333333,24,2025-01-02T01:00:00Z,2025-01-03T00:00:00Z,TRUE
0073,2025-01-03,8.854166666666666,24,2025-01-03T01:00:00Z,2025-01-04T00:00:00Z,TRUE
0073,2025-01-04,3.8041666666666667,24,2025-01-04T01:00:00Z,2025-01-05T00:00:00Z,TRUE
0073,2025-01-05,8.55,24,2025-01-05T01:00:00Z,2025-01-06T00:00:00Z,TRUE
0073,2025-01-06,6.541666666666667,24,2025-01-06T01:00:00Z,2025-01-07T00:00:00Z,TRUE
0073,2025-01-07,4.533333333333333,24,2025-01-07T01:00:00Z,2025-01-08T00:00:00Z,TRUE
0073,2025-01-08,3.725,24,2025-01-08T01:00:00Z,2025-01-09T00:00:00Z,TRUE
0073,2025-01-09,7.895833333333333,24,2025-01-09T01:00:00Z,2025-01-10T00:00:00Z,TRUE
0073,2025-01-10,15.308333333333334,24,2025-01-10T01:00:00Z,2025-01-11T00:00:00Z,TRUE
0073,2025-01-11,21.5125,24,2025-01-11T01:00:00Z,2025-01-12T00:00:00Z,TRUE
0073,2025-01-12,16.575,24,2025-01-12T01:00:00Z,2025-01-13T00:00:00Z,TRUE
0073,2025-01-13,7.7,24,2025-01-13T01:00:00Z,2025-01-14T00:00:00Z,TRUE
0073,2025-01-14,6.720833333333333,24,2025-01-14T01:00:00Z,2025-01-15T00:00:00Z,TRUE
0073,2025-01-15,8.6375,24,2025-01-15T01:00:00Z,2025-01-16T00:00:00Z,TRUE
0073,2025-01-16,14.6,24,2025-01-16T01:00:00Z,2025-01-17T00:00:00Z,TRUE
0073,2025-01-17,10.242857142857142,24,2025-01-17T01:00:00Z,2025-01-18T00:00:00Z,TRUE
0073,2025-01-18,5.675,24,2025-01-18T01:00:00Z,2025-01-19T00:00:00Z,TRUE
0073,2025-01-19,3.2,24,2025-01-19T01:00:00Z,2025-01-20T00:00:00Z,TRUE
0073,2025-01-20,6.341666666666667,24,2025-01-20T01:00:00Z,2025-01-21T00:00:00Z,TRUE
0073,2025-01-21,8.770833333333334,24,2025-01-21T01:00:00Z,2025-01-22T00:00:00Z,TRUE
0073,2025-01-22,8.78,24,2025-01-22T01:00:00Z,2025-01-23T00:00:00Z,TRUE
0073,2025-01-23,10.575,24,2025-01-23T01:00:00Z,2025-01-24T00:00:00Z,TRUE
0073,2025-01-24,9.666666666666668,24,2025-01-24T01:00:00Z,2025-01-25T00:00:00Z,TRUE
0073,2025-01-25,14.883333333333333,24,2025-01-25T01:00:00Z,2025-01-26T00:00:00Z,TRUE
0073,2025-01-26,8.5,24,2025-01-26T01:00:00Z,2025-01-27T00:00:00Z,TRUE
0073,2025-01-27,9.170833333333334,24,2025-01-27T01:00:00Z,2025-01-28T00:00:00Z,TRUE
0073,2025-01-28,5.3875,24,2025-01-28T01:00:00Z,2025-01-29T00:00:00Z,TRUE
0073,2025-01-29,6.091666666666667,24,2025-01-29T01:00:00Z,2025-01-30T00:00:00Z,TRUE
0073,2025-01-30,6.0625,24,2025-01-30T01:00:00Z,2025-01-31T00:00:00Z,TRUE
0073,2025-01-31,5.429166666666666,24,2025-01-31T01:00:00Z,2025-02-01T00:00:00Z,TRUE
0073,2025-02-01,4.6375,24,2025-02-01T01:00:00Z,2025-02-02T00:00:00Z,TRUE
0073,2025-02-02,5.891666666666667,24,2025-02-02T01:00:00Z,2025-02-03T00:00:00Z,TRUE
0073,2025-02-03,14.254166666666666,24,2025-02-03T01:00:00Z,2025-02-04T00:00:00Z,TRUE
0073,2025-02-04,6.854166666666666,24,2025-02-04T01:00:00Z,2025-02-05T00:00:00Z,TRUE
0073,2025-02-05,2.8291666666666666,24,2025-02-05T01:00:00Z,2025-02-06T00:00:00Z,TRUE
0073,2025-02-06,7.504166666666666,24,2025-02-06T01:00:00Z,2025-02-07T00:00:00Z,TRUE
0073,2025-02-07,6.670833333333333,24,2025-02-07T01:00:00Z,2025-02-08T00:00:00Z,TRUE
0073,2025-02-08,8.904166666666667,24,2025-02-08T01:00:00Z,2025-02-09T00:00:00Z,TRUE
0073,2025-02-09,9.766666666666667,24,2025-02-09T01:00:00Z,2025-02-10T00:00:00Z,TRUE
0073,2025-02-10,10.1625,24,2025-02-10T01:00:00Z,2025-02-11T00:00:00Z,TRUE
0073,2025-02-11,16.975,24,2025-02-11T01:00:00Z,2025-02-12T00:00:00Z,TRUE
0073,2025-02-12,12.654166666666667,24,2025-02-12T01:00:00Z,2025-02-13T00:00:00Z,TRUE
0073,2025-02-13,7.55,24,2025-02-13T01:00:00Z,2025-02-14T00:00:00Z,TRUE
0073,2025-02-14,11.527272727272727,24,2025-02-14T01:00:00Z,2025-02-15T00:00:00Z,TRUE
0073,2025-02-15,8.658333333333333,24,2025-02-15T01:00:00Z,2025-02-16T00:00:00Z,TRUE
0073,2025-02-16,5.541666666666667,24,2025-02-16T01:00:00Z,2025-02-17T00:00:00Z,TRUE
0073,2025-02-17,4.775,24,2025-02-17T01:00:00Z,2025-02-18T00:00:00Z,TRUE
0073,2025-02-18,6.533333333333333,24,2025-02-18T01:00:00Z,2025-02-19T00:00:00Z,TRUE
0073,2025-02-19,9.241666666666667,24,2025-02-19T01:00:00Z,2025-02-20T00:00:00Z,TRUE
0073,2025-02-20,6.8875,24,2025-02-20T01:00:00Z,2025-02-21T00:00:00Z,TRUE
0073,2025-02-21,5.9624999999999995,24,2025-02-21T01:00:00Z,2025-02-22T00:00:00Z,TRUE
0073,2025-02-22,14.270833333333334,24,2025-02-22T01:00:00Z,2025-02-23T00:00:00Z,TRUE
0073,2025-02-23,11.554166666666667,24,2025-02-23T01:00:00Z,2025-02-24T00:00:00Z,TRUE
0073,2025-02-24,11.25,24,2025-02-24T01:00:00Z,2025-02-25T00:00:00Z,TRUE
0073,2025-02-25,8.7875,24,2025-02-25T01:00:00Z,2025-02-26T00:00:00Z,TRUE
0073,2025-02-26,10.15,24,2025-02-26T01:00:00Z,2025-02-27T00:00:00Z,TRUE
0073,2025-02-27,13.679166666666667,24,2025-02-27T01:00:00Z,2025-02-28T00:00:00Z,TRUE
0073,2025-02-28,5.595833333333333,24,2025-02-28T01:00:00Z,2025-03-01T00:00:00Z,TRUE
0073,2025-03-01,3.35,24,2025-03-01T01:00:00Z,2025-03-02T00:00:00Z,TRUE
0073,2025-03-02,5.470833333333333,24,2025-03-02T01:00:00Z,2025-03-03T00:00:00Z,TRUE
0073,2025-03-03,7.1625,24,2025-03-03T01:00:00Z,2025-03-04T00:00:00Z,TRUE
0073,2025-03-04,6.75,24,2025-03-04T01:00:00Z,2025-03-05T00:00:00Z,TRUE
0073,2025-03-05,5.291666666666667,24,2025-03-05T01:00:00Z,2025-03-06T00:00:00Z,TRUE
0073,2025-03-06,2.6708333333333334,24,2025-03-06T01:00:00Z,2025-03-07T00:00:00Z,TRUE
0073,2025-03-07,8.004166666666666,24,2025-03-07T01:00:00Z,2025-03-08T00:00:00Z,TRUE
0073,2025-03-08,6.050000000000001,24,2025-03-08T01:00:00Z,2025-03-09T00:00:00Z,TRUE
0073,2025-03-09,4.995652173913044,23,2025-03-09T01:00:00Z,2025-03-10T00:00:00Z,TRUE
0073,2025-03-10,5.141666666666667,24,2025-03-10T01:00:00Z,2025-03-11T00:00:00Z,TRUE
0073,2025-03-11,6.370833333333334,24,2025-03-11T01:00:00Z,2025-03-12T00:00:00Z,TRUE
0073,2025-03-12,2.504166666666667,24,2025-03-12T01:00:00Z,2025-03-13T00:00:00Z,TRUE
0073,2025-03-13,5.282608695652174,24,2025-03-13T01:00:00Z,2025-03-14T00:00:00Z,TRUE
0073,2025-03-14,8.995833333333334,24,2025-03-14T01:00:00Z,2025-03-15T00:00:00Z,TRUE
0073,2025-03-15,12.208333333333334,24,2025-03-15T01:00:00Z,2025-03-16T00:00:00Z,TRUE
0073,2025-03-16,5.45,24,2025-03-16T01:00:00Z,2025-03-17T00:00:00Z,TRUE
0073,2025-03-17,3.675,24,2025-03-17T01:00:00Z,2025-03-18T00:00:00Z,TRUE
0073,2025-03-18,5.320833333333334,24,2025-03-18T01:00:00Z,2025-03-19T00:00:00Z,TRUE
0073,2025-03-19,6.491666666666666,24,2025-03-19T01:00:00Z,2025-03-20T00:00:00Z,TRUE
0073,2025-03-20,5.454166666666667,24,2025-03-20T01:00:00Z,2025-03-21T00:00:00Z,TRUE
0073,2025-03-21,3.1125000000000003,24,2025-03-21T01:00:00Z,2025-03-22T00:00:00Z,TRUE
0073,2025-03-22,3.8916666666666666,24,2025-03-22T01:00:00Z,2025-03-23T00:00:00Z,TRUE
0073,2025-03-23,4.245833333333334,24,2025-03-23T01:00:00Z,2025-03-24T00:00:00Z,TRUE
0073,2025-03-24,5.075,24,2025-03-24T01:00:00Z,2025-03-25T00:00:00Z,TRUE
0073,2025-03-25,5.4,24,2025-03-25T01:00:00Z,2025-03-26T00:00:00Z,TRUE
0073,2025-03-26,3.7416666666666667,24,2025-03-26T01:00:00Z,2025-03-27T00:00:00Z,TRUE
0073,2025-03-27,5.958333333333333,24,2025-03-27T01:00:00Z,2025-03-28T00:00:00Z,TRUE
0073,2025-03-28,9.0375,24,2025-03-28T01:00:00Z,2025-03-29T00:00:00Z,TRUE
0073,2025-03-29,12.5125,24,2025-03-29T01:00:00Z,2025-03-30T00:00:00Z,TRUE
0073,2025-03-30,9.254166666666666,24,2025-03-30T01:00:00Z,2025-03-31T00:00:00Z,TRUE
0073,2025-03-31,3.6625,24,2025-03-31T01:00:00Z,2025-04-01T00:00:00Z,TRUE
0073,2025-04-01,3.5125,24,2025-04-01T01:00:00Z,2025-04-02T00:00:00Z,TRUE
0073,2025-04-02,4.558333333333334,24,2025-04-02T01:00:00Z,2025-04-03T00:00:00Z,TRUE
0073,2025-04-03,3.720833333333333,24,2025-04-03T01:00:00Z,2025-04-04T00:00:00Z,TRUE
0073,2025-04-04,2.533333333333333,24,2025-04-04T01:00:00Z,2025-04-05T00:00:00Z,TRUE
0073,2025-04-05,3.783333333333333,24,2025-04-05T01:00:00Z,2025-04-06T00:00:00Z,TRUE
0073,2025-04-06,3.8833333333333333,24,2025-04-06T01:00:00Z,2025-04-07T00:00:00Z,TRUE
0073,2025-04-07,5.154166666666667,24,2025-04-07T01:00:00Z,2025-04-08T00:00:00Z,TRUE
0073,2025-04-08,3.7291666666666665,24,2025-04-08T01:00:00Z,2025-04-09T00:00:00Z,TRUE
0073,2025-04-09,5.558333333333334,24,2025-04-09T01:00:00Z,2025-04-10T00:00:00Z,TRUE
0073,2025-04-10,7.870833333333334,24,2025-04-10T01:00:00Z,2025-04-11T00:00:00Z,TRUE
0073,2025-04-11,7.582608695652174,24,2025-04-11T01:00:00Z,2025-04-12T00:00:00Z,TRUE
0073,2025-04-12,6.629166666666666,24,2025-04-12T01:00:00Z,2025-04-13T00:00:00Z,TRUE
0073,2025-04-13,5.183333333333334,24,2025-04-13T01:00:00Z,2025-04-14T00:00:00Z,TRUE
0073,2025-04-14,6.4375,24,2025-04-14T01:00:00Z,2025-04-15T00:00:00Z,TRUE
0073,2025-04-15,3.3291666666666666,24,2025-04-15T01:00:00Z,2025-04-16T00:00:00Z,TRUE
0073,2025-04-16,3.770833333333333,24,2025-04-16T01:00:00Z,2025-04-17T00:00:00Z,TRUE
0073,2025-04-17,5.916666666666667,24,2025-04-17T01:00:00Z,2025-04-18T00:00:00Z,TRUE
0073,2025-04-18,7.8625,24,2025-04-18T01:00:00Z,2025-04-19T00:00:00Z,TRUE
0073,2025-04-19,9.054166666666667,24,2025-04-19T01:00:00Z,2025-04-20T00:00:00Z,TRUE
0073,2025-04-20,3.1958333333333333,24,2025-04-20T01:00:00Z,2025-04-21T00:00:00Z,TRUE
0073,2025-04-21,6.025,24,2025-04-21T01:00:00Z,2025-04-22T00:00:00Z,TRUE
0073,2025-04-22,2.6,24,2025-04-22T01:00:00Z,2025-04-23T00:00:00Z,TRUE
0073,2025-04-23,4.630434782608695,24,2025-04-23T01:00:00Z,2025-04-24T00:00:00Z,TRUE
0073,2025-04-24,6.1375,24,2025-04-24T01:00:00Z,2025-04-25T00:00:00Z,TRUE
0073,2025-04-25,5.45,24,2025-04-25T01:00:00Z,2025-04-26T00:00:00Z,TRUE
0073,2025-04-26,4.5625,24,2025-04-26T01:00:00Z,2025-04-27T00:00:00Z,TRUE
0073,2025-04-27,3.3,24,2025-04-27T01:00:00Z,2025-04-28T00:00:00Z,TRUE
0073,2025-04-28,3.2291666666666665,24,2025-04-28T01:00:00Z,2025-04-29T00:00:00Z,TRUE
0073,2025-04-29,7.366666666666667,24,2025-04-29T01:00:00Z,2025-04-30T00:00:00Z,TRUE
0073,2025-04-30,2.3375,24,2025-04-30T01:00:00Z,2025-05-01T00:00:00Z,TRUE
0073,2025-05-01,5.0125,24,2025-05-01T01:00:00Z,2025-05-02T00:00:00Z,TRUE
0073,2025-05-02,5.279166666666667,24,2025-05-02T01:00:00Z,2025-05-03T00:00:00Z,TRUE
0073,2025-05-03,5.545833333333333,24,2025-05-03T01:00:00Z,2025-05-04T00:00:00Z,TRUE
0073,2025-05-04,2.6750000000000003,24,2025-05-04T01:00:00Z,2025-05-05T00:00:00Z,TRUE
0073,2025-05-05,3.654166666666667,24,2025-05-05T01:00:00Z,2025-05-06T00:00:00Z,TRUE
0073,2025-05-06,3.5,24,2025-05-06T01:00:00Z,2025-05-07T00:00:00Z,TRUE
0073,2025-05-07,6.05,24,2025-05-07T01:00:00Z,2025-05-08T00:00:00Z,TRUE
0073,2025-05-08,6.226086956521739,24,2025-05-08T01:00:00Z,2025-05-09T00:00:00Z,TRUE
0073,2025-05-09,4.854166666666667,24,2025-05-09T01:00:00Z,2025-05-10T00:00:00Z,TRUE
0073,2025-05-10,4.895833333333334,24,2025-05-10T01:00:00Z,2025-05-11T00:00:00Z,TRUE
0073,2025-05-11,4.995833333333334,24,2025-05-11T01:00:00Z,2025-05-12T00:00:00Z,TRUE
0073,2025-05-12,4.825,24,2025-05-12T01:00:00Z,2025-05-13T00:00:00Z,TRUE
0073,2025-05-13,3.25,24,2025-05-13T01:00:00Z,2025-05-14T00:00:00Z,TRUE
0073,2025-05-14,2.65,24,2025-05-14T01:00:00Z,2025-05-15T00:00:00Z,TRUE
0073,2025-05-15,6.016666666666667,24,2025-05-15T01:00:00Z,2025-05-16T00:00:00Z,TRUE
0073,2025-05-16,9.458333333333334,24,2025-05-16T01:00:00Z,2025-05-17T00:00:00Z,TRUE
0073,2025-05-17,4.8375,24,2025-05-17T01:00:00Z,2025-05-18T00:00:00Z,TRUE
0073,2025-05-18,4.845833333333333,24,2025-05-18T01:00:00Z,2025-05-19T00:00:00Z,TRUE
0073,2025-05-19,3.9416666666666664,24,2025-05-19T01:00:00Z,2025-05-20T00:00:00Z,TRUE
0073,2025-05-20,4.179166666666666,24,2025-05-20T01:00:00Z,2025-05-21T00:00:00Z,TRUE
0073,2025-05-21,5.375,24,2025-05-21T01:00:00Z,2025-05-22T00:00:00Z,TRUE
0073,2025-05-22,2.7958333333333334,24,2025-05-22T01:00:00Z,2025-05-23T00:00:00Z,TRUE
0073,2025-05-23,1.9375,24,2025-05-23T01:00:00Z,2025-05-24T00:00:00Z,TRUE
0073,2025-05-24,1.4958333333333333,24,2025-05-24T01:00:00Z,2025-05-25T00:00:00Z,TRUE
0073,2025-05-25,3.379166666666667,24,2025-05-25T01:00:00Z,2025-05-26T00:00:00Z,TRUE
0073,2025-05-26,3.183333333333333,24,2025-05-26T01:00:00Z,2025-05-27T00:00:00Z,TRUE
0073,2025-05-27,3.8,24,2025-05-27T01:00:00Z,2025-05-28T00:00:00Z,TRUE
0073,2025-05-28,1.8208333333333333,24,2025-05-28T01:00:00Z,2025-05-29T00:00:00Z,TRUE
0073,2025-05-29,6.675,24,2025-05-29T01:00:00Z,2025-05-30T00:00:00Z,TRUE
0073,2025-05-30,9.529166666666667,24,2025-05-30T01:00:00Z,2025-05-31T00:00:00Z,TRUE
0073,2025-05-31,6.095833333333333,24,2025-05-31T01:00:00Z,2025-06-01T00:00:00Z,TRUE
0073,2025-06-01,4.295833333333333,24,2025-06-01T01:00:00Z,2025-06-02T00:00:00Z,TRUE
0073,2025-06-02,4.825,24,2025-06-02T01:00:00Z,2025-06-03T00:00:00Z,TRUE
0073,2025-06-03,8.2625,24,2025-06-03T01:00:00Z,2025-06-04T00:00:00Z,TRUE
0073,2025-06-04,21.479166666666668,24,2025-06-04T01:00:00Z,2025-06-05T00:00:00Z,TRUE
0073,2025-06-05,21.575,24,2025-06-05T01:00:00Z,2025-06-06T00:00:00Z,TRUE
0073,2025-06-06,12.9375,24,2025-06-06T01:00:00Z,2025-06-07T00:00:00Z,TRUE
0073,2025-06-07,33.87916666666667,24,2025-06-07T01:00:00Z,2025-06-08T00:00:00Z,TRUE
0073,2025-06-08,24.295833333333334,24,2025-06-08T01:00:00Z,2025-06-09T00:00:00Z,TRUE
0073,2025-06-09,11.065217391304348,24,2025-06-09T01:00:00Z,2025-06-10T00:00:00Z,TRUE
0073,2025-06-10,9.808333333333334,24,2025-06-10T01:00:00Z,2025-06-11T00:00:00Z,TRUE
0073,2025-06-11,13.8625,24,2025-06-11T01:00:00Z,2025-06-12T00:00:00Z,TRUE
0073,2025-06-12,20.483333333333334,24,2025-06-12T01:00:00Z,2025-06-13T00:00:00Z,TRUE
0073,2025-06-13,20.75,24,2025-06-13T01:00:00Z,2025-06-14T00:00:00Z,TRUE
0073,2025-06-14,7.4,24,2025-06-14T01:00:00Z,2025-06-15T00:00:00Z,TRUE
0073,2025-06-15,7.25,24,2025-06-15T01:00:00Z,2025-06-16T00:00:00Z,TRUE
0073,2025-06-16,6.766666666666667,24,2025-06-16T01:00:00Z,2025-06-17T00:00:00Z,TRUE
0073,2025-06-17,7.2,24,2025-06-17T01:00:00Z,2025-06-18T00:00:00Z,TRUE
0073,2025-06-18,6.5375,24,2025-06-18T01:00:00Z,2025-06-19T00:00:00Z,TRUE
0073,2025-06-19,4.370833333333334,24,2025-06-19T01:00:00Z,2025-06-20T00:00:00Z,TRUE
0073,2025-06-20,6.866666666666667,24,2025-06-20T01:00:00Z,2025-06-21T00:00:00Z,TRUE
0073,2025-06-21,7.833333333333333,24,2025-06-21T01:00:00Z,2025-06-22T00:00:00Z,TRUE
0073,2025-06-22,9.554166666666667,24,2025-06-22T01:00:00Z,2025-06-23T00:00:00Z,TRUE
0073,2025-06-23,12.7625,24,2025-06-23T01:00:00Z,2025-06-24T00:00:00Z,TRUE
0073,2025-06-24,13.129166666666666,24,2025-06-24T01:00:00Z,2025-06-25T00:00:00Z,TRUE
0073,2025-06-25,8.3,24,2025-06-25T01:00:00Z,2025-06-26T00:00:00Z,TRUE
0073,2025-06-26,8.541666666666666,24,2025-06-26T01:00:00Z,2025-06-27T00:00:00Z,TRUE
0073,2025-06-27,7.841666666666667,24,2025-06-27T01:00:00Z,2025-06-28T00:00:00Z,TRUE
0073,2025-06-28,7.270833333333333,24,2025-06-28T01:00:00Z,2025-06-29T00:00:00Z,TRUE
0073,2025-06-29,5.833333333333333,24,2025-06-29T01:00:00Z,2025-06-30T00:00:00Z,TRUE
0073,2025-06-30,7.345833333333333,24,2025-06-30T01:00:00Z,2025-07-01T00:00:00Z,TRUE
0073,2025-07-01,5.379166666666666,24,2025-07-01T01:00:00Z,2025-07-02T00:00:00Z,TRUE
0073,2025-07-02,9.1125,24,2025-07-02T01:00:00Z,2025-07-03T00:00:00Z,TRUE
0073,2025-07-03,15.269565217391305,24,2025-07-03T01:00:00Z,2025-07-04T00:00:00Z,TRUE
0073,2025-07-04,15.183333333333334,24,2025-07-04T01:00:00Z,2025-07-05T00:00:00Z,TRUE
0073,2025-07-05,16.754166666666666,24,2025-07-05T01:00:00Z,2025-07-06T00:00:00Z,TRUE
0073,2025-07-06,12.5125,24,2025-07-06T01:00:00Z,2025-07-07T00:00:00Z,TRUE
0073,2025-07-07,8.7125,24,2025-07-07T01:00:00Z,2025-07-08T00:00:00Z,TRUE
0073,2025-07-08,11.225,24,2025-07-08T01:00:00Z,2025-07-09T00:00:00Z,TRUE
0073,2025-07-09,16.479166666666668,24,2025-07-09T01:00:00Z,2025-07-10T00:00:00Z,TRUE
0073,2025-07-10,13.304166666666667,24,2025-07-10T01:00:00Z,2025-07-11T00:00:00Z,TRUE
0073,2025-07-11,9.483333333333333,24,2025-07-11T01:00:00Z,2025-07-12T00:00:00Z,TRUE
0073,2025-07-12,8.716666666666667,24,2025-07-12T01:00:00Z,2025-07-13T00:00:00Z,TRUE
0073,2025-07-13,7.045833333333333,24,2025-07-13T01:00:00Z,2025-07-14T00:00:00Z,TRUE
0073,2025-07-14,17.59166666666667,24,2025-07-14T01:00:00Z,2025-07-15T00:00:00Z,TRUE
0073,2025-07-15,26.05,24,2025-07-15T01:00:00Z,2025-07-16T00:00:00Z,TRUE
0073,2025-07-16,19.945833333333333,24,2025-07-16T01:00:00Z,2025-07-17T00:00:00Z,TRUE
0073,2025-07-17,4.945833333333333,24,2025-07-17T01:00:00Z,2025-07-18T00:00:00Z,TRUE
0073,2025-07-18,2.691666666666667,24,2025-07-18T01:00:00Z,2025-07-19T00:00:00Z,TRUE
0073,2025-07-19,3.8583333333333334,24,2025-07-19T01:00:00Z,2025-07-20T00:00:00Z,TRUE
0073,2025-07-20,5.404166666666667,24,2025-07-20T01:00:00Z,2025-07-21T00:00:00Z,TRUE
0073,2025-07-21,18.195833333333333,24,2025-07-21T01:00:00Z,2025-07-22T00:00:00Z,TRUE
0073,2025-07-22,4.9625,24,2025-07-22T01:00:00Z,2025-07-23T00:00:00Z,TRUE
0073,2025-07-23,4.460869565217392,24,2025-07-23T01:00:00Z,2025-07-24T00:00:00Z,TRUE
0073,2025-07-24,13.291666666666666,24,2025-07-24T01:00:00Z,2025-07-25T00:00:00Z,TRUE
0073,2025-07-25,7.5375,24,2025-07-25T01:00:00Z,2025-07-26T00:00:00Z,TRUE
0073,2025-07-26,6.654166666666667,24,2025-07-26T01:00:00Z,2025-07-27T00:00:00Z,TRUE
0073,2025-07-27,6.0625,24,2025-07-27T01:00:00Z,2025-07-28T00:00:00Z,TRUE
0073,2025-07-28,7.283333333333333,24,2025-07-28T01:00:00Z,2025-07-29T00:00:00Z,TRUE
0073,2025-07-29,6.125,24,2025-07-29T01:00:00Z,2025-07-30T00:00:00Z,TRUE
0073,2025-07-30,9.569565217391304,24,2025-07-30T01:00:00Z,2025-07-31T00:00:00Z,TRUE
0073,2025-07-31,23.833333333333332,24,2025-07-31T01:00:00Z,2025-08-01T00:00:00Z,TRUE
0073,2025-08-01,16.5625,24,2025-08-01T01:00:00Z,2025-08-02T00:00:00Z,TRUE
0073,2025-08-02,4.279166666666667,24,2025-08-02T01:00:00Z,2025-08-03T00:00:00Z,TRUE
0073,2025-08-03,10.458333333333334,24,2025-08-03T01:00:00Z,2025-08-04T00:00:00Z,TRUE
0073,2025-08-04,30.02916666666667,24,2025-08-04T01:00:00Z,2025-08-05T00:00:00Z,TRUE
0073,2025-08-05,25.7875,24,2025-08-05T01:00:00Z,2025-08-06T00:00:00Z,TRUE
0073,2025-08-06,22.1,24,2025-08-06T01:00:00Z,2025-08-07T00:00:00Z,TRUE
0073,2025-08-07,14.5,24,2025-08-07T01:00:00Z,2025-08-08T00:00:00Z,TRUE
0073,2025-08-08,13.016666666666667,24,2025-08-08T01:00:00Z,2025-08-09T00:00:00Z,TRUE
0073,2025-08-09,16.6625,24,2025-08-09T01:00:00Z,2025-08-10T00:00:00Z,TRUE
0073,2025-08-10,18.333333333333332,24,2025-08-10T01:00:00Z,2025-08-11T00:00:00Z,TRUE
0073,2025-08-11,15.120833333333334,24,2025-08-11T01:00:00Z,2025-08-12T00:00:00Z,TRUE
0073,2025-08-12,11.954166666666666,24,2025-08-12T01:00:00Z,2025-08-13T00:00:00Z,TRUE
0073,2025-08-13,5.454166666666667,24,2025-08-13T01:00:00Z,2025-08-14T00:00:00Z,TRUE
0073,2025-08-14,12.916666666666666,24,2025-08-14T01:00:00Z,2025-08-15T00:00:00Z,TRUE
0073,2025-08-15,21.2,24,2025-08-15T01:00:00Z,2025-08-16T00:00:00Z,TRUE
0073,2025-08-16,16.3625,24,2025-08-16T01:00:00Z,2025-08-17T00:00:00Z,TRUE
0073,2025-08-17,10.033333333333333,24,2025-08-17T01:00:00Z,2025-08-18T00:00:00Z,TRUE
0073,2025-08-18,3.175,24,2025-08-18T01:00:00Z,2025-08-19T00:00:00Z,TRUE
0073,2025-08-19,5.420833333333333,24,2025-08-19T01:00:00Z,2025-08-20T00:00:00Z,TRUE
0073,2025-08-20,6.3125,24,2025-08-20T01:00:00Z,2025-08-21T00:00:00Z,TRUE
0073,2025-08-21,1.5666666666666667,24,2025-08-21T01:00:00Z,2025-08-22T00:00:00Z,TRUE
0073,2025-08-22,3.05,24,2025-08-22T01:00:00Z,2025-08-23T00:00:00Z,TRUE
0073,2025-08-23,5.283333333333333,24,2025-08-23T01:00:00Z,2025-08-24T00:00:00Z,TRUE
0073,2025-08-24,4.816666666666666,24,2025-08-24T01:00:00Z,2025-08-25T00:00:00Z,TRUE
0073,2025-08-25,3.225,24,2025-08-25T01:00:00Z,2025-08-26T00:00:00Z,TRUE
0073,2025-08-26,3.7416666666666667,24,2025-08-26T01:00:00Z,2025-08-27T00:00:00Z,TRUE
0073,2025-08-27,4.083333333333333,24,2025-08-27T01:00:00Z,2025-08-28T00:00:00Z,TRUE
0073,2025-08-28,4.5625,24,2025-08-28T01:00:00Z,2025-08-29T00:00:00Z,TRUE
0073,2025-08-29,3.3956521739130436,24,2025-08-29T01:00:00Z,2025-08-30T00:00:00Z,TRUE
0073,2025-08-30,2.933333333333333,24,2025-08-30T01:00:00Z,2025-08-31T00:00:00Z,TRUE
0073,2025-08-31,3.629166666666667,24,2025-08-31T01:00:00Z,2025-09-01T00:00:00Z,TRUE
0073,2025-09-01,4.016666666666667,24,2025-09-01T01:00:00Z,2025-09-02T00:00:00Z,TRUE
0073,2025-09-02,3.9625,24,2025-09-02T01:00:00Z,2025-09-03T00:00:00Z,TRUE
0073,2025-09-03,5.516666666666667,24,2025-09-03T01:00:00Z,2025-09-04T00:00:00Z,TRUE
0073,2025-09-04,6.183333333333334,24,2025-09-04T01:00:00Z,2025-09-05T00:00:00Z,TRUE
0073,2025-09-05,10.595833333333333,24,2025-09-05T01:00:00Z,2025-09-06T00:00:00Z,TRUE
0073,2025-09-06,5,24,2025-09-06T01:00:00Z,2025-09-07T00:00:00Z,TRUE
0073,2025-09-07,3.5749999999999997,24,2025-09-07T01:00:00Z,2025-09-08T00:00:00Z,TRUE
0073,2025-09-08,3.5791666666666666,24,2025-09-08T01:00:00Z,2025-09-09T00:00:00Z,TRUE
0073,2025-09-09,3.5791666666666666,24,2025-09-09T01:00:00Z,2025-09-10T00:00:00Z,TRUE
0073,2025-09-10,4.6625,24,2025-09-10T01:00:00Z,2025-09-11T00:00:00Z,TRUE
0073,2025-09-11,5.641666666666667,24,2025-09-11T01:00:00Z,2025-09-12T00:00:00Z,TRUE
0073,2025-09-12,6.825,24,2025-09-12T01:00:00Z,2025-09-13T00:00:00Z,TRUE
0073,2025-09-13,7.6625000000000005,24,2025-09-13T01:00:00Z,2025-09-14T00:00:00Z,TRUE
0073,2025-09-14,8.0375,24,2025-09-14T01:00:00Z,2025-09-15T00:00:00Z,TRUE
0073,2025-09-15,7.291666666666667,24,2025-09-15T01:00:00Z,2025-09-16T00:00:00Z,TRUE
0073,2025-09-16,8.716666666666667,24,2025-09-16T01:00:00Z,2025-09-17T00:00:00Z,TRUE
0073,2025-09-17,7.908333333333333,24,2025-09-17T01:00:00Z,2025-09-18T00:00:00Z,TRUE
0073,2025-09-18,8.1125,24,2025-09-18T01:00:00Z,2025-09-19T00:00:00Z,TRUE
0073,2025-09-19,8.416666666666666,24,2025-09-19T01:00:00Z,2025-09-20T00:00:00Z,TRUE
0073,2025-09-20,3.933333333333333,24,2025-09-20T01:00:00Z,2025-09-21T00:00:00Z,TRUE
0073,2025-09-21,7.029166666666667,24,2025-09-21T01:00:00Z,2025-09-22T00:00:00Z,TRUE
0073,2025-09-22,8.8,24,2025-09-22T01:00:00Z,2025-09-23T00:00:00Z,TRUE
0073,2025-09-23,3.6666666666666665,24,2025-09-23T01:00:00Z,2025-09-24T00:00:00Z,TRUE
0073,2025-09-24,5.333333333333333,24,2025-09-24T01:00:00Z,2025-09-25T00:00:00Z,TRUE
0073,2025-09-25,7.854166666666667,24,2025-09-25T01:00:00Z,2025-09-26T00:00:00Z,TRUE
0073,2025-09-26,10.452173913043477,24,2025-09-26T01:00:00Z,2025-09-27T00:00:00Z,TRUE
0073,2025-09-27,6.645833333333333,24,2025-09-27T01:00:00Z,2025-09-28T00:00:00Z,TRUE
0073,2025-09-28,10.341666666666667,24,2025-09-28T01:00:00Z,2025-09-29T00:00:00Z,TRUE
0073,2025-09-29,5.229166666666666,24,2025-09-29T01:00:00Z,2025-09-30T00:00:00Z,TRUE
0073,2025-09-30,5.204166666666667,24,2025-09-30T01:00:00Z,2025-10-01T00:00:00Z,TRUE
0073,2025-10-01,3.4833333333333334,24,2025-10-01T01:00:00Z,2025-10-02T00:00:00Z,TRUE
0073,2025-10-02,3.158333333333333,24,2025-10-02T01:00:00Z,2025-10-03T00:00:00Z,TRUE
0073,2025-10-03,6.945833333333333,24,2025-10-03T01:00:00Z,2025-10-04T00:00:00Z,TRUE
0073,2025-10-04,9.816666666666666,24,2025-10-04T01:00:00Z,2025-10-05T00:00:00Z,TRUE
0073,2025-10-05,8.216666666666667,24,2025-10-05T01:00:00Z,2025-10-06T00:00:00Z,TRUE
0073,2025-10-06,5.3625,24,2025-10-06T01:00:00Z,2025-10-07T00:00:00Z,TRUE
0073,2025-10-07,3.558333333333333,24,2025-10-07T01:00:00Z,2025-10-08T00:00:00Z,TRUE
0073,2025-10-08,2.3916666666666666,24,2025-10-08T01:00:00Z,2025-10-09T00:00:00Z,TRUE
0073,2025-10-09,2.154166666666667,24,2025-10-09T01:00:00Z,2025-10-10T00:00:00Z,TRUE
0073,2025-10-10,3.6458333333333335,24,2025-10-10T01:00:00Z,2025-10-11T00:00:00Z,TRUE
0073,2025-10-11,4.104166666666667,24,2025-10-11T01:00:00Z,2025-10-12T00:00:00Z,TRUE
0073,2025-10-12,3.933333333333333,24,2025-10-12T01:00:00Z,2025-10-13T00:00:00Z,TRUE
0073,2025-10-13,3.0625,24,2025-10-13T01:00:00Z,2025-10-14T00:00:00Z,TRUE
0073,2025-10-14,3.129166666666667,24,2025-10-14T01:00:00Z,2025-10-15T00:00:00Z,TRUE
0073,2025-10-15,2.345833333333333,24,2025-10-15T01:00:00Z,2025-10-16T00:00:00Z,TRUE
0073,2025-10-16,1.525,24,2025-10-16T01:00:00Z,2025-10-17T00:00:00Z,TRUE
0073,2025-10-17,3.129166666666667,24,2025-10-17T01:00:00Z,2025-10-18T00:00:00Z,TRUE
0073,2025-10-18,7.925,24,2025-10-18T01:00:00Z,2025-10-19T00:00:00Z,TRUE
0073,2025-10-19,8.879166666666666,24,2025-10-19T01:00:00Z,2025-10-20T00:00:00Z,TRUE
0073,2025-10-20,3.275,24,2025-10-20T01:00:00Z,2025-10-21T00:00:00Z,TRUE
0073,2025-10-21,3.6708333333333334,24,2025-10-21T01:00:00Z,2025-10-22T00:00:00Z,TRUE
0073,2025-10-22,2.925,24,2025-10-22T01:00:00Z,2025-10-23T00:00:00Z,TRUE
0073,2025-10-23,3.254166666666667,24,2025-10-23T01:00:00Z,2025-10-24T00:00:00Z,TRUE
0073,2025-10-24,3.458333333333333,24,2025-10-24T01:00:00Z,2025-10-25T00:00:00Z,TRUE
0073,2025-10-25,3.5541666666666667,24,2025-10-25T01:00:00Z,2025-10-26T00:00:00Z,TRUE
0073,2025-10-26,2.8041666666666667,24,2025-10-26T01:00:00Z,2025-10-27T00:00:00Z,TRUE
0073,2025-10-27,2.7,24,2025-10-27T01:00:00Z,2025-10-28T00:00:00Z,TRUE
0073,2025-10-28,3.0166666666666666,24,2025-10-28T01:00:00Z,2025-10-29T00:00:00Z,TRUE
0073,2025-10-29,3.2291666666666665,24,2025-10-29T01:00:00Z,2025-10-30T00:00:00Z,TRUE
0073,2025-10-30,1.7125,24,2025-10-30T01:00:00Z,2025-10-31T00:00:00Z,TRUE
0073,2025-10-31,3.35,24,2025-10-31T01:00:00Z,2025-11-01T00:00:00Z,TRUE
0073,2025-11-01,7.329166666666667,24,2025-11-01T01:00:00Z,2025-11-02T00:00:00Z,TRUE
0073,2025-11-02,11.469565217391304,23,2025-11-02T01:00:00Z,2025-11-03T00:00:00Z,TRUE
0073,2025-11-03,9.883333333333333,24,2025-11-03T01:00:00Z,2025-11-04T00:00:00Z,TRUE
0073,2025-11-04,3.3833333333333333,24,2025-11-04T01:00:00Z,2025-11-05T00:00:00Z,TRUE
0073,2025-11-05,6.569565217391305,24,2025-11-05T01:00:00Z,2025-11-06T00:00:00Z,TRUE
0073,2025-11-06,2.6416666666666666,24,2025-11-06T01:00:00Z,2025-11-07T00:00:00Z,TRUE
0073,2025-11-07,6.604166666666667,24,2025-11-07T01:00:00Z,2025-11-08T00:00:00Z,TRUE
0073,2025-11-08,6.045833333333333,24,2025-11-08T01:00:00Z,2025-11-09T00:00:00Z,TRUE
0073,2025-11-09,4.175,24,2025-11-09T01:00:00Z,2025-11-10T00:00:00Z,TRUE
0073,2025-11-10,3.333333333333333,24,2025-11-10T01:00:00Z,2025-11-11T00:00:00Z,TRUE
0073,2025-11-11,5.2625,24,2025-11-11T01:00:00Z,2025-11-12T00:00:00Z,TRUE
0073,2025-11-12,5.3625,24,2025-11-12T01:00:00Z,2025-11-13T00:00:00Z,TRUE
0073,2025-11-13,4.316666666666666,24,2025-11-13T01:00:00Z,2025-11-14T00:00:00Z,TRUE
0073,2025-11-14,6.9625,24,2025-11-14T01:00:00Z,2025-11-15T00:00:00Z,TRUE
0073,2025-11-15,13.808333333333334,24,2025-11-15T01:00:00Z,2025-11-16T00:00:00Z,TRUE
0073,2025-11-16,4.279166666666667,24,2025-11-16T01:00:00Z,2025-11-17T00:00:00Z,TRUE
0073,2025-11-17,2.2272727272727275,24,2025-11-17T01:00:00Z,2025-11-18T00:00:00Z,TRUE
0073,2025-11-18,7.5125,24,2025-11-18T01:00:00Z,2025-11-19T00:00:00Z,TRUE
0073,2025-11-19,11.029166666666667,24,2025-11-19T01:00:00Z,2025-11-20T00:00:00Z,TRUE
0073,2025-11-20,12.2875,24,2025-11-20T01:00:00Z,2025-11-21T00:00:00Z,TRUE
0073,2025-11-21,13.566666666666666,24,2025-11-21T01:00:00Z,2025-11-22T00:00:00Z,TRUE
0073,2025-11-22,9.191666666666666,24,2025-11-22T01:00:00Z,2025-11-23T00:00:00Z,TRUE
0073,2025-11-23,9.179166666666667,24,2025-11-23T01:00:00Z,2025-11-24T00:00:00Z,TRUE
0073,2025-11-24,4.341666666666667,24,2025-11-24T01:00:00Z,2025-11-25T00:00:00Z,TRUE
0073,2025-11-25,5.290909090909091,24,2025-11-25T01:00:00Z,2025-11-26T00:00:00Z,TRUE
0073,2025-11-26,4.170833333333333,24,2025-11-26T01:00:00Z,2025-11-27T00:00:00Z,TRUE
0073,2025-11-27,3.0125,24,2025-11-27T01:00:00Z,2025-11-28T00:00:00Z,TRUE
0073,2025-11-28,4.2375,24,2025-11-28T01:00:00Z,2025-11-29T00:00:00Z,TRUE
0073,2025-11-29,4.679166666666667,24,2025-11-29T01:00:00Z,2025-11-30T00:00:00Z,TRUE
0073,2025-11-30,5.3625,24,2025-11-30T01:00:00Z,2025-12-01T00:00:00Z,TRUE
0073,2025-12-01,4.570833333333333,24,2025-12-01T01:00:00Z,2025-12-02T00:00:00Z,TRUE
0073,2025-12-02,8.704166666666666,24,2025-12-02T01:00:00Z,2025-12-03T00:00:00Z,TRUE
0073,2025-12-03,11.2625,24,2025-12-03T01:00:00Z,2025-12-04T00:00:00Z,TRUE
0073,2025-12-04,10.429166666666667,24,2025-12-04T01:00:00Z,2025-12-05T00:00:00Z,TRUE
0073,2025-12-05,7.6375,24,2025-12-05T01:00:00Z,2025-12-06T00:00:00Z,TRUE
0073,2025-12-06,19.4,24,2025-12-06T01:00:00Z,2025-12-07T00:00:00Z,TRUE
0073,2025-12-07,17.13478260869565,24,2025-12-07T01:00:00Z,2025-12-08T00:00:00Z,TRUE
0073,2025-12-08,2.1458333333333335,24,2025-12-08T01:00:00Z,2025-12-09T00:00:00Z,TRUE
0073,2025-12-09,5.613636363636363,24,2025-12-09T01:00:00Z,2025-12-10T00:00:00Z,TRUE
0073,2025-12-10,5.220833333333333,24,2025-12-10T01:00:00Z,2025-12-11T00:00:00Z,TRUE
0073,2025-12-11,2.675,24,2025-12-11T01:00:00Z,2025-12-12T00:00:00Z,TRUE
0073,2025-12-12,6.641666666666667,24,2025-12-12T01:00:00Z,2025-12-13T00:00:00Z,TRUE
0073,2025-12-13,10.945833333333333,24,2025-12-13T01:00:00Z,2025-12-14T00:00:00Z,TRUE
0073,2025-12-14,3.025,24,2025-12-14T01:00:00Z,2025-12-15T00:00:00Z,TRUE
0073,2025-12-15,6.904166666666667,24,2025-12-15T01:00:00Z,2025-12-16T00:00:00Z,TRUE
0073,2025-12-16,10.066666666666666,24,2025-12-16T01:00:00Z,2025-12-17T00:00:00Z,TRUE
0073,2025-12-17,11.120833333333334,24,2025-12-17T01:00:00Z,2025-12-18T00:00:00Z,TRUE
0073,2025-12-18,9.104166666666668,24,2025-12-18T01:00:00Z,2025-12-19T00:00:00Z,TRUE
0073,2025-12-19,5.008333333333334,24,2025-12-19T01:00:00Z,2025-12-20T00:00:00Z,TRUE
0073,2025-12-20,6.4125,24,2025-12-20T01:00:00Z,2025-12-21T00:00:00Z,TRUE
0073,2025-12-21,4.708333333333333,24,2025-12-21T01:00:00Z,2025-12-22T00:00:00Z,TRUE
0073,2025-12-22,8.579166666666667,24,2025-12-22T01:00:00Z,2025-12-23T00:00:00Z,TRUE
0073,2025-12-23,9.869565217391303,24,2025-12-23T01:00:00Z,2025-12-24T00:00:00Z,TRUE
0073,2025-12-24,12.6125,24,2025-12-24T01:00:00Z,2025-12-25T00:00:00Z,TRUE
0073,2025-12-25,13.7625,24,2025-12-25T01:00:00Z,2025-12-26T00:00:00Z,TRUE
0073,2025-12-26,5.608333333333333,24,2025-12-26T01:00:00Z,2025-12-27T00:00:00Z,TRUE
0073,2025-12-27,6.4125000000000005,24,2025-12-27T01:00:00Z,2025-12-28T00:00:00Z,TRUE
0073,2025-12-28,8.429166666666667,24,2025-12-28T01:00:00Z,2025-12-29T00:00:00Z,TRUE
0073,2025-12-29,3.870833333333333,24,2025-12-29T01:00:00Z,2025-12-30T00:00:00Z,TRUE
0073,2025-12-30,3.6624999999999996,24,2025-12-30T01:00:00Z,2025-12-31T00:00:00Z,TRUE
0073,2025-12-31,7.654166666666667,24,2025-12-31T01:00:00Z,2026-01-01T00:00:00Z,TRUE
0073,2026-01-01,3.85,4,2026-01-01T01:00:00Z,2026-01-01T04:00:00Z,FALSE
0073,NA,4.65,2,2025-03-09T07:00:00Z,2025-03-09T07:00:00Z,FALSE
