Site ID,date,cinc_pm25_daily,n_halfhour_obs
11.1_32.1_18.2,2024-11-09,3.4675555555555557,36
11.1_32.1_18.2,2024-11-16,4.474461538461538,39
11.1_32.1_18.2,2024-12-03,12.375444444444444,36
11.1_32.1_18.2,2025-03-01,2.6138918918918916,37
11.1_32.1_18.2,2025-03-18,4.916130434782609,46
11.1_32.1_18.2,2025-03-19,5.0539375,48
11.1_32.1_18.2,2025-04-11,14.354868421052632,38
11.1_32.1_18.2,2025-04-12,7.5385526315789475,38
11.1_32.1_18.2,2025-05-11,4.413510638297872,47
11.1_32.1_18.2,2025-06-04,25.273380952380954,42
11.2,2025-10-06,4.063486486486487,37
11.3,2025-12-05,6.539354166666667,48
11.3,2025-12-06,24.393895833333332,48
11.3,2025-12-14,2.6601951219512197,41
11.3,2025-12-15,6.850217391304348,46
11.3,2025-12-16,7.74475,48
11.3,2025-12-17,12.035243902439024,41
12.1_5.2,2024-11-23,1.8027954545454545,44
12.1_5.2,2024-12-07,4.6441739130434785,46
12.1_5.2,2024-12-09,10.738249999999999,44
12.1_5.2,2024-12-10,39.834649999999996,40
12.1_5.2,2024-12-14,9.298478260869565,46
12.1_5.2,2024-12-15,17.1885625,48
12.1_5.2,2024-12-16,22.88711111111111,45
12.1_5.2,2024-12-17,13.1989375,48
12.1_5.2,2024-12-18,39.61472340425532,47
12.1_5.2,2024-12-19,5.807043478260869,46
12.1_5.2,2024-12-22,3.170166666666667,36
12.1_5.2,2024-12-24,23.104225,40
12.1_5.2,2024-12-25,29.237170212765957,47
12.1_5.2,2024-12-26,14.918239130434783,46
12.1_5.2,2024-12-27,14.844520833333334,48
12.1_5.2,2024-12-28,6.9789545454545445,44
12.1_5.2,2024-12-29,12.971214285714286,42
12.1_5.2,2024-12-31,13.902511627906977,43
12.1_5.2,2025-01-02,9.622975609756097,41
12.1_5.2,2025-01-03,11.159295454545454,44
12.1_5.2,2025-01-04,2.366214285714286,42
12.1_5.2,2025-01-05,8.684184210526317,38
12.1_5.2,2025-01-11,33.735052631578945,38
12.1_5.2,2025-01-13,7.647200000000001,45
12.1_5.2,2025-01-15,6.372068181818182,44
12.1_5.2,2025-01-16,18.304261904761905,42
12.1_5.2,2025-01-19,2.7295945945945945,37
12.1_5.2,2025-01-21,3.475142857142857,42
12.1_5.2,2025-01-27,6.388886363636364,44
12.1_5.2,2025-01-28,5.166951219512195,41
12.1_5.2,2025-01-29,4.352222222222222,45
12.1_5.2,2025-01-30,7.660608695652174,46
12.1_5.2,2025-02-02,7.668125,40
12.1_5.2,2025-02-03,32.63278260869565,46
12.1_5.2,2025-02-05,2.9145641025641025,39
12.1_5.2,2025-02-06,17.338234042553193,47
12.1_5.2,2025-02-10,8.339108695652174,46
12.1_5.2,2025-02-11,24.672434782608697,46
12.1_5.2,2025-02-12,27.064217391304346,46
12.1_5.2,2025-02-13,24.010432432432435,37
12.1_5.2,2025-02-14,8.569744680851064,47
12.1_5.2,2025-02-17,3.7259024390243902,41
12.1_5.2,2025-02-19,3.0608260869565216,46
12.1_5.2,2025-02-21,3.381945945945946,37
12.1_5.2,2025-02-22,13.116634146341463,41
12.1_5.2,2025-02-23,11.958473684210526,38
12.1_5.2,2025-02-24,13.114244444444445,45
12.1_5.2,2025-02-25,9.7885625,48
12.1_5.2,2025-02-26,17.915574468085104,47
12.1_5.2,2025-02-28,10.640704545454545,44
12.1_5.2,2025-03-03,6.851347826086957,46
12.1_5.2,2025-03-04,6.853239130434782,46
12.1_5.2,2025-03-05,4.671977272727273,44
12.1_5.2,2025-03-07,6.244404761904762,42
12.1_5.2,2025-03-08,11.017250000000002,48
12.1_5.2,2025-03-09,4.920595744680851,47
12.1_5.2,2025-03-10,4.9004651162790696,43
12.1_5.2,2025-03-11,5.895818181818182,44
12.1_5.2,2025-03-12,3.0752608695652173,46
12.1_5.2,2025-03-13,7.2851914893617025,47
12.1_5.2,2025-03-14,12.724479166666667,48
12.1_5.2,2025-03-15,12.006931818181819,44
12.1_5.2,2025-03-16,7.450909090909091,44
12.1_5.2,2025-03-17,3.1875,42
12.1_5.2,2025-03-18,6.189520833333333,48
12.1_5.2,2025-03-19,5.937239130434782,46
12.1_5.2,2025-03-20,3.4098478260869567,46
12.1_5.2,2025-03-21,2.8440444444444446,45
12.1_5.2,2025-03-22,3.143511111111111,45
12.1_5.2,2025-03-23,5.911622222222222,45
12.1_5.2,2025-03-24,7.089727272727273,44
12.1_5.2,2025-03-26,3.5922,40
12.1_5.2,2025-03-27,7.92109756097561,41
12.1_5.2,2025-03-28,10.678266666666667,45
12.1_5.2,2025-03-29,10.127783783783784,37
12.1_5.2,2025-03-30,12.06835,40
12.1_5.2,2025-03-31,4.7466,45
12.1_5.2,2025-04-01,3.70109756097561,41
12.1_5.2,2025-04-02,5.903808510638298,47
12.1_5.2,2025-04-03,4.142125,40
12.1_5.2,2025-04-07,7.473847826086956,46
12.1_5.2,2025-04-08,2.8661521739130436,46
12.1_5.2,2025-04-09,4.143355555555556,45
12.1_5.2,2025-04-10,21.219063829787235,47
12.1_5.2,2025-04-11,13.365883720930233,43
12.1_5.2,2025-04-12,8.360152173913043,46
12.1_5.2,2025-04-13,9.787977272727273,44
12.1_5.2,2025-04-14,5.077325581395349,43
12.1_5.2,2025-04-15,2.9617317073170732,41
12.1_5.2,2025-04-16,2.8625106382978727,47
12.1_5.2,2025-04-17,10.40915909090909,44
12.1_5.2,2025-04-18,5.6433333333333335,48
12.1_5.2,2025-04-19,10.88085,40
12.1_5.2,2025-04-20,4.119955555555556,45
12.1_5.2,2025-04-21,4.4172,45
12.1_5.2,2025-04-22,2.1072444444444445,45
12.1_5.2,2025-04-23,5.017608695652174,46
12.1_5.2,2025-04-24,8.340395833333334,48
12.1_5.2,2025-04-25,6.830477272727273,44
12.1_5.2,2025-04-27,6.063545454545454,44
12.1_5.2,2025-04-28,5.1978409090909095,44
12.1_5.2,2025-04-29,6.467229166666667,48
12.1_5.2,2025-04-30,1.9387906976744187,43
12.1_5.2,2025-05-01,5.160205128205128,39
12.1_5.2,2025-05-02,7.457428571428571,42
12.1_5.2,2025-05-07,15.344972222222223,36
12.1_5.2,2025-05-08,7.837625,40
12.1_5.2,2025-05-09,6.399933333333333,45
12.1_5.2,2025-05-10,4.3264,45
12.1_5.2,2025-05-12,6.7555116279069765,43
12.1_5.2,2025-05-13,5.5088,40
12.1_5.2,2025-05-14,2.491595238095238,42
12.1_5.2,2025-05-15,9.28671052631579,38
12.1_5.2,2025-05-16,7.173871794871795,39
12.1_5.2,2025-05-19,7.036825,40
12.1_5.2,2025-06-04,26.5686,40
12.1_5.2,2025-06-05,29.508525,40
12.1_5.2,2025-06-06,59.44082926829268,41
12.1_5.2,2025-06-16,11.050536585365853,41
12.1_5.2,2025-06-17,11.697842105263158,38
12.1_5.2,2025-06-18,8.6132,45
12.1_5.2,2025-06-22,8.583333333333334,48
12.1_5.2,2025-06-23,9.43804347826087,46
12.1_5.2,2025-06-24,8.256372093023256,43
12.1_5.2,2025-06-25,13.801738095238095,42
12.1_5.2,2025-06-26,15.371292682926828,41
12.1_5.2,2025-06-27,10.639468085106383,47
12.1_5.2,2025-06-28,9.841340425531914,47
12.1_5.2,2025-06-29,6.419369565217392,46
12.1_5.2,2025-06-30,9.433769230769231,39
12.1_5.2,2025-07-01,10.041868421052632,38
12.1_5.2,2025-07-02,9.443605263157895,38
12.1_5.2,2025-07-03,17.075666666666667,42
12.1_5.2,2025-07-04,20.912526315789474,38
12.1_5.2,2025-07-05,17.836256410256407,39
12.1_5.2,2025-07-06,10.444111111111111,45
12.1_5.2,2025-07-08,12.958525,40
12.1_5.2,2025-07-09,24.358666666666668,36
12.1_5.2,2025-07-11,12.899454545454544,44
12.1_5.2,2025-07-12,8.7996875,48
12.1_5.2,2025-07-13,6.735711111111111,45
12.1_5.2,2025-07-14,23.94115789473684,38
12.1_5.2,2025-07-15,36.436902439024394,41
12.1_5.2,2025-07-16,36.696560975609756,41
12.1_5.2,2025-07-17,10.538555555555556,36
12.1_5.2,2025-07-18,2.1880454545454544,44
12.1_5.2,2025-07-19,3.106,42
12.1_5.2,2025-07-20,7.0712558139534885,43
12.1_5.2,2025-07-22,6.037045454545455,44
12.1_5.2,2025-07-23,5.300361111111111,36
12.1_5.2,2025-07-24,13.839702702702702,37
12.1_5.2,2025-07-25,13.71325,48
12.1_5.2,2025-07-26,11.1325,38
12.1_5.2,2025-07-27,10.662749999999999,40
12.1_5.2,2025-07-28,10.902972222222223,36
12.1_5.2,2025-07-29,9.859795454545454,44
12.1_5.2,2025-07-30,16.34713157894737,38
12.1_5.2,2025-08-03,13.11557142857143,42
12.1_5.2,2025-08-04,49.41129268292683,41
12.1_5.2,2025-08-06,25.085069767441862,43
12.1_5.2,2025-08-07,22.167545454545454,44
12.1_5.2,2025-08-08,15.233918918918919,37
12.1_5.2,2025-08-09,21.33419512195122,41
12.1_5.2,2025-08-10,26.914340425531915,47
12.1_5.2,2025-08-11,20.992304347826085,46
12.1_5.2,2025-11-03,10.881755555555555,45
12.1_5.2,2025-11-04,2.735,47
12.1_5.2,2025-11-05,5.103229166666667,48
12.1_5.2,2025-11-06,2.1294583333333335,48
12.1_5.2,2025-11-07,9.3521875,48
12.1_5.2,2025-11-08,7.236673913043478,46
12.1_5.2,2025-11-12,4.23175,48
12.1_5.2,2025-11-13,2.878979166666667,48
12.1_5.2,2025-11-14,7.474229166666667,48
12.1_5.2,2025-11-15,14.404645833333333,48
12.1_5.2,2025-11-16,2.9640416666666662,48
12.1_5.2,2025-11-17,2.3217916666666665,48
12.1_5.2,2025-11-18,9.069191489361701,47
12.1_5.2,2025-11-19,14.322375,48
12.1_5.2,2025-11-20,26.9934375,48
12.1_5.2,2025-11-21,23.286229166666665,48
12.1_5.2,2025-11-22,12.845520833333333,48
12.1_5.2,2025-11-23,11.6098125,48
12.1_5.2,2025-11-24,5.6831875,48
12.1_5.2,2025-11-25,9.844177777777778,45
12.1_5.2,2025-11-27,2.7203488372093023,43
13.1_33.2,2024-11-02,3.559780487804878,41
13.1_33.2,2024-11-09,2.5065675675675676,37
13.1_33.2,2024-11-16,4.641312500000001,48
13.1_33.2,2024-11-17,13.907333333333334,48
13.1_33.2,2024-11-21,9.503729166666666,48
13.1_33.2,2024-12-01,8.492119047619049,42
13.1_33.2,2024-12-02,13.520785714285713,42
13.1_33.2,2024-12-06,6.648815789473684,38
13.1_33.2,2024-12-11,20.963027027027028,37
13.1_33.2,2024-12-12,9.616916666666668,48
13.1_33.2,2024-12-13,7.723692307692308,39
13.1_33.2,2024-12-14,8.5165263157894735,38
13.1_33.2,2024-12-22,4.461333333333333,48
13.1_33.2,2024-12-27,13.2453125,48
13.1_33.2,2024-12-28,7.631,38
13.1_33.2,2024-12-31,13.291972222222222,36
13.1_33.2,2025-01-05,11.343666666666667,48
13.1_33.2,2025-01-06,8.6033125,48
13.1_33.2,2025-01-07,2.8922666666666665,45
13.1_33.2,2025-01-08,2.780361111111111,36
13.1_33.2,2025-01-10,15.160625000000001,48
13.1_33.2,2025-01-11,28.374375,40
13.1_33.2,2025-01-12,27.99191666666667,48
13.1_33.2,2025-01-13,8.3456875,48
13.1_33.2,2025-01-14,7.0651874999999995,48
13.1_33.2,2025-01-16,22.129041666666666,48
13.1_33.2,2025-01-17,33.035978723404256,47
13.1_33.2,2025-01-18,6.186844444444445,45
13.1_33.2,2025-01-19,3.245375,48
13.1_33.2,2025-01-20,5.9351627906976745,43
13.1_33.2,2025-01-22,3.9861063829787233,47
13.1_33.2,2025-01-24,7.6367659574468085,47
13.1_33.2,2025-01-26,8.308479166666666,48
13.1_33.2,2025-01-27,6.9605,48
13.1_33.2,2025-01-28,7.287041666666667,48
13.1_33.2,2025-01-29,6.99525,44
13.1_33.2,2025-01-30,7.724565217391304,46
13.1_33.2,2025-02-14,9.656395833333333,48
13.1_33.2,2025-02-18,3.8017708333333333,48
13.1_33.2,2025-02-19,3.3928958333333332,48
13.1_33.2,2025-02-20,6.287622222222223,45
13.1_33.2,2025-02-22,14.020617021276596,47
13.1_33.2,2025-02-24,11.760565217391305,46
13.1_33.2,2025-02-25,11.919977777777778,45
13.1_33.2,2025-02-28,10.867425531914893,47
13.1_33.2,2025-03-01,2.5616875,48
13.1_33.2,2025-03-02,3.2801458333333335,48
13.1_33.2,2025-03-03,7.2881875,48
13.1_33.2,2025-03-04,5.601934782608696,46
13.1_33.2,2025-03-05,5.799648648648649,37
13.1_33.2,2025-03-06,2.9371276595744678,47
13.1_33.2,2025-03-07,8.046729166666667,48
13.1_33.2,2025-03-08,10.383979166666666,48
13.1_33.2,2025-03-09,6.584090909090909,44
13.1_33.2,2025-03-10,6.270727272727273,44
13.1_33.2,2025-03-11,5.452222222222222,45
13.1_33.2,2025-03-12,2.6830416666666665,48
13.1_33.2,2025-03-13,6.768395833333333,48
13.1_33.2,2025-03-14,12.40795238095238,42
13.1_33.2,2025-03-15,12.677135135135135,37
13.1_33.2,2025-04-01,3.888,48
13.1_33.2,2025-04-02,5.741439024390244,41
13.1_33.2,2025-04-04,3.5242978723404255,47
13.1_33.2,2025-04-07,5.758666666666667,48
13.1_33.2,2025-04-08,2.8639791666666667,48
13.1_33.2,2025-04-09,4.907333333333334,48
13.1_33.2,2025-04-10,21.64,42
13.1_33.2,2025-04-11,14.580250000000001,48
13.1_33.2,2025-04-12,7.4900625,48
13.1_33.2,2025-04-13,8.5887,40
13.1_33.2,2025-04-14,5.339928571428572,42
13.1_33.2,2025-04-15,3.033875,48
13.1_33.2,2025-04-16,3.1982083333333335,48
13.1_33.2,2025-04-17,9.5219375,48
13.1_33.2,2025-04-18,5.624133333333333,45
13.1_33.2,2025-04-19,13.711621621621621,37
13.1_33.2,2025-04-20,3.964,48
13.1_33.2,2025-04-21,4.347042553191489,47
13.1_33.2,2025-04-22,2.4058125,48
13.1_33.2,2025-04-23,4.6459777777777775,45
13.1_33.2,2025-04-24,7.777613636363636,44
13.1_33.2,2025-04-25,6.466473684210526,38
13.1_33.2,2025-04-26,35.827953488372096,43
13.1_33.2,2025-04-27,7.413208333333333,48
13.1_33.2,2025-04-28,4.947933333333333,45
13.1_33.2,2025-04-29,7.675511111111111,45
13.1_33.2,2025-05-01,4.9151951219512195,41
13.1_33.2,2025-05-02,8.752972222222223,36
13.1_33.2,2025-05-03,11.605204545454546,44
13.1_33.2,2025-08-01,5.3538421052631575,38
13.1_33.2,2025-08-03,3.544027777777778,36
13.1_33.2,2025-08-07,6.0361111111111105,45
13.1_33.2,2025-08-08,3.457658536585366,41
13.1_33.2,2025-08-09,4.999475,40
13.1_33.2,2025-08-10,5.671159090909091,44
13.1_33.2,2025-08-11,4.908571428571428,42
13.1_33.2,2025-08-13,2.9338108108108107,37
13.1_33.2,2025-08-14,6.15746511627907,43
13.1_33.2,2025-08-15,6.2688,40
13.1_33.2,2025-08-20,4.5848125,48
13.1_33.2,2025-08-21,1.5687916666666666,48
13.1_33.2,2025-08-23,2.4151081081081083,37
13.1_33.2,2025-08-24,3.9905208333333335,48
13.1_33.2,2025-11-25,31.856727272727273,44
13.1_33.2,2025-11-26,12.38411111111111,45
13.1_33.2,2025-11-27,2.3872978723404255,47
13.1_33.2,2025-11-28,1.9063720930232557,43
13.1_33.2,2025-11-29,7.60475,48
13.1_33.2,2025-11-30,19.160666666666668,48
13.1_33.2,2025-12-01,6.127446808510638,47
13.1_33.2,2025-12-02,9.877375,48
13.1_33.2,2025-12-03,25.062375,48
13.1_33.2,2025-12-04,12.343291666666667,48
13.1_33.2,2025-12-05,17.463583333333332,48
13.1_33.2,2025-12-06,39.70191666666667,48
13.1_33.2,2025-12-07,18.8085,48
13.1_33.2,2025-12-08,2.9892499999999997,48
13.1_33.2,2025-12-09,22.605979166666664,48
13.1_33.2,2025-12-10,47.640466666666676,45
13.1_33.2,2025-12-11,2.0068723404255318,47
13.1_33.2,2025-12-12,8.440958333333334,48
13.1_33.2,2025-12-13,17.024625,48
13.1_33.2,2025-12-14,2.789416666666667,48
13.1_33.2,2025-12-15,16.997166666666665,48
13.1_33.2,2025-12-16,18.3828085106383,47
13.1_33.2,2025-12-17,33.837041666666664,48
13.1_33.2,2025-12-18,54.34795833333333,48
13.1_33.2,2025-12-19,15.459957446808508,47
13.1_33.2,2025-12-20,24.83989361702128,47
13.1_33.2,2025-12-21,3.5373125,48
13.1_33.2,2025-12-22,31.8058085106383,47
13.1_33.2,2025-12-23,31.655625,48
13.1_33.2,2025-12-24,16.318520833333334,48
13.1_33.2,2025-12-25,27.874583333333334,48
13.1_33.2,2025-12-26,21.232851063829788,47
13.1_33.2,2025-12-27,8.667375,48
13.1_33.2,2025-12-28,107.39939024390243,41
13.1_33.2,2025-12-29,9.039937499999997,48
13.1_33.2,2025-12-30,2.4706875,48
13.1_33.2,2025-12-31,9.2973695652173909,46
14.1,2025-05-13,4.10068085106383,47
14.1,2025-05-14,2.407673913043478,46
14.1,2025-05-15,8.065791666666666,48
14.1,2025-05-16,11.150872340425533,47
14.1,2025-05-17,4.137145833333333,48
14.1,2025-05-18,4.449708333333334,48
14.1,2025-05-19,5.546291666666667,48
14.1,2025-05-20,5.079978723404255,47
14.1,2025-05-21,11.905520833333332,48
14.1,2025-05-22,10.698723404255318,47
14.1,2025-05-23,2.1897234042553193,47
14.1,2025-05-24,1.5500652173913043,46
14.1,2025-05-25,6.308000000000001,48
14.1,2025-05-26,10.369916666666668,48
14.1,2025-05-27,3.6561041666666667,48
14.1,2025-05-28,2.829875,48
14.1,2025-05-29,19.140520833333333,48
14.1,2025-05-30,11.139782608695652,46
14.1,2025-05-31,8.605562499999998,48
14.1,2025-06-01,8.385170212765958,47
14.1,2025-06-02,4.074375,48
14.1,2025-06-03,8.373916666666666,48
14.1,2025-06-04,26.6135625,48
14.1,2025-06-05,31.407916666666665,48
14.1,2025-06-06,65.53651063829787,47
14.1,2025-06-07,66.51025531914894,47
14.1,2025-06-08,40.732617021276596,47
14.1,2025-06-09,21.492875,48
14.1,2025-06-10,11.037244444444445,45
14.1,2025-06-11,16.12247916666667,48
14.1,2025-06-12,22.572041666666667,48
14.1,2025-06-13,22.343541666666667,48
14.1,2025-06-14,16.340229166666667,48
14.1,2025-06-15,11.066195652173914,46
14.1,2025-06-16,9.6425,48
14.1,2025-06-17,12.378326086956521,46
14.1,2025-06-18,10.068145833333332,48
14.1,2025-06-19,5.844391304347826,46
14.1,2025-06-20,8.628020833333334,48
14.1,2025-06-21,11.850541666666667,48
14.1,2025-06-22,8.81475,48
14.1,2025-06-23,9.123416666666667,48
14.1,2025-06-24,9.503145833333333,48
14.1,2025-06-25,10.398583333333333,48
14.1,2025-06-26,17.9156875,48
14.1,2025-06-27,10.470458333333333,48
14.1,2025-06-28,9.644375,48
14.1,2025-06-29,6.341479166666667,48
14.1,2025-06-30,10.282446808510638,47
14.1,2025-07-01,8.019604166666667,48
14.1,2025-07-02,9.431979166666666,48
14.1,2025-07-03,15.595208333333332,48
14.1,2025-07-04,18.104770833333333,48
14.1,2025-07-05,20.6823125,48
14.1,2025-07-06,10.0468125,48
14.1,2025-07-07,9.643520833333334,48
14.1,2025-07-08,12.914041666666666,48
14.1,2025-07-09,22.27987234042553,47
14.1,2025-07-10,18.563645833333332,48
14.1,2025-07-11,13.817020833333332,48
14.1,2025-07-12,8.71963829787234,47
14.1,2025-07-13,6.208958333333333,48
14.1,2025-07-14,22.524,48
14.1,2025-07-15,35.56789583333333,48
14.1,2025-07-16,36.54445833333333,48
14.1,2025-07-17,13.065106382978723,47
14.1,2025-07-18,2.5923023255813957,43
14.1,2025-07-19,3.402,48
14.1,2025-07-20,6.700354166666667,48
14.1,2025-07-21,19.720666666666666,45
14.1,2025-07-22,5.001347826086957,46
14.1,2025-07-23,3.8490212765957446,47
14.1,2025-07-24,14.301478260869565,46
14.1,2025-07-25,18.30355319148936,47
14.1,2025-07-26,12.389312499999999,48
14.1,2025-07-27,12.354260869565218,46
14.1,2025-07-28,15.530234042553191,47
14.1,2025-07-29,9.24927659574468,47
14.1,2025-07-30,21.038333333333334,48
14.1,2025-07-31,40.637458333333335,48
14.1,2025-08-01,18.363704545454546,44
14.1,2025-08-02,7.406553191489362,47
14.1,2025-08-03,12.582510638297872,47
14.1,2025-08-04,39.954875,48
14.1,2025-08-05,39.68025531914894,47
14.1,2025-08-06,25.4115,48
14.1,2025-08-07,20.19625,48
14.1,2025-08-08,15.878916666666667,48
14.1,2025-08-09,20.3775625,48
14.1,2025-08-10,25.538630434782608,46
14.1,2025-08-11,20.415936170212767,47
14.1,2025-08-12,13.598208333333334,48
14.1,2025-08-13,6.625045454545455,44
14.1,2025-08-14,22.767291666666665,48
14.1,2025-08-15,25.69409090909091,44
14.1,2025-08-16,20.13948936170213,47
14.1,2025-08-17,12.810913043478262,46
14.1,2025-08-18,3.3069999999999995,45
14.1,2025-08-19,5.796652173913044,46
14.1,2025-08-20,23.468574468085105,47
14.1,2025-08-21,2.7463555555555557,45
14.1,2025-08-22,3.143127659574468,47
14.1,2025-08-23,7.164744680851064,47
14.1,2025-08-24,5.3946595744680845,47
14.1,2025-08-25,2.676608695652174,46
14.1,2025-08-26,4.485108695652174,46
14.1,2025-08-27,4.751021739130435,46
14.1,2025-08-28,4.652,47
14.1,2025-08-29,4.1017777777777775,45
14.1,2025-08-30,2.6127291666666665,48
14.1,2025-08-31,4.747893617021277,47
14.1,2025-09-01,7.013326086956522,46
14.1,2025-09-02,3.747413043478261,46
14.1,2025-09-03,5.1728695652173915,46
14.1,2025-09-04,7.4846382978723405,47
14.1,2025-09-05,17.42626086956522,46
14.1,2025-09-06,4.4020638297872345,47
14.1,2025-09-07,3.9823617021276596,47
14.1,2025-09-08,3.969872340425532,47
14.1,2025-09-09,3.1704772727272728,44
14.1,2025-09-10,4.0174375,48
14.1,2025-09-11,6.983604166666667,48
14.1,2025-09-12,11.842085106382978,47
14.1,2025-09-13,9.327239130434783,46
14.1,2025-09-14,22.565854166666668,48
14.1,2025-09-15,13.700340425531914,47
14.1,2025-09-16,10.466977272727272,44
14.1,2025-09-17,16.159021739130434,46
14.1,2025-09-18,12.586622222222221,45
14.1,2025-09-19,11.520170212765958,47
14.1,2025-09-20,4.060288888888889,45
14.1,2025-09-21,7.868520833333333,48
14.1,2025-09-22,11.9253125,48
14.1,2025-09-23,6.1996382978723394,47
14.1,2025-09-24,8.524260869565218,46
14.1,2025-09-25,16.329617021276594,47
14.1,2025-09-26,34.137791666666665,48
14.1,2025-09-27,9.115255319148936,47
14.1,2025-09-28,9.988531914893617,47
14.1,2025-09-29,9.410229166666666,48
14.1,2025-09-30,7.321478260869565,46
14.1,2025-10-01,2.7578541666666667,48
14.1,2025-10-02,2.196270833333333,48
14.1,2025-10-03,4.919170212765957,47
14.1,2025-10-04,8.960127659574468,47
14.1,2025-10-05,8.173717391304347,46
14.1,2025-10-06,3.8935652173913042,46
14.1,2025-10-07,4.553266666666667,45
14.1,2025-10-08,1.6737916666666666,48
14.1,2025-10-09,1.468659574468085,47
14.1,2025-10-10,2.6130666666666666,45
14.1,2025-10-11,2.5784255319148937,47
14.1,2025-10-12,8.82691489361702,47
14.1,2025-10-13,4.945744680851064,47
14.1,2025-10-14,3.537255319148936,47
14.1,2025-10-15,2.0966666666666667,45
14.1,2025-10-16,1.9819148936170212,47
14.1,2025-10-17,3.4733124999999996,48
14.1,2025-10-18,4.881729166666667,48
14.1,2025-10-19,9.1436875,48
14.1,2025-10-20,2.662166666666667,42
14.1,2025-10-21,2.8346666666666667,48
14.1,2025-10-22,3.2969375,48
14.1,2025-10-23,3.5492291666666667,48
14.1,2025-10-24,3.62275,48
14.1,2025-10-25,4.551958333333333,48
14.1,2025-10-26,4.1827708333333335,48
14.1,2025-10-27,2.7362083333333334,48
14.1,2025-10-28,2.2596041666666666,48
14.1,2025-10-29,2.769125,48
14.1,2025-10-30,2.3730652173913045,46
14.1,2025-10-31,3.310416666666667,48
14.1,2025-11-01,8.909531914893618,47
14.1,2025-11-02,18.3261875,48
14.1,2025-11-03,12.480586956521739,46
14.1,2025-11-04,3.8944347826086956,46
14.1,2025-11-05,5.482291666666667,48
14.1,2025-11-06,2.6597173913043477,46
14.1,2025-11-07,8.754354166666667,48
14.1,2025-11-08,10.3233125,48
14.1,2025-11-09,8.619395833333332,48
14.1,2025-11-10,1.7667708333333332,48
14.1,2025-11-11,5.6566875,48
14.1,2025-11-12,5.156770833333333,48
14.1,2025-11-13,3.255166666666667,48
14.1,2025-11-14,7.582104166666666,48
14.1,2025-11-15,13.891020833333332,48
14.1,2025-11-16,3.4552391304347827,46
14.1,2025-11-17,1.9573333333333334,48
14.1,2025-11-18,8.820437499999999,48
14.1,2025-11-19,13.946770833333334,48
14.1,2025-11-20,25.66775,48
14.1,2025-11-21,24.517229166666667,48
14.1,2025-11-22,15.744782608695651,46
14.1,2025-11-23,11.90023404255319,47
14.1,2025-11-24,4.419520833333333,48
14.1,2025-11-25,7.824083333333333,48
14.1,2025-11-26,8.178291666666667,48
14.1,2025-11-27,3.5633829787234044,47
14.1,2025-11-28,5.5402708333333335,48
14.1,2025-11-29,8.788531914893618,47
14.1,2025-11-30,9.754854166666666,48
14.1,2025-12-01,6.377297872340424,47
14.1,2025-12-02,11.959270833333333,48
14.1,2025-12-03,24.801595744680853,47
14.1,2025-12-04,19.97991666666667,48
14.1,2025-12-05,8.545489361702128,47
14.1,2025-12-06,29.881255319148938,47
14.1,2025-12-07,24.322020833333333,48
14.1,2025-12-08,2.712833333333333,48
14.1,2025-12-09,7.624791666666666,48
14.1,2025-12-10,12.7171875,48
14.1,2025-12-11,2.6941041666666665,48
14.1,2025-12-12,5.708145833333334,48
14.1,2025-12-13,19.279770833333334,48
14.1,2025-12-14,3.8651041666666663,48
14.1,2025-12-15,12.7941875,48
14.1,2025-12-16,10.025854166666667,48
14.1,2025-12-17,13.799212765957446,47
14.1,2025-12-18,14.415955555555557,45
14.1,2025-12-19,7.739895833333334,48
14.1,2025-12-20,7.957854166666667,48
14.1,2025-12-21,3.846229166666667,48
14.1,2025-12-22,9.051270833333334,48
14.1,2025-12-23,16.674170212765958,47
14.1,2025-12-24,22.931541666666668,48
14.1,2025-12-25,24.77,48
14.1,2025-12-26,13.165173913043477,46
14.1,2025-12-27,12.668770833333333,48
14.1,2025-12-28,30.890166666666666,48
14.1,2025-12-29,5.340934782608696,46
14.1,2025-12-30,4.366437500000001,48
14.1,2025-12-31,16.08708888888889,45
15.1,2025-08-22,1.974952380952381,42
15.1,2025-08-23,2.5891777777777776,45
15.1,2025-08-24,2.106288888888889,45
15.1,2025-08-25,1.8520222222222222,45
15.1,2025-08-26,2.214736842105263,38
15.1,2025-08-27,2.0047380952380953,42
15.1,2025-08-28,2.899047619047619,42
15.1,2025-08-29,2.626191489361702,47
15.1,2025-08-30,1.8699565217391305,46
15.1,2025-08-31,2.7847708333333334,48
15.1,2025-09-01,2.6787021276595744,47
15.1,2025-09-02,2.2551489361702126,47
15.1,2025-09-03,2.3347441860465117,43
15.1,2025-09-04,3.176565217391304,46
15.1,2025-09-05,6.2515217391304345,46
15.1,2025-09-06,2.8724565217391307,46
15.1,2025-09-07,1.866531914893617,47
15.1,2025-09-08,2.4277872340425533,47
15.1,2025-09-09,1.8509333333333333,45
15.1,2025-09-10,2.411627906976744,43
15.1,2025-09-11,3.3168478260869563,46
15.1,2025-09-12,4.2557446808510635,47
15.1,2025-09-13,4.168152173913043,46
15.1,2025-09-14,5.966369565217391,46
15.1,2025-09-15,4.837755555555555,45
15.1,2025-09-16,4.617127659574468,47
15.1,2025-09-17,5.045936170212766,47
15.1,2025-09-18,5.219,46
15.1,2025-09-19,8.849522727272728,44
15.1,2025-09-20,1.9859375,48
15.1,2025-09-21,3.299130434782609,46
15.1,2025-09-22,4.742555555555556,45
15.1,2025-09-23,2.645021276595745,47
15.1,2025-09-24,3.7029782608695654,46
15.1,2025-09-25,6.83331914893617,47
15.1,2025-09-26,8.993083333333333,48
15.1,2025-09-27,3.968851063829787,47
15.1,2025-09-28,3.462340425531915,47
15.1,2025-09-29,4.985152173913043,46
15.1,2025-09-30,3.4573478260869566,46
15.1,2025-10-01,2.4623913043478263,46
15.1,2025-10-02,1.984195652173913,46
15.1,2025-10-03,2.771916666666667,48
15.1,2025-10-04,4.485295454545454,44
15.1,2025-10-05,3.4361875,48
15.1,2025-10-06,2.8916595744680853,47
15.1,2025-10-07,2.624673913043478,46
15.1,2025-10-08,1.3633409090909092,44
15.1,2025-10-09,1.684340425531915,47
15.1,2025-10-10,2.963574468085106,47
15.1,2025-10-11,1.2861521739130435,46
15.1,2025-10-12,2.6063043478260868,46
15.1,2025-10-13,2.5087777777777776,45
15.1,2025-10-14,2.9587555555555554,45
15.1,2025-10-15,1.659255319148936,47
15.1,2025-10-16,1.8706521739130435,46
15.1,2025-10-17,2.096195652173913,46
15.1,2025-10-18,2.595063829787234,47
15.1,2025-10-19,3.8781555555555554,45
15.1,2025-10-21,2.41355,40
15.1,2025-10-22,1.9242954545454545,44
15.1,2025-10-23,2.1749302325581397,43
15.1,2025-10-24,1.7319761904761906,42
15.1,2025-10-25,2.2307045454545453,44
15.1,2025-10-26,1.9437777777777776,45
15.1,2025-10-27,1.87775,44
15.1,2025-10-28,2.0633260869565215,46
15.1,2025-10-29,1.6825609756097561,41
15.1,2025-10-30,2.263195652173913,46
15.1,2025-10-31,1.8298409090909091,44
15.1,2025-11-01,4.383761904761904,42
15.1,2025-11-02,7.352813953488373,43
15.1,2025-11-03,5.394952380952381,42
15.1,2025-11-04,2.924046511627907,43
15.1,2025-11-05,2.813222222222222,45
15.1,2025-11-06,2.0164888888888886,45
15.1,2025-11-07,4.266431818181818,44
15.1,2025-11-08,3.595377777777778,45
15.1,2025-11-09,3.3303695652173912,46
15.1,2025-11-10,1.46025,40
15.1,2025-11-11,2.535355555555556,45
15.1,2025-11-12,2.939404761904762,42
15.1,2025-11-13,1.865627906976744,43
15.1,2025-11-14,3.4418541666666664,48
15.1,2025-11-15,6.370955555555556,45
15.1,2025-11-16,2.7636,40
15.1,2025-11-17,1.802125,40
15.1,2025-11-18,3.5608666666666666,45
15.1,2025-11-19,5.512261904761905,42
15.1,2025-11-20,7.582681818181818,44
15.1,2025-11-21,10.132833333333334,48
15.1,2025-11-22,5.617395348837209,43
15.1,2025-11-23,5.487466666666667,45
15.1,2025-11-24,2.1992083333333334,48
15.1,2025-11-25,3.2017380952380954,42
15.1,2025-11-26,4.635565217391305,46
15.1,2025-11-27,2.275552631578947,38
15.1,2025-11-29,1.7283809523809524,42
15.1,2025-11-30,3.5645897435897433,39
15.1,2025-12-01,2.403536585365854,41
15.1,2025-12-02,3.762891891891892,37
15.1,2025-12-03,8.664571428571428,42
15.1,2025-12-04,7.257682926829268,41
15.1,2025-12-05,2.3788478260869566,46
15.1,2025-12-06,9.736,44
15.1,2025-12-07,7.962162790697675,43
15.1,2025-12-08,1.6549999999999998,39
15.1,2025-12-09,2.9650434782608692,46
15.1,2025-12-10,5.80290243902439,41
15.1,2025-12-11,1.2803846153846152,39
15.1,2025-12-12,1.9122391304347826,46
15.1,2025-12-13,7.250847826086956,46
15.1,2025-12-14,1.8670277777777777,36
15.1,2025-12-16,3.226763157894737,38
15.1,2025-12-17,5.4473863636363635,44
15.1,2025-12-18,4.4214722222222225,36
15.1,2025-12-19,3.3805641025641027,39
15.1,2025-12-20,2.6725333333333334,45
15.1,2025-12-21,2.2974594594594593,37
15.1,2025-12-22,3.64753488372093,43
15.1,2025-12-23,7.9821282051282045,39
15.1,2025-12-24,8.802439024390244,41
15.1,2025-12-25,8.596613636363637,44
15.1,2025-12-26,4.903772727272727,44
15.1,2025-12-27,4.737348837209303,43
15.1,2025-12-28,9.466052631578947,38
15.1,2025-12-29,3.2729743589743587,39
15.1,2025-12-31,6.275,40
18.1_26.1,2024-11-14,7.732488372093024,43
18.1_26.1,2024-11-15,43.912,48
18.1_26.1,2024-11-16,4.362756756756757,37
18.1_26.1,2024-11-17,15.432166666666667,48
18.1_26.1,2024-11-18,22.38948936170213,47
18.1_26.1,2024-11-19,20.361829787234043,47
18.1_26.1,2024-11-20,12.475574468085107,47
18.1_26.1,2024-11-21,5.484583333333333,48
18.1_26.1,2024-11-22,6.73025,48
18.1_26.1,2024-11-24,15.738808510638298,47
18.1_26.1,2024-11-25,16.413687499999998,48
18.1_26.1,2024-11-26,10.991083333333334,48
18.1_26.1,2024-11-27,6.909957446808511,47
18.1_26.1,2024-11-28,14.662295454545456,44
18.1_26.1,2024-11-29,10.015708333333333,48
18.1_26.1,2024-11-30,8.507065217391304,46
18.1_26.1,2024-12-01,7.1361875,48
18.1_26.1,2024-12-02,11.15923404255319,47
18.1_26.1,2024-12-03,17.34695744680851,47
18.1_26.1,2024-12-04,15.20919512195122,41
18.1_26.1,2024-12-05,5.992872340425532,47
18.1_26.1,2024-12-06,4.78668085106383,47
18.1_26.1,2024-12-08,6.693791666666667,48
18.1_26.1,2024-12-09,9.74780487804878,41
18.1_26.1,2024-12-10,52.620979166666665,48
18.1_26.1,2024-12-11,30.463190476190473,42
18.1_26.1,2024-12-12,5.343282608695652,46
18.1_26.1,2024-12-13,4.343891891891892,37
18.1_26.1,2024-12-14,9.990421052631579,38
18.1_26.1,2024-12-15,17.204,47
18.1_26.1,2024-12-16,17.14740425531915,47
18.1_26.1,2024-12-17,12.895489361702127,47
18.1_26.1,2024-12-18,55.081854166666666,48
18.1_26.1,2024-12-19,6.31,48
18.1_26.1,2024-12-20,19.833895833333333,48
18.1_26.1,2024-12-21,3.096261904761905,42
18.1_26.1,2024-12-23,6.746700000000001,40
18.1_26.1,2024-12-24,25.567384615384615,39
18.1_26.1,2024-12-25,32.798812500000004,48
18.1_26.1,2024-12-26,13.914083333333332,48
18.1_26.1,2024-12-27,13.384106382978723,47
18.1_26.1,2024-12-28,6.520708333333333,48
18.1_26.1,2024-12-29,16.066729166666665,48
18.1_26.1,2024-12-30,4.438191489361702,47
18.1_26.1,2024-12-31,14.246708333333332,48
18.1_26.1,2025-01-01,10.780872340425532,47
18.1_26.1,2025-01-02,9.593659574468084,47
18.1_26.1,2025-01-03,11.74731914893617,47
18.1_26.1,2025-01-04,2.8225416666666665,48
18.1_26.1,2025-01-05,7.359468085106383,47
18.1_26.1,2025-01-06,9.028416666666667,36
18.1_26.1,2025-01-07,2.3764468085106385,47
18.1_26.1,2025-01-08,3.18275,48
18.1_26.1,2025-01-09,3.0605,48
18.1_26.1,2025-01-10,17.98204255319149,47
18.1_26.1,2025-01-13,7.357770833333333,48
18.1_26.1,2025-01-14,6.501617021276596,47
18.1_26.1,2025-01-15,6.577595238095238,42
18.1_26.1,2025-01-16,20.501458333333332,48
18.1_26.1,2025-01-17,28.901105263157895,38
18.1_26.1,2025-01-18,7.061145833333334,48
18.1_26.1,2025-01-19,2.759531914893617,47
18.1_26.1,2025-01-20,3.6304166666666666,48
18.1_26.1,2025-01-21,4.058979166666667,48
18.1_26.1,2025-01-22,3.702933333333333,45
18.1_26.1,2025-01-23,9.220347826086956,46
18.1_26.1,2025-01-24,6.364916666666667,36
18.1_26.1,2025-01-25,12.895333333333333,48
18.1_26.1,2025-01-26,7.605404255319149,47
18.1_26.1,2025-01-27,5.6591875,48
18.1_26.1,2025-01-28,4.590208333333333,48
18.1_26.1,2025-01-29,3.8564166666666666,48
18.1_26.1,2025-01-30,6.647936170212766,47
18.1_26.1,2025-01-31,22.297414634146342,41
18.1_26.1,2025-02-01,10.099146341463413,41
18.1_26.1,2025-02-02,10.250270833333335,48
18.1_26.1,2025-02-03,43.392808510638304,47
18.1_26.1,2025-02-04,12.65556818181818,44
18.1_26.1,2025-02-05,2.6678541666666664,48
18.1_26.1,2025-02-06,10.004869565217392,46
18.1_26.1,2025-02-07,5.6809375,48
18.1_26.1,2025-02-08,9.629212765957448,47
18.1_26.1,2025-02-17,3.9132083333333334,48
18.1_26.1,2025-02-18,3.695125,48
18.1_26.1,2025-02-19,3.5472916666666667,48
18.1_26.1,2025-02-20,5.7568636363636365,44
18.1_26.1,2025-02-21,3.410791666666667,48
18.1_26.1,2025-02-22,13.937872340425532,47
18.1_26.1,2025-02-23,11.163673913043478,46
18.1_26.1,2025-02-24,11.928541666666668,48
18.1_26.1,2025-02-25,9.718479166666667,48
18.1_26.1,2025-02-26,19.92675,48
18.1_26.1,2025-02-27,46.797380952380955,42
18.1_26.1,2025-02-28,9.819437500000001,48
18.1_26.1,2025-03-01,2.3733541666666667,48
18.1_26.1,2025-03-02,3.2410434782608695,46
18.1_26.1,2025-03-03,7.803926829268293,41
18.1_26.1,2025-03-04,5.5365625000000005,48
18.1_26.1,2025-03-05,5.201589743589744,39
18.1_26.1,2025-03-06,2.444391304347826,46
18.1_26.1,2025-03-07,6.897124999999999,48
18.1_26.1,2025-03-08,11.83371111111111,45
18.1_26.1,2025-03-09,4.695229166666667,48
18.1_26.1,2025-03-11,5.971292682926829,41
18.1_26.1,2025-03-12,2.7676458333333334,48
18.1_26.1,2025-03-13,8.074553191489361,47
18.1_26.1,2025-03-14,12.720555555555555,45
18.1_26.1,2025-03-15,10.714538461538462,39
18.1_26.1,2025-03-16,7.5765111111111105,45
18.1_26.1,2025-03-17,3.2754166666666666,48
18.1_26.1,2025-03-18,5.054021739130435,46
18.1_26.1,2025-03-19,5.634951219512195,41
18.1_26.1,2025-03-20,3.1874444444444445,45
18.1_26.1,2025-03-21,3.1883191489361704,47
18.1_26.1,2025-03-22,4.07845652173913,46
18.1_26.1,2025-03-23,6.427829787234042,47
18.1_26.1,2025-03-24,6.1410833333333334,48
18.1_26.1,2025-03-25,6.3421875,48
18.1_26.1,2025-03-26,3.5294893617021277,47
18.1_26.1,2025-03-27,5.9370416666666666,48
18.1_26.1,2025-03-28,10.535770833333332,48
18.1_26.1,2025-03-29,10.248944444444444,36
18.1_26.1,2025-03-31,4.8637500000000005,44
18.1_26.1,2025-04-01,4.329340425531915,47
18.1_26.1,2025-04-02,5.421191489361703,47
18.1_26.1,2025-04-04,3.2791702127659574,47
18.1_26.1,2025-04-07,9.137782608695652,46
18.1_26.1,2025-04-08,2.47675,48
18.1_26.1,2025-04-09,4.38075,48
18.1_26.1,2025-04-10,25.765347826086956,46
18.1_26.1,2025-04-11,13.277282608695652,46
18.1_26.1,2025-04-12,7.435104166666666,48
18.1_26.1,2025-04-13,9.101083333333333,48
18.1_26.1,2025-04-14,3.8655,38
18.1_26.1,2025-04-15,2.3526511627906976,43
18.1_26.1,2025-04-16,2.5492916666666665,48
18.1_26.1,2025-04-17,8.319363636363637,44
18.1_26.1,2025-04-18,6.358645833333333,48
18.1_26.1,2025-04-19,8.582555555555555,36
18.1_26.1,2025-04-20,5.0945,48
18.1_26.1,2025-04-21,4.217083333333333,48
18.1_26.1,2025-04-22,2.16868085106383,47
18.1_26.1,2025-05-08,8.438106382978724,47
18.1_26.1,2025-05-09,6.242041666666666,48
18.1_26.1,2025-05-10,4.322916666666666,48
18.1_26.1,2025-05-11,4.327260869565217,46
18.1_26.1,2025-05-12,5.681416666666666,48
18.1_26.1,2025-05-13,6.737708333333333,48
18.1_26.1,2025-05-14,2.1299166666666665,48
18.1_26.1,2025-05-15,7.3814166666666665,48
18.1_26.1,2025-05-16,8.427624999999999,48
18.1_26.1,2025-05-17,3.6977659574468085,47
18.1_26.1,2025-05-18,5.220208333333333,48
18.1_26.1,2025-05-19,7.110416666666667,48
18.1_26.1,2025-05-20,5.633020833333333,48
18.1_26.1,2025-05-21,12.510041666666668,48
18.1_26.1,2025-05-22,6.208297872340425,47
18.1_26.1,2025-05-23,1.6371458333333333,48
18.1_26.1,2025-05-24,1.4142708333333334,48
18.1_26.1,2025-05-25,8.076791666666667,48
18.1_26.1,2025-05-26,26.760416666666668,48
18.1_26.1,2025-05-27,4.148145833333333,48
18.1_26.1,2025-05-28,2.9760416666666667,48
18.1_26.1,2025-05-30,11.650717948717949,39
18.1_26.1,2025-05-31,8.1063125,48
18.1_26.1,2025-06-01,5.934770833333333,48
18.1_26.1,2025-06-02,4.374854166666666,48
18.1_26.1,2025-06-03,8.699708333333334,48
18.1_26.1,2025-06-04,28.523,46
18.1_26.1,2025-06-05,35.012125,48
18.1_26.1,2025-06-07,38.68286111111111,36
18.1_26.1,2025-06-08,48.444833333333335,48
18.1_26.1,2025-06-09,25.519333333333332,48
18.1_26.1,2025-06-10,10.82459574468085,47
18.1_26.1,2025-06-11,15.0064375,48
18.1_26.1,2025-06-12,23.121395833333334,48
18.1_26.1,2025-06-13,23.13325,48
18.1_26.1,2025-07-18,2.1590249999999997,40
18.1_26.1,2025-07-19,4.589043478260869,46
18.1_26.1,2025-07-20,8.14697619047619,42
18.1_26.1,2025-07-21,23.428510638297873,47
18.1_26.1,2025-07-22,5.518574468085107,47
18.1_26.1,2025-07-23,3.9724791666666666,48
18.1_26.1,2025-07-24,15.069312499999999,48
18.1_26.1,2025-07-26,13.767541666666666,48
18.1_26.1,2025-07-27,12.204255319148936,47
18.1_26.1,2025-07-28,14.291958333333334,48
18.1_26.1,2025-07-29,16.270604166666665,48
18.1_26.1,2025-07-30,22.752229166666666,48
18.1_26.1,2025-07-31,41.283255319148935,47
18.1_26.1,2025-08-01,19.497787234042555,47
18.1_26.1,2025-08-02,9.637458333333333,48
18.1_26.1,2025-08-03,15.34304255319149,47
18.1_26.1,2025-08-04,51.90963829787234,47
18.1_26.1,2025-08-05,47.046956521739126,46
18.1_26.1,2025-08-06,25.784645833333332,48
18.1_26.1,2025-08-07,22.567869565217393,46
18.1_26.1,2025-08-08,16.5629375,48
18.1_26.1,2025-08-09,22.59068085106383,47
18.1_26.1,2025-08-10,28.472916666666666,48
18.1_26.1,2025-08-11,20.960729166666667,48
18.1_26.1,2025-08-12,14.496708333333332,48
18.1_26.1,2025-08-13,8.831375,48
18.1_26.1,2025-08-14,20.176895833333333,48
18.1_26.1,2025-08-15,31.261520833333332,48
18.1_26.1,2025-08-16,25.202708333333334,48
18.1_26.1,2025-08-17,15.123958333333334,48
18.1_26.1,2025-08-18,3.649446808510638,47
18.1_26.1,2025-08-19,8.084145833333332,48
18.1_26.1,2025-08-20,30.718166666666665,48
18.1_26.1,2025-08-21,2.5157708333333333,48
18.1_26.1,2025-08-22,2.91136170212766,47
18.1_26.1,2025-08-23,8.235851063829788,47
18.1_26.1,2025-08-24,8.895395833333335,48
18.1_26.1,2025-08-25,2.85675,48
18.1_26.1,2025-08-26,4.123851063829787,47
18.1_26.1,2025-08-27,4.675595744680851,47
18.1_26.1,2025-08-28,4.4270625,48
18.1_26.1,2025-08-29,3.334583333333334,48
18.1_26.1,2025-08-30,2.6426875,48
18.1_26.1,2025-08-31,6.5401875,48
18.1_26.1,2025-09-01,7.464270833333333,48
18.1_26.1,2025-09-02,5.036041666666667,48
18.1_26.1,2025-09-03,6.057375,48
18.1_26.1,2025-09-04,9.590479166666666,48
18.1_26.1,2025-09-05,24.115125,48
18.1_26.1,2025-09-06,4.707145833333333,48
18.1_26.1,2025-09-07,3.048291666666667,48
18.1_26.1,2025-09-08,3.867,48
18.1_26.1,2025-09-09,3.5957872340425534,47
18.1_26.1,2025-09-10,7.259062500000001,48
18.1_26.1,2025-09-11,10.860666666666665,48
18.1_26.1,2025-09-12,20.422479166666665,48
18.1_26.1,2025-09-13,14.2648125,48
18.1_26.1,2025-09-14,36.787645833333336,48
18.1_26.1,2025-09-15,18.066270833333334,48
18.1_26.1,2025-09-16,11.845104166666667,48
18.1_26.1,2025-09-17,29.207645833333334,48
18.1_26.1,2025-09-18,15.441770833333333,48
18.1_26.1,2025-09-19,15.262638297872341,47
18.1_26.1,2025-09-20,5.2467291666666664,48
18.1_26.1,2025-09-21,9.396404255319148,47
18.1_26.1,2025-09-22,14.245541666666666,48
18.1_26.1,2025-09-23,9.461893617021277,47
18.1_26.1,2025-09-24,14.597979166666667,48
18.1_26.1,2025-09-25,35.81597916666667,48
18.1_26.1,2025-09-26,39.2693125,48
18.1_26.1,2025-09-27,16.4195,48
18.1_26.1,2025-09-28,12.270791666666666,48
18.1_26.1,2025-09-29,12.211770833333336,48
18.1_26.1,2025-09-30,13.772333333333334,48
18.1_26.1,2025-10-01,3.2036041666666666,48
18.1_26.1,2025-10-02,2.8300625,48
18.1_26.1,2025-10-03,7.9688125,48
18.1_26.1,2025-10-04,15.665520833333334,48
18.1_26.1,2025-10-05,13.352229166666666,48
18.1_26.1,2025-10-06,5.172583333333333,48
18.1_26.1,2025-10-07,5.9228958333333335,48
18.1_26.1,2025-10-08,1.7201489361702127,47
18.1_26.1,2025-10-09,1.6390208333333334,48
18.1_26.1,2025-10-10,3.694583333333333,48
18.1_26.1,2025-10-11,2.9674375,48
18.1_26.1,2025-10-12,12.080854166666667,48
18.1_26.1,2025-10-13,7.2904583333333335,48
18.1_26.1,2025-10-14,2.544958333333333,48
18.1_26.1,2025-10-15,2.0545833333333334,48
18.1_26.1,2025-10-16,1.5486041666666666,48
18.1_26.1,2025-10-17,4.271229166666666,48
18.1_26.1,2025-10-18,4.9329583333333336,48
18.1_26.1,2025-10-19,9.655375000000001,48
18.1_26.1,2025-10-20,2.371302325581395,43
18.1_26.1,2025-10-21,3.4623749999999998,48
18.1_26.1,2025-10-22,2.2710208333333335,48
18.1_26.1,2025-10-23,3.4790425531914893,47
18.1_26.1,2025-10-24,3.71075,48
18.1_26.1,2025-10-25,3.3231458333333332,48
18.1_26.1,2025-10-26,5.656645833333333,48
18.1_26.1,2025-10-27,4.204291666666667,48
18.1_26.1,2025-10-28,2.9278541666666666,48
18.1_26.1,2025-10-29,3.8560625,48
18.1_26.1,2025-10-30,3.690395833333333,48
18.1_26.1,2025-10-31,3.0869375,48
18.1_26.1,2025-11-01,10.982270833333333,48
18.1_26.1,2025-11-02,21.607979166666667,48
18.1_26.1,2025-11-03,16.004979166666665,48
18.1_26.1,2025-11-04,2.6257083333333333,48
18.1_26.1,2025-11-05,5.038479166666667,48
18.1_26.1,2025-11-06,2.3364583333333333,48
18.1_26.1,2025-11-07,9.414416666666666,48
18.1_26.1,2025-11-08,10.895583333333335,48
18.1_26.1,2025-11-09,9.262520833333333,48
18.1_26.1,2025-11-10,1.907,48
18.1_26.1,2025-11-11,5.722127659574468,47
18.1_26.1,2025-11-12,4.739765957446808,47
18.1_26.1,2025-11-13,3.2970625,48
18.1_26.1,2025-11-14,7.368255319148936,47
18.1_26.1,2025-11-15,16.314041666666668,48
18.1_26.1,2025-11-16,3.7131458333333334,48
18.1_26.1,2025-11-17,1.8368333333333333,48
18.1_26.1,2025-11-18,8.589729166666666,48
18.1_26.1,2025-11-19,15.781291666666666,48
18.1_26.1,2025-11-20,28.515229166666668,48
18.1_26.1,2025-11-21,27.67197916666667,48
18.1_26.1,2025-11-22,17.8985625,48
18.1_26.1,2025-11-23,12.901458333333332,48
18.1_26.1,2025-11-24,4.837583333333334,48
18.1_26.1,2025-11-25,8.371791666666667,48
18.1_26.1,2025-11-26,10.1616875,48
18.1_26.1,2025-11-27,3.6126666666666667,48
18.1_26.1,2025-11-28,3.2476382978723404,47
18.1_26.1,2025-11-29,4.373041666666667,48
18.1_26.1,2025-11-30,9.373872340425532,47
18.1_26.1,2025-12-01,5.182333333333333,48
18.1_26.1,2025-12-02,14.5864375,48
18.1_26.1,2025-12-03,24.3655625,48
18.1_26.1,2025-12-04,19.210553191489364,47
18.1_26.1,2025-12-05,8.273260869565219,46
18.1_26.1,2025-12-06,28.485104166666666,48
18.1_26.1,2025-12-07,24.824666666666666,48
18.1_26.1,2025-12-08,2.837645833333333,48
18.1_26.1,2025-12-09,6.7811458333333325,48
18.1_26.1,2025-12-10,11.045604166666667,48
18.1_26.1,2025-12-11,2.285468085106383,47
18.1_26.1,2025-12-12,6.025291666666667,48
18.1_26.1,2025-12-13,19.812755555555555,45
18.1_26.1,2025-12-14,2.8192954545454545,44
18.1_26.1,2025-12-15,6.855555555555556,45
18.1_26.1,2025-12-16,8.815829787234042,47
18.1_26.1,2025-12-17,11.139133333333334,45
18.1_26.1,2025-12-18,15.173875,48
18.1_26.1,2025-12-19,6.1928125000000005,48
18.1_26.1,2025-12-20,6.748020833333333,48
18.1_26.1,2025-12-21,3.7328958333333335,48
18.1_26.1,2025-12-22,9.842416666666667,48
18.1_26.1,2025-12-23,15.84144680851064,47
18.1_26.1,2025-12-24,23.2579375,48
18.1_26.1,2025-12-25,27.741145833333334,48
18.1_26.1,2025-12-26,13.759560975609755,41
18.1_26.1,2025-12-29,3.894615384615385,39
18.1_26.1,2025-12-30,3.779208333333333,48
18.1_26.1,2025-12-31,13.704553191489362,47
19.2,2025-06-05,32.65889473684211,38
2.1,2024-11-21,5.167756756756757,37
2.1,2024-11-22,10.966714285714286,42
2.1,2024-11-24,13.956194444444446,36
2.1,2024-11-25,12.30027027027027,37
2.1,2024-11-27,5.623717948717949,39
2.1,2024-11-28,12.906583333333334,36
2.1,2024-11-29,8.042135135135135,37
2.1,2024-11-30,7.839511627906977,43
2.1,2024-12-01,6.622069767441861,43
2.1,2024-12-02,10.833702702702704,37
2.1,2024-12-04,13.21271052631579,38
2.1,2024-12-05,5.372351351351352,37
2.1,2024-12-06,2.4271707317073172,41
2.1,2024-12-08,6.286324324324324,37
2.1,2024-12-11,31.214351351351354,37
2.1,2024-12-12,5.643810810810812,37
2.1,2024-12-13,4.699189189189189,37
2.1,2024-12-15,11.318868421052631,38
2.1,2024-12-18,50.104,36
2.1,2024-12-19,6.6985789473684205,38
2.1,2024-12-21,1.8615897435897437,39
2.1,2024-12-22,2.1203333333333334,42
2.1,2024-12-23,5.527358974358974,39
2.1,2024-12-28,5.128605263157895,38
2.1,2024-12-31,9.391184210526315,38
2.1,2025-01-01,8.93854054054054,37
2.1,2025-01-02,9.156285714285714,42
2.1,2025-01-03,10.942022727272727,44
2.1,2025-01-04,2.1241333333333334,45
2.1,2025-01-05,8.08151219512195,41
2.1,2025-01-06,7.86995,40
2.1,2025-01-08,1.620638888888889,36
2.1,2025-01-09,1.978825,40
2.1,2025-01-10,11.805763157894738,38
2.1,2025-01-11,30.417292682926828,41
2.1,2025-01-12,23.253474999999998,40
2.1,2025-01-13,7.3431999999999995,40
2.1,2025-01-14,5.9674249999999995,40
2.1,2025-01-15,6.799767441860465,43
2.1,2025-01-16,19.52007894736842,38
2.1,2025-01-17,23.91810256410256,39
2.1,2025-01-19,1.9322307692307692,39
2.1,2025-01-20,3.2432162162162164,37
2.1,2025-01-21,3.651918918918919,37
2.1,2025-01-22,3.9169302325581397,43
2.1,2025-01-23,8.518536585365853,41
2.1,2025-01-24,5.077177777777778,45
2.1,2025-01-25,11.627217391304347,46
2.1,2025-01-26,7.43485,40
2.1,2025-01-27,5.3818,40
2.1,2025-02-01,12.949955555555558,45
2.1,2025-02-02,6.1370000000000005,36
2.1,2025-02-04,16.994,36
2.1,2025-02-05,2.6907954545454547,44
2.1,2025-02-09,15.771621621621621,37
2.1,2025-02-10,8.671595238095238,42
2.1,2025-02-13,18.588380952380955,42
2.1,2025-02-15,12.488380952380952,42
2.1,2025-02-16,17.066307692307692,39
2.1,2025-02-17,3.574738095238095,42
2.1,2025-02-18,3.021130434782609,46
2.1,2025-02-19,2.2963695652173914,46
2.1,2025-02-20,4.700288888888889,45
2.1,2025-02-21,2.866553191489362,47
2.1,2025-02-22,12.579487804878049,41
2.1,2025-02-23,11.037475,40
2.1,2025-02-25,10.270589743589744,39
2.1,2025-03-01,1.9286052631578947,38
2.1,2025-03-04,6.061111111111111,36
2.1,2025-03-05,3.82765,40
2.1,2025-03-07,7.444225,40
2.1,2025-03-09,5.383947368421053,38
2.1,2025-03-12,2.2406216216216217,37
2.1,2025-03-14,8.843081081081081,37
2.1,2025-03-15,10.442615384615385,39
2.1,2025-03-23,4.010694444444445,36
2.1,2025-03-24,5.862918918918919,37
2.1,2025-03-30,10.93139024390244,41
2.1,2025-03-31,5.556236842105263,38
2.1,2025-04-03,3.8835135135135137,37
2.1,2025-04-07,7.399815789473684,38
2.1,2025-04-12,7.027945945945946,37
2.1,2025-04-13,12.290756756756757,37
2.1,2025-04-14,4.582657894736842,38
2.1,2025-04-19,10.093944444444444,36
2.1,2025-04-23,3.59755,40
2.1,2025-04-26,22.473825,40
2.1,2025-05-02,6.6795135135135135,37
2.1,2025-05-05,22.941277777777778,36
2.1,2025-05-17,3.4342972972972974,37
2.1,2025-05-18,4.682027777777778,36
2.1,2025-05-27,3.7432894736842113,38
2.1,2025-05-28,2.0132432432432434,37
2.1,2025-05-30,12.037527777777779,36
2.1,2025-06-03,7.504638888888888,36
2.1,2025-06-21,9.441975,40
2.1,2025-06-25,12.113736842105263,38
2.1,2025-08-31,5.552638888888889,36
2.1,2025-09-02,3.3222926829268293,41
2.1,2025-09-07,2.9914722222222223,36
2.1,2025-09-08,2.9706153846153844,39
2.1,2025-09-09,2.4772857142857143,42
2.1,2025-09-14,18.828805555555554,36
2.1,2025-10-16,1.1570526315789473,38
2.1,2025-10-18,4.7,36
2.1,2025-10-21,2.7289736842105263,38
2.1,2025-10-22,2.473657894736842,38
2.1,2025-10-25,3.15725,40
2.1,2025-10-26,2.6786666666666665,39
2.1,2025-11-01,8.1102,40
2.1,2025-11-02,17.744756756756757,37
2.1,2025-11-06,1.5415641025641025,39
2.1,2025-11-08,6.7741999999999996,40
2.1,2025-11-13,2.277078947368421,38
2.1,2025-11-14,5.276694444444445,36
2.1,2025-11-15,13.89536111111111,36
2.1,2025-11-16,3.7638421052631577,38
2.1,2025-11-17,1.6190499999999999,40
2.1,2025-11-18,7.101,37
2.1,2025-11-19,12.998315789473684,38
2.1,2025-11-20,20.99866666666667,36
2.1,2025-11-21,23.996102564102564,39
2.1,2025-11-22,11.664729729729729,37
2.1,2025-11-23,11.148794871794871,39
2.1,2025-11-25,6.758051282051282,39
2.1,2025-11-29,3.3151707317073167,41
2.1,2025-12-05,6.05306976744186,43
2.1,2025-12-08,2.1379444444444444,36
2.1,2025-12-09,5.222499999999999,42
2.1,2025-12-12,3.256560975609756,41
2.1,2025-12-14,2.5629782608695653,46
2.1,2025-12-20,5.746736842105263,38
2.1,2025-12-29,3.7772105263157894,38
2.1,2025-12-31,15.60795238095238,42
20.1,2024-11-01,3.1938333333333335,48
20.1,2024-11-02,2.5454565217391303,46
20.1,2024-11-03,3.999636363636364,44
20.1,2024-11-04,3.8702045454545457,44
20.1,2024-11-05,3.564978260869565,46
20.1,2024-11-06,6.388809523809524,42
20.1,2024-11-07,4.505723404255319,47
20.1,2024-11-08,9.71572340425532,47
20.1,2024-11-09,3.056042553191489,47
20.1,2024-11-10,9.714636363636364,44
20.1,2024-11-11,4.8406,45
20.1,2024-11-12,2.0209555555555556,45
20.1,2024-11-13,2.4133953488372093,43
20.1,2024-11-14,3.5987659574468083,47
20.1,2024-11-15,16.023347826086958,46
20.1,2024-11-16,3.542595744680851,47
20.1,2024-11-17,10.162604166666666,48
20.1,2024-11-18,20.932978723404254,47
20.1,2024-11-19,14.262125,48
20.1,2024-11-20,6.060893617021277,47
20.1,2024-11-21,4.408829787234042,47
20.1,2024-11-22,8.384636363636364,44
20.1,2024-11-23,2.0305833333333334,48
20.1,2024-11-24,15.88463043478261,46
20.1,2024-11-25,14.065674418604651,43
20.1,2024-11-26,11.161243902439024,41
20.1,2024-11-27,6.343886363636364,44
20.1,2024-11-28,9.34376595744681,47
20.1,2024-11-29,8.908068181818182,44
20.1,2024-11-30,9.472181818181818,44
20.1,2024-12-01,7.520309523809524,42
20.1,2024-12-02,14.247217391304348,46
20.1,2024-12-03,14.161785714285715,42
20.1,2024-12-05,7.521155555555556,45
20.1,2024-12-06,3.4485777777777775,45
20.1,2024-12-07,4.670644444444444,45
20.1,2024-12-08,7.239159090909091,44
20.1,2024-12-09,6.5884418604651165,43
20.1,2024-12-10,30.257128205128204,39
20.1,2024-12-11,27.860477272727273,44
20.1,2024-12-12,7.485755555555557,45
20.1,2024-12-13,5.521357142857143,42
20.1,2024-12-14,8.9604,45
20.1,2024-12-15,12.74936170212766,47
20.1,2024-12-16,10.440590909090908,44
20.1,2024-12-17,13.249825,40
20.1,2024-12-18,37.58859574468085,47
20.1,2024-12-19,7.994295454545455,44
20.1,2024-12-20,15.525595744680851,47
20.1,2024-12-21,3.2328666666666672,45
20.1,2024-12-23,4.703255813953488,43
20.1,2024-12-24,23.774229166666665,48
20.1,2024-12-25,21.984568181818183,44
20.1,2024-12-26,13.681234042553191,47
20.1,2024-12-27,11.101354166666667,48
20.1,2024-12-28,5.451755555555556,45
20.1,2024-12-29,7.336604651162791,43
20.1,2024-12-30,4.659769230769231,39
20.1,2024-12-31,10.451978723404256,47
20.1,2025-01-01,8.869829268292683,41
20.1,2025-01-02,10.444260869565218,46
20.1,2025-01-03,11.878021739130435,46
20.1,2025-01-04,2.1814883720930234,43
20.1,2025-01-07,2.49545,40
20.1,2025-01-08,2.5975675675675673,37
20.1,2025-01-09,3.0382093023255816,43
20.1,2025-01-11,30.427394736842107,38
20.1,2025-01-12,22.252738095238097,42
20.1,2025-01-13,7.9972391304347825,46
20.1,2025-01-16,22.413846153846155,39
20.1,2025-01-17,27.796533333333333,45
20.1,2025-01-18,6.0988,40
20.1,2025-01-19,2.8767391304347827,46
20.1,2025-01-20,3.4870833333333335,36
20.1,2025-01-23,9.523102564102564,39
20.1,2025-01-24,5.6725,36
20.1,2025-01-26,7.753851063829788,47
20.1,2025-01-27,5.353644444444444,45
20.1,2025-01-28,5.184765957446809,47
20.1,2025-01-29,4.388780487804878,41
20.1,2025-01-30,5.245,42
20.1,2025-01-31,7.13925,36
20.1,2025-02-02,7.727978260869565,46
20.1,2025-02-03,30.398155555555554,45
20.1,2025-02-04,9.773048780487803,41
20.1,2025-02-05,2.421104166666667,48
20.1,2025-02-06,12.907750000000002,40
20.1,2025-02-07,5.285854166666667,48
20.1,2025-02-08,9.799521739130435,46
20.1,2025-02-09,16.87802272727273,44
20.1,2025-02-10,8.4010625,48
20.1,2025-02-11,18.722755555555555,45
20.1,2025-02-12,22.910045454545454,44
20.1,2025-02-13,15.67155319148936,47
20.1,2025-02-14,8.191891304347827,46
20.1,2025-02-16,15.373842105263158,38
20.1,2025-02-17,4.900395348837209,43
20.1,2025-02-18,3.7211555555555553,45
20.1,2025-02-19,3.563282608695652,46
20.1,2025-02-20,6.127282608695652,46
20.1,2025-02-21,4.056688888888889,45
20.1,2025-02-22,13.941459459459459,37
20.1,2025-02-23,11.218895833333333,48
20.1,2025-02-24,11.531760869565218,46
20.1,2025-02-25,9.095904761904762,42
20.1,2025-02-26,17.33793023255814,43
20.1,2025-02-28,18.14446511627907,43
20.1,2025-03-01,2.5838297872340426,47
20.1,2025-03-02,3.3015909090909092,44
20.1,2025-03-03,6.543928571428571,42
20.1,2025-03-04,5.522489361702128,47
20.1,2025-03-05,4.439152173913044,46
20.1,2025-03-06,1.9932619047619047,42
20.1,2025-03-07,6.492717391304348,46
20.1,2025-03-08,10.875478260869565,46
20.1,2025-03-09,5.720295454545455,44
20.1,2025-03-10,4.4568125,48
20.1,2025-03-11,4.992595238095237,42
20.1,2025-05-09,6.169604651162791,43
20.1,2025-05-11,4.02219512195122,41
20.1,2025-05-13,3.5468249999999997,40
20.1,2025-05-19,4.101125000000001,40
20.1,2025-05-21,6.24029268292683,41
20.1,2025-05-22,4.200111111111111,36
20.2,2025-09-18,10.324333333333334,48
20.2,2025-09-19,11.191125000000001,48
20.2,2025-09-20,3.8384468085106382,47
20.2,2025-09-21,7.085833333333333,48
20.2,2025-09-22,11.297052631578948,38
20.2,2025-09-24,8.74554054054054,37
20.2,2025-09-27,8.721020833333332,48
20.2,2025-09-28,9.140083333333333,48
20.2,2025-09-29,7.295125,48
20.2,2025-09-30,6.022875,48
20.2,2025-10-01,2.767354166666667,48
20.2,2025-10-02,2.2676875,48
20.2,2025-10-03,5.752354166666667,48
20.2,2025-10-04,9.3695625,48
20.2,2025-10-05,8.134291666666666,48
20.2,2025-10-06,3.804479166666667,48
20.2,2025-10-07,4.831878048780488,41
20.2,2025-10-08,1.5036444444444446,45
20.2,2025-10-09,1.5296666666666667,48
20.2,2025-10-10,3.3509166666666665,48
20.2,2025-10-11,2.6251458333333333,48
20.2,2025-10-12,4.2316875,48
20.2,2025-10-13,4.103340425531915,47
20.2,2025-10-14,2.310020833333333,48
20.2,2025-10-15,2.0584375,48
20.2,2025-10-16,1.6161666666666668,48
20.2,2025-10-17,3.272,48
20.2,2025-10-18,4.131104166666666,48
20.2,2025-10-19,7.2154375,48
20.2,2025-10-20,2.9518372093023255,43
20.2,2025-10-21,2.7011458333333334,48
20.2,2025-10-22,2.5008125,48
20.2,2025-10-23,2.4180833333333336,48
20.2,2025-10-24,2.029916666666667,48
20.2,2025-10-25,3.746,48
20.2,2025-10-26,3.4848541666666666,48
20.2,2025-10-27,2.252875,48
20.2,2025-10-28,2.163375,48
20.2,2025-10-31,2.979979166666667,48
20.2,2025-11-01,7.977395833333333,48
20.2,2025-11-02,16.451916666666666,48
20.2,2025-11-05,4.760088888888888,45
20.2,2025-11-06,2.3033076923076923,39
20.2,2025-11-07,5.14674358974359,39
20.2,2025-11-08,7.436520833333333,48
20.2,2025-11-14,7.442145833333334,48
20.2,2025-11-15,12.672613636363636,44
20.2,2025-11-16,3.499756097560976,41
20.2,2025-11-23,11.384354166666666,48
20.2,2025-11-24,4.708958333333333,48
20.2,2025-11-25,6.3094166666666665,48
20.2,2025-11-26,9.628604166666667,48
20.2,2025-12-04,13.167375,48
20.2,2025-12-05,6.7404166666666665,48
20.2,2025-12-06,22.9045625,48
20.2,2025-12-07,20.585895833333332,48
20.2,2025-12-08,2.5190208333333333,48
20.2,2025-12-09,6.1329375,48
20.2,2025-12-10,8.936729166666666,48
20.2,2025-12-11,2.021,48
20.2,2025-12-17,10.786999999999999,48
20.2,2025-12-18,11.357854166666666,48
21.1,2024-11-08,10.002813953488372,43
21.1,2024-11-09,2.3292727272727274,44
21.1,2024-11-10,10.563244444444445,45
21.1,2024-11-11,5.264,41
21.1,2024-11-12,1.726179487179487,39
21.1,2024-11-13,2.1861063829787235,47
21.1,2024-11-14,4.783170731707317,41
21.1,2024-11-15,26.66730434782609,46
21.1,2024-11-16,4.534704545454545,44
21.1,2024-11-17,11.008700000000001,40
21.1,2024-11-18,24.619948717948716,39
21.1,2024-11-19,16.728511627906975,43
21.1,2024-11-20,8.802405405405406,37
21.1,2024-11-22,8.83286956521739,46
21.1,2024-11-23,2.402190476190476,42
21.1,2024-11-24,17.878068181818183,44
21.1,2024-11-25,15.172511111111112,45
21.1,2024-11-26,12.213404761904762,42
21.1,2024-11-27,7.353815789473685,38
21.1,2024-11-28,12.703086956521739,46
21.1,2024-11-29,9.596354166666666,48
21.1,2024-11-30,8.132065217391304,46
21.1,2024-12-01,7.1625,40
21.1,2024-12-02,12.424868421052631,38
21.1,2024-12-03,16.941309523809522,42
21.1,2024-12-04,16.10821052631579,38
21.1,2024-12-05,6.443958333333333,48
21.1,2024-12-06,4.648421052631579,38
21.1,2024-12-07,5.678857142857143,42
21.1,2024-12-08,7.178783783783784,37
21.1,2024-12-09,6.909777777777778,45
21.1,2024-12-10,36.52563157894737,38
21.1,2024-12-11,22.12631818181818,44
21.1,2024-12-12,6.090458333333333,48
21.1,2024-12-13,5.819767441860465,43
21.1,2024-12-14,9.0173,40
21.1,2024-12-15,15.411589743589744,39
21.1,2024-12-16,16.943795454545455,44
21.1,2024-12-17,12.13147619047619,42
21.1,2024-12-18,44.38218181818182,44
21.1,2024-12-19,6.844190476190477,42
21.1,2024-12-20,17.712139534883722,43
21.1,2024-12-21,3.7205744680851067,47
21.1,2024-12-22,3.540813953488372,43
21.1,2024-12-23,6.558209302325581,43
21.1,2024-12-24,22.148619047619047,42
21.1,2024-12-25,28.559785714285713,42
21.1,2024-12-26,13.326666666666666,48
21.1,2024-12-27,12.891395348837209,43
21.1,2024-12-28,6.4017333333333335,45
21.1,2024-12-30,5.893404761904762,42
21.1,2024-12-31,9.817404255319149,47
21.1,2025-01-01,8.62111111111111,45
21.1,2025-01-02,9.149697674418604,43
21.1,2025-01-03,12.716533333333333,45
21.1,2025-01-04,3.002145833333333,48
21.1,2025-01-05,8.190022222222222,45
21.1,2025-01-06,8.094414634146341,41
21.1,2025-01-07,2.8048863636363635,44
21.1,2025-01-08,3.323342105263158,38
21.1,2025-01-09,2.8688,40
21.1,2025-01-10,15.679520833333333,48
21.1,2025-01-11,32.633880952380956,42
21.1,2025-01-12,28.687521739130435,46
21.1,2025-01-13,8.60048780487805,41
21.1,2025-01-14,6.0919,40
21.1,2025-01-15,7.467951219512195,41
21.1,2025-01-16,19.34776923076923,39
21.1,2025-01-17,26.522477272727272,44
21.1,2025-01-19,2.309447368421053,38
21.1,2025-01-20,4.191068181818181,44
21.1,2025-01-21,4.10548717948718,39
21.1,2025-01-24,6.002,42
21.1,2025-01-25,13.907489361702128,47
21.1,2025-01-26,8.318868421052631,38
21.1,2025-01-27,6.539648648648648,37
21.1,2025-01-28,5.0530952380952385,42
21.1,2025-01-29,5.048605263157895,38
21.1,2025-01-30,6.618285714285714,42
21.1,2025-02-05,2.650547619047619,42
21.1,2025-02-07,5.32439534883721,43
21.1,2025-02-10,9.187342105263157,38
21.1,2025-02-11,22.241666666666667,42
21.1,2025-02-14,9.012093023255813,43
21.1,2025-02-18,3.017837209302326,43
21.1,2025-02-19,4.409666666666667,45
21.1,2025-02-21,3.102279069767442,43
21.1,2025-02-23,10.660170212765957,47
21.1,2025-02-24,13.18445652173913,46
21.1,2025-02-25,10.155658536585365,41
21.1,2025-02-28,8.41723076923077,39
21.1,2025-03-01,2.633609756097561,41
21.1,2025-03-02,3.4908333333333332,42
21.1,2025-03-04,5.5350222222222225,45
21.1,2025-03-06,2.173125,40
21.1,2025-03-07,8.268024390243902,41
21.1,2025-03-09,5.848690476190476,42
21.1,2025-03-10,4.94865,40
21.1,2025-03-11,6.1795277777777775,36
21.1,2025-03-12,3.2420526315789475,38
21.1,2025-03-14,8.906128205128205,39
21.1,2025-03-15,11.374155555555555,45
21.1,2025-03-17,2.9695405405405406,37
21.1,2025-03-18,6.136225,40
21.1,2025-03-19,6.022906976744186,43
21.1,2025-03-22,4.3244,45
21.1,2025-03-23,4.476652173913044,46
21.1,2025-03-25,6.8473902439024386,41
21.1,2025-03-27,6.265775,40
21.1,2025-03-28,10.234179487179487,39
21.1,2025-03-29,11.310744680851064,47
21.1,2025-04-01,3.634666666666667,42
21.1,2025-04-02,5.149106382978723,47
21.1,2025-04-03,4.199055555555556,36
21.1,2025-04-04,2.20715,40
21.1,2025-04-08,3.1352444444444445,45
21.1,2025-04-09,6.516844444444445,45
21.1,2025-04-12,8.74048717948718,39
21.1,2025-04-13,7.3870000000000005,44
21.1,2025-04-14,4.843780487804878,41
21.1,2025-04-15,2.9557872340425533,47
21.1,2025-04-16,3.6033829787234044,47
21.1,2025-04-17,6.7398,45
21.1,2025-04-18,6.0158048780487805,41
21.1,2025-04-19,10.726552631578947,38
21.1,2025-04-20,4.303999999999999,36
21.1,2025-04-21,5.048272727272727,44
21.1,2025-04-22,3.196230769230769,39
21.1,2025-04-23,4.295682926829269,41
21.1,2025-04-24,4.941272727272727,44
21.1,2025-04-25,5.606880952380952,42
21.1,2025-04-27,8.2642,45
21.1,2025-04-28,3.59475,44
21.1,2025-04-29,6.628744186046512,43
21.1,2025-04-30,2.4508260869565217,46
21.1,2025-05-01,4.792853658536585,41
21.1,2025-05-02,7.051558139534883,43
21.1,2025-05-07,12.28204347826087,46
21.1,2025-05-08,8.392021739130435,46
21.1,2025-05-09,6.857046511627908,43
21.1,2025-05-10,4.393631578947368,38
21.1,2025-05-11,4.5636190476190475,42
21.1,2025-05-13,4.435277777777777,36
21.1,2025-05-14,2.0843589743589743,39
21.1,2025-05-15,8.571975609756098,41
21.1,2025-05-16,7.9308749999999995,40
21.1,2025-05-17,3.964159090909091,44
21.1,2025-05-18,4.09572972972973,37
21.1,2025-05-19,5.746255319148936,47
21.1,2025-05-20,5.366,43
21.1,2025-05-21,10.8698,45
21.1,2025-05-23,1.9870243902439024,41
21.1,2025-05-24,1.7357560975609756,41
21.1,2025-05-26,5.681209302325581,43
21.1,2025-05-27,4.119666666666666,39
21.1,2025-05-28,3.3482307692307693,39
21.1,2025-05-29,16.045170212765957,47
21.1,2025-05-30,10.060906976744185,43
21.1,2025-05-31,8.491975,40
21.1,2025-06-01,7.828872340425532,47
21.1,2025-06-02,4.803871794871795,39
21.1,2025-06-04,27.16038888888889,36
21.1,2025-06-06,41.298631578947365,38
21.1,2025-06-07,50.36936956521739,46
21.1,2025-06-08,41.620777777777775,36
21.1,2025-06-10,11.33539534883721,43
21.1,2025-06-11,15.541066666666666,45
21.1,2025-06-12,22.993000000000002,43
21.1,2025-06-13,22.24418181818182,44
21.1,2025-06-15,10.888933333333332,45
21.1,2025-06-16,9.91925,40
21.1,2025-06-17,11.121236842105263,38
21.1,2025-06-24,8.573527777777777,36
21.1,2025-06-25,9.910789473684211,38
21.1,2025-06-26,13.013833333333334,36
21.1,2025-06-27,9.40713888888889,36
21.1,2025-07-04,20.255499999999998,38
21.1,2025-07-05,25.01074358974359,39
21.1,2025-07-07,9.884243243243244,37
21.1,2025-07-08,14.40060465116279,43
21.1,2025-07-09,23.00328888888889,45
21.1,2025-07-10,20.335977272727273,44
21.1,2025-07-11,13.042641025641025,39
21.1,2025-07-12,9.244216216216216,37
21.1,2025-07-13,6.17775,44
21.1,2025-07-14,26.069581395348838,43
21.1,2025-07-16,34.667,42
21.1,2025-07-17,11.087,40
21.1,2025-07-18,5.242232558139536,43
21.1,2025-07-19,3.4919736842105262,38
21.1,2025-07-20,7.535027777777778,36
21.1,2025-07-21,20.27230555555556,36
21.1,2025-07-22,4.708184210526316,38
21.1,2025-07-23,3.6625,44
21.1,2025-07-25,21.960697674418604,43
21.1,2025-07-26,11.396177777777778,45
21.1,2025-07-27,12.255272727272727,44
21.1,2025-07-28,10.731205128205128,39
21.1,2025-07-29,9.280630434782609,46
21.1,2025-07-30,15.917239130434782,46
21.1,2025-07-31,40.95714893617021,47
21.1,2025-08-01,18.541,38
21.1,2025-08-02,5.760818181818182,44
21.1,2025-08-03,13.163585365853658,41
21.1,2025-08-04,39.48386046511628,43
21.1,2025-08-05,38.48455813953488,43
21.1,2025-08-06,26.274255319148935,47
21.1,2025-08-07,19.52660465116279,43
21.1,2025-08-08,16.63186046511628,43
21.1,2025-08-09,22.4471,40
21.1,2025-08-10,25.231545454545454,44
21.1,2025-08-11,20.6265,38
21.1,2025-08-12,14.571574468085107,47
21.1,2025-08-13,7.930461538461538,39
21.1,2025-08-14,17.400777777777776,45
21.1,2025-08-15,26.273500000000002,40
21.1,2025-08-16,21.044238095238097,42
21.1,2025-08-17,14.449023255813954,43
21.1,2025-08-18,3.5239210526315787,38
21.1,2025-08-19,6.40660465116279,43
21.1,2025-08-21,2.7400454545454545,44
21.1,2025-08-22,2.1726,40
21.1,2025-08-23,6.1745,38
21.1,2025-08-24,4.758772727272728,44
21.1,2025-08-25,2.9510238095238095,42
21.1,2025-08-26,4.193268292682927,41
21.1,2025-08-27,4.935075,40
21.1,2025-08-28,4.961170212765958,47
21.1,2025-08-29,3.5976363636363633,44
21.1,2025-08-30,2.9075609756097562,41
21.1,2025-08-31,5.4289772727272725,44
21.1,2025-09-01,5.297568181818182,44
21.1,2025-09-02,3.729688888888889,45
21.1,2025-09-03,5.125697674418604,43
21.1,2025-09-04,6.423622222222222,45
21.1,2025-09-05,15.9209375,48
21.1,2025-09-06,5.20345,40
21.1,2025-09-07,3.1147,40
21.1,2025-09-08,3.688463414634146,41
21.1,2025-09-09,3.5431666666666666,42
21.1,2025-09-10,3.5942340425531913,47
21.1,2025-09-11,6.631119047619047,42
21.1,2025-09-12,9.465391304347827,46
21.1,2025-09-13,8.292761904761905,42
21.1,2025-09-14,12.306116279069768,43
21.1,2025-09-15,10.303477272727273,44
21.1,2025-09-16,9.540888888888889,45
21.1,2025-09-17,14.28180487804878,41
21.1,2025-09-18,11.230704545454545,44
21.1,2025-09-19,11.838375000000001,40
21.1,2025-09-21,7.690243902439025,41
21.1,2025-09-22,13.335733333333334,45
21.1,2025-09-23,5.42652380952381,42
21.1,2025-09-24,8.891416666666666,36
21.1,2025-09-25,13.992909090909091,44
21.1,2025-09-27,12.031078947368421,38
21.1,2025-09-28,12.071,44
21.1,2025-09-29,9.107377777777778,45
21.1,2025-09-30,6.761395348837209,43
21.1,2025-10-01,3.0139565217391304,46
21.1,2025-10-02,2.4370526315789474,38
21.1,2025-10-03,6.253717391304348,46
21.1,2025-10-04,9.813866666666668,45
21.1,2025-10-05,8.492871794871794,39
21.1,2025-10-06,4.077684210526316,38
21.1,2025-10-07,8.687108108108108,37
21.1,2025-10-08,2.061369565217391,46
21.1,2025-10-09,1.5169555555555556,45
21.1,2025-10-10,2.9972826086956523,46
21.1,2025-10-11,3.432911111111111,45
21.1,2025-10-12,6.350071428571428,42
21.1,2025-10-13,5.289325,40
21.1,2025-10-14,3.5943055555555556,36
21.1,2025-10-15,2.1057234042553192,47
21.1,2025-10-16,2.3512173913043477,46
21.1,2025-10-17,3.635102564102564,39
21.1,2025-10-18,5.14695,40
21.1,2025-10-19,8.662243902439025,41
21.1,2025-10-20,3.2348684210526315,38
21.1,2025-10-21,2.925761904761905,42
21.1,2025-10-22,2.260095238095238,42
21.1,2025-10-23,3.6982553191489362,47
21.1,2025-10-24,4.335837209302325,43
21.1,2025-10-25,4.5087142857142855,42
21.1,2025-10-26,4.766613636363637,44
21.1,2025-10-27,2.7994583333333334,48
21.1,2025-10-28,2.3455813953488374,43
21.1,2025-10-29,3.1417555555555556,45
21.1,2025-10-30,2.360088888888889,45
21.1,2025-10-31,3.418560975609756,41
21.1,2025-11-01,10.388021739130435,46
21.1,2025-11-02,20.121116279069767,43
21.1,2025-11-03,13.67591111111111,45
21.1,2025-11-04,3.615255319148936,47
21.1,2025-11-05,5.898866666666667,45
21.1,2025-11-06,3.5084,40
21.1,2025-11-08,8.224452380952382,42
21.1,2025-11-09,7.061166666666667,36
21.1,2025-11-10,1.5972777777777778,36
21.1,2025-11-11,6.055617021276595,47
21.1,2025-11-12,5.306651162790698,43
21.1,2025-11-13,5.096675675675676,37
21.1,2025-11-14,8.405702702702703,37
21.1,2025-11-15,15.86774358974359,39
21.1,2025-11-18,9.023611111111112,36
21.1,2025-11-19,15.510900000000001,40
21.1,2025-11-20,29.561951219512196,41
21.1,2025-11-21,26.38054054054054,37
21.1,2025-11-22,15.7172,40
21.1,2025-11-23,11.897083333333335,36
21.1,2025-11-24,4.291586956521739,46
21.1,2025-11-25,6.442205128205129,39
21.1,2025-11-26,8.117782608695652,46
21.1,2025-11-27,4.0407631578947365,38
21.1,2025-11-28,3.58253488372093,43
21.1,2025-11-30,6.891738095238095,42
21.1,2025-12-01,4.951973684210527,38
21.1,2025-12-02,12.919023809523809,42
21.1,2025-12-04,16.065454545454546,44
21.1,2025-12-05,7.8555238095238105,42
21.1,2025-12-06,27.741756756756757,37
21.1,2025-12-07,25.038833333333333,36
21.1,2025-12-08,2.505025641025641,39
21.1,2025-12-12,7.301270270270271,37
21.1,2025-12-13,16.914775,40
21.1,2025-12-14,3.5522820512820514,39
21.1,2025-12-15,7.573111111111111,36
21.1,2025-12-16,9.11935,40
21.1,2025-12-18,12.690555555555555,36
21.1,2025-12-19,6.798790697674418,43
21.1,2025-12-20,6.829648648648649,37
21.1,2025-12-21,3.795952380952381,42
21.1,2025-12-22,8.757511627906977,43
21.1,2025-12-23,18.276065217391306,46
21.1,2025-12-24,18.753268292682925,41
21.1,2025-12-25,22.735772727272728,44
21.1,2025-12-26,10.995263157894737,38
21.1,2025-12-27,12.903138888888888,36
21.1,2025-12-28,26.38025,40
21.1,2025-12-30,3.676219512195122,41
22.1,2025-05-08,8.6135,48
22.1,2025-05-09,6.749979166666667,48
22.1,2025-05-10,4.02825,48
22.1,2025-05-11,4.815791666666667,48
22.1,2025-05-12,5.1778125,48
22.1,2025-05-13,7.119395833333334,48
22.1,2025-05-14,2.223375,48
22.1,2025-05-15,8.7089375,48
22.1,2025-05-16,9.354875,48
22.1,2025-05-17,3.1819583333333332,48
22.1,2025-05-18,4.486041666666667,48
22.1,2025-05-19,6.85225,48
22.1,2025-05-20,6.701604166666667,48
22.1,2025-05-21,13.953145833333334,48
22.1,2025-05-22,7.417520833333333,48
22.1,2025-05-23,2.05875,48
22.1,2025-05-24,1.57825,48
22.1,2025-05-25,12.225666666666667,48
22.1,2025-05-26,27.295562500000003,48
22.1,2025-05-27,4.2060208333333335,48
22.1,2025-05-28,3.733270833333333,48
22.1,2025-05-29,26.702936170212766,47
22.1,2025-05-30,11.077791666666666,48
22.1,2025-05-31,8.287145833333334,48
22.1,2025-06-01,7.433041666666667,48
22.1,2025-06-02,3.864,48
22.1,2025-06-03,7.7249791666666665,48
22.1,2025-06-04,28.208583333333333,48
22.1,2025-06-05,30.718520833333333,48
22.1,2025-06-06,78.64804761904762,42
22.1,2025-06-07,65.77045833333332,48
22.1,2025-06-08,46.868291666666664,48
22.1,2025-06-09,21.708395833333334,48
22.1,2025-06-10,11.1328125,48
22.1,2025-06-11,14.386979166666666,48
22.1,2025-06-12,22.2484375,48
22.1,2025-06-13,24.173229166666665,48
22.1,2025-06-14,22.70420512820513,39
22.1,2025-06-15,13.376895833333334,48
22.1,2025-06-16,11.025208333333333,48
22.1,2025-06-17,12.582749999999999,48
22.1,2025-06-18,9.851375,48
22.1,2025-06-19,6.796604166666667,48
22.1,2025-06-20,8.273270833333333,48
22.1,2025-06-21,12.9800625,48
22.1,2025-06-22,8.603645833333333,48
22.1,2025-06-23,7.988145833333333,48
22.1,2025-06-24,8.555083333333334,48
22.1,2025-06-25,14.8786875,48
22.1,2025-06-26,13.605895833333333,48
22.1,2025-06-27,10.232645833333333,48
22.1,2025-06-28,10.074208333333333,48
22.1,2025-06-29,7.570520833333333,48
22.1,2025-06-30,10.020020833333334,48
22.1,2025-07-01,8.126291666666667,48
22.1,2025-07-02,10.937875,48
22.1,2025-07-03,15.9863125,48
22.1,2025-07-04,21.520500000000002,48
22.1,2025-07-05,20.58010416666667,48
22.1,2025-07-06,11.408208333333333,48
22.1,2025-07-07,12.011583333333334,48
22.1,2025-07-08,15.44825,48
22.1,2025-07-09,22.492979166666668,48
22.1,2025-07-10,21.560083333333335,48
22.1,2025-07-11,13.685166666666666,48
22.1,2025-07-12,8.693104166666666,48
22.1,2025-07-13,5.768770833333333,48
22.1,2025-07-14,24.394479166666667,48
22.1,2025-07-15,35.42972916666667,48
22.1,2025-07-16,34.673833333333334,48
22.1,2025-07-17,9.682354166666666,48
22.1,2025-07-18,2.1790625,48
22.1,2025-07-19,3.8607708333333335,48
22.1,2025-07-20,8.146729166666667,48
22.1,2025-07-21,20.1203125,48
22.1,2025-07-22,5.7280625,48
22.1,2025-07-23,3.355395833333333,48
22.1,2025-07-24,12.4875,48
22.1,2025-07-25,17.424812499999998,48
22.1,2025-07-26,11.425021739130434,46
22.1,2025-07-27,10.68684090909091,44
22.1,2025-07-28,11.304708333333334,48
22.1,2025-07-29,11.098895833333334,48
22.1,2025-07-30,16.790229166666666,48
22.1,2025-07-31,42.8695625,48
22.1,2025-08-01,20.5576875,48
22.1,2025-08-02,8.769895833333333,48
22.1,2025-08-03,14.663625,48
22.1,2025-08-04,37.45547916666666,48
22.1,2025-08-05,41.33160416666667,48
22.1,2025-08-06,23.489125,48
22.1,2025-08-07,19.546395833333335,48
22.1,2025-08-08,14.174229166666667,48
22.1,2025-08-09,20.3628125,48
22.1,2025-08-10,27.397041666666667,48
22.1,2025-08-11,19.737166666666667,48
22.1,2025-08-12,13.6525625,48
22.1,2025-08-15,26.177770833333334,48
22.1,2025-08-16,21.00166666666667,48
22.1,2025-08-17,14.190958333333334,48
22.1,2025-08-18,3.8554375,48
22.1,2025-08-19,7.780208333333333,48
22.1,2025-08-21,2.7785625,48
22.1,2025-08-22,2.7551666666666663,48
22.1,2025-08-23,8.556541666666668,48
22.1,2025-08-24,7.472708333333333,48
22.1,2025-08-25,2.4270625,48
22.1,2025-08-26,4.232104166666667,48
22.1,2025-08-27,4.112520833333333,48
22.1,2025-08-28,4.158125,48
22.1,2025-08-29,3.7383125,48
22.1,2025-08-30,3.0498958333333333,48
22.1,2025-08-31,8.7189375,48
22.1,2025-09-01,7.4725,48
22.1,2025-09-02,4.003875,48
22.1,2025-09-03,8.110104166666666,48
22.1,2025-09-04,8.343125,48
22.1,2025-09-05,21.099270833333332,48
22.1,2025-09-06,4.56125,48
22.1,2025-09-07,2.7217083333333334,48
22.1,2025-09-08,3.997625,48
22.1,2025-09-09,3.1375,48
22.1,2025-09-10,5.255270833333333,48
22.1,2025-09-11,11.231958333333335,48
22.1,2025-09-12,18.251562500000002,48
22.1,2025-09-13,11.783604166666667,48
22.1,2025-09-14,33.0579375,48
22.1,2025-09-15,14.114937500000002,48
22.1,2025-09-16,10.289166666666667,48
22.1,2025-09-17,21.940125,48
22.1,2025-09-18,14.007520833333334,48
22.1,2025-09-19,13.282708333333334,48
22.1,2025-09-20,4.127020833333334,48
22.1,2025-09-21,7.70625,48
22.1,2025-09-22,12.167270833333333,48
22.1,2025-09-23,8.623125,48
22.1,2025-09-24,12.964020833333333,48
22.1,2025-09-25,30.690708333333333,48
22.1,2025-09-26,30.515041666666665,48
22.1,2025-09-27,19.747229166666667,48
22.1,2025-09-28,12.505020833333333,48
22.1,2025-09-29,13.492437500000001,48
22.1,2025-09-30,8.205979166666667,48
22.1,2025-10-01,3.1457291666666665,48
22.1,2025-10-02,2.5565625,48
22.1,2025-10-03,6.385979166666667,48
22.1,2025-10-04,14.282187500000001,48
22.1,2025-10-05,11.922916666666666,48
22.1,2025-10-06,4.144020833333333,48
22.1,2025-10-07,4.769583333333333,48
22.1,2025-10-08,1.4257916666666666,48
22.1,2025-10-09,1.5233125,48
22.1,2025-10-10,3.3901458333333334,48
22.1,2025-10-11,2.4833333333333334,48
22.1,2025-10-12,15.139958333333333,48
22.1,2025-10-13,6.707416666666667,48
22.1,2025-10-14,4.014875,48
22.1,2025-10-15,1.756125,48
22.1,2025-10-16,1.8172083333333333,48
22.1,2025-10-17,4.116854166666667,48
22.1,2025-10-18,4.840590909090909,44
22.1,2025-10-19,7.952333333333333,48
22.1,2025-10-20,2.8496190476190475,42
22.1,2025-10-21,3.0354375,48
22.1,2025-10-22,2.23475,48
22.1,2025-10-23,2.8681666666666668,48
22.1,2025-10-24,3.103875,48
22.1,2025-10-25,3.1048541666666667,48
22.1,2025-10-26,7.116125,48
22.1,2025-10-27,3.2821041666666666,48
22.1,2025-10-28,2.1894583333333335,48
22.1,2025-10-29,3.5580416666666665,48
22.1,2025-10-30,3.7065625,48
22.1,2025-10-31,3.109875,48
22.1,2025-11-01,10.35525,48
22.1,2025-11-02,18.829520833333333,48
22.1,2025-11-03,13.462749999999998,48
22.1,2025-11-04,2.076604166666667,48
22.1,2025-11-05,5.047291666666666,48
22.1,2025-11-06,2.461875,48
22.1,2025-11-07,8.3323125,48
22.1,2025-11-08,9.962270833333333,48
22.1,2025-11-09,12.859895833333333,48
22.1,2025-11-10,2.107375,48
22.1,2025-11-11,4.943791666666667,48
22.1,2025-11-12,4.439479166666667,48
22.1,2025-11-13,3.388916666666667,48
22.1,2025-11-14,6.9388125,48
22.1,2025-11-15,13.955291666666668,48
22.1,2025-11-16,3.074895833333333,48
22.1,2025-11-17,2.0987708333333335,48
22.1,2025-11-18,10.027729166666667,48
22.1,2025-11-19,15.1295625,48
22.1,2025-11-20,26.638895833333333,48
22.1,2025-11-21,27.973958333333336,48
22.1,2025-11-22,19.902645833333334,48
22.1,2025-11-23,11.114,48
22.1,2025-11-24,5.538083333333334,48
22.1,2025-11-25,5.438078947368421,38
22.1,2025-12-01,4.625979166666667,48
22.1,2025-12-02,14.633418604651162,43
22.1,2025-12-03,20.874291666666668,48
22.1,2025-12-04,19.844937499999997,48
22.1,2025-12-05,6.992624999999999,48
22.1,2025-12-06,25.311916666666665,48
22.1,2025-12-07,21.109142857142857,42
22.1,2025-12-08,2.4906666666666664,48
22.1,2025-12-09,5.475145833333333,48
22.1,2025-12-11,2.4303333333333335,48
22.1,2025-12-12,5.714688888888889,45
22.1,2025-12-14,3.5398750000000003,48
22.1,2025-12-15,6.9271666666666665,48
22.1,2025-12-19,5.386358974358974,39
22.1,2025-12-20,6.145791666666667,48
22.1,2025-12-21,4.222208333333334,48
22.1,2025-12-22,9.7111875,48
22.1,2025-12-23,15.2378125,48
22.1,2025-12-24,22.4969375,48
22.1,2025-12-25,26.272750000000002,48
22.1,2025-12-26,13.4814375,48
22.1,2025-12-27,11.827854166666667,48
22.1,2025-12-28,29.38702222222222,45
22.1,2025-12-29,4.1938125,48
22.1,2025-12-30,3.9215,48
22.1,2025-12-31,10.884553191489362,47
23.1,2024-11-08,10.17236170212766,47
23.1,2024-11-09,2.9396595744680853,47
23.1,2024-11-10,21.102702127659576,47
23.1,2024-11-11,6.6665531914893625,47
23.1,2024-11-12,2.473375,48
23.1,2024-11-13,2.6064255319148937,47
23.1,2024-11-14,6.834042553191488,47
23.1,2024-11-15,73.11184782608696,46
23.1,2024-11-16,5.463041666666666,48
23.1,2024-11-17,11.026760869565218,46
23.1,2024-11-18,25.98495833333333,48
23.1,2024-11-19,17.985377777777778,45
23.1,2024-11-20,14.35057777777778,45
23.1,2024-11-21,4.534125,48
23.1,2024-11-22,10.382914893617022,47
23.1,2024-11-23,4.695291666666667,48
23.1,2024-11-24,16.431229166666668,48
23.1,2024-11-25,14.595872340425531,47
23.1,2024-11-26,12.454729166666667,48
23.1,2024-11-27,6.4872708333333335,48
23.1,2024-11-28,15.894717391304349,46
23.1,2024-11-29,8.993851063829787,47
23.1,2024-11-30,7.432729166666667,48
23.1,2024-12-01,6.030531914893617,47
23.1,2024-12-02,12.224510638297872,47
23.1,2024-12-03,15.668148936170214,47
23.1,2024-12-04,14.1004375,48
23.1,2024-12-05,7.164617021276595,47
23.1,2024-12-06,6.9265,48
23.1,2024-12-07,4.3318125,48
23.1,2024-12-08,6.688404255319149,47
23.1,2024-12-09,7.991574468085107,47
23.1,2024-12-10,49.73043181818182,44
23.1,2024-12-12,5.603666666666666,48
23.1,2024-12-13,5.546234042553191,47
23.1,2024-12-14,8.783955555555556,45
23.1,2024-12-17,14.50847619047619,42
23.1,2024-12-18,45.65593617021277,47
23.1,2024-12-19,8.72804255319149,47
23.1,2024-12-20,18.152068181818183,44
23.1,2024-12-21,3.0284565217391304,46
23.1,2024-12-22,3.039851063829787,47
23.1,2024-12-23,6.513255319148937,47
23.1,2024-12-25,20.55128260869565,46
23.1,2024-12-26,13.229354166666667,48
23.1,2024-12-27,12.88927659574468,47
23.1,2024-12-28,6.71225,44
23.1,2024-12-29,7.5661,40
23.1,2024-12-30,4.743186046511628,43
23.1,2024-12-31,9.228955555555556,45
23.1,2025-01-01,9.29215909090909,44
23.1,2025-01-02,9.354723404255319,47
23.1,2025-01-03,11.558106382978723,47
23.1,2025-01-04,3.5292916666666665,48
23.1,2025-01-05,6.910382978723404,47
23.1,2025-01-06,7.8262307692307695,39
23.1,2025-01-07,6.83136170212766,47
23.1,2025-01-08,5.2408936170212765,47
23.1,2025-01-09,5.470702127659574,47
23.1,2025-01-10,13.656041666666667,48
23.1,2025-01-11,31.038083333333333,48
23.1,2025-01-12,26.4350243902439,41
23.1,2025-01-13,7.361659574468086,47
23.1,2025-01-14,5.742066666666667,45
23.1,2025-01-15,6.5005434782608695,46
23.1,2025-01-16,18.654205128205128,39
23.1,2025-01-17,32.36492682926829,41
23.1,2025-01-18,7.723688888888889,45
23.1,2025-01-19,5.033875,48
23.1,2025-01-20,4.338913043478261,46
23.1,2025-01-21,3.6841041666666667,48
23.1,2025-01-22,2.791422222222222,45
23.1,2025-01-23,8.717755555555556,45
23.1,2025-01-24,6.042808510638298,47
23.1,2025-01-25,11.976955555555556,45
23.1,2025-01-26,7.4022,45
23.1,2025-01-27,5.2822790697674415,43
23.1,2025-01-28,5.0240638297872335,47
23.1,2025-01-29,8.02739534883721,43
23.1,2025-01-30,5.695,42
23.1,2025-01-31,16.413733333333333,45
23.1,2025-02-01,12.410955555555557,45
23.1,2025-02-02,9.103124999999999,48
23.1,2025-02-03,42.94776086956522,46
23.1,2025-02-04,16.460044444444446,45
23.1,2025-02-05,2.6452391304347826,46
23.1,2025-02-06,17.88408108108108,37
23.1,2025-02-07,7.0768125,48
23.1,2025-02-08,9.22944680851064,47
23.1,2025-02-09,23.180708333333335,48
23.1,2025-02-10,8.941553191489362,47
23.1,2025-02-11,22.26369565217391,46
23.1,2025-02-12,22.297844444444443,45
23.1,2025-02-14,8.711644444444445,45
23.1,2025-02-15,14.908142857142858,42
23.1,2025-02-16,25.304644444444445,45
23.1,2025-02-17,4.40963829787234,47
23.1,2025-02-18,4.5029130434782605,46
23.1,2025-02-19,4.392047619047619,42
23.1,2025-02-20,5.771391304347826,46
23.1,2025-02-21,4.805833333333333,48
23.1,2025-02-22,12.557622222222221,45
23.1,2025-02-23,9.330219512195121,41
23.1,2025-02-24,10.826772727272727,44
23.1,2025-02-25,8.790977777777778,45
23.1,2025-02-26,16.978093023255813,43
23.1,2025-02-28,12.35836170212766,47
23.1,2025-03-01,3.116090909090909,44
23.1,2025-03-02,5.251851063829787,47
23.1,2025-03-03,7.410553191489361,47
23.1,2025-03-04,5.806318181818182,44
23.1,2025-03-05,4.562658536585366,41
23.1,2025-03-06,3.0869545454545455,44
23.1,2025-03-07,7.549553191489362,47
23.1,2025-03-08,9.24097435897436,39
23.1,2025-03-09,5.666444444444444,45
23.1,2025-03-10,4.270979166666667,48
23.1,2025-03-11,6.315133333333333,45
23.1,2025-03-12,2.274159090909091,44
23.1,2025-03-13,6.984555555555556,45
23.1,2025-03-14,7.1142,45
23.1,2025-03-15,12.17804347826087,46
23.1,2025-03-17,4.539288888888889,45
23.1,2025-03-18,5.11731914893617,47
23.1,2025-03-19,4.734239130434783,46
23.1,2025-03-20,4.814027027027027,37
23.1,2025-03-21,4.116347826086956,46
23.1,2025-03-22,4.325577777777778,45
23.1,2025-03-23,5.184720930232558,43
23.1,2025-03-24,6.813891304347826,46
23.1,2025-03-25,7.357279069767442,43
23.1,2025-03-26,6.997249999999999,48
23.1,2025-03-28,10.791227272727273,44
23.1,2025-03-29,10.183904761904762,42
23.1,2025-03-31,5.8890666666666664,45
23.1,2025-04-01,4.3794130434782605,46
23.1,2025-04-02,4.616260869565218,46
23.1,2025-04-03,4.124170731707317,41
23.1,2025-04-04,2.156833333333333,48
23.1,2025-04-07,8.521104166666666,48
23.1,2025-04-08,5.0645454545454545,44
23.1,2025-04-09,7.126558139534883,43
23.1,2025-04-10,23.121583333333334,36
23.1,2025-04-11,18.443704545454548,44
23.1,2025-04-12,12.422463414634146,41
23.1,2025-04-13,7.273042553191489,47
23.1,2025-04-14,4.695829787234042,47
23.1,2025-04-15,4.261688888888889,45
23.1,2025-04-16,7.460999999999999,47
23.1,2025-04-17,6.668468085106383,47
23.1,2025-04-18,6.345239130434783,46
23.1,2025-04-19,10.08841304347826,46
23.1,2025-04-20,5.281750000000001,48
23.1,2025-04-21,5.647181818181818,44
23.1,2025-04-22,9.160822222222222,45
23.1,2025-04-23,4.119297872340425,47
23.1,2025-04-24,4.9078333333333335,48
23.1,2025-04-25,6.695477272727272,44
23.1,2025-04-27,6.754782608695653,46
23.1,2025-04-28,2.9809782608695654,46
23.1,2025-04-29,6.906148936170212,47
23.1,2025-04-30,8.71091304347826,46
23.1,2025-05-01,4.510291666666666,48
23.1,2025-05-02,6.792717391304348,46
23.1,2025-05-03,16.457418604651163,43
23.1,2025-05-04,8.087108695652173,46
23.1,2025-05-06,6.381866666666666,45
23.1,2025-05-07,12.788340909090909,44
23.1,2025-05-08,8.52213953488372,43
23.1,2025-05-09,9.711234042553192,47
23.1,2025-05-10,4.9522916666666665,48
23.1,2025-05-11,4.856363636363636,44
23.1,2025-05-12,4.44854347826087,46
23.1,2025-05-13,5.475854166666666,48
23.1,2025-05-14,2.2411333333333334,45
23.1,2025-05-15,11.841304347826087,46
23.1,2025-05-16,8.891288888888889,45
23.1,2025-05-17,8.000958333333333,48
23.1,2025-05-18,5.93636170212766,47
23.1,2025-05-19,7.018142857142856,42
23.1,2025-05-20,5.327083333333333,48
23.1,2025-05-21,11.01197619047619,42
23.1,2025-05-22,8.603866666666667,45
23.1,2025-05-23,8.048,45
23.1,2025-05-24,2.6075416666666666,48
23.1,2025-05-25,5.873866666666666,45
23.1,2025-05-26,5.0843541666666665,48
23.1,2025-05-27,3.553775,40
23.1,2025-05-28,3.7260454545454547,44
23.1,2025-05-29,18.32002222222222,45
23.1,2025-05-30,10.894733333333333,45
23.1,2025-05-31,11.64304347826087,46
23.1,2025-06-01,5.781104166666666,48
23.1,2025-06-02,4.294391304347826,46
23.1,2025-06-03,8.996260869565218,46
23.1,2025-06-04,25.629595744680852,47
23.1,2025-06-05,36.0556875,48
23.1,2025-06-06,23.505375,48
23.1,2025-06-07,56.399478260869564,46
23.1,2025-06-08,38.63362222222222,45
23.1,2025-06-09,20.64008510638298,47
23.1,2025-06-10,11.979347826086956,46
23.1,2025-06-11,15.847872340425532,47
23.1,2025-06-12,24.38995744680851,47
23.1,2025-06-13,27.203978723404255,47
23.1,2025-06-14,16.80991304347826,46
23.1,2025-06-15,10.4965625,48
23.1,2025-06-16,10.904489361702128,47
23.1,2025-06-17,13.9115,48
23.1,2025-06-18,10.865739130434783,46
23.1,2025-06-19,6.868744680851064,47
23.1,2025-06-20,9.004297872340425,47
23.1,2025-06-21,13.190130434782608,46
23.1,2025-06-22,9.308666666666667,45
23.1,2025-06-23,9.04995652173913,46
23.1,2025-06-24,9.522333333333334,48
23.1,2025-06-25,11.02171052631579,38
23.1,2025-06-26,15.947979166666666,48
23.1,2025-06-27,11.46967441860465,43
23.1,2025-06-28,16.903,46
23.1,2025-06-29,12.40414893617021,47
23.1,2025-06-30,12.325208333333332,48
23.1,2025-07-01,13.643416666666667,48
23.1,2025-07-02,10.49975,48
23.1,2025-07-03,19.786234042553193,47
23.1,2025-07-04,21.150041666666667,48
23.1,2025-07-05,18.321413043478262,46
23.1,2025-07-06,13.071159090909092,44
23.1,2025-07-07,14.703489361702127,47
23.1,2025-07-08,15.8696875,48
23.1,2025-07-09,23.64945833333333,48
23.1,2025-07-10,22.922291666666666,48
23.1,2025-07-11,13.586212765957447,47
23.1,2025-07-12,10.471195652173913,46
23.1,2025-07-13,9.011891304347825,46
23.1,2025-07-19,5.052782608695652,46
23.1,2025-07-20,8.548021276595744,47
23.1,2025-07-21,21.097522727272725,44
23.1,2025-07-22,8.460755555555554,45
23.1,2025-07-23,3.9630851063829784,47
23.1,2025-07-24,15.882125,48
23.1,2025-07-25,14.537934782608696,46
23.1,2025-07-26,11.807340425531915,47
23.1,2025-07-27,13.330782608695651,46
23.1,2025-07-28,10.286604166666667,48
23.1,2025-07-29,9.992729166666667,48
23.1,2025-07-30,14.211729166666666,48
23.1,2025-07-31,42.80083333333333,42
23.1,2025-08-01,19.653744186046513,43
23.1,2025-08-02,5.9491875,48
23.1,2025-08-03,12.620375,48
23.1,2025-08-04,43.75485106382978,47
23.1,2025-08-05,37.683586956521744,46
23.1,2025-08-06,27.78841304347826,46
23.1,2025-08-07,20.686086956521738,46
23.1,2025-08-08,15.973875,48
23.1,2025-08-09,22.686434782608696,46
23.1,2025-08-10,26.102086956521738,46
23.1,2025-08-11,21.683531914893617,47
23.1,2025-08-12,14.282382978723405,47
23.1,2025-08-13,8.426127659574469,47
23.1,2025-08-14,18.683577777777778,45
23.1,2025-08-15,26.701574468085106,47
23.1,2025-08-16,23.984595744680853,47
23.1,2025-08-17,16.31102083333333,48
23.1,2025-08-18,3.807288888888889,45
23.1,2025-08-19,5.49231914893617,47
23.1,2025-08-20,22.9,47
23.1,2025-08-21,3.6620208333333335,48
23.1,2025-08-22,3.40568085106383,47
23.1,2025-08-23,6.523191489361702,47
23.1,2025-08-24,5.61463829787234,47
23.1,2025-08-25,3.8555,48
23.1,2025-08-26,5.0158000000000005,45
23.1,2025-08-27,4.456979166666667,48
23.1,2025-08-28,4.298583333333333,48
23.1,2025-08-29,5.147173913043479,46
23.1,2025-08-30,3.318978723404255,47
23.1,2025-08-31,4.295282608695652,46
23.1,2025-09-01,4.036583333333334,48
23.1,2025-09-02,4.0826170212765955,47
23.1,2025-09-03,5.116340425531915,47
23.1,2025-09-04,7.859,48
23.1,2025-09-05,17.493934782608697,46
23.1,2025-09-06,7.803187500000001,48
23.1,2025-09-07,3.8794375,48
23.1,2025-09-08,6.0283125,48
23.1,2025-09-09,3.3711458333333333,48
23.1,2025-09-10,4.7415625,48
23.1,2025-09-11,6.7120212765957445,47
23.1,2025-09-12,7.9037021276595745,47
23.1,2025-09-13,7.78504255319149,47
23.1,2025-09-14,10.832437500000001,48
23.1,2025-09-15,8.104042553191489,47
23.1,2025-09-16,9.057847826086956,46
23.1,2025-09-17,10.931979166666666,48
23.1,2025-09-18,9.969148936170212,47
23.1,2025-09-19,12.861979166666666,48
23.1,2025-09-20,5.973130434782608,46
23.1,2025-09-21,8.70728888888889,45
23.1,2025-09-22,13.737,48
23.1,2025-09-23,7.280395833333333,48
23.1,2025-09-24,9.766152173913044,46
23.1,2025-09-25,20.70336170212766,47
23.1,2025-09-26,22.5106875,48
23.1,2025-09-27,10.694479166666667,48
23.1,2025-09-28,11.89708695652174,46
23.1,2025-09-29,6.790739130434782,46
23.1,2025-09-30,4.999531914893617,47
23.1,2025-10-01,2.5472954545454547,44
23.1,2025-10-02,2.4462083333333333,48
23.1,2025-10-03,5.996872340425532,47
23.1,2025-10-04,11.23725,48
23.1,2025-10-05,8.547702127659575,47
23.1,2025-10-06,5.104911111111111,45
23.1,2025-10-07,5.8879166666666665,48
23.1,2025-10-08,3.3044285714285717,42
23.1,2025-10-09,1.7755869565217393,46
23.1,2025-10-10,2.7110652173913046,46
23.1,2025-10-11,3.3962083333333335,48
23.1,2025-10-12,5.145782608695652,46
23.1,2025-10-13,3.1404680851063826,47
23.1,2025-10-14,3.6462499999999998,48
23.1,2025-10-15,2.3639130434782607,46
23.1,2025-10-16,2.2173478260869564,46
23.1,2025-10-17,3.2179791666666664,48
23.1,2025-10-18,5.463404255319149,47
23.1,2025-10-19,8.870229166666666,48
23.1,2025-10-20,4.1851,40
23.1,2025-10-21,3.4296521739130434,46
23.1,2025-10-22,2.722311111111111,45
23.1,2025-10-23,3.2226170212765957,47
23.1,2025-10-24,3.2043125,48
23.1,2025-10-25,4.1941304347826085,46
23.1,2025-10-26,3.1797954545454545,44
23.1,2025-10-27,2.826431818181818,44
23.1,2025-10-28,2.6803260869565215,46
23.1,2025-10-29,3.2391041666666665,48
23.1,2025-10-30,3.1800869565217393,46
23.1,2025-12-25,21.437976744186045,43
23.1,2025-12-26,11.989975609756097,41
23.1,2025-12-27,19.9636,40
23.1,2025-12-28,34.07037209302325,43
23.1,2025-12-29,4.930857142857143,42
23.1,2025-12-30,4.386434782608696,46
23.1,2025-12-31,11.954239130434782,46
24.1_1.2,2024-11-09,2.1589347826086955,46
24.1_1.2,2024-11-10,11.238695652173913,46
24.1_1.2,2024-11-11,4.710627906976744,43
24.1_1.2,2024-11-12,1.2843023255813952,43
24.1_1.2,2024-11-13,2.7228444444444446,45
24.1_1.2,2024-11-14,3.097688888888889,45
24.1_1.2,2024-11-15,18.13025,48
24.1_1.2,2024-11-16,3.6261111111111113,45
24.1_1.2,2024-11-17,8.655190476190477,42
24.1_1.2,2024-11-18,20.446391304347827,46
24.1_1.2,2024-11-19,13.026847826086957,46
24.1_1.2,2024-11-20,6.337553191489362,47
24.1_1.2,2024-11-21,4.038,46
24.1_1.2,2024-11-22,8.303933333333333,45
24.1_1.2,2024-11-23,2.6443829787234043,47
24.1_1.2,2024-11-24,14.447893617021276,47
24.1_1.2,2024-11-25,12.308488888888888,45
24.1_1.2,2024-11-26,10.398463414634147,41
24.1_1.2,2024-11-27,6.1949069767441856,43
24.1_1.2,2024-11-28,7.933477272727273,44
24.1_1.2,2024-11-29,8.152478260869565,46
24.1_1.2,2024-11-30,7.6455652173913045,46
24.1_1.2,2024-12-01,6.419531914893618,47
24.1_1.2,2024-12-02,11.113152173913043,46
24.1_1.2,2024-12-03,12.156333333333334,45
24.1_1.2,2024-12-04,12.743133333333333,45
24.1_1.2,2024-12-05,5.204191489361702,47
24.1_1.2,2024-12-06,2.9675777777777776,45
24.1_1.2,2024-12-07,4.005021276595745,47
24.1_1.2,2024-12-08,6.176733333333333,45
24.1_1.2,2024-12-09,8.705270833333334,48
24.1_1.2,2024-12-10,40.44831111111111,45
24.1_1.2,2024-12-11,30.601045454545456,44
24.1_1.2,2024-12-12,6.35202380952381,42
24.1_1.2,2024-12-13,5.010431818181818,44
24.1_1.2,2024-12-14,7.270958333333334,48
24.1_1.2,2024-12-17,13.201804878048781,41
24.1_1.2,2024-12-18,40.36304347826087,46
24.1_1.2,2024-12-19,7.276357142857143,42
24.1_1.2,2024-12-20,15.351711111111111,45
24.1_1.2,2024-12-21,2.093444444444444,45
24.1_1.2,2024-12-22,2.297311111111111,45
24.1_1.2,2024-12-23,5.622238095238095,42
24.1_1.2,2024-12-24,24.10504761904762,42
24.1_1.2,2024-12-25,23.633770833333333,48
24.1_1.2,2024-12-26,11.628065217391304,46
24.1_1.2,2024-12-27,10.871125,48
24.1_1.2,2024-12-28,5.009309523809524,42
24.1_1.2,2024-12-30,4.162609756097561,41
24.1_1.2,2025-01-01,6.478810810810811,37
24.1_1.2,2025-01-02,9.72159090909091,44
24.1_1.2,2025-01-03,9.857933333333333,45
24.1_1.2,2025-01-04,2.2334583333333335,48
24.1_1.2,2025-01-05,7.553914893617021,47
24.1_1.2,2025-01-06,6.928446808510638,47
24.1_1.2,2025-01-07,2.109477272727273,44
24.1_1.2,2025-01-08,2.236063829787234,47
24.1_1.2,2025-01-09,2.4137391304347826,46
24.1_1.2,2025-01-10,11.97551111111111,45
24.1_1.2,2025-01-11,30.070520833333333,48
24.1_1.2,2025-01-12,22.56718181818182,44
24.1_1.2,2025-01-13,7.3270888888888885,45
24.1_1.2,2025-01-14,5.865318181818182,44
24.1_1.2,2025-01-15,6.918066666666666,45
24.1_1.2,2025-01-16,21.23678048780488,41
24.1_1.2,2025-01-17,26.542688888888886,45
24.1_1.2,2025-01-18,7.132020833333333,48
24.1_1.2,2025-01-19,1.9825416666666666,48
24.1_1.2,2025-01-20,3.457568181818182,44
24.1_1.2,2025-01-21,3.9240232558139536,43
24.1_1.2,2025-01-22,3.175,43
24.1_1.2,2025-01-23,9.019121951219512,41
24.1_1.2,2025-01-24,5.962045454545454,44
24.1_1.2,2025-01-25,11.177083333333334,48
24.1_1.2,2025-01-26,8.572531914893618,47
24.1_1.2,2025-01-27,4.910204545454546,44
24.1_1.2,2025-01-28,4.061209302325581,43
24.1_1.2,2025-01-29,3.8582608695652176,46
24.1_1.2,2025-01-30,6.1571702127659576,47
24.1_1.2,2025-02-01,7.440261904761907,42
24.1_1.2,2025-02-02,4.371769230769231,39
24.1_1.2,2025-02-04,11.83974358974359,39
24.1_1.2,2025-02-05,2.6693617021276594,47
24.1_1.2,2025-02-06,14.733799999999999,40
24.1_1.2,2025-02-07,4.763108695652174,46
24.1_1.2,2025-02-08,9.688893617021277,47
24.1_1.2,2025-02-10,7.382510638297872,47
24.1_1.2,2025-02-11,18.419555555555554,45
24.1_1.2,2025-02-12,22.85304255319149,47
24.1_1.2,2025-02-14,8.389333333333333,48
24.1_1.2,2025-02-18,3.1468095238095235,42
24.1_1.2,2025-02-19,2.501808510638298,47
24.1_1.2,2025-02-20,4.796297872340426,47
24.1_1.2,2025-02-21,2.6535555555555557,45
24.1_1.2,2025-02-22,12.610787234042553,47
24.1_1.2,2025-02-23,10.491425531914894,47
24.1_1.2,2025-02-24,10.499891304347827,46
24.1_1.2,2025-02-25,9.534813953488372,43
24.1_1.2,2025-02-26,17.304574468085107,47
24.1_1.2,2025-03-01,2.0753829787234044,47
24.1_1.2,2025-03-02,2.6262857142857143,42
24.1_1.2,2025-03-03,6.539136363636364,44
24.1_1.2,2025-03-04,5.5750625,48
24.1_1.2,2025-03-05,4.051452380952381,42
24.1_1.2,2025-03-06,1.9392444444444443,45
24.1_1.2,2025-03-07,6.198510638297872,47
24.1_1.2,2025-03-08,8.079447368421052,38
24.1_1.2,2025-03-09,4.931659574468085,47
24.1_1.2,2025-03-10,4.819875,48
24.1_1.2,2025-03-11,4.653276595744681,47
24.1_1.2,2025-03-12,2.160833333333333,48
24.1_1.2,2025-03-13,6.080720930232558,43
24.1_1.2,2025-03-14,9.752155555555555,45
24.1_1.2,2025-03-15,9.062837209302325,43
24.1_1.2,2025-03-17,2.6541063829787235,47
24.1_1.2,2025-03-18,4.683934782608696,46
24.1_1.2,2025-03-19,4.522956521739131,46
24.1_1.2,2025-03-20,3.085853658536585,41
24.1_1.2,2025-03-21,2.7242916666666668,48
24.1_1.2,2025-03-22,3.0619791666666667,48
24.1_1.2,2025-03-23,4.757541666666667,48
24.1_1.2,2025-03-24,5.7527234042553195,47
24.1_1.2,2025-03-25,5.531173913043478,46
24.1_1.2,2025-03-26,3.240291666666667,48
24.1_1.2,2025-03-27,5.277155555555556,45
24.1_1.2,2025-03-28,10.544260869565218,46
24.1_1.2,2025-03-29,9.16075,48
24.1_1.2,2025-03-31,3.778486486486486,37
24.1_1.2,2025-04-01,2.8943617021276595,47
24.1_1.2,2025-04-02,5.166978260869565,46
24.1_1.2,2025-04-03,3.7754285714285714,42
24.1_1.2,2025-04-04,2.632833333333333,48
24.1_1.2,2025-04-06,9.054489361702128,47
24.1_1.2,2025-04-07,6.4462553191489365,47
24.1_1.2,2025-04-08,2.661363636363636,44
24.1_1.2,2025-04-09,5.362333333333333,48
24.1_1.2,2025-04-10,16.580893617021278,47
24.1_1.2,2025-04-11,14.9738125,48
24.1_1.2,2025-04-12,8.577125,40
24.1_1.2,2025-04-13,6.797446808510639,47
24.1_1.2,2025-04-14,4.419239130434783,46
24.1_1.2,2025-04-15,1.6906956521739132,46
24.1_1.2,2025-04-16,2.6974347826086955,46
24.1_1.2,2025-04-17,8.220872340425531,47
24.1_1.2,2025-04-18,5.364148936170213,47
24.1_1.2,2025-04-19,10.32445652173913,46
24.1_1.2,2025-04-20,3.8824680851063835,47
24.1_1.2,2025-04-21,4.8056086956521735,46
24.1_1.2,2025-04-22,2.0235833333333333,48
24.1_1.2,2025-04-23,3.2828478260869565,46
24.1_1.2,2025-04-24,4.470434782608696,46
24.1_1.2,2025-04-25,5.3728510638297875,47
24.1_1.2,2025-04-26,13.220688888888889,45
24.1_1.2,2025-04-27,5.282531914893617,47
24.1_1.2,2025-04-28,3.743382978723404,47
24.1_1.2,2025-04-29,6.243382978723404,47
24.1_1.2,2025-04-30,1.9132340425531915,47
24.1_1.2,2025-05-01,4.385818181818181,44
24.1_1.2,2025-05-02,8.611531914893618,47
24.1_1.2,2025-05-03,13.810478260869566,46
24.1_1.2,2025-05-06,5.458428571428572,42
24.1_1.2,2025-05-07,12.262541666666667,48
24.1_1.2,2025-05-08,7.19925,48
24.1_1.2,2025-05-09,6.4228695652173915,46
24.1_1.2,2025-05-10,4.518645833333333,48
24.1_1.2,2025-05-11,3.8895,48
24.1_1.2,2025-05-12,4.898340425531915,47
24.1_1.2,2025-05-13,3.3347777777777776,45
24.1_1.2,2025-05-14,1.772159090909091,44
24.1_1.2,2025-05-15,6.513229166666667,48
24.1_1.2,2025-05-16,6.603638297872341,47
24.1_1.2,2025-05-17,3.643,46
24.1_1.2,2025-05-18,5.792022222222222,45
24.1_1.2,2025-05-19,4.724044444444443,45
24.1_1.2,2025-05-20,3.944173913043478,46
24.1_1.2,2025-05-21,8.430760869565217,46
24.1_1.2,2025-05-23,1.4063571428571429,42
24.1_1.2,2025-05-24,1.1559777777777778,45
24.1_1.2,2025-05-25,4.728787234042553,47
24.1_1.2,2025-05-26,5.171510638297872,47
24.1_1.2,2025-05-27,3.4821041666666668,48
24.1_1.2,2025-05-28,2.188829268292683,41
24.1_1.2,2025-05-29,13.46968888888889,45
24.1_1.2,2025-05-30,11.214270833333334,48
24.1_1.2,2025-05-31,8.125733333333333,45
24.1_1.2,2025-06-01,5.647374999999999,40
24.1_1.2,2025-06-02,3.522913043478261,46
24.1_1.2,2025-06-03,6.898533333333334,45
24.1_1.2,2025-06-04,24.464886363636364,44
24.1_1.2,2025-06-05,25.54971111111111,45
24.1_1.2,2025-06-06,43.69570833333333,48
24.1_1.2,2025-06-07,44.69266666666667,45
24.1_1.2,2025-06-08,37.35091111111111,45
24.1_1.2,2025-06-09,21.370826086956523,46
24.1_1.2,2025-06-10,9.895765957446809,47
24.1_1.2,2025-06-11,14.022977777777777,45
24.1_1.2,2025-06-12,21.741255319148937,47
24.1_1.2,2025-06-13,19.812266666666666,45
24.1_1.2,2025-06-14,10.97927027027027,37
24.1_1.2,2025-06-15,11.255075,40
24.1_1.2,2025-06-16,9.029458333333334,48
24.1_1.2,2025-06-17,11.1630625,48
24.1_1.2,2025-06-18,8.0249375,48
24.1_1.2,2025-06-20,8.464195652173913,46
24.1_1.2,2025-06-21,9.517291666666667,48
24.1_1.2,2025-06-22,8.59775,48
24.1_1.2,2025-06-23,7.61775,48
24.1_1.2,2025-06-24,8.280630434782609,46
24.1_1.2,2025-06-25,11.196021276595744,47
24.1_1.2,2025-06-26,16.09028888888889,45
24.1_1.2,2025-06-27,11.084958333333333,48
24.1_1.2,2025-06-28,9.040468085106383,47
24.1_1.2,2025-06-29,5.799979166666667,48
24.1_1.2,2025-06-30,9.11336170212766,47
24.1_1.2,2025-07-01,7.381297872340426,47
24.1_1.2,2025-07-02,6.546354166666666,48
24.1_1.2,2025-07-03,18.754659574468086,47
24.1_1.2,2025-07-04,17.217875,48
24.1_1.2,2025-07-05,17.480372093023256,43
24.1_1.2,2025-07-06,9.684854166666666,48
24.1_1.2,2025-07-07,9.079869565217392,46
24.1_1.2,2025-07-08,13.766340425531915,47
24.1_1.2,2025-07-09,19.584533333333333,45
24.1_1.2,2025-07-10,18.899787234042552,47
24.1_1.2,2025-07-11,13.149851063829788,47
24.1_1.2,2025-07-12,8.336958333333333,48
24.1_1.2,2025-07-13,5.566708333333334,48
24.1_1.2,2025-07-14,20.977854166666667,48
24.1_1.2,2025-07-15,33.71038636363637,44
24.1_1.2,2025-07-16,30.635304347826086,46
24.1_1.2,2025-07-17,9.255021276595745,47
24.1_1.2,2025-07-18,1.7401063829787233,47
24.1_1.2,2025-07-19,3.03825,48
24.1_1.2,2025-07-20,6.235488372093023,43
24.1_1.2,2025-07-21,20.05713043478261,46
24.1_1.2,2025-07-22,4.0405,46
24.1_1.2,2025-07-23,3.3638666666666666,45
24.1_1.2,2025-07-24,14.528425531914895,47
24.1_1.2,2025-07-25,11.221021739130435,46
24.1_1.2,2025-07-26,11.451644444444444,45
24.1_1.2,2025-07-27,9.492458333333333,48
24.1_1.2,2025-07-28,10.728891304347826,46
24.1_1.2,2025-07-29,7.407840909090909,44
24.1_1.2,2025-07-31,39.1805,36
24.1_1.2,2025-08-01,16.0476,45
24.1_1.2,2025-08-02,7.291312499999999,48
24.1_1.2,2025-08-03,12.770239130434783,46
24.1_1.2,2025-08-04,41.45661702127659,47
24.1_1.2,2025-08-05,35.0063125,48
24.1_1.2,2025-08-06,25.638955555555555,45
24.1_1.2,2025-08-07,18.454232558139534,43
24.1_1.2,2025-08-08,14.948441860465115,43
24.1_1.2,2025-08-09,21.581422222222223,45
24.1_1.2,2025-08-10,23.33375,44
24.1_1.2,2025-08-11,18.57842857142857,42
24.1_1.2,2025-08-12,12.78891489361702,47
24.1_1.2,2025-08-13,6.359340425531915,47
24.1_1.2,2025-08-14,17.93575,48
24.1_1.2,2025-08-15,29.268666666666668,45
24.1_1.2,2025-08-16,19.051644444444445,45
24.1_1.2,2025-08-17,12.667577777777778,45
24.1_1.2,2025-08-18,3.0094583333333333,48
24.1_1.2,2025-08-19,5.324431818181818,44
24.1_1.2,2025-08-30,1.9703695652173914,46
24.1_1.2,2025-08-31,3.896,46
24.1_1.2,2025-09-01,3.718717391304348,46
24.1_1.2,2025-09-02,3.562,45
24.1_1.2,2025-09-03,3.95655,40
24.1_1.2,2025-09-04,5.888395833333333,48
24.1_1.2,2025-09-05,12.062872340425532,47
24.1_1.2,2025-09-06,3.2556956521739133,46
24.1_1.2,2025-09-07,2.6041666666666665,48
24.1_1.2,2025-09-08,3.1472045454545454,44
24.1_1.2,2025-09-09,2.362645833333333,48
24.1_1.2,2025-09-10,3.111891304347826,46
24.1_1.2,2025-09-11,4.841957446808511,47
24.1_1.2,2025-09-12,8.754911111111111,45
24.1_1.2,2025-09-13,8.194217391304347,46
24.1_1.2,2025-09-14,11.8452,45
24.1_1.2,2025-09-15,9.59963043478261,46
24.1_1.2,2025-09-16,9.077021276595746,47
24.1_1.2,2025-09-17,11.1946875,48
24.1_1.2,2025-09-18,10.730244444444445,45
24.1_1.2,2025-09-19,10.72272340425532,47
24.1_1.2,2025-09-20,3.3096666666666663,48
24.1_1.2,2025-09-21,6.9591111111111115,45
24.1_1.2,2025-09-22,11.255208333333334,48
24.1_1.2,2025-10-25,0.055772727272727265,44
24.1_1.2,2025-10-26,0,48
24.1_1.2,2025-10-27,1.4532553191489361,47
25.1,2025-01-04,3.0810789473684213,38
25.1,2025-01-14,5.484883720930233,43
25.1,2025-01-21,4.738487179487179,39
25.1,2025-01-22,3.987731707317073,41
25.1,2025-01-24,5.428717948717948,39
25.1,2025-01-25,11.675416666666667,36
25.1,2025-02-04,10.978756756756757,37
25.1,2025-02-23,9.118648648648648,37
25.1,2025-04-24,7.5692702702702706,37
25.1,2025-05-16,7.089583333333334,36
25.1,2025-06-04,21.969948717948718,39
25.1,2025-06-05,28.103236842105265,38
25.1,2025-06-21,8.56871794871795,39
25.1,2025-06-22,7.127621621621622,37
25.1,2025-06-24,8.044131578947368,38
25.1,2025-06-25,10.415384615384616,39
25.1,2025-06-26,10.86955,40
25.1,2025-06-27,8.435487804878049,41
25.1,2025-06-28,8.25457894736842,38
25.1,2025-06-29,4.591904761904762,42
25.1,2025-06-30,8.224055555555555,36
25.1,2025-07-01,6.069527777777778,36
25.1,2025-07-02,9.816589743589743,39
25.1,2025-07-05,20.458025641025642,39
25.1,2025-07-06,9.012538461538462,39
25.1,2025-07-12,8.25525,36
25.1,2025-07-15,32.98744444444444,36
25.1,2025-07-16,30.520102564102565,39
25.1,2025-07-24,12.653025,40
25.1,2025-07-25,10.067972222222222,36
25.1,2025-07-26,8.78881081081081,37
25.1,2025-08-16,16.819666666666667,39
25.1,2025-09-19,11.5008,40
25.1,2025-09-20,3.255333333333333,39
25.1,2025-10-05,6.944,41
25.1,2025-10-12,4.963075,40
25.1,2025-10-18,4.538692307692307,39
25.1,2025-11-02,12.507594594594595,37
25.1,2025-11-28,3.035361111111111,36
25.1,2025-12-08,2.892142857142857,42
25.1,2025-12-20,5.341675675675676,37
27.1,2024-11-19,18.280184210526315,38
27.1,2024-11-24,14.627815789473685,38
27.1,2024-11-25,14.82675,36
27.1,2024-11-29,7.748230769230769,39
27.1,2024-12-01,6.410439024390244,41
27.1,2024-12-03,14.566815789473685,38
27.1,2024-12-04,14.530658536585365,41
27.1,2024-12-05,5.25245,40
27.1,2024-12-06,2.956783783783784,37
27.1,2024-12-07,4.750638888888889,36
27.1,2024-12-08,6.765,37
27.1,2024-12-13,4.823052631578947,38
27.1,2024-12-18,37.82521052631579,38
27.1,2024-12-20,15.788638888888888,36
27.1,2024-12-22,3.8145641025641024,39
27.1,2025-01-04,2.6469285714285715,42
27.1,2025-01-05,6.598761904761905,42
27.1,2025-01-06,6.743525,40
27.1,2025-01-07,2.189225,40
27.1,2025-01-08,2.588,40
27.1,2025-01-10,15.689486486486485,37
27.1,2025-01-14,6.80575,44
27.1,2025-01-21,3.662128205128205,39
27.1,2025-01-22,3.997767441860465,43
27.1,2025-01-24,5.419162162162162,37
27.1,2025-01-25,11.670722222222222,36
27.1,2025-01-26,6.893972972972973,37
27.1,2025-01-28,5.033384615384615,39
27.1,2025-01-30,5.856073170731707,41
27.1,2025-02-02,9.367722222222222,36
27.1,2025-02-05,3.0024615384615383,39
27.1,2025-02-07,5.256722222222222,36
27.1,2025-02-08,8.217405405405405,37
27.1,2025-02-17,3.588093023255814,43
27.1,2025-02-18,3.065763157894737,38
27.1,2025-02-19,3.0733243243243242,37
27.1,2025-02-22,13.403025641025641,39
27.1,2025-02-23,9.63063157894737,38
27.1,2025-02-24,12.980162162162163,37
27.1,2025-04-23,4.14375,36
27.1,2025-04-24,6.7232972972972975,37
27.1,2025-04-29,6.417722222222222,36
27.1,2025-05-10,4.07928947368421,38
27.1,2025-05-13,3.3421315789473685,38
27.1,2025-05-15,7.700833333333334,36
27.1,2025-05-16,6.55227027027027,37
27.1,2025-05-20,4.537108108108108,37
27.1,2025-06-02,4.890487179487179,39
27.1,2025-06-04,24.979756756756757,37
27.1,2025-06-05,27.905073170731708,41
27.1,2025-06-06,44.743722222222225,36
27.1,2025-06-08,40.94802564102564,39
27.1,2025-06-11,14.319552631578947,38
27.1,2025-06-12,21.764552631578947,38
27.1,2025-06-19,6.000083333333333,48
27.1,2025-06-20,7.642857142857143,42
27.1,2025-06-22,8.962833333333334,48
27.1,2025-06-23,7.762446808510639,47
27.1,2025-06-24,8.25904255319149,47
27.1,2025-06-25,11.168956521739132,46
27.1,2025-06-26,12.609363636363637,44
27.1,2025-06-27,10.899695652173913,46
27.1,2025-06-28,8.523659574468086,47
27.1,2025-06-29,5.459404255319149,47
27.1,2025-06-30,9.732727272727272,44
28.1,2024-12-05,6.304937500000001,48
28.1,2024-12-06,5.386782608695652,46
28.1,2024-12-07,5.112875,48
28.1,2024-12-08,7.297625,48
28.1,2024-12-09,10.1102,45
28.1,2024-12-10,45.22936956521739,46
28.1,2024-12-11,34.498937500000004,48
28.1,2024-12-12,6.849166666666666,48
28.1,2024-12-13,5.031673913043478,46
28.1,2024-12-14,10.457666666666666,48
28.1,2024-12-15,20.7176875,48
28.1,2024-12-16,26.645255319148937,47
28.1,2024-12-17,12.197021276595745,47
28.1,2024-12-18,49.93718604651163,43
28.1,2024-12-19,7.7681666666666676,48
28.1,2024-12-20,22.4511914893617,47
28.1,2024-12-21,2.6774375000000004,48
28.1,2024-12-22,3.3126458333333333,48
28.1,2024-12-23,6.665916666666667,48
28.1,2024-12-24,24.000688888888888,45
28.1,2024-12-25,31.465854166666666,48
28.1,2024-12-26,15.235145833333334,48
28.1,2024-12-27,14.254162790697675,43
28.1,2024-12-28,6.8037777777777775,45
28.1,2024-12-29,13.38890909090909,44
28.1,2024-12-30,5.405666666666667,48
28.1,2024-12-31,14.058979166666667,48
28.1,2025-01-01,11.903,45
28.1,2025-01-02,9.781020833333333,48
28.1,2025-01-03,12.154787234042553,47
28.1,2025-01-04,4.0754166666666665,48
28.1,2025-01-05,9.112488888888889,45
28.1,2025-01-06,9.08325,44
28.1,2025-01-07,2.5251702127659574,47
28.1,2025-01-08,3.4050833333333337,48
28.1,2025-01-09,3.1017272727272727,44
28.1,2025-01-10,15.436063829787235,47
28.1,2025-01-11,34.553063829787234,47
28.1,2025-01-12,31.803355555555555,45
28.1,2025-01-13,8.746102564102564,39
28.1,2025-01-14,7.325765957446809,47
28.1,2025-01-15,7.735957446808511,47
28.1,2025-01-16,21.821,47
28.1,2025-01-17,35.88063888888889,36
28.1,2025-01-18,6.0580869565217395,46
28.1,2025-01-19,3.819434782608696,46
28.1,2025-01-20,4.481152173913044,46
28.1,2025-01-21,4.692833333333334,48
28.1,2025-01-22,4.919791666666667,48
28.1,2025-01-23,10.822977777777778,45
28.1,2025-01-24,7.165617021276596,47
28.1,2025-01-25,14.995127659574468,47
28.1,2025-01-26,8.582851063829787,47
28.1,2025-01-27,5.7823863636363635,44
28.1,2025-01-28,6.024756097560975,41
28.1,2025-01-29,5.047575,40
28.1,2025-01-30,6.866119047619048,42
28.1,2025-01-31,24.577500000000004,36
28.1,2025-02-01,19.536217391304348,46
28.1,2025-02-02,10.277958333333334,48
28.1,2025-02-03,49.88644186046512,43
28.1,2025-02-04,16.679382978723403,47
28.1,2025-02-05,2.908666666666667,48
28.1,2025-02-06,19.61822727272727,44
28.1,2025-02-07,6.246021739130435,46
28.1,2025-02-08,12.173333333333334,48
28.1,2025-02-09,19.560255319148936,47
28.1,2025-02-10,8.47,45
28.1,2025-02-11,24.28771111111111,45
28.1,2025-02-12,29.7515,40
28.1,2025-02-13,25.182431818181815,44
28.1,2025-02-14,9.63695744680851,47
28.1,2025-02-15,19.2781875,48
28.1,2025-02-16,30.626468085106385,47
28.1,2025-02-17,4.138541666666667,48
28.1,2025-02-18,3.8769375,48
28.1,2025-02-19,3.8145,48
28.1,2025-02-20,6.332307692307692,39
28.1,2025-02-21,3.44531914893617,47
28.1,2025-02-22,16.124347826086957,46
28.1,2025-02-23,10.832976744186047,43
28.1,2025-02-24,12.802575,40
28.1,2025-02-25,10.248822222222222,45
28.1,2025-02-26,18.48928205128205,39
28.1,2025-02-28,8.343076923076923,39
28.1,2025-03-01,2.6630434782608696,46
28.1,2025-03-02,3.524872340425532,47
28.1,2025-03-03,7.314702127659575,47
28.1,2025-03-04,6.4357999999999995,40
28.1,2025-03-05,4.94359090909091,44
28.1,2025-03-06,2.071093023255814,43
28.1,2025-03-07,6.055977272727272,44
28.1,2025-03-08,15.095487804878049,41
28.1,2025-03-09,5.670395348837209,43
28.1,2025-03-10,4.952,46
28.1,2025-03-11,5.308318181818182,44
28.1,2025-03-12,3.506925,40
28.1,2025-03-13,8.667454545454545,44
28.1,2025-03-14,11.983431818181819,44
28.1,2025-03-15,12.159936170212767,47
28.1,2025-03-16,8.416272727272727,44
28.1,2025-03-17,4.011425,40
28.1,2025-03-18,6.086354166666666,48
28.1,2025-03-19,5.906395833333333,48
28.1,2025-03-20,4.042232558139535,43
28.1,2025-03-21,3.0118636363636364,44
28.1,2025-03-22,4.313979166666667,48
28.1,2025-03-23,6.052,48
28.1,2025-03-24,6.9949375,48
28.1,2025-03-25,7.1115,44
28.1,2025-03-26,3.6731249999999998,48
28.1,2025-03-27,6.138659574468085,47
28.1,2025-03-28,12.155093023255814,43
28.1,2025-03-29,11.784145833333334,48
28.1,2025-03-30,13.282930232558138,43
28.1,2025-03-31,5.603791666666667,48
28.1,2025-04-01,4.907354166666666,48
28.1,2025-04-02,6.002395348837209,43
28.1,2025-04-03,4.026021276595745,47
28.1,2025-04-04,3.6986666666666665,48
28.1,2025-04-06,14.117282608695652,46
28.1,2025-04-07,8.123391304347827,46
28.1,2025-04-08,3.1157555555555554,45
28.1,2025-04-09,5.34904347826087,46
28.1,2025-04-10,26.68051063829787,47
28.1,2025-04-11,16.348883720930232,43
28.1,2025-04-12,8.2245681818181815,44
28.1,2025-04-13,9.906250000000002,48
28.1,2025-04-14,4.844478260869566,46
28.1,2025-04-15,2.6363404255319147,47
28.1,2025-04-16,3.5000652173913043,46
28.1,2025-04-17,6.479808510638298,47
28.1,2025-04-18,5.864340425531915,47
28.1,2025-04-19,11.488416666666666,48
28.1,2025-04-20,5.912895833333334,48
28.1,2025-04-21,4.602340425531915,47
28.1,2025-04-22,2.2498604651162792,43
28.1,2025-04-23,4.125595744680851,47
28.1,2025-04-24,6.609652173913044,46
28.1,2025-04-25,7.692116279069768,43
28.1,2025-04-27,4.41763829787234,47
28.1,2025-04-28,4.4510625,48
28.1,2025-04-29,7.7755833333333335,48
28.1,2025-04-30,2.1275405405405405,37
28.1,2025-05-01,6.2359148936170214,47
28.1,2025-05-02,7.626195652173913,46
28.1,2025-05-03,15.611066666666668,45
28.1,2025-05-04,9.298829787234043,47
28.1,2025-07-17,2.380813953488372,43
28.1,2025-07-18,1.173046511627907,43
28.1,2025-07-19,1.8998666666666666,45
28.1,2025-07-20,2.2290625,48
28.1,2025-07-21,4.691325581395349,43
28.1,2025-07-22,2.0510444444444444,45
28.1,2025-07-23,2.0505581395348838,43
28.1,2025-07-24,3.8562439024390245,41
28.1,2025-07-25,3.5941428571428573,42
28.1,2025-07-26,2.9870697674418603,43
28.1,2025-07-27,2.418318181818182,44
28.1,2025-07-28,2.3964651162790696,43
28.1,2025-07-29,2.6382826086956523,46
28.1,2025-07-30,3.1833541666666667,48
28.1,2025-08-07,4.22372340425532,47
28.1,2025-08-08,3.7015,48
28.1,2025-08-09,4.631431818181818,44
28.1,2025-08-10,5.546878048780488,41
28.1,2025-08-11,4.403951219512195,41
28.1,2025-08-12,3.309282608695652,46
28.1,2025-08-13,2.209595238095238,42
28.1,2025-08-14,3.4598085106382976,47
28.1,2025-08-15,5.633152173913044,46
28.1,2025-08-16,4.63029268292683,41
28.1,2025-08-17,3.7914864864864866,37
28.1,2025-08-18,2.1015116279069765,43
28.1,2025-08-19,1.9178958333333334,48
28.1,2025-08-20,3.9112,40
28.1,2025-08-21,1.7766666666666666,36
28.1,2025-10-04,2.760891304347826,46
28.1,2025-10-05,2.632688888888889,45
28.1,2025-10-06,2.0125531914893617,47
28.1,2025-10-07,1.8238297872340425,47
28.1,2025-10-08,1.658975,40
28.1,2025-10-09,1.5757659574468086,47
28.1,2025-10-10,1.6515365853658537,41
28.1,2025-10-11,1.5501041666666666,48
28.1,2025-10-12,2.5310212765957445,47
28.1,2025-10-13,2.0493720930232557,43
28.1,2025-10-14,2.184525,40
28.1,2025-10-15,1.2695999999999998,40
28.1,2025-10-16,1.1863636363636365,44
28.1,2025-10-17,1.6846136363636364,44
28.1,2025-10-18,2.0238095238095237,42
28.1,2025-10-19,2.5995813953488374,43
28.1,2025-10-20,1.3374054054054054,37
28.1,2025-10-21,2.021,39
28.1,2025-10-22,1.5130000000000001,47
28.1,2025-10-23,1.8179583333333333,48
28.1,2025-10-24,1.379288888888889,45
28.1,2025-10-25,1.8431739130434783,46
28.1,2025-10-26,1.8511304347826087,46
28.1,2025-10-27,1.7914864864864866,37
28.1,2025-10-28,1.9306222222222222,45
28.1,2025-10-29,2.1001904761904764,42
28.1,2025-10-30,1.8580444444444444,45
28.1,2025-10-31,1.8148863636363637,44
28.1,2025-11-01,2.8025116279069766,43
28.1,2025-11-02,4.229391304347826,46
28.1,2025-11-03,2.9719772727272726,44
28.1,2025-11-04,1.7586,45
28.1,2025-11-05,1.8018157894736841,38
28.1,2025-11-06,1.1988478260869566,46
28.1,2025-11-07,2.9318695652173914,46
28.1,2025-11-08,3.0090851063829787,47
28.1,2025-11-09,2.4224,45
28.1,2025-11-10,1.1328863636363637,44
28.1,2025-11-11,1.823875,48
28.1,2025-11-12,2.2778478260869566,46
28.1,2025-11-13,1.9063863636363636,44
28.1,2025-11-14,2.244075,40
28.1,2025-11-15,3.4147173913043476,46
28.1,2025-11-16,1.7807380952380953,42
28.1,2025-11-17,1.1578205128205128,39
28.1,2025-11-18,3.107276595744681,47
28.1,2025-11-19,3.618851063829787,47
28.1,2025-11-20,5.084065217391304,46
28.1,2025-11-21,5.568829787234042,47
28.1,2025-11-22,4.447729166666667,48
28.1,2025-11-23,2.8046382978723403,47
28.1,2025-11-24,2.2804444444444445,45
28.1,2025-11-25,2.4398333333333335,48
28.1,2025-11-26,2.8030425531914895,47
28.1,2025-11-27,2.0829756097560974,41
28.1,2025-11-28,2.1443243243243244,37
28.1,2025-11-29,2.2175454545454545,44
28.1,2025-11-30,2.5478723404255317,47
28.1,2025-12-01,1.8843953488372094,43
28.1,2025-12-02,3.5546279069767444,43
28.1,2025-12-03,4.696,45
28.1,2025-12-04,3.9528809523809523,42
28.1,2025-12-05,2.615139534883721,43
28.1,2025-12-06,6.022263157894737,38
28.1,2025-12-07,4.716936170212766,47
28.1,2025-12-08,1.8520975609756098,41
28.1,2025-12-09,2.3663617021276595,47
28.1,2025-12-10,2.7964358974358974,39
28.1,2025-12-11,1.1261025641025642,39
28.1,2025-12-12,2.0719375,48
28.1,2025-12-13,3.7918372093023254,43
28.1,2025-12-14,1.1675526315789473,38
28.1,2025-12-15,2.1426170212765956,47
28.1,2025-12-16,2.6003777777777777,45
28.1,2025-12-17,2.9949761904761907,42
28.1,2025-12-18,3.7967272727272725,44
28.1,2025-12-20,2.2763,40
28.1,2025-12-21,2.077021739130435,46
28.1,2025-12-22,2.4956,40
28.1,2025-12-23,4.235948717948718,39
28.1,2025-12-24,4.744595238095238,42
28.1,2025-12-25,4.533418604651163,43
28.1,2025-12-27,2.570625,40
28.1,2025-12-29,2.0694,45
28.1,2025-12-30,0.7742083333333332,48
28.1,2025-12-31,3.4695675675675677,37
29.1,2025-05-10,4.213541666666667,48
29.1,2025-05-11,4.26825,48
29.1,2025-05-12,5.2234375,48
29.1,2025-05-13,6.503625,48
29.1,2025-05-14,1.7922083333333334,48
29.1,2025-05-15,10.18425,48
29.1,2025-05-16,9.130125,48
29.1,2025-05-17,3.4132083333333334,48
29.1,2025-05-18,3.8486458333333333,48
29.1,2025-05-19,7.065979166666666,48
29.1,2025-05-20,5.699458333333333,48
29.1,2025-05-21,19.944909090909093,44
29.1,2025-05-22,11.715021276595746,47
29.1,2025-05-23,4.047958333333333,48
29.1,2025-05-24,1.3759375,48
29.1,2025-05-25,6.622812500000001,48
29.1,2025-05-26,12.799854166666668,48
29.1,2025-05-27,4.4171875,48
29.1,2025-05-28,2.7804583333333333,48
29.1,2025-05-29,17.84872916666667,48
29.1,2025-05-30,11.059791666666667,48
29.1,2025-05-31,8.540875,48
29.1,2025-06-01,7.018437499999999,48
29.1,2025-06-02,3.767770833333333,48
29.1,2025-06-03,7.5800624999999995,48
29.1,2025-06-04,28.285666666666668,48
29.1,2025-06-05,26.751875,48
29.1,2025-06-06,49.924791666666664,48
29.1,2025-06-07,52.9715625,48
29.1,2025-06-08,43.85272916666667,48
29.1,2025-06-09,23.809395833333333,48
29.1,2025-06-10,10.504083333333334,48
29.1,2025-06-11,14.882666666666667,48
29.1,2025-06-12,21.838833333333334,48
29.1,2025-06-13,23.464458333333333,48
29.1,2025-06-14,22.298365853658535,41
29.1,2025-06-15,12.246020833333333,48
29.1,2025-06-16,9.864104166666666,48
29.1,2025-06-17,15.005020833333333,48
29.1,2025-06-18,10.286395833333334,48
29.1,2025-06-19,5.6885208333333335,48
29.1,2025-06-20,8.537708333333333,48
29.1,2025-06-21,11.593340425531915,47
29.1,2025-06-22,9.158520833333334,48
29.1,2025-06-23,8.399375,48
29.1,2025-06-24,8.983104166666667,48
29.1,2025-06-25,11.737416666666666,48
29.1,2025-06-26,11.485770833333333,48
29.1,2025-06-27,9.226979166666666,48
29.1,2025-06-28,9.678541666666666,48
29.1,2025-06-29,6.8464375,48
29.1,2025-06-30,10.917895833333333,48
29.1,2025-07-01,8.282291666666666,48
29.1,2025-07-02,11.060270833333334,48
29.1,2025-07-03,14.63925,48
29.1,2025-07-04,19.202791666666666,48
29.1,2025-07-05,25.2794375,48
29.1,2025-07-06,11.432625,48
29.1,2025-07-07,11.336916666666667,48
29.1,2025-07-08,14.432520833333335,48
29.1,2025-07-09,22.429354166666666,48
29.1,2025-07-10,20.30920833333333,48
29.1,2025-07-11,13.994229166666667,48
29.1,2025-07-12,9.21075,48
29.1,2025-07-13,6.9626875,48
29.1,2025-07-14,24.675895833333332,48
29.1,2025-07-15,38.04535416666667,48
29.1,2025-07-16,32.141729166666664,48
29.1,2025-07-17,10.681875,48
29.1,2025-07-18,2.2892916666666667,48
29.1,2025-07-19,5.331875,48
29.1,2025-07-20,7.668520833333333,48
29.1,2025-07-21,21.780041666666666,48
29.1,2025-07-22,4.9389375,48
29.1,2025-07-23,4.046020833333333,48
29.1,2025-07-24,15.413083333333333,48
29.1,2025-07-25,19.34177083333333,48
29.1,2025-07-26,13.592729166666667,48
29.1,2025-07-27,13.0655,48
29.1,2025-07-28,12.135937499999999,48
29.1,2025-07-29,15.834333333333333,48
29.1,2025-07-30,16.494479166666665,48
29.1,2025-07-31,47.4429375,48
29.1,2025-08-01,20.351645833333336,48
29.1,2025-08-02,9.969937500000002,48
29.1,2025-08-03,15.122041666666666,48
29.1,2025-08-04,40.053604166666666,48
29.1,2025-08-05,38.84522916666667,48
29.1,2025-08-06,22.1655625,48
29.1,2025-08-07,18.067125,48
29.1,2025-08-08,13.9735625,48
29.1,2025-08-09,20.785354166666668,48
29.1,2025-08-10,24.211145833333333,48
29.1,2025-08-11,18.290354166666667,48
29.1,2025-08-12,14.640458333333333,48
29.1,2025-08-13,7.694291666666667,48
29.1,2025-08-14,18.1039375,48
29.1,2025-08-15,25.243583333333333,48
29.1,2025-08-16,21.463875,48
29.1,2025-08-17,14.488708333333333,48
29.1,2025-08-18,3.7727291666666667,48
29.1,2025-08-19,9.939479166666667,48
29.1,2025-08-20,38.725458333333336,48
29.1,2025-08-21,2.7659583333333333,48
29.1,2025-08-22,3.1370851063829788,47
29.1,2025-08-23,6.9991666666666665,48
29.1,2025-08-24,7.346520833333334,48
29.1,2025-08-25,2.5303125,48
29.1,2025-08-26,5.327729166666667,48
29.1,2025-08-27,5.2689375,48
29.1,2025-08-28,4.454020833333334,48
29.1,2025-08-29,2.4757083333333334,48
29.1,2025-08-30,4.948854166666667,48
29.1,2025-08-31,6.9853125,48
29.1,2025-09-01,6.1310416666666665,48
29.1,2025-09-02,4.23375,48
29.1,2025-09-03,5.4039166666666665,48
29.1,2025-09-04,8.90775,48
29.1,2025-09-05,16.7280625,48
29.1,2025-09-06,4.446291666666667,48
29.1,2025-09-07,2.857978260869565,46
29.1,2025-09-08,3.584404255319149,47
29.1,2025-09-09,3.3186666666666667,48
29.1,2025-09-10,4.9629375,48
29.1,2025-09-11,7.911458333333334,48
29.1,2025-09-12,11.004291666666667,48
29.1,2025-09-13,12.219041666666667,48
29.1,2025-09-14,23.6440625,48
29.1,2025-09-15,13.123583333333334,48
29.1,2025-09-16,11.045166666666667,48
29.1,2025-09-17,17.947104166666666,48
29.1,2025-09-18,13.075520833333334,48
29.1,2025-09-19,12.021041666666667,48
29.1,2025-09-20,4.63775,48
29.1,2025-09-21,8.999708333333334,48
29.1,2025-09-22,13.43995238095238,42
29.1,2025-09-23,8.168333333333333,48
29.1,2025-09-24,11.909062500000001,48
29.1,2025-09-25,17.644395833333334,48
29.1,2025-09-26,22.151520833333333,48
29.1,2025-09-27,10.1114375,48
29.1,2025-09-28,10.888958333333333,48
29.1,2025-09-29,9.005354166666667,48
29.1,2025-09-30,10.106020833333332,48
29.1,2025-10-01,3.2938125,48
29.1,2025-10-02,2.753,48
29.1,2025-10-03,6.1349375,48
29.1,2025-10-04,11.1231875,48
29.1,2025-10-05,8.589833333333333,48
29.1,2025-10-06,3.6954375,48
29.1,2025-10-07,5.886,44
29.1,2025-10-09,1.8336170212765956,47
29.1,2025-10-10,2.807354166666667,48
29.1,2025-10-11,3.158375,48
29.1,2025-10-12,11.265354166666667,48
29.1,2025-10-13,6.086708333333333,48
29.1,2025-10-14,2.5759791666666665,48
29.1,2025-10-15,1.7381041666666666,48
29.1,2025-10-16,1.3612083333333334,48
29.1,2025-10-17,2.9649787234042555,47
29.1,2025-10-19,8.728604166666667,48
29.1,2025-10-21,2.5837499999999998,48
29.1,2025-10-22,2.2566875,48
29.1,2025-10-23,3.0837499999999998,48
29.1,2025-10-25,3.2033255813953487,43
29.1,2025-10-26,6.658145833333334,48
29.1,2025-10-27,4.13025,48
29.1,2025-10-28,2.7491666666666665,48
29.1,2025-10-29,3.2418958333333334,48
29.1,2025-10-30,5.007333333333333,48
29.1,2025-10-31,3.66575,48
29.1,2025-11-01,10.38975,48
29.1,2025-11-02,20.060645833333332,48
29.1,2025-11-03,15.774125000000003,48
29.1,2025-11-04,2.2254583333333335,48
29.1,2025-11-05,5.464291666666667,48
29.1,2025-11-06,2.3924375,48
29.1,2025-11-07,9.734479166666667,48
29.1,2025-11-08,13.2445,48
29.1,2025-11-09,12.065604166666667,48
29.1,2025-11-10,1.9493333333333334,48
29.1,2025-11-11,5.315333333333333,48
29.1,2025-11-12,4.166708333333333,48
29.1,2025-11-13,3.1870416666666666,48
29.1,2025-11-14,7.3958125,48
29.1,2025-11-15,17.330416666666665,48
29.1,2025-11-16,3.2924583333333333,48
29.1,2025-11-17,1.6670625000000001,48
29.1,2025-11-18,8.381083333333333,48
29.1,2025-11-19,16.078500000000002,48
29.1,2025-11-20,27.692,48
29.1,2025-11-21,26.32225,48
29.1,2025-11-22,22.65079166666667,48
29.1,2025-11-23,11.720604166666666,48
29.1,2025-11-24,5.752375,48
29.1,2025-11-25,9.1053125,48
29.1,2025-11-26,10.138,48
29.1,2025-11-27,3.5243191489361703,47
29.1,2025-11-28,4.1419999999999995,48
29.1,2025-11-29,4.497625,48
29.1,2025-11-30,8.599354166666666,48
29.1,2025-12-01,4.854104166666667,48
29.1,2025-12-02,20.911489361702127,47
29.1,2025-12-03,23.499270833333334,48
29.1,2025-12-04,21.432617021276595,47
29.1,2025-12-05,8.097288888888889,45
29.1,2025-12-06,27.755729166666665,48
29.1,2025-12-07,23.900020833333333,48
29.1,2025-12-08,3.355645833333333,48
29.1,2025-12-09,6.7474791666666665,48
29.1,2025-12-10,12.007604166666667,48
29.1,2025-12-11,3.085851063829787,47
29.1,2025-12-12,6.078166666666666,48
29.1,2025-12-13,22.74416666666667,48
29.1,2025-12-14,6.446229166666667,48
29.1,2025-12-15,8.203333333333333,48
29.1,2025-12-16,9.375541666666667,48
29.1,2025-12-17,12.751125,48
29.1,2025-12-18,12.417229166666665,48
29.1,2025-12-19,4.882405405405406,37
29.1,2025-12-20,6.003377777777778,45
29.1,2025-12-21,4.4580625,48
29.1,2025-12-22,9.552333333333333,45
29.1,2025-12-23,14.396166666666666,36
29.1,2025-12-24,20.597128205128204,39
29.1,2025-12-25,19.832048780487806,41
29.1,2025-12-26,10.421305555555556,36
29.1,2025-12-27,10.288738095238095,42
29.1,2025-12-29,4.390106382978724,47
29.1,2025-12-30,4.0085,48
29.1,2025-12-31,14.186510638297872,47
3.1,2024-11-01,2.301,45
3.1,2024-11-02,2.456042553191489,47
3.1,2024-11-03,3.202936170212766,47
3.1,2024-11-04,3.7885625,48
3.1,2024-11-05,3.829804347826087,46
3.1,2024-11-06,6.440595744680851,47
3.1,2024-11-07,3.7549574468085107,47
3.1,2024-11-08,8.79431111111111,45
3.1,2024-11-09,2.5701666666666667,48
3.1,2024-11-10,8.599434782608695,46
3.1,2024-11-11,4.787326086956521,46
3.1,2024-11-12,1.5487291666666667,48
3.1,2024-11-13,2.2552444444444446,45
3.1,2024-11-14,2.7402340425531913,47
3.1,2024-11-15,12.732020833333333,48
3.1,2024-11-16,3.3352291666666667,48
3.1,2024-11-17,7.866520833333333,48
3.1,2024-11-18,18.35920833333333,48
3.1,2024-11-19,13.181695652173913,46
3.1,2024-11-20,6.704888888888889,45
3.1,2024-11-21,4.171914893617021,47
3.1,2024-11-22,8.210659574468085,47
3.1,2024-11-23,1.732695652173913,46
3.1,2024-11-24,14.678723404255319,47
3.1,2024-11-25,11.816444444444445,45
3.1,2024-11-26,9.4594375,48
3.1,2024-11-27,6.3868936170212764,47
3.1,2024-11-28,7.1939111111111105,45
3.1,2024-11-29,8.718291666666667,48
3.1,2024-11-30,8.233375,48
3.1,2024-12-01,6.798106382978723,47
3.1,2024-12-02,10.438851063829787,47
3.1,2024-12-03,12.148604166666667,48
3.1,2024-12-04,12.374354166666667,48
3.1,2024-12-05,5.361166666666667,48
3.1,2024-12-06,2.885021276595745,47
3.1,2024-12-07,5.051829787234042,47
3.1,2024-12-08,6.685288888888889,45
3.1,2024-12-09,6.122021276595745,47
3.1,2024-12-10,26.80140425531915,47
3.1,2024-12-11,24.205489361702128,47
3.1,2024-12-12,5.894695652173914,46
3.1,2024-12-13,4.9625957446808515,47
3.1,2024-12-14,7.236645833333333,48
3.1,2024-12-15,11.491291666666667,48
3.1,2024-12-16,9.883695652173913,46
3.1,2024-12-17,11.322888888888889,45
3.1,2024-12-18,32.90171111111111,45
3.1,2024-12-19,6.802270833333334,48
3.1,2024-12-20,13.616125,48
3.1,2024-12-21,2.8715,48
3.1,2024-12-22,2.418041666666667,48
3.1,2024-12-23,5.352479166666667,48
3.1,2024-12-24,21.110145833333334,48
3.1,2024-12-25,20.004729166666667,48
3.1,2024-12-26,13.008170212765958,47
3.1,2024-12-27,10.91831914893617,47
3.1,2024-12-28,4.782723404255319,47
3.1,2024-12-29,5.840166666666667,48
3.1,2024-12-31,7.3155833333333335,48
3.1,2025-01-01,5.704765957446809,47
3.1,2025-01-02,10.13172340425532,47
3.1,2025-01-03,9.8931875,48
3.1,2025-01-04,2.3229375,48
3.1,2025-01-05,7.581458333333333,48
3.1,2025-01-06,6.492666666666667,48
3.1,2025-01-07,2.5223958333333334,48
3.1,2025-01-08,2.4515416666666665,48
3.1,2025-01-09,2.5361458333333333,48
3.1,2025-01-10,11.625333333333334,48
3.1,2025-01-11,29.279854166666667,48
3.1,2025-01-12,23.197391304347825,46
3.1,2025-01-13,7.274666666666667,48
3.1,2025-01-14,5.490291666666667,48
3.1,2025-01-15,6.773187500000001,48
3.1,2025-01-16,18.310187499999998,48
3.1,2025-01-17,23.89164583333333,48
3.1,2025-01-18,5.111688888888889,45
3.1,2025-01-19,2.953375,48
3.1,2025-01-20,3.1006875,48
3.1,2025-01-21,3.4078749999999998,48
3.1,2025-01-22,3.2628333333333335,48
3.1,2025-01-23,9.841456521739131,46
3.1,2025-01-24,6.009872340425533,47
3.1,2025-01-25,14.522382978723405,47
3.1,2025-01-26,7.629895833333333,48
3.1,2025-01-27,5.2181875,48
3.1,2025-01-28,4.011595744680851,47
3.1,2025-01-29,4.419723404255319,47
3.1,2025-01-30,5.394958333333333,48
3.1,2025-01-31,6.3240232558139535,43
3.1,2025-02-01,4.754380952380951,42
3.1,2025-02-02,4.60925641025641,39
3.1,2025-02-04,9.540958333333332,48
3.1,2025-02-05,2.1213958333333336,48
3.1,2025-02-06,12.72829268292683,41
3.1,2025-02-07,4.782333333333334,48
3.1,2025-02-08,9.7664375,48
3.1,2025-02-09,14.0855625,48
3.1,2025-02-10,8.373208333333332,48
3.1,2025-02-11,17.593291666666666,48
3.1,2025-02-12,21.615145833333333,48
3.1,2025-02-13,12.947708333333333,48
3.1,2025-02-14,7.533854166666666,48
3.1,2025-02-15,10.714354166666666,48
3.1,2025-02-16,11.599541666666667,48
3.1,2025-02-17,3.763708333333333,48
3.1,2025-02-18,3.037145833333333,48
3.1,2025-02-19,3.053916666666667,48
3.1,2025-02-20,4.9883125,48
3.1,2025-02-21,2.8843541666666668,48
3.1,2025-02-22,11.7504375,48
3.1,2025-02-23,11.330765957446808,47
3.1,2025-02-24,12.175391304347826,46
3.1,2025-02-25,8.616833333333334,48
3.1,2025-02-26,16.894297872340424,47
3.1,2025-02-27,29.716073170731708,41
3.1,2025-02-28,9.43227659574468,47
3.1,2025-03-01,2.3257708333333333,48
3.1,2025-03-02,3.1276041666666665,48
3.1,2025-03-03,7.047208333333334,48
3.1,2025-03-04,5.4908936170212765,47
3.1,2025-03-05,4.150212765957447,47
3.1,2025-03-06,1.9487291666666666,48
3.1,2025-03-07,6.781808510638299,47
3.1,2025-03-08,9.134239130434784,46
3.1,2025-03-09,5.381375,48
3.1,2025-03-10,4.913083333333334,48
3.1,2025-03-11,4.3664375,48
3.1,2025-03-12,2.670255319148936,47
3.1,2025-03-13,4.7918125,48
3.1,2025-03-14,7.5525625000000005,48
3.1,2025-03-15,11.142583333333333,48
3.1,2025-03-16,6.259404255319149,47
3.1,2025-03-17,2.9010416666666665,48
3.1,2025-03-18,5.043875,48
3.1,2025-03-19,4.703833333333334,48
3.1,2025-03-20,3.0570425531914895,47
3.1,2025-03-21,2.8700208333333332,48
3.1,2025-03-22,3.3968333333333334,48
3.1,2025-03-23,4.355212765957447,47
3.1,2025-03-24,6.076255319148936,47
3.1,2025-03-25,5.739083333333333,48
3.1,2025-03-26,3.3534255319148936,47
3.1,2025-03-27,5.8735681818181815,44
3.1,2025-03-28,8.521125,48
3.1,2025-03-29,9.4130625,48
3.1,2025-03-30,9.053372093023256,43
3.1,2025-03-31,4.766854166666667,48
3.1,2025-04-01,2.867770833333333,48
3.1,2025-04-02,4.1085,48
3.1,2025-04-04,2.518787234042553,47
3.1,2025-04-05,5.00445945945946,37
3.1,2025-04-06,7.024255319148936,47
3.1,2025-04-07,5.803478260869565,46
3.1,2025-04-08,2.8569347826086955,46
3.1,2025-04-09,5.1734583333333335,48
3.1,2025-04-10,12.137553191489362,47
3.1,2025-04-11,13.306933333333333,45
3.1,2025-04-12,11.477541666666667,48
3.1,2025-04-13,6.390333333333333,48
3.1,2025-04-14,4.724276595744681,47
3.1,2025-04-15,3.4827021276595747,47
3.1,2025-04-16,2.9989375,48
3.1,2025-04-17,6.8025416666666665,48
3.1,2025-04-18,5.519659574468085,47
3.1,2025-04-19,10.697673913043477,46
3.1,2025-04-20,3.5266041666666665,48
3.1,2025-04-21,4.402416666666666,48
3.1,2025-04-22,2.2002291666666665,48
3.1,2025-04-23,3.435127659574468,47
3.1,2025-04-24,4.268645833333333,48
3.1,2025-04-25,4.68178947368421,38
3.1,2025-04-27,4.383595744680851,47
3.1,2025-04-28,2.5372826086956524,46
3.1,2025-04-29,6.480911111111111,45
3.1,2025-04-30,2.6210416666666667,48
3.1,2025-05-01,4.285777777777778,45
3.1,2025-05-02,6.767851063829787,47
3.1,2025-05-03,7.062977777777777,45
3.1,2025-05-04,5.851304347826087,46
3.1,2025-05-05,8.776818181818182,44
3.1,2025-05-06,4.321673913043478,46
3.1,2025-05-07,10.379977272727274,44
3.1,2025-05-08,5.968212765957447,47
3.1,2025-05-09,5.321645833333333,48
3.1,2025-05-10,3.6901521739130434,46
3.1,2025-05-11,4.107851063829787,47
3.1,2025-05-12,3.926978260869565,46
3.1,2025-05-13,4.155888888888889,45
3.1,2025-05-14,2.2160217391304347,46
3.1,2025-05-15,6.757657894736842,38
3.1,2025-05-17,4.085113636363636,44
3.1,2025-05-18,5.165446808510638,47
3.1,2025-05-19,3.7128260869565217,46
3.1,2025-05-20,4.0983777777777775,45
3.1,2025-05-21,6.285288888888888,45
3.1,2025-05-22,3.9535531914893616,47
3.1,2025-05-23,1.6602222222222223,45
3.1,2025-05-24,1.6558541666666666,48
3.1,2025-05-25,3.8824347826086956,46
3.1,2025-05-26,4.696363636363636,44
3.1,2025-05-27,3.1807441860465118,43
3.1,2025-05-28,1.8829318181818182,44
3.1,2025-05-29,13.250936170212766,47
3.1,2025-05-30,11.000395833333334,48
3.1,2025-05-31,6.9478124999999995,48
3.1,2025-06-01,3.8819787234042553,47
3.1,2025-06-02,3.4735555555555555,45
3.1,2025-06-03,7.145191489361702,47
3.1,2025-06-04,26.52767391304348,46
3.1,2025-06-05,28.794404255319147,47
3.1,2025-06-06,39.88436170212766,47
3.1,2025-06-07,45.20968085106383,47
3.1,2025-06-08,39.19160869565217,46
3.1,2025-06-09,21.106065217391304,46
3.1,2025-06-10,10.657043478260869,46
3.1,2025-06-11,15.318266666666666,45
3.1,2025-06-12,23.61111111111111,45
3.1,2025-06-13,20.90815217391304,46
3.1,2025-06-14,8.650108695652174,46
3.1,2025-06-15,10.519104166666667,48
3.1,2025-06-16,8.461045454545454,44
3.1,2025-06-17,9.999978260869565,46
3.1,2025-06-18,9.275744186046511,43
3.1,2025-06-19,5.034659574468085,47
3.1,2025-06-20,7.1700888888888885,45
3.1,2025-06-21,8.135875,48
3.1,2025-06-22,9.060627906976745,43
3.1,2025-06-23,8.83291304347826,46
3.1,2025-06-24,8.561695652173913,46
3.1,2025-06-25,8.895604166666667,48
3.1,2025-06-26,11.8276,45
3.1,2025-06-27,11.645279069767442,43
3.1,2025-06-28,9.330239130434784,46
3.1,2025-06-29,4.6759130434782605,46
3.1,2025-06-30,9.086063829787234,47
3.1,2025-07-01,8.148065217391304,46
3.1,2025-07-02,6.1918444444444445,45
3.1,2025-07-03,16.451083333333333,48
3.1,2025-07-04,16.506914893617022,47
3.1,2025-07-05,12.56009090909091,44
3.1,2025-07-06,9.640847826086956,46
3.1,2025-07-07,9.264145833333334,48
3.1,2025-07-08,12.875434782608696,46
3.1,2025-07-09,19.50744680851064,47
3.1,2025-07-10,18.693822222222224,45
3.1,2025-07-11,11.801744680851064,47
3.1,2025-07-12,8.335625,48
3.1,2025-07-13,5.489931818181818,44
3.1,2025-07-14,19.144522727272726,44
3.1,2025-07-15,35.354645833333336,48
3.1,2025-07-16,30.450659574468084,47
3.1,2025-07-17,7.145553191489363,47
3.1,2025-07-18,2.3186666666666667,42
3.1,2025-07-19,3.1170666666666667,45
3.1,2025-07-20,6.758416666666666,48
3.1,2025-07-21,17.629255319148935,47
3.1,2025-07-22,4.388478260869565,46
3.1,2025-07-23,3.524977777777778,45
3.1,2025-07-24,14.546282608695652,46
3.1,2025-07-25,8.6755,46
3.1,2025-07-26,8.896318181818183,44
3.1,2025-07-27,8.621391304347826,46
3.1,2025-07-28,11.0078125,48
3.1,2025-07-29,8.5764,45
3.1,2025-07-30,12.551553191489361,47
3.1,2025-07-31,35.57136170212766,47
3.1,2025-08-01,16.312804347826088,46
3.1,2025-08-02,5.367044444444444,45
3.1,2025-08-03,12.504717391304348,46
3.1,2025-08-04,41.09320833333334,48
3.1,2025-08-05,35.70912765957447,47
3.1,2025-08-06,30.140152173913044,46
3.1,2025-08-07,21.225021739130433,46
3.1,2025-08-08,16.28095652173913,46
3.1,2025-08-09,21.20555319148936,47
3.1,2025-08-10,25.01631914893617,47
3.1,2025-08-11,19.533478260869565,46
3.1,2025-08-12,13.213555555555555,45
3.1,2025-08-13,6.5093125,48
3.1,2025-08-14,15.919333333333332,48
3.1,2025-08-15,25.7343125,48
3.1,2025-08-16,19.232458333333334,48
3.1,2025-08-17,12.572145833333334,48
3.1,2025-08-18,3.039288888888889,45
3.1,2025-08-19,4.322574468085106,47
3.1,2025-08-20,9.134717391304347,46
3.1,2025-08-21,2.3100833333333335,48
3.1,2025-08-22,1.8887291666666668,48
3.1,2025-08-23,4.330446808510638,47
3.1,2025-08-24,4.500723404255319,47
3.1,2025-08-25,1.9837234042553191,47
3.1,2025-08-26,2.988911111111111,45
3.1,2025-08-27,4.133276595744681,47
3.1,2025-08-28,4.611979166666667,48
3.1,2025-08-29,2.6225454545454547,44
3.1,2025-08-30,3.0973333333333333,48
3.1,2025-08-31,5.0841875,48
3.1,2025-09-01,7.058425531914894,47
3.1,2025-09-02,3.0690666666666666,45
3.1,2025-09-03,4.015520833333333,48
3.1,2025-09-04,5.65554347826087,46
3.1,2025-09-05,13.699979166666667,48
3.1,2025-09-06,3.7636382978723404,47
3.1,2025-09-07,3.001413043478261,46
3.1,2025-09-08,2.518744680851064,47
3.1,2025-09-09,2.706808510638298,47
3.1,2025-09-10,3.267288888888889,45
3.1,2025-09-11,4.629282608695652,46
3.1,2025-09-12,6.168822222222222,45
3.1,2025-09-13,6.8359375,48
3.1,2025-09-14,9.500583333333333,48
3.1,2025-09-15,8.961446808510638,47
3.1,2025-09-16,8.596478260869565,46
3.1,2025-09-17,9.679673913043478,46
3.1,2025-09-18,9.126456521739131,46
3.1,2025-09-19,9.547854166666667,48
3.1,2025-09-20,3.1804166666666664,48
3.1,2025-09-21,7.173468085106383,47
3.1,2025-09-22,11.254851063829786,47
3.1,2025-09-23,4.384125,48
3.1,2025-09-24,6.622688888888889,45
3.1,2025-09-25,14.190958333333333,48
3.1,2025-09-26,19.192851063829785,47
3.1,2025-09-27,6.135565217391305,46
3.1,2025-09-28,7.815791666666667,48
3.1,2025-09-29,5.943914893617021,47
3.1,2025-09-30,5.2640851063829786,47
3.1,2025-10-01,2.72275,48
3.1,2025-10-02,3.0667021276595743,47
3.1,2025-10-03,4.982914893617021,47
3.1,2025-10-04,7.598369565217391,46
3.1,2025-10-05,6.573666666666667,48
3.1,2025-10-06,3.2635106382978725,47
3.1,2025-10-07,4.142916666666667,48
3.1,2025-10-08,1.8673125,48
3.1,2025-10-09,2.165395833333333,48
3.1,2025-10-10,2.3095416666666666,48
3.1,2025-10-11,2.7188936170212767,47
3.1,2025-10-12,4.3869375,48
3.1,2025-10-13,3.0786875,48
3.1,2025-10-14,2.444875,48
3.1,2025-10-15,1.7220208333333333,48
3.1,2025-10-16,1.5463541666666667,48
3.1,2025-10-17,2.2595434782608694,46
3.1,2025-10-18,4.915104166666667,48
3.1,2025-10-19,7.470583333333333,48
3.1,2025-10-20,2.057439024390244,41
3.1,2025-10-21,2.7109574468085107,47
3.1,2025-10-22,2.589826086956522,46
3.1,2025-10-23,2.7823404255319146,47
3.1,2025-10-24,1.8163125,48
3.1,2025-10-25,2.988875,48
3.1,2025-10-26,2.1388333333333334,48
3.1,2025-10-27,2.1691666666666665,48
3.1,2025-10-28,2.1972708333333335,48
3.1,2025-10-29,2.7969565217391303,46
3.1,2025-10-30,2.1808085106382977,47
3.1,2025-10-31,1.858340425531915,47
3.1,2025-11-01,8.249895833333333,48
3.1,2025-11-02,13.462659574468084,47
3.1,2025-11-03,9.46795744680851,47
3.1,2025-11-04,2.724255319148936,47
3.1,2025-11-05,4.5976875,48
3.1,2025-11-06,2.114808510638298,47
3.1,2025-11-07,7.277833333333333,48
3.1,2025-11-08,7.815651162790697,43
3.1,2025-11-09,5.4558333333333335,48
3.1,2025-11-10,1.8579787234042553,47
3.1,2025-11-11,3.470191489361702,47
3.1,2025-11-12,5.4328085106382975,47
3.1,2025-11-13,2.709148936170213,47
3.1,2025-11-14,6.165340425531915,47
3.1,2025-11-15,13.861085106382978,47
3.1,2025-11-16,4.068666666666667,48
3.1,2025-11-17,2.015229166666667,48
3.1,2025-11-18,5.769914893617021,47
3.1,2025-11-19,14.351622222222222,45
3.1,2025-11-20,16.893212765957447,47
3.1,2025-11-21,24.186617021276597,47
3.1,2025-11-22,10.376325581395347,43
3.1,2025-11-23,11.357733333333334,45
3.1,2025-11-24,3.6579166666666665,48
3.1,2025-11-25,4.7205625,48
3.1,2025-11-26,7.037361702127659,47
3.1,2025-11-27,2.5930425531914896,47
3.1,2025-11-28,1.659659574468085,47
3.1,2025-11-29,4.283541666666666,48
3.1,2025-11-30,6.237046511627907,43
3.1,2025-12-01,3.9752391304347827,46
3.1,2025-12-02,8.517854166666666,48
3.1,2025-12-03,19.87125,48
3.1,2025-12-04,14.09404166666667,48
3.1,2025-12-05,6.6245625,48
3.1,2025-12-06,26.1826875,48
3.1,2025-12-07,20.588541666666668,48
3.1,2025-12-08,2.4920625,48
3.1,2025-12-09,6.124229166666667,48
3.1,2025-12-10,8.281437500000001,48
3.1,2025-12-11,2.2384583333333334,48
3.1,2025-12-12,4.122456521739131,46
3.1,2025-12-13,15.752645833333332,48
3.1,2025-12-14,2.8341250000000002,48
3.1,2025-12-15,7.433666666666666,48
3.1,2025-12-16,7.841875,48
3.1,2025-12-17,11.946791666666666,48
3.1,2025-12-18,10.508791666666667,48
3.1,2025-12-19,5.757125,48
3.1,2025-12-20,6.5551458333333334,48
3.1,2025-12-21,3.6426170212765956,47
3.1,2025-12-22,6.4954583333333336,48
3.1,2025-12-23,16.25985106382979,47
3.1,2025-12-24,20.51431914893617,47
3.1,2025-12-25,18.481765957446807,47
3.1,2025-12-26,8.677297872340425,47
3.1,2025-12-27,11.900936170212766,47
3.1,2025-12-30,3.6282978723404256,47
3.1,2025-12-31,12.726,47
30.1_17.1,2024-11-14,5.0091875,48
30.1_17.1,2024-11-15,33.97047826086956,46
30.1_17.1,2024-11-16,4.4948958333333335,48
30.1_17.1,2024-11-21,4.86554761904762,42
30.1_17.1,2024-11-22,5.899413043478261,46
30.1_17.1,2024-11-24,16.887810810810812,37
30.1_17.1,2024-11-25,17.1931875,48
30.1_17.1,2024-11-26,11.724297872340426,47
30.1_17.1,2024-11-27,7.426868421052632,38
30.1_17.1,2024-11-28,11.228955555555556,45
30.1_17.1,2024-12-02,9.872,38
30.1_17.1,2024-12-03,15.995125,48
30.1_17.1,2024-12-04,13.519124999999999,48
30.1_17.1,2024-12-05,7.090472222222221,36
30.1_17.1,2024-12-06,4.814390243902439,41
30.1_17.1,2024-12-07,4.631425531914894,47
30.1_17.1,2024-12-08,6.7649791666666665,48
30.1_17.1,2024-12-09,8.63334090909091,44
30.1_17.1,2024-12-10,39.0478,45
30.1_17.1,2024-12-11,25.67075,48
30.1_17.1,2024-12-14,10.043410256410256,39
30.1_17.1,2024-12-15,17.933311111111113,45
30.1_17.1,2024-12-16,26.724023809523807,42
30.1_17.1,2024-12-23,7.236750000000001,40
30.1_17.1,2024-12-24,19.156975609756095,41
30.1_17.1,2024-12-25,28.949410256410257,39
30.1_17.1,2024-12-26,12.802146341463414,41
30.1_17.1,2024-12-27,12.773,43
30.1_17.1,2024-12-28,7.11848717948718,39
30.1_17.1,2024-12-29,13.525465116279069,43
30.1_17.1,2024-12-30,3.961805555555556,36
30.1_17.1,2024-12-31,12.093243902439024,41
30.1_17.1,2025-01-01,9.813447368421052,38
30.1_17.1,2025-01-04,2.76065,40
30.1_17.1,2025-01-05,7.691023809523809,42
30.1_17.1,2025-01-13,7.773666666666667,36
30.1_17.1,2025-01-14,4.794666666666666,39
30.1_17.1,2025-01-16,18.285810810810812,37
30.1_17.1,2025-01-18,6.4806923076923075,39
30.1_17.1,2025-01-20,3.5804,40
30.1_17.1,2025-01-21,3.6107073170731705,41
30.1_17.1,2025-01-22,3.82197619047619,42
30.1_17.1,2025-01-27,5.3323,40
30.1_17.1,2025-01-31,14.974081081081083,37
30.1_17.1,2025-02-02,8.023972972972972,37
30.1_17.1,2025-02-03,57.916999999999994,36
30.1_17.1,2025-02-06,15.040722222222222,36
30.1_17.1,2025-02-08,10.183375,40
30.1_17.1,2025-02-12,22.083135135135137,37
30.1_17.1,2025-02-13,18.904432432432433,37
30.1_17.1,2025-02-15,12.777166666666666,42
30.1_17.1,2025-02-17,5.012282051282051,39
30.1_17.1,2025-03-01,2.36305,40
30.1_17.1,2025-03-02,3.0597105263157895,38
30.1_17.1,2025-03-05,4.487157894736842,38
30.1_17.1,2025-03-14,11.319972972972973,37
30.1_17.1,2025-03-15,10.306463414634147,41
30.1_17.1,2025-03-19,5.331846153846154,39
30.2,2025-12-10,10.180276595744681,47
30.2,2025-12-11,2.0190454545454544,44
30.2,2025-12-12,5.967073170731707,41
30.2,2025-12-13,17.880268292682928,41
30.2,2025-12-14,2.9230952380952377,42
30.2,2025-12-15,7.780525,40
30.2,2025-12-16,8.31595238095238,42
30.2,2025-12-17,12.707804878048782,41
30.2,2025-12-18,11.482825,40
30.2,2025-12-19,6.654512195121951,41
30.2,2025-12-20,6.851871794871795,39
30.2,2025-12-21,3.725138888888889,36
30.2,2025-12-22,8.277,39
30.2,2025-12-23,18.076170731707315,41
30.2,2025-12-24,21.002780487804877,41
30.2,2025-12-25,23.126948717948718,39
30.2,2025-12-26,10.274439024390244,41
30.2,2025-12-27,14.132904761904761,42
30.2,2025-12-28,27.368560975609757,41
30.2,2025-12-29,4.996651162790697,43
30.2,2025-12-30,3.929878048780488,41
30.2,2025-12-31,14.391243902439024,41
31.1,2025-06-12,23.54895833333333,48
31.1,2025-06-13,25.165520833333332,48
31.2,2025-10-09,2.450341463414634,41
31.2,2025-10-10,4.043386363636364,44
31.2,2025-10-11,2.70525,44
31.2,2025-10-12,9.131,45
31.2,2025-10-13,6.840782608695653,46
31.2,2025-10-14,2.9858048780487803,41
31.2,2025-10-15,1.8402558139534884,43
31.2,2025-10-16,1.6417391304347826,46
31.2,2025-10-17,3.639404761904762,42
31.2,2025-10-18,5.926604651162791,43
31.2,2025-10-19,9.700181818181818,44
31.2,2025-10-20,2.255025641025641,39
31.2,2025-10-21,3.381022727272727,44
31.2,2025-10-22,2.943911111111111,45
31.2,2025-10-23,3.7158,45
31.2,2025-10-24,4.16005,40
31.2,2025-10-25,3.2605625,48
31.2,2025-10-26,9.533652173913042,46
31.2,2025-10-27,3.930409090909091,44
31.2,2025-10-28,4.500717391304348,46
31.2,2025-10-29,4.102289473684211,38
31.2,2025-10-30,3.3135434782608697,46
31.2,2025-10-31,3.224723404255319,47
31.2,2025-11-01,10.572272727272727,44
31.2,2025-11-02,20.369659090909092,44
31.2,2025-11-03,13.393833333333333,48
31.2,2025-11-04,2.564477272727273,44
31.2,2025-11-05,6.101829787234043,47
31.2,2025-11-06,2.3709555555555557,45
31.2,2025-11-07,8.513842105263159,38
31.2,2025-11-08,10.85584090909091,44
31.2,2025-11-09,12.893954545454546,44
31.2,2025-11-10,1.7164255319148936,47
31.2,2025-11-11,5.870891304347826,46
31.2,2025-11-12,4.259325581395349,43
31.2,2025-11-13,3.155413043478261,46
31.2,2025-11-14,8.297068181818181,44
31.2,2025-11-15,14.61511111111111,45
31.2,2025-11-16,3.8097,40
31.2,2025-11-17,2.079772727272727,44
31.2,2025-11-18,10.804340909090909,44
31.2,2025-11-19,14.954931818181818,44
31.2,2025-11-20,29.090756097560977,41
31.2,2025-11-21,27.58511904761905,42
31.2,2025-11-22,23.61406666666667,45
31.2,2025-11-23,11.52375,44
31.2,2025-11-24,5.1639333333333335,45
31.2,2025-11-25,9.100125,48
31.2,2025-11-26,9.926318181818182,44
31.2,2025-11-27,4.249956521739131,46
31.2,2025-11-29,4.306261904761905,42
31.2,2025-11-30,10.2585,44
31.2,2025-12-01,4.3882619047619045,42
31.2,2025-12-02,11.811219512195121,41
31.2,2025-12-03,21.16821739130435,46
31.2,2025-12-04,21.21258536585366,41
31.2,2025-12-05,8.171309523809525,42
31.2,2025-12-06,26.1857,40
31.2,2025-12-07,22.83682222222222,45
31.2,2025-12-08,3.0522727272727272,44
31.2,2025-12-09,7.193866666666667,45
31.2,2025-12-10,10.309522727272727,44
31.2,2025-12-11,2.5603658536585368,41
31.2,2025-12-12,5.668435897435898,39
31.2,2025-12-13,18.350717391304347,46
31.2,2025-12-14,2.946604166666667,48
31.2,2025-12-15,7.8473125,48
31.2,2025-12-16,8.103195652173913,46
31.2,2025-12-17,11.604093023255814,43
31.2,2025-12-18,14.59505,40
31.2,2025-12-19,6.437285714285714,42
31.2,2025-12-20,6.351913043478261,46
31.2,2025-12-21,3.7990851063829787,47
31.2,2025-12-22,10.290560975609756,41
31.2,2025-12-23,18.38153658536585,41
31.2,2025-12-24,19.29613953488372,43
31.2,2025-12-25,26.584720930232557,43
31.2,2025-12-26,16.217261904761905,42
31.2,2025-12-27,11.853697674418603,43
31.2,2025-12-28,36.37776744186046,43
31.2,2025-12-29,4.847142857142857,42
31.2,2025-12-30,4.344720930232558,43
31.2,2025-12-31,15.091000000000001,39
32.2,2025-10-29,2.9120555555555554,36
32.2,2025-10-30,2.273952380952381,42
32.2,2025-10-31,3.501175,40
32.2,2025-11-01,10.855872340425533,47
32.2,2025-11-02,20.43692105263158,38
32.2,2025-11-03,11.649325581395349,43
32.2,2025-11-04,2.8871521739130435,46
32.2,2025-11-05,4.962523809523809,42
32.2,2025-11-06,2.950581395348837,43
32.2,2025-11-07,9.020822222222222,45
32.2,2025-11-08,12.46179069767442,43
32.2,2025-11-09,10.406883720930232,43
32.2,2025-11-10,1.7390714285714286,42
32.2,2025-11-11,5.844209302325581,43
32.2,2025-11-12,5.134704545454546,44
32.2,2025-11-13,3.782581395348837,43
32.2,2025-11-14,11.636756097560976,41
32.2,2025-11-15,15.573522727272728,44
32.2,2025-11-16,3.312840909090909,44
32.2,2025-11-17,3.2899347826086958,46
32.2,2025-11-18,9.0402,45
32.2,2025-11-20,26.080641025641025,39
32.2,2025-11-21,29.22343181818182,44
32.2,2025-11-22,16.7396,45
32.2,2025-11-23,13.208046511627906,43
32.2,2025-11-24,7.258804878048781,41
32.2,2025-11-25,10.149810810810811,37
32.2,2025-11-26,9.83875,36
32.2,2025-11-27,4.146863636363636,44
32.2,2025-11-28,4.789268292682927,41
32.2,2025-11-29,4.471837837837838,37
32.2,2025-11-30,9.060634146341464,41
32.2,2025-12-01,6.1010232558139545,43
32.2,2025-12-03,22.118102564102564,39
32.2,2025-12-05,8.114523809523808,42
32.2,2025-12-06,30.141844444444445,45
32.2,2025-12-07,25.02911111111111,45
32.2,2025-12-08,2.671431818181818,44
32.2,2025-12-09,6.710909090909091,44
32.2,2025-12-10,10.335648648648649,37
32.2,2025-12-11,2.132395348837209,43
32.2,2025-12-12,6.335883720930233,43
32.2,2025-12-13,17.081394736842103,38
32.2,2025-12-14,3.0044782608695653,46
32.2,2025-12-15,7.5167179487179485,39
32.2,2025-12-16,10.670135135135135,37
32.2,2025-12-17,12.65806976744186,43
32.2,2025-12-18,13.954474999999997,40
32.2,2025-12-19,6.855186046511628,43
32.2,2025-12-20,7.195692307692308,39
32.2,2025-12-21,3.940434782608696,46
32.2,2025-12-22,8.94632558139535,43
32.2,2025-12-23,18.742590909090907,44
32.2,2025-12-24,24.649232558139538,43
32.2,2025-12-25,23.99113636363636,44
32.2,2025-12-26,14.267869565217392,46
32.2,2025-12-27,13.809558139534884,43
32.2,2025-12-28,32.92763414634146,41
32.2,2025-12-29,5.455205128205129,39
32.2,2025-12-30,4.528957446808511,47
32.2,2025-12-31,12.026325,40
34.1_16.1,2025-06-06,82.11765,40
34.1_16.1,2025-06-07,55.228184210526315,38
34.1_16.1,2025-06-09,25.64035,40
34.1_16.1,2025-06-10,11.54809756097561,41
34.1_16.1,2025-06-11,15.046585365853659,41
34.1_16.1,2025-06-12,22.329,40
34.1_16.1,2025-06-13,25.172487179487177,39
34.1_16.1,2025-06-15,13.343128205128204,39
34.1_16.1,2025-06-16,10.586,41
34.1_16.1,2025-06-17,14.148725,40
34.1_16.1,2025-06-18,8.535066666666667,45
34.1_16.1,2025-06-19,5.737560975609756,41
34.1_16.1,2025-06-20,7.5159,40
34.1_16.1,2025-06-21,13.366349999999999,40
34.1_16.1,2025-06-22,8.099622222222223,45
34.1_16.1,2025-06-23,7.643756097560976,41
34.1_16.1,2025-06-24,9.139694444444444,36
34.1_16.1,2025-06-25,12.273893617021276,47
34.1_16.1,2025-06-26,13.679,43
34.1_16.1,2025-06-27,10.33095,40
34.1_16.1,2025-06-28,9.117609756097561,41
34.1_16.1,2025-06-29,5.9571538461538465,39
34.1_16.1,2025-06-30,10.622128205128206,39
34.1_16.1,2025-07-01,8.001441860465118,43
34.1_16.1,2025-07-02,11.835358974358973,39
34.1_16.1,2025-07-03,15.736775,40
34.1_16.1,2025-07-04,21.742815789473685,38
34.1_16.1,2025-07-05,31.16880487804879,41
34.1_16.1,2025-07-07,11.228783783783785,37
34.1_16.1,2025-07-08,13.257692307692308,39
34.1_16.1,2025-07-09,24.092486486486486,37
34.1_16.1,2025-07-10,20.83090243902439,41
34.1_16.1,2025-07-11,13.942767441860465,43
34.1_16.1,2025-07-12,8.6466,45
34.1_16.1,2025-07-13,6.060857142857143,42
34.1_16.1,2025-07-14,22.9576,45
34.1_16.1,2025-07-15,36.65557894736842,38
34.1_16.1,2025-07-16,38.401199999999996,45
34.1_16.1,2025-07-17,8.768684210526317,38
34.1_16.1,2025-07-19,4.938236842105264,38
34.1_16.1,2025-07-20,7.170404761904762,42
34.1_16.1,2025-07-21,23.564725,40
34.1_16.1,2025-07-22,5.734918918918919,37
34.1_16.1,2025-07-23,4.090794871794872,39
34.1_16.1,2025-07-24,14.62546511627907,43
34.1_16.1,2025-07-25,19.10567441860465,43
34.1_16.1,2025-07-26,12.5893,40
34.1_16.1,2025-07-27,11.179026315789473,38
34.1_16.1,2025-07-28,14.498205128205129,39
34.1_16.1,2025-07-29,11.706897435897435,39
34.1_16.1,2025-07-30,19.293358974358974,39
34.1_16.1,2025-07-31,40.43922222222222,36
34.1_16.1,2025-08-01,19.337289473684212,38
34.1_16.1,2025-08-02,11.338777777777779,36
34.1_16.1,2025-08-04,50.008947368421055,38
34.1_16.1,2025-08-05,41.736657894736844,38
34.1_16.1,2025-08-07,22.229108108108107,37
34.1_16.1,2025-08-09,22.03986842105263,38
34.1_16.1,2025-08-10,29.311162790697676,43
34.1_16.1,2025-08-12,14.348441860465117,43
34.1_16.1,2025-08-13,8.524589743589743,39
34.1_16.1,2025-08-14,16.606410256410257,39
34.1_16.1,2025-08-17,13.155051282051282,39
34.1_16.1,2025-08-18,3.233025,40
34.1_16.1,2025-09-05,23.808444444444444,36
34.1_16.1,2025-09-23,7.271538461538462,39
34.1_16.1,2025-09-30,13.170513513513514,37
34.1_16.1,2025-10-05,12.569555555555556,36
34.1_16.1,2025-10-07,5.6222702702702705,37
34.1_16.1,2025-10-08,1.5995,48
34.1_16.1,2025-10-09,1.9994,40
34.1_16.1,2025-10-10,3.8685405405405406,37
34.1_16.1,2025-10-13,8.217486486486486,37
34.1_16.1,2025-10-14,2.5592954545454547,44
34.1_16.1,2025-10-15,1.8256315789473685,38
34.1_16.1,2025-10-17,5.093189189189189,37
34.1_16.1,2025-10-18,6.425869565217392,46
34.1_16.1,2025-10-19,8.218681818181818,44
34.1_16.1,2025-10-22,2.290810810810811,37
34.1_16.1,2025-10-25,4.033531914893617,47
34.1_16.1,2025-10-26,8.819236842105264,38
34.1_16.1,2025-10-28,3.594190476190476,42
34.1_16.1,2025-10-30,2.8237560975609757,41
34.1_16.1,2025-10-31,3.4770000000000003,48
34.1_16.1,2025-11-01,10.349756097560975,41
34.1_16.1,2025-11-02,21.320205128205128,39
34.1_16.1,2025-11-05,5.5316,40
34.1_16.1,2025-11-06,3.225625,40
34.1_16.1,2025-11-07,10.163333333333332,36
34.1_16.1,2025-11-08,11.39413888888889,36
34.1_16.1,2025-11-10,1.6076818181818182,44
34.1_16.1,2025-11-11,4.651368421052632,38
34.1_16.1,2025-11-12,4.385605263157895,38
34.1_16.1,2025-11-13,3.7334444444444443,36
34.1_16.1,2025-11-14,7.258842105263158,38
34.1_16.1,2025-11-15,14.440555555555555,36
34.1_16.1,2025-11-16,3.4488333333333334,36
34.1_16.1,2025-11-22,17.858138888888888,36
34.1_16.1,2025-11-23,13.819075,40
34.1_16.1,2025-11-26,10.377078947368421,38
34.1_16.1,2025-11-28,2.8543783783783785,37
34.1_16.1,2025-11-29,4.438857142857143,42
34.1_16.1,2025-11-30,9.70671052631579,38
34.1_16.1,2025-12-01,4.608216216216215,37
34.1_16.1,2025-12-03,21.69161111111111,36
34.1_16.1,2025-12-05,7.736472222222222,36
34.1_16.1,2025-12-07,22.982131578947367,38
34.1_16.1,2025-12-09,7.3100000000000005,36
34.1_16.1,2025-12-11,1.9033333333333333,42
34.1_16.1,2025-12-12,6.025842105263158,38
34.1_16.1,2025-12-13,16.52637837837838,37
34.1_16.1,2025-12-14,3.655175,40
34.1_16.1,2025-12-18,18.074190476190477,42
34.1_16.1,2025-12-21,3.9000555555555554,36
34.1_16.1,2025-12-22,10.776837837837839,37
34.1_16.1,2025-12-25,23.11261111111111,36
34.1_16.1,2025-12-27,10.084054054054054,37
34.1_16.1,2025-12-28,30.709487804878048,41
35.2,2025-10-18,4.433395833333333,48
35.2,2025-10-19,8.059895833333334,48
35.2,2025-10-20,2.2271627906976743,43
35.2,2025-10-21,2.4522500000000003,48
35.2,2025-10-22,2.290395833333333,48
35.2,2025-10-23,3.215854166666667,48
35.2,2025-10-24,2.222875,48
35.2,2025-10-25,3.44725,48
35.2,2025-10-26,2.59825,48
35.2,2025-10-27,1.9998541666666667,48
35.2,2025-10-28,2.2870833333333334,48
35.2,2025-10-29,2.9367916666666667,48
35.2,2025-10-30,2.1401875,48
35.2,2025-10-31,2.5714166666666665,48
35.2,2025-11-01,7.283729166666667,48
35.2,2025-11-02,15.341291666666667,48
35.2,2025-11-03,10.866666666666665,48
35.2,2025-11-04,2.1211458333333333,48
35.2,2025-11-05,4.404020833333333,48
35.2,2025-11-06,1.7455416666666668,48
35.2,2025-11-07,7.775145833333334,48
35.2,2025-11-08,7.898729166666666,48
35.2,2025-11-09,5.452916666666667,48
35.2,2025-11-10,1.6371041666666666,48
35.2,2025-11-11,3.8691875,48
35.2,2025-11-12,4.353553191489362,47
35.2,2025-11-13,2.6443541666666666,48
35.2,2025-11-14,6.799645833333333,48
35.2,2025-11-15,12.809687499999999,48
35.2,2025-11-16,3.830375,48
35.2,2025-11-17,1.9170212765957448,47
35.2,2025-11-18,6.0192499999999995,48
35.2,2025-11-19,12.061166666666667,48
35.2,2025-11-20,18.85275,48
35.2,2025-11-21,22.665395833333335,48
35.2,2025-11-22,11.961937500000001,48
35.2,2025-11-23,11.7801875,48
35.2,2025-11-24,3.1686666666666667,48
35.2,2025-11-25,6.727645833333333,48
35.2,2025-11-26,8.043666666666667,48
35.2,2025-11-27,2.4507916666666665,48
35.2,2025-11-28,2.179851063829787,47
35.2,2025-11-29,3.468125,48
35.2,2025-11-30,6.408041666666667,48
35.2,2025-12-01,4.275625000000001,48
35.2,2025-12-02,8.7633125,48
35.2,2025-12-03,17.8171914893617,47
35.2,2025-12-04,14.111229166666666,48
35.2,2025-12-05,6.1956875,48
35.2,2025-12-06,22.88975,48
35.2,2025-12-07,20.215395833333332,48
35.2,2025-12-08,2.5743541666666667,48
35.2,2025-12-09,5.143479166666666,48
35.2,2025-12-10,11.926833333333333,48
35.2,2025-12-11,2.061,48
35.2,2025-12-12,3.3552083333333336,48
35.2,2025-12-13,15.738319148936169,47
35.2,2025-12-14,2.6476041666666665,48
35.2,2025-12-16,7.376972222222222,36
35.2,2025-12-17,11.3536875,48
35.2,2025-12-18,10.482166666666666,48
35.2,2025-12-19,5.585833333333333,48
35.2,2025-12-20,5.479729166666667,48
35.2,2025-12-21,3.8561276595744682,47
35.2,2025-12-22,6.8808125,48
35.2,2025-12-23,13.758291666666665,48
35.2,2025-12-24,23.841104166666668,48
35.2,2025-12-25,19.154895833333335,48
35.2,2025-12-26,10.1665625,48
35.2,2025-12-27,11.504854166666666,48
35.2,2025-12-28,27.585782608695652,46
5.1_19.3_24.2,2025-05-17,3.764104166666667,48
5.1_19.3_24.2,2025-05-18,4.539787234042553,47
5.1_19.3_24.2,2025-05-19,5.9827916666666665,48
5.1_19.3_24.2,2025-05-20,5.388708333333334,48
5.1_19.3_24.2,2025-05-21,11.989708333333335,48
5.1_19.3_24.2,2025-05-22,10.439113636363636,44
5.1_19.3_24.2,2025-05-23,2.4910888888888887,45
5.1_19.3_24.2,2025-05-24,1.5646521739130435,46
5.1_19.3_24.2,2025-05-25,4.39625,48
5.1_19.3_24.2,2025-05-26,6.967625,48
5.1_19.3_24.2,2025-05-27,4.059583333333333,48
5.1_19.3_24.2,2025-05-28,2.6776222222222223,45
5.1_19.3_24.2,2025-05-29,15.933304347826088,46
5.1_19.3_24.2,2025-05-30,9.597543478260869,46
5.1_19.3_24.2,2025-05-31,8.277625,48
5.1_19.3_24.2,2025-06-01,5.3639166666666664,48
5.1_19.3_24.2,2025-06-02,3.8728124999999998,48
5.1_19.3_24.2,2025-06-03,9.262895833333333,48
5.1_19.3_24.2,2025-06-04,23.30860416666667,48
5.1_19.3_24.2,2025-06-05,30.417979166666665,48
5.1_19.3_24.2,2025-06-06,41.10589361702127,47
5.1_19.3_24.2,2025-06-07,48.90014893617021,47
5.1_19.3_24.2,2025-06-08,42.3854375,48
5.1_19.3_24.2,2025-06-09,19.681729166666667,48
5.1_19.3_24.2,2025-06-10,10.111520833333334,48
5.1_19.3_24.2,2025-06-11,14.664708333333333,48
5.1_19.3_24.2,2025-06-12,23.081125,48
5.1_19.3_24.2,2025-06-13,22.019458333333333,48
5.1_19.3_24.2,2025-06-15,10.66185,40
5.1_19.3_24.2,2025-06-16,11.156422222222222,45
5.1_19.3_24.2,2025-06-22,7.920851063829787,47
5.1_19.3_24.2,2025-06-23,8.301851063829787,47
5.1_19.3_24.2,2025-06-24,8.084914893617022,47
5.1_19.3_24.2,2025-06-25,11.694255319148937,47
5.1_19.3_24.2,2025-06-26,10.732208333333332,48
5.1_19.3_24.2,2025-06-27,9.8502,45
5.1_19.3_24.2,2025-06-28,8.647297872340426,47
5.1_19.3_24.2,2025-06-29,5.7414375,48
5.1_19.3_24.2,2025-06-30,9.684127659574468,47
5.1_19.3_24.2,2025-07-01,8.424170212765958,47
5.1_19.3_24.2,2025-07-02,7.9078723404255324,47
5.1_19.3_24.2,2025-07-03,15.420125,48
5.1_19.3_24.2,2025-07-04,19.254562500000002,48
5.1_19.3_24.2,2025-07-05,24.25733333333333,48
5.1_19.3_24.2,2025-07-06,10.207041666666667,48
5.1_19.3_24.2,2025-07-07,10.383425531914893,47
5.1_19.3_24.2,2025-07-08,13.623,48
5.1_19.3_24.2,2025-07-09,21.837208333333333,48
5.1_19.3_24.2,2025-07-10,20.182000000000002,48
5.1_19.3_24.2,2025-07-11,12.091,48
5.1_19.3_24.2,2025-07-12,9.157083333333333,48
5.1_19.3_24.2,2025-07-13,5.664458333333333,48
5.1_19.3_24.2,2025-07-14,21.58825,48
5.1_19.3_24.2,2025-07-15,34.528333333333336,48
5.1_19.3_24.2,2025-07-16,34.858170212765955,47
5.1_19.3_24.2,2025-07-18,2.635854166666667,48
5.1_19.3_24.2,2025-07-19,3.402978260869565,46
5.1_19.3_24.2,2025-07-20,7.726625,48
5.1_19.3_24.2,2025-07-21,19.50472340425532,47
5.1_19.3_24.2,2025-07-22,6.560891304347826,46
5.1_19.3_24.2,2025-07-23,3.956020833333333,48
5.1_19.3_24.2,2025-07-24,13.219541666666666,48
5.1_19.3_24.2,2025-07-29,8.74709756097561,41
5.1_19.3_24.2,2025-07-30,13.9051875,48
5.1_19.3_24.2,2025-08-01,20.54851111111111,45
5.1_19.3_24.2,2025-08-06,23.083468085106382,47
5.1_19.3_24.2,2025-08-07,19.926382978723403,47
5.1_19.3_24.2,2025-08-08,14.834347826086958,46
5.1_19.3_24.2,2025-08-09,20.310541666666666,48
5.1_19.3_24.2,2025-08-10,26.5815625,48
5.1_19.3_24.2,2025-08-11,19.967022727272727,44
5.1_19.3_24.2,2025-08-12,15.097914893617022,47
5.1_19.3_24.2,2025-08-14,16.167458333333332,48
5.1_19.3_24.2,2025-08-15,24.24191666666667,48
5.1_19.3_24.2,2025-08-16,22.1705,48
5.1_19.3_24.2,2025-08-17,14.433854166666668,48
5.1_19.3_24.2,2025-08-18,3.17325,48
5.1_19.3_24.2,2025-08-19,6.132562500000001,48
5.1_19.3_24.2,2025-08-20,25.049119047619048,42
5.1_19.3_24.2,2025-08-21,2.3466590909090908,44
5.1_19.3_24.2,2025-08-22,3.145042553191489,47
5.1_19.3_24.2,2025-08-23,7.0409999999999995,48
5.1_19.3_24.2,2025-08-24,5.76495744680851,47
5.1_19.3_24.2,2025-08-25,3.439622222222222,45
5.1_19.3_24.2,2025-08-26,5.046125,48
5.1_19.3_24.2,2025-08-27,5.252434782608695,46
5.1_19.3_24.2,2025-08-28,4.167791666666667,48
5.1_19.3_24.2,2025-08-29,4.54645652173913,46
5.1_19.3_24.2,2025-08-30,3.0975434782608695,46
5.1_19.3_24.2,2025-08-31,5.474272727272727,44
5.1_19.3_24.2,2025-09-01,6.865674418604652,43
5.1_19.3_24.2,2025-09-02,4.3992272727272725,44
5.1_19.3_24.2,2025-09-03,5.69004255319149,47
5.1_19.3_24.2,2025-09-04,8.053041666666667,48
5.1_19.3_24.2,2025-09-05,16.757934782608697,46
5.1_19.3_24.2,2025-09-06,4.999511111111111,45
5.1_19.3_24.2,2025-09-07,3.2353617021276597,47
5.1_19.3_24.2,2025-09-08,4.375340425531915,47
5.1_19.3_24.2,2025-09-09,3.3444375,48
5.1_19.3_24.2,2025-09-10,5.3434042553191485,47
5.1_19.3_24.2,2025-09-11,6.864645833333333,48
5.1_19.3_24.2,2025-09-12,9.798729166666666,48
5.1_19.3_24.2,2025-09-13,9.386041666666667,48
5.1_19.3_24.2,2025-09-14,14.058416666666666,48
5.1_19.3_24.2,2025-09-15,12.209021739130435,46
5.1_19.3_24.2,2025-09-16,10.301425531914894,47
5.1_19.3_24.2,2025-09-17,15.343020833333332,48
5.1_19.3_24.2,2025-09-18,11.881702127659574,47
5.1_19.3_24.2,2025-09-19,12.851625,48
5.1_19.3_24.2,2025-09-20,4.168958333333333,48
5.1_19.3_24.2,2025-09-21,11.156191489361703,47
5.1_19.3_24.2,2025-09-22,12.286791666666666,48
5.1_19.3_24.2,2025-09-23,8.218733333333333,45
5.1_19.3_24.2,2025-09-24,11.298466666666666,45
5.1_19.3_24.2,2025-11-23,7.5227916666666665,48
5.1_19.3_24.2,2025-11-24,4.4197500000000005,48
5.1_19.3_24.2,2025-11-25,7.772311111111112,45
5.1_19.3_24.2,2025-11-26,8.387578947368421,38
5.1_19.3_24.2,2025-11-28,3.689657894736842,38
5.1_19.3_24.2,2025-11-30,6.281756097560976,41
5.1_19.3_24.2,2025-12-01,4.679590909090909,44
5.1_19.3_24.2,2025-12-02,10.534604166666666,48
5.1_19.3_24.2,2025-12-03,18.41523076923077,39
5.1_19.3_24.2,2025-12-05,6.714291666666667,48
5.1_19.3_24.2,2025-12-06,24.040422222222222,45
5.1_19.3_24.2,2025-12-07,21.594958333333334,48
5.1_19.3_24.2,2025-12-08,3.0506511627906976,43
5.1_19.3_24.2,2025-12-09,5.910288888888888,45
5.1_19.3_24.2,2025-12-11,2.516674418604651,43
5.1_19.3_24.2,2025-12-12,5.3876875,48
5.1_19.3_24.2,2025-12-13,15.633575,40
5.1_19.3_24.2,2025-12-14,2.6356458333333332,48
5.1_19.3_24.2,2025-12-15,5.6297291666666665,48
5.1_19.3_24.2,2025-12-16,8.091127659574468,47
5.1_19.3_24.2,2025-12-18,12.846533333333333,45
5.1_19.3_24.2,2025-12-20,5.502391304347826,46
5.1_19.3_24.2,2025-12-21,3.9339574468085106,47
5.1_19.3_24.2,2025-12-22,7.897681818181819,44
7.1_4.1,2024-11-17,15.067324324324323,37
7.1_4.1,2024-11-23,2.0325,44
7.1_4.1,2024-11-28,13.600975,40
7.1_4.1,2025-01-05,5.979736842105263,38
7.1_4.1,2025-01-19,2.8727837837837837,37
7.1_4.1,2025-01-26,6.7054583333333335,48
7.1_4.1,2025-01-27,5.384311111111111,45
7.1_4.1,2025-01-28,4.370355555555555,45
7.1_4.1,2025-02-08,10.147805555555555,36
7.1_4.1,2025-02-13,23.05227083333333,48
7.1_4.1,2025-02-14,7.659,44
7.1_4.1,2025-02-27,80.46777272727272,44
7.1_4.1,2025-02-28,12.91952380952381,42
7.1_4.1,2025-03-10,4.123225,40
7.1_4.1,2025-04-02,7.749625000000001,48
7.1_4.1,2025-04-03,4.247166666666668,48
7.1_4.1,2025-04-04,2.4388260869565217,46
7.1_4.1,2025-04-05,15.882106382978723,47
7.1_4.1,2025-04-06,9.735263157894737,38
7.1_4.1,2025-04-07,6.354268292682927,41
7.1_4.1,2025-04-08,2.84946511627907,43
7.1_4.1,2025-04-09,4.788613636363636,44
7.1_4.1,2025-04-10,25.980090909090908,44
7.1_4.1,2025-04-11,12.634,36
7.1_4.1,2025-04-12,7.745051282051282,39
7.1_4.1,2025-04-13,8.503116279069767,43
7.1_4.1,2025-04-14,5.524617021276596,47
7.1_4.1,2025-04-15,2.156913043478261,46
7.1_4.1,2025-04-16,2.8407391304347827,46
7.1_4.1,2025-04-17,7.165951219512196,41
7.1_4.1,2025-04-18,6.9140212765957445,47
7.1_4.1,2025-04-19,9.145020833333334,48
7.1_4.1,2025-04-20,3.8406153846153845,39
7.1_4.1,2025-04-21,5.598232558139535,43
7.1_4.1,2025-04-22,2.0420416666666665,48
7.1_4.1,2025-04-23,5.4946,45
7.1_4.1,2025-04-24,8.35351111111111,45
7.1_4.1,2025-04-25,6.582697674418605,43
7.1_4.1,2025-04-26,13.010422222222223,45
7.1_4.1,2025-04-27,4.210590909090909,44
7.1_4.1,2025-04-28,5.765808510638298,47
7.1_4.1,2025-04-29,5.823675,40
7.1_4.1,2025-05-23,2.2445,44
7.1_4.1,2025-06-02,5.470073170731707,41
7.1_4.1,2025-06-06,37.284390243902436,41
7.1_4.1,2025-07-22,5.999868421052632,38
7.1_4.1,2025-08-06,23.98871111111111,45
7.2,2025-10-04,11.235090909090909,44
7.2,2025-10-05,9.79536170212766,47
7.2,2025-10-06,4.5018,45
7.2,2025-10-07,11.684860465116278,43
7.2,2025-10-08,1.8080217391304347,46
7.2,2025-10-09,1.482,47
7.2,2025-10-10,2.526977272727273,44
7.2,2025-10-11,2.643851063829787,47
7.2,2025-10-12,7.811311111111111,45
7.2,2025-10-13,3.5911111111111107,45
7.2,2025-10-14,4.474119047619047,42
7.2,2025-10-15,2.1975000000000002,46
7.2,2025-10-16,1.8232340425531914,47
7.2,2025-10-17,3.2600714285714285,42
7.2,2025-10-18,5.116488888888889,45
7.2,2025-10-19,9.40940425531915,47
7.2,2025-10-21,3.3124,45
7.2,2025-10-22,3.3413846153846154,39
7.2,2025-10-23,3.2154444444444445,36
7.2,2025-11-04,2.631225,40
7.2,2025-11-05,5.0730249999999995,40
7.2,2025-11-06,2.3144893617021274,47
7.2,2025-11-07,8.857431818181817,44
7.2,2025-11-08,13.004733333333332,45
7.2,2025-11-09,10.198466666666667,45
7.2,2025-11-10,2.4958222222222224,45
7.2,2025-11-11,4.936617021276596,47
7.2,2025-11-12,4.037957446808511,47
7.2,2025-11-13,3.6034042553191488,47
7.2,2025-11-14,9.600111111111111,45
7.2,2025-11-15,14.662148936170212,47
7.2,2025-11-16,3.380553191489362,47
7.2,2025-11-17,1.9056666666666666,45
7.2,2025-11-18,8.158659574468086,47
7.2,2025-11-19,13.02204347826087,46
7.2,2025-11-20,24.989021739130433,46
7.2,2025-11-21,27.648466666666668,45
7.2,2025-11-22,25.11991666666667,48
7.2,2025-11-23,13.778770833333333,48
7.2,2025-11-24,6.03468085106383,47
7.2,2025-11-25,11.97204255319149,47
7.2,2025-11-26,25.40011904761905,42
7.2,2025-11-27,2.665729166666667,48
7.2,2025-11-28,3.8439791666666667,48
7.2,2025-11-29,4.0314,45
7.2,2025-11-30,7.139851063829787,47
7.2,2025-12-01,4.604066666666667,45
7.2,2025-12-03,17.8475,46
7.2,2025-12-04,18.408021276595743,47
7.2,2025-12-05,6.764708333333333,48
7.2,2025-12-06,26.91548936170213,47
7.2,2025-12-07,22.912937499999998,48
7.2,2025-12-08,2.5649166666666665,48
7.2,2025-12-09,5.271282608695652,46
7.2,2025-12-10,14.064521739130434,46
7.2,2025-12-11,2.4522127659574466,47
7.2,2025-12-12,5.567936170212766,47
7.2,2025-12-13,16.824208333333335,48
7.2,2025-12-14,2.807375,48
7.2,2025-12-15,6.623978723404256,47
7.2,2025-12-16,7.5399361702127665,47
7.2,2025-12-17,10.304020833333334,48
7.2,2025-12-18,14.654782608695655,46
7.2,2025-12-19,5.980162162162162,37
7.2,2025-12-20,6.1879375,48
7.2,2025-12-21,3.651851063829787,47
7.2,2025-12-22,9.598531914893616,47
7.2,2025-12-25,20.453410256410255,39
7.2,2025-12-26,10.350717948717948,39
7.2,2025-12-29,5.134617021276596,47
7.2,2025-12-30,3.553291666666667,48
7.2,2025-12-31,11.312744680851063,47
8.1_34.2,2024-11-12,1.9021136363636364,44
8.1_34.2,2024-11-21,3.898948717948718,39
8.1_34.2,2024-11-22,10.574302325581396,43
8.1_34.2,2024-11-23,3.9297608695652175,46
8.1_34.2,2024-11-24,15.12404347826087,46
8.1_34.2,2024-11-29,8.270955555555556,45
8.1_34.2,2024-11-30,6.886891304347826,46
8.1_34.2,2024-12-01,5.526021276595745,47
8.1_34.2,2024-12-02,9.601354166666667,48
8.1_34.2,2024-12-03,14.512553191489362,47
8.1_34.2,2024-12-04,13.631391304347826,46
8.1_34.2,2024-12-05,5.819276595744681,47
8.1_34.2,2024-12-06,4.718652173913044,46
8.1_34.2,2024-12-07,4.635260869565218,46
8.1_34.2,2024-12-08,6.175909090909091,44
8.1_34.2,2024-12-09,7.478391304347826,46
8.1_34.2,2024-12-12,4.901086956521739,46
8.1_34.2,2024-12-13,4.933326086956522,46
8.1_34.2,2024-12-14,9.8478,45
8.1_34.2,2024-12-20,17.46129268292683,41
8.1_34.2,2024-12-21,2.9500666666666664,45
8.1_34.2,2024-12-22,2.7712340425531914,47
8.1_34.2,2024-12-23,6.2984,45
8.1_34.2,2024-12-24,19.4224,40
8.1_34.2,2024-12-25,31.2213488372093,43
8.1_34.2,2024-12-31,10.03642105263158,38
8.1_34.2,2025-02-08,9.251564102564103,39
8.1_34.2,2025-02-17,4.4608888888888885,36
8.1_34.2,2025-02-21,3.366277777777778,36
8.1_34.2,2025-03-01,2.7631111111111113,36
8.1_34.2,2025-03-02,4.370552631578947,38
8.1_34.2,2025-03-26,4.332631578947368,38
8.1_34.2,2025-08-12,14.745358974358975,39
8.1_34.2,2025-08-18,3.8142325581395347,43
8.1_34.2,2025-08-19,4.91195,40
8.1_34.2,2025-08-30,4.488261904761905,42
8.1_34.2,2025-09-01,6.1664,40
8.1_34.2,2025-09-02,4.199268292682927,41
8.1_34.2,2025-09-13,10.553307692307692,39
8.1_34.2,2025-09-14,16.156625000000002,40
8.1_34.2,2025-09-17,16.427,38
8.1_34.2,2025-09-18,12.418923076923077,39
8.1_34.2,2025-09-19,11.900902439024389,41
8.1_34.2,2025-09-20,4.500589743589743,39
8.1_34.2,2025-09-21,7.855829268292683,41
8.1_34.2,2025-09-30,6.243138888888889,36
8.1_34.2,2025-10-01,3.4827560975609755,41
8.1_34.2,2025-10-02,2.711227272727273,44
8.1_34.2,2025-10-03,7.375377777777778,45
8.1_34.2,2025-10-04,10.673767441860464,43
8.1_34.2,2025-10-05,10.9692,45
8.1_34.2,2025-10-06,4.641906976744186,43
8.1_34.2,2025-10-08,1.5910243902439023,41
8.1_34.2,2025-10-09,2.14135,40
8.1_34.2,2025-10-10,2.580348837209302,43
8.1_34.2,2025-10-11,2.629888888888889,45
8.1_34.2,2025-10-12,7.16993023255814,43
8.1_34.2,2025-10-13,5.019586956521739,46
8.1_34.2,2025-10-14,6.1171951219512195,41
8.1_34.2,2025-10-15,2.796173913043478,46
8.1_34.2,2025-10-16,2.942934782608696,46
8.1_34.2,2025-10-17,2.883326086956522,46
8.1_34.2,2025-10-18,5.296153846153846,39
8.1_34.2,2025-10-19,9.359333333333334,39
8.1_34.2,2025-10-29,3.742421052631579,38
8.1_34.2,2025-11-28,3.1544615384615384,39
8.1_34.2,2025-11-30,5.666363636363636,44
8.1_34.2,2025-12-03,16.090906976744186,43
8.1_34.2,2025-12-04,15.170238095238096,42
8.2,2025-12-23,11.462375,48
8.2,2025-12-24,15.970369565217391,46
8.2,2025-12-27,9.049604166666667,48
8.2,2025-12-29,3.887404255319149,47
8.2,2025-12-30,2.798291666666667,48
8.2,2025-12-31,10.984255319148936,47
9.1_17.2,2024-11-13,2.1715625,48
9.1_17.2,2024-11-14,6.509166666666666,48
9.1_17.2,2024-11-15,38.33289583333334,48
9.1_17.2,2024-11-16,2.7332083333333332,48
9.1_17.2,2024-11-17,9.0215625,48
9.1_17.2,2024-11-18,15.787791666666667,48
9.1_17.2,2024-11-19,14.189468085106384,47
9.1_17.2,2024-11-20,7.865083333333334,48
9.1_17.2,2024-11-21,3.2050425531914892,47
9.1_17.2,2024-11-22,4.923416666666666,48
9.1_17.2,2024-11-23,1.5092820512820513,39
9.1_17.2,2024-11-25,11.391923076923076,39
9.1_17.2,2024-11-26,7.797458333333334,48
9.1_17.2,2024-11-27,4.7306875,48
9.1_17.2,2024-11-28,9.835270833333333,48
9.1_17.2,2024-11-29,6.759354166666666,48
9.1_17.2,2024-11-30,5.501541666666666,48
9.1_17.2,2024-12-01,4.1493125,48
9.1_17.2,2024-12-02,7.015333333333333,48
9.1_17.2,2024-12-03,11.199270833333333,48
9.1_17.2,2024-12-04,9.942604166666667,48
9.1_17.2,2024-12-05,4.383934782608696,46
9.1_17.2,2024-12-06,3.0206458333333335,48
9.1_17.2,2024-12-07,3.0816041666666667,48
9.1_17.2,2024-12-08,4.586229166666667,48
9.1_17.2,2024-12-09,6.910777777777778,45
9.1_17.2,2024-12-12,4.130095238095238,42
9.1_17.2,2024-12-13,3.594854166666667,48
9.1_17.2,2024-12-14,5.5020625,48
9.1_17.2,2024-12-15,17.037875,48
9.1_17.2,2024-12-17,8.940605263157895,38
9.1_17.2,2024-12-18,38.8671875,48
9.1_17.2,2024-12-19,4.425,48
9.1_17.2,2024-12-20,13.258875000000002,48
9.1_17.2,2024-12-21,2.3794468085106386,47
9.1_17.2,2024-12-22,2.0318958333333335,48
9.1_17.2,2024-12-23,5.000333333333334,48
9.1_17.2,2024-12-24,15.826770833333335,48
9.1_17.2,2024-12-25,19.315645833333335,48
9.1_17.2,2024-12-26,10.350229166666667,48
9.1_17.2,2024-12-27,9.786021739130435,46
9.1_17.2,2024-12-28,4.522125,48
9.1_17.2,2024-12-29,8.536380952380952,42
9.1_17.2,2024-12-30,3.505025,40
9.1_17.2,2024-12-31,9.71053846153846,39
9.1_17.2,2025-01-01,6.422583333333334,48
9.1_17.2,2025-01-02,6.9558125,48
9.1_17.2,2025-01-03,8.1161875,48
9.1_17.2,2025-01-04,1.9186666666666667,48
9.1_17.2,2025-01-05,5.272958333333333,48
9.1_17.2,2025-01-06,5.016541666666667,48
9.1_17.2,2025-01-07,2.0171875,48
9.1_17.2,2025-01-08,2.2207083333333335,48
9.1_17.2,2025-01-09,2.2537291666666666,48
9.1_17.2,2025-01-10,9.767416666666668,48
9.1_17.2,2025-01-11,21.489708333333333,48
9.1_17.2,2025-01-12,18.635348837209303,43
9.1_17.2,2025-01-13,5.20675,48
9.1_17.2,2025-01-14,3.3931063829787234,47
9.1_17.2,2025-01-15,4.8271875,48
9.1_17.2,2025-01-16,13.589354166666668,48
9.1_17.2,2025-01-17,18.427659574468088,47
9.1_17.2,2025-01-18,5.576833333333333,48
9.1_17.2,2025-01-19,2.59336170212766,47
9.1_17.2,2025-01-20,2.563833333333333,48
9.1_17.2,2025-01-21,3.272125,48
9.1_17.2,2025-01-22,2.1310208333333334,48
9.1_17.2,2025-01-23,5.740347826086957,46
9.1_17.2,2025-01-24,3.9160425531914895,47
9.1_17.2,2025-01-25,8.05175,48
9.1_17.2,2025-01-26,5.284583333333333,48
9.1_17.2,2025-01-27,3.4800625000000003,48
9.1_17.2,2025-01-28,3.653020833333333,48
9.1_17.2,2025-01-29,2.9349583333333333,48
9.1_17.2,2025-01-30,4.820333333333333,48
9.1_17.2,2025-01-31,12.097083333333334,48
9.1_17.2,2025-02-01,11.712062499999998,48
9.1_17.2,2025-02-02,7.462958333333333,48
9.1_17.2,2025-02-03,35.992875,48
9.1_17.2,2025-02-04,7.994937499999997,48
9.1_17.2,2025-02-05,2.045375,48
9.1_17.2,2025-02-06,5.767625,48
9.1_17.2,2025-05-08,8.143020833333333,48
9.1_17.2,2025-05-09,6.9088125,48
9.1_17.2,2025-05-10,4.898166666666667,48
9.1_17.2,2025-05-11,4.247041666666666,48
9.1_17.2,2025-05-12,6.8183125,48
9.1_17.2,2025-05-13,7.1868541666666665,48
9.1_17.2,2025-05-14,2.8694583333333332,48
9.1_17.2,2025-05-15,13.6436875,48
9.1_17.2,2025-05-16,7.184270833333334,48
9.1_17.2,2025-05-17,3.9564375,48
9.1_17.2,2025-05-18,5.164604166666667,48
9.1_17.2,2025-05-19,6.232770833333333,48
9.1_17.2,2025-05-20,5.6000625,48
9.1_17.2,2025-05-21,12.310875,48
9.1_17.2,2025-05-22,5.978229166666666,48
9.1_17.2,2025-05-23,1.75,48
9.1_17.2,2025-05-24,1.5964791666666667,48
9.1_17.2,2025-05-25,6.419041666666668,48
9.1_17.2,2025-05-26,9.505104166666667,48
9.1_17.2,2025-05-27,4.057666666666667,48
9.1_17.2,2025-05-28,3.375395833333333,48
9.1_17.2,2025-05-29,19.805854166666666,48
9.1_17.2,2025-05-30,12.137333333333332,48
9.1_17.2,2025-05-31,8.400083333333335,48
9.1_17.2,2025-06-01,6.036479166666667,48
9.1_17.2,2025-06-02,5.4463125,48
9.1_17.2,2025-06-03,9.363541666666666,48
9.1_17.2,2025-06-04,27.546916666666668,48
9.1_17.2,2025-06-05,31.09475,48
9.1_17.2,2025-06-06,52.35525,48
9.1_17.2,2025-06-07,49.71874468085107,47
9.1_17.2,2025-06-08,46.28870833333333,48
9.1_17.2,2025-06-09,23.7728125,48
9.1_17.2,2025-06-10,11.729770833333333,48
9.1_17.2,2025-06-11,15.724020833333332,48
9.1_17.2,2025-06-12,23.3505,48
9.1_17.2,2025-06-13,23.277916666666666,48
9.1_17.2,2025-06-14,18.70525,48
9.1_17.2,2025-06-15,12.869,48
9.1_17.2,2025-06-16,10.804895833333333,48
9.1_17.2,2025-06-17,13.660708333333334,48
9.1_17.2,2025-06-18,9.455375,48
9.1_17.2,2025-06-19,6.857020833333333,48
9.1_17.2,2025-06-20,8.208625,48
9.1_17.2,2025-06-21,13.856499999999999,48
9.1_17.2,2025-06-22,9.066041666666667,48
9.1_17.2,2025-06-23,9.1370625,48
9.1_17.2,2025-06-24,9.533,48
9.1_17.2,2025-06-25,12.565291666666667,48
9.1_17.2,2025-06-26,14.9441875,48
9.1_17.2,2025-06-27,13.270041666666666,48
9.1_17.2,2025-06-28,10.623916666666668,48
9.1_17.2,2025-06-29,6.063104166666666,48
9.1_17.2,2025-06-30,11.264479166666666,48
9.1_17.2,2025-07-01,8.571708333333333,48
9.1_17.2,2025-07-02,9.180041666666668,48
9.1_17.2,2025-07-03,18.103083333333334,48
9.1_17.2,2025-07-04,20.612270833333334,48
9.1_17.2,2025-07-05,26.50858333333333,48
9.1_17.2,2025-07-06,11.6711875,48
9.1_17.2,2025-07-07,9.784354166666667,48
9.1_17.2,2025-07-08,14.308041666666668,48
9.1_17.2,2025-07-09,24.36119512195122,41
9.1_17.2,2025-07-10,21.93058333333333,48
9.1_17.2,2025-07-11,15.786354166666667,48
9.1_17.2,2025-07-12,10.30175,48
9.1_17.2,2025-07-13,5.4031875,48
9.1_17.2,2025-07-14,23.207041666666665,48
9.1_17.2,2025-07-15,38.07170833333333,48
9.1_17.2,2025-07-16,41.70466666666667,48
9.1_17.2,2025-07-17,10.944812500000001,48
9.1_17.2,2025-07-18,2.13875,48
9.1_17.2,2025-07-19,4.107354166666667,48
9.1_17.2,2025-07-20,7.086749999999999,48
9.1_17.2,2025-07-21,22.47372916666667,48
9.1_17.2,2025-07-22,6.854958333333333,48
9.1_17.2,2025-07-23,4.514458333333334,48
9.1_17.2,2025-07-24,15.8330625,48
9.1_17.2,2025-07-25,16.423645833333335,48
9.1_17.2,2025-07-26,13.9485625,48
9.1_17.2,2025-07-27,11.943458333333334,48
9.1_17.2,2025-07-28,15.637166666666666,48
9.1_17.2,2025-07-29,10.327520833333333,48
9.1_17.2,2025-07-30,15.163479166666667,48
9.1_17.2,2025-07-31,43.620625,48
9.1_17.2,2025-08-01,19.845645833333332,48
9.1_17.2,2025-08-02,6.7960416666666665,48
9.1_17.2,2025-08-03,13.132833333333332,48
9.1_17.2,2025-08-04,41.9798125,48
9.1_17.2,2025-08-05,44.1886875,48
9.1_17.2,2025-08-06,25.879833333333334,48
9.1_17.2,2025-08-07,22.2429375,48
9.1_17.2,2025-08-08,18.107770833333333,48
9.1_17.2,2025-08-09,22.319020833333333,48
9.1_17.2,2025-08-10,28.467666666666666,48
9.1_17.2,2025-08-11,22.167312499999998,48
9.1_17.2,2025-08-12,14.428291666666667,48
9.1_17.2,2025-08-13,9.760479166666668,48
9.1_17.2,2025-08-14,18.197875,48
9.1_17.2,2025-08-15,28.424979166666667,48
9.1_17.2,2025-08-16,22.082895833333332,48
9.1_17.2,2025-08-17,15.362645833333334,48
9.1_17.2,2025-08-18,3.221125,48
9.1_17.2,2025-08-19,7.736604166666666,48
9.1_17.2,2025-08-20,26.36895833333333,48
9.1_17.2,2025-08-21,2.8414375,48
9.1_17.2,2025-08-22,2.330041666666667,48
9.1_17.2,2025-08-23,8.7658125,48
9.1_17.2,2025-08-24,6.152895833333334,48
9.1_17.2,2025-08-25,2.571270833333333,48
9.1_17.2,2025-08-26,3.8929791666666667,48
9.1_17.2,2025-08-27,4.658833333333333,48
9.1_17.2,2025-08-28,5.747416666666667,48
9.1_17.2,2025-08-29,3.8799999999999994,48
9.1_17.2,2025-08-30,4.089875,48
9.1_17.2,2025-08-31,6.233895833333333,48
9.1_17.2,2025-09-01,6.099104166666667,48
9.1_17.2,2025-09-02,5.848645833333333,48
9.1_17.2,2025-09-03,7.730874999999999,48
9.1_17.2,2025-09-04,8.278041666666667,48
9.1_17.2,2025-09-05,20.923458333333333,48
9.1_17.2,2025-09-06,4.3720625,48
9.1_17.2,2025-09-07,3.2365833333333334,48
9.1_17.2,2025-09-08,6.536041666666667,48
9.1_17.2,2025-09-09,4.856833333333333,48
9.1_17.2,2025-09-10,6.618145833333333,48
9.1_17.2,2025-09-11,12.332749999999999,48
9.1_17.2,2025-09-12,16.873604166666667,48
9.1_17.2,2025-09-13,10.864875,48
9.1_17.2,2025-09-14,22.871187499999998,48
9.1_17.2,2025-09-15,13.163833333333333,48
9.1_17.2,2025-09-16,10.092625,48
9.1_17.2,2025-09-17,19.628833333333333,48
9.1_17.2,2025-09-18,16.279666666666667,48
9.1_17.2,2025-09-19,14.240375,48
9.1_17.2,2025-09-20,4.406625,48
9.1_17.2,2025-09-21,12.3386875,48
9.1_17.2,2025-09-22,13.7228125,48
9.1_17.2,2025-09-23,10.016125,48
9.1_17.2,2025-09-24,13.038895833333333,48
9.1_17.2,2025-09-25,24.788333333333334,48
9.1_17.2,2025-09-26,29.68927083333333,48
9.1_17.2,2025-09-27,13.542041666666666,48
9.1_17.2,2025-09-28,12.831000000000001,48
9.1_17.2,2025-09-29,13.733354166666667,48
9.1_17.2,2025-09-30,10.299083333333332,48
9.1_17.2,2025-10-01,2.5224583333333332,48
9.1_17.2,2025-10-04,11.905895833333334,48
9.1_17.2,2025-10-05,13.337770833333334,48
9.1_17.2,2025-10-06,6.031604166666667,48
9.1_17.2,2025-10-07,5.5453125,48
9.1_17.2,2025-10-08,1.7303125,48
9.1_17.2,2025-10-09,1.9670208333333332,48
9.1_17.2,2025-10-10,4.827854166666667,48
9.1_17.2,2025-10-11,3.0658333333333334,48
9.1_17.2,2025-10-12,6.3523125,48
9.1_17.2,2025-10-13,6.34436170212766,47
9.1_17.2,2025-10-20,2.4653953488372093,43
9.1_17.2,2025-10-21,3.7285416666666666,48
9.1_17.2,2025-10-22,3.0052708333333333,48
9.1_17.2,2025-10-23,2.924375,48
9.1_17.2,2025-10-24,3.2809166666666667,48
9.1_17.2,2025-10-25,5.258479166666667,48
9.1_17.2,2025-10-26,7.6040625,48
9.1_17.2,2025-10-27,3.215020833333333,48
9.1_17.2,2025-10-28,2.7137083333333334,48
9.1_17.2,2025-10-29,3.3991458333333333,48
9.1_17.2,2025-10-30,3.542222222222222,45
9.1_17.2,2025-10-31,3.7661249999999997,48
9.1_17.2,2025-11-01,10.60725,48
9.1_17.2,2025-11-02,23.613791666666668,48
9.1_17.2,2025-11-03,16.779520833333333,48
9.1_17.2,2025-11-04,2.4124375000000002,48
9.1_17.2,2025-11-05,5.789104166666667,48
9.1_17.2,2025-11-06,2.3742083333333333,48
9.1_17.2,2025-11-07,10.329541666666666,48
9.1_17.2,2025-11-08,9.381916666666665,48
9.1_17.2,2025-11-09,8.779979166666667,48
9.1_17.2,2025-11-10,1.7287083333333333,48
9.1_17.2,2025-11-11,5.986520833333333,48
9.1_17.2,2025-11-12,5.036625,48
9.1_17.2,2025-11-13,3.1665,48
9.1_17.2,2025-11-14,9.490979166666667,48
9.1_17.2,2025-11-15,17.240145833333333,48
9.1_17.2,2025-11-16,3.611583333333334,48
9.1_17.2,2025-11-17,1.829125,48
9.1_17.2,2025-11-18,12.403083333333333,48
9.1_17.2,2025-11-19,16.43135416666667,48
9.1_17.2,2025-11-20,31.260644444444445,45
9.1_17.2,2025-11-21,25.605708333333332,48
9.1_17.2,2025-11-22,14.3804375,48
9.1_17.2,2025-11-23,14.091625,48
9.1_17.2,2025-11-24,6.0425,48
9.1_17.2,2025-11-26,8.912341463414634,41
9.1_17.2,2025-11-27,3.9723750000000004,48
9.1_17.2,2025-11-28,3.4099166666666667,48
9.1_17.2,2025-11-29,4.9768333333333334,48
9.1_17.2,2025-11-30,9.2775625,48
9.1_17.2,2025-12-01,5.787791666666666,48
9.1_17.2,2025-12-02,13.55331914893617,47
9.1_17.2,2025-12-03,22.656416666666665,48
9.1_17.2,2025-12-04,20.368875000000003,48
9.1_17.2,2025-12-05,9.826812499999999,48
9.1_17.2,2025-12-06,29.067604166666666,48
9.1_17.2,2025-12-07,23.460291666666667,48
9.1_17.2,2025-12-08,3.580375,48
9.1_17.2,2025-12-09,7.3616874999999995,48
9.1_17.2,2025-12-10,12.650604166666666,48
9.1_17.2,2025-12-11,2.087833333333333,48
9.1_17.2,2025-12-12,5.9533958333333334,48
9.1_17.2,2025-12-13,20.012520833333333,48
9.1_17.2,2025-12-14,3.4264166666666664,48
9.1_17.2,2025-12-15,8.580041666666666,48
9.1_17.2,2025-12-16,10.472104166666666,48
9.1_17.2,2025-12-17,12.961958333333333,48
9.1_17.2,2025-12-18,15.347666666666667,48
9.1_17.2,2025-12-19,7.7455,48
9.1_17.2,2025-12-20,8.288729166666666,48
9.1_17.2,2025-12-21,4.7087916666666665,48
9.1_17.2,2025-12-22,11.934395833333333,48
9.1_17.2,2025-12-23,18.492,48
9.1_17.2,2025-12-24,20.90747916666667,48
9.1_17.2,2025-12-25,23.913375000000002,48
9.1_17.2,2025-12-26,16.172708333333333,48
9.1_17.2,2025-12-27,13.358395833333333,48
9.1_17.2,2025-12-28,49.425488888888886,45
9.1_17.2,2025-12-29,5.913187499999999,48
9.1_17.2,2025-12-30,4.6178333333333335,48
9.1_17.2,2025-12-31,16.229531914893617,47
9.2,2025-10-23,2.4415531914893616,47
9.2,2025-10-24,2.0634782608695654,46
9.2,2025-10-25,2.8684347826086958,46
9.2,2025-10-26,3.5346304347826085,46
9.2,2025-10-27,1.9370425531914892,47
9.2,2025-10-28,2.178707317073171,41
9.2,2025-10-29,2.094826086956522,46
9.2,2025-10-30,2.6290425531914896,47
9.2,2025-10-31,1.967804347826087,46
9.2,2025-11-01,7.2555555555555555,45
9.2,2025-11-02,13.53919512195122,41
9.2,2025-11-03,8.496619047619047,42
9.2,2025-11-04,1.8044893617021276,47
9.2,2025-11-05,4.327155555555556,45
9.2,2025-11-06,1.468,41
9.2,2025-11-07,6.509750000000001,44
9.2,2025-11-08,5.579627906976745,43
9.2,2025-11-09,4.565489361702127,47
9.2,2025-11-10,1.4264999999999999,42
9.2,2025-11-11,3.52709756097561,41
9.2,2025-11-12,3.4448936170212767,47
9.2,2025-11-13,2.7270638297872343,47
9.2,2025-11-14,5.333808510638298,47
9.2,2025-11-15,11.857673913043477,46
9.2,2025-11-16,3.0323333333333333,45
9.2,2025-11-17,1.6554090909090908,44
9.2,2025-11-18,6.4139333333333335,45
9.2,2025-11-19,10.694476190476191,42
9.2,2025-11-20,18.45788888888889,45
9.2,2025-11-21,18.65231111111111,45
9.2,2025-11-22,10.650953488372096,43
9.2,2025-11-23,8.472152173913043,46
9.2,2025-11-24,4.354236842105263,38
9.2,2025-11-25,6.186431818181818,44
9.2,2025-11-26,9.599195652173911,46
9.2,2025-11-27,2.140731707317073,41
9.2,2025-11-28,1.9429,40
9.2,2025-11-29,2.958725,40
9.2,2025-11-30,5.758368421052632,38
9.2,2025-12-01,4.031512195121951,41
9.2,2025-12-02,7.349410256410256,39
9.2,2025-12-03,15.274121951219513,41
9.2,2025-12-04,12.955627906976742,43
9.2,2025-12-05,5.553511111111111,45
9.2,2025-12-06,19.459780487804878,41
9.2,2025-12-07,17.37074418604651,43
9.2,2025-12-08,2.2565227272727273,44
9.2,2025-12-09,5.182439024390244,41
9.2,2025-12-10,8.739511111111112,45
9.2,2025-12-11,1.7015333333333333,45
9.2,2025-12-12,3.7918222222222226,45
9.2,2025-12-13,13.795071428571429,42
9.2,2025-12-14,2.3754999999999997,46
9.2,2025-12-15,5.1617435897435895,39
9.2,2025-12-16,5.350675,40
