site_id,date,n_measurements
1.1,2024-11-01,0
1.1,2024-11-02,0
1.1,2024-11-03,0
1.1,2024-11-04,0
1.1,2024-11-05,0
1.1,2024-11-06,0
1.1,2024-11-07,0
1.1,2024-11-08,0
1.1,2024-11-09,0
1.1,2024-11-10,0
1.1,2024-11-11,1
1.1,2024-11-12,6
1.1,2024-11-13,7
1.1,2024-11-14,8
1.1,2024-11-15,6
1.1,2024-11-16,9
1.1,2024-11-17,18
1.1,2024-11-18,5
1.1,2024-11-19,7
1.1,2024-11-20,8
1.1,2024-11-21,10
1.1,2024-11-22,9
1.1,2024-11-23,15
1.1,2024-11-24,13
1.1,2024-11-25,15
1.1,2024-11-26,19
1.1,2024-11-27,20
1.1,2024-11-28,13
1.1,2024-11-29,21
1.1,2024-11-30,18
1.1,2024-12-01,18
1.1,2024-12-02,10
1.1,2024-12-03,6
1.1,2024-12-04,6
1.1,2024-12-05,16
1.1,2024-12-06,9
1.1,2024-12-07,1
1.1,2024-12-08,3
1.1,2024-12-09,11
1.1,2024-12-10,9
1.1,2024-12-11,4
1.1,2024-12-12,17
1.1,2024-12-13,15
1.1,2024-12-14,12
1.1,2024-12-15,0
1.1,2024-12-16,2
1.1,2024-12-17,11
1.1,2024-12-18,4
1.1,2024-12-19,17
1.1,2024-12-20,21
1.1,2024-12-21,13
1.1,2024-12-22,11
1.1,2024-12-23,14
1.1,2024-12-24,10
1.1,2024-12-25,16
1.1,2024-12-26,13
1.1,2024-12-27,1
1.1,2024-12-28,2
1.1,2024-12-29,4
1.1,2024-12-30,2
1.1,2024-12-31,2
1.1,2025-01-01,4
1.1,2025-01-02,7
1.1,2025-01-03,12
1.1,2025-01-04,13
1.1,2025-01-05,20
1.1,2025-01-06,17
1.1,2025-01-07,7
1.1,2025-01-08,7
1.1,2025-01-09,10
1.1,2025-01-10,22
1.1,2025-01-11,19
1.1,2025-01-12,11
1.1,2025-01-13,0
1.1,2025-01-14,15
1.1,2025-01-15,10
1.1,2025-01-16,12
1.1,2025-01-17,10
1.1,2025-01-18,1
1.1,2025-01-19,12
1.1,2025-01-20,10
1.1,2025-01-21,18
1.1,2025-01-22,14
1.1,2025-01-23,13
1.1,2025-01-24,6
1.1,2025-01-25,6
1.1,2025-01-26,1
1.1,2025-01-27,0
1.1,2025-01-28,0
1.1,2025-01-29,0
1.1,2025-01-30,0
1.1,2025-01-31,0
1.1,2025-02-01,4
1.1,2025-02-02,21
1.1,2025-02-03,0
1.1,2025-02-04,0
1.1,2025-02-05,8
1.1,2025-02-06,2
1.1,2025-02-07,2
1.1,2025-02-08,17
1.1,2025-02-09,3
1.1,2025-02-10,2
1.1,2025-02-11,3
1.1,2025-02-12,9
1.1,2025-02-13,3
1.1,2025-02-14,17
1.1,2025-02-15,6
1.1,2025-02-16,0
1.1,2025-02-17,8
1.1,2025-02-18,16
1.1,2025-02-19,11
1.1,2025-02-20,5
1.1,2025-02-21,6
1.1,2025-02-22,11
1.1,2025-02-23,5
1.1,2025-02-24,1
1.1,2025-02-25,0
1.1,2025-02-26,0
1.1,2025-02-27,0
1.1,2025-02-28,0
1.1,2025-03-01,3
1.1,2025-03-02,8
1.1,2025-03-03,12
1.1,2025-03-04,2
1.1,2025-03-05,0
1.1,2025-03-06,5
1.1,2025-03-07,1
1.1,2025-03-08,11
1.1,2025-03-09,1
1.1,2025-03-10,0
1.1,2025-03-11,0
1.1,2025-03-12,0
1.1,2025-03-13,0
1.1,2025-03-14,0
1.1,2025-03-15,0
1.1,2025-03-16,0
1.1,2025-03-17,0
1.1,2025-03-18,0
1.1,2025-03-19,0
1.1,2025-03-20,0
1.1,2025-03-21,0
1.1,2025-03-22,0
1.1,2025-03-23,0
1.1,2025-03-24,0
1.1,2025-03-25,0
1.1,2025-03-26,0
1.1,2025-03-27,0
1.1,2025-03-28,0
1.1,2025-03-29,0
1.1,2025-03-30,0
1.1,2025-03-31,0
1.1,2025-04-01,0
1.1,2025-04-02,0
1.1,2025-04-03,0
1.1,2025-04-04,0
1.1,2025-04-05,0
1.1,2025-04-06,0
1.1,2025-04-07,0
1.1,2025-04-08,0
1.1,2025-04-09,0
1.1,2025-04-10,0
1.1,2025-04-11,0
1.1,2025-04-12,0
1.1,2025-04-13,0
1.1,2025-04-14,0
1.1,2025-04-15,0
1.1,2025-04-16,0
1.1,2025-04-17,0
1.1,2025-04-18,0
1.1,2025-04-19,0
1.1,2025-04-20,0
1.1,2025-04-21,0
1.1,2025-04-22,0
1.1,2025-04-23,0
1.1,2025-04-24,0
1.1,2025-04-25,0
1.1,2025-04-26,0
1.1,2025-04-27,0
1.1,2025-04-28,0
1.1,2025-04-29,0
1.1,2025-04-30,0
1.1,2025-05-01,0
1.1,2025-05-02,0
1.1,2025-05-03,0
1.1,2025-05-04,0
1.1,2025-05-05,0
1.1,2025-05-06,0
1.1,2025-05-07,0
1.1,2025-05-08,0
1.1,2025-05-09,0
1.1,2025-05-10,0
1.1,2025-05-11,0
1.1,2025-05-12,0
1.1,2025-05-13,0
1.1,2025-05-14,0
1.1,2025-05-15,0
1.1,2025-05-16,0
1.1,2025-05-17,0
1.1,2025-05-18,0
1.1,2025-05-19,7
1.1,2025-05-20,36
1.1,2025-05-21,0
1.1,2025-05-22,0
1.1,2025-05-23,0
1.1,2025-05-24,0
1.1,2025-05-25,0
1.1,2025-05-26,0
1.1,2025-05-27,0
1.1,2025-05-28,0
1.1,2025-05-29,0
1.1,2025-05-30,4
1.1,2025-05-31,10
1.1,2025-06-01,0
1.1,2025-06-02,0
1.1,2025-06-03,0
1.1,2025-06-04,0
1.1,2025-06-05,0
1.1,2025-06-06,0
1.1,2025-06-07,0
1.1,2025-06-08,0
1.1,2025-06-09,0
1.1,2025-06-10,0
1.1,2025-06-11,5
1.1,2025-06-12,15
1.1,2025-06-13,8
1.1,2025-06-14,1
1.1,2025-06-15,5
1.1,2025-06-16,8
1.1,2025-06-17,9
1.1,2025-06-18,14
1.1,2025-06-19,7
1.1,2025-06-20,6
1.1,2025-06-21,14
1.1,2025-06-22,18
1.1,2025-06-23,11
1.1,2025-06-24,9
1.1,2025-06-25,10
1.1,2025-06-26,5
1.1,2025-06-27,8
1.1,2025-06-28,8
1.1,2025-06-29,6
1.1,2025-06-30,4
1.1,2025-07-01,3
1.1,2025-07-02,7
1.1,2025-07-03,3
1.1,2025-07-04,4
1.1,2025-07-05,9
1.1,2025-07-06,10
1.1,2025-07-07,6
1.1,2025-07-08,11
1.1,2025-07-09,6
1.1,2025-07-10,7
1.1,2025-07-11,10
1.1,2025-07-12,18
1.1,2025-07-13,9
1.1,2025-07-14,12
1.1,2025-07-15,10
1.1,2025-07-16,10
1.1,2025-07-17,8
1.1,2025-07-18,5
1.1,2025-07-19,15
1.1,2025-07-20,10
1.1,2025-07-21,4
1.1,2025-07-22,8
1.1,2025-07-23,9
1.1,2025-07-24,15
1.1,2025-07-25,16
1.1,2025-07-26,19
1.1,2025-07-27,9
1.1,2025-07-28,18
1.1,2025-07-29,21
1.1,2025-07-30,14
1.1,2025-07-31,4
1.1,2025-08-01,0
1.1,2025-08-02,0
1.1,2025-08-03,0
1.1,2025-08-04,0
1.1,2025-08-05,0
1.1,2025-08-06,1
1.1,2025-08-07,0
1.1,2025-08-08,0
1.1,2025-08-09,0
1.1,2025-08-10,0
1.1,2025-08-11,0
1.1,2025-08-12,0
1.1,2025-08-13,0
1.1,2025-08-14,0
1.1,2025-08-15,0
1.1,2025-08-16,0
1.1,2025-08-17,0
1.1,2025-08-18,0
1.1,2025-08-19,0
1.1,2025-08-20,0
1.1,2025-08-21,0
1.1,2025-08-22,0
1.1,2025-08-23,0
1.1,2025-08-24,0
1.1,2025-08-25,0
1.1,2025-08-26,0
1.1,2025-08-27,0
1.1,2025-08-28,0
1.1,2025-08-29,0
1.1,2025-08-30,0
1.1,2025-08-31,0
1.1,2025-09-01,0
1.1,2025-09-02,0
1.1,2025-09-03,0
1.1,2025-09-04,0
1.1,2025-09-05,0
1.1,2025-09-06,0
1.1,2025-09-07,0
1.1,2025-09-08,0
1.1,2025-09-09,0
1.1,2025-09-10,0
1.1,2025-09-11,0
1.1,2025-09-12,0
1.1,2025-09-13,0
1.1,2025-09-14,0
1.1,2025-09-15,0
1.1,2025-09-16,0
1.1,2025-09-17,0
1.1,2025-09-18,0
1.1,2025-09-19,0
1.1,2025-09-20,0
1.1,2025-09-21,0
1.1,2025-09-22,0
1.1,2025-09-23,0
1.1,2025-09-24,0
1.1,2025-09-25,0
1.1,2025-09-26,0
1.1,2025-09-27,0
1.1,2025-09-28,0
1.1,2025-09-29,0
1.1,2025-09-30,0
1.1,2025-10-01,0
1.1,2025-10-02,0
1.1,2025-10-03,0
1.1,2025-10-04,0
1.1,2025-10-05,0
1.1,2025-10-06,0
1.1,2025-10-07,0
1.1,2025-10-08,0
1.1,2025-10-09,0
1.1,2025-10-10,0
1.1,2025-10-11,0
1.1,2025-10-12,0
1.1,2025-10-13,0
1.1,2025-10-14,0
1.1,2025-10-15,0
1.1,2025-10-16,0
1.1,2025-10-17,0
1.1,2025-10-18,0
1.1,2025-10-19,0
1.1,2025-10-20,0
1.1,2025-10-21,0
1.1,2025-10-22,0
1.1,2025-10-23,0
1.1,2025-10-24,0
1.1,2025-10-25,0
1.1,2025-10-26,0
1.1,2025-10-27,0
1.1,2025-10-28,0
1.1,2025-10-29,0
1.1,2025-10-30,0
1.1,2025-10-31,0
1.1,2025-11-01,0
1.1,2025-11-02,0
1.1,2025-11-03,0
1.1,2025-11-04,0
1.1,2025-11-05,0
1.1,2025-11-06,0
1.1,2025-11-07,0
1.1,2025-11-08,0
1.1,2025-11-09,0
1.1,2025-11-10,0
1.1,2025-11-11,0
1.1,2025-11-12,0
1.1,2025-11-13,0
1.1,2025-11-14,0
1.1,2025-11-15,0
1.1,2025-11-16,0
1.1,2025-11-17,0
1.1,2025-11-18,0
1.1,2025-11-19,0
1.1,2025-11-20,0
1.1,2025-11-21,0
1.1,2025-11-22,0
1.1,2025-11-23,0
1.1,2025-11-24,0
1.1,2025-11-25,0
1.1,2025-11-26,0
1.1,2025-11-27,0
1.1,2025-11-28,0
1.1,2025-11-29,0
1.1,2025-11-30,0
1.1,2025-12-01,0
1.1,2025-12-02,0
1.1,2025-12-03,0
1.1,2025-12-04,0
1.1,2025-12-05,0
1.1,2025-12-06,0
1.1,2025-12-07,0
1.1,2025-12-08,0
1.1,2025-12-09,0
1.1,2025-12-10,0
1.1,2025-12-11,0
1.1,2025-12-12,0
1.1,2025-12-13,0
1.1,2025-12-14,0
1.1,2025-12-15,0
1.1,2025-12-16,0
1.1,2025-12-17,0
1.1,2025-12-18,0
1.1,2025-12-19,0
1.1,2025-12-20,0
1.1,2025-12-21,0
1.1,2025-12-22,0
1.1,2025-12-23,0
1.1,2025-12-24,0
1.1,2025-12-25,0
1.1,2025-12-26,0
1.1,2025-12-27,0
1.1,2025-12-28,0
1.1,2025-12-29,0
1.1,2025-12-30,0
1.1,2025-12-31,0
11.1_32.1_18.2,2024-11-01,28
11.1_32.1_18.2,2024-11-02,33
11.1_32.1_18.2,2024-11-03,24
11.1_32.1_18.2,2024-11-04,29
11.1_32.1_18.2,2024-11-05,23
11.1_32.1_18.2,2024-11-06,27
11.1_32.1_18.2,2024-11-07,33
11.1_32.1_18.2,2024-11-08,32
11.1_32.1_18.2,2024-11-09,37
11.1_32.1_18.2,2024-11-10,24
11.1_32.1_18.2,2024-11-11,34
11.1_32.1_18.2,2024-11-12,29
11.1_32.1_18.2,2024-11-13,30
11.1_32.1_18.2,2024-11-14,35
11.1_32.1_18.2,2024-11-15,28
11.1_32.1_18.2,2024-11-16,39
11.1_32.1_18.2,2024-11-17,29
11.1_32.1_18.2,2024-11-18,31
11.1_32.1_18.2,2024-11-19,28
11.1_32.1_18.2,2024-11-20,30
11.1_32.1_18.2,2024-11-21,29
11.1_32.1_18.2,2024-11-22,27
11.1_32.1_18.2,2024-11-23,30
11.1_32.1_18.2,2024-11-24,32
11.1_32.1_18.2,2024-11-25,31
11.1_32.1_18.2,2024-11-26,27
11.1_32.1_18.2,2024-11-27,29
11.1_32.1_18.2,2024-11-28,32
11.1_32.1_18.2,2024-11-29,30
11.1_32.1_18.2,2024-11-30,27
11.1_32.1_18.2,2024-12-01,27
11.1_32.1_18.2,2024-12-02,26
11.1_32.1_18.2,2024-12-03,36
11.1_32.1_18.2,2024-12-04,31
11.1_32.1_18.2,2024-12-05,25
11.1_32.1_18.2,2024-12-06,28
11.1_32.1_18.2,2024-12-07,30
11.1_32.1_18.2,2024-12-08,35
11.1_32.1_18.2,2024-12-09,13
11.1_32.1_18.2,2024-12-10,7
11.1_32.1_18.2,2024-12-11,16
11.1_32.1_18.2,2024-12-12,28
11.1_32.1_18.2,2024-12-13,24
11.1_32.1_18.2,2024-12-14,32
11.1_32.1_18.2,2024-12-15,21
11.1_32.1_18.2,2024-12-16,0
11.1_32.1_18.2,2024-12-17,0
11.1_32.1_18.2,2024-12-18,0
11.1_32.1_18.2,2024-12-19,0
11.1_32.1_18.2,2024-12-20,0
11.1_32.1_18.2,2024-12-21,33
11.1_32.1_18.2,2024-12-22,33
11.1_32.1_18.2,2024-12-23,29
11.1_32.1_18.2,2024-12-24,5
11.1_32.1_18.2,2024-12-25,18
11.1_32.1_18.2,2024-12-26,34
11.1_32.1_18.2,2024-12-27,35
11.1_32.1_18.2,2024-12-28,9
11.1_32.1_18.2,2024-12-29,3
11.1_32.1_18.2,2024-12-30,5
11.1_32.1_18.2,2024-12-31,5
11.1_32.1_18.2,2025-01-01,0
11.1_32.1_18.2,2025-01-02,2
11.1_32.1_18.2,2025-01-03,17
11.1_32.1_18.2,2025-01-04,0
11.1_32.1_18.2,2025-01-05,0
11.1_32.1_18.2,2025-01-06,0
11.1_32.1_18.2,2025-01-07,0
11.1_32.1_18.2,2025-01-08,0
11.1_32.1_18.2,2025-01-09,5
11.1_32.1_18.2,2025-01-10,3
11.1_32.1_18.2,2025-01-11,0
11.1_32.1_18.2,2025-01-12,0
11.1_32.1_18.2,2025-01-13,0
11.1_32.1_18.2,2025-01-14,0
11.1_32.1_18.2,2025-01-15,0
11.1_32.1_18.2,2025-01-16,0
11.1_32.1_18.2,2025-01-17,0
11.1_32.1_18.2,2025-01-18,0
11.1_32.1_18.2,2025-01-19,0
11.1_32.1_18.2,2025-01-20,0
11.1_32.1_18.2,2025-01-21,0
11.1_32.1_18.2,2025-01-22,0
11.1_32.1_18.2,2025-01-23,0
11.1_32.1_18.2,2025-01-24,0
11.1_32.1_18.2,2025-01-25,0
11.1_32.1_18.2,2025-01-26,0
11.1_32.1_18.2,2025-01-27,0
11.1_32.1_18.2,2025-01-28,0
11.1_32.1_18.2,2025-01-29,0
11.1_32.1_18.2,2025-01-30,0
11.1_32.1_18.2,2025-01-31,0
11.1_32.1_18.2,2025-02-01,0
11.1_32.1_18.2,2025-02-02,0
11.1_32.1_18.2,2025-02-03,0
11.1_32.1_18.2,2025-02-04,0
11.1_32.1_18.2,2025-02-05,0
11.1_32.1_18.2,2025-02-06,0
11.1_32.1_18.2,2025-02-07,0
11.1_32.1_18.2,2025-02-08,0
11.1_32.1_18.2,2025-02-09,0
11.1_32.1_18.2,2025-02-10,0
11.1_32.1_18.2,2025-02-11,0
11.1_32.1_18.2,2025-02-12,0
11.1_32.1_18.2,2025-02-13,0
11.1_32.1_18.2,2025-02-14,0
11.1_32.1_18.2,2025-02-15,0
11.1_32.1_18.2,2025-02-16,0
11.1_32.1_18.2,2025-02-17,0
11.1_32.1_18.2,2025-02-18,0
11.1_32.1_18.2,2025-02-19,0
11.1_32.1_18.2,2025-02-20,0
11.1_32.1_18.2,2025-02-21,0
11.1_32.1_18.2,2025-02-22,0
11.1_32.1_18.2,2025-02-23,0
11.1_32.1_18.2,2025-02-24,0
11.1_32.1_18.2,2025-02-25,0
11.1_32.1_18.2,2025-02-26,0
11.1_32.1_18.2,2025-02-27,0
11.1_32.1_18.2,2025-02-28,1
11.1_32.1_18.2,2025-03-01,38
11.1_32.1_18.2,2025-03-02,28
11.1_32.1_18.2,2025-03-03,25
11.1_32.1_18.2,2025-03-04,26
11.1_32.1_18.2,2025-03-05,10
11.1_32.1_18.2,2025-03-06,0
11.1_32.1_18.2,2025-03-07,0
11.1_32.1_18.2,2025-03-08,0
11.1_32.1_18.2,2025-03-09,0
11.1_32.1_18.2,2025-03-10,0
11.1_32.1_18.2,2025-03-11,0
11.1_32.1_18.2,2025-03-12,0
11.1_32.1_18.2,2025-03-13,0
11.1_32.1_18.2,2025-03-14,0
11.1_32.1_18.2,2025-03-15,0
11.1_32.1_18.2,2025-03-16,9
11.1_32.1_18.2,2025-03-17,29
11.1_32.1_18.2,2025-03-18,46
11.1_32.1_18.2,2025-03-19,48
11.1_32.1_18.2,2025-03-20,25
11.1_32.1_18.2,2025-03-21,26
11.1_32.1_18.2,2025-03-22,29
11.1_32.1_18.2,2025-03-23,28
11.1_32.1_18.2,2025-03-24,29
11.1_32.1_18.2,2025-03-25,35
11.1_32.1_18.2,2025-03-26,30
11.1_32.1_18.2,2025-03-27,31
11.1_32.1_18.2,2025-03-28,29
11.1_32.1_18.2,2025-03-29,32
11.1_32.1_18.2,2025-03-30,17
11.1_32.1_18.2,2025-03-31,9
11.1_32.1_18.2,2025-04-01,23
11.1_32.1_18.2,2025-04-02,23
11.1_32.1_18.2,2025-04-03,15
11.1_32.1_18.2,2025-04-04,24
11.1_32.1_18.2,2025-04-05,12
11.1_32.1_18.2,2025-04-06,20
11.1_32.1_18.2,2025-04-07,22
11.1_32.1_18.2,2025-04-08,29
11.1_32.1_18.2,2025-04-09,30
11.1_32.1_18.2,2025-04-10,17
11.1_32.1_18.2,2025-04-11,38
11.1_32.1_18.2,2025-04-12,37
11.1_32.1_18.2,2025-04-13,28
11.1_32.1_18.2,2025-04-14,27
11.1_32.1_18.2,2025-04-15,27
11.1_32.1_18.2,2025-04-16,26
11.1_32.1_18.2,2025-04-17,27
11.1_32.1_18.2,2025-04-18,26
11.1_32.1_18.2,2025-04-19,22
11.1_32.1_18.2,2025-04-20,30
11.1_32.1_18.2,2025-04-21,32
11.1_32.1_18.2,2025-04-22,31
11.1_32.1_18.2,2025-04-23,30
11.1_32.1_18.2,2025-04-24,30
11.1_32.1_18.2,2025-04-25,32
11.1_32.1_18.2,2025-04-26,12
11.1_32.1_18.2,2025-04-27,27
11.1_32.1_18.2,2025-04-28,29
11.1_32.1_18.2,2025-04-29,32
11.1_32.1_18.2,2025-04-30,28
11.1_32.1_18.2,2025-05-01,22
11.1_32.1_18.2,2025-05-02,32
11.1_32.1_18.2,2025-05-03,32
11.1_32.1_18.2,2025-05-04,31
11.1_32.1_18.2,2025-05-05,22
11.1_32.1_18.2,2025-05-06,20
11.1_32.1_18.2,2025-05-07,26
11.1_32.1_18.2,2025-05-08,26
11.1_32.1_18.2,2025-05-09,33
11.1_32.1_18.2,2025-05-10,35
11.1_32.1_18.2,2025-05-11,47
11.1_32.1_18.2,2025-05-12,34
11.1_32.1_18.2,2025-05-13,30
11.1_32.1_18.2,2025-05-14,23
11.1_32.1_18.2,2025-05-15,23
11.1_32.1_18.2,2025-05-16,19
11.1_32.1_18.2,2025-05-17,17
11.1_32.1_18.2,2025-05-18,23
11.1_32.1_18.2,2025-05-19,24
11.1_32.1_18.2,2025-05-20,22
11.1_32.1_18.2,2025-05-21,26
11.1_32.1_18.2,2025-05-22,9
11.1_32.1_18.2,2025-05-23,13
11.1_32.1_18.2,2025-05-24,14
11.1_32.1_18.2,2025-05-25,14
11.1_32.1_18.2,2025-05-26,17
11.1_32.1_18.2,2025-05-27,17
11.1_32.1_18.2,2025-05-28,34
11.1_32.1_18.2,2025-05-29,31
11.1_32.1_18.2,2025-05-30,14
11.1_32.1_18.2,2025-05-31,13
11.1_32.1_18.2,2025-06-01,17
11.1_32.1_18.2,2025-06-02,19
11.1_32.1_18.2,2025-06-03,34
11.1_32.1_18.2,2025-06-04,42
11.1_32.1_18.2,2025-06-05,23
11.1_32.1_18.2,2025-06-06,20
11.1_32.1_18.2,2025-06-07,24
11.1_32.1_18.2,2025-06-08,15
11.1_32.1_18.2,2025-06-09,23
11.1_32.1_18.2,2025-06-10,23
11.1_32.1_18.2,2025-06-11,13
11.1_32.1_18.2,2025-06-12,13
11.1_32.1_18.2,2025-06-13,16
11.1_32.1_18.2,2025-06-14,34
11.1_32.1_18.2,2025-06-15,17
11.1_32.1_18.2,2025-06-16,14
11.1_32.1_18.2,2025-06-17,12
11.1_32.1_18.2,2025-06-18,11
11.1_32.1_18.2,2025-06-19,9
11.1_32.1_18.2,2025-06-20,0
11.1_32.1_18.2,2025-06-21,0
11.1_32.1_18.2,2025-06-22,0
11.1_32.1_18.2,2025-06-23,0
11.1_32.1_18.2,2025-06-24,0
11.1_32.1_18.2,2025-06-25,0
11.1_32.1_18.2,2025-06-26,0
11.1_32.1_18.2,2025-06-27,0
11.1_32.1_18.2,2025-06-28,0
11.1_32.1_18.2,2025-06-29,0
11.1_32.1_18.2,2025-06-30,0
11.1_32.1_18.2,2025-07-01,0
11.1_32.1_18.2,2025-07-02,0
11.1_32.1_18.2,2025-07-03,0
11.1_32.1_18.2,2025-07-04,0
11.1_32.1_18.2,2025-07-05,0
11.1_32.1_18.2,2025-07-06,0
11.1_32.1_18.2,2025-07-07,0
11.1_32.1_18.2,2025-07-08,0
11.1_32.1_18.2,2025-07-09,0
11.1_32.1_18.2,2025-07-10,0
11.1_32.1_18.2,2025-07-11,0
11.1_32.1_18.2,2025-07-12,0
11.1_32.1_18.2,2025-07-13,0
11.1_32.1_18.2,2025-07-14,0
11.1_32.1_18.2,2025-07-15,0
11.1_32.1_18.2,2025-07-16,0
11.1_32.1_18.2,2025-07-17,0
11.1_32.1_18.2,2025-07-18,0
11.1_32.1_18.2,2025-07-19,0
11.1_32.1_18.2,2025-07-20,0
11.1_32.1_18.2,2025-07-21,0
11.1_32.1_18.2,2025-07-22,0
11.1_32.1_18.2,2025-07-23,0
11.1_32.1_18.2,2025-07-24,0
11.1_32.1_18.2,2025-07-25,6
11.1_32.1_18.2,2025-07-26,17
11.1_32.1_18.2,2025-07-27,2
11.1_32.1_18.2,2025-07-28,0
11.1_32.1_18.2,2025-07-29,0
11.1_32.1_18.2,2025-07-30,0
11.1_32.1_18.2,2025-07-31,0
11.1_32.1_18.2,2025-08-01,0
11.1_32.1_18.2,2025-08-02,0
11.1_32.1_18.2,2025-08-03,0
11.1_32.1_18.2,2025-08-04,0
11.1_32.1_18.2,2025-08-05,0
11.1_32.1_18.2,2025-08-06,0
11.1_32.1_18.2,2025-08-07,0
11.1_32.1_18.2,2025-08-08,0
11.1_32.1_18.2,2025-08-09,0
11.1_32.1_18.2,2025-08-10,0
11.1_32.1_18.2,2025-08-11,0
11.1_32.1_18.2,2025-08-12,0
11.1_32.1_18.2,2025-08-13,3
11.1_32.1_18.2,2025-08-14,26
11.1_32.1_18.2,2025-08-15,19
11.1_32.1_18.2,2025-08-16,9
11.1_32.1_18.2,2025-08-17,25
11.1_32.1_18.2,2025-08-18,17
11.1_32.1_18.2,2025-08-19,13
11.1_32.1_18.2,2025-08-20,20
11.1_32.1_18.2,2025-08-21,8
11.1_32.1_18.2,2025-08-22,18
11.1_32.1_18.2,2025-08-23,21
11.1_32.1_18.2,2025-08-24,29
11.1_32.1_18.2,2025-08-25,13
11.1_32.1_18.2,2025-08-26,17
11.1_32.1_18.2,2025-08-27,17
11.1_32.1_18.2,2025-08-28,15
11.1_32.1_18.2,2025-08-29,21
11.1_32.1_18.2,2025-08-30,22
11.1_32.1_18.2,2025-08-31,23
11.1_32.1_18.2,2025-09-01,21
11.1_32.1_18.2,2025-09-02,25
11.1_32.1_18.2,2025-09-03,17
11.1_32.1_18.2,2025-09-04,14
11.1_32.1_18.2,2025-09-05,18
11.1_32.1_18.2,2025-09-06,21
11.1_32.1_18.2,2025-09-07,16
11.1_32.1_18.2,2025-09-08,21
11.1_32.1_18.2,2025-09-09,12
11.1_32.1_18.2,2025-09-10,21
11.1_32.1_18.2,2025-09-11,19
11.1_32.1_18.2,2025-09-12,22
11.1_32.1_18.2,2025-09-13,13
11.1_32.1_18.2,2025-09-14,14
11.1_32.1_18.2,2025-09-15,23
11.1_32.1_18.2,2025-09-16,22
11.1_32.1_18.2,2025-09-17,23
11.1_32.1_18.2,2025-09-18,19
11.1_32.1_18.2,2025-09-19,25
11.1_32.1_18.2,2025-09-20,25
11.1_32.1_18.2,2025-09-21,21
11.1_32.1_18.2,2025-09-22,19
11.1_32.1_18.2,2025-09-23,20
11.1_32.1_18.2,2025-09-24,17
11.1_32.1_18.2,2025-09-25,25
11.1_32.1_18.2,2025-09-26,16
11.1_32.1_18.2,2025-09-27,20
11.1_32.1_18.2,2025-09-28,29
11.1_32.1_18.2,2025-09-29,18
11.1_32.1_18.2,2025-09-30,24
11.1_32.1_18.2,2025-10-01,27
11.1_32.1_18.2,2025-10-02,21
11.1_32.1_18.2,2025-10-03,17
11.1_32.1_18.2,2025-10-04,25
11.1_32.1_18.2,2025-10-05,23
11.1_32.1_18.2,2025-10-06,15
11.1_32.1_18.2,2025-10-07,6
11.1_32.1_18.2,2025-10-08,10
11.1_32.1_18.2,2025-10-09,7
11.1_32.1_18.2,2025-10-10,3
11.1_32.1_18.2,2025-10-11,3
11.1_32.1_18.2,2025-10-12,7
11.1_32.1_18.2,2025-10-13,4
11.1_32.1_18.2,2025-10-14,6
11.1_32.1_18.2,2025-10-15,6
11.1_32.1_18.2,2025-10-16,10
11.1_32.1_18.2,2025-10-17,6
11.1_32.1_18.2,2025-10-18,7
11.1_32.1_18.2,2025-10-19,9
11.1_32.1_18.2,2025-10-20,1
11.1_32.1_18.2,2025-10-21,5
11.1_32.1_18.2,2025-10-22,11
11.1_32.1_18.2,2025-10-23,4
11.1_32.1_18.2,2025-10-24,10
11.1_32.1_18.2,2025-10-25,8
11.1_32.1_18.2,2025-10-26,11
11.1_32.1_18.2,2025-10-27,4
11.1_32.1_18.2,2025-10-28,3
11.1_32.1_18.2,2025-10-29,8
11.1_32.1_18.2,2025-10-30,9
11.1_32.1_18.2,2025-10-31,2
11.1_32.1_18.2,2025-11-01,12
11.1_32.1_18.2,2025-11-02,8
11.1_32.1_18.2,2025-11-03,7
11.1_32.1_18.2,2025-11-04,6
11.1_32.1_18.2,2025-11-05,7
11.1_32.1_18.2,2025-11-06,15
11.1_32.1_18.2,2025-11-07,9
11.1_32.1_18.2,2025-11-08,13
11.1_32.1_18.2,2025-11-09,7
11.1_32.1_18.2,2025-11-10,9
11.1_32.1_18.2,2025-11-11,4
11.1_32.1_18.2,2025-11-12,7
11.1_32.1_18.2,2025-11-13,15
11.1_32.1_18.2,2025-11-14,8
11.1_32.1_18.2,2025-11-15,9
11.1_32.1_18.2,2025-11-16,19
11.1_32.1_18.2,2025-11-17,9
11.1_32.1_18.2,2025-11-18,8
11.1_32.1_18.2,2025-11-19,12
11.1_32.1_18.2,2025-11-20,12
11.1_32.1_18.2,2025-11-21,15
11.1_32.1_18.2,2025-11-22,11
11.1_32.1_18.2,2025-11-23,10
11.1_32.1_18.2,2025-11-24,13
11.1_32.1_18.2,2025-11-25,9
11.1_32.1_18.2,2025-11-26,9
11.1_32.1_18.2,2025-11-27,0
11.1_32.1_18.2,2025-11-28,0
11.1_32.1_18.2,2025-11-29,0
11.1_32.1_18.2,2025-11-30,0
11.1_32.1_18.2,2025-12-01,0
11.1_32.1_18.2,2025-12-02,0
11.1_32.1_18.2,2025-12-03,0
11.1_32.1_18.2,2025-12-04,0
11.1_32.1_18.2,2025-12-05,0
11.1_32.1_18.2,2025-12-06,0
11.1_32.1_18.2,2025-12-07,2
11.1_32.1_18.2,2025-12-08,12
11.1_32.1_18.2,2025-12-09,8
11.1_32.1_18.2,2025-12-10,2
11.1_32.1_18.2,2025-12-11,9
11.1_32.1_18.2,2025-12-12,11
11.1_32.1_18.2,2025-12-13,7
11.1_32.1_18.2,2025-12-14,6
11.1_32.1_18.2,2025-12-15,13
11.1_32.1_18.2,2025-12-16,10
11.1_32.1_18.2,2025-12-17,4
11.1_32.1_18.2,2025-12-18,6
11.1_32.1_18.2,2025-12-19,4
11.1_32.1_18.2,2025-12-20,0
11.1_32.1_18.2,2025-12-21,0
11.1_32.1_18.2,2025-12-22,0
11.1_32.1_18.2,2025-12-23,1
11.1_32.1_18.2,2025-12-24,4
11.1_32.1_18.2,2025-12-25,4
11.1_32.1_18.2,2025-12-26,5
11.1_32.1_18.2,2025-12-27,3
11.1_32.1_18.2,2025-12-28,9
11.1_32.1_18.2,2025-12-29,3
11.1_32.1_18.2,2025-12-30,2
11.1_32.1_18.2,2025-12-31,4
11.2,2024-11-01,0
11.2,2024-11-02,0
11.2,2024-11-03,0
11.2,2024-11-04,0
11.2,2024-11-05,0
11.2,2024-11-06,0
11.2,2024-11-07,0
11.2,2024-11-08,0
11.2,2024-11-09,0
11.2,2024-11-10,0
11.2,2024-11-11,0
11.2,2024-11-12,0
11.2,2024-11-13,0
11.2,2024-11-14,0
11.2,2024-11-15,0
11.2,2024-11-16,0
11.2,2024-11-17,0
11.2,2024-11-18,0
11.2,2024-11-19,0
11.2,2024-11-20,0
11.2,2024-11-21,0
11.2,2024-11-22,0
11.2,2024-11-23,0
11.2,2024-11-24,0
11.2,2024-11-25,0
11.2,2024-11-26,0
11.2,2024-11-27,0
11.2,2024-11-28,0
11.2,2024-11-29,0
11.2,2024-11-30,0
11.2,2024-12-01,0
11.2,2024-12-02,0
11.2,2024-12-03,0
11.2,2024-12-04,0
11.2,2024-12-05,0
11.2,2024-12-06,0
11.2,2024-12-07,0
11.2,2024-12-08,0
11.2,2024-12-09,0
11.2,2024-12-10,0
11.2,2024-12-11,0
11.2,2024-12-12,0
11.2,2024-12-13,0
11.2,2024-12-14,0
11.2,2024-12-15,0
11.2,2024-12-16,0
11.2,2024-12-17,0
11.2,2024-12-18,0
11.2,2024-12-19,0
11.2,2024-12-20,0
11.2,2024-12-21,0
11.2,2024-12-22,0
11.2,2024-12-23,0
11.2,2024-12-24,0
11.2,2024-12-25,0
11.2,2024-12-26,0
11.2,2024-12-27,0
11.2,2024-12-28,0
11.2,2024-12-29,0
11.2,2024-12-30,0
11.2,2024-12-31,0
11.2,2025-01-01,0
11.2,2025-01-02,0
11.2,2025-01-03,0
11.2,2025-01-04,0
11.2,2025-01-05,0
11.2,2025-01-06,0
11.2,2025-01-07,0
11.2,2025-01-08,0
11.2,2025-01-09,0
11.2,2025-01-10,0
11.2,2025-01-11,0
11.2,2025-01-12,0
11.2,2025-01-13,0
11.2,2025-01-14,0
11.2,2025-01-15,0
11.2,2025-01-16,0
11.2,2025-01-17,0
11.2,2025-01-18,0
11.2,2025-01-19,0
11.2,2025-01-20,0
11.2,2025-01-21,0
11.2,2025-01-22,0
11.2,2025-01-23,0
11.2,2025-01-24,0
11.2,2025-01-25,0
11.2,2025-01-26,0
11.2,2025-01-27,0
11.2,2025-01-28,0
11.2,2025-01-29,0
11.2,2025-01-30,0
11.2,2025-01-31,0
11.2,2025-02-01,0
11.2,2025-02-02,0
11.2,2025-02-03,0
11.2,2025-02-04,0
11.2,2025-02-05,0
11.2,2025-02-06,0
11.2,2025-02-07,0
11.2,2025-02-08,0
11.2,2025-02-09,0
11.2,2025-02-10,0
11.2,2025-02-11,0
11.2,2025-02-12,0
11.2,2025-02-13,0
11.2,2025-02-14,0
11.2,2025-02-15,0
11.2,2025-02-16,0
11.2,2025-02-17,0
11.2,2025-02-18,0
11.2,2025-02-19,0
11.2,2025-02-20,0
11.2,2025-02-21,0
11.2,2025-02-22,0
11.2,2025-02-23,0
11.2,2025-02-24,0
11.2,2025-02-25,0
11.2,2025-02-26,0
11.2,2025-02-27,0
11.2,2025-02-28,0
11.2,2025-03-01,0
11.2,2025-03-02,0
11.2,2025-03-03,0
11.2,2025-03-04,0
11.2,2025-03-05,0
11.2,2025-03-06,0
11.2,2025-03-07,0
11.2,2025-03-08,0
11.2,2025-03-09,0
11.2,2025-03-10,0
11.2,2025-03-11,0
11.2,2025-03-12,0
11.2,2025-03-13,0
11.2,2025-03-14,0
11.2,2025-03-15,0
11.2,2025-03-16,0
11.2,2025-03-17,0
11.2,2025-03-18,0
11.2,2025-03-19,0
11.2,2025-03-20,0
11.2,2025-03-21,0
11.2,2025-03-22,0
11.2,2025-03-23,0
11.2,2025-03-24,0
11.2,2025-03-25,0
11.2,2025-03-26,0
11.2,2025-03-27,0
11.2,2025-03-28,0
11.2,2025-03-29,0
11.2,2025-03-30,0
11.2,2025-03-31,0
11.2,2025-04-01,0
11.2,2025-04-02,0
11.2,2025-04-03,0
11.2,2025-04-04,0
11.2,2025-04-05,0
11.2,2025-04-06,0
11.2,2025-04-07,0
11.2,2025-04-08,0
11.2,2025-04-09,0
11.2,2025-04-10,0
11.2,2025-04-11,0
11.2,2025-04-12,0
11.2,2025-04-13,0
11.2,2025-04-14,0
11.2,2025-04-15,0
11.2,2025-04-16,0
11.2,2025-04-17,0
11.2,2025-04-18,0
11.2,2025-04-19,0
11.2,2025-04-20,0
11.2,2025-04-21,0
11.2,2025-04-22,0
11.2,2025-04-23,0
11.2,2025-04-24,0
11.2,2025-04-25,0
11.2,2025-04-26,0
11.2,2025-04-27,0
11.2,2025-04-28,0
11.2,2025-04-29,0
11.2,2025-04-30,0
11.2,2025-05-01,0
11.2,2025-05-02,0
11.2,2025-05-03,0
11.2,2025-05-04,0
11.2,2025-05-05,0
11.2,2025-05-06,0
11.2,2025-05-07,0
11.2,2025-05-08,0
11.2,2025-05-09,0
11.2,2025-05-10,0
11.2,2025-05-11,0
11.2,2025-05-12,0
11.2,2025-05-13,0
11.2,2025-05-14,0
11.2,2025-05-15,0
11.2,2025-05-16,0
11.2,2025-05-17,0
11.2,2025-05-18,0
11.2,2025-05-19,0
11.2,2025-05-20,0
11.2,2025-05-21,0
11.2,2025-05-22,0
11.2,2025-05-23,0
11.2,2025-05-24,0
11.2,2025-05-25,0
11.2,2025-05-26,0
11.2,2025-05-27,0
11.2,2025-05-28,0
11.2,2025-05-29,0
11.2,2025-05-30,0
11.2,2025-05-31,0
11.2,2025-06-01,0
11.2,2025-06-02,0
11.2,2025-06-03,0
11.2,2025-06-04,0
11.2,2025-06-05,0
11.2,2025-06-06,0
11.2,2025-06-07,0
11.2,2025-06-08,0
11.2,2025-06-09,0
11.2,2025-06-10,0
11.2,2025-06-11,0
11.2,2025-06-12,0
11.2,2025-06-13,0
11.2,2025-06-14,0
11.2,2025-06-15,0
11.2,2025-06-16,0
11.2,2025-06-17,0
11.2,2025-06-18,0
11.2,2025-06-19,0
11.2,2025-06-20,0
11.2,2025-06-21,0
11.2,2025-06-22,0
11.2,2025-06-23,0
11.2,2025-06-24,0
11.2,2025-06-25,0
11.2,2025-06-26,0
11.2,2025-06-27,0
11.2,2025-06-28,0
11.2,2025-06-29,0
11.2,2025-06-30,0
11.2,2025-07-01,0
11.2,2025-07-02,0
11.2,2025-07-03,0
11.2,2025-07-04,0
11.2,2025-07-05,0
11.2,2025-07-06,0
11.2,2025-07-07,0
11.2,2025-07-08,0
11.2,2025-07-09,0
11.2,2025-07-10,0
11.2,2025-07-11,0
11.2,2025-07-12,0
11.2,2025-07-13,0
11.2,2025-07-14,0
11.2,2025-07-15,0
11.2,2025-07-16,0
11.2,2025-07-17,0
11.2,2025-07-18,0
11.2,2025-07-19,0
11.2,2025-07-20,0
11.2,2025-07-21,0
11.2,2025-07-22,0
11.2,2025-07-23,0
11.2,2025-07-24,0
11.2,2025-07-25,0
11.2,2025-07-26,0
11.2,2025-07-27,0
11.2,2025-07-28,0
11.2,2025-07-29,0
11.2,2025-07-30,0
11.2,2025-07-31,0
11.2,2025-08-01,0
11.2,2025-08-02,0
11.2,2025-08-03,0
11.2,2025-08-04,0
11.2,2025-08-05,0
11.2,2025-08-06,0
11.2,2025-08-07,0
11.2,2025-08-08,0
11.2,2025-08-09,0
11.2,2025-08-10,0
11.2,2025-08-11,0
11.2,2025-08-12,0
11.2,2025-08-13,0
11.2,2025-08-14,0
11.2,2025-08-15,0
11.2,2025-08-16,0
11.2,2025-08-17,0
11.2,2025-08-18,0
11.2,2025-08-19,0
11.2,2025-08-20,0
11.2,2025-08-21,0
11.2,2025-08-22,0
11.2,2025-08-23,0
11.2,2025-08-24,0
11.2,2025-08-25,0
11.2,2025-08-26,0
11.2,2025-08-27,0
11.2,2025-08-28,0
11.2,2025-08-29,0
11.2,2025-08-30,0
11.2,2025-08-31,0
11.2,2025-09-01,0
11.2,2025-09-02,0
11.2,2025-09-03,0
11.2,2025-09-04,0
11.2,2025-09-05,0
11.2,2025-09-06,0
11.2,2025-09-07,0
11.2,2025-09-08,0
11.2,2025-09-09,0
11.2,2025-09-10,0
11.2,2025-09-11,0
11.2,2025-09-12,0
11.2,2025-09-13,0
11.2,2025-09-14,0
11.2,2025-09-15,0
11.2,2025-09-16,0
11.2,2025-09-17,0
11.2,2025-09-18,0
11.2,2025-09-19,0
11.2,2025-09-20,0
11.2,2025-09-21,0
11.2,2025-09-22,0
11.2,2025-09-23,0
11.2,2025-09-24,0
11.2,2025-09-25,0
11.2,2025-09-26,0
11.2,2025-09-27,0
11.2,2025-09-28,0
11.2,2025-09-29,0
11.2,2025-09-30,0
11.2,2025-10-01,0
11.2,2025-10-02,0
11.2,2025-10-03,9
11.2,2025-10-04,36
11.2,2025-10-05,20
11.2,2025-10-06,37
11.2,2025-10-07,9
11.2,2025-10-08,0
11.2,2025-10-09,0
11.2,2025-10-10,0
11.2,2025-10-11,0
11.2,2025-10-12,0
11.2,2025-10-13,0
11.2,2025-10-14,0
11.2,2025-10-15,0
11.2,2025-10-16,0
11.2,2025-10-17,0
11.2,2025-10-18,0
11.2,2025-10-19,0
11.2,2025-10-20,0
11.2,2025-10-21,0
11.2,2025-10-22,0
11.2,2025-10-23,0
11.2,2025-10-24,0
11.2,2025-10-25,0
11.2,2025-10-26,0
11.2,2025-10-27,0
11.2,2025-10-28,0
11.2,2025-10-29,0
11.2,2025-10-30,0
11.2,2025-10-31,0
11.2,2025-11-01,0
11.2,2025-11-02,0
11.2,2025-11-03,0
11.2,2025-11-04,0
11.2,2025-11-05,0
11.2,2025-11-06,0
11.2,2025-11-07,0
11.2,2025-11-08,0
11.2,2025-11-09,0
11.2,2025-11-10,0
11.2,2025-11-11,0
11.2,2025-11-12,0
11.2,2025-11-13,0
11.2,2025-11-14,0
11.2,2025-11-15,0
11.2,2025-11-16,0
11.2,2025-11-17,0
11.2,2025-11-18,0
11.2,2025-11-19,0
11.2,2025-11-20,0
11.2,2025-11-21,0
11.2,2025-11-22,0
11.2,2025-11-23,0
11.2,2025-11-24,0
11.2,2025-11-25,0
11.2,2025-11-26,0
11.2,2025-11-27,0
11.2,2025-11-28,0
11.2,2025-11-29,0
11.2,2025-11-30,0
11.2,2025-12-01,0
11.2,2025-12-02,0
11.2,2025-12-03,0
11.2,2025-12-04,0
11.2,2025-12-05,0
11.2,2025-12-06,0
11.2,2025-12-07,0
11.2,2025-12-08,0
11.2,2025-12-09,0
11.2,2025-12-10,0
11.2,2025-12-11,0
11.2,2025-12-12,0
11.2,2025-12-13,0
11.2,2025-12-14,0
11.2,2025-12-15,0
11.2,2025-12-16,0
11.2,2025-12-17,0
11.2,2025-12-18,0
11.2,2025-12-19,0
11.2,2025-12-20,0
11.2,2025-12-21,0
11.2,2025-12-22,0
11.2,2025-12-23,0
11.2,2025-12-24,0
11.2,2025-12-25,0
11.2,2025-12-26,0
11.2,2025-12-27,0
11.2,2025-12-28,0
11.2,2025-12-29,0
11.2,2025-12-30,0
11.2,2025-12-31,0
11.3,2024-11-01,0
11.3,2024-11-02,0
11.3,2024-11-03,0
11.3,2024-11-04,0
11.3,2024-11-05,0
11.3,2024-11-06,0
11.3,2024-11-07,0
11.3,2024-11-08,0
11.3,2024-11-09,0
11.3,2024-11-10,0
11.3,2024-11-11,0
11.3,2024-11-12,0
11.3,2024-11-13,0
11.3,2024-11-14,0
11.3,2024-11-15,0
11.3,2024-11-16,0
11.3,2024-11-17,0
11.3,2024-11-18,0
11.3,2024-11-19,0
11.3,2024-11-20,0
11.3,2024-11-21,0
11.3,2024-11-22,0
11.3,2024-11-23,0
11.3,2024-11-24,0
11.3,2024-11-25,0
11.3,2024-11-26,0
11.3,2024-11-27,0
11.3,2024-11-28,0
11.3,2024-11-29,0
11.3,2024-11-30,0
11.3,2024-12-01,0
11.3,2024-12-02,0
11.3,2024-12-03,0
11.3,2024-12-04,0
11.3,2024-12-05,0
11.3,2024-12-06,0
11.3,2024-12-07,0
11.3,2024-12-08,0
11.3,2024-12-09,0
11.3,2024-12-10,0
11.3,2024-12-11,0
11.3,2024-12-12,0
11.3,2024-12-13,0
11.3,2024-12-14,0
11.3,2024-12-15,0
11.3,2024-12-16,0
11.3,2024-12-17,0
11.3,2024-12-18,0
11.3,2024-12-19,0
11.3,2024-12-20,0
11.3,2024-12-21,0
11.3,2024-12-22,0
11.3,2024-12-23,0
11.3,2024-12-24,0
11.3,2024-12-25,0
11.3,2024-12-26,0
11.3,2024-12-27,0
11.3,2024-12-28,0
11.3,2024-12-29,0
11.3,2024-12-30,0
11.3,2024-12-31,0
11.3,2025-01-01,0
11.3,2025-01-02,0
11.3,2025-01-03,0
11.3,2025-01-04,0
11.3,2025-01-05,0
11.3,2025-01-06,0
11.3,2025-01-07,0
11.3,2025-01-08,0
11.3,2025-01-09,0
11.3,2025-01-10,0
11.3,2025-01-11,0
11.3,2025-01-12,0
11.3,2025-01-13,0
11.3,2025-01-14,0
11.3,2025-01-15,0
11.3,2025-01-16,0
11.3,2025-01-17,0
11.3,2025-01-18,0
11.3,2025-01-19,0
11.3,2025-01-20,0
11.3,2025-01-21,0
11.3,2025-01-22,0
11.3,2025-01-23,0
11.3,2025-01-24,0
11.3,2025-01-25,0
11.3,2025-01-26,0
11.3,2025-01-27,0
11.3,2025-01-28,0
11.3,2025-01-29,0
11.3,2025-01-30,0
11.3,2025-01-31,0
11.3,2025-02-01,0
11.3,2025-02-02,0
11.3,2025-02-03,0
11.3,2025-02-04,0
11.3,2025-02-05,0
11.3,2025-02-06,0
11.3,2025-02-07,0
11.3,2025-02-08,0
11.3,2025-02-09,0
11.3,2025-02-10,0
11.3,2025-02-11,0
11.3,2025-02-12,0
11.3,2025-02-13,0
11.3,2025-02-14,0
11.3,2025-02-15,0
11.3,2025-02-16,0
11.3,2025-02-17,0
11.3,2025-02-18,0
11.3,2025-02-19,0
11.3,2025-02-20,0
11.3,2025-02-21,0
11.3,2025-02-22,0
11.3,2025-02-23,0
11.3,2025-02-24,0
11.3,2025-02-25,0
11.3,2025-02-26,0
11.3,2025-02-27,0
11.3,2025-02-28,0
11.3,2025-03-01,0
11.3,2025-03-02,0
11.3,2025-03-03,0
11.3,2025-03-04,0
11.3,2025-03-05,0
11.3,2025-03-06,0
11.3,2025-03-07,0
11.3,2025-03-08,0
11.3,2025-03-09,0
11.3,2025-03-10,0
11.3,2025-03-11,0
11.3,2025-03-12,0
11.3,2025-03-13,0
11.3,2025-03-14,0
11.3,2025-03-15,0
11.3,2025-03-16,0
11.3,2025-03-17,0
11.3,2025-03-18,0
11.3,2025-03-19,0
11.3,2025-03-20,0
11.3,2025-03-21,0
11.3,2025-03-22,0
11.3,2025-03-23,0
11.3,2025-03-24,0
11.3,2025-03-25,0
11.3,2025-03-26,0
11.3,2025-03-27,0
11.3,2025-03-28,0
11.3,2025-03-29,0
11.3,2025-03-30,0
11.3,2025-03-31,0
11.3,2025-04-01,0
11.3,2025-04-02,0
11.3,2025-04-03,0
11.3,2025-04-04,0
11.3,2025-04-05,0
11.3,2025-04-06,0
11.3,2025-04-07,0
11.3,2025-04-08,0
11.3,2025-04-09,0
11.3,2025-04-10,0
11.3,2025-04-11,0
11.3,2025-04-12,0
11.3,2025-04-13,0
11.3,2025-04-14,0
11.3,2025-04-15,0
11.3,2025-04-16,0
11.3,2025-04-17,0
11.3,2025-04-18,0
11.3,2025-04-19,0
11.3,2025-04-20,0
11.3,2025-04-21,0
11.3,2025-04-22,0
11.3,2025-04-23,0
11.3,2025-04-24,0
11.3,2025-04-25,0
11.3,2025-04-26,0
11.3,2025-04-27,0
11.3,2025-04-28,0
11.3,2025-04-29,0
11.3,2025-04-30,0
11.3,2025-05-01,0
11.3,2025-05-02,0
11.3,2025-05-03,0
11.3,2025-05-04,0
11.3,2025-05-05,0
11.3,2025-05-06,0
11.3,2025-05-07,0
11.3,2025-05-08,0
11.3,2025-05-09,0
11.3,2025-05-10,0
11.3,2025-05-11,0
11.3,2025-05-12,0
11.3,2025-05-13,0
11.3,2025-05-14,0
11.3,2025-05-15,0
11.3,2025-05-16,0
11.3,2025-05-17,0
11.3,2025-05-18,0
11.3,2025-05-19,0
11.3,2025-05-20,0
11.3,2025-05-21,0
11.3,2025-05-22,0
11.3,2025-05-23,0
11.3,2025-05-24,0
11.3,2025-05-25,0
11.3,2025-05-26,0
11.3,2025-05-27,0
11.3,2025-05-28,0
11.3,2025-05-29,0
11.3,2025-05-30,0
11.3,2025-05-31,0
11.3,2025-06-01,0
11.3,2025-06-02,0
11.3,2025-06-03,0
11.3,2025-06-04,0
11.3,2025-06-05,0
11.3,2025-06-06,0
11.3,2025-06-07,0
11.3,2025-06-08,0
11.3,2025-06-09,0
11.3,2025-06-10,0
11.3,2025-06-11,0
11.3,2025-06-12,0
11.3,2025-06-13,0
11.3,2025-06-14,0
11.3,2025-06-15,0
11.3,2025-06-16,0
11.3,2025-06-17,0
11.3,2025-06-18,0
11.3,2025-06-19,0
11.3,2025-06-20,0
11.3,2025-06-21,0
11.3,2025-06-22,0
11.3,2025-06-23,0
11.3,2025-06-24,0
11.3,2025-06-25,0
11.3,2025-06-26,0
11.3,2025-06-27,0
11.3,2025-06-28,0
11.3,2025-06-29,0
11.3,2025-06-30,0
11.3,2025-07-01,0
11.3,2025-07-02,0
11.3,2025-07-03,0
11.3,2025-07-04,0
11.3,2025-07-05,0
11.3,2025-07-06,0
11.3,2025-07-07,0
11.3,2025-07-08,0
11.3,2025-07-09,0
11.3,2025-07-10,0
11.3,2025-07-11,0
11.3,2025-07-12,0
11.3,2025-07-13,0
11.3,2025-07-14,0
11.3,2025-07-15,0
11.3,2025-07-16,0
11.3,2025-07-17,0
11.3,2025-07-18,0
11.3,2025-07-19,0
11.3,2025-07-20,0
11.3,2025-07-21,0
11.3,2025-07-22,0
11.3,2025-07-23,0
11.3,2025-07-24,0
11.3,2025-07-25,0
11.3,2025-07-26,0
11.3,2025-07-27,0
11.3,2025-07-28,0
11.3,2025-07-29,0
11.3,2025-07-30,0
11.3,2025-07-31,0
11.3,2025-08-01,0
11.3,2025-08-02,0
11.3,2025-08-03,0
11.3,2025-08-04,0
11.3,2025-08-05,0
11.3,2025-08-06,0
11.3,2025-08-07,0
11.3,2025-08-08,0
11.3,2025-08-09,0
11.3,2025-08-10,0
11.3,2025-08-11,0
11.3,2025-08-12,0
11.3,2025-08-13,0
11.3,2025-08-14,0
11.3,2025-08-15,0
11.3,2025-08-16,0
11.3,2025-08-17,0
11.3,2025-08-18,0
11.3,2025-08-19,0
11.3,2025-08-20,0
11.3,2025-08-21,0
11.3,2025-08-22,0
11.3,2025-08-23,0
11.3,2025-08-24,0
11.3,2025-08-25,0
11.3,2025-08-26,0
11.3,2025-08-27,0
11.3,2025-08-28,0
11.3,2025-08-29,0
11.3,2025-08-30,0
11.3,2025-08-31,0
11.3,2025-09-01,0
11.3,2025-09-02,0
11.3,2025-09-03,0
11.3,2025-09-04,0
11.3,2025-09-05,0
11.3,2025-09-06,0
11.3,2025-09-07,0
11.3,2025-09-08,0
11.3,2025-09-09,0
11.3,2025-09-10,0
11.3,2025-09-11,0
11.3,2025-09-12,0
11.3,2025-09-13,0
11.3,2025-09-14,0
11.3,2025-09-15,0
11.3,2025-09-16,0
11.3,2025-09-17,0
11.3,2025-09-18,0
11.3,2025-09-19,0
11.3,2025-09-20,0
11.3,2025-09-21,0
11.3,2025-09-22,0
11.3,2025-09-23,0
11.3,2025-09-24,0
11.3,2025-09-25,0
11.3,2025-09-26,0
11.3,2025-09-27,0
11.3,2025-09-28,0
11.3,2025-09-29,0
11.3,2025-09-30,0
11.3,2025-10-01,0
11.3,2025-10-02,0
11.3,2025-10-03,0
11.3,2025-10-04,0
11.3,2025-10-05,0
11.3,2025-10-06,0
11.3,2025-10-07,0
11.3,2025-10-08,0
11.3,2025-10-09,0
11.3,2025-10-10,0
11.3,2025-10-11,0
11.3,2025-10-12,0
11.3,2025-10-13,0
11.3,2025-10-14,0
11.3,2025-10-15,0
11.3,2025-10-16,0
11.3,2025-10-17,0
11.3,2025-10-18,0
11.3,2025-10-19,0
11.3,2025-10-20,0
11.3,2025-10-21,0
11.3,2025-10-22,0
11.3,2025-10-23,0
11.3,2025-10-24,0
11.3,2025-10-25,0
11.3,2025-10-26,0
11.3,2025-10-27,0
11.3,2025-10-28,0
11.3,2025-10-29,0
11.3,2025-10-30,0
11.3,2025-10-31,0
11.3,2025-11-01,0
11.3,2025-11-02,0
11.3,2025-11-03,0
11.3,2025-11-04,0
11.3,2025-11-05,0
11.3,2025-11-06,0
11.3,2025-11-07,0
11.3,2025-11-08,0
11.3,2025-11-09,0
11.3,2025-11-10,0
11.3,2025-11-11,0
11.3,2025-11-12,0
11.3,2025-11-13,0
11.3,2025-11-14,0
11.3,2025-11-15,0
11.3,2025-11-16,0
11.3,2025-11-17,0
11.3,2025-11-18,0
11.3,2025-11-19,0
11.3,2025-11-20,0
11.3,2025-11-21,0
11.3,2025-11-22,0
11.3,2025-11-23,0
11.3,2025-11-24,0
11.3,2025-11-25,0
11.3,2025-11-26,0
11.3,2025-11-27,0
11.3,2025-11-28,0
11.3,2025-11-29,0
11.3,2025-11-30,0
11.3,2025-12-01,0
11.3,2025-12-02,0
11.3,2025-12-03,0
11.3,2025-12-04,21
11.3,2025-12-05,48
11.3,2025-12-06,48
11.3,2025-12-07,22
11.3,2025-12-08,3
11.3,2025-12-09,2
11.3,2025-12-10,5
11.3,2025-12-11,7
11.3,2025-12-12,6
11.3,2025-12-13,4
11.3,2025-12-14,40
11.3,2025-12-15,46
11.3,2025-12-16,48
11.3,2025-12-17,42
11.3,2025-12-18,3
11.3,2025-12-19,1
11.3,2025-12-20,2
11.3,2025-12-21,0
11.3,2025-12-22,1
11.3,2025-12-23,6
11.3,2025-12-24,12
11.3,2025-12-25,22
11.3,2025-12-26,0
11.3,2025-12-27,0
11.3,2025-12-28,0
11.3,2025-12-29,0
11.3,2025-12-30,0
11.3,2025-12-31,0
12.1_5.2,2024-11-01,0
12.1_5.2,2024-11-02,0
12.1_5.2,2024-11-03,0
12.1_5.2,2024-11-04,0
12.1_5.2,2024-11-05,0
12.1_5.2,2024-11-06,0
12.1_5.2,2024-11-07,0
12.1_5.2,2024-11-08,0
12.1_5.2,2024-11-09,0
12.1_5.2,2024-11-10,0
12.1_5.2,2024-11-11,0
12.1_5.2,2024-11-12,0
12.1_5.2,2024-11-13,0
12.1_5.2,2024-11-14,0
12.1_5.2,2024-11-15,0
12.1_5.2,2024-11-16,0
12.1_5.2,2024-11-17,0
12.1_5.2,2024-11-18,0
12.1_5.2,2024-11-19,0
12.1_5.2,2024-11-20,6
12.1_5.2,2024-11-21,15
12.1_5.2,2024-11-22,32
12.1_5.2,2024-11-23,45
12.1_5.2,2024-11-24,33
12.1_5.2,2024-11-25,32
12.1_5.2,2024-11-26,33
12.1_5.2,2024-11-27,32
12.1_5.2,2024-11-28,28
12.1_5.2,2024-11-29,26
12.1_5.2,2024-11-30,13
12.1_5.2,2024-12-01,22
12.1_5.2,2024-12-02,25
12.1_5.2,2024-12-03,33
12.1_5.2,2024-12-04,35
12.1_5.2,2024-12-05,0
12.1_5.2,2024-12-06,19
12.1_5.2,2024-12-07,46
12.1_5.2,2024-12-08,28
12.1_5.2,2024-12-09,44
12.1_5.2,2024-12-10,41
12.1_5.2,2024-12-11,21
12.1_5.2,2024-12-12,29
12.1_5.2,2024-12-13,26
12.1_5.2,2024-12-14,45
12.1_5.2,2024-12-15,48
12.1_5.2,2024-12-16,45
12.1_5.2,2024-12-17,48
12.1_5.2,2024-12-18,47
12.1_5.2,2024-12-19,46
12.1_5.2,2024-12-20,29
12.1_5.2,2024-12-21,35
12.1_5.2,2024-12-22,35
12.1_5.2,2024-12-23,36
12.1_5.2,2024-12-24,39
12.1_5.2,2024-12-25,47
12.1_5.2,2024-12-26,46
12.1_5.2,2024-12-27,48
12.1_5.2,2024-12-28,45
12.1_5.2,2024-12-29,41
12.1_5.2,2024-12-30,29
12.1_5.2,2024-12-31,44
12.1_5.2,2025-01-01,31
12.1_5.2,2025-01-02,41
12.1_5.2,2025-01-03,44
12.1_5.2,2025-01-04,42
12.1_5.2,2025-01-05,38
12.1_5.2,2025-01-06,23
12.1_5.2,2025-01-07,20
12.1_5.2,2025-01-08,29
12.1_5.2,2025-01-09,25
12.1_5.2,2025-01-10,22
12.1_5.2,2025-01-11,37
12.1_5.2,2025-01-12,29
12.1_5.2,2025-01-13,45
12.1_5.2,2025-01-14,29
12.1_5.2,2025-01-15,44
12.1_5.2,2025-01-16,43
12.1_5.2,2025-01-17,10
12.1_5.2,2025-01-18,29
12.1_5.2,2025-01-19,38
12.1_5.2,2025-01-20,13
12.1_5.2,2025-01-21,41
12.1_5.2,2025-01-22,27
12.1_5.2,2025-01-23,15
12.1_5.2,2025-01-24,11
12.1_5.2,2025-01-25,18
12.1_5.2,2025-01-26,30
12.1_5.2,2025-01-27,45
12.1_5.2,2025-01-28,40
12.1_5.2,2025-01-29,45
12.1_5.2,2025-01-30,46
12.1_5.2,2025-01-31,15
12.1_5.2,2025-02-01,34
12.1_5.2,2025-02-02,39
12.1_5.2,2025-02-03,46
12.1_5.2,2025-02-04,33
12.1_5.2,2025-02-05,38
12.1_5.2,2025-02-06,47
12.1_5.2,2025-02-07,23
12.1_5.2,2025-02-08,30
12.1_5.2,2025-02-09,26
12.1_5.2,2025-02-10,46
12.1_5.2,2025-02-11,47
12.1_5.2,2025-02-12,45
12.1_5.2,2025-02-13,37
12.1_5.2,2025-02-14,47
12.1_5.2,2025-02-15,33
12.1_5.2,2025-02-16,6
12.1_5.2,2025-02-17,41
12.1_5.2,2025-02-18,25
12.1_5.2,2025-02-19,46
12.1_5.2,2025-02-20,28
12.1_5.2,2025-02-21,36
12.1_5.2,2025-02-22,41
12.1_5.2,2025-02-23,38
12.1_5.2,2025-02-24,45
12.1_5.2,2025-02-25,48
12.1_5.2,2025-02-26,47
12.1_5.2,2025-02-27,27
12.1_5.2,2025-02-28,45
12.1_5.2,2025-03-01,35
12.1_5.2,2025-03-02,34
12.1_5.2,2025-03-03,46
12.1_5.2,2025-03-04,46
12.1_5.2,2025-03-05,44
12.1_5.2,2025-03-06,25
12.1_5.2,2025-03-07,42
12.1_5.2,2025-03-08,48
12.1_5.2,2025-03-09,47
12.1_5.2,2025-03-10,44
12.1_5.2,2025-03-11,43
12.1_5.2,2025-03-12,46
12.1_5.2,2025-03-13,47
12.1_5.2,2025-03-14,48
12.1_5.2,2025-03-15,44
12.1_5.2,2025-03-16,44
12.1_5.2,2025-03-17,42
12.1_5.2,2025-03-18,48
12.1_5.2,2025-03-19,46
12.1_5.2,2025-03-20,46
12.1_5.2,2025-03-21,45
12.1_5.2,2025-03-22,45
12.1_5.2,2025-03-23,45
12.1_5.2,2025-03-24,44
12.1_5.2,2025-03-25,36
12.1_5.2,2025-03-26,39
12.1_5.2,2025-03-27,41
12.1_5.2,2025-03-28,45
12.1_5.2,2025-03-29,37
12.1_5.2,2025-03-30,40
12.1_5.2,2025-03-31,45
12.1_5.2,2025-04-01,41
12.1_5.2,2025-04-02,47
12.1_5.2,2025-04-03,41
12.1_5.2,2025-04-04,33
12.1_5.2,2025-04-05,36
12.1_5.2,2025-04-06,20
12.1_5.2,2025-04-07,46
12.1_5.2,2025-04-08,46
12.1_5.2,2025-04-09,45
12.1_5.2,2025-04-10,47
12.1_5.2,2025-04-11,43
12.1_5.2,2025-04-12,46
12.1_5.2,2025-04-13,44
12.1_5.2,2025-04-14,44
12.1_5.2,2025-04-15,40
12.1_5.2,2025-04-16,47
12.1_5.2,2025-04-17,44
12.1_5.2,2025-04-18,48
12.1_5.2,2025-04-19,41
12.1_5.2,2025-04-20,44
12.1_5.2,2025-04-21,46
12.1_5.2,2025-04-22,44
12.1_5.2,2025-04-23,46
12.1_5.2,2025-04-24,48
12.1_5.2,2025-04-25,44
12.1_5.2,2025-04-26,32
12.1_5.2,2025-04-27,44
12.1_5.2,2025-04-28,44
12.1_5.2,2025-04-29,48
12.1_5.2,2025-04-30,43
12.1_5.2,2025-05-01,39
12.1_5.2,2025-05-02,42
12.1_5.2,2025-05-03,14
12.1_5.2,2025-05-04,20
12.1_5.2,2025-05-05,34
12.1_5.2,2025-05-06,32
12.1_5.2,2025-05-07,36
12.1_5.2,2025-05-08,40
12.1_5.2,2025-05-09,45
12.1_5.2,2025-05-10,45
12.1_5.2,2025-05-11,32
12.1_5.2,2025-05-12,42
12.1_5.2,2025-05-13,40
12.1_5.2,2025-05-14,42
12.1_5.2,2025-05-15,38
12.1_5.2,2025-05-16,39
12.1_5.2,2025-05-17,23
12.1_5.2,2025-05-18,7
12.1_5.2,2025-05-19,41
12.1_5.2,2025-05-20,19
12.1_5.2,2025-05-21,6
12.1_5.2,2025-05-22,3
12.1_5.2,2025-05-23,0
12.1_5.2,2025-05-24,0
12.1_5.2,2025-05-25,30
12.1_5.2,2025-05-26,35
12.1_5.2,2025-05-27,25
12.1_5.2,2025-05-28,25
12.1_5.2,2025-05-29,0
12.1_5.2,2025-05-30,7
12.1_5.2,2025-05-31,31
12.1_5.2,2025-06-01,8
12.1_5.2,2025-06-02,13
12.1_5.2,2025-06-03,34
12.1_5.2,2025-06-04,40
12.1_5.2,2025-06-05,40
12.1_5.2,2025-06-06,41
12.1_5.2,2025-06-07,18
12.1_5.2,2025-06-08,0
12.1_5.2,2025-06-09,0
12.1_5.2,2025-06-10,19
12.1_5.2,2025-06-11,14
12.1_5.2,2025-06-12,1
12.1_5.2,2025-06-13,0
12.1_5.2,2025-06-14,0
12.1_5.2,2025-06-15,23
12.1_5.2,2025-06-16,41
12.1_5.2,2025-06-17,38
12.1_5.2,2025-06-18,45
12.1_5.2,2025-06-19,3
12.1_5.2,2025-06-20,13
12.1_5.2,2025-06-21,25
12.1_5.2,2025-06-22,48
12.1_5.2,2025-06-23,46
12.1_5.2,2025-06-24,43
12.1_5.2,2025-06-25,42
12.1_5.2,2025-06-26,41
12.1_5.2,2025-06-27,47
12.1_5.2,2025-06-28,47
12.1_5.2,2025-06-29,46
12.1_5.2,2025-06-30,39
12.1_5.2,2025-07-01,38
12.1_5.2,2025-07-02,38
12.1_5.2,2025-07-03,42
12.1_5.2,2025-07-04,38
12.1_5.2,2025-07-05,39
12.1_5.2,2025-07-06,45
12.1_5.2,2025-07-07,33
12.1_5.2,2025-07-08,40
12.1_5.2,2025-07-09,36
12.1_5.2,2025-07-10,34
12.1_5.2,2025-07-11,43
12.1_5.2,2025-07-12,48
12.1_5.2,2025-07-13,45
12.1_5.2,2025-07-14,38
12.1_5.2,2025-07-15,42
12.1_5.2,2025-07-16,40
12.1_5.2,2025-07-17,36
12.1_5.2,2025-07-18,44
12.1_5.2,2025-07-19,42
12.1_5.2,2025-07-20,43
12.1_5.2,2025-07-21,33
12.1_5.2,2025-07-22,44
12.1_5.2,2025-07-23,36
12.1_5.2,2025-07-24,37
12.1_5.2,2025-07-25,48
12.1_5.2,2025-07-26,39
12.1_5.2,2025-07-27,39
12.1_5.2,2025-07-28,37
12.1_5.2,2025-07-29,43
12.1_5.2,2025-07-30,38
12.1_5.2,2025-07-31,13
12.1_5.2,2025-08-01,30
12.1_5.2,2025-08-02,33
12.1_5.2,2025-08-03,41
12.1_5.2,2025-08-04,41
12.1_5.2,2025-08-05,35
12.1_5.2,2025-08-06,43
12.1_5.2,2025-08-07,44
12.1_5.2,2025-08-08,37
12.1_5.2,2025-08-09,41
12.1_5.2,2025-08-10,47
12.1_5.2,2025-08-11,46
12.1_5.2,2025-08-12,27
12.1_5.2,2025-08-13,6
12.1_5.2,2025-08-14,0
12.1_5.2,2025-08-15,4
12.1_5.2,2025-08-16,7
12.1_5.2,2025-08-17,0
12.1_5.2,2025-08-18,0
12.1_5.2,2025-08-19,0
12.1_5.2,2025-08-20,0
12.1_5.2,2025-08-21,0
12.1_5.2,2025-08-22,0
12.1_5.2,2025-08-23,0
12.1_5.2,2025-08-24,0
12.1_5.2,2025-08-25,8
12.1_5.2,2025-08-26,11
12.1_5.2,2025-08-27,8
12.1_5.2,2025-08-28,7
12.1_5.2,2025-08-29,0
12.1_5.2,2025-08-30,14
12.1_5.2,2025-08-31,16
12.1_5.2,2025-09-01,14
12.1_5.2,2025-09-02,4
12.1_5.2,2025-09-03,5
12.1_5.2,2025-09-04,1
12.1_5.2,2025-09-05,0
12.1_5.2,2025-09-06,0
12.1_5.2,2025-09-07,0
12.1_5.2,2025-09-08,0
12.1_5.2,2025-09-09,13
12.1_5.2,2025-09-10,1
12.1_5.2,2025-09-11,20
12.1_5.2,2025-09-12,13
12.1_5.2,2025-09-13,14
12.1_5.2,2025-09-14,7
12.1_5.2,2025-09-15,0
12.1_5.2,2025-09-16,0
12.1_5.2,2025-09-17,0
12.1_5.2,2025-09-18,18
12.1_5.2,2025-09-19,7
12.1_5.2,2025-09-20,18
12.1_5.2,2025-09-21,23
12.1_5.2,2025-09-22,11
12.1_5.2,2025-09-23,7
12.1_5.2,2025-09-24,0
12.1_5.2,2025-09-25,0
12.1_5.2,2025-09-26,0
12.1_5.2,2025-09-27,1
12.1_5.2,2025-09-28,0
12.1_5.2,2025-09-29,0
12.1_5.2,2025-09-30,0
12.1_5.2,2025-10-01,0
12.1_5.2,2025-10-02,0
12.1_5.2,2025-10-03,0
12.1_5.2,2025-10-04,0
12.1_5.2,2025-10-05,0
12.1_5.2,2025-10-06,31
12.1_5.2,2025-10-07,0
12.1_5.2,2025-10-08,0
12.1_5.2,2025-10-09,0
12.1_5.2,2025-10-10,0
12.1_5.2,2025-10-11,16
12.1_5.2,2025-10-12,6
12.1_5.2,2025-10-13,19
12.1_5.2,2025-10-14,4
12.1_5.2,2025-10-15,2
12.1_5.2,2025-10-16,0
12.1_5.2,2025-10-17,13
12.1_5.2,2025-10-18,15
12.1_5.2,2025-10-19,1
12.1_5.2,2025-10-20,0
12.1_5.2,2025-10-21,0
12.1_5.2,2025-10-22,0
12.1_5.2,2025-10-23,0
12.1_5.2,2025-10-24,0
12.1_5.2,2025-10-25,0
12.1_5.2,2025-10-26,0
12.1_5.2,2025-10-27,0
12.1_5.2,2025-10-28,0
12.1_5.2,2025-10-29,11
12.1_5.2,2025-10-30,0
12.1_5.2,2025-10-31,11
12.1_5.2,2025-11-01,30
12.1_5.2,2025-11-02,31
12.1_5.2,2025-11-03,45
12.1_5.2,2025-11-04,47
12.1_5.2,2025-11-05,48
12.1_5.2,2025-11-06,48
12.1_5.2,2025-11-07,48
12.1_5.2,2025-11-08,46
12.1_5.2,2025-11-09,32
12.1_5.2,2025-11-10,0
12.1_5.2,2025-11-11,15
12.1_5.2,2025-11-12,48
12.1_5.2,2025-11-13,48
12.1_5.2,2025-11-14,48
12.1_5.2,2025-11-15,48
12.1_5.2,2025-11-16,48
12.1_5.2,2025-11-17,48
12.1_5.2,2025-11-18,47
12.1_5.2,2025-11-19,48
12.1_5.2,2025-11-20,48
12.1_5.2,2025-11-21,48
12.1_5.2,2025-11-22,48
12.1_5.2,2025-11-23,48
12.1_5.2,2025-11-24,48
12.1_5.2,2025-11-25,46
12.1_5.2,2025-11-26,10
12.1_5.2,2025-11-27,44
12.1_5.2,2025-11-28,3
12.1_5.2,2025-11-29,5
12.1_5.2,2025-11-30,0
12.1_5.2,2025-12-01,0
12.1_5.2,2025-12-02,0
12.1_5.2,2025-12-03,0
12.1_5.2,2025-12-04,0
12.1_5.2,2025-12-05,0
12.1_5.2,2025-12-06,0
12.1_5.2,2025-12-07,0
12.1_5.2,2025-12-08,0
12.1_5.2,2025-12-09,0
12.1_5.2,2025-12-10,0
12.1_5.2,2025-12-11,0
12.1_5.2,2025-12-12,0
12.1_5.2,2025-12-13,0
12.1_5.2,2025-12-14,0
12.1_5.2,2025-12-15,0
12.1_5.2,2025-12-16,0
12.1_5.2,2025-12-17,0
12.1_5.2,2025-12-18,0
12.1_5.2,2025-12-19,0
12.1_5.2,2025-12-20,0
12.1_5.2,2025-12-21,0
12.1_5.2,2025-12-22,0
12.1_5.2,2025-12-23,0
12.1_5.2,2025-12-24,0
12.1_5.2,2025-12-25,0
12.1_5.2,2025-12-26,0
12.1_5.2,2025-12-27,0
12.1_5.2,2025-12-28,0
12.1_5.2,2025-12-29,0
12.1_5.2,2025-12-30,0
12.1_5.2,2025-12-31,0
13.1_33.2,2024-11-01,3
13.1_33.2,2024-11-02,41
13.1_33.2,2024-11-03,33
13.1_33.2,2024-11-04,18
13.1_33.2,2024-11-05,16
13.1_33.2,2024-11-06,34
13.1_33.2,2024-11-07,24
13.1_33.2,2024-11-08,15
13.1_33.2,2024-11-09,37
13.1_33.2,2024-11-10,24
13.1_33.2,2024-11-11,25
13.1_33.2,2024-11-12,16
13.1_33.2,2024-11-13,14
13.1_33.2,2024-11-14,28
13.1_33.2,2024-11-15,33
13.1_33.2,2024-11-16,48
13.1_33.2,2024-11-17,48
13.1_33.2,2024-11-18,35
13.1_33.2,2024-11-19,23
13.1_33.2,2024-11-20,19
13.1_33.2,2024-11-21,48
13.1_33.2,2024-11-22,28
13.1_33.2,2024-11-23,0
13.1_33.2,2024-11-24,0
13.1_33.2,2024-11-25,0
13.1_33.2,2024-11-26,27
13.1_33.2,2024-11-27,35
13.1_33.2,2024-11-28,21
13.1_33.2,2024-11-29,28
13.1_33.2,2024-11-30,31
13.1_33.2,2024-12-01,42
13.1_33.2,2024-12-02,42
13.1_33.2,2024-12-03,21
13.1_33.2,2024-12-04,28
13.1_33.2,2024-12-05,12
13.1_33.2,2024-12-06,39
13.1_33.2,2024-12-07,18
13.1_33.2,2024-12-08,10
13.1_33.2,2024-12-09,16
13.1_33.2,2024-12-10,19
13.1_33.2,2024-12-11,36
13.1_33.2,2024-12-12,48
13.1_33.2,2024-12-13,39
13.1_33.2,2024-12-14,38
13.1_33.2,2024-12-15,16
13.1_33.2,2024-12-16,12
13.1_33.2,2024-12-17,15
13.1_33.2,2024-12-18,13
13.1_33.2,2024-12-19,0
13.1_33.2,2024-12-20,18
13.1_33.2,2024-12-21,29
13.1_33.2,2024-12-22,48
13.1_33.2,2024-12-23,32
13.1_33.2,2024-12-24,18
13.1_33.2,2024-12-25,30
13.1_33.2,2024-12-26,35
13.1_33.2,2024-12-27,48
13.1_33.2,2024-12-28,39
13.1_33.2,2024-12-29,19
13.1_33.2,2024-12-30,27
13.1_33.2,2024-12-31,37
13.1_33.2,2025-01-01,31
13.1_33.2,2025-01-02,21
13.1_33.2,2025-01-03,24
13.1_33.2,2025-01-04,34
13.1_33.2,2025-01-05,48
13.1_33.2,2025-01-06,48
13.1_33.2,2025-01-07,45
13.1_33.2,2025-01-08,36
13.1_33.2,2025-01-09,33
13.1_33.2,2025-01-10,48
13.1_33.2,2025-01-11,40
13.1_33.2,2025-01-12,48
13.1_33.2,2025-01-13,48
13.1_33.2,2025-01-14,48
13.1_33.2,2025-01-15,23
13.1_33.2,2025-01-16,48
13.1_33.2,2025-01-17,47
13.1_33.2,2025-01-18,45
13.1_33.2,2025-01-19,48
13.1_33.2,2025-01-20,44
13.1_33.2,2025-01-21,29
13.1_33.2,2025-01-22,47
13.1_33.2,2025-01-23,34
13.1_33.2,2025-01-24,47
13.1_33.2,2025-01-25,33
13.1_33.2,2025-01-26,48
13.1_33.2,2025-01-27,48
13.1_33.2,2025-01-28,48
13.1_33.2,2025-01-29,44
13.1_33.2,2025-01-30,46
13.1_33.2,2025-01-31,15
13.1_33.2,2025-02-01,33
13.1_33.2,2025-02-02,33
13.1_33.2,2025-02-03,18
13.1_33.2,2025-02-04,6
13.1_33.2,2025-02-05,0
13.1_33.2,2025-02-06,0
13.1_33.2,2025-02-07,0
13.1_33.2,2025-02-08,0
13.1_33.2,2025-02-09,0
13.1_33.2,2025-02-10,0
13.1_33.2,2025-02-11,0
13.1_33.2,2025-02-12,0
13.1_33.2,2025-02-13,19
13.1_33.2,2025-02-14,48
13.1_33.2,2025-02-15,34
13.1_33.2,2025-02-16,9
13.1_33.2,2025-02-17,16
13.1_33.2,2025-02-18,48
13.1_33.2,2025-02-19,48
13.1_33.2,2025-02-20,45
13.1_33.2,2025-02-21,32
13.1_33.2,2025-02-22,47
13.1_33.2,2025-02-23,34
13.1_33.2,2025-02-24,46
13.1_33.2,2025-02-25,46
13.1_33.2,2025-02-26,19
13.1_33.2,2025-02-27,16
13.1_33.2,2025-02-28,47
13.1_33.2,2025-03-01,48
13.1_33.2,2025-03-02,48
13.1_33.2,2025-03-03,48
13.1_33.2,2025-03-04,46
13.1_33.2,2025-03-05,37
13.1_33.2,2025-03-06,47
13.1_33.2,2025-03-07,48
13.1_33.2,2025-03-08,48
13.1_33.2,2025-03-09,44
13.1_33.2,2025-03-10,45
13.1_33.2,2025-03-11,44
13.1_33.2,2025-03-12,48
13.1_33.2,2025-03-13,48
13.1_33.2,2025-03-14,42
13.1_33.2,2025-03-15,37
13.1_33.2,2025-03-16,9
13.1_33.2,2025-03-17,0
13.1_33.2,2025-03-18,0
13.1_33.2,2025-03-19,0
13.1_33.2,2025-03-20,0
13.1_33.2,2025-03-21,0
13.1_33.2,2025-03-22,0
13.1_33.2,2025-03-23,0
13.1_33.2,2025-03-24,0
13.1_33.2,2025-03-25,0
13.1_33.2,2025-03-26,0
13.1_33.2,2025-03-27,0
13.1_33.2,2025-03-28,0
13.1_33.2,2025-03-29,0
13.1_33.2,2025-03-30,8
13.1_33.2,2025-03-31,18
13.1_33.2,2025-04-01,48
13.1_33.2,2025-04-02,41
13.1_33.2,2025-04-03,30
13.1_33.2,2025-04-04,47
13.1_33.2,2025-04-05,22
13.1_33.2,2025-04-06,24
13.1_33.2,2025-04-07,48
13.1_33.2,2025-04-08,48
13.1_33.2,2025-04-09,48
13.1_33.2,2025-04-10,42
13.1_33.2,2025-04-11,48
13.1_33.2,2025-04-12,48
13.1_33.2,2025-04-13,40
13.1_33.2,2025-04-14,42
13.1_33.2,2025-04-15,48
13.1_33.2,2025-04-16,48
13.1_33.2,2025-04-17,48
13.1_33.2,2025-04-18,45
13.1_33.2,2025-04-19,37
13.1_33.2,2025-04-20,48
13.1_33.2,2025-04-21,47
13.1_33.2,2025-04-22,48
13.1_33.2,2025-04-23,45
13.1_33.2,2025-04-24,44
13.1_33.2,2025-04-25,38
13.1_33.2,2025-04-26,43
13.1_33.2,2025-04-27,48
13.1_33.2,2025-04-28,45
13.1_33.2,2025-04-29,45
13.1_33.2,2025-04-30,31
13.1_33.2,2025-05-01,42
13.1_33.2,2025-05-02,35
13.1_33.2,2025-05-03,45
13.1_33.2,2025-05-04,0
13.1_33.2,2025-05-05,0
13.1_33.2,2025-05-06,0
13.1_33.2,2025-05-07,0
13.1_33.2,2025-05-08,0
13.1_33.2,2025-05-09,0
13.1_33.2,2025-05-10,0
13.1_33.2,2025-05-11,0
13.1_33.2,2025-05-12,0
13.1_33.2,2025-05-13,0
13.1_33.2,2025-05-14,0
13.1_33.2,2025-05-15,0
13.1_33.2,2025-05-16,0
13.1_33.2,2025-05-17,0
13.1_33.2,2025-05-18,0
13.1_33.2,2025-05-19,0
13.1_33.2,2025-05-20,0
13.1_33.2,2025-05-21,0
13.1_33.2,2025-05-22,0
13.1_33.2,2025-05-23,0
13.1_33.2,2025-05-24,0
13.1_33.2,2025-05-25,0
13.1_33.2,2025-05-26,0
13.1_33.2,2025-05-27,0
13.1_33.2,2025-05-28,0
13.1_33.2,2025-05-29,0
13.1_33.2,2025-05-30,0
13.1_33.2,2025-05-31,0
13.1_33.2,2025-06-01,0
13.1_33.2,2025-06-02,0
13.1_33.2,2025-06-03,0
13.1_33.2,2025-06-04,0
13.1_33.2,2025-06-05,0
13.1_33.2,2025-06-06,0
13.1_33.2,2025-06-07,0
13.1_33.2,2025-06-08,0
13.1_33.2,2025-06-09,0
13.1_33.2,2025-06-10,0
13.1_33.2,2025-06-11,0
13.1_33.2,2025-06-12,0
13.1_33.2,2025-06-13,0
13.1_33.2,2025-06-14,0
13.1_33.2,2025-06-15,0
13.1_33.2,2025-06-16,0
13.1_33.2,2025-06-17,0
13.1_33.2,2025-06-18,0
13.1_33.2,2025-06-19,0
13.1_33.2,2025-06-20,0
13.1_33.2,2025-06-21,0
13.1_33.2,2025-06-22,0
13.1_33.2,2025-06-23,0
13.1_33.2,2025-06-24,0
13.1_33.2,2025-06-25,0
13.1_33.2,2025-06-26,0
13.1_33.2,2025-06-27,0
13.1_33.2,2025-06-28,0
13.1_33.2,2025-06-29,0
13.1_33.2,2025-06-30,0
13.1_33.2,2025-07-01,0
13.1_33.2,2025-07-02,0
13.1_33.2,2025-07-03,0
13.1_33.2,2025-07-04,0
13.1_33.2,2025-07-05,0
13.1_33.2,2025-07-06,0
13.1_33.2,2025-07-07,0
13.1_33.2,2025-07-08,0
13.1_33.2,2025-07-09,0
13.1_33.2,2025-07-10,0
13.1_33.2,2025-07-11,0
13.1_33.2,2025-07-12,0
13.1_33.2,2025-07-13,0
13.1_33.2,2025-07-14,0
13.1_33.2,2025-07-15,0
13.1_33.2,2025-07-16,0
13.1_33.2,2025-07-17,0
13.1_33.2,2025-07-18,0
13.1_33.2,2025-07-19,0
13.1_33.2,2025-07-20,0
13.1_33.2,2025-07-21,0
13.1_33.2,2025-07-22,0
13.1_33.2,2025-07-23,0
13.1_33.2,2025-07-24,0
13.1_33.2,2025-07-25,0
13.1_33.2,2025-07-26,0
13.1_33.2,2025-07-27,0
13.1_33.2,2025-07-28,0
13.1_33.2,2025-07-29,0
13.1_33.2,2025-07-30,19
13.1_33.2,2025-07-31,35
13.1_33.2,2025-08-01,38
13.1_33.2,2025-08-02,26
13.1_33.2,2025-08-03,36
13.1_33.2,2025-08-04,8
13.1_33.2,2025-08-05,0
13.1_33.2,2025-08-06,15
13.1_33.2,2025-08-07,45
13.1_33.2,2025-08-08,41
13.1_33.2,2025-08-09,40
13.1_33.2,2025-08-10,44
13.1_33.2,2025-08-11,42
13.1_33.2,2025-08-12,32
13.1_33.2,2025-08-13,36
13.1_33.2,2025-08-14,43
13.1_33.2,2025-08-15,41
13.1_33.2,2025-08-16,22
13.1_33.2,2025-08-17,27
13.1_33.2,2025-08-18,19
13.1_33.2,2025-08-19,11
13.1_33.2,2025-08-20,48
13.1_33.2,2025-08-21,48
13.1_33.2,2025-08-22,30
13.1_33.2,2025-08-23,37
13.1_33.2,2025-08-24,48
13.1_33.2,2025-08-25,28
13.1_33.2,2025-08-26,11
13.1_33.2,2025-08-27,0
13.1_33.2,2025-08-28,0
13.1_33.2,2025-08-29,0
13.1_33.2,2025-08-30,0
13.1_33.2,2025-08-31,0
13.1_33.2,2025-09-01,0
13.1_33.2,2025-09-02,0
13.1_33.2,2025-09-03,0
13.1_33.2,2025-09-04,0
13.1_33.2,2025-09-05,0
13.1_33.2,2025-09-06,0
13.1_33.2,2025-09-07,0
13.1_33.2,2025-09-08,0
13.1_33.2,2025-09-09,0
13.1_33.2,2025-09-10,0
13.1_33.2,2025-09-11,0
13.1_33.2,2025-09-12,0
13.1_33.2,2025-09-13,0
13.1_33.2,2025-09-14,0
13.1_33.2,2025-09-15,0
13.1_33.2,2025-09-16,0
13.1_33.2,2025-09-17,0
13.1_33.2,2025-09-18,0
13.1_33.2,2025-09-19,0
13.1_33.2,2025-09-20,0
13.1_33.2,2025-09-21,0
13.1_33.2,2025-09-22,0
13.1_33.2,2025-09-23,0
13.1_33.2,2025-09-24,0
13.1_33.2,2025-09-25,0
13.1_33.2,2025-09-26,0
13.1_33.2,2025-09-27,0
13.1_33.2,2025-09-28,0
13.1_33.2,2025-09-29,0
13.1_33.2,2025-09-30,0
13.1_33.2,2025-10-01,0
13.1_33.2,2025-10-02,0
13.1_33.2,2025-10-03,0
13.1_33.2,2025-10-04,0
13.1_33.2,2025-10-05,0
13.1_33.2,2025-10-06,0
13.1_33.2,2025-10-07,0
13.1_33.2,2025-10-08,0
13.1_33.2,2025-10-09,0
13.1_33.2,2025-10-10,0
13.1_33.2,2025-10-11,0
13.1_33.2,2025-10-12,0
13.1_33.2,2025-10-13,0
13.1_33.2,2025-10-14,0
13.1_33.2,2025-10-15,0
13.1_33.2,2025-10-16,0
13.1_33.2,2025-10-17,0
13.1_33.2,2025-10-18,0
13.1_33.2,2025-10-19,0
13.1_33.2,2025-10-20,0
13.1_33.2,2025-10-21,0
13.1_33.2,2025-10-22,0
13.1_33.2,2025-10-23,0
13.1_33.2,2025-10-24,0
13.1_33.2,2025-10-25,0
13.1_33.2,2025-10-26,0
13.1_33.2,2025-10-27,0
13.1_33.2,2025-10-28,0
13.1_33.2,2025-10-29,0
13.1_33.2,2025-10-30,0
13.1_33.2,2025-10-31,0
13.1_33.2,2025-11-01,0
13.1_33.2,2025-11-02,0
13.1_33.2,2025-11-03,0
13.1_33.2,2025-11-04,0
13.1_33.2,2025-11-05,0
13.1_33.2,2025-11-06,0
13.1_33.2,2025-11-07,0
13.1_33.2,2025-11-08,0
13.1_33.2,2025-11-09,0
13.1_33.2,2025-11-10,0
13.1_33.2,2025-11-11,0
13.1_33.2,2025-11-12,0
13.1_33.2,2025-11-13,0
13.1_33.2,2025-11-14,0
13.1_33.2,2025-11-15,0
13.1_33.2,2025-11-16,0
13.1_33.2,2025-11-17,0
13.1_33.2,2025-11-18,0
13.1_33.2,2025-11-19,0
13.1_33.2,2025-11-20,0
13.1_33.2,2025-11-21,0
13.1_33.2,2025-11-22,0
13.1_33.2,2025-11-23,0
13.1_33.2,2025-11-24,11
13.1_33.2,2025-11-25,44
13.1_33.2,2025-11-26,45
13.1_33.2,2025-11-27,47
13.1_33.2,2025-11-28,43
13.1_33.2,2025-11-29,48
13.1_33.2,2025-11-30,48
13.1_33.2,2025-12-01,47
13.1_33.2,2025-12-02,48
13.1_33.2,2025-12-03,48
13.1_33.2,2025-12-04,48
13.1_33.2,2025-12-05,48
13.1_33.2,2025-12-06,48
13.1_33.2,2025-12-07,48
13.1_33.2,2025-12-08,48
13.1_33.2,2025-12-09,48
13.1_33.2,2025-12-10,45
13.1_33.2,2025-12-11,47
13.1_33.2,2025-12-12,48
13.1_33.2,2025-12-13,48
13.1_33.2,2025-12-14,48
13.1_33.2,2025-12-15,48
13.1_33.2,2025-12-16,47
13.1_33.2,2025-12-17,48
13.1_33.2,2025-12-18,48
13.1_33.2,2025-12-19,47
13.1_33.2,2025-12-20,47
13.1_33.2,2025-12-21,48
13.1_33.2,2025-12-22,47
13.1_33.2,2025-12-23,48
13.1_33.2,2025-12-24,48
13.1_33.2,2025-12-25,48
13.1_33.2,2025-12-26,47
13.1_33.2,2025-12-27,48
13.1_33.2,2025-12-28,41
13.1_33.2,2025-12-29,48
13.1_33.2,2025-12-30,48
13.1_33.2,2025-12-31,47
14.1,2024-11-01,0
14.1,2024-11-02,0
14.1,2024-11-03,0
14.1,2024-11-04,0
14.1,2024-11-05,0
14.1,2024-11-06,0
14.1,2024-11-07,0
14.1,2024-11-08,0
14.1,2024-11-09,0
14.1,2024-11-10,0
14.1,2024-11-11,0
14.1,2024-11-12,0
14.1,2024-11-13,0
14.1,2024-11-14,0
14.1,2024-11-15,0
14.1,2024-11-16,0
14.1,2024-11-17,0
14.1,2024-11-18,0
14.1,2024-11-19,0
14.1,2024-11-20,0
14.1,2024-11-21,0
14.1,2024-11-22,0
14.1,2024-11-23,0
14.1,2024-11-24,0
14.1,2024-11-25,0
14.1,2024-11-26,0
14.1,2024-11-27,0
14.1,2024-11-28,0
14.1,2024-11-29,0
14.1,2024-11-30,0
14.1,2024-12-01,0
14.1,2024-12-02,0
14.1,2024-12-03,0
14.1,2024-12-04,0
14.1,2024-12-05,0
14.1,2024-12-06,0
14.1,2024-12-07,0
14.1,2024-12-08,0
14.1,2024-12-09,0
14.1,2024-12-10,0
14.1,2024-12-11,0
14.1,2024-12-12,0
14.1,2024-12-13,0
14.1,2024-12-14,0
14.1,2024-12-15,0
14.1,2024-12-16,0
14.1,2024-12-17,0
14.1,2024-12-18,0
14.1,2024-12-19,0
14.1,2024-12-20,0
14.1,2024-12-21,0
14.1,2024-12-22,0
14.1,2024-12-23,0
14.1,2024-12-24,0
14.1,2024-12-25,0
14.1,2024-12-26,0
14.1,2024-12-27,0
14.1,2024-12-28,0
14.1,2024-12-29,0
14.1,2024-12-30,0
14.1,2024-12-31,0
14.1,2025-01-01,0
14.1,2025-01-02,0
14.1,2025-01-03,0
14.1,2025-01-04,0
14.1,2025-01-05,0
14.1,2025-01-06,0
14.1,2025-01-07,0
14.1,2025-01-08,0
14.1,2025-01-09,0
14.1,2025-01-10,0
14.1,2025-01-11,0
14.1,2025-01-12,0
14.1,2025-01-13,0
14.1,2025-01-14,0
14.1,2025-01-15,0
14.1,2025-01-16,0
14.1,2025-01-17,0
14.1,2025-01-18,0
14.1,2025-01-19,0
14.1,2025-01-20,0
14.1,2025-01-21,0
14.1,2025-01-22,0
14.1,2025-01-23,0
14.1,2025-01-24,0
14.1,2025-01-25,0
14.1,2025-01-26,0
14.1,2025-01-27,0
14.1,2025-01-28,0
14.1,2025-01-29,0
14.1,2025-01-30,0
14.1,2025-01-31,0
14.1,2025-02-01,0
14.1,2025-02-02,0
14.1,2025-02-03,0
14.1,2025-02-04,0
14.1,2025-02-05,0
14.1,2025-02-06,0
14.1,2025-02-07,0
14.1,2025-02-08,0
14.1,2025-02-09,0
14.1,2025-02-10,0
14.1,2025-02-11,0
14.1,2025-02-12,0
14.1,2025-02-13,0
14.1,2025-02-14,0
14.1,2025-02-15,0
14.1,2025-02-16,0
14.1,2025-02-17,0
14.1,2025-02-18,0
14.1,2025-02-19,0
14.1,2025-02-20,0
14.1,2025-02-21,0
14.1,2025-02-22,0
14.1,2025-02-23,0
14.1,2025-02-24,0
14.1,2025-02-25,0
14.1,2025-02-26,0
14.1,2025-02-27,0
14.1,2025-02-28,0
14.1,2025-03-01,0
14.1,2025-03-02,0
14.1,2025-03-03,0
14.1,2025-03-04,0
14.1,2025-03-05,0
14.1,2025-03-06,0
14.1,2025-03-07,0
14.1,2025-03-08,0
14.1,2025-03-09,0
14.1,2025-03-10,0
14.1,2025-03-11,0
14.1,2025-03-12,0
14.1,2025-03-13,0
14.1,2025-03-14,0
14.1,2025-03-15,0
14.1,2025-03-16,0
14.1,2025-03-17,0
14.1,2025-03-18,0
14.1,2025-03-19,0
14.1,2025-03-20,0
14.1,2025-03-21,0
14.1,2025-03-22,0
14.1,2025-03-23,0
14.1,2025-03-24,0
14.1,2025-03-25,0
14.1,2025-03-26,0
14.1,2025-03-27,0
14.1,2025-03-28,0
14.1,2025-03-29,0
14.1,2025-03-30,0
14.1,2025-03-31,0
14.1,2025-04-01,0
14.1,2025-04-02,0
14.1,2025-04-03,0
14.1,2025-04-04,0
14.1,2025-04-05,0
14.1,2025-04-06,0
14.1,2025-04-07,0
14.1,2025-04-08,0
14.1,2025-04-09,0
14.1,2025-04-10,0
14.1,2025-04-11,0
14.1,2025-04-12,0
14.1,2025-04-13,0
14.1,2025-04-14,0
14.1,2025-04-15,0
14.1,2025-04-16,0
14.1,2025-04-17,0
14.1,2025-04-18,0
14.1,2025-04-19,0
14.1,2025-04-20,0
14.1,2025-04-21,0
14.1,2025-04-22,0
14.1,2025-04-23,0
14.1,2025-04-24,0
14.1,2025-04-25,0
14.1,2025-04-26,0
14.1,2025-04-27,0
14.1,2025-04-28,0
14.1,2025-04-29,0
14.1,2025-04-30,0
14.1,2025-05-01,0
14.1,2025-05-02,0
14.1,2025-05-03,0
14.1,2025-05-04,0
14.1,2025-05-05,0
14.1,2025-05-06,0
14.1,2025-05-07,0
14.1,2025-05-08,0
14.1,2025-05-09,0
14.1,2025-05-10,0
14.1,2025-05-11,0
14.1,2025-05-12,12
14.1,2025-05-13,47
14.1,2025-05-14,46
14.1,2025-05-15,48
14.1,2025-05-16,47
14.1,2025-05-17,48
14.1,2025-05-18,48
14.1,2025-05-19,48
14.1,2025-05-20,47
14.1,2025-05-21,48
14.1,2025-05-22,47
14.1,2025-05-23,47
14.1,2025-05-24,46
14.1,2025-05-25,48
14.1,2025-05-26,48
14.1,2025-05-27,48
14.1,2025-05-28,48
14.1,2025-05-29,48
14.1,2025-05-30,46
14.1,2025-05-31,48
14.1,2025-06-01,47
14.1,2025-06-02,48
14.1,2025-06-03,48
14.1,2025-06-04,48
14.1,2025-06-05,48
14.1,2025-06-06,47
14.1,2025-06-07,47
14.1,2025-06-08,47
14.1,2025-06-09,48
14.1,2025-06-10,45
14.1,2025-06-11,48
14.1,2025-06-12,48
14.1,2025-06-13,48
14.1,2025-06-14,48
14.1,2025-06-15,46
14.1,2025-06-16,48
14.1,2025-06-17,46
14.1,2025-06-18,48
14.1,2025-06-19,46
14.1,2025-06-20,48
14.1,2025-06-21,48
14.1,2025-06-22,48
14.1,2025-06-23,48
14.1,2025-06-24,48
14.1,2025-06-25,48
14.1,2025-06-26,48
14.1,2025-06-27,48
14.1,2025-06-28,48
14.1,2025-06-29,48
14.1,2025-06-30,47
14.1,2025-07-01,48
14.1,2025-07-02,48
14.1,2025-07-03,48
14.1,2025-07-04,48
14.1,2025-07-05,48
14.1,2025-07-06,48
14.1,2025-07-07,48
14.1,2025-07-08,48
14.1,2025-07-09,47
14.1,2025-07-10,48
14.1,2025-07-11,48
14.1,2025-07-12,47
14.1,2025-07-13,48
14.1,2025-07-14,48
14.1,2025-07-15,48
14.1,2025-07-16,48
14.1,2025-07-17,47
14.1,2025-07-18,43
14.1,2025-07-19,48
14.1,2025-07-20,48
14.1,2025-07-21,45
14.1,2025-07-22,46
14.1,2025-07-23,47
14.1,2025-07-24,46
14.1,2025-07-25,47
14.1,2025-07-26,48
14.1,2025-07-27,46
14.1,2025-07-28,47
14.1,2025-07-29,47
14.1,2025-07-30,48
14.1,2025-07-31,48
14.1,2025-08-01,44
14.1,2025-08-02,47
14.1,2025-08-03,47
14.1,2025-08-04,48
14.1,2025-08-05,47
14.1,2025-08-06,48
14.1,2025-08-07,48
14.1,2025-08-08,48
14.1,2025-08-09,48
14.1,2025-08-10,46
14.1,2025-08-11,47
14.1,2025-08-12,48
14.1,2025-08-13,44
14.1,2025-08-14,48
14.1,2025-08-15,45
14.1,2025-08-16,46
14.1,2025-08-17,46
14.1,2025-08-18,45
14.1,2025-08-19,46
14.1,2025-08-20,47
14.1,2025-08-21,45
14.1,2025-08-22,47
14.1,2025-08-23,47
14.1,2025-08-24,47
14.1,2025-08-25,46
14.1,2025-08-26,46
14.1,2025-08-27,46
14.1,2025-08-28,47
14.1,2025-08-29,45
14.1,2025-08-30,48
14.1,2025-08-31,47
14.1,2025-09-01,46
14.1,2025-09-02,46
14.1,2025-09-03,46
14.1,2025-09-04,47
14.1,2025-09-05,46
14.1,2025-09-06,47
14.1,2025-09-07,47
14.1,2025-09-08,47
14.1,2025-09-09,45
14.1,2025-09-10,47
14.1,2025-09-11,48
14.1,2025-09-12,47
14.1,2025-09-13,46
14.1,2025-09-14,48
14.1,2025-09-15,47
14.1,2025-09-16,44
14.1,2025-09-17,46
14.1,2025-09-18,45
14.1,2025-09-19,47
14.1,2025-09-20,45
14.1,2025-09-21,48
14.1,2025-09-22,48
14.1,2025-09-23,47
14.1,2025-09-24,46
14.1,2025-09-25,47
14.1,2025-09-26,48
14.1,2025-09-27,47
14.1,2025-09-28,47
14.1,2025-09-29,48
14.1,2025-09-30,46
14.1,2025-10-01,48
14.1,2025-10-02,48
14.1,2025-10-03,47
14.1,2025-10-04,47
14.1,2025-10-05,46
14.1,2025-10-06,46
14.1,2025-10-07,45
14.1,2025-10-08,48
14.1,2025-10-09,47
14.1,2025-10-10,45
14.1,2025-10-11,47
14.1,2025-10-12,47
14.1,2025-10-13,47
14.1,2025-10-14,47
14.1,2025-10-15,45
14.1,2025-10-16,47
14.1,2025-10-17,48
14.1,2025-10-18,48
14.1,2025-10-19,48
14.1,2025-10-20,42
14.1,2025-10-21,48
14.1,2025-10-22,48
14.1,2025-10-23,48
14.1,2025-10-24,48
14.1,2025-10-25,48
14.1,2025-10-26,48
14.1,2025-10-27,48
14.1,2025-10-28,48
14.1,2025-10-29,48
14.1,2025-10-30,46
14.1,2025-10-31,48
14.1,2025-11-01,47
14.1,2025-11-02,48
14.1,2025-11-03,47
14.1,2025-11-04,45
14.1,2025-11-05,48
14.1,2025-11-06,46
14.1,2025-11-07,48
14.1,2025-11-08,48
14.1,2025-11-09,48
14.1,2025-11-10,48
14.1,2025-11-11,48
14.1,2025-11-12,48
14.1,2025-11-13,48
14.1,2025-11-14,48
14.1,2025-11-15,48
14.1,2025-11-16,46
14.1,2025-11-17,48
14.1,2025-11-18,48
14.1,2025-11-19,48
14.1,2025-11-20,48
14.1,2025-11-21,48
14.1,2025-11-22,46
14.1,2025-11-23,47
14.1,2025-11-24,48
14.1,2025-11-25,48
14.1,2025-11-26,48
14.1,2025-11-27,47
14.1,2025-11-28,48
14.1,2025-11-29,47
14.1,2025-11-30,48
14.1,2025-12-01,47
14.1,2025-12-02,48
14.1,2025-12-03,47
14.1,2025-12-04,48
14.1,2025-12-05,47
14.1,2025-12-06,47
14.1,2025-12-07,48
14.1,2025-12-08,48
14.1,2025-12-09,48
14.1,2025-12-10,48
14.1,2025-12-11,48
14.1,2025-12-12,48
14.1,2025-12-13,48
14.1,2025-12-14,48
14.1,2025-12-15,48
14.1,2025-12-16,48
14.1,2025-12-17,47
14.1,2025-12-18,45
14.1,2025-12-19,48
14.1,2025-12-20,48
14.1,2025-12-21,48
14.1,2025-12-22,48
14.1,2025-12-23,47
14.1,2025-12-24,48
14.1,2025-12-25,48
14.1,2025-12-26,46
14.1,2025-12-27,48
14.1,2025-12-28,48
14.1,2025-12-29,46
14.1,2025-12-30,48
14.1,2025-12-31,46
15.1,2024-11-01,15
15.1,2024-11-02,25
15.1,2024-11-03,10
15.1,2024-11-04,21
15.1,2024-11-05,9
15.1,2024-11-06,21
15.1,2024-11-07,18
15.1,2024-11-08,17
15.1,2024-11-09,21
15.1,2024-11-10,19
15.1,2024-11-11,23
15.1,2024-11-12,19
15.1,2024-11-13,21
15.1,2024-11-14,22
15.1,2024-11-15,24
15.1,2024-11-16,15
15.1,2024-11-17,22
15.1,2024-11-18,27
15.1,2024-11-19,22
15.1,2024-11-20,21
15.1,2024-11-21,24
15.1,2024-11-22,21
15.1,2024-11-23,26
15.1,2024-11-24,24
15.1,2024-11-25,18
15.1,2024-11-26,26
15.1,2024-11-27,30
15.1,2024-11-28,27
15.1,2024-11-29,24
15.1,2024-11-30,27
15.1,2024-12-01,28
15.1,2024-12-02,29
15.1,2024-12-03,27
15.1,2024-12-04,26
15.1,2024-12-05,21
15.1,2024-12-06,22
15.1,2024-12-07,33
15.1,2024-12-08,27
15.1,2024-12-09,25
15.1,2024-12-10,21
15.1,2024-12-11,25
15.1,2024-12-12,30
15.1,2024-12-13,28
15.1,2024-12-14,20
15.1,2024-12-15,22
15.1,2024-12-16,22
15.1,2024-12-17,29
15.1,2024-12-18,22
15.1,2024-12-19,30
15.1,2024-12-20,23
15.1,2024-12-21,30
15.1,2024-12-22,34
15.1,2024-12-23,28
15.1,2024-12-24,31
15.1,2024-12-25,26
15.1,2024-12-26,21
15.1,2024-12-27,27
15.1,2024-12-28,27
15.1,2024-12-29,21
15.1,2024-12-30,25
15.1,2024-12-31,22
15.1,2025-01-01,25
15.1,2025-01-02,26
15.1,2025-01-03,29
15.1,2025-01-04,23
15.1,2025-01-05,31
15.1,2025-01-06,20
15.1,2025-01-07,28
15.1,2025-01-08,24
15.1,2025-01-09,25
15.1,2025-01-10,29
15.1,2025-01-11,29
15.1,2025-01-12,31
15.1,2025-01-13,14
15.1,2025-01-14,25
15.1,2025-01-15,24
15.1,2025-01-16,24
15.1,2025-01-17,26
15.1,2025-01-18,14
15.1,2025-01-19,0
15.1,2025-01-20,0
15.1,2025-01-21,5
15.1,2025-01-22,29
15.1,2025-01-23,25
15.1,2025-01-24,19
15.1,2025-01-25,23
15.1,2025-01-26,17
15.1,2025-01-27,27
15.1,2025-01-28,11
15.1,2025-01-29,17
15.1,2025-01-30,26
15.1,2025-01-31,7
15.1,2025-02-01,0
15.1,2025-02-02,0
15.1,2025-02-03,0
15.1,2025-02-04,0
15.1,2025-02-05,0
15.1,2025-02-06,0
15.1,2025-02-07,16
15.1,2025-02-08,17
15.1,2025-02-09,7
15.1,2025-02-10,22
15.1,2025-02-11,20
15.1,2025-02-12,17
15.1,2025-02-13,5
15.1,2025-02-14,26
15.1,2025-02-15,16
15.1,2025-02-16,1
15.1,2025-02-17,10
15.1,2025-02-18,25
15.1,2025-02-19,25
15.1,2025-02-20,26
15.1,2025-02-21,26
15.1,2025-02-22,24
15.1,2025-02-23,17
15.1,2025-02-24,9
15.1,2025-02-25,19
15.1,2025-02-26,8
15.1,2025-02-27,8
15.1,2025-02-28,17
15.1,2025-03-01,17
15.1,2025-03-02,30
15.1,2025-03-03,21
15.1,2025-03-04,16
15.1,2025-03-05,9
15.1,2025-03-06,22
15.1,2025-03-07,18
15.1,2025-03-08,9
15.1,2025-03-09,20
15.1,2025-03-10,18
15.1,2025-03-11,26
15.1,2025-03-12,17
15.1,2025-03-13,19
15.1,2025-03-14,15
15.1,2025-03-15,14
15.1,2025-03-16,15
15.1,2025-03-17,14
15.1,2025-03-18,18
15.1,2025-03-19,21
15.1,2025-03-20,20
15.1,2025-03-21,20
15.1,2025-03-22,18
15.1,2025-03-23,23
15.1,2025-03-24,27
15.1,2025-03-25,18
15.1,2025-03-26,22
15.1,2025-03-27,18
15.1,2025-03-28,13
15.1,2025-03-29,20
15.1,2025-03-30,11
15.1,2025-03-31,19
15.1,2025-04-01,15
15.1,2025-04-02,11
15.1,2025-04-03,17
15.1,2025-04-04,13
15.1,2025-04-05,18
15.1,2025-04-06,9
15.1,2025-04-07,21
15.1,2025-04-08,16
15.1,2025-04-09,16
15.1,2025-04-10,18
15.1,2025-04-11,28
15.1,2025-04-12,14
15.1,2025-04-13,16
15.1,2025-04-14,20
15.1,2025-04-15,18
15.1,2025-04-16,26
15.1,2025-04-17,13
15.1,2025-04-18,24
15.1,2025-04-19,11
15.1,2025-04-20,10
15.1,2025-04-21,15
15.1,2025-04-22,15
15.1,2025-04-23,12
15.1,2025-04-24,15
15.1,2025-04-25,14
15.1,2025-04-26,22
15.1,2025-04-27,16
15.1,2025-04-28,30
15.1,2025-04-29,14
15.1,2025-04-30,14
15.1,2025-05-01,29
15.1,2025-05-02,19
15.1,2025-05-03,18
15.1,2025-05-04,16
15.1,2025-05-05,18
15.1,2025-05-06,9
15.1,2025-05-07,0
15.1,2025-05-08,0
15.1,2025-05-09,5
15.1,2025-05-10,16
15.1,2025-05-11,13
15.1,2025-05-12,23
15.1,2025-05-13,17
15.1,2025-05-14,23
15.1,2025-05-15,21
15.1,2025-05-16,21
15.1,2025-05-17,12
15.1,2025-05-18,25
15.1,2025-05-19,26
15.1,2025-05-20,16
15.1,2025-05-21,19
15.1,2025-05-22,3
15.1,2025-05-23,15
15.1,2025-05-24,14
15.1,2025-05-25,13
15.1,2025-05-26,16
15.1,2025-05-27,9
15.1,2025-05-28,26
15.1,2025-05-29,13
15.1,2025-05-30,13
15.1,2025-05-31,23
15.1,2025-06-01,22
15.1,2025-06-02,15
15.1,2025-06-03,16
15.1,2025-06-04,17
15.1,2025-06-05,14
15.1,2025-06-06,14
15.1,2025-06-07,19
15.1,2025-06-08,15
15.1,2025-06-09,18
15.1,2025-06-10,17
15.1,2025-06-11,8
15.1,2025-06-12,12
15.1,2025-06-13,12
15.1,2025-06-14,14
15.1,2025-06-15,19
15.1,2025-06-16,11
15.1,2025-06-17,11
15.1,2025-06-18,15
15.1,2025-06-19,16
15.1,2025-06-20,17
15.1,2025-06-21,11
15.1,2025-06-22,11
15.1,2025-06-23,17
15.1,2025-06-24,17
15.1,2025-06-25,21
15.1,2025-06-26,12
15.1,2025-06-27,9
15.1,2025-06-28,12
15.1,2025-06-29,16
15.1,2025-06-30,8
15.1,2025-07-01,15
15.1,2025-07-02,9
15.1,2025-07-03,25
15.1,2025-07-04,20
15.1,2025-07-05,8
15.1,2025-07-06,16
15.1,2025-07-07,13
15.1,2025-07-08,15
15.1,2025-07-09,19
15.1,2025-07-10,29
15.1,2025-07-11,11
15.1,2025-07-12,8
15.1,2025-07-13,9
15.1,2025-07-14,19
15.1,2025-07-15,12
15.1,2025-07-16,23
15.1,2025-07-17,13
15.1,2025-07-18,10
15.1,2025-07-19,8
15.1,2025-07-20,18
15.1,2025-07-21,16
15.1,2025-07-22,12
15.1,2025-07-23,8
15.1,2025-07-24,9
15.1,2025-07-25,25
15.1,2025-07-26,9
15.1,2025-07-27,17
15.1,2025-07-28,13
15.1,2025-07-29,11
15.1,2025-07-30,5
15.1,2025-07-31,4
15.1,2025-08-01,18
15.1,2025-08-02,27
15.1,2025-08-03,13
15.1,2025-08-04,9
15.1,2025-08-05,20
15.1,2025-08-06,20
15.1,2025-08-07,19
15.1,2025-08-08,16
15.1,2025-08-09,13
15.1,2025-08-10,20
15.1,2025-08-11,13
15.1,2025-08-12,21
15.1,2025-08-13,17
15.1,2025-08-14,25
15.1,2025-08-15,18
15.1,2025-08-16,32
15.1,2025-08-17,13
15.1,2025-08-18,10
15.1,2025-08-19,14
15.1,2025-08-20,16
15.1,2025-08-21,23
15.1,2025-08-22,42
15.1,2025-08-23,45
15.1,2025-08-24,45
15.1,2025-08-25,45
15.1,2025-08-26,38
15.1,2025-08-27,42
15.1,2025-08-28,42
15.1,2025-08-29,47
15.1,2025-08-30,46
15.1,2025-08-31,48
15.1,2025-09-01,47
15.1,2025-09-02,47
15.1,2025-09-03,43
15.1,2025-09-04,46
15.1,2025-09-05,46
15.1,2025-09-06,47
15.1,2025-09-07,46
15.1,2025-09-08,47
15.1,2025-09-09,45
15.1,2025-09-10,43
15.1,2025-09-11,46
15.1,2025-09-12,47
15.1,2025-09-13,46
15.1,2025-09-14,46
15.1,2025-09-15,45
15.1,2025-09-16,47
15.1,2025-09-17,47
15.1,2025-09-18,46
15.1,2025-09-19,44
15.1,2025-09-20,48
15.1,2025-09-21,46
15.1,2025-09-22,45
15.1,2025-09-23,47
15.1,2025-09-24,46
15.1,2025-09-25,47
15.1,2025-09-26,48
15.1,2025-09-27,47
15.1,2025-09-28,47
15.1,2025-09-29,46
15.1,2025-09-30,46
15.1,2025-10-01,46
15.1,2025-10-02,46
15.1,2025-10-03,48
15.1,2025-10-04,44
15.1,2025-10-05,48
15.1,2025-10-06,47
15.1,2025-10-07,47
15.1,2025-10-08,43
15.1,2025-10-09,47
15.1,2025-10-10,47
15.1,2025-10-11,46
15.1,2025-10-12,46
15.1,2025-10-13,45
15.1,2025-10-14,45
15.1,2025-10-15,47
15.1,2025-10-16,46
15.1,2025-10-17,46
15.1,2025-10-18,47
15.1,2025-10-19,45
15.1,2025-10-20,34
15.1,2025-10-21,40
15.1,2025-10-22,44
15.1,2025-10-23,43
15.1,2025-10-24,42
15.1,2025-10-25,44
15.1,2025-10-26,45
15.1,2025-10-27,44
15.1,2025-10-28,46
15.1,2025-10-29,41
15.1,2025-10-30,46
15.1,2025-10-31,44
15.1,2025-11-01,42
15.1,2025-11-02,43
15.1,2025-11-03,42
15.1,2025-11-04,43
15.1,2025-11-05,45
15.1,2025-11-06,45
15.1,2025-11-07,45
15.1,2025-11-08,44
15.1,2025-11-09,46
15.1,2025-11-10,40
15.1,2025-11-11,45
15.1,2025-11-12,42
15.1,2025-11-13,43
15.1,2025-11-14,48
15.1,2025-11-15,45
15.1,2025-11-16,40
15.1,2025-11-17,40
15.1,2025-11-18,45
15.1,2025-11-19,42
15.1,2025-11-20,44
15.1,2025-11-21,48
15.1,2025-11-22,43
15.1,2025-11-23,45
15.1,2025-11-24,48
15.1,2025-11-25,42
15.1,2025-11-26,46
15.1,2025-11-27,38
15.1,2025-11-28,35
15.1,2025-11-29,42
15.1,2025-11-30,39
15.1,2025-12-01,42
15.1,2025-12-02,37
15.1,2025-12-03,41
15.1,2025-12-04,41
15.1,2025-12-05,46
15.1,2025-12-06,44
15.1,2025-12-07,43
15.1,2025-12-08,39
15.1,2025-12-09,46
15.1,2025-12-10,41
15.1,2025-12-11,39
15.1,2025-12-12,46
15.1,2025-12-13,46
15.1,2025-12-14,37
15.1,2025-12-15,34
15.1,2025-12-16,39
15.1,2025-12-17,43
15.1,2025-12-18,36
15.1,2025-12-19,39
15.1,2025-12-20,45
15.1,2025-12-21,37
15.1,2025-12-22,43
15.1,2025-12-23,39
15.1,2025-12-24,41
15.1,2025-12-25,45
15.1,2025-12-26,43
15.1,2025-12-27,43
15.1,2025-12-28,38
15.1,2025-12-29,40
15.1,2025-12-30,32
15.1,2025-12-31,40
18.1_26.1,2024-11-01,0
18.1_26.1,2024-11-02,0
18.1_26.1,2024-11-03,0
18.1_26.1,2024-11-04,0
18.1_26.1,2024-11-05,0
18.1_26.1,2024-11-06,0
18.1_26.1,2024-11-07,0
18.1_26.1,2024-11-08,0
18.1_26.1,2024-11-09,0
18.1_26.1,2024-11-10,0
18.1_26.1,2024-11-11,0
18.1_26.1,2024-11-12,0
18.1_26.1,2024-11-13,12
18.1_26.1,2024-11-14,43
18.1_26.1,2024-11-15,48
18.1_26.1,2024-11-16,37
18.1_26.1,2024-11-17,48
18.1_26.1,2024-11-18,47
18.1_26.1,2024-11-19,47
18.1_26.1,2024-11-20,47
18.1_26.1,2024-11-21,48
18.1_26.1,2024-11-22,48
18.1_26.1,2024-11-23,28
18.1_26.1,2024-11-24,47
18.1_26.1,2024-11-25,48
18.1_26.1,2024-11-26,48
18.1_26.1,2024-11-27,47
18.1_26.1,2024-11-28,44
18.1_26.1,2024-11-29,48
18.1_26.1,2024-11-30,46
18.1_26.1,2024-12-01,48
18.1_26.1,2024-12-02,47
18.1_26.1,2024-12-03,47
18.1_26.1,2024-12-04,41
18.1_26.1,2024-12-05,47
18.1_26.1,2024-12-06,47
18.1_26.1,2024-12-07,32
18.1_26.1,2024-12-08,48
18.1_26.1,2024-12-09,41
18.1_26.1,2024-12-10,48
18.1_26.1,2024-12-11,43
18.1_26.1,2024-12-12,45
18.1_26.1,2024-12-13,37
18.1_26.1,2024-12-14,38
18.1_26.1,2024-12-15,47
18.1_26.1,2024-12-16,47
18.1_26.1,2024-12-17,47
18.1_26.1,2024-12-18,48
18.1_26.1,2024-12-19,48
18.1_26.1,2024-12-20,48
18.1_26.1,2024-12-21,43
18.1_26.1,2024-12-22,28
18.1_26.1,2024-12-23,39
18.1_26.1,2024-12-24,39
18.1_26.1,2024-12-25,48
18.1_26.1,2024-12-26,48
18.1_26.1,2024-12-27,47
18.1_26.1,2024-12-28,48
18.1_26.1,2024-12-29,48
18.1_26.1,2024-12-30,47
18.1_26.1,2024-12-31,48
18.1_26.1,2025-01-01,47
18.1_26.1,2025-01-02,47
18.1_26.1,2025-01-03,47
18.1_26.1,2025-01-04,48
18.1_26.1,2025-01-05,47
18.1_26.1,2025-01-06,36
18.1_26.1,2025-01-07,47
18.1_26.1,2025-01-08,48
18.1_26.1,2025-01-09,48
18.1_26.1,2025-01-10,47
18.1_26.1,2025-01-11,35
18.1_26.1,2025-01-12,34
18.1_26.1,2025-01-13,48
18.1_26.1,2025-01-14,47
18.1_26.1,2025-01-15,42
18.1_26.1,2025-01-16,48
18.1_26.1,2025-01-17,38
18.1_26.1,2025-01-18,48
18.1_26.1,2025-01-19,47
18.1_26.1,2025-01-20,48
18.1_26.1,2025-01-21,48
18.1_26.1,2025-01-22,45
18.1_26.1,2025-01-23,46
18.1_26.1,2025-01-24,36
18.1_26.1,2025-01-25,48
18.1_26.1,2025-01-26,47
18.1_26.1,2025-01-27,48
18.1_26.1,2025-01-28,48
18.1_26.1,2025-01-29,48
18.1_26.1,2025-01-30,47
18.1_26.1,2025-01-31,42
18.1_26.1,2025-02-01,40
18.1_26.1,2025-02-02,48
18.1_26.1,2025-02-03,48
18.1_26.1,2025-02-04,43
18.1_26.1,2025-02-05,48
18.1_26.1,2025-02-06,46
18.1_26.1,2025-02-07,48
18.1_26.1,2025-02-08,47
18.1_26.1,2025-02-09,21
18.1_26.1,2025-02-10,0
18.1_26.1,2025-02-11,0
18.1_26.1,2025-02-12,0
18.1_26.1,2025-02-13,0
18.1_26.1,2025-02-14,0
18.1_26.1,2025-02-15,0
18.1_26.1,2025-02-16,9
18.1_26.1,2025-02-17,48
18.1_26.1,2025-02-18,48
18.1_26.1,2025-02-19,48
18.1_26.1,2025-02-20,44
18.1_26.1,2025-02-21,48
18.1_26.1,2025-02-22,47
18.1_26.1,2025-02-23,46
18.1_26.1,2025-02-24,48
18.1_26.1,2025-02-25,48
18.1_26.1,2025-02-26,48
18.1_26.1,2025-02-27,42
18.1_26.1,2025-02-28,48
18.1_26.1,2025-03-01,48
18.1_26.1,2025-03-02,46
18.1_26.1,2025-03-03,41
18.1_26.1,2025-03-04,48
18.1_26.1,2025-03-05,40
18.1_26.1,2025-03-06,45
18.1_26.1,2025-03-07,48
18.1_26.1,2025-03-08,45
18.1_26.1,2025-03-09,48
18.1_26.1,2025-03-10,34
18.1_26.1,2025-03-11,40
18.1_26.1,2025-03-12,48
18.1_26.1,2025-03-13,47
18.1_26.1,2025-03-14,45
18.1_26.1,2025-03-15,39
18.1_26.1,2025-03-16,45
18.1_26.1,2025-03-17,48
18.1_26.1,2025-03-18,47
18.1_26.1,2025-03-19,40
18.1_26.1,2025-03-20,45
18.1_26.1,2025-03-21,47
18.1_26.1,2025-03-22,46
18.1_26.1,2025-03-23,47
18.1_26.1,2025-03-24,48
18.1_26.1,2025-03-25,48
18.1_26.1,2025-03-26,47
18.1_26.1,2025-03-27,48
18.1_26.1,2025-03-28,48
18.1_26.1,2025-03-29,36
18.1_26.1,2025-03-30,31
18.1_26.1,2025-03-31,45
18.1_26.1,2025-04-01,46
18.1_26.1,2025-04-02,47
18.1_26.1,2025-04-03,35
18.1_26.1,2025-04-04,47
18.1_26.1,2025-04-05,34
18.1_26.1,2025-04-06,34
18.1_26.1,2025-04-07,46
18.1_26.1,2025-04-08,48
18.1_26.1,2025-04-09,48
18.1_26.1,2025-04-10,46
18.1_26.1,2025-04-11,46
18.1_26.1,2025-04-12,48
18.1_26.1,2025-04-13,48
18.1_26.1,2025-04-14,39
18.1_26.1,2025-04-15,42
18.1_26.1,2025-04-16,48
18.1_26.1,2025-04-17,44
18.1_26.1,2025-04-18,48
18.1_26.1,2025-04-19,36
18.1_26.1,2025-04-20,48
18.1_26.1,2025-04-21,48
18.1_26.1,2025-04-22,48
18.1_26.1,2025-04-23,35
18.1_26.1,2025-04-24,22
18.1_26.1,2025-04-25,26
18.1_26.1,2025-04-26,18
18.1_26.1,2025-04-27,20
18.1_26.1,2025-04-28,14
18.1_26.1,2025-04-29,0
18.1_26.1,2025-04-30,0
18.1_26.1,2025-05-01,0
18.1_26.1,2025-05-02,0
18.1_26.1,2025-05-03,0
18.1_26.1,2025-05-04,0
18.1_26.1,2025-05-05,0
18.1_26.1,2025-05-06,0
18.1_26.1,2025-05-07,9
18.1_26.1,2025-05-08,47
18.1_26.1,2025-05-09,48
18.1_26.1,2025-05-10,48
18.1_26.1,2025-05-11,46
18.1_26.1,2025-05-12,48
18.1_26.1,2025-05-13,48
18.1_26.1,2025-05-14,48
18.1_26.1,2025-05-15,48
18.1_26.1,2025-05-16,48
18.1_26.1,2025-05-17,47
18.1_26.1,2025-05-18,48
18.1_26.1,2025-05-19,48
18.1_26.1,2025-05-20,48
18.1_26.1,2025-05-21,48
18.1_26.1,2025-05-22,47
18.1_26.1,2025-05-23,48
18.1_26.1,2025-05-24,48
18.1_26.1,2025-05-25,48
18.1_26.1,2025-05-26,48
18.1_26.1,2025-05-27,48
18.1_26.1,2025-05-28,48
18.1_26.1,2025-05-29,22
18.1_26.1,2025-05-30,38
18.1_26.1,2025-05-31,48
18.1_26.1,2025-06-01,48
18.1_26.1,2025-06-02,48
18.1_26.1,2025-06-03,48
18.1_26.1,2025-06-04,46
18.1_26.1,2025-06-05,48
18.1_26.1,2025-06-06,12
18.1_26.1,2025-06-07,35
18.1_26.1,2025-06-08,48
18.1_26.1,2025-06-09,48
18.1_26.1,2025-06-10,47
18.1_26.1,2025-06-11,48
18.1_26.1,2025-06-12,48
18.1_26.1,2025-06-13,48
18.1_26.1,2025-06-14,20
18.1_26.1,2025-06-15,0
18.1_26.1,2025-06-16,0
18.1_26.1,2025-06-17,10
18.1_26.1,2025-06-18,1
18.1_26.1,2025-06-19,2
18.1_26.1,2025-06-20,1
18.1_26.1,2025-06-21,8
18.1_26.1,2025-06-22,2
18.1_26.1,2025-06-23,1
18.1_26.1,2025-06-24,12
18.1_26.1,2025-06-25,0
18.1_26.1,2025-06-26,0
18.1_26.1,2025-06-27,0
18.1_26.1,2025-06-28,0
18.1_26.1,2025-06-29,0
18.1_26.1,2025-06-30,0
18.1_26.1,2025-07-01,8
18.1_26.1,2025-07-02,22
18.1_26.1,2025-07-03,0
18.1_26.1,2025-07-04,0
18.1_26.1,2025-07-05,0
18.1_26.1,2025-07-06,0
18.1_26.1,2025-07-07,0
18.1_26.1,2025-07-08,0
18.1_26.1,2025-07-09,0
18.1_26.1,2025-07-10,0
18.1_26.1,2025-07-11,16
18.1_26.1,2025-07-12,9
18.1_26.1,2025-07-13,2
18.1_26.1,2025-07-14,0
18.1_26.1,2025-07-15,0
18.1_26.1,2025-07-16,0
18.1_26.1,2025-07-17,0
18.1_26.1,2025-07-18,39
18.1_26.1,2025-07-19,46
18.1_26.1,2025-07-20,42
18.1_26.1,2025-07-21,47
18.1_26.1,2025-07-22,47
18.1_26.1,2025-07-23,48
18.1_26.1,2025-07-24,48
18.1_26.1,2025-07-25,31
18.1_26.1,2025-07-26,48
18.1_26.1,2025-07-27,47
18.1_26.1,2025-07-28,48
18.1_26.1,2025-07-29,48
18.1_26.1,2025-07-30,48
18.1_26.1,2025-07-31,47
18.1_26.1,2025-08-01,47
18.1_26.1,2025-08-02,48
18.1_26.1,2025-08-03,47
18.1_26.1,2025-08-04,47
18.1_26.1,2025-08-05,46
18.1_26.1,2025-08-06,48
18.1_26.1,2025-08-07,46
18.1_26.1,2025-08-08,48
18.1_26.1,2025-08-09,47
18.1_26.1,2025-08-10,48
18.1_26.1,2025-08-11,48
18.1_26.1,2025-08-12,48
18.1_26.1,2025-08-13,48
18.1_26.1,2025-08-14,48
18.1_26.1,2025-08-15,48
18.1_26.1,2025-08-16,48
18.1_26.1,2025-08-17,48
18.1_26.1,2025-08-18,47
18.1_26.1,2025-08-19,48
18.1_26.1,2025-08-20,48
18.1_26.1,2025-08-21,48
18.1_26.1,2025-08-22,47
18.1_26.1,2025-08-23,47
18.1_26.1,2025-08-24,48
18.1_26.1,2025-08-25,48
18.1_26.1,2025-08-26,47
18.1_26.1,2025-08-27,47
18.1_26.1,2025-08-28,48
18.1_26.1,2025-08-29,48
18.1_26.1,2025-08-30,48
18.1_26.1,2025-08-31,48
18.1_26.1,2025-09-01,48
18.1_26.1,2025-09-02,48
18.1_26.1,2025-09-03,48
18.1_26.1,2025-09-04,48
18.1_26.1,2025-09-05,48
18.1_26.1,2025-09-06,48
18.1_26.1,2025-09-07,48
18.1_26.1,2025-09-08,48
18.1_26.1,2025-09-09,47
18.1_26.1,2025-09-10,48
18.1_26.1,2025-09-11,48
18.1_26.1,2025-09-12,48
18.1_26.1,2025-09-13,48
18.1_26.1,2025-09-14,48
18.1_26.1,2025-09-15,48
18.1_26.1,2025-09-16,48
18.1_26.1,2025-09-17,48
18.1_26.1,2025-09-18,48
18.1_26.1,2025-09-19,47
18.1_26.1,2025-09-20,48
18.1_26.1,2025-09-21,47
18.1_26.1,2025-09-22,48
18.1_26.1,2025-09-23,47
18.1_26.1,2025-09-24,48
18.1_26.1,2025-09-25,48
18.1_26.1,2025-09-26,48
18.1_26.1,2025-09-27,48
18.1_26.1,2025-09-28,48
18.1_26.1,2025-09-29,48
18.1_26.1,2025-09-30,48
18.1_26.1,2025-10-01,48
18.1_26.1,2025-10-02,48
18.1_26.1,2025-10-03,48
18.1_26.1,2025-10-04,48
18.1_26.1,2025-10-05,48
18.1_26.1,2025-10-06,48
18.1_26.1,2025-10-07,48
18.1_26.1,2025-10-08,48
18.1_26.1,2025-10-09,47
18.1_26.1,2025-10-10,48
18.1_26.1,2025-10-11,48
18.1_26.1,2025-10-12,48
18.1_26.1,2025-10-13,48
18.1_26.1,2025-10-14,48
18.1_26.1,2025-10-15,48
18.1_26.1,2025-10-16,48
18.1_26.1,2025-10-17,48
18.1_26.1,2025-10-18,48
18.1_26.1,2025-10-19,48
18.1_26.1,2025-10-20,43
18.1_26.1,2025-10-21,48
18.1_26.1,2025-10-22,48
18.1_26.1,2025-10-23,47
18.1_26.1,2025-10-24,48
18.1_26.1,2025-10-25,48
18.1_26.1,2025-10-26,48
18.1_26.1,2025-10-27,48
18.1_26.1,2025-10-28,48
18.1_26.1,2025-10-29,48
18.1_26.1,2025-10-30,48
18.1_26.1,2025-10-31,48
18.1_26.1,2025-11-01,48
18.1_26.1,2025-11-02,48
18.1_26.1,2025-11-03,48
18.1_26.1,2025-11-04,48
18.1_26.1,2025-11-05,48
18.1_26.1,2025-11-06,48
18.1_26.1,2025-11-07,48
18.1_26.1,2025-11-08,48
18.1_26.1,2025-11-09,48
18.1_26.1,2025-11-10,48
18.1_26.1,2025-11-11,47
18.1_26.1,2025-11-12,47
18.1_26.1,2025-11-13,48
18.1_26.1,2025-11-14,47
18.1_26.1,2025-11-15,48
18.1_26.1,2025-11-16,48
18.1_26.1,2025-11-17,48
18.1_26.1,2025-11-18,48
18.1_26.1,2025-11-19,48
18.1_26.1,2025-11-20,48
18.1_26.1,2025-11-21,48
18.1_26.1,2025-11-22,48
18.1_26.1,2025-11-23,48
18.1_26.1,2025-11-24,48
18.1_26.1,2025-11-25,48
18.1_26.1,2025-11-26,48
18.1_26.1,2025-11-27,48
18.1_26.1,2025-11-28,47
18.1_26.1,2025-11-29,48
18.1_26.1,2025-11-30,47
18.1_26.1,2025-12-01,48
18.1_26.1,2025-12-02,48
18.1_26.1,2025-12-03,48
18.1_26.1,2025-12-04,47
18.1_26.1,2025-12-05,46
18.1_26.1,2025-12-06,48
18.1_26.1,2025-12-07,48
18.1_26.1,2025-12-08,48
18.1_26.1,2025-12-09,48
18.1_26.1,2025-12-10,48
18.1_26.1,2025-12-11,47
18.1_26.1,2025-12-12,48
18.1_26.1,2025-12-13,45
18.1_26.1,2025-12-14,44
18.1_26.1,2025-12-15,45
18.1_26.1,2025-12-16,47
18.1_26.1,2025-12-17,46
18.1_26.1,2025-12-18,47
18.1_26.1,2025-12-19,48
18.1_26.1,2025-12-20,48
18.1_26.1,2025-12-21,48
18.1_26.1,2025-12-22,48
18.1_26.1,2025-12-23,47
18.1_26.1,2025-12-24,48
18.1_26.1,2025-12-25,48
18.1_26.1,2025-12-26,42
18.1_26.1,2025-12-27,21
18.1_26.1,2025-12-28,27
18.1_26.1,2025-12-29,38
18.1_26.1,2025-12-30,48
18.1_26.1,2025-12-31,48
19.1,2024-11-01,12
19.1,2024-11-02,3
19.1,2024-11-03,7
19.1,2024-11-04,2
19.1,2024-11-05,15
19.1,2024-11-06,6
19.1,2024-11-07,4
19.1,2024-11-08,3
19.1,2024-11-09,1
19.1,2024-11-10,2
19.1,2024-11-11,4
19.1,2024-11-12,5
19.1,2024-11-13,10
19.1,2024-11-14,8
19.1,2024-11-15,9
19.1,2024-11-16,3
19.1,2024-11-17,0
19.1,2024-11-18,3
19.1,2024-11-19,2
19.1,2024-11-20,2
19.1,2024-11-21,7
19.1,2024-11-22,8
19.1,2024-11-23,22
19.1,2024-11-24,14
19.1,2024-11-25,12
19.1,2024-11-26,15
19.1,2024-11-27,13
19.1,2024-11-28,6
19.1,2024-11-29,9
19.1,2024-11-30,16
19.1,2024-12-01,12
19.1,2024-12-02,9
19.1,2024-12-03,4
19.1,2024-12-04,11
19.1,2024-12-05,9
19.1,2024-12-06,8
19.1,2024-12-07,8
19.1,2024-12-08,7
19.1,2024-12-09,7
19.1,2024-12-10,5
19.1,2024-12-11,5
19.1,2024-12-12,10
19.1,2024-12-13,8
19.1,2024-12-14,11
19.1,2024-12-15,3
19.1,2024-12-16,4
19.1,2024-12-17,9
19.1,2024-12-18,6
19.1,2024-12-19,8
19.1,2024-12-20,4
19.1,2024-12-21,14
19.1,2024-12-22,6
19.1,2024-12-23,11
19.1,2024-12-24,6
19.1,2024-12-25,8
19.1,2024-12-26,6
19.1,2024-12-27,4
19.1,2024-12-28,6
19.1,2024-12-29,7
19.1,2024-12-30,19
19.1,2024-12-31,15
19.1,2025-01-01,5
19.1,2025-01-02,15
19.1,2025-01-03,11
19.1,2025-01-04,5
19.1,2025-01-05,10
19.1,2025-01-06,8
19.1,2025-01-07,11
19.1,2025-01-08,12
19.1,2025-01-09,9
19.1,2025-01-10,2
19.1,2025-01-11,13
19.1,2025-01-12,10
19.1,2025-01-13,1
19.1,2025-01-14,5
19.1,2025-01-15,4
19.1,2025-01-16,3
19.1,2025-01-17,4
19.1,2025-01-18,0
19.1,2025-01-19,4
19.1,2025-01-20,10
19.1,2025-01-21,15
19.1,2025-01-22,11
19.1,2025-01-23,11
19.1,2025-01-24,14
19.1,2025-01-25,11
19.1,2025-01-26,2
19.1,2025-01-27,3
19.1,2025-01-28,4
19.1,2025-01-29,2
19.1,2025-01-30,0
19.1,2025-01-31,0
19.1,2025-02-01,8
19.1,2025-02-02,7
19.1,2025-02-03,0
19.1,2025-02-04,2
19.1,2025-02-05,2
19.1,2025-02-06,0
19.1,2025-02-07,0
19.1,2025-02-08,2
19.1,2025-02-09,1
19.1,2025-02-10,2
19.1,2025-02-11,1
19.1,2025-02-12,10
19.1,2025-02-13,5
19.1,2025-02-14,11
19.1,2025-02-15,7
19.1,2025-02-16,1
19.1,2025-02-17,4
19.1,2025-02-18,6
19.1,2025-02-19,2
19.1,2025-02-20,2
19.1,2025-02-21,2
19.1,2025-02-22,4
19.1,2025-02-23,4
19.1,2025-02-24,0
19.1,2025-02-25,0
19.1,2025-02-26,0
19.1,2025-02-27,0
19.1,2025-02-28,0
19.1,2025-03-01,5
19.1,2025-03-02,12
19.1,2025-03-03,8
19.1,2025-03-04,0
19.1,2025-03-05,0
19.1,2025-03-06,0
19.1,2025-03-07,0
19.1,2025-03-08,3
19.1,2025-03-09,0
19.1,2025-03-10,0
19.1,2025-03-11,0
19.1,2025-03-12,0
19.1,2025-03-13,0
19.1,2025-03-14,0
19.1,2025-03-15,0
19.1,2025-03-16,0
19.1,2025-03-17,0
19.1,2025-03-18,5
19.1,2025-03-19,0
19.1,2025-03-20,1
19.1,2025-03-21,0
19.1,2025-03-22,5
19.1,2025-03-23,9
19.1,2025-03-24,17
19.1,2025-03-25,6
19.1,2025-03-26,2
19.1,2025-03-27,13
19.1,2025-03-28,2
19.1,2025-03-29,7
19.1,2025-03-30,8
19.1,2025-03-31,7
19.1,2025-04-01,7
19.1,2025-04-02,2
19.1,2025-04-03,0
19.1,2025-04-04,1
19.1,2025-04-05,0
19.1,2025-04-06,6
19.1,2025-04-07,2
19.1,2025-04-08,16
19.1,2025-04-09,5
19.1,2025-04-10,8
19.1,2025-04-11,7
19.1,2025-04-12,5
19.1,2025-04-13,17
19.1,2025-04-14,11
19.1,2025-04-15,6
19.1,2025-04-16,10
19.1,2025-04-17,7
19.1,2025-04-18,4
19.1,2025-04-19,0
19.1,2025-04-20,0
19.1,2025-04-21,0
19.1,2025-04-22,2
19.1,2025-04-23,1
19.1,2025-04-24,1
19.1,2025-04-25,4
19.1,2025-04-26,2
19.1,2025-04-27,3
19.1,2025-04-28,5
19.1,2025-04-29,7
19.1,2025-04-30,5
19.1,2025-05-01,6
19.1,2025-05-02,8
19.1,2025-05-03,7
19.1,2025-05-04,0
19.1,2025-05-05,4
19.1,2025-05-06,2
19.1,2025-05-07,5
19.1,2025-05-08,1
19.1,2025-05-09,4
19.1,2025-05-10,13
19.1,2025-05-11,7
19.1,2025-05-12,7
19.1,2025-05-13,9
19.1,2025-05-14,7
19.1,2025-05-15,14
19.1,2025-05-16,5
19.1,2025-05-17,0
19.1,2025-05-18,0
19.1,2025-05-19,13
19.1,2025-05-20,36
19.1,2025-05-21,0
19.1,2025-05-22,0
19.1,2025-05-23,0
19.1,2025-05-24,0
19.1,2025-05-25,0
19.1,2025-05-26,0
19.1,2025-05-27,0
19.1,2025-05-28,0
19.1,2025-05-29,0
19.1,2025-05-30,0
19.1,2025-05-31,0
19.1,2025-06-01,0
19.1,2025-06-02,0
19.1,2025-06-03,0
19.1,2025-06-04,0
19.1,2025-06-05,0
19.1,2025-06-06,0
19.1,2025-06-07,0
19.1,2025-06-08,0
19.1,2025-06-09,0
19.1,2025-06-10,0
19.1,2025-06-11,0
19.1,2025-06-12,0
19.1,2025-06-13,0
19.1,2025-06-14,0
19.1,2025-06-15,0
19.1,2025-06-16,0
19.1,2025-06-17,0
19.1,2025-06-18,0
19.1,2025-06-19,0
19.1,2025-06-20,0
19.1,2025-06-21,0
19.1,2025-06-22,0
19.1,2025-06-23,0
19.1,2025-06-24,0
19.1,2025-06-25,0
19.1,2025-06-26,0
19.1,2025-06-27,0
19.1,2025-06-28,0
19.1,2025-06-29,0
19.1,2025-06-30,0
19.1,2025-07-01,0
19.1,2025-07-02,0
19.1,2025-07-03,0
19.1,2025-07-04,0
19.1,2025-07-05,0
19.1,2025-07-06,0
19.1,2025-07-07,0
19.1,2025-07-08,0
19.1,2025-07-09,0
19.1,2025-07-10,0
19.1,2025-07-11,0
19.1,2025-07-12,0
19.1,2025-07-13,0
19.1,2025-07-14,0
19.1,2025-07-15,0
19.1,2025-07-16,0
19.1,2025-07-17,0
19.1,2025-07-18,0
19.1,2025-07-19,0
19.1,2025-07-20,0
19.1,2025-07-21,0
19.1,2025-07-22,0
19.1,2025-07-23,0
19.1,2025-07-24,0
19.1,2025-07-25,0
19.1,2025-07-26,0
19.1,2025-07-27,0
19.1,2025-07-28,0
19.1,2025-07-29,0
19.1,2025-07-30,0
19.1,2025-07-31,0
19.1,2025-08-01,0
19.1,2025-08-02,0
19.1,2025-08-03,0
19.1,2025-08-04,0
19.1,2025-08-05,0
19.1,2025-08-06,0
19.1,2025-08-07,0
19.1,2025-08-08,0
19.1,2025-08-09,0
19.1,2025-08-10,0
19.1,2025-08-11,0
19.1,2025-08-12,0
19.1,2025-08-13,0
19.1,2025-08-14,0
19.1,2025-08-15,0
19.1,2025-08-16,0
19.1,2025-08-17,0
19.1,2025-08-18,0
19.1,2025-08-19,0
19.1,2025-08-20,0
19.1,2025-08-21,0
19.1,2025-08-22,0
19.1,2025-08-23,0
19.1,2025-08-24,0
19.1,2025-08-25,0
19.1,2025-08-26,0
19.1,2025-08-27,0
19.1,2025-08-28,0
19.1,2025-08-29,0
19.1,2025-08-30,0
19.1,2025-08-31,0
19.1,2025-09-01,0
19.1,2025-09-02,0
19.1,2025-09-03,0
19.1,2025-09-04,0
19.1,2025-09-05,0
19.1,2025-09-06,0
19.1,2025-09-07,0
19.1,2025-09-08,0
19.1,2025-09-09,0
19.1,2025-09-10,0
19.1,2025-09-11,0
19.1,2025-09-12,0
19.1,2025-09-13,0
19.1,2025-09-14,0
19.1,2025-09-15,0
19.1,2025-09-16,0
19.1,2025-09-17,0
19.1,2025-09-18,0
19.1,2025-09-19,0
19.1,2025-09-20,0
19.1,2025-09-21,0
19.1,2025-09-22,0
19.1,2025-09-23,0
19.1,2025-09-24,0
19.1,2025-09-25,0
19.1,2025-09-26,0
19.1,2025-09-27,0
19.1,2025-09-28,0
19.1,2025-09-29,0
19.1,2025-09-30,0
19.1,2025-10-01,0
19.1,2025-10-02,0
19.1,2025-10-03,0
19.1,2025-10-04,0
19.1,2025-10-05,0
19.1,2025-10-06,0
19.1,2025-10-07,0
19.1,2025-10-08,0
19.1,2025-10-09,0
19.1,2025-10-10,0
19.1,2025-10-11,0
19.1,2025-10-12,0
19.1,2025-10-13,0
19.1,2025-10-14,0
19.1,2025-10-15,0
19.1,2025-10-16,0
19.1,2025-10-17,0
19.1,2025-10-18,0
19.1,2025-10-19,0
19.1,2025-10-20,0
19.1,2025-10-21,0
19.1,2025-10-22,0
19.1,2025-10-23,0
19.1,2025-10-24,0
19.1,2025-10-25,0
19.1,2025-10-26,0
19.1,2025-10-27,0
19.1,2025-10-28,0
19.1,2025-10-29,0
19.1,2025-10-30,0
19.1,2025-10-31,0
19.1,2025-11-01,0
19.1,2025-11-02,0
19.1,2025-11-03,0
19.1,2025-11-04,0
19.1,2025-11-05,0
19.1,2025-11-06,0
19.1,2025-11-07,0
19.1,2025-11-08,0
19.1,2025-11-09,0
19.1,2025-11-10,0
19.1,2025-11-11,0
19.1,2025-11-12,0
19.1,2025-11-13,0
19.1,2025-11-14,0
19.1,2025-11-15,0
19.1,2025-11-16,0
19.1,2025-11-17,0
19.1,2025-11-18,0
19.1,2025-11-19,0
19.1,2025-11-20,0
19.1,2025-11-21,0
19.1,2025-11-22,0
19.1,2025-11-23,0
19.1,2025-11-24,0
19.1,2025-11-25,0
19.1,2025-11-26,0
19.1,2025-11-27,0
19.1,2025-11-28,0
19.1,2025-11-29,0
19.1,2025-11-30,0
19.1,2025-12-01,0
19.1,2025-12-02,0
19.1,2025-12-03,0
19.1,2025-12-04,0
19.1,2025-12-05,0
19.1,2025-12-06,0
19.1,2025-12-07,0
19.1,2025-12-08,0
19.1,2025-12-09,0
19.1,2025-12-10,0
19.1,2025-12-11,0
19.1,2025-12-12,0
19.1,2025-12-13,0
19.1,2025-12-14,0
19.1,2025-12-15,0
19.1,2025-12-16,0
19.1,2025-12-17,0
19.1,2025-12-18,0
19.1,2025-12-19,0
19.1,2025-12-20,0
19.1,2025-12-21,0
19.1,2025-12-22,0
19.1,2025-12-23,0
19.1,2025-12-24,0
19.1,2025-12-25,0
19.1,2025-12-26,0
19.1,2025-12-27,0
19.1,2025-12-28,0
19.1,2025-12-29,0
19.1,2025-12-30,0
19.1,2025-12-31,0
19.2,2024-11-01,0
19.2,2024-11-02,0
19.2,2024-11-03,0
19.2,2024-11-04,0
19.2,2024-11-05,0
19.2,2024-11-06,0
19.2,2024-11-07,0
19.2,2024-11-08,0
19.2,2024-11-09,0
19.2,2024-11-10,0
19.2,2024-11-11,0
19.2,2024-11-12,0
19.2,2024-11-13,0
19.2,2024-11-14,0
19.2,2024-11-15,0
19.2,2024-11-16,0
19.2,2024-11-17,0
19.2,2024-11-18,0
19.2,2024-11-19,0
19.2,2024-11-20,0
19.2,2024-11-21,0
19.2,2024-11-22,0
19.2,2024-11-23,0
19.2,2024-11-24,0
19.2,2024-11-25,0
19.2,2024-11-26,0
19.2,2024-11-27,0
19.2,2024-11-28,0
19.2,2024-11-29,0
19.2,2024-11-30,0
19.2,2024-12-01,0
19.2,2024-12-02,0
19.2,2024-12-03,0
19.2,2024-12-04,0
19.2,2024-12-05,0
19.2,2024-12-06,0
19.2,2024-12-07,0
19.2,2024-12-08,0
19.2,2024-12-09,0
19.2,2024-12-10,0
19.2,2024-12-11,0
19.2,2024-12-12,0
19.2,2024-12-13,0
19.2,2024-12-14,0
19.2,2024-12-15,0
19.2,2024-12-16,0
19.2,2024-12-17,0
19.2,2024-12-18,0
19.2,2024-12-19,0
19.2,2024-12-20,0
19.2,2024-12-21,0
19.2,2024-12-22,0
19.2,2024-12-23,0
19.2,2024-12-24,0
19.2,2024-12-25,0
19.2,2024-12-26,0
19.2,2024-12-27,0
19.2,2024-12-28,0
19.2,2024-12-29,0
19.2,2024-12-30,0
19.2,2024-12-31,0
19.2,2025-01-01,0
19.2,2025-01-02,0
19.2,2025-01-03,0
19.2,2025-01-04,0
19.2,2025-01-05,0
19.2,2025-01-06,0
19.2,2025-01-07,0
19.2,2025-01-08,0
19.2,2025-01-09,0
19.2,2025-01-10,0
19.2,2025-01-11,0
19.2,2025-01-12,0
19.2,2025-01-13,0
19.2,2025-01-14,0
19.2,2025-01-15,0
19.2,2025-01-16,0
19.2,2025-01-17,0
19.2,2025-01-18,0
19.2,2025-01-19,0
19.2,2025-01-20,0
19.2,2025-01-21,0
19.2,2025-01-22,0
19.2,2025-01-23,0
19.2,2025-01-24,0
19.2,2025-01-25,0
19.2,2025-01-26,0
19.2,2025-01-27,0
19.2,2025-01-28,0
19.2,2025-01-29,0
19.2,2025-01-30,0
19.2,2025-01-31,0
19.2,2025-02-01,0
19.2,2025-02-02,0
19.2,2025-02-03,0
19.2,2025-02-04,0
19.2,2025-02-05,0
19.2,2025-02-06,0
19.2,2025-02-07,0
19.2,2025-02-08,0
19.2,2025-02-09,0
19.2,2025-02-10,0
19.2,2025-02-11,0
19.2,2025-02-12,0
19.2,2025-02-13,0
19.2,2025-02-14,0
19.2,2025-02-15,0
19.2,2025-02-16,0
19.2,2025-02-17,0
19.2,2025-02-18,0
19.2,2025-02-19,0
19.2,2025-02-20,0
19.2,2025-02-21,0
19.2,2025-02-22,0
19.2,2025-02-23,0
19.2,2025-02-24,0
19.2,2025-02-25,0
19.2,2025-02-26,0
19.2,2025-02-27,0
19.2,2025-02-28,0
19.2,2025-03-01,0
19.2,2025-03-02,0
19.2,2025-03-03,0
19.2,2025-03-04,0
19.2,2025-03-05,0
19.2,2025-03-06,0
19.2,2025-03-07,0
19.2,2025-03-08,0
19.2,2025-03-09,0
19.2,2025-03-10,0
19.2,2025-03-11,0
19.2,2025-03-12,0
19.2,2025-03-13,0
19.2,2025-03-14,0
19.2,2025-03-15,0
19.2,2025-03-16,0
19.2,2025-03-17,0
19.2,2025-03-18,0
19.2,2025-03-19,0
19.2,2025-03-20,0
19.2,2025-03-21,0
19.2,2025-03-22,0
19.2,2025-03-23,0
19.2,2025-03-24,0
19.2,2025-03-25,0
19.2,2025-03-26,0
19.2,2025-03-27,0
19.2,2025-03-28,0
19.2,2025-03-29,0
19.2,2025-03-30,0
19.2,2025-03-31,0
19.2,2025-04-01,0
19.2,2025-04-02,0
19.2,2025-04-03,0
19.2,2025-04-04,0
19.2,2025-04-05,0
19.2,2025-04-06,0
19.2,2025-04-07,0
19.2,2025-04-08,0
19.2,2025-04-09,0
19.2,2025-04-10,0
19.2,2025-04-11,0
19.2,2025-04-12,0
19.2,2025-04-13,0
19.2,2025-04-14,0
19.2,2025-04-15,0
19.2,2025-04-16,0
19.2,2025-04-17,0
19.2,2025-04-18,0
19.2,2025-04-19,0
19.2,2025-04-20,0
19.2,2025-04-21,0
19.2,2025-04-22,0
19.2,2025-04-23,0
19.2,2025-04-24,0
19.2,2025-04-25,0
19.2,2025-04-26,0
19.2,2025-04-27,0
19.2,2025-04-28,0
19.2,2025-04-29,0
19.2,2025-04-30,0
19.2,2025-05-01,0
19.2,2025-05-02,0
19.2,2025-05-03,0
19.2,2025-05-04,0
19.2,2025-05-05,0
19.2,2025-05-06,0
19.2,2025-05-07,0
19.2,2025-05-08,0
19.2,2025-05-09,0
19.2,2025-05-10,0
19.2,2025-05-11,0
19.2,2025-05-12,0
19.2,2025-05-13,0
19.2,2025-05-14,0
19.2,2025-05-15,0
19.2,2025-05-16,0
19.2,2025-05-17,0
19.2,2025-05-18,0
19.2,2025-05-19,0
19.2,2025-05-20,0
19.2,2025-05-21,0
19.2,2025-05-22,0
19.2,2025-05-23,0
19.2,2025-05-24,0
19.2,2025-05-25,0
19.2,2025-05-26,0
19.2,2025-05-27,0
19.2,2025-05-28,0
19.2,2025-05-29,0
19.2,2025-05-30,8
19.2,2025-05-31,10
19.2,2025-06-01,34
19.2,2025-06-02,28
19.2,2025-06-03,26
19.2,2025-06-04,20
19.2,2025-06-05,37
19.2,2025-06-06,17
19.2,2025-06-07,2
19.2,2025-06-08,13
19.2,2025-06-09,21
19.2,2025-06-10,9
19.2,2025-06-11,8
19.2,2025-06-12,16
19.2,2025-06-13,19
19.2,2025-06-14,6
19.2,2025-06-15,8
19.2,2025-06-16,16
19.2,2025-06-17,19
19.2,2025-06-18,2
19.2,2025-06-19,4
19.2,2025-06-20,7
19.2,2025-06-21,6
19.2,2025-06-22,5
19.2,2025-06-23,4
19.2,2025-06-24,0
19.2,2025-06-25,1
19.2,2025-06-26,0
19.2,2025-06-27,0
19.2,2025-06-28,0
19.2,2025-06-29,0
19.2,2025-06-30,0
19.2,2025-07-01,0
19.2,2025-07-02,0
19.2,2025-07-03,0
19.2,2025-07-04,0
19.2,2025-07-05,0
19.2,2025-07-06,0
19.2,2025-07-07,0
19.2,2025-07-08,0
19.2,2025-07-09,0
19.2,2025-07-10,0
19.2,2025-07-11,0
19.2,2025-07-12,0
19.2,2025-07-13,0
19.2,2025-07-14,0
19.2,2025-07-15,0
19.2,2025-07-16,2
19.2,2025-07-17,1
19.2,2025-07-18,0
19.2,2025-07-19,0
19.2,2025-07-20,0
19.2,2025-07-21,0
19.2,2025-07-22,0
19.2,2025-07-23,0
19.2,2025-07-24,0
19.2,2025-07-25,0
19.2,2025-07-26,0
19.2,2025-07-27,0
19.2,2025-07-28,8
19.2,2025-07-29,0
19.2,2025-07-30,5
19.2,2025-07-31,3
19.2,2025-08-01,0
19.2,2025-08-02,0
19.2,2025-08-03,0
19.2,2025-08-04,0
19.2,2025-08-05,0
19.2,2025-08-06,0
19.2,2025-08-07,0
19.2,2025-08-08,0
19.2,2025-08-09,0
19.2,2025-08-10,0
19.2,2025-08-11,0
19.2,2025-08-12,0
19.2,2025-08-13,2
19.2,2025-08-14,2
19.2,2025-08-15,0
19.2,2025-08-16,0
19.2,2025-08-17,0
19.2,2025-08-18,0
19.2,2025-08-19,3
19.2,2025-08-20,10
19.2,2025-08-21,9
19.2,2025-08-22,10
19.2,2025-08-23,9
19.2,2025-08-24,22
19.2,2025-08-25,21
19.2,2025-08-26,13
19.2,2025-08-27,17
19.2,2025-08-28,10
19.2,2025-08-29,14
19.2,2025-08-30,10
19.2,2025-08-31,1
19.2,2025-09-01,0
19.2,2025-09-02,0
19.2,2025-09-03,0
19.2,2025-09-04,12
19.2,2025-09-05,4
19.2,2025-09-06,17
19.2,2025-09-07,11
19.2,2025-09-08,12
19.2,2025-09-09,6
19.2,2025-09-10,3
19.2,2025-09-11,18
19.2,2025-09-12,11
19.2,2025-09-13,18
19.2,2025-09-14,15
19.2,2025-09-15,0
19.2,2025-09-16,0
19.2,2025-09-17,0
19.2,2025-09-18,0
19.2,2025-09-19,0
19.2,2025-09-20,0
19.2,2025-09-21,0
19.2,2025-09-22,0
19.2,2025-09-23,0
19.2,2025-09-24,0
19.2,2025-09-25,0
19.2,2025-09-26,0
19.2,2025-09-27,0
19.2,2025-09-28,0
19.2,2025-09-29,0
19.2,2025-09-30,0
19.2,2025-10-01,4
19.2,2025-10-02,0
19.2,2025-10-03,0
19.2,2025-10-04,0
19.2,2025-10-05,0
19.2,2025-10-06,0
19.2,2025-10-07,0
19.2,2025-10-08,0
19.2,2025-10-09,0
19.2,2025-10-10,0
19.2,2025-10-11,0
19.2,2025-10-12,0
19.2,2025-10-13,0
19.2,2025-10-14,0
19.2,2025-10-15,0
19.2,2025-10-16,0
19.2,2025-10-17,0
19.2,2025-10-18,0
19.2,2025-10-19,0
19.2,2025-10-20,0
19.2,2025-10-21,0
19.2,2025-10-22,0
19.2,2025-10-23,0
19.2,2025-10-24,0
19.2,2025-10-25,0
19.2,2025-10-26,0
19.2,2025-10-27,0
19.2,2025-10-28,0
19.2,2025-10-29,0
19.2,2025-10-30,0
19.2,2025-10-31,0
19.2,2025-11-01,0
19.2,2025-11-02,0
19.2,2025-11-03,0
19.2,2025-11-04,0
19.2,2025-11-05,0
19.2,2025-11-06,0
19.2,2025-11-07,0
19.2,2025-11-08,0
19.2,2025-11-09,0
19.2,2025-11-10,0
19.2,2025-11-11,0
19.2,2025-11-12,0
19.2,2025-11-13,0
19.2,2025-11-14,0
19.2,2025-11-15,0
19.2,2025-11-16,0
19.2,2025-11-17,0
19.2,2025-11-18,0
19.2,2025-11-19,0
19.2,2025-11-20,0
19.2,2025-11-21,0
19.2,2025-11-22,0
19.2,2025-11-23,0
19.2,2025-11-24,0
19.2,2025-11-25,0
19.2,2025-11-26,0
19.2,2025-11-27,0
19.2,2025-11-28,0
19.2,2025-11-29,0
19.2,2025-11-30,0
19.2,2025-12-01,0
19.2,2025-12-02,0
19.2,2025-12-03,0
19.2,2025-12-04,0
19.2,2025-12-05,0
19.2,2025-12-06,0
19.2,2025-12-07,0
19.2,2025-12-08,0
19.2,2025-12-09,0
19.2,2025-12-10,0
19.2,2025-12-11,0
19.2,2025-12-12,0
19.2,2025-12-13,0
19.2,2025-12-14,0
19.2,2025-12-15,0
19.2,2025-12-16,0
19.2,2025-12-17,0
19.2,2025-12-18,0
19.2,2025-12-19,0
19.2,2025-12-20,0
19.2,2025-12-21,0
19.2,2025-12-22,0
19.2,2025-12-23,0
19.2,2025-12-24,0
19.2,2025-12-25,0
19.2,2025-12-26,0
19.2,2025-12-27,0
19.2,2025-12-28,0
19.2,2025-12-29,0
19.2,2025-12-30,0
19.2,2025-12-31,0
19.4,2024-11-01,0
19.4,2024-11-02,0
19.4,2024-11-03,0
19.4,2024-11-04,0
19.4,2024-11-05,0
19.4,2024-11-06,0
19.4,2024-11-07,0
19.4,2024-11-08,0
19.4,2024-11-09,0
19.4,2024-11-10,0
19.4,2024-11-11,0
19.4,2024-11-12,0
19.4,2024-11-13,0
19.4,2024-11-14,0
19.4,2024-11-15,0
19.4,2024-11-16,0
19.4,2024-11-17,0
19.4,2024-11-18,0
19.4,2024-11-19,0
19.4,2024-11-20,0
19.4,2024-11-21,0
19.4,2024-11-22,0
19.4,2024-11-23,0
19.4,2024-11-24,0
19.4,2024-11-25,0
19.4,2024-11-26,0
19.4,2024-11-27,0
19.4,2024-11-28,0
19.4,2024-11-29,0
19.4,2024-11-30,0
19.4,2024-12-01,0
19.4,2024-12-02,0
19.4,2024-12-03,0
19.4,2024-12-04,0
19.4,2024-12-05,0
19.4,2024-12-06,0
19.4,2024-12-07,0
19.4,2024-12-08,0
19.4,2024-12-09,0
19.4,2024-12-10,0
19.4,2024-12-11,0
19.4,2024-12-12,0
19.4,2024-12-13,0
19.4,2024-12-14,0
19.4,2024-12-15,0
19.4,2024-12-16,0
19.4,2024-12-17,0
19.4,2024-12-18,0
19.4,2024-12-19,0
19.4,2024-12-20,0
19.4,2024-12-21,0
19.4,2024-12-22,0
19.4,2024-12-23,0
19.4,2024-12-24,0
19.4,2024-12-25,0
19.4,2024-12-26,0
19.4,2024-12-27,0
19.4,2024-12-28,0
19.4,2024-12-29,0
19.4,2024-12-30,0
19.4,2024-12-31,0
19.4,2025-01-01,0
19.4,2025-01-02,0
19.4,2025-01-03,0
19.4,2025-01-04,0
19.4,2025-01-05,0
19.4,2025-01-06,0
19.4,2025-01-07,0
19.4,2025-01-08,0
19.4,2025-01-09,0
19.4,2025-01-10,0
19.4,2025-01-11,0
19.4,2025-01-12,0
19.4,2025-01-13,0
19.4,2025-01-14,0
19.4,2025-01-15,0
19.4,2025-01-16,0
19.4,2025-01-17,0
19.4,2025-01-18,0
19.4,2025-01-19,0
19.4,2025-01-20,0
19.4,2025-01-21,0
19.4,2025-01-22,0
19.4,2025-01-23,0
19.4,2025-01-24,0
19.4,2025-01-25,0
19.4,2025-01-26,0
19.4,2025-01-27,0
19.4,2025-01-28,0
19.4,2025-01-29,0
19.4,2025-01-30,0
19.4,2025-01-31,0
19.4,2025-02-01,0
19.4,2025-02-02,0
19.4,2025-02-03,0
19.4,2025-02-04,0
19.4,2025-02-05,0
19.4,2025-02-06,0
19.4,2025-02-07,0
19.4,2025-02-08,0
19.4,2025-02-09,0
19.4,2025-02-10,0
19.4,2025-02-11,0
19.4,2025-02-12,0
19.4,2025-02-13,0
19.4,2025-02-14,0
19.4,2025-02-15,0
19.4,2025-02-16,0
19.4,2025-02-17,0
19.4,2025-02-18,0
19.4,2025-02-19,0
19.4,2025-02-20,0
19.4,2025-02-21,0
19.4,2025-02-22,0
19.4,2025-02-23,0
19.4,2025-02-24,0
19.4,2025-02-25,0
19.4,2025-02-26,0
19.4,2025-02-27,0
19.4,2025-02-28,0
19.4,2025-03-01,0
19.4,2025-03-02,0
19.4,2025-03-03,0
19.4,2025-03-04,0
19.4,2025-03-05,0
19.4,2025-03-06,0
19.4,2025-03-07,0
19.4,2025-03-08,0
19.4,2025-03-09,0
19.4,2025-03-10,0
19.4,2025-03-11,0
19.4,2025-03-12,0
19.4,2025-03-13,0
19.4,2025-03-14,0
19.4,2025-03-15,0
19.4,2025-03-16,0
19.4,2025-03-17,0
19.4,2025-03-18,0
19.4,2025-03-19,0
19.4,2025-03-20,0
19.4,2025-03-21,0
19.4,2025-03-22,0
19.4,2025-03-23,0
19.4,2025-03-24,0
19.4,2025-03-25,0
19.4,2025-03-26,0
19.4,2025-03-27,0
19.4,2025-03-28,0
19.4,2025-03-29,0
19.4,2025-03-30,0
19.4,2025-03-31,0
19.4,2025-04-01,0
19.4,2025-04-02,0
19.4,2025-04-03,0
19.4,2025-04-04,0
19.4,2025-04-05,0
19.4,2025-04-06,0
19.4,2025-04-07,0
19.4,2025-04-08,0
19.4,2025-04-09,0
19.4,2025-04-10,0
19.4,2025-04-11,0
19.4,2025-04-12,0
19.4,2025-04-13,0
19.4,2025-04-14,0
19.4,2025-04-15,0
19.4,2025-04-16,0
19.4,2025-04-17,0
19.4,2025-04-18,0
19.4,2025-04-19,0
19.4,2025-04-20,0
19.4,2025-04-21,0
19.4,2025-04-22,0
19.4,2025-04-23,0
19.4,2025-04-24,0
19.4,2025-04-25,0
19.4,2025-04-26,0
19.4,2025-04-27,0
19.4,2025-04-28,0
19.4,2025-04-29,0
19.4,2025-04-30,0
19.4,2025-05-01,0
19.4,2025-05-02,0
19.4,2025-05-03,0
19.4,2025-05-04,0
19.4,2025-05-05,0
19.4,2025-05-06,0
19.4,2025-05-07,0
19.4,2025-05-08,0
19.4,2025-05-09,0
19.4,2025-05-10,0
19.4,2025-05-11,0
19.4,2025-05-12,0
19.4,2025-05-13,0
19.4,2025-05-14,0
19.4,2025-05-15,0
19.4,2025-05-16,0
19.4,2025-05-17,0
19.4,2025-05-18,0
19.4,2025-05-19,0
19.4,2025-05-20,0
19.4,2025-05-21,0
19.4,2025-05-22,0
19.4,2025-05-23,0
19.4,2025-05-24,0
19.4,2025-05-25,0
19.4,2025-05-26,0
19.4,2025-05-27,0
19.4,2025-05-28,0
19.4,2025-05-29,0
19.4,2025-05-30,0
19.4,2025-05-31,0
19.4,2025-06-01,0
19.4,2025-06-02,0
19.4,2025-06-03,0
19.4,2025-06-04,0
19.4,2025-06-05,0
19.4,2025-06-06,0
19.4,2025-06-07,0
19.4,2025-06-08,0
19.4,2025-06-09,0
19.4,2025-06-10,0
19.4,2025-06-11,0
19.4,2025-06-12,0
19.4,2025-06-13,0
19.4,2025-06-14,0
19.4,2025-06-15,0
19.4,2025-06-16,0
19.4,2025-06-17,0
19.4,2025-06-18,0
19.4,2025-06-19,0
19.4,2025-06-20,0
19.4,2025-06-21,0
19.4,2025-06-22,0
19.4,2025-06-23,0
19.4,2025-06-24,0
19.4,2025-06-25,0
19.4,2025-06-26,0
19.4,2025-06-27,0
19.4,2025-06-28,0
19.4,2025-06-29,0
19.4,2025-06-30,0
19.4,2025-07-01,0
19.4,2025-07-02,0
19.4,2025-07-03,0
19.4,2025-07-04,0
19.4,2025-07-05,0
19.4,2025-07-06,0
19.4,2025-07-07,0
19.4,2025-07-08,0
19.4,2025-07-09,0
19.4,2025-07-10,0
19.4,2025-07-11,0
19.4,2025-07-12,0
19.4,2025-07-13,0
19.4,2025-07-14,0
19.4,2025-07-15,0
19.4,2025-07-16,0
19.4,2025-07-17,0
19.4,2025-07-18,0
19.4,2025-07-19,0
19.4,2025-07-20,0
19.4,2025-07-21,0
19.4,2025-07-22,0
19.4,2025-07-23,0
19.4,2025-07-24,0
19.4,2025-07-25,0
19.4,2025-07-26,0
19.4,2025-07-27,0
19.4,2025-07-28,0
19.4,2025-07-29,0
19.4,2025-07-30,0
19.4,2025-07-31,0
19.4,2025-08-01,0
19.4,2025-08-02,0
19.4,2025-08-03,0
19.4,2025-08-04,0
19.4,2025-08-05,0
19.4,2025-08-06,0
19.4,2025-08-07,0
19.4,2025-08-08,0
19.4,2025-08-09,0
19.4,2025-08-10,0
19.4,2025-08-11,0
19.4,2025-08-12,0
19.4,2025-08-13,0
19.4,2025-08-14,0
19.4,2025-08-15,0
19.4,2025-08-16,0
19.4,2025-08-17,0
19.4,2025-08-18,0
19.4,2025-08-19,0
19.4,2025-08-20,0
19.4,2025-08-21,0
19.4,2025-08-22,0
19.4,2025-08-23,0
19.4,2025-08-24,0
19.4,2025-08-25,0
19.4,2025-08-26,0
19.4,2025-08-27,0
19.4,2025-08-28,0
19.4,2025-08-29,0
19.4,2025-08-30,0
19.4,2025-08-31,0
19.4,2025-09-01,0
19.4,2025-09-02,0
19.4,2025-09-03,0
19.4,2025-09-04,0
19.4,2025-09-05,0
19.4,2025-09-06,0
19.4,2025-09-07,0
19.4,2025-09-08,0
19.4,2025-09-09,0
19.4,2025-09-10,0
19.4,2025-09-11,0
19.4,2025-09-12,0
19.4,2025-09-13,0
19.4,2025-09-14,0
19.4,2025-09-15,0
19.4,2025-09-16,0
19.4,2025-09-17,0
19.4,2025-09-18,0
19.4,2025-09-19,0
19.4,2025-09-20,0
19.4,2025-09-21,0
19.4,2025-09-22,0
19.4,2025-09-23,0
19.4,2025-09-24,0
19.4,2025-09-25,0
19.4,2025-09-26,0
19.4,2025-09-27,0
19.4,2025-09-28,0
19.4,2025-09-29,0
19.4,2025-09-30,0
19.4,2025-10-01,0
19.4,2025-10-02,0
19.4,2025-10-03,0
19.4,2025-10-04,0
19.4,2025-10-05,0
19.4,2025-10-06,0
19.4,2025-10-07,0
19.4,2025-10-08,0
19.4,2025-10-09,0
19.4,2025-10-10,0
19.4,2025-10-11,0
19.4,2025-10-12,0
19.4,2025-10-13,0
19.4,2025-10-14,0
19.4,2025-10-15,0
19.4,2025-10-16,0
19.4,2025-10-17,0
19.4,2025-10-18,0
19.4,2025-10-19,0
19.4,2025-10-20,0
19.4,2025-10-21,0
19.4,2025-10-22,0
19.4,2025-10-23,0
19.4,2025-10-24,0
19.4,2025-10-25,0
19.4,2025-10-26,0
19.4,2025-10-27,0
19.4,2025-10-28,0
19.4,2025-10-29,0
19.4,2025-10-30,0
19.4,2025-10-31,0
19.4,2025-11-01,0
19.4,2025-11-02,0
19.4,2025-11-03,0
19.4,2025-11-04,0
19.4,2025-11-05,0
19.4,2025-11-06,0
19.4,2025-11-07,0
19.4,2025-11-08,0
19.4,2025-11-09,0
19.4,2025-11-10,0
19.4,2025-11-11,0
19.4,2025-11-12,0
19.4,2025-11-13,0
19.4,2025-11-14,0
19.4,2025-11-15,0
19.4,2025-11-16,0
19.4,2025-11-17,0
19.4,2025-11-18,0
19.4,2025-11-19,0
19.4,2025-11-20,0
19.4,2025-11-21,0
19.4,2025-11-22,0
19.4,2025-11-23,0
19.4,2025-11-24,0
19.4,2025-11-25,0
19.4,2025-11-26,0
19.4,2025-11-27,0
19.4,2025-11-28,0
19.4,2025-11-29,0
19.4,2025-11-30,0
19.4,2025-12-01,0
19.4,2025-12-02,0
19.4,2025-12-03,0
19.4,2025-12-04,12
19.4,2025-12-05,24
19.4,2025-12-06,19
19.4,2025-12-07,17
19.4,2025-12-08,24
19.4,2025-12-09,20
19.4,2025-12-10,20
19.4,2025-12-11,17
19.4,2025-12-12,27
19.4,2025-12-13,21
19.4,2025-12-14,16
19.4,2025-12-15,9
19.4,2025-12-16,13
19.4,2025-12-17,6
19.4,2025-12-18,12
19.4,2025-12-19,4
19.4,2025-12-20,6
19.4,2025-12-21,9
19.4,2025-12-22,25
19.4,2025-12-23,12
19.4,2025-12-24,16
19.4,2025-12-25,11
19.4,2025-12-26,12
19.4,2025-12-27,15
19.4,2025-12-28,12
19.4,2025-12-29,9
19.4,2025-12-30,17
19.4,2025-12-31,12
2.1,2024-11-01,0
2.1,2024-11-02,0
2.1,2024-11-03,0
2.1,2024-11-04,0
2.1,2024-11-05,0
2.1,2024-11-06,0
2.1,2024-11-07,0
2.1,2024-11-08,0
2.1,2024-11-09,0
2.1,2024-11-10,0
2.1,2024-11-11,0
2.1,2024-11-12,0
2.1,2024-11-13,0
2.1,2024-11-14,0
2.1,2024-11-15,0
2.1,2024-11-16,0
2.1,2024-11-17,0
2.1,2024-11-18,0
2.1,2024-11-19,0
2.1,2024-11-20,7
2.1,2024-11-21,37
2.1,2024-11-22,43
2.1,2024-11-23,30
2.1,2024-11-24,36
2.1,2024-11-25,37
2.1,2024-11-26,35
2.1,2024-11-27,38
2.1,2024-11-28,36
2.1,2024-11-29,37
2.1,2024-11-30,44
2.1,2024-12-01,42
2.1,2024-12-02,37
2.1,2024-12-03,32
2.1,2024-12-04,39
2.1,2024-12-05,36
2.1,2024-12-06,41
2.1,2024-12-07,36
2.1,2024-12-08,36
2.1,2024-12-09,36
2.1,2024-12-10,30
2.1,2024-12-11,38
2.1,2024-12-12,36
2.1,2024-12-13,37
2.1,2024-12-14,35
2.1,2024-12-15,37
2.1,2024-12-16,35
2.1,2024-12-17,32
2.1,2024-12-18,36
2.1,2024-12-19,39
2.1,2024-12-20,33
2.1,2024-12-21,39
2.1,2024-12-22,42
2.1,2024-12-23,40
2.1,2024-12-24,29
2.1,2024-12-25,27
2.1,2024-12-26,31
2.1,2024-12-27,31
2.1,2024-12-28,37
2.1,2024-12-29,36
2.1,2024-12-30,32
2.1,2024-12-31,37
2.1,2025-01-01,37
2.1,2025-01-02,42
2.1,2025-01-03,44
2.1,2025-01-04,45
2.1,2025-01-05,41
2.1,2025-01-06,41
2.1,2025-01-07,33
2.1,2025-01-08,36
2.1,2025-01-09,41
2.1,2025-01-10,37
2.1,2025-01-11,41
2.1,2025-01-12,40
2.1,2025-01-13,40
2.1,2025-01-14,40
2.1,2025-01-15,44
2.1,2025-01-16,38
2.1,2025-01-17,38
2.1,2025-01-18,33
2.1,2025-01-19,39
2.1,2025-01-20,37
2.1,2025-01-21,36
2.1,2025-01-22,43
2.1,2025-01-23,41
2.1,2025-01-24,45
2.1,2025-01-25,46
2.1,2025-01-26,40
2.1,2025-01-27,40
2.1,2025-01-28,35
2.1,2025-01-29,31
2.1,2025-01-30,33
2.1,2025-01-31,35
2.1,2025-02-01,44
2.1,2025-02-02,37
2.1,2025-02-03,29
2.1,2025-02-04,35
2.1,2025-02-05,44
2.1,2025-02-06,34
2.1,2025-02-07,35
2.1,2025-02-08,32
2.1,2025-02-09,37
2.1,2025-02-10,42
2.1,2025-02-11,34
2.1,2025-02-12,34
2.1,2025-02-13,42
2.1,2025-02-14,36
2.1,2025-02-15,41
2.1,2025-02-16,39
2.1,2025-02-17,42
2.1,2025-02-18,47
2.1,2025-02-19,45
2.1,2025-02-20,45
2.1,2025-02-21,47
2.1,2025-02-22,41
2.1,2025-02-23,40
2.1,2025-02-24,33
2.1,2025-02-25,39
2.1,2025-02-26,34
2.1,2025-02-27,33
2.1,2025-02-28,32
2.1,2025-03-01,38
2.1,2025-03-02,35
2.1,2025-03-03,32
2.1,2025-03-04,37
2.1,2025-03-05,40
2.1,2025-03-06,33
2.1,2025-03-07,41
2.1,2025-03-08,34
2.1,2025-03-09,39
2.1,2025-03-10,35
2.1,2025-03-11,33
2.1,2025-03-12,37
2.1,2025-03-13,32
2.1,2025-03-14,38
2.1,2025-03-15,38
2.1,2025-03-16,35
2.1,2025-03-17,30
2.1,2025-03-18,32
2.1,2025-03-19,35
2.1,2025-03-20,33
2.1,2025-03-21,34
2.1,2025-03-22,35
2.1,2025-03-23,36
2.1,2025-03-24,37
2.1,2025-03-25,35
2.1,2025-03-26,35
2.1,2025-03-27,31
2.1,2025-03-28,33
2.1,2025-03-29,35
2.1,2025-03-30,41
2.1,2025-03-31,38
2.1,2025-04-01,29
2.1,2025-04-02,33
2.1,2025-04-03,38
2.1,2025-04-04,32
2.1,2025-04-05,31
2.1,2025-04-06,33
2.1,2025-04-07,38
2.1,2025-04-08,35
2.1,2025-04-09,31
2.1,2025-04-10,32
2.1,2025-04-11,33
2.1,2025-04-12,36
2.1,2025-04-13,37
2.1,2025-04-14,38
2.1,2025-04-15,32
2.1,2025-04-16,30
2.1,2025-04-17,35
2.1,2025-04-18,33
2.1,2025-04-19,36
2.1,2025-04-20,35
2.1,2025-04-21,35
2.1,2025-04-22,25
2.1,2025-04-23,39
2.1,2025-04-24,33
2.1,2025-04-25,34
2.1,2025-04-26,41
2.1,2025-04-27,28
2.1,2025-04-28,35
2.1,2025-04-29,32
2.1,2025-04-30,30
2.1,2025-05-01,30
2.1,2025-05-02,37
2.1,2025-05-03,33
2.1,2025-05-04,34
2.1,2025-05-05,36
2.1,2025-05-06,35
2.1,2025-05-07,33
2.1,2025-05-08,34
2.1,2025-05-09,32
2.1,2025-05-10,35
2.1,2025-05-11,30
2.1,2025-05-12,32
2.1,2025-05-13,36
2.1,2025-05-14,33
2.1,2025-05-15,35
2.1,2025-05-16,33
2.1,2025-05-17,37
2.1,2025-05-18,37
2.1,2025-05-19,29
2.1,2025-05-20,33
2.1,2025-05-21,35
2.1,2025-05-22,24
2.1,2025-05-23,34
2.1,2025-05-24,34
2.1,2025-05-25,34
2.1,2025-05-26,35
2.1,2025-05-27,38
2.1,2025-05-28,37
2.1,2025-05-29,35
2.1,2025-05-30,37
2.1,2025-05-31,31
2.1,2025-06-01,34
2.1,2025-06-02,34
2.1,2025-06-03,35
2.1,2025-06-04,32
2.1,2025-06-05,35
2.1,2025-06-06,32
2.1,2025-06-07,32
2.1,2025-06-08,33
2.1,2025-06-09,31
2.1,2025-06-10,34
2.1,2025-06-11,34
2.1,2025-06-12,30
2.1,2025-06-13,33
2.1,2025-06-14,30
2.1,2025-06-15,34
2.1,2025-06-16,35
2.1,2025-06-17,31
2.1,2025-06-18,34
2.1,2025-06-19,30
2.1,2025-06-20,34
2.1,2025-06-21,39
2.1,2025-06-22,36
2.1,2025-06-23,34
2.1,2025-06-24,27
2.1,2025-06-25,38
2.1,2025-06-26,35
2.1,2025-06-27,28
2.1,2025-06-28,22
2.1,2025-06-29,32
2.1,2025-06-30,32
2.1,2025-07-01,34
2.1,2025-07-02,31
2.1,2025-07-03,30
2.1,2025-07-04,32
2.1,2025-07-05,35
2.1,2025-07-06,28
2.1,2025-07-07,29
2.1,2025-07-08,29
2.1,2025-07-09,31
2.1,2025-07-10,31
2.1,2025-07-11,29
2.1,2025-07-12,28
2.1,2025-07-13,31
2.1,2025-07-14,32
2.1,2025-07-15,28
2.1,2025-07-16,28
2.1,2025-07-17,31
2.1,2025-07-18,34
2.1,2025-07-19,31
2.1,2025-07-20,29
2.1,2025-07-21,33
2.1,2025-07-22,33
2.1,2025-07-23,30
2.1,2025-07-24,35
2.1,2025-07-25,4
2.1,2025-07-26,0
2.1,2025-07-27,0
2.1,2025-07-28,0
2.1,2025-07-29,0
2.1,2025-07-30,0
2.1,2025-07-31,0
2.1,2025-08-01,0
2.1,2025-08-02,0
2.1,2025-08-03,0
2.1,2025-08-04,0
2.1,2025-08-05,0
2.1,2025-08-06,0
2.1,2025-08-07,0
2.1,2025-08-08,0
2.1,2025-08-09,0
2.1,2025-08-10,0
2.1,2025-08-11,13
2.1,2025-08-12,33
2.1,2025-08-13,28
2.1,2025-08-14,27
2.1,2025-08-15,34
2.1,2025-08-16,33
2.1,2025-08-17,35
2.1,2025-08-18,32
2.1,2025-08-19,27
2.1,2025-08-20,32
2.1,2025-08-21,25
2.1,2025-08-22,30
2.1,2025-08-23,30
2.1,2025-08-24,35
2.1,2025-08-25,35
2.1,2025-08-26,34
2.1,2025-08-27,36
2.1,2025-08-28,34
2.1,2025-08-29,33
2.1,2025-08-30,33
2.1,2025-08-31,37
2.1,2025-09-01,34
2.1,2025-09-02,40
2.1,2025-09-03,29
2.1,2025-09-04,34
2.1,2025-09-05,34
2.1,2025-09-06,35
2.1,2025-09-07,36
2.1,2025-09-08,40
2.1,2025-09-09,41
2.1,2025-09-10,35
2.1,2025-09-11,32
2.1,2025-09-12,31
2.1,2025-09-13,29
2.1,2025-09-14,36
2.1,2025-09-15,31
2.1,2025-09-16,27
2.1,2025-09-17,26
2.1,2025-09-18,31
2.1,2025-09-19,31
2.1,2025-09-20,33
2.1,2025-09-21,33
2.1,2025-09-22,18
2.1,2025-09-23,31
2.1,2025-09-24,21
2.1,2025-09-25,26
2.1,2025-09-26,30
2.1,2025-09-27,32
2.1,2025-09-28,34
2.1,2025-09-29,32
2.1,2025-09-30,34
2.1,2025-10-01,32
2.1,2025-10-02,33
2.1,2025-10-03,35
2.1,2025-10-04,32
2.1,2025-10-05,34
2.1,2025-10-06,34
2.1,2025-10-07,26
2.1,2025-10-08,33
2.1,2025-10-09,26
2.1,2025-10-10,30
2.1,2025-10-11,33
2.1,2025-10-12,32
2.1,2025-10-13,33
2.1,2025-10-14,27
2.1,2025-10-15,32
2.1,2025-10-16,38
2.1,2025-10-17,29
2.1,2025-10-18,36
2.1,2025-10-19,31
2.1,2025-10-20,28
2.1,2025-10-21,38
2.1,2025-10-22,39
2.1,2025-10-23,31
2.1,2025-10-24,29
2.1,2025-10-25,40
2.1,2025-10-26,39
2.1,2025-10-27,33
2.1,2025-10-28,29
2.1,2025-10-29,33
2.1,2025-10-30,31
2.1,2025-10-31,34
2.1,2025-11-01,40
2.1,2025-11-02,36
2.1,2025-11-03,34
2.1,2025-11-04,31
2.1,2025-11-05,36
2.1,2025-11-06,38
2.1,2025-11-07,35
2.1,2025-11-08,40
2.1,2025-11-09,28
2.1,2025-11-10,29
2.1,2025-11-11,30
2.1,2025-11-12,35
2.1,2025-11-13,38
2.1,2025-11-14,37
2.1,2025-11-15,36
2.1,2025-11-16,37
2.1,2025-11-17,40
2.1,2025-11-18,37
2.1,2025-11-19,38
2.1,2025-11-20,36
2.1,2025-11-21,39
2.1,2025-11-22,37
2.1,2025-11-23,39
2.1,2025-11-24,34
2.1,2025-11-25,39
2.1,2025-11-26,34
2.1,2025-11-27,32
2.1,2025-11-28,35
2.1,2025-11-29,40
2.1,2025-11-30,26
2.1,2025-12-01,32
2.1,2025-12-02,33
2.1,2025-12-03,22
2.1,2025-12-04,29
2.1,2025-12-05,43
2.1,2025-12-06,34
2.1,2025-12-07,34
2.1,2025-12-08,36
2.1,2025-12-09,42
2.1,2025-12-10,29
2.1,2025-12-11,36
2.1,2025-12-12,40
2.1,2025-12-13,36
2.1,2025-12-14,45
2.1,2025-12-15,36
2.1,2025-12-16,33
2.1,2025-12-17,32
2.1,2025-12-18,34
2.1,2025-12-19,28
2.1,2025-12-20,37
2.1,2025-12-21,34
2.1,2025-12-22,34
2.1,2025-12-23,34
2.1,2025-12-24,35
2.1,2025-12-25,28
2.1,2025-12-26,25
2.1,2025-12-27,22
2.1,2025-12-28,5
2.1,2025-12-29,37
2.1,2025-12-30,35
2.1,2025-12-31,43
20.1,2024-11-01,48
20.1,2024-11-02,46
20.1,2024-11-03,44
20.1,2024-11-04,44
20.1,2024-11-05,46
20.1,2024-11-06,42
20.1,2024-11-07,47
20.1,2024-11-08,47
20.1,2024-11-09,47
20.1,2024-11-10,44
20.1,2024-11-11,45
20.1,2024-11-12,45
20.1,2024-11-13,43
20.1,2024-11-14,47
20.1,2024-11-15,46
20.1,2024-11-16,47
20.1,2024-11-17,48
20.1,2024-11-18,47
20.1,2024-11-19,48
20.1,2024-11-20,47
20.1,2024-11-21,47
20.1,2024-11-22,44
20.1,2024-11-23,48
20.1,2024-11-24,46
20.1,2024-11-25,43
20.1,2024-11-26,41
20.1,2024-11-27,44
20.1,2024-11-28,47
20.1,2024-11-29,44
20.1,2024-11-30,44
20.1,2024-12-01,42
20.1,2024-12-02,46
20.1,2024-12-03,42
20.1,2024-12-04,33
20.1,2024-12-05,45
20.1,2024-12-06,45
20.1,2024-12-07,45
20.1,2024-12-08,44
20.1,2024-12-09,43
20.1,2024-12-10,39
20.1,2024-12-11,44
20.1,2024-12-12,45
20.1,2024-12-13,43
20.1,2024-12-14,44
20.1,2024-12-15,47
20.1,2024-12-16,44
20.1,2024-12-17,40
20.1,2024-12-18,47
20.1,2024-12-19,44
20.1,2024-12-20,47
20.1,2024-12-21,45
20.1,2024-12-22,33
20.1,2024-12-23,43
20.1,2024-12-24,48
20.1,2024-12-25,44
20.1,2024-12-26,47
20.1,2024-12-27,48
20.1,2024-12-28,45
20.1,2024-12-29,43
20.1,2024-12-30,39
20.1,2024-12-31,47
20.1,2025-01-01,42
20.1,2025-01-02,45
20.1,2025-01-03,46
20.1,2025-01-04,43
20.1,2025-01-05,31
20.1,2025-01-06,32
20.1,2025-01-07,40
20.1,2025-01-08,37
20.1,2025-01-09,43
20.1,2025-01-10,27
20.1,2025-01-11,38
20.1,2025-01-12,42
20.1,2025-01-13,46
20.1,2025-01-14,36
20.1,2025-01-15,32
20.1,2025-01-16,38
20.1,2025-01-17,45
20.1,2025-01-18,40
20.1,2025-01-19,46
20.1,2025-01-20,36
20.1,2025-01-21,18
20.1,2025-01-22,30
20.1,2025-01-23,39
20.1,2025-01-24,36
20.1,2025-01-25,29
20.1,2025-01-26,47
20.1,2025-01-27,45
20.1,2025-01-28,47
20.1,2025-01-29,41
20.1,2025-01-30,42
20.1,2025-01-31,37
20.1,2025-02-01,34
20.1,2025-02-02,46
20.1,2025-02-03,45
20.1,2025-02-04,41
20.1,2025-02-05,48
20.1,2025-02-06,40
20.1,2025-02-07,48
20.1,2025-02-08,46
20.1,2025-02-09,44
20.1,2025-02-10,48
20.1,2025-02-11,45
20.1,2025-02-12,45
20.1,2025-02-13,46
20.1,2025-02-14,46
20.1,2025-02-15,34
20.1,2025-02-16,38
20.1,2025-02-17,43
20.1,2025-02-18,45
20.1,2025-02-19,46
20.1,2025-02-20,46
20.1,2025-02-21,45
20.1,2025-02-22,37
20.1,2025-02-23,48
20.1,2025-02-24,47
20.1,2025-02-25,41
20.1,2025-02-26,43
20.1,2025-02-27,16
20.1,2025-02-28,43
20.1,2025-03-01,47
20.1,2025-03-02,44
20.1,2025-03-03,42
20.1,2025-03-04,47
20.1,2025-03-05,46
20.1,2025-03-06,43
20.1,2025-03-07,45
20.1,2025-03-08,46
20.1,2025-03-09,44
20.1,2025-03-10,48
20.1,2025-03-11,43
20.1,2025-03-12,0
20.1,2025-03-13,0
20.1,2025-03-14,0
20.1,2025-03-15,0
20.1,2025-03-16,0
20.1,2025-03-17,0
20.1,2025-03-18,0
20.1,2025-03-19,0
20.1,2025-03-20,0
20.1,2025-03-21,0
20.1,2025-03-22,0
20.1,2025-03-23,0
20.1,2025-03-24,0
20.1,2025-03-25,0
20.1,2025-03-26,0
20.1,2025-03-27,0
20.1,2025-03-28,0
20.1,2025-03-29,0
20.1,2025-03-30,0
20.1,2025-03-31,0
20.1,2025-04-01,0
20.1,2025-04-02,0
20.1,2025-04-03,0
20.1,2025-04-04,0
20.1,2025-04-05,0
20.1,2025-04-06,0
20.1,2025-04-07,0
20.1,2025-04-08,0
20.1,2025-04-09,0
20.1,2025-04-10,0
20.1,2025-04-11,0
20.1,2025-04-12,0
20.1,2025-04-13,0
20.1,2025-04-14,0
20.1,2025-04-15,0
20.1,2025-04-16,0
20.1,2025-04-17,0
20.1,2025-04-18,0
20.1,2025-04-19,0
20.1,2025-04-20,0
20.1,2025-04-21,0
20.1,2025-04-22,0
20.1,2025-04-23,0
20.1,2025-04-24,0
20.1,2025-04-25,0
20.1,2025-04-26,0
20.1,2025-04-27,0
20.1,2025-04-28,0
20.1,2025-04-29,0
20.1,2025-04-30,0
20.1,2025-05-01,0
20.1,2025-05-02,0
20.1,2025-05-03,0
20.1,2025-05-04,0
20.1,2025-05-05,0
20.1,2025-05-06,0
20.1,2025-05-07,0
20.1,2025-05-08,8
20.1,2025-05-09,43
20.1,2025-05-10,34
20.1,2025-05-11,40
20.1,2025-05-12,29
20.1,2025-05-13,39
20.1,2025-05-14,23
20.1,2025-05-15,35
20.1,2025-05-16,14
20.1,2025-05-17,24
20.1,2025-05-18,34
20.1,2025-05-19,40
20.1,2025-05-20,27
20.1,2025-05-21,41
20.1,2025-05-22,36
20.1,2025-05-23,25
20.1,2025-05-24,0
20.1,2025-05-25,0
20.1,2025-05-26,0
20.1,2025-05-27,0
20.1,2025-05-28,0
20.1,2025-05-29,0
20.1,2025-05-30,0
20.1,2025-05-31,0
20.1,2025-06-01,0
20.1,2025-06-02,0
20.1,2025-06-03,0
20.1,2025-06-04,0
20.1,2025-06-05,0
20.1,2025-06-06,0
20.1,2025-06-07,0
20.1,2025-06-08,0
20.1,2025-06-09,0
20.1,2025-06-10,0
20.1,2025-06-11,0
20.1,2025-06-12,0
20.1,2025-06-13,0
20.1,2025-06-14,0
20.1,2025-06-15,0
20.1,2025-06-16,0
20.1,2025-06-17,0
20.1,2025-06-18,0
20.1,2025-06-19,0
20.1,2025-06-20,0
20.1,2025-06-21,0
20.1,2025-06-22,0
20.1,2025-06-23,0
20.1,2025-06-24,0
20.1,2025-06-25,0
20.1,2025-06-26,0
20.1,2025-06-27,0
20.1,2025-06-28,0
20.1,2025-06-29,0
20.1,2025-06-30,0
20.1,2025-07-01,0
20.1,2025-07-02,0
20.1,2025-07-03,0
20.1,2025-07-04,0
20.1,2025-07-05,0
20.1,2025-07-06,0
20.1,2025-07-07,0
20.1,2025-07-08,0
20.1,2025-07-09,0
20.1,2025-07-10,0
20.1,2025-07-11,0
20.1,2025-07-12,0
20.1,2025-07-13,0
20.1,2025-07-14,0
20.1,2025-07-15,0
20.1,2025-07-16,0
20.1,2025-07-17,0
20.1,2025-07-18,0
20.1,2025-07-19,0
20.1,2025-07-20,0
20.1,2025-07-21,0
20.1,2025-07-22,0
20.1,2025-07-23,0
20.1,2025-07-24,0
20.1,2025-07-25,0
20.1,2025-07-26,0
20.1,2025-07-27,0
20.1,2025-07-28,0
20.1,2025-07-29,0
20.1,2025-07-30,0
20.1,2025-07-31,0
20.1,2025-08-01,0
20.1,2025-08-02,0
20.1,2025-08-03,0
20.1,2025-08-04,0
20.1,2025-08-05,0
20.1,2025-08-06,0
20.1,2025-08-07,0
20.1,2025-08-08,0
20.1,2025-08-09,0
20.1,2025-08-10,0
20.1,2025-08-11,0
20.1,2025-08-12,0
20.1,2025-08-13,0
20.1,2025-08-14,0
20.1,2025-08-15,0
20.1,2025-08-16,0
20.1,2025-08-17,0
20.1,2025-08-18,0
20.1,2025-08-19,0
20.1,2025-08-20,0
20.1,2025-08-21,0
20.1,2025-08-22,0
20.1,2025-08-23,0
20.1,2025-08-24,0
20.1,2025-08-25,0
20.1,2025-08-26,0
20.1,2025-08-27,0
20.1,2025-08-28,0
20.1,2025-08-29,0
20.1,2025-08-30,0
20.1,2025-08-31,0
20.1,2025-09-01,0
20.1,2025-09-02,0
20.1,2025-09-03,0
20.1,2025-09-04,0
20.1,2025-09-05,0
20.1,2025-09-06,0
20.1,2025-09-07,0
20.1,2025-09-08,0
20.1,2025-09-09,0
20.1,2025-09-10,0
20.1,2025-09-11,0
20.1,2025-09-12,0
20.1,2025-09-13,0
20.1,2025-09-14,0
20.1,2025-09-15,0
20.1,2025-09-16,0
20.1,2025-09-17,0
20.1,2025-09-18,0
20.1,2025-09-19,0
20.1,2025-09-20,0
20.1,2025-09-21,0
20.1,2025-09-22,0
20.1,2025-09-23,0
20.1,2025-09-24,0
20.1,2025-09-25,0
20.1,2025-09-26,0
20.1,2025-09-27,0
20.1,2025-09-28,0
20.1,2025-09-29,0
20.1,2025-09-30,0
20.1,2025-10-01,0
20.1,2025-10-02,0
20.1,2025-10-03,0
20.1,2025-10-04,0
20.1,2025-10-05,0
20.1,2025-10-06,0
20.1,2025-10-07,0
20.1,2025-10-08,0
20.1,2025-10-09,0
20.1,2025-10-10,0
20.1,2025-10-11,0
20.1,2025-10-12,0
20.1,2025-10-13,0
20.1,2025-10-14,0
20.1,2025-10-15,0
20.1,2025-10-16,0
20.1,2025-10-17,0
20.1,2025-10-18,0
20.1,2025-10-19,0
20.1,2025-10-20,0
20.1,2025-10-21,0
20.1,2025-10-22,0
20.1,2025-10-23,0
20.1,2025-10-24,0
20.1,2025-10-25,0
20.1,2025-10-26,0
20.1,2025-10-27,0
20.1,2025-10-28,0
20.1,2025-10-29,0
20.1,2025-10-30,0
20.1,2025-10-31,0
20.1,2025-11-01,0
20.1,2025-11-02,0
20.1,2025-11-03,0
20.1,2025-11-04,0
20.1,2025-11-05,0
20.1,2025-11-06,0
20.1,2025-11-07,0
20.1,2025-11-08,0
20.1,2025-11-09,0
20.1,2025-11-10,0
20.1,2025-11-11,0
20.1,2025-11-12,0
20.1,2025-11-13,0
20.1,2025-11-14,0
20.1,2025-11-15,0
20.1,2025-11-16,0
20.1,2025-11-17,0
20.1,2025-11-18,0
20.1,2025-11-19,0
20.1,2025-11-20,0
20.1,2025-11-21,0
20.1,2025-11-22,0
20.1,2025-11-23,0
20.1,2025-11-24,0
20.1,2025-11-25,0
20.1,2025-11-26,0
20.1,2025-11-27,0
20.1,2025-11-28,0
20.1,2025-11-29,0
20.1,2025-11-30,0
20.1,2025-12-01,0
20.1,2025-12-02,0
20.1,2025-12-03,0
20.1,2025-12-04,0
20.1,2025-12-05,0
20.1,2025-12-06,0
20.1,2025-12-07,0
20.1,2025-12-08,0
20.1,2025-12-09,0
20.1,2025-12-10,0
20.1,2025-12-11,0
20.1,2025-12-12,0
20.1,2025-12-13,0
20.1,2025-12-14,0
20.1,2025-12-15,0
20.1,2025-12-16,0
20.1,2025-12-17,0
20.1,2025-12-18,0
20.1,2025-12-19,0
20.1,2025-12-20,0
20.1,2025-12-21,0
20.1,2025-12-22,0
20.1,2025-12-23,0
20.1,2025-12-24,0
20.1,2025-12-25,0
20.1,2025-12-26,0
20.1,2025-12-27,0
20.1,2025-12-28,0
20.1,2025-12-29,0
20.1,2025-12-30,0
20.1,2025-12-31,0
20.2,2024-11-01,0
20.2,2024-11-02,0
20.2,2024-11-03,0
20.2,2024-11-04,0
20.2,2024-11-05,0
20.2,2024-11-06,0
20.2,2024-11-07,0
20.2,2024-11-08,0
20.2,2024-11-09,0
20.2,2024-11-10,0
20.2,2024-11-11,0
20.2,2024-11-12,0
20.2,2024-11-13,0
20.2,2024-11-14,0
20.2,2024-11-15,0
20.2,2024-11-16,0
20.2,2024-11-17,0
20.2,2024-11-18,0
20.2,2024-11-19,0
20.2,2024-11-20,0
20.2,2024-11-21,0
20.2,2024-11-22,0
20.2,2024-11-23,0
20.2,2024-11-24,0
20.2,2024-11-25,0
20.2,2024-11-26,0
20.2,2024-11-27,0
20.2,2024-11-28,0
20.2,2024-11-29,0
20.2,2024-11-30,0
20.2,2024-12-01,0
20.2,2024-12-02,0
20.2,2024-12-03,0
20.2,2024-12-04,0
20.2,2024-12-05,0
20.2,2024-12-06,0
20.2,2024-12-07,0
20.2,2024-12-08,0
20.2,2024-12-09,0
20.2,2024-12-10,0
20.2,2024-12-11,0
20.2,2024-12-12,0
20.2,2024-12-13,0
20.2,2024-12-14,0
20.2,2024-12-15,0
20.2,2024-12-16,0
20.2,2024-12-17,0
20.2,2024-12-18,0
20.2,2024-12-19,0
20.2,2024-12-20,0
20.2,2024-12-21,0
20.2,2024-12-22,0
20.2,2024-12-23,0
20.2,2024-12-24,0
20.2,2024-12-25,0
20.2,2024-12-26,0
20.2,2024-12-27,0
20.2,2024-12-28,0
20.2,2024-12-29,0
20.2,2024-12-30,0
20.2,2024-12-31,0
20.2,2025-01-01,0
20.2,2025-01-02,0
20.2,2025-01-03,0
20.2,2025-01-04,0
20.2,2025-01-05,0
20.2,2025-01-06,0
20.2,2025-01-07,0
20.2,2025-01-08,0
20.2,2025-01-09,0
20.2,2025-01-10,0
20.2,2025-01-11,0
20.2,2025-01-12,0
20.2,2025-01-13,0
20.2,2025-01-14,0
20.2,2025-01-15,0
20.2,2025-01-16,0
20.2,2025-01-17,0
20.2,2025-01-18,0
20.2,2025-01-19,0
20.2,2025-01-20,0
20.2,2025-01-21,0
20.2,2025-01-22,0
20.2,2025-01-23,0
20.2,2025-01-24,0
20.2,2025-01-25,0
20.2,2025-01-26,0
20.2,2025-01-27,0
20.2,2025-01-28,0
20.2,2025-01-29,0
20.2,2025-01-30,0
20.2,2025-01-31,0
20.2,2025-02-01,0
20.2,2025-02-02,0
20.2,2025-02-03,0
20.2,2025-02-04,0
20.2,2025-02-05,0
20.2,2025-02-06,0
20.2,2025-02-07,0
20.2,2025-02-08,0
20.2,2025-02-09,0
20.2,2025-02-10,0
20.2,2025-02-11,0
20.2,2025-02-12,0
20.2,2025-02-13,0
20.2,2025-02-14,0
20.2,2025-02-15,0
20.2,2025-02-16,0
20.2,2025-02-17,0
20.2,2025-02-18,0
20.2,2025-02-19,0
20.2,2025-02-20,0
20.2,2025-02-21,0
20.2,2025-02-22,0
20.2,2025-02-23,0
20.2,2025-02-24,0
20.2,2025-02-25,0
20.2,2025-02-26,0
20.2,2025-02-27,0
20.2,2025-02-28,0
20.2,2025-03-01,0
20.2,2025-03-02,0
20.2,2025-03-03,0
20.2,2025-03-04,0
20.2,2025-03-05,0
20.2,2025-03-06,0
20.2,2025-03-07,0
20.2,2025-03-08,0
20.2,2025-03-09,0
20.2,2025-03-10,0
20.2,2025-03-11,0
20.2,2025-03-12,0
20.2,2025-03-13,0
20.2,2025-03-14,0
20.2,2025-03-15,0
20.2,2025-03-16,0
20.2,2025-03-17,0
20.2,2025-03-18,0
20.2,2025-03-19,0
20.2,2025-03-20,0
20.2,2025-03-21,0
20.2,2025-03-22,0
20.2,2025-03-23,0
20.2,2025-03-24,0
20.2,2025-03-25,0
20.2,2025-03-26,0
20.2,2025-03-27,0
20.2,2025-03-28,0
20.2,2025-03-29,0
20.2,2025-03-30,0
20.2,2025-03-31,0
20.2,2025-04-01,0
20.2,2025-04-02,0
20.2,2025-04-03,0
20.2,2025-04-04,0
20.2,2025-04-05,0
20.2,2025-04-06,0
20.2,2025-04-07,0
20.2,2025-04-08,0
20.2,2025-04-09,0
20.2,2025-04-10,0
20.2,2025-04-11,0
20.2,2025-04-12,0
20.2,2025-04-13,0
20.2,2025-04-14,0
20.2,2025-04-15,0
20.2,2025-04-16,0
20.2,2025-04-17,0
20.2,2025-04-18,0
20.2,2025-04-19,0
20.2,2025-04-20,0
20.2,2025-04-21,0
20.2,2025-04-22,0
20.2,2025-04-23,0
20.2,2025-04-24,0
20.2,2025-04-25,0
20.2,2025-04-26,0
20.2,2025-04-27,0
20.2,2025-04-28,0
20.2,2025-04-29,0
20.2,2025-04-30,0
20.2,2025-05-01,0
20.2,2025-05-02,0
20.2,2025-05-03,0
20.2,2025-05-04,0
20.2,2025-05-05,0
20.2,2025-05-06,0
20.2,2025-05-07,0
20.2,2025-05-08,0
20.2,2025-05-09,0
20.2,2025-05-10,0
20.2,2025-05-11,0
20.2,2025-05-12,0
20.2,2025-05-13,0
20.2,2025-05-14,0
20.2,2025-05-15,0
20.2,2025-05-16,0
20.2,2025-05-17,0
20.2,2025-05-18,0
20.2,2025-05-19,0
20.2,2025-05-20,0
20.2,2025-05-21,0
20.2,2025-05-22,0
20.2,2025-05-23,0
20.2,2025-05-24,0
20.2,2025-05-25,0
20.2,2025-05-26,0
20.2,2025-05-27,0
20.2,2025-05-28,0
20.2,2025-05-29,0
20.2,2025-05-30,0
20.2,2025-05-31,0
20.2,2025-06-01,0
20.2,2025-06-02,0
20.2,2025-06-03,0
20.2,2025-06-04,0
20.2,2025-06-05,0
20.2,2025-06-06,0
20.2,2025-06-07,0
20.2,2025-06-08,0
20.2,2025-06-09,0
20.2,2025-06-10,0
20.2,2025-06-11,0
20.2,2025-06-12,0
20.2,2025-06-13,0
20.2,2025-06-14,0
20.2,2025-06-15,0
20.2,2025-06-16,0
20.2,2025-06-17,0
20.2,2025-06-18,0
20.2,2025-06-19,0
20.2,2025-06-20,0
20.2,2025-06-21,0
20.2,2025-06-22,0
20.2,2025-06-23,0
20.2,2025-06-24,0
20.2,2025-06-25,0
20.2,2025-06-26,0
20.2,2025-06-27,0
20.2,2025-06-28,0
20.2,2025-06-29,0
20.2,2025-06-30,0
20.2,2025-07-01,0
20.2,2025-07-02,0
20.2,2025-07-03,0
20.2,2025-07-04,0
20.2,2025-07-05,0
20.2,2025-07-06,0
20.2,2025-07-07,0
20.2,2025-07-08,0
20.2,2025-07-09,0
20.2,2025-07-10,0
20.2,2025-07-11,0
20.2,2025-07-12,0
20.2,2025-07-13,0
20.2,2025-07-14,0
20.2,2025-07-15,0
20.2,2025-07-16,0
20.2,2025-07-17,0
20.2,2025-07-18,0
20.2,2025-07-19,0
20.2,2025-07-20,0
20.2,2025-07-21,0
20.2,2025-07-22,0
20.2,2025-07-23,0
20.2,2025-07-24,0
20.2,2025-07-25,0
20.2,2025-07-26,0
20.2,2025-07-27,0
20.2,2025-07-28,0
20.2,2025-07-29,0
20.2,2025-07-30,0
20.2,2025-07-31,0
20.2,2025-08-01,0
20.2,2025-08-02,0
20.2,2025-08-03,0
20.2,2025-08-04,0
20.2,2025-08-05,0
20.2,2025-08-06,0
20.2,2025-08-07,0
20.2,2025-08-08,0
20.2,2025-08-09,0
20.2,2025-08-10,0
20.2,2025-08-11,0
20.2,2025-08-12,0
20.2,2025-08-13,0
20.2,2025-08-14,0
20.2,2025-08-15,0
20.2,2025-08-16,0
20.2,2025-08-17,0
20.2,2025-08-18,0
20.2,2025-08-19,0
20.2,2025-08-20,0
20.2,2025-08-21,0
20.2,2025-08-22,0
20.2,2025-08-23,0
20.2,2025-08-24,0
20.2,2025-08-25,0
20.2,2025-08-26,0
20.2,2025-08-27,0
20.2,2025-08-28,0
20.2,2025-08-29,0
20.2,2025-08-30,0
20.2,2025-08-31,0
20.2,2025-09-01,0
20.2,2025-09-02,0
20.2,2025-09-03,0
20.2,2025-09-04,0
20.2,2025-09-05,0
20.2,2025-09-06,0
20.2,2025-09-07,0
20.2,2025-09-08,0
20.2,2025-09-09,0
20.2,2025-09-10,0
20.2,2025-09-11,0
20.2,2025-09-12,0
20.2,2025-09-13,0
20.2,2025-09-14,0
20.2,2025-09-15,0
20.2,2025-09-16,0
20.2,2025-09-17,11
20.2,2025-09-18,48
20.2,2025-09-19,48
20.2,2025-09-20,47
20.2,2025-09-21,48
20.2,2025-09-22,39
20.2,2025-09-23,20
20.2,2025-09-24,37
20.2,2025-09-25,5
20.2,2025-09-26,19
20.2,2025-09-27,48
20.2,2025-09-28,48
20.2,2025-09-29,48
20.2,2025-09-30,48
20.2,2025-10-01,48
20.2,2025-10-02,48
20.2,2025-10-03,48
20.2,2025-10-04,48
20.2,2025-10-05,48
20.2,2025-10-06,48
20.2,2025-10-07,41
20.2,2025-10-08,45
20.2,2025-10-09,48
20.2,2025-10-10,48
20.2,2025-10-11,48
20.2,2025-10-12,48
20.2,2025-10-13,47
20.2,2025-10-14,48
20.2,2025-10-15,48
20.2,2025-10-16,48
20.2,2025-10-17,48
20.2,2025-10-18,48
20.2,2025-10-19,48
20.2,2025-10-20,43
20.2,2025-10-21,48
20.2,2025-10-22,48
20.2,2025-10-23,48
20.2,2025-10-24,48
20.2,2025-10-25,48
20.2,2025-10-26,48
20.2,2025-10-27,48
20.2,2025-10-28,48
20.2,2025-10-29,10
20.2,2025-10-30,16
20.2,2025-10-31,48
20.2,2025-11-01,48
20.2,2025-11-02,48
20.2,2025-11-03,13
20.2,2025-11-04,22
20.2,2025-11-05,45
20.2,2025-11-06,39
20.2,2025-11-07,39
20.2,2025-11-08,48
20.2,2025-11-09,20
20.2,2025-11-10,18
20.2,2025-11-11,0
20.2,2025-11-12,0
20.2,2025-11-13,22
20.2,2025-11-14,48
20.2,2025-11-15,44
20.2,2025-11-16,41
20.2,2025-11-17,28
20.2,2025-11-18,7
20.2,2025-11-19,0
20.2,2025-11-20,0
20.2,2025-11-21,0
20.2,2025-11-22,20
20.2,2025-11-23,48
20.2,2025-11-24,48
20.2,2025-11-25,48
20.2,2025-11-26,48
20.2,2025-11-27,12
20.2,2025-11-28,0
20.2,2025-11-29,16
20.2,2025-11-30,9
20.2,2025-12-01,0
20.2,2025-12-02,18
20.2,2025-12-03,31
20.2,2025-12-04,48
20.2,2025-12-05,48
20.2,2025-12-06,48
20.2,2025-12-07,48
20.2,2025-12-08,48
20.2,2025-12-09,48
20.2,2025-12-10,48
20.2,2025-12-11,48
20.2,2025-12-12,31
20.2,2025-12-13,0
20.2,2025-12-14,0
20.2,2025-12-15,8
20.2,2025-12-16,21
20.2,2025-12-17,48
20.2,2025-12-18,48
20.2,2025-12-19,26
20.2,2025-12-20,0
20.2,2025-12-21,17
20.2,2025-12-22,26
20.2,2025-12-23,11
20.2,2025-12-24,12
20.2,2025-12-25,0
20.2,2025-12-26,0
20.2,2025-12-27,0
20.2,2025-12-28,0
20.2,2025-12-29,0
20.2,2025-12-30,0
20.2,2025-12-31,0
21.1,2024-11-01,0
21.1,2024-11-02,0
21.1,2024-11-03,0
21.1,2024-11-04,0
21.1,2024-11-05,0
21.1,2024-11-06,0
21.1,2024-11-07,12
21.1,2024-11-08,43
21.1,2024-11-09,45
21.1,2024-11-10,44
21.1,2024-11-11,41
21.1,2024-11-12,39
21.1,2024-11-13,47
21.1,2024-11-14,41
21.1,2024-11-15,46
21.1,2024-11-16,44
21.1,2024-11-17,40
21.1,2024-11-18,39
21.1,2024-11-19,43
21.1,2024-11-20,37
21.1,2024-11-21,35
21.1,2024-11-22,46
21.1,2024-11-23,42
21.1,2024-11-24,44
21.1,2024-11-25,45
21.1,2024-11-26,42
21.1,2024-11-27,38
21.1,2024-11-28,46
21.1,2024-11-29,48
21.1,2024-11-30,46
21.1,2024-12-01,40
21.1,2024-12-02,39
21.1,2024-12-03,41
21.1,2024-12-04,38
21.1,2024-12-05,48
21.1,2024-12-06,38
21.1,2024-12-07,42
21.1,2024-12-08,37
21.1,2024-12-09,45
21.1,2024-12-10,39
21.1,2024-12-11,43
21.1,2024-12-12,48
21.1,2024-12-13,43
21.1,2024-12-14,40
21.1,2024-12-15,39
21.1,2024-12-16,44
21.1,2024-12-17,42
21.1,2024-12-18,44
21.1,2024-12-19,42
21.1,2024-12-20,43
21.1,2024-12-21,47
21.1,2024-12-22,43
21.1,2024-12-23,43
21.1,2024-12-24,42
21.1,2024-12-25,42
21.1,2024-12-26,48
21.1,2024-12-27,43
21.1,2024-12-28,45
21.1,2024-12-29,31
21.1,2024-12-30,42
21.1,2024-12-31,47
21.1,2025-01-01,45
21.1,2025-01-02,43
21.1,2025-01-03,45
21.1,2025-01-04,48
21.1,2025-01-05,45
21.1,2025-01-06,41
21.1,2025-01-07,44
21.1,2025-01-08,39
21.1,2025-01-09,39
21.1,2025-01-10,48
21.1,2025-01-11,42
21.1,2025-01-12,46
21.1,2025-01-13,41
21.1,2025-01-14,40
21.1,2025-01-15,42
21.1,2025-01-16,38
21.1,2025-01-17,44
21.1,2025-01-18,35
21.1,2025-01-19,39
21.1,2025-01-20,43
21.1,2025-01-21,39
21.1,2025-01-22,34
21.1,2025-01-23,27
21.1,2025-01-24,41
21.1,2025-01-25,47
21.1,2025-01-26,39
21.1,2025-01-27,37
21.1,2025-01-28,41
21.1,2025-01-29,38
21.1,2025-01-30,42
21.1,2025-01-31,16
21.1,2025-02-01,21
21.1,2025-02-02,32
21.1,2025-02-03,12
21.1,2025-02-04,16
21.1,2025-02-05,42
21.1,2025-02-06,14
21.1,2025-02-07,43
21.1,2025-02-08,28
21.1,2025-02-09,17
21.1,2025-02-10,38
21.1,2025-02-11,42
21.1,2025-02-12,33
21.1,2025-02-13,19
21.1,2025-02-14,44
21.1,2025-02-15,23
21.1,2025-02-16,0
21.1,2025-02-17,29
21.1,2025-02-18,43
21.1,2025-02-19,45
21.1,2025-02-20,24
21.1,2025-02-21,43
21.1,2025-02-22,23
21.1,2025-02-23,47
21.1,2025-02-24,46
21.1,2025-02-25,41
21.1,2025-02-26,15
21.1,2025-02-27,10
21.1,2025-02-28,38
21.1,2025-03-01,41
21.1,2025-03-02,42
21.1,2025-03-03,35
21.1,2025-03-04,45
21.1,2025-03-05,32
21.1,2025-03-06,40
21.1,2025-03-07,42
21.1,2025-03-08,29
21.1,2025-03-09,42
21.1,2025-03-10,40
21.1,2025-03-11,36
21.1,2025-03-12,38
21.1,2025-03-13,35
21.1,2025-03-14,38
21.1,2025-03-15,45
21.1,2025-03-16,28
21.1,2025-03-17,37
21.1,2025-03-18,40
21.1,2025-03-19,44
21.1,2025-03-20,35
21.1,2025-03-21,31
21.1,2025-03-22,45
21.1,2025-03-23,46
21.1,2025-03-24,32
21.1,2025-03-25,41
21.1,2025-03-26,34
21.1,2025-03-27,40
21.1,2025-03-28,39
21.1,2025-03-29,47
21.1,2025-03-30,30
21.1,2025-03-31,20
21.1,2025-04-01,41
21.1,2025-04-02,47
21.1,2025-04-03,36
21.1,2025-04-04,40
21.1,2025-04-05,20
21.1,2025-04-06,1
21.1,2025-04-07,7
21.1,2025-04-08,44
21.1,2025-04-09,45
21.1,2025-04-10,9
21.1,2025-04-11,24
21.1,2025-04-12,39
21.1,2025-04-13,44
21.1,2025-04-14,41
21.1,2025-04-15,47
21.1,2025-04-16,47
21.1,2025-04-17,45
21.1,2025-04-18,41
21.1,2025-04-19,38
21.1,2025-04-20,37
21.1,2025-04-21,44
21.1,2025-04-22,38
21.1,2025-04-23,41
21.1,2025-04-24,44
21.1,2025-04-25,43
21.1,2025-04-26,20
21.1,2025-04-27,45
21.1,2025-04-28,44
21.1,2025-04-29,43
21.1,2025-04-30,46
21.1,2025-05-01,41
21.1,2025-05-02,43
21.1,2025-05-03,15
21.1,2025-05-04,9
21.1,2025-05-05,1
21.1,2025-05-06,17
21.1,2025-05-07,47
21.1,2025-05-08,45
21.1,2025-05-09,43
21.1,2025-05-10,38
21.1,2025-05-11,42
21.1,2025-05-12,32
21.1,2025-05-13,36
21.1,2025-05-14,39
21.1,2025-05-15,42
21.1,2025-05-16,39
21.1,2025-05-17,44
21.1,2025-05-18,38
21.1,2025-05-19,46
21.1,2025-05-20,43
21.1,2025-05-21,45
21.1,2025-05-22,11
21.1,2025-05-23,42
21.1,2025-05-24,40
21.1,2025-05-25,33
21.1,2025-05-26,43
21.1,2025-05-27,39
21.1,2025-05-28,39
21.1,2025-05-29,47
21.1,2025-05-30,43
21.1,2025-05-31,40
21.1,2025-06-01,47
21.1,2025-06-02,39
21.1,2025-06-03,35
21.1,2025-06-04,36
21.1,2025-06-05,34
21.1,2025-06-06,38
21.1,2025-06-07,45
21.1,2025-06-08,36
21.1,2025-06-09,35
21.1,2025-06-10,44
21.1,2025-06-11,44
21.1,2025-06-12,43
21.1,2025-06-13,44
21.1,2025-06-14,19
21.1,2025-06-15,45
21.1,2025-06-16,40
21.1,2025-06-17,38
21.1,2025-06-18,27
21.1,2025-06-19,24
21.1,2025-06-20,30
21.1,2025-06-21,23
21.1,2025-06-22,31
21.1,2025-06-23,29
21.1,2025-06-24,35
21.1,2025-06-25,38
21.1,2025-06-26,36
21.1,2025-06-27,37
21.1,2025-06-28,33
21.1,2025-06-29,31
21.1,2025-06-30,31
21.1,2025-07-01,31
21.1,2025-07-02,33
21.1,2025-07-03,31
21.1,2025-07-04,37
21.1,2025-07-05,39
21.1,2025-07-06,36
21.1,2025-07-07,36
21.1,2025-07-08,44
21.1,2025-07-09,44
21.1,2025-07-10,44
21.1,2025-07-11,39
21.1,2025-07-12,37
21.1,2025-07-13,44
21.1,2025-07-14,43
21.1,2025-07-15,35
21.1,2025-07-16,42
21.1,2025-07-17,40
21.1,2025-07-18,43
21.1,2025-07-19,38
21.1,2025-07-20,36
21.1,2025-07-21,36
21.1,2025-07-22,38
21.1,2025-07-23,44
21.1,2025-07-24,34
21.1,2025-07-25,43
21.1,2025-07-26,45
21.1,2025-07-27,44
21.1,2025-07-28,39
21.1,2025-07-29,46
21.1,2025-07-30,46
21.1,2025-07-31,47
21.1,2025-08-01,38
21.1,2025-08-02,44
21.1,2025-08-03,42
21.1,2025-08-04,42
21.1,2025-08-05,43
21.1,2025-08-06,47
21.1,2025-08-07,43
21.1,2025-08-08,43
21.1,2025-08-09,40
21.1,2025-08-10,44
21.1,2025-08-11,38
21.1,2025-08-12,47
21.1,2025-08-13,39
21.1,2025-08-14,45
21.1,2025-08-15,41
21.1,2025-08-16,41
21.1,2025-08-17,43
21.1,2025-08-18,38
21.1,2025-08-19,43
21.1,2025-08-20,32
21.1,2025-08-21,44
21.1,2025-08-22,40
21.1,2025-08-23,38
21.1,2025-08-24,44
21.1,2025-08-25,42
21.1,2025-08-26,41
21.1,2025-08-27,40
21.1,2025-08-28,47
21.1,2025-08-29,44
21.1,2025-08-30,41
21.1,2025-08-31,44
21.1,2025-09-01,44
21.1,2025-09-02,45
21.1,2025-09-03,43
21.1,2025-09-04,45
21.1,2025-09-05,48
21.1,2025-09-06,40
21.1,2025-09-07,40
21.1,2025-09-08,41
21.1,2025-09-09,42
21.1,2025-09-10,47
21.1,2025-09-11,42
21.1,2025-09-12,46
21.1,2025-09-13,42
21.1,2025-09-14,44
21.1,2025-09-15,43
21.1,2025-09-16,45
21.1,2025-09-17,42
21.1,2025-09-18,43
21.1,2025-09-19,40
21.1,2025-09-20,35
21.1,2025-09-21,41
21.1,2025-09-22,45
21.1,2025-09-23,43
21.1,2025-09-24,35
21.1,2025-09-25,44
21.1,2025-09-26,17
21.1,2025-09-27,38
21.1,2025-09-28,44
21.1,2025-09-29,45
21.1,2025-09-30,43
21.1,2025-10-01,46
21.1,2025-10-02,38
21.1,2025-10-03,46
21.1,2025-10-04,45
21.1,2025-10-05,39
21.1,2025-10-06,38
21.1,2025-10-07,37
21.1,2025-10-08,46
21.1,2025-10-09,45
21.1,2025-10-10,46
21.1,2025-10-11,46
21.1,2025-10-12,41
21.1,2025-10-13,40
21.1,2025-10-14,36
21.1,2025-10-15,47
21.1,2025-10-16,46
21.1,2025-10-17,39
21.1,2025-10-18,40
21.1,2025-10-19,41
21.1,2025-10-20,38
21.1,2025-10-21,42
21.1,2025-10-22,42
21.1,2025-10-23,47
21.1,2025-10-24,44
21.1,2025-10-25,41
21.1,2025-10-26,44
21.1,2025-10-27,48
21.1,2025-10-28,43
21.1,2025-10-29,46
21.1,2025-10-30,44
21.1,2025-10-31,41
21.1,2025-11-01,46
21.1,2025-11-02,43
21.1,2025-11-03,45
21.1,2025-11-04,47
21.1,2025-11-05,45
21.1,2025-11-06,40
21.1,2025-11-07,35
21.1,2025-11-08,42
21.1,2025-11-09,36
21.1,2025-11-10,36
21.1,2025-11-11,47
21.1,2025-11-12,43
21.1,2025-11-13,37
21.1,2025-11-14,37
21.1,2025-11-15,39
21.1,2025-11-16,33
21.1,2025-11-17,34
21.1,2025-11-18,36
21.1,2025-11-19,40
21.1,2025-11-20,41
21.1,2025-11-21,38
21.1,2025-11-22,39
21.1,2025-11-23,36
21.1,2025-11-24,46
21.1,2025-11-25,39
21.1,2025-11-26,46
21.1,2025-11-27,38
21.1,2025-11-28,43
21.1,2025-11-29,35
21.1,2025-11-30,42
21.1,2025-12-01,38
21.1,2025-12-02,42
21.1,2025-12-03,34
21.1,2025-12-04,44
21.1,2025-12-05,42
21.1,2025-12-06,38
21.1,2025-12-07,35
21.1,2025-12-08,39
21.1,2025-12-09,31
21.1,2025-12-10,35
21.1,2025-12-11,30
21.1,2025-12-12,37
21.1,2025-12-13,40
21.1,2025-12-14,39
21.1,2025-12-15,36
21.1,2025-12-16,40
21.1,2025-12-17,31
21.1,2025-12-18,36
21.1,2025-12-19,42
21.1,2025-12-20,38
21.1,2025-12-21,41
21.1,2025-12-22,43
21.1,2025-12-23,46
21.1,2025-12-24,41
21.1,2025-12-25,45
21.1,2025-12-26,37
21.1,2025-12-27,36
21.1,2025-12-28,41
21.1,2025-12-29,32
21.1,2025-12-30,41
21.1,2025-12-31,35
22.1,2024-11-01,0
22.1,2024-11-02,0
22.1,2024-11-03,0
22.1,2024-11-04,0
22.1,2024-11-05,0
22.1,2024-11-06,0
22.1,2024-11-07,0
22.1,2024-11-08,0
22.1,2024-11-09,0
22.1,2024-11-10,0
22.1,2024-11-11,0
22.1,2024-11-12,0
22.1,2024-11-13,0
22.1,2024-11-14,0
22.1,2024-11-15,0
22.1,2024-11-16,0
22.1,2024-11-17,0
22.1,2024-11-18,0
22.1,2024-11-19,0
22.1,2024-11-20,0
22.1,2024-11-21,0
22.1,2024-11-22,0
22.1,2024-11-23,0
22.1,2024-11-24,0
22.1,2024-11-25,0
22.1,2024-11-26,0
22.1,2024-11-27,0
22.1,2024-11-28,0
22.1,2024-11-29,0
22.1,2024-11-30,0
22.1,2024-12-01,0
22.1,2024-12-02,0
22.1,2024-12-03,0
22.1,2024-12-04,0
22.1,2024-12-05,0
22.1,2024-12-06,0
22.1,2024-12-07,0
22.1,2024-12-08,0
22.1,2024-12-09,0
22.1,2024-12-10,0
22.1,2024-12-11,0
22.1,2024-12-12,0
22.1,2024-12-13,0
22.1,2024-12-14,0
22.1,2024-12-15,0
22.1,2024-12-16,0
22.1,2024-12-17,0
22.1,2024-12-18,0
22.1,2024-12-19,0
22.1,2024-12-20,0
22.1,2024-12-21,0
22.1,2024-12-22,0
22.1,2024-12-23,0
22.1,2024-12-24,0
22.1,2024-12-25,0
22.1,2024-12-26,0
22.1,2024-12-27,0
22.1,2024-12-28,0
22.1,2024-12-29,0
22.1,2024-12-30,0
22.1,2024-12-31,0
22.1,2025-01-01,0
22.1,2025-01-02,0
22.1,2025-01-03,0
22.1,2025-01-04,0
22.1,2025-01-05,0
22.1,2025-01-06,0
22.1,2025-01-07,0
22.1,2025-01-08,0
22.1,2025-01-09,0
22.1,2025-01-10,0
22.1,2025-01-11,0
22.1,2025-01-12,0
22.1,2025-01-13,0
22.1,2025-01-14,0
22.1,2025-01-15,0
22.1,2025-01-16,0
22.1,2025-01-17,0
22.1,2025-01-18,0
22.1,2025-01-19,0
22.1,2025-01-20,0
22.1,2025-01-21,0
22.1,2025-01-22,0
22.1,2025-01-23,0
22.1,2025-01-24,0
22.1,2025-01-25,0
22.1,2025-01-26,0
22.1,2025-01-27,0
22.1,2025-01-28,0
22.1,2025-01-29,0
22.1,2025-01-30,0
22.1,2025-01-31,0
22.1,2025-02-01,0
22.1,2025-02-02,0
22.1,2025-02-03,0
22.1,2025-02-04,0
22.1,2025-02-05,0
22.1,2025-02-06,0
22.1,2025-02-07,0
22.1,2025-02-08,0
22.1,2025-02-09,0
22.1,2025-02-10,0
22.1,2025-02-11,0
22.1,2025-02-12,0
22.1,2025-02-13,0
22.1,2025-02-14,0
22.1,2025-02-15,0
22.1,2025-02-16,0
22.1,2025-02-17,0
22.1,2025-02-18,0
22.1,2025-02-19,0
22.1,2025-02-20,0
22.1,2025-02-21,0
22.1,2025-02-22,0
22.1,2025-02-23,0
22.1,2025-02-24,0
22.1,2025-02-25,0
22.1,2025-02-26,0
22.1,2025-02-27,0
22.1,2025-02-28,0
22.1,2025-03-01,0
22.1,2025-03-02,0
22.1,2025-03-03,0
22.1,2025-03-04,0
22.1,2025-03-05,0
22.1,2025-03-06,0
22.1,2025-03-07,0
22.1,2025-03-08,0
22.1,2025-03-09,0
22.1,2025-03-10,0
22.1,2025-03-11,0
22.1,2025-03-12,0
22.1,2025-03-13,0
22.1,2025-03-14,0
22.1,2025-03-15,0
22.1,2025-03-16,0
22.1,2025-03-17,0
22.1,2025-03-18,0
22.1,2025-03-19,0
22.1,2025-03-20,0
22.1,2025-03-21,0
22.1,2025-03-22,0
22.1,2025-03-23,0
22.1,2025-03-24,0
22.1,2025-03-25,0
22.1,2025-03-26,0
22.1,2025-03-27,0
22.1,2025-03-28,0
22.1,2025-03-29,0
22.1,2025-03-30,0
22.1,2025-03-31,0
22.1,2025-04-01,0
22.1,2025-04-02,0
22.1,2025-04-03,0
22.1,2025-04-04,0
22.1,2025-04-05,0
22.1,2025-04-06,0
22.1,2025-04-07,0
22.1,2025-04-08,0
22.1,2025-04-09,0
22.1,2025-04-10,0
22.1,2025-04-11,0
22.1,2025-04-12,0
22.1,2025-04-13,0
22.1,2025-04-14,0
22.1,2025-04-15,0
22.1,2025-04-16,0
22.1,2025-04-17,0
22.1,2025-04-18,0
22.1,2025-04-19,0
22.1,2025-04-20,0
22.1,2025-04-21,0
22.1,2025-04-22,0
22.1,2025-04-23,0
22.1,2025-04-24,0
22.1,2025-04-25,0
22.1,2025-04-26,0
22.1,2025-04-27,0
22.1,2025-04-28,0
22.1,2025-04-29,0
22.1,2025-04-30,0
22.1,2025-05-01,0
22.1,2025-05-02,0
22.1,2025-05-03,0
22.1,2025-05-04,0
22.1,2025-05-05,0
22.1,2025-05-06,0
22.1,2025-05-07,9
22.1,2025-05-08,48
22.1,2025-05-09,48
22.1,2025-05-10,48
22.1,2025-05-11,48
22.1,2025-05-12,48
22.1,2025-05-13,48
22.1,2025-05-14,48
22.1,2025-05-15,48
22.1,2025-05-16,48
22.1,2025-05-17,48
22.1,2025-05-18,48
22.1,2025-05-19,48
22.1,2025-05-20,48
22.1,2025-05-21,48
22.1,2025-05-22,48
22.1,2025-05-23,48
22.1,2025-05-24,48
22.1,2025-05-25,48
22.1,2025-05-26,48
22.1,2025-05-27,48
22.1,2025-05-28,48
22.1,2025-05-29,47
22.1,2025-05-30,48
22.1,2025-05-31,48
22.1,2025-06-01,48
22.1,2025-06-02,48
22.1,2025-06-03,48
22.1,2025-06-04,48
22.1,2025-06-05,48
22.1,2025-06-06,42
22.1,2025-06-07,48
22.1,2025-06-08,48
22.1,2025-06-09,48
22.1,2025-06-10,48
22.1,2025-06-11,48
22.1,2025-06-12,48
22.1,2025-06-13,48
22.1,2025-06-14,39
22.1,2025-06-15,48
22.1,2025-06-16,48
22.1,2025-06-17,48
22.1,2025-06-18,48
22.1,2025-06-19,48
22.1,2025-06-20,48
22.1,2025-06-21,48
22.1,2025-06-22,48
22.1,2025-06-23,48
22.1,2025-06-24,48
22.1,2025-06-25,48
22.1,2025-06-26,48
22.1,2025-06-27,48
22.1,2025-06-28,48
22.1,2025-06-29,48
22.1,2025-06-30,48
22.1,2025-07-01,48
22.1,2025-07-02,48
22.1,2025-07-03,48
22.1,2025-07-04,48
22.1,2025-07-05,48
22.1,2025-07-06,48
22.1,2025-07-07,48
22.1,2025-07-08,48
22.1,2025-07-09,48
22.1,2025-07-10,48
22.1,2025-07-11,48
22.1,2025-07-12,48
22.1,2025-07-13,48
22.1,2025-07-14,48
22.1,2025-07-15,48
22.1,2025-07-16,48
22.1,2025-07-17,48
22.1,2025-07-18,48
22.1,2025-07-19,48
22.1,2025-07-20,48
22.1,2025-07-21,48
22.1,2025-07-22,48
22.1,2025-07-23,48
22.1,2025-07-24,48
22.1,2025-07-25,48
22.1,2025-07-26,46
22.1,2025-07-27,44
22.1,2025-07-28,48
22.1,2025-07-29,48
22.1,2025-07-30,48
22.1,2025-07-31,48
22.1,2025-08-01,48
22.1,2025-08-02,48
22.1,2025-08-03,48
22.1,2025-08-04,48
22.1,2025-08-05,48
22.1,2025-08-06,48
22.1,2025-08-07,48
22.1,2025-08-08,48
22.1,2025-08-09,48
22.1,2025-08-10,48
22.1,2025-08-11,48
22.1,2025-08-12,48
22.1,2025-08-13,25
22.1,2025-08-14,34
22.1,2025-08-15,48
22.1,2025-08-16,48
22.1,2025-08-17,48
22.1,2025-08-18,48
22.1,2025-08-19,48
22.1,2025-08-20,22
22.1,2025-08-21,48
22.1,2025-08-22,48
22.1,2025-08-23,48
22.1,2025-08-24,48
22.1,2025-08-25,48
22.1,2025-08-26,48
22.1,2025-08-27,48
22.1,2025-08-28,48
22.1,2025-08-29,48
22.1,2025-08-30,48
22.1,2025-08-31,48
22.1,2025-09-01,48
22.1,2025-09-02,48
22.1,2025-09-03,48
22.1,2025-09-04,48
22.1,2025-09-05,48
22.1,2025-09-06,48
22.1,2025-09-07,48
22.1,2025-09-08,48
22.1,2025-09-09,48
22.1,2025-09-10,48
22.1,2025-09-11,48
22.1,2025-09-12,48
22.1,2025-09-13,48
22.1,2025-09-14,48
22.1,2025-09-15,48
22.1,2025-09-16,48
22.1,2025-09-17,48
22.1,2025-09-18,48
22.1,2025-09-19,48
22.1,2025-09-20,48
22.1,2025-09-21,48
22.1,2025-09-22,48
22.1,2025-09-23,48
22.1,2025-09-24,48
22.1,2025-09-25,48
22.1,2025-09-26,48
22.1,2025-09-27,48
22.1,2025-09-28,48
22.1,2025-09-29,48
22.1,2025-09-30,48
22.1,2025-10-01,48
22.1,2025-10-02,48
22.1,2025-10-03,48
22.1,2025-10-04,48
22.1,2025-10-05,48
22.1,2025-10-06,48
22.1,2025-10-07,48
22.1,2025-10-08,48
22.1,2025-10-09,48
22.1,2025-10-10,48
22.1,2025-10-11,48
22.1,2025-10-12,48
22.1,2025-10-13,48
22.1,2025-10-14,48
22.1,2025-10-15,48
22.1,2025-10-16,48
22.1,2025-10-17,48
22.1,2025-10-18,44
22.1,2025-10-19,48
22.1,2025-10-20,42
22.1,2025-10-21,48
22.1,2025-10-22,48
22.1,2025-10-23,48
22.1,2025-10-24,48
22.1,2025-10-25,48
22.1,2025-10-26,48
22.1,2025-10-27,48
22.1,2025-10-28,48
22.1,2025-10-29,48
22.1,2025-10-30,48
22.1,2025-10-31,48
22.1,2025-11-01,48
22.1,2025-11-02,48
22.1,2025-11-03,48
22.1,2025-11-04,48
22.1,2025-11-05,48
22.1,2025-11-06,48
22.1,2025-11-07,48
22.1,2025-11-08,48
22.1,2025-11-09,48
22.1,2025-11-10,48
22.1,2025-11-11,48
22.1,2025-11-12,48
22.1,2025-11-13,48
22.1,2025-11-14,48
22.1,2025-11-15,48
22.1,2025-11-16,48
22.1,2025-11-17,48
22.1,2025-11-18,48
22.1,2025-11-19,48
22.1,2025-11-20,48
22.1,2025-11-21,48
22.1,2025-11-22,48
22.1,2025-11-23,48
22.1,2025-11-24,48
22.1,2025-11-25,39
22.1,2025-11-26,0
22.1,2025-11-27,23
22.1,2025-11-28,17
22.1,2025-11-29,18
22.1,2025-11-30,28
22.1,2025-12-01,48
22.1,2025-12-02,43
22.1,2025-12-03,48
22.1,2025-12-04,48
22.1,2025-12-05,48
22.1,2025-12-06,48
22.1,2025-12-07,42
22.1,2025-12-08,48
22.1,2025-12-09,48
22.1,2025-12-10,32
22.1,2025-12-11,48
22.1,2025-12-12,46
22.1,2025-12-13,13
22.1,2025-12-14,48
22.1,2025-12-15,48
22.1,2025-12-16,13
22.1,2025-12-17,19
22.1,2025-12-18,29
22.1,2025-12-19,38
22.1,2025-12-20,48
22.1,2025-12-21,48
22.1,2025-12-22,48
22.1,2025-12-23,48
22.1,2025-12-24,48
22.1,2025-12-25,48
22.1,2025-12-26,48
22.1,2025-12-27,48
22.1,2025-12-28,45
22.1,2025-12-29,48
22.1,2025-12-30,48
22.1,2025-12-31,48
23.1,2024-11-01,0
23.1,2024-11-02,0
23.1,2024-11-03,0
23.1,2024-11-04,0
23.1,2024-11-05,0
23.1,2024-11-06,0
23.1,2024-11-07,13
23.1,2024-11-08,47
23.1,2024-11-09,47
23.1,2024-11-10,48
23.1,2024-11-11,46
23.1,2024-11-12,48
23.1,2024-11-13,47
23.1,2024-11-14,47
23.1,2024-11-15,46
23.1,2024-11-16,48
23.1,2024-11-17,46
23.1,2024-11-18,48
23.1,2024-11-19,45
23.1,2024-11-20,45
23.1,2024-11-21,48
23.1,2024-11-22,47
23.1,2024-11-23,48
23.1,2024-11-24,48
23.1,2024-11-25,47
23.1,2024-11-26,48
23.1,2024-11-27,48
23.1,2024-11-28,46
23.1,2024-11-29,47
23.1,2024-11-30,48
23.1,2024-12-01,47
23.1,2024-12-02,47
23.1,2024-12-03,47
23.1,2024-12-04,48
23.1,2024-12-05,47
23.1,2024-12-06,48
23.1,2024-12-07,48
23.1,2024-12-08,47
23.1,2024-12-09,47
23.1,2024-12-10,44
23.1,2024-12-11,33
23.1,2024-12-12,48
23.1,2024-12-13,47
23.1,2024-12-14,46
23.1,2024-12-15,33
23.1,2024-12-16,16
23.1,2024-12-17,41
23.1,2024-12-18,47
23.1,2024-12-19,47
23.1,2024-12-20,45
23.1,2024-12-21,45
23.1,2024-12-22,47
23.1,2024-12-23,47
23.1,2024-12-24,35
23.1,2024-12-25,46
23.1,2024-12-26,48
23.1,2024-12-27,47
23.1,2024-12-28,44
23.1,2024-12-29,40
23.1,2024-12-30,43
23.1,2024-12-31,45
23.1,2025-01-01,44
23.1,2025-01-02,47
23.1,2025-01-03,47
23.1,2025-01-04,48
23.1,2025-01-05,47
23.1,2025-01-06,39
23.1,2025-01-07,47
23.1,2025-01-08,47
23.1,2025-01-09,47
23.1,2025-01-10,48
23.1,2025-01-11,48
23.1,2025-01-12,42
23.1,2025-01-13,46
23.1,2025-01-14,45
23.1,2025-01-15,47
23.1,2025-01-16,38
23.1,2025-01-17,41
23.1,2025-01-18,45
23.1,2025-01-19,48
23.1,2025-01-20,46
23.1,2025-01-21,48
23.1,2025-01-22,45
23.1,2025-01-23,45
23.1,2025-01-24,47
23.1,2025-01-25,45
23.1,2025-01-26,45
23.1,2025-01-27,44
23.1,2025-01-28,46
23.1,2025-01-29,43
23.1,2025-01-30,42
23.1,2025-01-31,45
23.1,2025-02-01,45
23.1,2025-02-02,48
23.1,2025-02-03,46
23.1,2025-02-04,45
23.1,2025-02-05,46
23.1,2025-02-06,38
23.1,2025-02-07,47
23.1,2025-02-08,47
23.1,2025-02-09,48
23.1,2025-02-10,47
23.1,2025-02-11,46
23.1,2025-02-12,45
23.1,2025-02-13,31
23.1,2025-02-14,45
23.1,2025-02-15,42
23.1,2025-02-16,45
23.1,2025-02-17,47
23.1,2025-02-18,46
23.1,2025-02-19,42
23.1,2025-02-20,46
23.1,2025-02-21,48
23.1,2025-02-22,45
23.1,2025-02-23,41
23.1,2025-02-24,44
23.1,2025-02-25,45
23.1,2025-02-26,43
23.1,2025-02-27,23
23.1,2025-02-28,48
23.1,2025-03-01,43
23.1,2025-03-02,47
23.1,2025-03-03,47
23.1,2025-03-04,44
23.1,2025-03-05,41
23.1,2025-03-06,44
23.1,2025-03-07,47
23.1,2025-03-08,39
23.1,2025-03-09,45
23.1,2025-03-10,48
23.1,2025-03-11,45
23.1,2025-03-12,44
23.1,2025-03-13,45
23.1,2025-03-14,45
23.1,2025-03-15,46
23.1,2025-03-16,29
23.1,2025-03-17,45
23.1,2025-03-18,47
23.1,2025-03-19,46
23.1,2025-03-20,37
23.1,2025-03-21,46
23.1,2025-03-22,45
23.1,2025-03-23,43
23.1,2025-03-24,46
23.1,2025-03-25,43
23.1,2025-03-26,48
23.1,2025-03-27,28
23.1,2025-03-28,44
23.1,2025-03-29,43
23.1,2025-03-30,29
23.1,2025-03-31,45
23.1,2025-04-01,46
23.1,2025-04-02,46
23.1,2025-04-03,41
23.1,2025-04-04,48
23.1,2025-04-05,36
23.1,2025-04-06,28
23.1,2025-04-07,48
23.1,2025-04-08,44
23.1,2025-04-09,43
23.1,2025-04-10,36
23.1,2025-04-11,44
23.1,2025-04-12,41
23.1,2025-04-13,47
23.1,2025-04-14,47
23.1,2025-04-15,46
23.1,2025-04-16,46
23.1,2025-04-17,48
23.1,2025-04-18,45
23.1,2025-04-19,46
23.1,2025-04-20,48
23.1,2025-04-21,45
23.1,2025-04-22,44
23.1,2025-04-23,47
23.1,2025-04-24,48
23.1,2025-04-25,45
23.1,2025-04-26,17
23.1,2025-04-27,46
23.1,2025-04-28,46
23.1,2025-04-29,47
23.1,2025-04-30,46
23.1,2025-05-01,48
23.1,2025-05-02,46
23.1,2025-05-03,43
23.1,2025-05-04,46
23.1,2025-05-05,28
23.1,2025-05-06,45
23.1,2025-05-07,44
23.1,2025-05-08,43
23.1,2025-05-09,47
23.1,2025-05-10,48
23.1,2025-05-11,44
23.1,2025-05-12,46
23.1,2025-05-13,48
23.1,2025-05-14,45
23.1,2025-05-15,46
23.1,2025-05-16,45
23.1,2025-05-17,48
23.1,2025-05-18,47
23.1,2025-05-19,42
23.1,2025-05-20,48
23.1,2025-05-21,42
23.1,2025-05-22,45
23.1,2025-05-23,45
23.1,2025-05-24,48
23.1,2025-05-25,45
23.1,2025-05-26,48
23.1,2025-05-27,40
23.1,2025-05-28,44
23.1,2025-05-29,45
23.1,2025-05-30,45
23.1,2025-05-31,46
23.1,2025-06-01,48
23.1,2025-06-02,46
23.1,2025-06-03,46
23.1,2025-06-04,47
23.1,2025-06-05,48
23.1,2025-06-06,48
23.1,2025-06-07,46
23.1,2025-06-08,45
23.1,2025-06-09,47
23.1,2025-06-10,46
23.1,2025-06-11,47
23.1,2025-06-12,47
23.1,2025-06-13,47
23.1,2025-06-14,46
23.1,2025-06-15,48
23.1,2025-06-16,47
23.1,2025-06-17,48
23.1,2025-06-18,46
23.1,2025-06-19,47
23.1,2025-06-20,47
23.1,2025-06-21,46
23.1,2025-06-22,45
23.1,2025-06-23,46
23.1,2025-06-24,48
23.1,2025-06-25,38
23.1,2025-06-26,48
23.1,2025-06-27,43
23.1,2025-06-28,46
23.1,2025-06-29,47
23.1,2025-06-30,48
23.1,2025-07-01,48
23.1,2025-07-02,48
23.1,2025-07-03,47
23.1,2025-07-04,48
23.1,2025-07-05,46
23.1,2025-07-06,44
23.1,2025-07-07,47
23.1,2025-07-08,48
23.1,2025-07-09,48
23.1,2025-07-10,48
23.1,2025-07-11,47
23.1,2025-07-12,46
23.1,2025-07-13,47
23.1,2025-07-14,0
23.1,2025-07-15,0
23.1,2025-07-16,0
23.1,2025-07-17,0
23.1,2025-07-18,0
23.1,2025-07-19,46
23.1,2025-07-20,47
23.1,2025-07-21,44
23.1,2025-07-22,45
23.1,2025-07-23,47
23.1,2025-07-24,48
23.1,2025-07-25,46
23.1,2025-07-26,47
23.1,2025-07-27,46
23.1,2025-07-28,48
23.1,2025-07-29,48
23.1,2025-07-30,48
23.1,2025-07-31,42
23.1,2025-08-01,43
23.1,2025-08-02,48
23.1,2025-08-03,48
23.1,2025-08-04,47
23.1,2025-08-05,47
23.1,2025-08-06,45
23.1,2025-08-07,46
23.1,2025-08-08,48
23.1,2025-08-09,46
23.1,2025-08-10,46
23.1,2025-08-11,47
23.1,2025-08-12,47
23.1,2025-08-13,47
23.1,2025-08-14,45
23.1,2025-08-15,47
23.1,2025-08-16,47
23.1,2025-08-17,48
23.1,2025-08-18,45
23.1,2025-08-19,47
23.1,2025-08-20,47
23.1,2025-08-21,48
23.1,2025-08-22,47
23.1,2025-08-23,47
23.1,2025-08-24,47
23.1,2025-08-25,48
23.1,2025-08-26,45
23.1,2025-08-27,48
23.1,2025-08-28,48
23.1,2025-08-29,46
23.1,2025-08-30,47
23.1,2025-08-31,46
23.1,2025-09-01,48
23.1,2025-09-02,47
23.1,2025-09-03,47
23.1,2025-09-04,48
23.1,2025-09-05,46
23.1,2025-09-06,48
23.1,2025-09-07,48
23.1,2025-09-08,48
23.1,2025-09-09,48
23.1,2025-09-10,48
23.1,2025-09-11,47
23.1,2025-09-12,47
23.1,2025-09-13,47
23.1,2025-09-14,48
23.1,2025-09-15,47
23.1,2025-09-16,46
23.1,2025-09-17,48
23.1,2025-09-18,47
23.1,2025-09-19,48
23.1,2025-09-20,46
23.1,2025-09-21,45
23.1,2025-09-22,48
23.1,2025-09-23,48
23.1,2025-09-24,46
23.1,2025-09-25,47
23.1,2025-09-26,48
23.1,2025-09-27,48
23.1,2025-09-28,46
23.1,2025-09-29,46
23.1,2025-09-30,47
23.1,2025-10-01,44
23.1,2025-10-02,48
23.1,2025-10-03,47
23.1,2025-10-04,48
23.1,2025-10-05,47
23.1,2025-10-06,45
23.1,2025-10-07,48
23.1,2025-10-08,43
23.1,2025-10-09,45
23.1,2025-10-10,46
23.1,2025-10-11,48
23.1,2025-10-12,46
23.1,2025-10-13,47
23.1,2025-10-14,48
23.1,2025-10-15,46
23.1,2025-10-16,46
23.1,2025-10-17,48
23.1,2025-10-18,47
23.1,2025-10-19,48
23.1,2025-10-20,40
23.1,2025-10-21,46
23.1,2025-10-22,45
23.1,2025-10-23,47
23.1,2025-10-24,48
23.1,2025-10-25,46
23.1,2025-10-26,44
23.1,2025-10-27,44
23.1,2025-10-28,46
23.1,2025-10-29,48
23.1,2025-10-30,46
23.1,2025-10-31,27
23.1,2025-11-01,4
23.1,2025-11-02,0
23.1,2025-11-03,0
23.1,2025-11-04,2
23.1,2025-11-05,12
23.1,2025-11-06,18
23.1,2025-11-07,10
23.1,2025-11-08,13
23.1,2025-11-09,13
23.1,2025-11-10,18
23.1,2025-11-11,24
23.1,2025-11-12,22
23.1,2025-11-13,21
23.1,2025-11-14,16
23.1,2025-11-15,17
23.1,2025-11-16,21
23.1,2025-11-17,27
23.1,2025-11-18,27
23.1,2025-11-19,20
23.1,2025-11-20,23
23.1,2025-11-21,22
23.1,2025-11-22,32
23.1,2025-11-23,30
23.1,2025-11-24,20
23.1,2025-11-25,19
23.1,2025-11-26,6
23.1,2025-11-27,14
23.1,2025-11-28,24
23.1,2025-11-29,21
23.1,2025-11-30,16
23.1,2025-12-01,16
23.1,2025-12-02,14
23.1,2025-12-03,10
23.1,2025-12-04,23
23.1,2025-12-05,18
23.1,2025-12-06,24
23.1,2025-12-07,19
23.1,2025-12-08,25
23.1,2025-12-09,31
23.1,2025-12-10,19
23.1,2025-12-11,14
23.1,2025-12-12,17
23.1,2025-12-13,23
23.1,2025-12-14,24
23.1,2025-12-15,27
23.1,2025-12-16,24
23.1,2025-12-17,24
23.1,2025-12-18,12
23.1,2025-12-19,0
23.1,2025-12-20,20
23.1,2025-12-21,22
23.1,2025-12-22,28
23.1,2025-12-23,7
23.1,2025-12-24,21
23.1,2025-12-25,43
23.1,2025-12-26,41
23.1,2025-12-27,40
23.1,2025-12-28,43
23.1,2025-12-29,42
23.1,2025-12-30,46
23.1,2025-12-31,47
24.1_1.2,2024-11-01,0
24.1_1.2,2024-11-02,0
24.1_1.2,2024-11-03,0
24.1_1.2,2024-11-04,0
24.1_1.2,2024-11-05,0
24.1_1.2,2024-11-06,0
24.1_1.2,2024-11-07,0
24.1_1.2,2024-11-08,13
24.1_1.2,2024-11-09,46
24.1_1.2,2024-11-10,46
24.1_1.2,2024-11-11,43
24.1_1.2,2024-11-12,43
24.1_1.2,2024-11-13,45
24.1_1.2,2024-11-14,45
24.1_1.2,2024-11-15,48
24.1_1.2,2024-11-16,45
24.1_1.2,2024-11-17,42
24.1_1.2,2024-11-18,46
24.1_1.2,2024-11-19,46
24.1_1.2,2024-11-20,47
24.1_1.2,2024-11-21,46
24.1_1.2,2024-11-22,45
24.1_1.2,2024-11-23,47
24.1_1.2,2024-11-24,47
24.1_1.2,2024-11-25,45
24.1_1.2,2024-11-26,41
24.1_1.2,2024-11-27,43
24.1_1.2,2024-11-28,44
24.1_1.2,2024-11-29,46
24.1_1.2,2024-11-30,46
24.1_1.2,2024-12-01,47
24.1_1.2,2024-12-02,46
24.1_1.2,2024-12-03,45
24.1_1.2,2024-12-04,45
24.1_1.2,2024-12-05,47
24.1_1.2,2024-12-06,45
24.1_1.2,2024-12-07,47
24.1_1.2,2024-12-08,45
24.1_1.2,2024-12-09,48
24.1_1.2,2024-12-10,45
24.1_1.2,2024-12-11,44
24.1_1.2,2024-12-12,42
24.1_1.2,2024-12-13,44
24.1_1.2,2024-12-14,48
24.1_1.2,2024-12-15,25
24.1_1.2,2024-12-16,34
24.1_1.2,2024-12-17,40
24.1_1.2,2024-12-18,46
24.1_1.2,2024-12-19,42
24.1_1.2,2024-12-20,46
24.1_1.2,2024-12-21,44
24.1_1.2,2024-12-22,45
24.1_1.2,2024-12-23,42
24.1_1.2,2024-12-24,42
24.1_1.2,2024-12-25,48
24.1_1.2,2024-12-26,46
24.1_1.2,2024-12-27,48
24.1_1.2,2024-12-28,42
24.1_1.2,2024-12-29,20
24.1_1.2,2024-12-30,40
24.1_1.2,2024-12-31,36
24.1_1.2,2025-01-01,36
24.1_1.2,2025-01-02,44
24.1_1.2,2025-01-03,45
24.1_1.2,2025-01-04,48
24.1_1.2,2025-01-05,47
24.1_1.2,2025-01-06,47
24.1_1.2,2025-01-07,44
24.1_1.2,2025-01-08,47
24.1_1.2,2025-01-09,46
24.1_1.2,2025-01-10,46
24.1_1.2,2025-01-11,47
24.1_1.2,2025-01-12,44
24.1_1.2,2025-01-13,45
24.1_1.2,2025-01-14,44
24.1_1.2,2025-01-15,46
24.1_1.2,2025-01-16,40
24.1_1.2,2025-01-17,45
24.1_1.2,2025-01-18,48
24.1_1.2,2025-01-19,48
24.1_1.2,2025-01-20,44
24.1_1.2,2025-01-21,44
24.1_1.2,2025-01-22,42
24.1_1.2,2025-01-23,42
24.1_1.2,2025-01-24,43
24.1_1.2,2025-01-25,48
24.1_1.2,2025-01-26,47
24.1_1.2,2025-01-27,44
24.1_1.2,2025-01-28,43
24.1_1.2,2025-01-29,46
24.1_1.2,2025-01-30,47
24.1_1.2,2025-01-31,35
24.1_1.2,2025-02-01,41
24.1_1.2,2025-02-02,40
24.1_1.2,2025-02-03,19
24.1_1.2,2025-02-04,39
24.1_1.2,2025-02-05,47
24.1_1.2,2025-02-06,40
24.1_1.2,2025-02-07,46
24.1_1.2,2025-02-08,47
24.1_1.2,2025-02-09,28
24.1_1.2,2025-02-10,48
24.1_1.2,2025-02-11,44
24.1_1.2,2025-02-12,47
24.1_1.2,2025-02-13,33
24.1_1.2,2025-02-14,48
24.1_1.2,2025-02-15,29
24.1_1.2,2025-02-16,0
24.1_1.2,2025-02-17,26
24.1_1.2,2025-02-18,42
24.1_1.2,2025-02-19,47
24.1_1.2,2025-02-20,47
24.1_1.2,2025-02-21,45
24.1_1.2,2025-02-22,47
24.1_1.2,2025-02-23,47
24.1_1.2,2025-02-24,46
24.1_1.2,2025-02-25,44
24.1_1.2,2025-02-26,46
24.1_1.2,2025-02-27,16
24.1_1.2,2025-02-28,25
24.1_1.2,2025-03-01,47
24.1_1.2,2025-03-02,42
24.1_1.2,2025-03-03,44
24.1_1.2,2025-03-04,48
24.1_1.2,2025-03-05,42
24.1_1.2,2025-03-06,45
24.1_1.2,2025-03-07,47
24.1_1.2,2025-03-08,38
24.1_1.2,2025-03-09,48
24.1_1.2,2025-03-10,47
24.1_1.2,2025-03-11,47
24.1_1.2,2025-03-12,48
24.1_1.2,2025-03-13,44
24.1_1.2,2025-03-14,44
24.1_1.2,2025-03-15,43
24.1_1.2,2025-03-16,30
24.1_1.2,2025-03-17,47
24.1_1.2,2025-03-18,46
24.1_1.2,2025-03-19,46
24.1_1.2,2025-03-20,41
24.1_1.2,2025-03-21,48
24.1_1.2,2025-03-22,48
24.1_1.2,2025-03-23,48
24.1_1.2,2025-03-24,47
24.1_1.2,2025-03-25,47
24.1_1.2,2025-03-26,47
24.1_1.2,2025-03-27,45
24.1_1.2,2025-03-28,46
24.1_1.2,2025-03-29,48
24.1_1.2,2025-03-30,34
24.1_1.2,2025-03-31,37
24.1_1.2,2025-04-01,47
24.1_1.2,2025-04-02,46
24.1_1.2,2025-04-03,42
24.1_1.2,2025-04-04,48
24.1_1.2,2025-04-05,35
24.1_1.2,2025-04-06,47
24.1_1.2,2025-04-07,47
24.1_1.2,2025-04-08,44
24.1_1.2,2025-04-09,48
24.1_1.2,2025-04-10,47
24.1_1.2,2025-04-11,48
24.1_1.2,2025-04-12,40
24.1_1.2,2025-04-13,47
24.1_1.2,2025-04-14,46
24.1_1.2,2025-04-15,46
24.1_1.2,2025-04-16,46
24.1_1.2,2025-04-17,47
24.1_1.2,2025-04-18,47
24.1_1.2,2025-04-19,46
24.1_1.2,2025-04-20,47
24.1_1.2,2025-04-21,46
24.1_1.2,2025-04-22,48
24.1_1.2,2025-04-23,46
24.1_1.2,2025-04-24,46
24.1_1.2,2025-04-25,48
24.1_1.2,2025-04-26,44
24.1_1.2,2025-04-27,47
24.1_1.2,2025-04-28,47
24.1_1.2,2025-04-29,47
24.1_1.2,2025-04-30,47
24.1_1.2,2025-05-01,45
24.1_1.2,2025-05-02,46
24.1_1.2,2025-05-03,46
24.1_1.2,2025-05-04,26
24.1_1.2,2025-05-05,3
24.1_1.2,2025-05-06,42
24.1_1.2,2025-05-07,48
24.1_1.2,2025-05-08,48
24.1_1.2,2025-05-09,46
24.1_1.2,2025-05-10,48
24.1_1.2,2025-05-11,48
24.1_1.2,2025-05-12,47
24.1_1.2,2025-05-13,45
24.1_1.2,2025-05-14,44
24.1_1.2,2025-05-15,48
24.1_1.2,2025-05-16,47
24.1_1.2,2025-05-17,46
24.1_1.2,2025-05-18,45
24.1_1.2,2025-05-19,45
24.1_1.2,2025-05-20,47
24.1_1.2,2025-05-21,45
24.1_1.2,2025-05-22,33
24.1_1.2,2025-05-23,41
24.1_1.2,2025-05-24,45
24.1_1.2,2025-05-25,47
24.1_1.2,2025-05-26,47
24.1_1.2,2025-05-27,48
24.1_1.2,2025-05-28,41
24.1_1.2,2025-05-29,45
24.1_1.2,2025-05-30,48
24.1_1.2,2025-05-31,45
24.1_1.2,2025-06-01,40
24.1_1.2,2025-06-02,46
24.1_1.2,2025-06-03,45
24.1_1.2,2025-06-04,44
24.1_1.2,2025-06-05,45
24.1_1.2,2025-06-06,48
24.1_1.2,2025-06-07,45
24.1_1.2,2025-06-08,45
24.1_1.2,2025-06-09,47
24.1_1.2,2025-06-10,46
24.1_1.2,2025-06-11,45
24.1_1.2,2025-06-12,47
24.1_1.2,2025-06-13,45
24.1_1.2,2025-06-14,38
24.1_1.2,2025-06-15,39
24.1_1.2,2025-06-16,48
24.1_1.2,2025-06-17,48
24.1_1.2,2025-06-18,48
24.1_1.2,2025-06-19,33
24.1_1.2,2025-06-20,46
24.1_1.2,2025-06-21,48
24.1_1.2,2025-06-22,48
24.1_1.2,2025-06-23,48
24.1_1.2,2025-06-24,46
24.1_1.2,2025-06-25,47
24.1_1.2,2025-06-26,45
24.1_1.2,2025-06-27,48
24.1_1.2,2025-06-28,47
24.1_1.2,2025-06-29,48
24.1_1.2,2025-06-30,47
24.1_1.2,2025-07-01,47
24.1_1.2,2025-07-02,48
24.1_1.2,2025-07-03,48
24.1_1.2,2025-07-04,47
24.1_1.2,2025-07-05,43
24.1_1.2,2025-07-06,48
24.1_1.2,2025-07-07,46
24.1_1.2,2025-07-08,47
24.1_1.2,2025-07-09,45
24.1_1.2,2025-07-10,47
24.1_1.2,2025-07-11,47
24.1_1.2,2025-07-12,48
24.1_1.2,2025-07-13,48
24.1_1.2,2025-07-14,48
24.1_1.2,2025-07-15,44
24.1_1.2,2025-07-16,46
24.1_1.2,2025-07-17,47
24.1_1.2,2025-07-18,47
24.1_1.2,2025-07-19,48
24.1_1.2,2025-07-20,43
24.1_1.2,2025-07-21,46
24.1_1.2,2025-07-22,46
24.1_1.2,2025-07-23,45
24.1_1.2,2025-07-24,47
24.1_1.2,2025-07-25,46
24.1_1.2,2025-07-26,45
24.1_1.2,2025-07-27,48
24.1_1.2,2025-07-28,46
24.1_1.2,2025-07-29,44
24.1_1.2,2025-07-30,25
24.1_1.2,2025-07-31,35
24.1_1.2,2025-08-01,45
24.1_1.2,2025-08-02,48
24.1_1.2,2025-08-03,46
24.1_1.2,2025-08-04,47
24.1_1.2,2025-08-05,48
24.1_1.2,2025-08-06,45
24.1_1.2,2025-08-07,43
24.1_1.2,2025-08-08,43
24.1_1.2,2025-08-09,45
24.1_1.2,2025-08-10,45
24.1_1.2,2025-08-11,41
24.1_1.2,2025-08-12,47
24.1_1.2,2025-08-13,47
24.1_1.2,2025-08-14,48
24.1_1.2,2025-08-15,45
24.1_1.2,2025-08-16,45
24.1_1.2,2025-08-17,45
24.1_1.2,2025-08-18,48
24.1_1.2,2025-08-19,44
24.1_1.2,2025-08-20,25
24.1_1.2,2025-08-21,0
24.1_1.2,2025-08-22,0
24.1_1.2,2025-08-23,0
24.1_1.2,2025-08-24,0
24.1_1.2,2025-08-25,0
24.1_1.2,2025-08-26,0
24.1_1.2,2025-08-27,0
24.1_1.2,2025-08-28,0
24.1_1.2,2025-08-29,13
24.1_1.2,2025-08-30,46
24.1_1.2,2025-08-31,46
24.1_1.2,2025-09-01,46
24.1_1.2,2025-09-02,45
24.1_1.2,2025-09-03,40
24.1_1.2,2025-09-04,48
24.1_1.2,2025-09-05,47
24.1_1.2,2025-09-06,46
24.1_1.2,2025-09-07,48
24.1_1.2,2025-09-08,44
24.1_1.2,2025-09-09,48
24.1_1.2,2025-09-10,46
24.1_1.2,2025-09-11,47
24.1_1.2,2025-09-12,45
24.1_1.2,2025-09-13,46
24.1_1.2,2025-09-14,45
24.1_1.2,2025-09-15,46
24.1_1.2,2025-09-16,47
24.1_1.2,2025-09-17,48
24.1_1.2,2025-09-18,45
24.1_1.2,2025-09-19,47
24.1_1.2,2025-09-20,48
24.1_1.2,2025-09-21,45
24.1_1.2,2025-09-22,48
24.1_1.2,2025-09-23,10
24.1_1.2,2025-09-24,0
24.1_1.2,2025-09-25,0
24.1_1.2,2025-09-26,0
24.1_1.2,2025-09-27,0
24.1_1.2,2025-09-28,0
24.1_1.2,2025-09-29,0
24.1_1.2,2025-09-30,0
24.1_1.2,2025-10-01,0
24.1_1.2,2025-10-02,0
24.1_1.2,2025-10-03,0
24.1_1.2,2025-10-04,0
24.1_1.2,2025-10-05,0
24.1_1.2,2025-10-06,8
24.1_1.2,2025-10-07,24
24.1_1.2,2025-10-08,0
24.1_1.2,2025-10-09,0
24.1_1.2,2025-10-10,0
24.1_1.2,2025-10-11,0
24.1_1.2,2025-10-12,11
24.1_1.2,2025-10-13,19
24.1_1.2,2025-10-14,28
24.1_1.2,2025-10-15,0
24.1_1.2,2025-10-16,0
24.1_1.2,2025-10-17,0
24.1_1.2,2025-10-18,0
24.1_1.2,2025-10-19,0
24.1_1.2,2025-10-20,1
24.1_1.2,2025-10-21,0
24.1_1.2,2025-10-22,4
24.1_1.2,2025-10-23,12
24.1_1.2,2025-10-24,29
24.1_1.2,2025-10-25,44
24.1_1.2,2025-10-26,48
24.1_1.2,2025-10-27,47
24.1_1.2,2025-10-28,14
24.1_1.2,2025-10-29,0
24.1_1.2,2025-10-30,0
24.1_1.2,2025-10-31,0
24.1_1.2,2025-11-01,0
24.1_1.2,2025-11-02,0
24.1_1.2,2025-11-03,0
24.1_1.2,2025-11-04,0
24.1_1.2,2025-11-05,0
24.1_1.2,2025-11-06,0
24.1_1.2,2025-11-07,0
24.1_1.2,2025-11-08,0
24.1_1.2,2025-11-09,0
24.1_1.2,2025-11-10,0
24.1_1.2,2025-11-11,0
24.1_1.2,2025-11-12,0
24.1_1.2,2025-11-13,0
24.1_1.2,2025-11-14,0
24.1_1.2,2025-11-15,0
24.1_1.2,2025-11-16,0
24.1_1.2,2025-11-17,0
24.1_1.2,2025-11-18,0
24.1_1.2,2025-11-19,0
24.1_1.2,2025-11-20,0
24.1_1.2,2025-11-21,0
24.1_1.2,2025-11-22,0
24.1_1.2,2025-11-23,0
24.1_1.2,2025-11-24,0
24.1_1.2,2025-11-25,0
24.1_1.2,2025-11-26,0
24.1_1.2,2025-11-27,0
24.1_1.2,2025-11-28,0
24.1_1.2,2025-11-29,0
24.1_1.2,2025-11-30,0
24.1_1.2,2025-12-01,0
24.1_1.2,2025-12-02,0
24.1_1.2,2025-12-03,0
24.1_1.2,2025-12-04,0
24.1_1.2,2025-12-05,0
24.1_1.2,2025-12-06,0
24.1_1.2,2025-12-07,0
24.1_1.2,2025-12-08,0
24.1_1.2,2025-12-09,0
24.1_1.2,2025-12-10,0
24.1_1.2,2025-12-11,0
24.1_1.2,2025-12-12,0
24.1_1.2,2025-12-13,0
24.1_1.2,2025-12-14,0
24.1_1.2,2025-12-15,0
24.1_1.2,2025-12-16,0
24.1_1.2,2025-12-17,0
24.1_1.2,2025-12-18,0
24.1_1.2,2025-12-19,0
24.1_1.2,2025-12-20,0
24.1_1.2,2025-12-21,0
24.1_1.2,2025-12-22,0
24.1_1.2,2025-12-23,0
24.1_1.2,2025-12-24,0
24.1_1.2,2025-12-25,0
24.1_1.2,2025-12-26,0
24.1_1.2,2025-12-27,0
24.1_1.2,2025-12-28,0
24.1_1.2,2025-12-29,0
24.1_1.2,2025-12-30,0
24.1_1.2,2025-12-31,0
25.1,2024-11-01,0
25.1,2024-11-02,0
25.1,2024-11-03,0
25.1,2024-11-04,0
25.1,2024-11-05,0
25.1,2024-11-06,0
25.1,2024-11-07,3
25.1,2024-11-08,26
25.1,2024-11-09,22
25.1,2024-11-10,24
25.1,2024-11-11,24
25.1,2024-11-12,25
25.1,2024-11-13,19
25.1,2024-11-14,22
25.1,2024-11-15,14
25.1,2024-11-16,12
25.1,2024-11-17,26
25.1,2024-11-18,19
25.1,2024-11-19,17
25.1,2024-11-20,23
25.1,2024-11-21,24
25.1,2024-11-22,20
25.1,2024-11-23,15
25.1,2024-11-24,12
25.1,2024-11-25,30
25.1,2024-11-26,12
25.1,2024-11-27,22
25.1,2024-11-28,24
25.1,2024-11-29,25
25.1,2024-11-30,23
25.1,2024-12-01,32
25.1,2024-12-02,22
25.1,2024-12-03,28
25.1,2024-12-04,23
25.1,2024-12-05,28
25.1,2024-12-06,16
25.1,2024-12-07,22
25.1,2024-12-08,23
25.1,2024-12-09,22
25.1,2024-12-10,14
25.1,2024-12-11,25
25.1,2024-12-12,21
25.1,2024-12-13,21
25.1,2024-12-14,17
25.1,2024-12-15,17
25.1,2024-12-16,18
25.1,2024-12-17,16
25.1,2024-12-18,29
25.1,2024-12-19,28
25.1,2024-12-20,22
25.1,2024-12-21,21
25.1,2024-12-22,25
25.1,2024-12-23,17
25.1,2024-12-24,18
25.1,2024-12-25,16
25.1,2024-12-26,15
25.1,2024-12-27,21
25.1,2024-12-28,14
25.1,2024-12-29,26
25.1,2024-12-30,24
25.1,2024-12-31,23
25.1,2025-01-01,10
25.1,2025-01-02,25
25.1,2025-01-03,24
25.1,2025-01-04,38
25.1,2025-01-05,32
25.1,2025-01-06,28
25.1,2025-01-07,27
25.1,2025-01-08,27
25.1,2025-01-09,35
25.1,2025-01-10,27
25.1,2025-01-11,21
25.1,2025-01-12,15
25.1,2025-01-13,31
25.1,2025-01-14,43
25.1,2025-01-15,22
25.1,2025-01-16,24
25.1,2025-01-17,17
25.1,2025-01-18,18
25.1,2025-01-19,20
25.1,2025-01-20,32
25.1,2025-01-21,39
25.1,2025-01-22,41
25.1,2025-01-23,24
25.1,2025-01-24,38
25.1,2025-01-25,36
25.1,2025-01-26,27
25.1,2025-01-27,18
25.1,2025-01-28,24
25.1,2025-01-29,19
25.1,2025-01-30,17
25.1,2025-01-31,15
25.1,2025-02-01,18
25.1,2025-02-02,21
25.1,2025-02-03,12
25.1,2025-02-04,37
25.1,2025-02-05,27
25.1,2025-02-06,15
25.1,2025-02-07,26
25.1,2025-02-08,35
25.1,2025-02-09,16
25.1,2025-02-10,15
25.1,2025-02-11,21
25.1,2025-02-12,23
25.1,2025-02-13,8
25.1,2025-02-14,23
25.1,2025-02-15,26
25.1,2025-02-16,4
25.1,2025-02-17,18
25.1,2025-02-18,18
25.1,2025-02-19,22
25.1,2025-02-20,14
25.1,2025-02-21,19
25.1,2025-02-22,23
25.1,2025-02-23,37
25.1,2025-02-24,31
25.1,2025-02-25,13
25.1,2025-02-26,25
25.1,2025-02-27,0
25.1,2025-02-28,0
25.1,2025-03-01,0
25.1,2025-03-02,0
25.1,2025-03-03,0
25.1,2025-03-04,0
25.1,2025-03-05,0
25.1,2025-03-06,0
25.1,2025-03-07,0
25.1,2025-03-08,0
25.1,2025-03-09,0
25.1,2025-03-10,0
25.1,2025-03-11,0
25.1,2025-03-12,0
25.1,2025-03-13,0
25.1,2025-03-14,0
25.1,2025-03-15,0
25.1,2025-03-16,0
25.1,2025-03-17,0
25.1,2025-03-18,0
25.1,2025-03-19,0
25.1,2025-03-20,0
25.1,2025-03-21,0
25.1,2025-03-22,0
25.1,2025-03-23,0
25.1,2025-03-24,0
25.1,2025-03-25,0
25.1,2025-03-26,0
25.1,2025-03-27,0
25.1,2025-03-28,0
25.1,2025-03-29,0
25.1,2025-03-30,0
25.1,2025-03-31,0
25.1,2025-04-01,0
25.1,2025-04-02,0
25.1,2025-04-03,0
25.1,2025-04-04,0
25.1,2025-04-05,5
25.1,2025-04-06,11
25.1,2025-04-07,30
25.1,2025-04-08,29
25.1,2025-04-09,20
25.1,2025-04-10,21
25.1,2025-04-11,21
25.1,2025-04-12,25
25.1,2025-04-13,21
25.1,2025-04-14,29
25.1,2025-04-15,16
25.1,2025-04-16,23
25.1,2025-04-17,18
25.1,2025-04-18,32
25.1,2025-04-19,28
25.1,2025-04-20,11
25.1,2025-04-21,23
25.1,2025-04-22,22
25.1,2025-04-23,29
25.1,2025-04-24,37
25.1,2025-04-25,33
25.1,2025-04-26,23
25.1,2025-04-27,25
25.1,2025-04-28,32
25.1,2025-04-29,35
25.1,2025-04-30,27
25.1,2025-05-01,25
25.1,2025-05-02,25
25.1,2025-05-03,25
25.1,2025-05-04,19
25.1,2025-05-05,13
25.1,2025-05-06,33
25.1,2025-05-07,31
25.1,2025-05-08,16
25.1,2025-05-09,21
25.1,2025-05-10,23
25.1,2025-05-11,30
25.1,2025-05-12,30
25.1,2025-05-13,26
25.1,2025-05-14,30
25.1,2025-05-15,30
25.1,2025-05-16,36
25.1,2025-05-17,24
25.1,2025-05-18,6
25.1,2025-05-19,15
25.1,2025-05-20,13
25.1,2025-05-21,23
25.1,2025-05-22,10
25.1,2025-05-23,19
25.1,2025-05-24,14
25.1,2025-05-25,23
25.1,2025-05-26,25
25.1,2025-05-27,35
25.1,2025-05-28,22
25.1,2025-05-29,20
25.1,2025-05-30,28
25.1,2025-05-31,15
25.1,2025-06-01,26
25.1,2025-06-02,35
25.1,2025-06-03,36
25.1,2025-06-04,38
25.1,2025-06-05,38
25.1,2025-06-06,31
25.1,2025-06-07,30
25.1,2025-06-08,30
25.1,2025-06-09,24
25.1,2025-06-10,24
25.1,2025-06-11,25
25.1,2025-06-12,36
25.1,2025-06-13,27
25.1,2025-06-14,26
25.1,2025-06-15,31
25.1,2025-06-16,28
25.1,2025-06-17,35
25.1,2025-06-18,34
25.1,2025-06-19,31
25.1,2025-06-20,30
25.1,2025-06-21,38
25.1,2025-06-22,37
25.1,2025-06-23,35
25.1,2025-06-24,39
25.1,2025-06-25,38
25.1,2025-06-26,40
25.1,2025-06-27,41
25.1,2025-06-28,38
25.1,2025-06-29,42
25.1,2025-06-30,36
25.1,2025-07-01,36
25.1,2025-07-02,39
25.1,2025-07-03,34
25.1,2025-07-04,34
25.1,2025-07-05,39
25.1,2025-07-06,39
25.1,2025-07-07,31
25.1,2025-07-08,25
25.1,2025-07-09,32
25.1,2025-07-10,26
25.1,2025-07-11,33
25.1,2025-07-12,37
25.1,2025-07-13,27
25.1,2025-07-14,36
25.1,2025-07-15,36
25.1,2025-07-16,38
25.1,2025-07-17,29
25.1,2025-07-18,22
25.1,2025-07-19,32
25.1,2025-07-20,26
25.1,2025-07-21,22
25.1,2025-07-22,26
25.1,2025-07-23,29
25.1,2025-07-24,40
25.1,2025-07-25,37
25.1,2025-07-26,37
25.1,2025-07-27,35
25.1,2025-07-28,33
25.1,2025-07-29,33
25.1,2025-07-30,35
25.1,2025-07-31,25
25.1,2025-08-01,23
25.1,2025-08-02,26
25.1,2025-08-03,32
25.1,2025-08-04,35
25.1,2025-08-05,33
25.1,2025-08-06,32
25.1,2025-08-07,26
25.1,2025-08-08,27
25.1,2025-08-09,32
25.1,2025-08-10,35
25.1,2025-08-11,35
25.1,2025-08-12,23
25.1,2025-08-13,14
25.1,2025-08-14,20
25.1,2025-08-15,28
25.1,2025-08-16,38
25.1,2025-08-17,29
25.1,2025-08-18,15
25.1,2025-08-19,24
25.1,2025-08-20,21
25.1,2025-08-21,18
25.1,2025-08-22,24
25.1,2025-08-23,34
25.1,2025-08-24,25
25.1,2025-08-25,19
25.1,2025-08-26,32
25.1,2025-08-27,19
25.1,2025-08-28,18
25.1,2025-08-29,25
25.1,2025-08-30,30
25.1,2025-08-31,36
25.1,2025-09-01,27
25.1,2025-09-02,29
25.1,2025-09-03,33
25.1,2025-09-04,32
25.1,2025-09-05,28
25.1,2025-09-06,26
25.1,2025-09-07,33
25.1,2025-09-08,36
25.1,2025-09-09,33
25.1,2025-09-10,25
25.1,2025-09-11,29
25.1,2025-09-12,33
25.1,2025-09-13,31
25.1,2025-09-14,18
25.1,2025-09-15,27
25.1,2025-09-16,20
25.1,2025-09-17,35
25.1,2025-09-18,26
25.1,2025-09-19,40
25.1,2025-09-20,39
25.1,2025-09-21,27
25.1,2025-09-22,25
25.1,2025-09-23,23
25.1,2025-09-24,36
25.1,2025-09-25,20
25.1,2025-09-26,27
25.1,2025-09-27,32
25.1,2025-09-28,35
25.1,2025-09-29,35
25.1,2025-09-30,25
25.1,2025-10-01,23
25.1,2025-10-02,23
25.1,2025-10-03,31
25.1,2025-10-04,31
25.1,2025-10-05,41
25.1,2025-10-06,29
25.1,2025-10-07,28
25.1,2025-10-08,23
25.1,2025-10-09,27
25.1,2025-10-10,18
25.1,2025-10-11,16
25.1,2025-10-12,40
25.1,2025-10-13,32
25.1,2025-10-14,13
25.1,2025-10-15,22
25.1,2025-10-16,22
25.1,2025-10-17,25
25.1,2025-10-18,39
25.1,2025-10-19,34
25.1,2025-10-20,19
25.1,2025-10-21,32
25.1,2025-10-22,23
25.1,2025-10-23,22
25.1,2025-10-24,15
25.1,2025-10-25,20
25.1,2025-10-26,17
25.1,2025-10-27,18
25.1,2025-10-28,20
25.1,2025-10-29,25
25.1,2025-10-30,10
25.1,2025-10-31,15
25.1,2025-11-01,28
25.1,2025-11-02,38
25.1,2025-11-03,13
25.1,2025-11-04,25
25.1,2025-11-05,31
25.1,2025-11-06,23
25.1,2025-11-07,26
25.1,2025-11-08,15
25.1,2025-11-09,21
25.1,2025-11-10,27
25.1,2025-11-11,21
25.1,2025-11-12,18
25.1,2025-11-13,28
25.1,2025-11-14,25
25.1,2025-11-15,28
25.1,2025-11-16,24
25.1,2025-11-17,27
25.1,2025-11-18,29
25.1,2025-11-19,19
25.1,2025-11-20,17
25.1,2025-11-21,18
25.1,2025-11-22,20
25.1,2025-11-23,10
25.1,2025-11-24,23
25.1,2025-11-25,35
25.1,2025-11-26,26
25.1,2025-11-27,21
25.1,2025-11-28,36
25.1,2025-11-29,31
25.1,2025-11-30,22
25.1,2025-12-01,31
25.1,2025-12-02,30
25.1,2025-12-03,17
25.1,2025-12-04,23
25.1,2025-12-05,20
25.1,2025-12-06,34
25.1,2025-12-07,22
25.1,2025-12-08,42
25.1,2025-12-09,27
25.1,2025-12-10,19
25.1,2025-12-11,15
25.1,2025-12-12,19
25.1,2025-12-13,31
25.1,2025-12-14,19
25.1,2025-12-15,34
25.1,2025-12-16,20
25.1,2025-12-17,29
25.1,2025-12-18,21
25.1,2025-12-19,14
25.1,2025-12-20,36
25.1,2025-12-21,14
25.1,2025-12-22,18
25.1,2025-12-23,22
25.1,2025-12-24,15
25.1,2025-12-25,14
25.1,2025-12-26,16
25.1,2025-12-27,16
25.1,2025-12-28,10
25.1,2025-12-29,14
25.1,2025-12-30,26
25.1,2025-12-31,28
27.1,2024-11-01,0
27.1,2024-11-02,0
27.1,2024-11-03,0
27.1,2024-11-04,0
27.1,2024-11-05,0
27.1,2024-11-06,0
27.1,2024-11-07,0
27.1,2024-11-08,8
27.1,2024-11-09,35
27.1,2024-11-10,31
27.1,2024-11-11,28
27.1,2024-11-12,30
27.1,2024-11-13,34
27.1,2024-11-14,30
27.1,2024-11-15,25
27.1,2024-11-16,23
27.1,2024-11-17,27
27.1,2024-11-18,32
27.1,2024-11-19,38
27.1,2024-11-20,32
27.1,2024-11-21,35
27.1,2024-11-22,35
27.1,2024-11-23,26
27.1,2024-11-24,39
27.1,2024-11-25,36
27.1,2024-11-26,11
27.1,2024-11-27,28
27.1,2024-11-28,33
27.1,2024-11-29,39
27.1,2024-11-30,34
27.1,2024-12-01,42
27.1,2024-12-02,33
27.1,2024-12-03,38
27.1,2024-12-04,41
27.1,2024-12-05,41
27.1,2024-12-06,36
27.1,2024-12-07,36
27.1,2024-12-08,37
27.1,2024-12-09,17
27.1,2024-12-10,7
27.1,2024-12-11,10
27.1,2024-12-12,32
27.1,2024-12-13,38
27.1,2024-12-14,34
27.1,2024-12-15,18
27.1,2024-12-16,5
27.1,2024-12-17,16
27.1,2024-12-18,37
27.1,2024-12-19,34
27.1,2024-12-20,37
27.1,2024-12-21,32
27.1,2024-12-22,39
27.1,2024-12-23,31
27.1,2024-12-24,20
27.1,2024-12-25,22
27.1,2024-12-26,34
27.1,2024-12-27,34
27.1,2024-12-28,33
27.1,2024-12-29,17
27.1,2024-12-30,2
27.1,2024-12-31,2
27.1,2025-01-01,6
27.1,2025-01-02,33
27.1,2025-01-03,34
27.1,2025-01-04,42
27.1,2025-01-05,42
27.1,2025-01-06,40
27.1,2025-01-07,41
27.1,2025-01-08,39
27.1,2025-01-09,31
27.1,2025-01-10,36
27.1,2025-01-11,28
27.1,2025-01-12,28
27.1,2025-01-13,30
27.1,2025-01-14,44
27.1,2025-01-15,29
27.1,2025-01-16,25
27.1,2025-01-17,18
27.1,2025-01-18,1
27.1,2025-01-19,32
27.1,2025-01-20,27
27.1,2025-01-21,39
27.1,2025-01-22,43
27.1,2025-01-23,33
27.1,2025-01-24,36
27.1,2025-01-25,36
27.1,2025-01-26,37
27.1,2025-01-27,32
27.1,2025-01-28,39
27.1,2025-01-29,32
27.1,2025-01-30,41
27.1,2025-01-31,12
27.1,2025-02-01,24
27.1,2025-02-02,36
27.1,2025-02-03,30
27.1,2025-02-04,34
27.1,2025-02-05,38
27.1,2025-02-06,35
27.1,2025-02-07,35
27.1,2025-02-08,37
27.1,2025-02-09,30
27.1,2025-02-10,14
27.1,2025-02-11,21
27.1,2025-02-12,19
27.1,2025-02-13,15
27.1,2025-02-14,32
27.1,2025-02-15,25
27.1,2025-02-16,7
27.1,2025-02-17,42
27.1,2025-02-18,38
27.1,2025-02-19,38
27.1,2025-02-20,30
27.1,2025-02-21,33
27.1,2025-02-22,39
27.1,2025-02-23,38
27.1,2025-02-24,38
27.1,2025-02-25,13
27.1,2025-02-26,21
27.1,2025-02-27,5
27.1,2025-02-28,0
27.1,2025-03-01,0
27.1,2025-03-02,0
27.1,2025-03-03,0
27.1,2025-03-04,0
27.1,2025-03-05,0
27.1,2025-03-06,0
27.1,2025-03-07,0
27.1,2025-03-08,0
27.1,2025-03-09,0
27.1,2025-03-10,0
27.1,2025-03-11,0
27.1,2025-03-12,0
27.1,2025-03-13,0
27.1,2025-03-14,0
27.1,2025-03-15,0
27.1,2025-03-16,0
27.1,2025-03-17,0
27.1,2025-03-18,0
27.1,2025-03-19,0
27.1,2025-03-20,0
27.1,2025-03-21,0
27.1,2025-03-22,0
27.1,2025-03-23,0
27.1,2025-03-24,0
27.1,2025-03-25,0
27.1,2025-03-26,0
27.1,2025-03-27,0
27.1,2025-03-28,0
27.1,2025-03-29,0
27.1,2025-03-30,0
27.1,2025-03-31,0
27.1,2025-04-01,18
27.1,2025-04-02,22
27.1,2025-04-03,14
27.1,2025-04-04,28
27.1,2025-04-05,10
27.1,2025-04-06,15
27.1,2025-04-07,18
27.1,2025-04-08,23
27.1,2025-04-09,23
27.1,2025-04-10,2
27.1,2025-04-11,26
27.1,2025-04-12,23
27.1,2025-04-13,34
27.1,2025-04-14,34
27.1,2025-04-15,20
27.1,2025-04-16,23
27.1,2025-04-17,33
27.1,2025-04-18,32
27.1,2025-04-19,28
27.1,2025-04-20,0
27.1,2025-04-21,28
27.1,2025-04-22,24
27.1,2025-04-23,36
27.1,2025-04-24,37
27.1,2025-04-25,31
27.1,2025-04-26,0
27.1,2025-04-27,0
27.1,2025-04-28,17
27.1,2025-04-29,37
27.1,2025-04-30,30
27.1,2025-05-01,35
27.1,2025-05-02,32
27.1,2025-05-03,18
27.1,2025-05-04,15
27.1,2025-05-05,0
27.1,2025-05-06,13
27.1,2025-05-07,32
27.1,2025-05-08,24
27.1,2025-05-09,34
27.1,2025-05-10,38
27.1,2025-05-11,35
27.1,2025-05-12,27
27.1,2025-05-13,38
27.1,2025-05-14,35
27.1,2025-05-15,35
27.1,2025-05-16,38
27.1,2025-05-17,32
27.1,2025-05-18,35
27.1,2025-05-19,30
27.1,2025-05-20,37
27.1,2025-05-21,29
27.1,2025-05-22,13
27.1,2025-05-23,0
27.1,2025-05-24,0
27.1,2025-05-25,7
27.1,2025-05-26,0
27.1,2025-05-27,25
27.1,2025-05-28,31
27.1,2025-05-29,34
27.1,2025-05-30,26
27.1,2025-05-31,31
27.1,2025-06-01,28
27.1,2025-06-02,39
27.1,2025-06-03,36
27.1,2025-06-04,36
27.1,2025-06-05,42
27.1,2025-06-06,35
27.1,2025-06-07,34
27.1,2025-06-08,38
27.1,2025-06-09,32
27.1,2025-06-10,31
27.1,2025-06-11,38
27.1,2025-06-12,38
27.1,2025-06-13,35
27.1,2025-06-14,13
27.1,2025-06-15,5
27.1,2025-06-16,0
27.1,2025-06-17,6
27.1,2025-06-18,0
27.1,2025-06-19,47
27.1,2025-06-20,42
27.1,2025-06-21,28
27.1,2025-06-22,48
27.1,2025-06-23,47
27.1,2025-06-24,47
27.1,2025-06-25,46
27.1,2025-06-26,44
27.1,2025-06-27,46
27.1,2025-06-28,47
27.1,2025-06-29,47
27.1,2025-06-30,45
27.1,2025-07-01,0
27.1,2025-07-02,0
27.1,2025-07-03,0
27.1,2025-07-04,0
27.1,2025-07-05,0
27.1,2025-07-06,0
27.1,2025-07-07,0
27.1,2025-07-08,0
27.1,2025-07-09,0
27.1,2025-07-10,0
27.1,2025-07-11,0
27.1,2025-07-12,0
27.1,2025-07-13,0
27.1,2025-07-14,0
27.1,2025-07-15,0
27.1,2025-07-16,0
27.1,2025-07-17,0
27.1,2025-07-18,0
27.1,2025-07-19,0
27.1,2025-07-20,0
27.1,2025-07-21,0
27.1,2025-07-22,0
27.1,2025-07-23,0
27.1,2025-07-24,0
27.1,2025-07-25,0
27.1,2025-07-26,0
27.1,2025-07-27,0
27.1,2025-07-28,0
27.1,2025-07-29,0
27.1,2025-07-30,0
27.1,2025-07-31,0
27.1,2025-08-01,0
27.1,2025-08-02,0
27.1,2025-08-03,0
27.1,2025-08-04,0
27.1,2025-08-05,0
27.1,2025-08-06,0
27.1,2025-08-07,0
27.1,2025-08-08,0
27.1,2025-08-09,0
27.1,2025-08-10,0
27.1,2025-08-11,0
27.1,2025-08-12,0
27.1,2025-08-13,0
27.1,2025-08-14,0
27.1,2025-08-15,0
27.1,2025-08-16,0
27.1,2025-08-17,0
27.1,2025-08-18,0
27.1,2025-08-19,0
27.1,2025-08-20,0
27.1,2025-08-21,0
27.1,2025-08-22,0
27.1,2025-08-23,0
27.1,2025-08-24,0
27.1,2025-08-25,0
27.1,2025-08-26,0
27.1,2025-08-27,0
27.1,2025-08-28,0
27.1,2025-08-29,0
27.1,2025-08-30,0
27.1,2025-08-31,0
27.1,2025-09-01,0
27.1,2025-09-02,0
27.1,2025-09-03,0
27.1,2025-09-04,0
27.1,2025-09-05,0
27.1,2025-09-06,0
27.1,2025-09-07,0
27.1,2025-09-08,0
27.1,2025-09-09,0
27.1,2025-09-10,0
27.1,2025-09-11,0
27.1,2025-09-12,0
27.1,2025-09-13,0
27.1,2025-09-14,0
27.1,2025-09-15,0
27.1,2025-09-16,0
27.1,2025-09-17,0
27.1,2025-09-18,0
27.1,2025-09-19,0
27.1,2025-09-20,0
27.1,2025-09-21,0
27.1,2025-09-22,0
27.1,2025-09-23,0
27.1,2025-09-24,0
27.1,2025-09-25,0
27.1,2025-09-26,0
27.1,2025-09-27,0
27.1,2025-09-28,0
27.1,2025-09-29,0
27.1,2025-09-30,0
27.1,2025-10-01,0
27.1,2025-10-02,0
27.1,2025-10-03,0
27.1,2025-10-04,0
27.1,2025-10-05,0
27.1,2025-10-06,0
27.1,2025-10-07,0
27.1,2025-10-08,0
27.1,2025-10-09,0
27.1,2025-10-10,0
27.1,2025-10-11,0
27.1,2025-10-12,0
27.1,2025-10-13,0
27.1,2025-10-14,0
27.1,2025-10-15,0
27.1,2025-10-16,0
27.1,2025-10-17,0
27.1,2025-10-18,0
27.1,2025-10-19,0
27.1,2025-10-20,0
27.1,2025-10-21,0
27.1,2025-10-22,0
27.1,2025-10-23,0
27.1,2025-10-24,0
27.1,2025-10-25,0
27.1,2025-10-26,0
27.1,2025-10-27,0
27.1,2025-10-28,0
27.1,2025-10-29,0
27.1,2025-10-30,0
27.1,2025-10-31,0
27.1,2025-11-01,0
27.1,2025-11-02,0
27.1,2025-11-03,0
27.1,2025-11-04,0
27.1,2025-11-05,0
27.1,2025-11-06,0
27.1,2025-11-07,0
27.1,2025-11-08,0
27.1,2025-11-09,0
27.1,2025-11-10,0
27.1,2025-11-11,0
27.1,2025-11-12,0
27.1,2025-11-13,0
27.1,2025-11-14,0
27.1,2025-11-15,0
27.1,2025-11-16,0
27.1,2025-11-17,0
27.1,2025-11-18,0
27.1,2025-11-19,0
27.1,2025-11-20,0
27.1,2025-11-21,0
27.1,2025-11-22,0
27.1,2025-11-23,0
27.1,2025-11-24,0
27.1,2025-11-25,0
27.1,2025-11-26,0
27.1,2025-11-27,0
27.1,2025-11-28,0
27.1,2025-11-29,0
27.1,2025-11-30,0
27.1,2025-12-01,0
27.1,2025-12-02,0
27.1,2025-12-03,0
27.1,2025-12-04,0
27.1,2025-12-05,0
27.1,2025-12-06,0
27.1,2025-12-07,0
27.1,2025-12-08,0
27.1,2025-12-09,0
27.1,2025-12-10,0
27.1,2025-12-11,0
27.1,2025-12-12,0
27.1,2025-12-13,0
27.1,2025-12-14,0
27.1,2025-12-15,0
27.1,2025-12-16,0
27.1,2025-12-17,0
27.1,2025-12-18,0
27.1,2025-12-19,0
27.1,2025-12-20,0
27.1,2025-12-21,0
27.1,2025-12-22,0
27.1,2025-12-23,0
27.1,2025-12-24,0
27.1,2025-12-25,0
27.1,2025-12-26,0
27.1,2025-12-27,0
27.1,2025-12-28,0
27.1,2025-12-29,0
27.1,2025-12-30,0
27.1,2025-12-31,0
27.2,2024-11-01,0
27.2,2024-11-02,0
27.2,2024-11-03,0
27.2,2024-11-04,0
27.2,2024-11-05,0
27.2,2024-11-06,0
27.2,2024-11-07,0
27.2,2024-11-08,0
27.2,2024-11-09,0
27.2,2024-11-10,0
27.2,2024-11-11,0
27.2,2024-11-12,0
27.2,2024-11-13,0
27.2,2024-11-14,0
27.2,2024-11-15,0
27.2,2024-11-16,0
27.2,2024-11-17,0
27.2,2024-11-18,0
27.2,2024-11-19,0
27.2,2024-11-20,0
27.2,2024-11-21,0
27.2,2024-11-22,0
27.2,2024-11-23,0
27.2,2024-11-24,0
27.2,2024-11-25,0
27.2,2024-11-26,0
27.2,2024-11-27,0
27.2,2024-11-28,0
27.2,2024-11-29,0
27.2,2024-11-30,0
27.2,2024-12-01,0
27.2,2024-12-02,0
27.2,2024-12-03,0
27.2,2024-12-04,0
27.2,2024-12-05,0
27.2,2024-12-06,0
27.2,2024-12-07,0
27.2,2024-12-08,0
27.2,2024-12-09,0
27.2,2024-12-10,0
27.2,2024-12-11,0
27.2,2024-12-12,0
27.2,2024-12-13,0
27.2,2024-12-14,0
27.2,2024-12-15,0
27.2,2024-12-16,0
27.2,2024-12-17,0
27.2,2024-12-18,0
27.2,2024-12-19,0
27.2,2024-12-20,0
27.2,2024-12-21,0
27.2,2024-12-22,0
27.2,2024-12-23,0
27.2,2024-12-24,0
27.2,2024-12-25,0
27.2,2024-12-26,0
27.2,2024-12-27,0
27.2,2024-12-28,0
27.2,2024-12-29,0
27.2,2024-12-30,0
27.2,2024-12-31,0
27.2,2025-01-01,0
27.2,2025-01-02,0
27.2,2025-01-03,0
27.2,2025-01-04,0
27.2,2025-01-05,0
27.2,2025-01-06,0
27.2,2025-01-07,0
27.2,2025-01-08,0
27.2,2025-01-09,0
27.2,2025-01-10,0
27.2,2025-01-11,0
27.2,2025-01-12,0
27.2,2025-01-13,0
27.2,2025-01-14,0
27.2,2025-01-15,0
27.2,2025-01-16,0
27.2,2025-01-17,0
27.2,2025-01-18,0
27.2,2025-01-19,0
27.2,2025-01-20,0
27.2,2025-01-21,0
27.2,2025-01-22,0
27.2,2025-01-23,0
27.2,2025-01-24,0
27.2,2025-01-25,0
27.2,2025-01-26,0
27.2,2025-01-27,0
27.2,2025-01-28,0
27.2,2025-01-29,0
27.2,2025-01-30,0
27.2,2025-01-31,0
27.2,2025-02-01,0
27.2,2025-02-02,0
27.2,2025-02-03,0
27.2,2025-02-04,0
27.2,2025-02-05,0
27.2,2025-02-06,0
27.2,2025-02-07,0
27.2,2025-02-08,0
27.2,2025-02-09,0
27.2,2025-02-10,0
27.2,2025-02-11,0
27.2,2025-02-12,0
27.2,2025-02-13,0
27.2,2025-02-14,0
27.2,2025-02-15,0
27.2,2025-02-16,0
27.2,2025-02-17,0
27.2,2025-02-18,0
27.2,2025-02-19,0
27.2,2025-02-20,0
27.2,2025-02-21,0
27.2,2025-02-22,0
27.2,2025-02-23,0
27.2,2025-02-24,0
27.2,2025-02-25,0
27.2,2025-02-26,0
27.2,2025-02-27,0
27.2,2025-02-28,0
27.2,2025-03-01,0
27.2,2025-03-02,0
27.2,2025-03-03,0
27.2,2025-03-04,0
27.2,2025-03-05,0
27.2,2025-03-06,0
27.2,2025-03-07,0
27.2,2025-03-08,0
27.2,2025-03-09,0
27.2,2025-03-10,0
27.2,2025-03-11,0
27.2,2025-03-12,0
27.2,2025-03-13,0
27.2,2025-03-14,0
27.2,2025-03-15,0
27.2,2025-03-16,0
27.2,2025-03-17,0
27.2,2025-03-18,0
27.2,2025-03-19,0
27.2,2025-03-20,0
27.2,2025-03-21,0
27.2,2025-03-22,0
27.2,2025-03-23,0
27.2,2025-03-24,0
27.2,2025-03-25,0
27.2,2025-03-26,0
27.2,2025-03-27,0
27.2,2025-03-28,0
27.2,2025-03-29,0
27.2,2025-03-30,0
27.2,2025-03-31,0
27.2,2025-04-01,0
27.2,2025-04-02,0
27.2,2025-04-03,0
27.2,2025-04-04,0
27.2,2025-04-05,0
27.2,2025-04-06,0
27.2,2025-04-07,0
27.2,2025-04-08,0
27.2,2025-04-09,0
27.2,2025-04-10,0
27.2,2025-04-11,0
27.2,2025-04-12,0
27.2,2025-04-13,0
27.2,2025-04-14,0
27.2,2025-04-15,0
27.2,2025-04-16,0
27.2,2025-04-17,0
27.2,2025-04-18,0
27.2,2025-04-19,0
27.2,2025-04-20,0
27.2,2025-04-21,0
27.2,2025-04-22,0
27.2,2025-04-23,0
27.2,2025-04-24,0
27.2,2025-04-25,0
27.2,2025-04-26,0
27.2,2025-04-27,0
27.2,2025-04-28,0
27.2,2025-04-29,0
27.2,2025-04-30,0
27.2,2025-05-01,0
27.2,2025-05-02,0
27.2,2025-05-03,0
27.2,2025-05-04,0
27.2,2025-05-05,0
27.2,2025-05-06,0
27.2,2025-05-07,0
27.2,2025-05-08,0
27.2,2025-05-09,0
27.2,2025-05-10,0
27.2,2025-05-11,0
27.2,2025-05-12,0
27.2,2025-05-13,0
27.2,2025-05-14,0
27.2,2025-05-15,0
27.2,2025-05-16,0
27.2,2025-05-17,0
27.2,2025-05-18,0
27.2,2025-05-19,0
27.2,2025-05-20,0
27.2,2025-05-21,0
27.2,2025-05-22,0
27.2,2025-05-23,0
27.2,2025-05-24,0
27.2,2025-05-25,0
27.2,2025-05-26,0
27.2,2025-05-27,0
27.2,2025-05-28,0
27.2,2025-05-29,0
27.2,2025-05-30,0
27.2,2025-05-31,0
27.2,2025-06-01,0
27.2,2025-06-02,0
27.2,2025-06-03,0
27.2,2025-06-04,0
27.2,2025-06-05,0
27.2,2025-06-06,0
27.2,2025-06-07,0
27.2,2025-06-08,0
27.2,2025-06-09,0
27.2,2025-06-10,0
27.2,2025-06-11,0
27.2,2025-06-12,0
27.2,2025-06-13,0
27.2,2025-06-14,0
27.2,2025-06-15,0
27.2,2025-06-16,0
27.2,2025-06-17,0
27.2,2025-06-18,0
27.2,2025-06-19,0
27.2,2025-06-20,0
27.2,2025-06-21,0
27.2,2025-06-22,0
27.2,2025-06-23,0
27.2,2025-06-24,0
27.2,2025-06-25,0
27.2,2025-06-26,0
27.2,2025-06-27,0
27.2,2025-06-28,0
27.2,2025-06-29,0
27.2,2025-06-30,0
27.2,2025-07-01,0
27.2,2025-07-02,0
27.2,2025-07-03,0
27.2,2025-07-04,0
27.2,2025-07-05,0
27.2,2025-07-06,0
27.2,2025-07-07,0
27.2,2025-07-08,0
27.2,2025-07-09,0
27.2,2025-07-10,0
27.2,2025-07-11,0
27.2,2025-07-12,0
27.2,2025-07-13,0
27.2,2025-07-14,0
27.2,2025-07-15,0
27.2,2025-07-16,0
27.2,2025-07-17,0
27.2,2025-07-18,0
27.2,2025-07-19,0
27.2,2025-07-20,0
27.2,2025-07-21,0
27.2,2025-07-22,0
27.2,2025-07-23,0
27.2,2025-07-24,0
27.2,2025-07-25,0
27.2,2025-07-26,0
27.2,2025-07-27,0
27.2,2025-07-28,0
27.2,2025-07-29,0
27.2,2025-07-30,0
27.2,2025-07-31,0
27.2,2025-08-01,0
27.2,2025-08-02,0
27.2,2025-08-03,0
27.2,2025-08-04,0
27.2,2025-08-05,0
27.2,2025-08-06,0
27.2,2025-08-07,0
27.2,2025-08-08,0
27.2,2025-08-09,0
27.2,2025-08-10,0
27.2,2025-08-11,0
27.2,2025-08-12,0
27.2,2025-08-13,0
27.2,2025-08-14,0
27.2,2025-08-15,0
27.2,2025-08-16,0
27.2,2025-08-17,0
27.2,2025-08-18,0
27.2,2025-08-19,0
27.2,2025-08-20,0
27.2,2025-08-21,0
27.2,2025-08-22,0
27.2,2025-08-23,0
27.2,2025-08-24,0
27.2,2025-08-25,0
27.2,2025-08-26,0
27.2,2025-08-27,0
27.2,2025-08-28,0
27.2,2025-08-29,0
27.2,2025-08-30,0
27.2,2025-08-31,0
27.2,2025-09-01,0
27.2,2025-09-02,0
27.2,2025-09-03,0
27.2,2025-09-04,0
27.2,2025-09-05,0
27.2,2025-09-06,0
27.2,2025-09-07,0
27.2,2025-09-08,0
27.2,2025-09-09,0
27.2,2025-09-10,0
27.2,2025-09-11,0
27.2,2025-09-12,0
27.2,2025-09-13,0
27.2,2025-09-14,0
27.2,2025-09-15,0
27.2,2025-09-16,0
27.2,2025-09-17,0
27.2,2025-09-18,0
27.2,2025-09-19,0
27.2,2025-09-20,0
27.2,2025-09-21,0
27.2,2025-09-22,0
27.2,2025-09-23,0
27.2,2025-09-24,0
27.2,2025-09-25,0
27.2,2025-09-26,0
27.2,2025-09-27,0
27.2,2025-09-28,0
27.2,2025-09-29,0
27.2,2025-09-30,0
27.2,2025-10-01,0
27.2,2025-10-02,0
27.2,2025-10-03,0
27.2,2025-10-04,0
27.2,2025-10-05,0
27.2,2025-10-06,0
27.2,2025-10-07,0
27.2,2025-10-08,0
27.2,2025-10-09,0
27.2,2025-10-10,0
27.2,2025-10-11,0
27.2,2025-10-12,0
27.2,2025-10-13,0
27.2,2025-10-14,0
27.2,2025-10-15,0
27.2,2025-10-16,0
27.2,2025-10-17,0
27.2,2025-10-18,0
27.2,2025-10-19,0
27.2,2025-10-20,0
27.2,2025-10-21,0
27.2,2025-10-22,0
27.2,2025-10-23,0
27.2,2025-10-24,0
27.2,2025-10-25,0
27.2,2025-10-26,0
27.2,2025-10-27,0
27.2,2025-10-28,0
27.2,2025-10-29,0
27.2,2025-10-30,0
27.2,2025-10-31,0
27.2,2025-11-01,0
27.2,2025-11-02,0
27.2,2025-11-03,0
27.2,2025-11-04,0
27.2,2025-11-05,0
27.2,2025-11-06,0
27.2,2025-11-07,0
27.2,2025-11-08,0
27.2,2025-11-09,0
27.2,2025-11-10,0
27.2,2025-11-11,0
27.2,2025-11-12,0
27.2,2025-11-13,0
27.2,2025-11-14,0
27.2,2025-11-15,0
27.2,2025-11-16,0
27.2,2025-11-17,0
27.2,2025-11-18,0
27.2,2025-11-19,0
27.2,2025-11-20,0
27.2,2025-11-21,0
27.2,2025-11-22,0
27.2,2025-11-23,0
27.2,2025-11-24,0
27.2,2025-11-25,0
27.2,2025-11-26,0
27.2,2025-11-27,0
27.2,2025-11-28,0
27.2,2025-11-29,0
27.2,2025-11-30,0
27.2,2025-12-01,0
27.2,2025-12-02,0
27.2,2025-12-03,2
27.2,2025-12-04,8
27.2,2025-12-05,0
27.2,2025-12-06,0
27.2,2025-12-07,0
27.2,2025-12-08,0
27.2,2025-12-09,0
27.2,2025-12-10,0
27.2,2025-12-11,0
27.2,2025-12-12,0
27.2,2025-12-13,0
27.2,2025-12-14,0
27.2,2025-12-15,0
27.2,2025-12-16,0
27.2,2025-12-17,0
27.2,2025-12-18,0
27.2,2025-12-19,0
27.2,2025-12-20,0
27.2,2025-12-21,0
27.2,2025-12-22,0
27.2,2025-12-23,0
27.2,2025-12-24,0
27.2,2025-12-25,0
27.2,2025-12-26,0
27.2,2025-12-27,0
27.2,2025-12-28,0
27.2,2025-12-29,0
27.2,2025-12-30,0
27.2,2025-12-31,0
28.1,2024-11-01,0
28.1,2024-11-02,0
28.1,2024-11-03,0
28.1,2024-11-04,0
28.1,2024-11-05,0
28.1,2024-11-06,0
28.1,2024-11-07,0
28.1,2024-11-08,0
28.1,2024-11-09,0
28.1,2024-11-10,0
28.1,2024-11-11,0
28.1,2024-11-12,0
28.1,2024-11-13,0
28.1,2024-11-14,0
28.1,2024-11-15,0
28.1,2024-11-16,0
28.1,2024-11-17,0
28.1,2024-11-18,0
28.1,2024-11-19,0
28.1,2024-11-20,0
28.1,2024-11-21,0
28.1,2024-11-22,0
28.1,2024-11-23,0
28.1,2024-11-24,0
28.1,2024-11-25,0
28.1,2024-11-26,0
28.1,2024-11-27,0
28.1,2024-11-28,0
28.1,2024-11-29,0
28.1,2024-11-30,0
28.1,2024-12-01,0
28.1,2024-12-02,0
28.1,2024-12-03,0
28.1,2024-12-04,11
28.1,2024-12-05,48
28.1,2024-12-06,46
28.1,2024-12-07,48
28.1,2024-12-08,48
28.1,2024-12-09,45
28.1,2024-12-10,46
28.1,2024-12-11,48
28.1,2024-12-12,48
28.1,2024-12-13,46
28.1,2024-12-14,48
28.1,2024-12-15,48
28.1,2024-12-16,47
28.1,2024-12-17,47
28.1,2024-12-18,43
28.1,2024-12-19,48
28.1,2024-12-20,47
28.1,2024-12-21,48
28.1,2024-12-22,48
28.1,2024-12-23,48
28.1,2024-12-24,45
28.1,2024-12-25,48
28.1,2024-12-26,48
28.1,2024-12-27,43
28.1,2024-12-28,45
28.1,2024-12-29,44
28.1,2024-12-30,48
28.1,2024-12-31,48
28.1,2025-01-01,45
28.1,2025-01-02,48
28.1,2025-01-03,47
28.1,2025-01-04,48
28.1,2025-01-05,45
28.1,2025-01-06,44
28.1,2025-01-07,47
28.1,2025-01-08,48
28.1,2025-01-09,44
28.1,2025-01-10,47
28.1,2025-01-11,47
28.1,2025-01-12,46
28.1,2025-01-13,38
28.1,2025-01-14,47
28.1,2025-01-15,47
28.1,2025-01-16,47
28.1,2025-01-17,37
28.1,2025-01-18,45
28.1,2025-01-19,46
28.1,2025-01-20,46
28.1,2025-01-21,48
28.1,2025-01-22,48
28.1,2025-01-23,45
28.1,2025-01-24,47
28.1,2025-01-25,47
28.1,2025-01-26,47
28.1,2025-01-27,44
28.1,2025-01-28,41
28.1,2025-01-29,40
28.1,2025-01-30,42
28.1,2025-01-31,36
28.1,2025-02-01,46
28.1,2025-02-02,48
28.1,2025-02-03,43
28.1,2025-02-04,47
28.1,2025-02-05,48
28.1,2025-02-06,44
28.1,2025-02-07,46
28.1,2025-02-08,48
28.1,2025-02-09,47
28.1,2025-02-10,45
28.1,2025-02-11,45
28.1,2025-02-12,41
28.1,2025-02-13,43
28.1,2025-02-14,47
28.1,2025-02-15,48
28.1,2025-02-16,47
28.1,2025-02-17,48
28.1,2025-02-18,48
28.1,2025-02-19,48
28.1,2025-02-20,39
28.1,2025-02-21,47
28.1,2025-02-22,46
28.1,2025-02-23,44
28.1,2025-02-24,40
28.1,2025-02-25,44
28.1,2025-02-26,39
28.1,2025-02-27,18
28.1,2025-02-28,38
28.1,2025-03-01,46
28.1,2025-03-02,47
28.1,2025-03-03,47
28.1,2025-03-04,40
28.1,2025-03-05,44
28.1,2025-03-06,43
28.1,2025-03-07,45
28.1,2025-03-08,40
28.1,2025-03-09,44
28.1,2025-03-10,45
28.1,2025-03-11,44
28.1,2025-03-12,40
28.1,2025-03-13,44
28.1,2025-03-14,44
28.1,2025-03-15,47
28.1,2025-03-16,45
28.1,2025-03-17,39
28.1,2025-03-18,48
28.1,2025-03-19,48
28.1,2025-03-20,43
28.1,2025-03-21,44
28.1,2025-03-22,48
28.1,2025-03-23,48
28.1,2025-03-24,48
28.1,2025-03-25,44
28.1,2025-03-26,48
28.1,2025-03-27,47
28.1,2025-03-28,43
28.1,2025-03-29,48
28.1,2025-03-30,43
28.1,2025-03-31,48
28.1,2025-04-01,48
28.1,2025-04-02,43
28.1,2025-04-03,47
28.1,2025-04-04,48
28.1,2025-04-05,18
28.1,2025-04-06,45
28.1,2025-04-07,46
28.1,2025-04-08,45
28.1,2025-04-09,46
28.1,2025-04-10,47
28.1,2025-04-11,43
28.1,2025-04-12,44
28.1,2025-04-13,48
28.1,2025-04-14,46
28.1,2025-04-15,47
28.1,2025-04-16,46
28.1,2025-04-17,47
28.1,2025-04-18,47
28.1,2025-04-19,48
28.1,2025-04-20,48
28.1,2025-04-21,47
28.1,2025-04-22,43
28.1,2025-04-23,48
28.1,2025-04-24,45
28.1,2025-04-25,44
28.1,2025-04-26,31
28.1,2025-04-27,47
28.1,2025-04-28,48
28.1,2025-04-29,48
28.1,2025-04-30,37
28.1,2025-05-01,47
28.1,2025-05-02,46
28.1,2025-05-03,45
28.1,2025-05-04,47
28.1,2025-05-05,13
28.1,2025-05-06,0
28.1,2025-05-07,0
28.1,2025-05-08,0
28.1,2025-05-09,0
28.1,2025-05-10,0
28.1,2025-05-11,0
28.1,2025-05-12,0
28.1,2025-05-13,0
28.1,2025-05-14,0
28.1,2025-05-15,0
28.1,2025-05-16,0
28.1,2025-05-17,0
28.1,2025-05-18,0
28.1,2025-05-19,0
28.1,2025-05-20,0
28.1,2025-05-21,0
28.1,2025-05-22,0
28.1,2025-05-23,0
28.1,2025-05-24,0
28.1,2025-05-25,0
28.1,2025-05-26,0
28.1,2025-05-27,0
28.1,2025-05-28,0
28.1,2025-05-29,0
28.1,2025-05-30,0
28.1,2025-05-31,0
28.1,2025-06-01,0
28.1,2025-06-02,0
28.1,2025-06-03,0
28.1,2025-06-04,0
28.1,2025-06-05,0
28.1,2025-06-06,0
28.1,2025-06-07,0
28.1,2025-06-08,0
28.1,2025-06-09,0
28.1,2025-06-10,0
28.1,2025-06-11,0
28.1,2025-06-12,0
28.1,2025-06-13,0
28.1,2025-06-14,0
28.1,2025-06-15,0
28.1,2025-06-16,0
28.1,2025-06-17,0
28.1,2025-06-18,0
28.1,2025-06-19,0
28.1,2025-06-20,0
28.1,2025-06-21,0
28.1,2025-06-22,0
28.1,2025-06-23,0
28.1,2025-06-24,0
28.1,2025-06-25,0
28.1,2025-06-26,0
28.1,2025-06-27,0
28.1,2025-06-28,0
28.1,2025-06-29,0
28.1,2025-06-30,0
28.1,2025-07-01,0
28.1,2025-07-02,0
28.1,2025-07-03,0
28.1,2025-07-04,0
28.1,2025-07-05,0
28.1,2025-07-06,0
28.1,2025-07-07,0
28.1,2025-07-08,0
28.1,2025-07-09,0
28.1,2025-07-10,0
28.1,2025-07-11,0
28.1,2025-07-12,0
28.1,2025-07-13,0
28.1,2025-07-14,0
28.1,2025-07-15,0
28.1,2025-07-16,0
28.1,2025-07-17,42
28.1,2025-07-18,43
28.1,2025-07-19,45
28.1,2025-07-20,48
28.1,2025-07-21,43
28.1,2025-07-22,45
28.1,2025-07-23,43
28.1,2025-07-24,41
28.1,2025-07-25,42
28.1,2025-07-26,43
28.1,2025-07-27,44
28.1,2025-07-28,43
28.1,2025-07-29,46
28.1,2025-07-30,48
28.1,2025-07-31,30
28.1,2025-08-01,0
28.1,2025-08-02,0
28.1,2025-08-03,0
28.1,2025-08-04,0
28.1,2025-08-05,0
28.1,2025-08-06,16
28.1,2025-08-07,47
28.1,2025-08-08,48
28.1,2025-08-09,44
28.1,2025-08-10,41
28.1,2025-08-11,42
28.1,2025-08-12,45
28.1,2025-08-13,42
28.1,2025-08-14,47
28.1,2025-08-15,46
28.1,2025-08-16,41
28.1,2025-08-17,38
28.1,2025-08-18,42
28.1,2025-08-19,48
28.1,2025-08-20,40
28.1,2025-08-21,37
28.1,2025-08-22,0
28.1,2025-08-23,0
28.1,2025-08-24,0
28.1,2025-08-25,0
28.1,2025-08-26,0
28.1,2025-08-27,0
28.1,2025-08-28,0
28.1,2025-08-29,5
28.1,2025-08-30,0
28.1,2025-08-31,0
28.1,2025-09-01,0
28.1,2025-09-02,0
28.1,2025-09-03,0
28.1,2025-09-04,0
28.1,2025-09-05,0
28.1,2025-09-06,0
28.1,2025-09-07,0
28.1,2025-09-08,0
28.1,2025-09-09,0
28.1,2025-09-10,0
28.1,2025-09-11,0
28.1,2025-09-12,0
28.1,2025-09-13,0
28.1,2025-09-14,0
28.1,2025-09-15,0
28.1,2025-09-16,0
28.1,2025-09-17,0
28.1,2025-09-18,0
28.1,2025-09-19,0
28.1,2025-09-20,0
28.1,2025-09-21,0
28.1,2025-09-22,0
28.1,2025-09-23,0
28.1,2025-09-24,0
28.1,2025-09-25,0
28.1,2025-09-26,0
28.1,2025-09-27,0
28.1,2025-09-28,0
28.1,2025-09-29,0
28.1,2025-09-30,0
28.1,2025-10-01,0
28.1,2025-10-02,0
28.1,2025-10-03,14
28.1,2025-10-04,46
28.1,2025-10-05,45
28.1,2025-10-06,47
28.1,2025-10-07,47
28.1,2025-10-08,40
28.1,2025-10-09,47
28.1,2025-10-10,41
28.1,2025-10-11,48
28.1,2025-10-12,47
28.1,2025-10-13,43
28.1,2025-10-14,40
28.1,2025-10-15,41
28.1,2025-10-16,43
28.1,2025-10-17,45
28.1,2025-10-18,41
28.1,2025-10-19,43
28.1,2025-10-20,37
28.1,2025-10-21,39
28.1,2025-10-22,47
28.1,2025-10-23,48
28.1,2025-10-24,45
28.1,2025-10-25,46
28.1,2025-10-26,46
28.1,2025-10-27,37
28.1,2025-10-28,45
28.1,2025-10-29,43
28.1,2025-10-30,44
28.1,2025-10-31,44
28.1,2025-11-01,43
28.1,2025-11-02,46
28.1,2025-11-03,44
28.1,2025-11-04,45
28.1,2025-11-05,39
28.1,2025-11-06,46
28.1,2025-11-07,45
28.1,2025-11-08,47
28.1,2025-11-09,45
28.1,2025-11-10,44
28.1,2025-11-11,48
28.1,2025-11-12,46
28.1,2025-11-13,44
28.1,2025-11-14,40
28.1,2025-11-15,46
28.1,2025-11-16,42
28.1,2025-11-17,39
28.1,2025-11-18,47
28.1,2025-11-19,47
28.1,2025-11-20,46
28.1,2025-11-21,47
28.1,2025-11-22,48
28.1,2025-11-23,47
28.1,2025-11-24,45
28.1,2025-11-25,48
28.1,2025-11-26,47
28.1,2025-11-27,41
28.1,2025-11-28,37
28.1,2025-11-29,44
28.1,2025-11-30,47
28.1,2025-12-01,43
28.1,2025-12-02,44
28.1,2025-12-03,44
28.1,2025-12-04,42
28.1,2025-12-05,43
28.1,2025-12-06,38
28.1,2025-12-07,47
28.1,2025-12-08,41
28.1,2025-12-09,47
28.1,2025-12-10,39
28.1,2025-12-11,39
28.1,2025-12-12,48
28.1,2025-12-13,44
28.1,2025-12-14,37
28.1,2025-12-15,47
28.1,2025-12-16,45
28.1,2025-12-17,42
28.1,2025-12-18,44
28.1,2025-12-19,35
28.1,2025-12-20,40
28.1,2025-12-21,46
28.1,2025-12-22,40
28.1,2025-12-23,39
28.1,2025-12-24,42
28.1,2025-12-25,43
28.1,2025-12-26,34
28.1,2025-12-27,40
28.1,2025-12-28,29
28.1,2025-12-29,45
28.1,2025-12-30,48
28.1,2025-12-31,38
29.1,2024-11-01,0
29.1,2024-11-02,0
29.1,2024-11-03,0
29.1,2024-11-04,0
29.1,2024-11-05,0
29.1,2024-11-06,0
29.1,2024-11-07,0
29.1,2024-11-08,0
29.1,2024-11-09,0
29.1,2024-11-10,0
29.1,2024-11-11,0
29.1,2024-11-12,0
29.1,2024-11-13,0
29.1,2024-11-14,0
29.1,2024-11-15,0
29.1,2024-11-16,0
29.1,2024-11-17,0
29.1,2024-11-18,0
29.1,2024-11-19,0
29.1,2024-11-20,0
29.1,2024-11-21,0
29.1,2024-11-22,0
29.1,2024-11-23,0
29.1,2024-11-24,0
29.1,2024-11-25,0
29.1,2024-11-26,0
29.1,2024-11-27,0
29.1,2024-11-28,0
29.1,2024-11-29,0
29.1,2024-11-30,0
29.1,2024-12-01,0
29.1,2024-12-02,0
29.1,2024-12-03,0
29.1,2024-12-04,0
29.1,2024-12-05,0
29.1,2024-12-06,0
29.1,2024-12-07,0
29.1,2024-12-08,0
29.1,2024-12-09,0
29.1,2024-12-10,0
29.1,2024-12-11,0
29.1,2024-12-12,0
29.1,2024-12-13,0
29.1,2024-12-14,0
29.1,2024-12-15,0
29.1,2024-12-16,0
29.1,2024-12-17,0
29.1,2024-12-18,0
29.1,2024-12-19,0
29.1,2024-12-20,0
29.1,2024-12-21,0
29.1,2024-12-22,0
29.1,2024-12-23,0
29.1,2024-12-24,0
29.1,2024-12-25,0
29.1,2024-12-26,0
29.1,2024-12-27,0
29.1,2024-12-28,0
29.1,2024-12-29,0
29.1,2024-12-30,0
29.1,2024-12-31,0
29.1,2025-01-01,0
29.1,2025-01-02,0
29.1,2025-01-03,0
29.1,2025-01-04,0
29.1,2025-01-05,0
29.1,2025-01-06,0
29.1,2025-01-07,0
29.1,2025-01-08,0
29.1,2025-01-09,0
29.1,2025-01-10,0
29.1,2025-01-11,0
29.1,2025-01-12,0
29.1,2025-01-13,0
29.1,2025-01-14,0
29.1,2025-01-15,0
29.1,2025-01-16,0
29.1,2025-01-17,0
29.1,2025-01-18,0
29.1,2025-01-19,0
29.1,2025-01-20,0
29.1,2025-01-21,0
29.1,2025-01-22,0
29.1,2025-01-23,0
29.1,2025-01-24,0
29.1,2025-01-25,0
29.1,2025-01-26,0
29.1,2025-01-27,0
29.1,2025-01-28,0
29.1,2025-01-29,0
29.1,2025-01-30,0
29.1,2025-01-31,0
29.1,2025-02-01,0
29.1,2025-02-02,0
29.1,2025-02-03,0
29.1,2025-02-04,0
29.1,2025-02-05,0
29.1,2025-02-06,0
29.1,2025-02-07,0
29.1,2025-02-08,0
29.1,2025-02-09,0
29.1,2025-02-10,0
29.1,2025-02-11,0
29.1,2025-02-12,0
29.1,2025-02-13,0
29.1,2025-02-14,0
29.1,2025-02-15,0
29.1,2025-02-16,0
29.1,2025-02-17,0
29.1,2025-02-18,0
29.1,2025-02-19,0
29.1,2025-02-20,0
29.1,2025-02-21,0
29.1,2025-02-22,0
29.1,2025-02-23,0
29.1,2025-02-24,0
29.1,2025-02-25,0
29.1,2025-02-26,0
29.1,2025-02-27,0
29.1,2025-02-28,0
29.1,2025-03-01,0
29.1,2025-03-02,0
29.1,2025-03-03,0
29.1,2025-03-04,0
29.1,2025-03-05,0
29.1,2025-03-06,0
29.1,2025-03-07,0
29.1,2025-03-08,0
29.1,2025-03-09,0
29.1,2025-03-10,0
29.1,2025-03-11,0
29.1,2025-03-12,0
29.1,2025-03-13,0
29.1,2025-03-14,0
29.1,2025-03-15,0
29.1,2025-03-16,0
29.1,2025-03-17,0
29.1,2025-03-18,0
29.1,2025-03-19,0
29.1,2025-03-20,0
29.1,2025-03-21,0
29.1,2025-03-22,0
29.1,2025-03-23,0
29.1,2025-03-24,0
29.1,2025-03-25,0
29.1,2025-03-26,0
29.1,2025-03-27,0
29.1,2025-03-28,0
29.1,2025-03-29,0
29.1,2025-03-30,0
29.1,2025-03-31,0
29.1,2025-04-01,0
29.1,2025-04-02,0
29.1,2025-04-03,0
29.1,2025-04-04,0
29.1,2025-04-05,0
29.1,2025-04-06,0
29.1,2025-04-07,0
29.1,2025-04-08,0
29.1,2025-04-09,0
29.1,2025-04-10,0
29.1,2025-04-11,0
29.1,2025-04-12,0
29.1,2025-04-13,0
29.1,2025-04-14,0
29.1,2025-04-15,0
29.1,2025-04-16,0
29.1,2025-04-17,0
29.1,2025-04-18,0
29.1,2025-04-19,0
29.1,2025-04-20,0
29.1,2025-04-21,0
29.1,2025-04-22,0
29.1,2025-04-23,0
29.1,2025-04-24,0
29.1,2025-04-25,0
29.1,2025-04-26,0
29.1,2025-04-27,0
29.1,2025-04-28,0
29.1,2025-04-29,0
29.1,2025-04-30,0
29.1,2025-05-01,0
29.1,2025-05-02,0
29.1,2025-05-03,0
29.1,2025-05-04,0
29.1,2025-05-05,0
29.1,2025-05-06,0
29.1,2025-05-07,0
29.1,2025-05-08,0
29.1,2025-05-09,9
29.1,2025-05-10,48
29.1,2025-05-11,48
29.1,2025-05-12,48
29.1,2025-05-13,48
29.1,2025-05-14,48
29.1,2025-05-15,48
29.1,2025-05-16,48
29.1,2025-05-17,48
29.1,2025-05-18,48
29.1,2025-05-19,48
29.1,2025-05-20,48
29.1,2025-05-21,45
29.1,2025-05-22,46
29.1,2025-05-23,48
29.1,2025-05-24,48
29.1,2025-05-25,48
29.1,2025-05-26,48
29.1,2025-05-27,48
29.1,2025-05-28,48
29.1,2025-05-29,48
29.1,2025-05-30,48
29.1,2025-05-31,48
29.1,2025-06-01,48
29.1,2025-06-02,48
29.1,2025-06-03,48
29.1,2025-06-04,48
29.1,2025-06-05,48
29.1,2025-06-06,48
29.1,2025-06-07,48
29.1,2025-06-08,48
29.1,2025-06-09,48
29.1,2025-06-10,48
29.1,2025-06-11,48
29.1,2025-06-12,48
29.1,2025-06-13,48
29.1,2025-06-14,41
29.1,2025-06-15,48
29.1,2025-06-16,48
29.1,2025-06-17,48
29.1,2025-06-18,48
29.1,2025-06-19,48
29.1,2025-06-20,48
29.1,2025-06-21,47
29.1,2025-06-22,48
29.1,2025-06-23,48
29.1,2025-06-24,48
29.1,2025-06-25,48
29.1,2025-06-26,48
29.1,2025-06-27,48
29.1,2025-06-28,48
29.1,2025-06-29,48
29.1,2025-06-30,48
29.1,2025-07-01,48
29.1,2025-07-02,48
29.1,2025-07-03,48
29.1,2025-07-04,48
29.1,2025-07-05,48
29.1,2025-07-06,48
29.1,2025-07-07,48
29.1,2025-07-08,48
29.1,2025-07-09,48
29.1,2025-07-10,48
29.1,2025-07-11,48
29.1,2025-07-12,48
29.1,2025-07-13,48
29.1,2025-07-14,48
29.1,2025-07-15,48
29.1,2025-07-16,48
29.1,2025-07-17,48
29.1,2025-07-18,48
29.1,2025-07-19,48
29.1,2025-07-20,48
29.1,2025-07-21,48
29.1,2025-07-22,48
29.1,2025-07-23,48
29.1,2025-07-24,48
29.1,2025-07-25,48
29.1,2025-07-26,48
29.1,2025-07-27,48
29.1,2025-07-28,48
29.1,2025-07-29,48
29.1,2025-07-30,48
29.1,2025-07-31,48
29.1,2025-08-01,48
29.1,2025-08-02,48
29.1,2025-08-03,48
29.1,2025-08-04,48
29.1,2025-08-05,48
29.1,2025-08-06,48
29.1,2025-08-07,48
29.1,2025-08-08,48
29.1,2025-08-09,48
29.1,2025-08-10,48
29.1,2025-08-11,48
29.1,2025-08-12,48
29.1,2025-08-13,48
29.1,2025-08-14,48
29.1,2025-08-15,48
29.1,2025-08-16,48
29.1,2025-08-17,48
29.1,2025-08-18,48
29.1,2025-08-19,48
29.1,2025-08-20,48
29.1,2025-08-21,48
29.1,2025-08-22,47
29.1,2025-08-23,48
29.1,2025-08-24,48
29.1,2025-08-25,48
29.1,2025-08-26,48
29.1,2025-08-27,48
29.1,2025-08-28,48
29.1,2025-08-29,48
29.1,2025-08-30,48
29.1,2025-08-31,48
29.1,2025-09-01,48
29.1,2025-09-02,48
29.1,2025-09-03,48
29.1,2025-09-04,48
29.1,2025-09-05,48
29.1,2025-09-06,48
29.1,2025-09-07,46
29.1,2025-09-08,47
29.1,2025-09-09,48
29.1,2025-09-10,48
29.1,2025-09-11,48
29.1,2025-09-12,48
29.1,2025-09-13,48
29.1,2025-09-14,48
29.1,2025-09-15,48
29.1,2025-09-16,48
29.1,2025-09-17,48
29.1,2025-09-18,48
29.1,2025-09-19,48
29.1,2025-09-20,48
29.1,2025-09-21,48
29.1,2025-09-22,42
29.1,2025-09-23,48
29.1,2025-09-24,48
29.1,2025-09-25,48
29.1,2025-09-26,48
29.1,2025-09-27,48
29.1,2025-09-28,48
29.1,2025-09-29,48
29.1,2025-09-30,48
29.1,2025-10-01,48
29.1,2025-10-02,48
29.1,2025-10-03,48
29.1,2025-10-04,48
29.1,2025-10-05,48
29.1,2025-10-06,48
29.1,2025-10-07,45
29.1,2025-10-08,22
29.1,2025-10-09,47
29.1,2025-10-10,48
29.1,2025-10-11,48
29.1,2025-10-12,48
29.1,2025-10-13,48
29.1,2025-10-14,48
29.1,2025-10-15,48
29.1,2025-10-16,48
29.1,2025-10-17,47
29.1,2025-10-18,30
29.1,2025-10-19,48
29.1,2025-10-20,24
29.1,2025-10-21,48
29.1,2025-10-22,48
29.1,2025-10-23,48
29.1,2025-10-24,20
29.1,2025-10-25,43
29.1,2025-10-26,48
29.1,2025-10-27,48
29.1,2025-10-28,48
29.1,2025-10-29,48
29.1,2025-10-30,48
29.1,2025-10-31,48
29.1,2025-11-01,48
29.1,2025-11-02,48
29.1,2025-11-03,48
29.1,2025-11-04,48
29.1,2025-11-05,48
29.1,2025-11-06,48
29.1,2025-11-07,48
29.1,2025-11-08,48
29.1,2025-11-09,48
29.1,2025-11-10,48
29.1,2025-11-11,48
29.1,2025-11-12,48
29.1,2025-11-13,48
29.1,2025-11-14,48
29.1,2025-11-15,48
29.1,2025-11-16,48
29.1,2025-11-17,48
29.1,2025-11-18,48
29.1,2025-11-19,48
29.1,2025-11-20,48
29.1,2025-11-21,48
29.1,2025-11-22,48
29.1,2025-11-23,48
29.1,2025-11-24,48
29.1,2025-11-25,48
29.1,2025-11-26,48
29.1,2025-11-27,47
29.1,2025-11-28,48
29.1,2025-11-29,48
29.1,2025-11-30,48
29.1,2025-12-01,48
29.1,2025-12-02,47
29.1,2025-12-03,48
29.1,2025-12-04,47
29.1,2025-12-05,45
29.1,2025-12-06,48
29.1,2025-12-07,48
29.1,2025-12-08,48
29.1,2025-12-09,48
29.1,2025-12-10,48
29.1,2025-12-11,47
29.1,2025-12-12,48
29.1,2025-12-13,48
29.1,2025-12-14,48
29.1,2025-12-15,48
29.1,2025-12-16,48
29.1,2025-12-17,48
29.1,2025-12-18,48
29.1,2025-12-19,37
29.1,2025-12-20,45
29.1,2025-12-21,48
29.1,2025-12-22,45
29.1,2025-12-23,36
29.1,2025-12-24,39
29.1,2025-12-25,41
29.1,2025-12-26,37
29.1,2025-12-27,41
29.1,2025-12-28,33
29.1,2025-12-29,47
29.1,2025-12-30,48
29.1,2025-12-31,48
3.1,2024-11-01,45
3.1,2024-11-02,47
3.1,2024-11-03,47
3.1,2024-11-04,48
3.1,2024-11-05,46
3.1,2024-11-06,47
3.1,2024-11-07,47
3.1,2024-11-08,45
3.1,2024-11-09,48
3.1,2024-11-10,46
3.1,2024-11-11,47
3.1,2024-11-12,47
3.1,2024-11-13,45
3.1,2024-11-14,47
3.1,2024-11-15,48
3.1,2024-11-16,48
3.1,2024-11-17,48
3.1,2024-11-18,48
3.1,2024-11-19,46
3.1,2024-11-20,45
3.1,2024-11-21,48
3.1,2024-11-22,46
3.1,2024-11-23,46
3.1,2024-11-24,47
3.1,2024-11-25,45
3.1,2024-11-26,48
3.1,2024-11-27,47
3.1,2024-11-28,45
3.1,2024-11-29,48
3.1,2024-11-30,48
3.1,2024-12-01,47
3.1,2024-12-02,47
3.1,2024-12-03,48
3.1,2024-12-04,48
3.1,2024-12-05,48
3.1,2024-12-06,47
3.1,2024-12-07,47
3.1,2024-12-08,45
3.1,2024-12-09,47
3.1,2024-12-10,47
3.1,2024-12-11,47
3.1,2024-12-12,46
3.1,2024-12-13,47
3.1,2024-12-14,48
3.1,2024-12-15,48
3.1,2024-12-16,46
3.1,2024-12-17,45
3.1,2024-12-18,45
3.1,2024-12-19,48
3.1,2024-12-20,48
3.1,2024-12-21,48
3.1,2024-12-22,48
3.1,2024-12-23,48
3.1,2024-12-24,48
3.1,2024-12-25,48
3.1,2024-12-26,47
3.1,2024-12-27,47
3.1,2024-12-28,47
3.1,2024-12-29,48
3.1,2024-12-30,27
3.1,2024-12-31,48
3.1,2025-01-01,47
3.1,2025-01-02,47
3.1,2025-01-03,48
3.1,2025-01-04,48
3.1,2025-01-05,48
3.1,2025-01-06,48
3.1,2025-01-07,48
3.1,2025-01-08,48
3.1,2025-01-09,48
3.1,2025-01-10,48
3.1,2025-01-11,48
3.1,2025-01-12,46
3.1,2025-01-13,48
3.1,2025-01-14,48
3.1,2025-01-15,48
3.1,2025-01-16,48
3.1,2025-01-17,48
3.1,2025-01-18,45
3.1,2025-01-19,48
3.1,2025-01-20,48
3.1,2025-01-21,48
3.1,2025-01-22,48
3.1,2025-01-23,46
3.1,2025-01-24,47
3.1,2025-01-25,47
3.1,2025-01-26,48
3.1,2025-01-27,48
3.1,2025-01-28,47
3.1,2025-01-29,47
3.1,2025-01-30,48
3.1,2025-01-31,44
3.1,2025-02-01,41
3.1,2025-02-02,40
3.1,2025-02-03,25
3.1,2025-02-04,48
3.1,2025-02-05,48
3.1,2025-02-06,41
3.1,2025-02-07,48
3.1,2025-02-08,48
3.1,2025-02-09,48
3.1,2025-02-10,48
3.1,2025-02-11,48
3.1,2025-02-12,48
3.1,2025-02-13,48
3.1,2025-02-14,48
3.1,2025-02-15,48
3.1,2025-02-16,48
3.1,2025-02-17,48
3.1,2025-02-18,48
3.1,2025-02-19,48
3.1,2025-02-20,48
3.1,2025-02-21,48
3.1,2025-02-22,48
3.1,2025-02-23,47
3.1,2025-02-24,46
3.1,2025-02-25,48
3.1,2025-02-26,47
3.1,2025-02-27,41
3.1,2025-02-28,47
3.1,2025-03-01,48
3.1,2025-03-02,48
3.1,2025-03-03,48
3.1,2025-03-04,47
3.1,2025-03-05,47
3.1,2025-03-06,48
3.1,2025-03-07,47
3.1,2025-03-08,46
3.1,2025-03-09,48
3.1,2025-03-10,48
3.1,2025-03-11,48
3.1,2025-03-12,47
3.1,2025-03-13,48
3.1,2025-03-14,48
3.1,2025-03-15,48
3.1,2025-03-16,47
3.1,2025-03-17,48
3.1,2025-03-18,48
3.1,2025-03-19,48
3.1,2025-03-20,47
3.1,2025-03-21,48
3.1,2025-03-22,48
3.1,2025-03-23,47
3.1,2025-03-24,47
3.1,2025-03-25,48
3.1,2025-03-26,47
3.1,2025-03-27,44
3.1,2025-03-28,48
3.1,2025-03-29,48
3.1,2025-03-30,43
3.1,2025-03-31,48
3.1,2025-04-01,48
3.1,2025-04-02,48
3.1,2025-04-03,35
3.1,2025-04-04,47
3.1,2025-04-05,37
3.1,2025-04-06,47
3.1,2025-04-07,46
3.1,2025-04-08,46
3.1,2025-04-09,48
3.1,2025-04-10,47
3.1,2025-04-11,45
3.1,2025-04-12,48
3.1,2025-04-13,48
3.1,2025-04-14,47
3.1,2025-04-15,47
3.1,2025-04-16,48
3.1,2025-04-17,48
3.1,2025-04-18,47
3.1,2025-04-19,46
3.1,2025-04-20,48
3.1,2025-04-21,48
3.1,2025-04-22,48
3.1,2025-04-23,47
3.1,2025-04-24,48
3.1,2025-04-25,39
3.1,2025-04-26,27
3.1,2025-04-27,47
3.1,2025-04-28,47
3.1,2025-04-29,44
3.1,2025-04-30,48
3.1,2025-05-01,45
3.1,2025-05-02,47
3.1,2025-05-03,45
3.1,2025-05-04,46
3.1,2025-05-05,44
3.1,2025-05-06,46
3.1,2025-05-07,44
3.1,2025-05-08,47
3.1,2025-05-09,48
3.1,2025-05-10,46
3.1,2025-05-11,47
3.1,2025-05-12,46
3.1,2025-05-13,45
3.1,2025-05-14,46
3.1,2025-05-15,39
3.1,2025-05-16,10
3.1,2025-05-17,44
3.1,2025-05-18,47
3.1,2025-05-19,46
3.1,2025-05-20,45
3.1,2025-05-21,45
3.1,2025-05-22,47
3.1,2025-05-23,45
3.1,2025-05-24,48
3.1,2025-05-25,46
3.1,2025-05-26,44
3.1,2025-05-27,43
3.1,2025-05-28,44
3.1,2025-05-29,47
3.1,2025-05-30,48
3.1,2025-05-31,48
3.1,2025-06-01,47
3.1,2025-06-02,45
3.1,2025-06-03,47
3.1,2025-06-04,46
3.1,2025-06-05,47
3.1,2025-06-06,47
3.1,2025-06-07,47
3.1,2025-06-08,46
3.1,2025-06-09,46
3.1,2025-06-10,46
3.1,2025-06-11,45
3.1,2025-06-12,45
3.1,2025-06-13,46
3.1,2025-06-14,46
3.1,2025-06-15,48
3.1,2025-06-16,44
3.1,2025-06-17,46
3.1,2025-06-18,43
3.1,2025-06-19,47
3.1,2025-06-20,45
3.1,2025-06-21,48
3.1,2025-06-22,43
3.1,2025-06-23,46
3.1,2025-06-24,46
3.1,2025-06-25,48
3.1,2025-06-26,45
3.1,2025-06-27,43
3.1,2025-06-28,46
3.1,2025-06-29,46
3.1,2025-06-30,47
3.1,2025-07-01,46
3.1,2025-07-02,45
3.1,2025-07-03,48
3.1,2025-07-04,47
3.1,2025-07-05,44
3.1,2025-07-06,46
3.1,2025-07-07,48
3.1,2025-07-08,46
3.1,2025-07-09,47
3.1,2025-07-10,45
3.1,2025-07-11,47
3.1,2025-07-12,48
3.1,2025-07-13,44
3.1,2025-07-14,44
3.1,2025-07-15,48
3.1,2025-07-16,47
3.1,2025-07-17,47
3.1,2025-07-18,42
3.1,2025-07-19,45
3.1,2025-07-20,48
3.1,2025-07-21,47
3.1,2025-07-22,46
3.1,2025-07-23,45
3.1,2025-07-24,46
3.1,2025-07-25,46
3.1,2025-07-26,44
3.1,2025-07-27,46
3.1,2025-07-28,48
3.1,2025-07-29,45
3.1,2025-07-30,47
3.1,2025-07-31,47
3.1,2025-08-01,46
3.1,2025-08-02,45
3.1,2025-08-03,46
3.1,2025-08-04,48
3.1,2025-08-05,47
3.1,2025-08-06,46
3.1,2025-08-07,46
3.1,2025-08-08,46
3.1,2025-08-09,47
3.1,2025-08-10,47
3.1,2025-08-11,46
3.1,2025-08-12,45
3.1,2025-08-13,48
3.1,2025-08-14,48
3.1,2025-08-15,48
3.1,2025-08-16,48
3.1,2025-08-17,48
3.1,2025-08-18,46
3.1,2025-08-19,46
3.1,2025-08-20,46
3.1,2025-08-21,48
3.1,2025-08-22,48
3.1,2025-08-23,47
3.1,2025-08-24,47
3.1,2025-08-25,47
3.1,2025-08-26,45
3.1,2025-08-27,47
3.1,2025-08-28,48
3.1,2025-08-29,44
3.1,2025-08-30,48
3.1,2025-08-31,48
3.1,2025-09-01,47
3.1,2025-09-02,45
3.1,2025-09-03,48
3.1,2025-09-04,46
3.1,2025-09-05,48
3.1,2025-09-06,47
3.1,2025-09-07,46
3.1,2025-09-08,47
3.1,2025-09-09,47
3.1,2025-09-10,45
3.1,2025-09-11,46
3.1,2025-09-12,45
3.1,2025-09-13,48
3.1,2025-09-14,48
3.1,2025-09-15,47
3.1,2025-09-16,46
3.1,2025-09-17,46
3.1,2025-09-18,46
3.1,2025-09-19,48
3.1,2025-09-20,48
3.1,2025-09-21,47
3.1,2025-09-22,47
3.1,2025-09-23,48
3.1,2025-09-24,45
3.1,2025-09-25,48
3.1,2025-09-26,47
3.1,2025-09-27,46
3.1,2025-09-28,48
3.1,2025-09-29,47
3.1,2025-09-30,47
3.1,2025-10-01,48
3.1,2025-10-02,47
3.1,2025-10-03,47
3.1,2025-10-04,46
3.1,2025-10-05,48
3.1,2025-10-06,47
3.1,2025-10-07,48
3.1,2025-10-08,48
3.1,2025-10-09,48
3.1,2025-10-10,48
3.1,2025-10-11,47
3.1,2025-10-12,48
3.1,2025-10-13,48
3.1,2025-10-14,48
3.1,2025-10-15,48
3.1,2025-10-16,48
3.1,2025-10-17,46
3.1,2025-10-18,48
3.1,2025-10-19,48
3.1,2025-10-20,41
3.1,2025-10-21,47
3.1,2025-10-22,46
3.1,2025-10-23,47
3.1,2025-10-24,48
3.1,2025-10-25,48
3.1,2025-10-26,48
3.1,2025-10-27,48
3.1,2025-10-28,48
3.1,2025-10-29,46
3.1,2025-10-30,47
3.1,2025-10-31,47
3.1,2025-11-01,48
3.1,2025-11-02,47
3.1,2025-11-03,47
3.1,2025-11-04,47
3.1,2025-11-05,48
3.1,2025-11-06,47
3.1,2025-11-07,48
3.1,2025-11-08,43
3.1,2025-11-09,48
3.1,2025-11-10,47
3.1,2025-11-11,47
3.1,2025-11-12,47
3.1,2025-11-13,47
3.1,2025-11-14,47
3.1,2025-11-15,47
3.1,2025-11-16,48
3.1,2025-11-17,48
3.1,2025-11-18,47
3.1,2025-11-19,45
3.1,2025-11-20,47
3.1,2025-11-21,47
3.1,2025-11-22,43
3.1,2025-11-23,46
3.1,2025-11-24,47
3.1,2025-11-25,48
3.1,2025-11-26,47
3.1,2025-11-27,47
3.1,2025-11-28,47
3.1,2025-11-29,48
3.1,2025-11-30,43
3.1,2025-12-01,46
3.1,2025-12-02,48
3.1,2025-12-03,48
3.1,2025-12-04,48
3.1,2025-12-05,48
3.1,2025-12-06,48
3.1,2025-12-07,48
3.1,2025-12-08,48
3.1,2025-12-09,48
3.1,2025-12-10,48
3.1,2025-12-11,48
3.1,2025-12-12,46
3.1,2025-12-13,48
3.1,2025-12-14,48
3.1,2025-12-15,48
3.1,2025-12-16,48
3.1,2025-12-17,48
3.1,2025-12-18,48
3.1,2025-12-19,48
3.1,2025-12-20,48
3.1,2025-12-21,47
3.1,2025-12-22,48
3.1,2025-12-23,47
3.1,2025-12-24,47
3.1,2025-12-25,48
3.1,2025-12-26,46
3.1,2025-12-27,47
3.1,2025-12-28,28
3.1,2025-12-29,24
3.1,2025-12-30,47
3.1,2025-12-31,48
30.1_17.1,2024-11-01,0
30.1_17.1,2024-11-02,0
30.1_17.1,2024-11-03,0
30.1_17.1,2024-11-04,0
30.1_17.1,2024-11-05,0
30.1_17.1,2024-11-06,0
30.1_17.1,2024-11-07,0
30.1_17.1,2024-11-08,0
30.1_17.1,2024-11-09,0
30.1_17.1,2024-11-10,0
30.1_17.1,2024-11-11,0
30.1_17.1,2024-11-12,0
30.1_17.1,2024-11-13,11
30.1_17.1,2024-11-14,48
30.1_17.1,2024-11-15,46
30.1_17.1,2024-11-16,48
30.1_17.1,2024-11-17,36
30.1_17.1,2024-11-18,13
30.1_17.1,2024-11-19,19
30.1_17.1,2024-11-20,28
30.1_17.1,2024-11-21,41
30.1_17.1,2024-11-22,46
30.1_17.1,2024-11-23,35
30.1_17.1,2024-11-24,36
30.1_17.1,2024-11-25,48
30.1_17.1,2024-11-26,47
30.1_17.1,2024-11-27,38
30.1_17.1,2024-11-28,45
30.1_17.1,2024-11-29,27
30.1_17.1,2024-11-30,20
30.1_17.1,2024-12-01,30
30.1_17.1,2024-12-02,37
30.1_17.1,2024-12-03,48
30.1_17.1,2024-12-04,48
30.1_17.1,2024-12-05,36
30.1_17.1,2024-12-06,41
30.1_17.1,2024-12-07,47
30.1_17.1,2024-12-08,48
30.1_17.1,2024-12-09,44
30.1_17.1,2024-12-10,46
30.1_17.1,2024-12-11,47
30.1_17.1,2024-12-12,35
30.1_17.1,2024-12-13,33
30.1_17.1,2024-12-14,38
30.1_17.1,2024-12-15,45
30.1_17.1,2024-12-16,42
30.1_17.1,2024-12-17,16
30.1_17.1,2024-12-18,30
30.1_17.1,2024-12-19,16
30.1_17.1,2024-12-20,29
30.1_17.1,2024-12-21,19
30.1_17.1,2024-12-22,31
30.1_17.1,2024-12-23,40
30.1_17.1,2024-12-24,42
30.1_17.1,2024-12-25,38
30.1_17.1,2024-12-26,42
30.1_17.1,2024-12-27,42
30.1_17.1,2024-12-28,39
30.1_17.1,2024-12-29,44
30.1_17.1,2024-12-30,36
30.1_17.1,2024-12-31,40
30.1_17.1,2025-01-01,39
30.1_17.1,2025-01-02,29
30.1_17.1,2025-01-03,31
30.1_17.1,2025-01-04,39
30.1_17.1,2025-01-05,42
30.1_17.1,2025-01-06,23
30.1_17.1,2025-01-07,34
30.1_17.1,2025-01-08,33
30.1_17.1,2025-01-09,27
30.1_17.1,2025-01-10,21
30.1_17.1,2025-01-11,31
30.1_17.1,2025-01-12,34
30.1_17.1,2025-01-13,36
30.1_17.1,2025-01-14,39
30.1_17.1,2025-01-15,32
30.1_17.1,2025-01-16,36
30.1_17.1,2025-01-17,31
30.1_17.1,2025-01-18,40
30.1_17.1,2025-01-19,32
30.1_17.1,2025-01-20,40
30.1_17.1,2025-01-21,41
30.1_17.1,2025-01-22,42
30.1_17.1,2025-01-23,31
30.1_17.1,2025-01-24,26
30.1_17.1,2025-01-25,31
30.1_17.1,2025-01-26,15
30.1_17.1,2025-01-27,39
30.1_17.1,2025-01-28,28
30.1_17.1,2025-01-29,27
30.1_17.1,2025-01-30,24
30.1_17.1,2025-01-31,36
30.1_17.1,2025-02-01,25
30.1_17.1,2025-02-02,37
30.1_17.1,2025-02-03,35
30.1_17.1,2025-02-04,15
30.1_17.1,2025-02-05,17
30.1_17.1,2025-02-06,35
30.1_17.1,2025-02-07,23
30.1_17.1,2025-02-08,41
30.1_17.1,2025-02-09,27
30.1_17.1,2025-02-10,20
30.1_17.1,2025-02-11,29
30.1_17.1,2025-02-12,38
30.1_17.1,2025-02-13,36
30.1_17.1,2025-02-14,34
30.1_17.1,2025-02-15,42
30.1_17.1,2025-02-16,33
30.1_17.1,2025-02-17,39
30.1_17.1,2025-02-18,24
30.1_17.1,2025-02-19,4
30.1_17.1,2025-02-20,9
30.1_17.1,2025-02-21,6
30.1_17.1,2025-02-22,18
30.1_17.1,2025-02-23,27
30.1_17.1,2025-02-24,16
30.1_17.1,2025-02-25,22
30.1_17.1,2025-02-26,17
30.1_17.1,2025-02-27,32
30.1_17.1,2025-02-28,2
30.1_17.1,2025-03-01,40
30.1_17.1,2025-03-02,39
30.1_17.1,2025-03-03,16
30.1_17.1,2025-03-04,28
30.1_17.1,2025-03-05,38
30.1_17.1,2025-03-06,34
30.1_17.1,2025-03-07,16
30.1_17.1,2025-03-08,23
30.1_17.1,2025-03-09,24
30.1_17.1,2025-03-10,15
30.1_17.1,2025-03-11,0
30.1_17.1,2025-03-12,9
30.1_17.1,2025-03-13,15
30.1_17.1,2025-03-14,36
30.1_17.1,2025-03-15,41
30.1_17.1,2025-03-16,29
30.1_17.1,2025-03-17,27
30.1_17.1,2025-03-18,33
30.1_17.1,2025-03-19,39
30.1_17.1,2025-03-20,30
30.1_17.1,2025-03-21,16
30.1_17.1,2025-03-22,28
30.1_17.1,2025-03-23,30
30.1_17.1,2025-03-24,27
30.1_17.1,2025-03-25,8
30.1_17.1,2025-03-26,22
30.1_17.1,2025-03-27,16
30.1_17.1,2025-03-28,18
30.1_17.1,2025-03-29,0
30.1_17.1,2025-03-30,0
30.1_17.1,2025-03-31,0
30.1_17.1,2025-04-01,0
30.1_17.1,2025-04-02,0
30.1_17.1,2025-04-03,0
30.1_17.1,2025-04-04,0
30.1_17.1,2025-04-05,0
30.1_17.1,2025-04-06,0
30.1_17.1,2025-04-07,0
30.1_17.1,2025-04-08,0
30.1_17.1,2025-04-09,0
30.1_17.1,2025-04-10,0
30.1_17.1,2025-04-11,0
30.1_17.1,2025-04-12,0
30.1_17.1,2025-04-13,0
30.1_17.1,2025-04-14,0
30.1_17.1,2025-04-15,0
30.1_17.1,2025-04-16,0
30.1_17.1,2025-04-17,0
30.1_17.1,2025-04-18,0
30.1_17.1,2025-04-19,0
30.1_17.1,2025-04-20,0
30.1_17.1,2025-04-21,0
30.1_17.1,2025-04-22,0
30.1_17.1,2025-04-23,0
30.1_17.1,2025-04-24,0
30.1_17.1,2025-04-25,0
30.1_17.1,2025-04-26,0
30.1_17.1,2025-04-27,0
30.1_17.1,2025-04-28,0
30.1_17.1,2025-04-29,0
30.1_17.1,2025-04-30,0
30.1_17.1,2025-05-01,0
30.1_17.1,2025-05-02,0
30.1_17.1,2025-05-03,0
30.1_17.1,2025-05-04,0
30.1_17.1,2025-05-05,0
30.1_17.1,2025-05-06,0
30.1_17.1,2025-05-07,0
30.1_17.1,2025-05-08,0
30.1_17.1,2025-05-09,0
30.1_17.1,2025-05-10,0
30.1_17.1,2025-05-11,0
30.1_17.1,2025-05-12,0
30.1_17.1,2025-05-13,0
30.1_17.1,2025-05-14,0
30.1_17.1,2025-05-15,0
30.1_17.1,2025-05-16,0
30.1_17.1,2025-05-17,0
30.1_17.1,2025-05-18,0
30.1_17.1,2025-05-19,0
30.1_17.1,2025-05-20,0
30.1_17.1,2025-05-21,0
30.1_17.1,2025-05-22,0
30.1_17.1,2025-05-23,0
30.1_17.1,2025-05-24,0
30.1_17.1,2025-05-25,0
30.1_17.1,2025-05-26,0
30.1_17.1,2025-05-27,0
30.1_17.1,2025-05-28,0
30.1_17.1,2025-05-29,0
30.1_17.1,2025-05-30,0
30.1_17.1,2025-05-31,0
30.1_17.1,2025-06-01,0
30.1_17.1,2025-06-02,0
30.1_17.1,2025-06-03,0
30.1_17.1,2025-06-04,0
30.1_17.1,2025-06-05,0
30.1_17.1,2025-06-06,0
30.1_17.1,2025-06-07,0
30.1_17.1,2025-06-08,0
30.1_17.1,2025-06-09,0
30.1_17.1,2025-06-10,0
30.1_17.1,2025-06-11,0
30.1_17.1,2025-06-12,0
30.1_17.1,2025-06-13,0
30.1_17.1,2025-06-14,0
30.1_17.1,2025-06-15,0
30.1_17.1,2025-06-16,0
30.1_17.1,2025-06-17,0
30.1_17.1,2025-06-18,0
30.1_17.1,2025-06-19,0
30.1_17.1,2025-06-20,0
30.1_17.1,2025-06-21,0
30.1_17.1,2025-06-22,0
30.1_17.1,2025-06-23,0
30.1_17.1,2025-06-24,0
30.1_17.1,2025-06-25,0
30.1_17.1,2025-06-26,0
30.1_17.1,2025-06-27,0
30.1_17.1,2025-06-28,0
30.1_17.1,2025-06-29,0
30.1_17.1,2025-06-30,0
30.1_17.1,2025-07-01,0
30.1_17.1,2025-07-02,0
30.1_17.1,2025-07-03,0
30.1_17.1,2025-07-04,0
30.1_17.1,2025-07-05,0
30.1_17.1,2025-07-06,0
30.1_17.1,2025-07-07,0
30.1_17.1,2025-07-08,0
30.1_17.1,2025-07-09,0
30.1_17.1,2025-07-10,0
30.1_17.1,2025-07-11,0
30.1_17.1,2025-07-12,0
30.1_17.1,2025-07-13,0
30.1_17.1,2025-07-14,0
30.1_17.1,2025-07-15,0
30.1_17.1,2025-07-16,0
30.1_17.1,2025-07-17,0
30.1_17.1,2025-07-18,0
30.1_17.1,2025-07-19,0
30.1_17.1,2025-07-20,0
30.1_17.1,2025-07-21,0
30.1_17.1,2025-07-22,0
30.1_17.1,2025-07-23,0
30.1_17.1,2025-07-24,0
30.1_17.1,2025-07-25,0
30.1_17.1,2025-07-26,0
30.1_17.1,2025-07-27,0
30.1_17.1,2025-07-28,0
30.1_17.1,2025-07-29,0
30.1_17.1,2025-07-30,0
30.1_17.1,2025-07-31,0
30.1_17.1,2025-08-01,0
30.1_17.1,2025-08-02,0
30.1_17.1,2025-08-03,0
30.1_17.1,2025-08-04,0
30.1_17.1,2025-08-05,0
30.1_17.1,2025-08-06,0
30.1_17.1,2025-08-07,0
30.1_17.1,2025-08-08,0
30.1_17.1,2025-08-09,0
30.1_17.1,2025-08-10,0
30.1_17.1,2025-08-11,0
30.1_17.1,2025-08-12,0
30.1_17.1,2025-08-13,0
30.1_17.1,2025-08-14,0
30.1_17.1,2025-08-15,0
30.1_17.1,2025-08-16,0
30.1_17.1,2025-08-17,0
30.1_17.1,2025-08-18,0
30.1_17.1,2025-08-19,0
30.1_17.1,2025-08-20,0
30.1_17.1,2025-08-21,0
30.1_17.1,2025-08-22,0
30.1_17.1,2025-08-23,0
30.1_17.1,2025-08-24,0
30.1_17.1,2025-08-25,0
30.1_17.1,2025-08-26,0
30.1_17.1,2025-08-27,0
30.1_17.1,2025-08-28,0
30.1_17.1,2025-08-29,0
30.1_17.1,2025-08-30,0
30.1_17.1,2025-08-31,0
30.1_17.1,2025-09-01,0
30.1_17.1,2025-09-02,0
30.1_17.1,2025-09-03,0
30.1_17.1,2025-09-04,0
30.1_17.1,2025-09-05,0
30.1_17.1,2025-09-06,0
30.1_17.1,2025-09-07,0
30.1_17.1,2025-09-08,0
30.1_17.1,2025-09-09,0
30.1_17.1,2025-09-10,0
30.1_17.1,2025-09-11,0
30.1_17.1,2025-09-12,0
30.1_17.1,2025-09-13,0
30.1_17.1,2025-09-14,0
30.1_17.1,2025-09-15,0
30.1_17.1,2025-09-16,0
30.1_17.1,2025-09-17,0
30.1_17.1,2025-09-18,0
30.1_17.1,2025-09-19,0
30.1_17.1,2025-09-20,0
30.1_17.1,2025-09-21,0
30.1_17.1,2025-09-22,0
30.1_17.1,2025-09-23,0
30.1_17.1,2025-09-24,0
30.1_17.1,2025-09-25,0
30.1_17.1,2025-09-26,0
30.1_17.1,2025-09-27,0
30.1_17.1,2025-09-28,0
30.1_17.1,2025-09-29,0
30.1_17.1,2025-09-30,0
30.1_17.1,2025-10-01,0
30.1_17.1,2025-10-02,0
30.1_17.1,2025-10-03,0
30.1_17.1,2025-10-04,0
30.1_17.1,2025-10-05,0
30.1_17.1,2025-10-06,0
30.1_17.1,2025-10-07,0
30.1_17.1,2025-10-08,0
30.1_17.1,2025-10-09,0
30.1_17.1,2025-10-10,0
30.1_17.1,2025-10-11,0
30.1_17.1,2025-10-12,0
30.1_17.1,2025-10-13,0
30.1_17.1,2025-10-14,0
30.1_17.1,2025-10-15,0
30.1_17.1,2025-10-16,0
30.1_17.1,2025-10-17,0
30.1_17.1,2025-10-18,0
30.1_17.1,2025-10-19,0
30.1_17.1,2025-10-20,0
30.1_17.1,2025-10-21,0
30.1_17.1,2025-10-22,0
30.1_17.1,2025-10-23,0
30.1_17.1,2025-10-24,0
30.1_17.1,2025-10-25,0
30.1_17.1,2025-10-26,0
30.1_17.1,2025-10-27,0
30.1_17.1,2025-10-28,0
30.1_17.1,2025-10-29,0
30.1_17.1,2025-10-30,0
30.1_17.1,2025-10-31,0
30.1_17.1,2025-11-01,0
30.1_17.1,2025-11-02,0
30.1_17.1,2025-11-03,0
30.1_17.1,2025-11-04,0
30.1_17.1,2025-11-05,0
30.1_17.1,2025-11-06,0
30.1_17.1,2025-11-07,0
30.1_17.1,2025-11-08,0
30.1_17.1,2025-11-09,0
30.1_17.1,2025-11-10,0
30.1_17.1,2025-11-11,0
30.1_17.1,2025-11-12,0
30.1_17.1,2025-11-13,0
30.1_17.1,2025-11-14,0
30.1_17.1,2025-11-15,0
30.1_17.1,2025-11-16,0
30.1_17.1,2025-11-17,0
30.1_17.1,2025-11-18,0
30.1_17.1,2025-11-19,0
30.1_17.1,2025-11-20,0
30.1_17.1,2025-11-21,0
30.1_17.1,2025-11-22,0
30.1_17.1,2025-11-23,0
30.1_17.1,2025-11-24,0
30.1_17.1,2025-11-25,0
30.1_17.1,2025-11-26,0
30.1_17.1,2025-11-27,0
30.1_17.1,2025-11-28,0
30.1_17.1,2025-11-29,0
30.1_17.1,2025-11-30,0
30.1_17.1,2025-12-01,0
30.1_17.1,2025-12-02,0
30.1_17.1,2025-12-03,0
30.1_17.1,2025-12-04,0
30.1_17.1,2025-12-05,0
30.1_17.1,2025-12-06,0
30.1_17.1,2025-12-07,0
30.1_17.1,2025-12-08,0
30.1_17.1,2025-12-09,0
30.1_17.1,2025-12-10,0
30.1_17.1,2025-12-11,0
30.1_17.1,2025-12-12,0
30.1_17.1,2025-12-13,0
30.1_17.1,2025-12-14,0
30.1_17.1,2025-12-15,0
30.1_17.1,2025-12-16,0
30.1_17.1,2025-12-17,0
30.1_17.1,2025-12-18,0
30.1_17.1,2025-12-19,0
30.1_17.1,2025-12-20,0
30.1_17.1,2025-12-21,0
30.1_17.1,2025-12-22,0
30.1_17.1,2025-12-23,0
30.1_17.1,2025-12-24,0
30.1_17.1,2025-12-25,0
30.1_17.1,2025-12-26,0
30.1_17.1,2025-12-27,0
30.1_17.1,2025-12-28,0
30.1_17.1,2025-12-29,0
30.1_17.1,2025-12-30,0
30.1_17.1,2025-12-31,0
30.2,2024-11-01,0
30.2,2024-11-02,0
30.2,2024-11-03,0
30.2,2024-11-04,0
30.2,2024-11-05,0
30.2,2024-11-06,0
30.2,2024-11-07,0
30.2,2024-11-08,0
30.2,2024-11-09,0
30.2,2024-11-10,0
30.2,2024-11-11,0
30.2,2024-11-12,0
30.2,2024-11-13,0
30.2,2024-11-14,0
30.2,2024-11-15,0
30.2,2024-11-16,0
30.2,2024-11-17,0
30.2,2024-11-18,0
30.2,2024-11-19,0
30.2,2024-11-20,0
30.2,2024-11-21,0
30.2,2024-11-22,0
30.2,2024-11-23,0
30.2,2024-11-24,0
30.2,2024-11-25,0
30.2,2024-11-26,0
30.2,2024-11-27,0
30.2,2024-11-28,0
30.2,2024-11-29,0
30.2,2024-11-30,0
30.2,2024-12-01,0
30.2,2024-12-02,0
30.2,2024-12-03,0
30.2,2024-12-04,0
30.2,2024-12-05,0
30.2,2024-12-06,0
30.2,2024-12-07,0
30.2,2024-12-08,0
30.2,2024-12-09,0
30.2,2024-12-10,0
30.2,2024-12-11,0
30.2,2024-12-12,0
30.2,2024-12-13,0
30.2,2024-12-14,0
30.2,2024-12-15,0
30.2,2024-12-16,0
30.2,2024-12-17,0
30.2,2024-12-18,0
30.2,2024-12-19,0
30.2,2024-12-20,0
30.2,2024-12-21,0
30.2,2024-12-22,0
30.2,2024-12-23,0
30.2,2024-12-24,0
30.2,2024-12-25,0
30.2,2024-12-26,0
30.2,2024-12-27,0
30.2,2024-12-28,0
30.2,2024-12-29,0
30.2,2024-12-30,0
30.2,2024-12-31,0
30.2,2025-01-01,0
30.2,2025-01-02,0
30.2,2025-01-03,0
30.2,2025-01-04,0
30.2,2025-01-05,0
30.2,2025-01-06,0
30.2,2025-01-07,0
30.2,2025-01-08,0
30.2,2025-01-09,0
30.2,2025-01-10,0
30.2,2025-01-11,0
30.2,2025-01-12,0
30.2,2025-01-13,0
30.2,2025-01-14,0
30.2,2025-01-15,0
30.2,2025-01-16,0
30.2,2025-01-17,0
30.2,2025-01-18,0
30.2,2025-01-19,0
30.2,2025-01-20,0
30.2,2025-01-21,0
30.2,2025-01-22,0
30.2,2025-01-23,0
30.2,2025-01-24,0
30.2,2025-01-25,0
30.2,2025-01-26,0
30.2,2025-01-27,0
30.2,2025-01-28,0
30.2,2025-01-29,0
30.2,2025-01-30,0
30.2,2025-01-31,0
30.2,2025-02-01,0
30.2,2025-02-02,0
30.2,2025-02-03,0
30.2,2025-02-04,0
30.2,2025-02-05,0
30.2,2025-02-06,0
30.2,2025-02-07,0
30.2,2025-02-08,0
30.2,2025-02-09,0
30.2,2025-02-10,0
30.2,2025-02-11,0
30.2,2025-02-12,0
30.2,2025-02-13,0
30.2,2025-02-14,0
30.2,2025-02-15,0
30.2,2025-02-16,0
30.2,2025-02-17,0
30.2,2025-02-18,0
30.2,2025-02-19,0
30.2,2025-02-20,0
30.2,2025-02-21,0
30.2,2025-02-22,0
30.2,2025-02-23,0
30.2,2025-02-24,0
30.2,2025-02-25,0
30.2,2025-02-26,0
30.2,2025-02-27,0
30.2,2025-02-28,0
30.2,2025-03-01,0
30.2,2025-03-02,0
30.2,2025-03-03,0
30.2,2025-03-04,0
30.2,2025-03-05,0
30.2,2025-03-06,0
30.2,2025-03-07,0
30.2,2025-03-08,0
30.2,2025-03-09,0
30.2,2025-03-10,0
30.2,2025-03-11,0
30.2,2025-03-12,0
30.2,2025-03-13,0
30.2,2025-03-14,0
30.2,2025-03-15,0
30.2,2025-03-16,0
30.2,2025-03-17,0
30.2,2025-03-18,0
30.2,2025-03-19,0
30.2,2025-03-20,0
30.2,2025-03-21,0
30.2,2025-03-22,0
30.2,2025-03-23,0
30.2,2025-03-24,0
30.2,2025-03-25,0
30.2,2025-03-26,0
30.2,2025-03-27,0
30.2,2025-03-28,0
30.2,2025-03-29,0
30.2,2025-03-30,0
30.2,2025-03-31,0
30.2,2025-04-01,0
30.2,2025-04-02,0
30.2,2025-04-03,0
30.2,2025-04-04,0
30.2,2025-04-05,0
30.2,2025-04-06,0
30.2,2025-04-07,0
30.2,2025-04-08,0
30.2,2025-04-09,0
30.2,2025-04-10,0
30.2,2025-04-11,0
30.2,2025-04-12,0
30.2,2025-04-13,0
30.2,2025-04-14,0
30.2,2025-04-15,0
30.2,2025-04-16,0
30.2,2025-04-17,0
30.2,2025-04-18,0
30.2,2025-04-19,0
30.2,2025-04-20,0
30.2,2025-04-21,0
30.2,2025-04-22,0
30.2,2025-04-23,0
30.2,2025-04-24,0
30.2,2025-04-25,0
30.2,2025-04-26,0
30.2,2025-04-27,0
30.2,2025-04-28,0
30.2,2025-04-29,0
30.2,2025-04-30,0
30.2,2025-05-01,0
30.2,2025-05-02,0
30.2,2025-05-03,0
30.2,2025-05-04,0
30.2,2025-05-05,0
30.2,2025-05-06,0
30.2,2025-05-07,0
30.2,2025-05-08,0
30.2,2025-05-09,0
30.2,2025-05-10,0
30.2,2025-05-11,0
30.2,2025-05-12,0
30.2,2025-05-13,0
30.2,2025-05-14,0
30.2,2025-05-15,0
30.2,2025-05-16,0
30.2,2025-05-17,0
30.2,2025-05-18,0
30.2,2025-05-19,0
30.2,2025-05-20,0
30.2,2025-05-21,0
30.2,2025-05-22,0
30.2,2025-05-23,0
30.2,2025-05-24,0
30.2,2025-05-25,0
30.2,2025-05-26,0
30.2,2025-05-27,0
30.2,2025-05-28,0
30.2,2025-05-29,0
30.2,2025-05-30,0
30.2,2025-05-31,0
30.2,2025-06-01,0
30.2,2025-06-02,0
30.2,2025-06-03,0
30.2,2025-06-04,0
30.2,2025-06-05,0
30.2,2025-06-06,0
30.2,2025-06-07,0
30.2,2025-06-08,0
30.2,2025-06-09,0
30.2,2025-06-10,0
30.2,2025-06-11,0
30.2,2025-06-12,0
30.2,2025-06-13,0
30.2,2025-06-14,0
30.2,2025-06-15,0
30.2,2025-06-16,0
30.2,2025-06-17,0
30.2,2025-06-18,0
30.2,2025-06-19,0
30.2,2025-06-20,0
30.2,2025-06-21,0
30.2,2025-06-22,0
30.2,2025-06-23,0
30.2,2025-06-24,0
30.2,2025-06-25,0
30.2,2025-06-26,0
30.2,2025-06-27,0
30.2,2025-06-28,0
30.2,2025-06-29,0
30.2,2025-06-30,0
30.2,2025-07-01,0
30.2,2025-07-02,0
30.2,2025-07-03,0
30.2,2025-07-04,0
30.2,2025-07-05,0
30.2,2025-07-06,0
30.2,2025-07-07,0
30.2,2025-07-08,0
30.2,2025-07-09,0
30.2,2025-07-10,0
30.2,2025-07-11,0
30.2,2025-07-12,0
30.2,2025-07-13,0
30.2,2025-07-14,0
30.2,2025-07-15,0
30.2,2025-07-16,0
30.2,2025-07-17,0
30.2,2025-07-18,0
30.2,2025-07-19,0
30.2,2025-07-20,0
30.2,2025-07-21,0
30.2,2025-07-22,0
30.2,2025-07-23,0
30.2,2025-07-24,0
30.2,2025-07-25,0
30.2,2025-07-26,0
30.2,2025-07-27,0
30.2,2025-07-28,0
30.2,2025-07-29,0
30.2,2025-07-30,0
30.2,2025-07-31,0
30.2,2025-08-01,0
30.2,2025-08-02,0
30.2,2025-08-03,0
30.2,2025-08-04,0
30.2,2025-08-05,0
30.2,2025-08-06,0
30.2,2025-08-07,0
30.2,2025-08-08,0
30.2,2025-08-09,0
30.2,2025-08-10,0
30.2,2025-08-11,0
30.2,2025-08-12,0
30.2,2025-08-13,0
30.2,2025-08-14,0
30.2,2025-08-15,0
30.2,2025-08-16,0
30.2,2025-08-17,0
30.2,2025-08-18,0
30.2,2025-08-19,0
30.2,2025-08-20,0
30.2,2025-08-21,0
30.2,2025-08-22,0
30.2,2025-08-23,0
30.2,2025-08-24,0
30.2,2025-08-25,0
30.2,2025-08-26,0
30.2,2025-08-27,0
30.2,2025-08-28,0
30.2,2025-08-29,0
30.2,2025-08-30,0
30.2,2025-08-31,0
30.2,2025-09-01,0
30.2,2025-09-02,0
30.2,2025-09-03,0
30.2,2025-09-04,0
30.2,2025-09-05,0
30.2,2025-09-06,0
30.2,2025-09-07,0
30.2,2025-09-08,0
30.2,2025-09-09,0
30.2,2025-09-10,0
30.2,2025-09-11,0
30.2,2025-09-12,0
30.2,2025-09-13,0
30.2,2025-09-14,0
30.2,2025-09-15,0
30.2,2025-09-16,0
30.2,2025-09-17,0
30.2,2025-09-18,0
30.2,2025-09-19,0
30.2,2025-09-20,0
30.2,2025-09-21,0
30.2,2025-09-22,0
30.2,2025-09-23,0
30.2,2025-09-24,0
30.2,2025-09-25,0
30.2,2025-09-26,0
30.2,2025-09-27,0
30.2,2025-09-28,0
30.2,2025-09-29,0
30.2,2025-09-30,0
30.2,2025-10-01,0
30.2,2025-10-02,0
30.2,2025-10-03,0
30.2,2025-10-04,0
30.2,2025-10-05,0
30.2,2025-10-06,0
30.2,2025-10-07,0
30.2,2025-10-08,0
30.2,2025-10-09,0
30.2,2025-10-10,0
30.2,2025-10-11,0
30.2,2025-10-12,0
30.2,2025-10-13,0
30.2,2025-10-14,0
30.2,2025-10-15,0
30.2,2025-10-16,0
30.2,2025-10-17,0
30.2,2025-10-18,0
30.2,2025-10-19,0
30.2,2025-10-20,0
30.2,2025-10-21,0
30.2,2025-10-22,0
30.2,2025-10-23,0
30.2,2025-10-24,0
30.2,2025-10-25,0
30.2,2025-10-26,0
30.2,2025-10-27,0
30.2,2025-10-28,0
30.2,2025-10-29,0
30.2,2025-10-30,0
30.2,2025-10-31,0
30.2,2025-11-01,0
30.2,2025-11-02,0
30.2,2025-11-03,0
30.2,2025-11-04,0
30.2,2025-11-05,0
30.2,2025-11-06,0
30.2,2025-11-07,0
30.2,2025-11-08,0
30.2,2025-11-09,0
30.2,2025-11-10,0
30.2,2025-11-11,0
30.2,2025-11-12,0
30.2,2025-11-13,0
30.2,2025-11-14,0
30.2,2025-11-15,0
30.2,2025-11-16,0
30.2,2025-11-17,0
30.2,2025-11-18,0
30.2,2025-11-19,0
30.2,2025-11-20,0
30.2,2025-11-21,0
30.2,2025-11-22,0
30.2,2025-11-23,0
30.2,2025-11-24,0
30.2,2025-11-25,0
30.2,2025-11-26,0
30.2,2025-11-27,0
30.2,2025-11-28,0
30.2,2025-11-29,0
30.2,2025-11-30,0
30.2,2025-12-01,0
30.2,2025-12-02,0
30.2,2025-12-03,0
30.2,2025-12-04,0
30.2,2025-12-05,0
30.2,2025-12-06,0
30.2,2025-12-07,0
30.2,2025-12-08,0
30.2,2025-12-09,18
30.2,2025-12-10,47
30.2,2025-12-11,45
30.2,2025-12-12,40
30.2,2025-12-13,41
30.2,2025-12-14,42
30.2,2025-12-15,40
30.2,2025-12-16,42
30.2,2025-12-17,41
30.2,2025-12-18,40
30.2,2025-12-19,41
30.2,2025-12-20,39
30.2,2025-12-21,36
30.2,2025-12-22,39
30.2,2025-12-23,41
30.2,2025-12-24,41
30.2,2025-12-25,39
30.2,2025-12-26,42
30.2,2025-12-27,41
30.2,2025-12-28,41
30.2,2025-12-29,43
30.2,2025-12-30,42
30.2,2025-12-31,41
31.1,2024-11-01,0
31.1,2024-11-02,0
31.1,2024-11-03,0
31.1,2024-11-04,0
31.1,2024-11-05,0
31.1,2024-11-06,0
31.1,2024-11-07,0
31.1,2024-11-08,0
31.1,2024-11-09,0
31.1,2024-11-10,0
31.1,2024-11-11,0
31.1,2024-11-12,0
31.1,2024-11-13,0
31.1,2024-11-14,0
31.1,2024-11-15,0
31.1,2024-11-16,0
31.1,2024-11-17,0
31.1,2024-11-18,0
31.1,2024-11-19,0
31.1,2024-11-20,0
31.1,2024-11-21,0
31.1,2024-11-22,0
31.1,2024-11-23,0
31.1,2024-11-24,0
31.1,2024-11-25,0
31.1,2024-11-26,0
31.1,2024-11-27,0
31.1,2024-11-28,0
31.1,2024-11-29,0
31.1,2024-11-30,0
31.1,2024-12-01,0
31.1,2024-12-02,0
31.1,2024-12-03,0
31.1,2024-12-04,0
31.1,2024-12-05,0
31.1,2024-12-06,0
31.1,2024-12-07,0
31.1,2024-12-08,0
31.1,2024-12-09,0
31.1,2024-12-10,0
31.1,2024-12-11,0
31.1,2024-12-12,0
31.1,2024-12-13,0
31.1,2024-12-14,0
31.1,2024-12-15,0
31.1,2024-12-16,0
31.1,2024-12-17,0
31.1,2024-12-18,0
31.1,2024-12-19,0
31.1,2024-12-20,0
31.1,2024-12-21,0
31.1,2024-12-22,0
31.1,2024-12-23,0
31.1,2024-12-24,0
31.1,2024-12-25,0
31.1,2024-12-26,0
31.1,2024-12-27,0
31.1,2024-12-28,0
31.1,2024-12-29,0
31.1,2024-12-30,0
31.1,2024-12-31,0
31.1,2025-01-01,0
31.1,2025-01-02,0
31.1,2025-01-03,0
31.1,2025-01-04,0
31.1,2025-01-05,0
31.1,2025-01-06,0
31.1,2025-01-07,0
31.1,2025-01-08,0
31.1,2025-01-09,0
31.1,2025-01-10,0
31.1,2025-01-11,0
31.1,2025-01-12,0
31.1,2025-01-13,0
31.1,2025-01-14,0
31.1,2025-01-15,0
31.1,2025-01-16,0
31.1,2025-01-17,0
31.1,2025-01-18,0
31.1,2025-01-19,0
31.1,2025-01-20,0
31.1,2025-01-21,0
31.1,2025-01-22,0
31.1,2025-01-23,0
31.1,2025-01-24,0
31.1,2025-01-25,0
31.1,2025-01-26,0
31.1,2025-01-27,0
31.1,2025-01-28,0
31.1,2025-01-29,0
31.1,2025-01-30,0
31.1,2025-01-31,0
31.1,2025-02-01,0
31.1,2025-02-02,0
31.1,2025-02-03,0
31.1,2025-02-04,0
31.1,2025-02-05,0
31.1,2025-02-06,0
31.1,2025-02-07,0
31.1,2025-02-08,0
31.1,2025-02-09,0
31.1,2025-02-10,0
31.1,2025-02-11,0
31.1,2025-02-12,0
31.1,2025-02-13,0
31.1,2025-02-14,0
31.1,2025-02-15,0
31.1,2025-02-16,0
31.1,2025-02-17,0
31.1,2025-02-18,0
31.1,2025-02-19,0
31.1,2025-02-20,0
31.1,2025-02-21,0
31.1,2025-02-22,0
31.1,2025-02-23,0
31.1,2025-02-24,0
31.1,2025-02-25,0
31.1,2025-02-26,0
31.1,2025-02-27,0
31.1,2025-02-28,0
31.1,2025-03-01,0
31.1,2025-03-02,0
31.1,2025-03-03,0
31.1,2025-03-04,0
31.1,2025-03-05,0
31.1,2025-03-06,0
31.1,2025-03-07,0
31.1,2025-03-08,0
31.1,2025-03-09,0
31.1,2025-03-10,0
31.1,2025-03-11,0
31.1,2025-03-12,0
31.1,2025-03-13,0
31.1,2025-03-14,0
31.1,2025-03-15,0
31.1,2025-03-16,0
31.1,2025-03-17,0
31.1,2025-03-18,0
31.1,2025-03-19,0
31.1,2025-03-20,0
31.1,2025-03-21,0
31.1,2025-03-22,0
31.1,2025-03-23,0
31.1,2025-03-24,0
31.1,2025-03-25,0
31.1,2025-03-26,0
31.1,2025-03-27,0
31.1,2025-03-28,0
31.1,2025-03-29,0
31.1,2025-03-30,0
31.1,2025-03-31,0
31.1,2025-04-01,0
31.1,2025-04-02,0
31.1,2025-04-03,0
31.1,2025-04-04,0
31.1,2025-04-05,0
31.1,2025-04-06,0
31.1,2025-04-07,0
31.1,2025-04-08,0
31.1,2025-04-09,0
31.1,2025-04-10,0
31.1,2025-04-11,0
31.1,2025-04-12,0
31.1,2025-04-13,0
31.1,2025-04-14,0
31.1,2025-04-15,0
31.1,2025-04-16,0
31.1,2025-04-17,0
31.1,2025-04-18,0
31.1,2025-04-19,0
31.1,2025-04-20,0
31.1,2025-04-21,0
31.1,2025-04-22,0
31.1,2025-04-23,0
31.1,2025-04-24,0
31.1,2025-04-25,0
31.1,2025-04-26,0
31.1,2025-04-27,0
31.1,2025-04-28,0
31.1,2025-04-29,0
31.1,2025-04-30,0
31.1,2025-05-01,0
31.1,2025-05-02,0
31.1,2025-05-03,0
31.1,2025-05-04,0
31.1,2025-05-05,0
31.1,2025-05-06,0
31.1,2025-05-07,0
31.1,2025-05-08,0
31.1,2025-05-09,0
31.1,2025-05-10,0
31.1,2025-05-11,0
31.1,2025-05-12,0
31.1,2025-05-13,0
31.1,2025-05-14,0
31.1,2025-05-15,0
31.1,2025-05-16,0
31.1,2025-05-17,0
31.1,2025-05-18,0
31.1,2025-05-19,0
31.1,2025-05-20,0
31.1,2025-05-21,0
31.1,2025-05-22,0
31.1,2025-05-23,0
31.1,2025-05-24,0
31.1,2025-05-25,0
31.1,2025-05-26,0
31.1,2025-05-27,0
31.1,2025-05-28,0
31.1,2025-05-29,0
31.1,2025-05-30,0
31.1,2025-05-31,0
31.1,2025-06-01,0
31.1,2025-06-02,0
31.1,2025-06-03,0
31.1,2025-06-04,0
31.1,2025-06-05,0
31.1,2025-06-06,0
31.1,2025-06-07,0
31.1,2025-06-08,0
31.1,2025-06-09,0
31.1,2025-06-10,0
31.1,2025-06-11,14
31.1,2025-06-12,48
31.1,2025-06-13,48
31.1,2025-06-14,25
31.1,2025-06-15,0
31.1,2025-06-16,0
31.1,2025-06-17,0
31.1,2025-06-18,0
31.1,2025-06-19,0
31.1,2025-06-20,0
31.1,2025-06-21,0
31.1,2025-06-22,0
31.1,2025-06-23,0
31.1,2025-06-24,0
31.1,2025-06-25,0
31.1,2025-06-26,0
31.1,2025-06-27,0
31.1,2025-06-28,0
31.1,2025-06-29,0
31.1,2025-06-30,0
31.1,2025-07-01,0
31.1,2025-07-02,0
31.1,2025-07-03,0
31.1,2025-07-04,0
31.1,2025-07-05,0
31.1,2025-07-06,0
31.1,2025-07-07,0
31.1,2025-07-08,0
31.1,2025-07-09,0
31.1,2025-07-10,0
31.1,2025-07-11,0
31.1,2025-07-12,0
31.1,2025-07-13,0
31.1,2025-07-14,0
31.1,2025-07-15,0
31.1,2025-07-16,0
31.1,2025-07-17,0
31.1,2025-07-18,0
31.1,2025-07-19,0
31.1,2025-07-20,0
31.1,2025-07-21,0
31.1,2025-07-22,0
31.1,2025-07-23,0
31.1,2025-07-24,0
31.1,2025-07-25,0
31.1,2025-07-26,0
31.1,2025-07-27,0
31.1,2025-07-28,0
31.1,2025-07-29,0
31.1,2025-07-30,0
31.1,2025-07-31,0
31.1,2025-08-01,0
31.1,2025-08-02,0
31.1,2025-08-03,0
31.1,2025-08-04,0
31.1,2025-08-05,0
31.1,2025-08-06,0
31.1,2025-08-07,0
31.1,2025-08-08,0
31.1,2025-08-09,0
31.1,2025-08-10,0
31.1,2025-08-11,0
31.1,2025-08-12,0
31.1,2025-08-13,0
31.1,2025-08-14,0
31.1,2025-08-15,0
31.1,2025-08-16,0
31.1,2025-08-17,0
31.1,2025-08-18,0
31.1,2025-08-19,0
31.1,2025-08-20,0
31.1,2025-08-21,0
31.1,2025-08-22,0
31.1,2025-08-23,0
31.1,2025-08-24,0
31.1,2025-08-25,0
31.1,2025-08-26,0
31.1,2025-08-27,0
31.1,2025-08-28,0
31.1,2025-08-29,0
31.1,2025-08-30,0
31.1,2025-08-31,0
31.1,2025-09-01,0
31.1,2025-09-02,0
31.1,2025-09-03,0
31.1,2025-09-04,0
31.1,2025-09-05,0
31.1,2025-09-06,0
31.1,2025-09-07,0
31.1,2025-09-08,0
31.1,2025-09-09,0
31.1,2025-09-10,0
31.1,2025-09-11,0
31.1,2025-09-12,0
31.1,2025-09-13,0
31.1,2025-09-14,0
31.1,2025-09-15,0
31.1,2025-09-16,0
31.1,2025-09-17,0
31.1,2025-09-18,0
31.1,2025-09-19,0
31.1,2025-09-20,0
31.1,2025-09-21,0
31.1,2025-09-22,0
31.1,2025-09-23,0
31.1,2025-09-24,0
31.1,2025-09-25,0
31.1,2025-09-26,0
31.1,2025-09-27,0
31.1,2025-09-28,0
31.1,2025-09-29,0
31.1,2025-09-30,0
31.1,2025-10-01,0
31.1,2025-10-02,0
31.1,2025-10-03,0
31.1,2025-10-04,0
31.1,2025-10-05,0
31.1,2025-10-06,0
31.1,2025-10-07,0
31.1,2025-10-08,0
31.1,2025-10-09,0
31.1,2025-10-10,0
31.1,2025-10-11,0
31.1,2025-10-12,0
31.1,2025-10-13,0
31.1,2025-10-14,0
31.1,2025-10-15,0
31.1,2025-10-16,0
31.1,2025-10-17,0
31.1,2025-10-18,0
31.1,2025-10-19,0
31.1,2025-10-20,0
31.1,2025-10-21,0
31.1,2025-10-22,0
31.1,2025-10-23,0
31.1,2025-10-24,0
31.1,2025-10-25,0
31.1,2025-10-26,0
31.1,2025-10-27,0
31.1,2025-10-28,0
31.1,2025-10-29,0
31.1,2025-10-30,0
31.1,2025-10-31,0
31.1,2025-11-01,0
31.1,2025-11-02,0
31.1,2025-11-03,0
31.1,2025-11-04,0
31.1,2025-11-05,0
31.1,2025-11-06,0
31.1,2025-11-07,0
31.1,2025-11-08,0
31.1,2025-11-09,0
31.1,2025-11-10,0
31.1,2025-11-11,0
31.1,2025-11-12,0
31.1,2025-11-13,0
31.1,2025-11-14,0
31.1,2025-11-15,0
31.1,2025-11-16,0
31.1,2025-11-17,0
31.1,2025-11-18,0
31.1,2025-11-19,0
31.1,2025-11-20,0
31.1,2025-11-21,0
31.1,2025-11-22,0
31.1,2025-11-23,0
31.1,2025-11-24,0
31.1,2025-11-25,0
31.1,2025-11-26,0
31.1,2025-11-27,0
31.1,2025-11-28,0
31.1,2025-11-29,0
31.1,2025-11-30,0
31.1,2025-12-01,0
31.1,2025-12-02,0
31.1,2025-12-03,0
31.1,2025-12-04,0
31.1,2025-12-05,0
31.1,2025-12-06,0
31.1,2025-12-07,0
31.1,2025-12-08,0
31.1,2025-12-09,0
31.1,2025-12-10,0
31.1,2025-12-11,0
31.1,2025-12-12,0
31.1,2025-12-13,0
31.1,2025-12-14,0
31.1,2025-12-15,0
31.1,2025-12-16,0
31.1,2025-12-17,0
31.1,2025-12-18,0
31.1,2025-12-19,0
31.1,2025-12-20,0
31.1,2025-12-21,0
31.1,2025-12-22,0
31.1,2025-12-23,0
31.1,2025-12-24,0
31.1,2025-12-25,0
31.1,2025-12-26,0
31.1,2025-12-27,0
31.1,2025-12-28,0
31.1,2025-12-29,0
31.1,2025-12-30,0
31.1,2025-12-31,0
31.2,2024-11-01,0
31.2,2024-11-02,0
31.2,2024-11-03,0
31.2,2024-11-04,0
31.2,2024-11-05,0
31.2,2024-11-06,0
31.2,2024-11-07,0
31.2,2024-11-08,0
31.2,2024-11-09,0
31.2,2024-11-10,0
31.2,2024-11-11,0
31.2,2024-11-12,0
31.2,2024-11-13,0
31.2,2024-11-14,0
31.2,2024-11-15,0
31.2,2024-11-16,0
31.2,2024-11-17,0
31.2,2024-11-18,0
31.2,2024-11-19,0
31.2,2024-11-20,0
31.2,2024-11-21,0
31.2,2024-11-22,0
31.2,2024-11-23,0
31.2,2024-11-24,0
31.2,2024-11-25,0
31.2,2024-11-26,0
31.2,2024-11-27,0
31.2,2024-11-28,0
31.2,2024-11-29,0
31.2,2024-11-30,0
31.2,2024-12-01,0
31.2,2024-12-02,0
31.2,2024-12-03,0
31.2,2024-12-04,0
31.2,2024-12-05,0
31.2,2024-12-06,0
31.2,2024-12-07,0
31.2,2024-12-08,0
31.2,2024-12-09,0
31.2,2024-12-10,0
31.2,2024-12-11,0
31.2,2024-12-12,0
31.2,2024-12-13,0
31.2,2024-12-14,0
31.2,2024-12-15,0
31.2,2024-12-16,0
31.2,2024-12-17,0
31.2,2024-12-18,0
31.2,2024-12-19,0
31.2,2024-12-20,0
31.2,2024-12-21,0
31.2,2024-12-22,0
31.2,2024-12-23,0
31.2,2024-12-24,0
31.2,2024-12-25,0
31.2,2024-12-26,0
31.2,2024-12-27,0
31.2,2024-12-28,0
31.2,2024-12-29,0
31.2,2024-12-30,0
31.2,2024-12-31,0
31.2,2025-01-01,0
31.2,2025-01-02,0
31.2,2025-01-03,0
31.2,2025-01-04,0
31.2,2025-01-05,0
31.2,2025-01-06,0
31.2,2025-01-07,0
31.2,2025-01-08,0
31.2,2025-01-09,0
31.2,2025-01-10,0
31.2,2025-01-11,0
31.2,2025-01-12,0
31.2,2025-01-13,0
31.2,2025-01-14,0
31.2,2025-01-15,0
31.2,2025-01-16,0
31.2,2025-01-17,0
31.2,2025-01-18,0
31.2,2025-01-19,0
31.2,2025-01-20,0
31.2,2025-01-21,0
31.2,2025-01-22,0
31.2,2025-01-23,0
31.2,2025-01-24,0
31.2,2025-01-25,0
31.2,2025-01-26,0
31.2,2025-01-27,0
31.2,2025-01-28,0
31.2,2025-01-29,0
31.2,2025-01-30,0
31.2,2025-01-31,0
31.2,2025-02-01,0
31.2,2025-02-02,0
31.2,2025-02-03,0
31.2,2025-02-04,0
31.2,2025-02-05,0
31.2,2025-02-06,0
31.2,2025-02-07,0
31.2,2025-02-08,0
31.2,2025-02-09,0
31.2,2025-02-10,0
31.2,2025-02-11,0
31.2,2025-02-12,0
31.2,2025-02-13,0
31.2,2025-02-14,0
31.2,2025-02-15,0
31.2,2025-02-16,0
31.2,2025-02-17,0
31.2,2025-02-18,0
31.2,2025-02-19,0
31.2,2025-02-20,0
31.2,2025-02-21,0
31.2,2025-02-22,0
31.2,2025-02-23,0
31.2,2025-02-24,0
31.2,2025-02-25,0
31.2,2025-02-26,0
31.2,2025-02-27,0
31.2,2025-02-28,0
31.2,2025-03-01,0
31.2,2025-03-02,0
31.2,2025-03-03,0
31.2,2025-03-04,0
31.2,2025-03-05,0
31.2,2025-03-06,0
31.2,2025-03-07,0
31.2,2025-03-08,0
31.2,2025-03-09,0
31.2,2025-03-10,0
31.2,2025-03-11,0
31.2,2025-03-12,0
31.2,2025-03-13,0
31.2,2025-03-14,0
31.2,2025-03-15,0
31.2,2025-03-16,0
31.2,2025-03-17,0
31.2,2025-03-18,0
31.2,2025-03-19,0
31.2,2025-03-20,0
31.2,2025-03-21,0
31.2,2025-03-22,0
31.2,2025-03-23,0
31.2,2025-03-24,0
31.2,2025-03-25,0
31.2,2025-03-26,0
31.2,2025-03-27,0
31.2,2025-03-28,0
31.2,2025-03-29,0
31.2,2025-03-30,0
31.2,2025-03-31,0
31.2,2025-04-01,0
31.2,2025-04-02,0
31.2,2025-04-03,0
31.2,2025-04-04,0
31.2,2025-04-05,0
31.2,2025-04-06,0
31.2,2025-04-07,0
31.2,2025-04-08,0
31.2,2025-04-09,0
31.2,2025-04-10,0
31.2,2025-04-11,0
31.2,2025-04-12,0
31.2,2025-04-13,0
31.2,2025-04-14,0
31.2,2025-04-15,0
31.2,2025-04-16,0
31.2,2025-04-17,0
31.2,2025-04-18,0
31.2,2025-04-19,0
31.2,2025-04-20,0
31.2,2025-04-21,0
31.2,2025-04-22,0
31.2,2025-04-23,0
31.2,2025-04-24,0
31.2,2025-04-25,0
31.2,2025-04-26,0
31.2,2025-04-27,0
31.2,2025-04-28,0
31.2,2025-04-29,0
31.2,2025-04-30,0
31.2,2025-05-01,0
31.2,2025-05-02,0
31.2,2025-05-03,0
31.2,2025-05-04,0
31.2,2025-05-05,0
31.2,2025-05-06,0
31.2,2025-05-07,0
31.2,2025-05-08,0
31.2,2025-05-09,0
31.2,2025-05-10,0
31.2,2025-05-11,0
31.2,2025-05-12,0
31.2,2025-05-13,0
31.2,2025-05-14,0
31.2,2025-05-15,0
31.2,2025-05-16,0
31.2,2025-05-17,0
31.2,2025-05-18,0
31.2,2025-05-19,0
31.2,2025-05-20,0
31.2,2025-05-21,0
31.2,2025-05-22,0
31.2,2025-05-23,0
31.2,2025-05-24,0
31.2,2025-05-25,0
31.2,2025-05-26,0
31.2,2025-05-27,0
31.2,2025-05-28,0
31.2,2025-05-29,0
31.2,2025-05-30,0
31.2,2025-05-31,0
31.2,2025-06-01,0
31.2,2025-06-02,0
31.2,2025-06-03,0
31.2,2025-06-04,0
31.2,2025-06-05,0
31.2,2025-06-06,0
31.2,2025-06-07,0
31.2,2025-06-08,0
31.2,2025-06-09,0
31.2,2025-06-10,0
31.2,2025-06-11,0
31.2,2025-06-12,0
31.2,2025-06-13,0
31.2,2025-06-14,0
31.2,2025-06-15,0
31.2,2025-06-16,0
31.2,2025-06-17,0
31.2,2025-06-18,0
31.2,2025-06-19,0
31.2,2025-06-20,0
31.2,2025-06-21,0
31.2,2025-06-22,0
31.2,2025-06-23,0
31.2,2025-06-24,0
31.2,2025-06-25,0
31.2,2025-06-26,0
31.2,2025-06-27,0
31.2,2025-06-28,0
31.2,2025-06-29,0
31.2,2025-06-30,0
31.2,2025-07-01,0
31.2,2025-07-02,0
31.2,2025-07-03,0
31.2,2025-07-04,0
31.2,2025-07-05,0
31.2,2025-07-06,0
31.2,2025-07-07,0
31.2,2025-07-08,0
31.2,2025-07-09,0
31.2,2025-07-10,0
31.2,2025-07-11,0
31.2,2025-07-12,0
31.2,2025-07-13,0
31.2,2025-07-14,0
31.2,2025-07-15,0
31.2,2025-07-16,0
31.2,2025-07-17,0
31.2,2025-07-18,0
31.2,2025-07-19,0
31.2,2025-07-20,0
31.2,2025-07-21,0
31.2,2025-07-22,0
31.2,2025-07-23,0
31.2,2025-07-24,0
31.2,2025-07-25,0
31.2,2025-07-26,0
31.2,2025-07-27,0
31.2,2025-07-28,0
31.2,2025-07-29,0
31.2,2025-07-30,0
31.2,2025-07-31,0
31.2,2025-08-01,0
31.2,2025-08-02,0
31.2,2025-08-03,0
31.2,2025-08-04,0
31.2,2025-08-05,0
31.2,2025-08-06,0
31.2,2025-08-07,0
31.2,2025-08-08,0
31.2,2025-08-09,0
31.2,2025-08-10,0
31.2,2025-08-11,0
31.2,2025-08-12,0
31.2,2025-08-13,0
31.2,2025-08-14,0
31.2,2025-08-15,0
31.2,2025-08-16,0
31.2,2025-08-17,0
31.2,2025-08-18,0
31.2,2025-08-19,0
31.2,2025-08-20,0
31.2,2025-08-21,0
31.2,2025-08-22,0
31.2,2025-08-23,0
31.2,2025-08-24,0
31.2,2025-08-25,0
31.2,2025-08-26,0
31.2,2025-08-27,0
31.2,2025-08-28,0
31.2,2025-08-29,0
31.2,2025-08-30,0
31.2,2025-08-31,0
31.2,2025-09-01,0
31.2,2025-09-02,0
31.2,2025-09-03,0
31.2,2025-09-04,0
31.2,2025-09-05,0
31.2,2025-09-06,0
31.2,2025-09-07,0
31.2,2025-09-08,0
31.2,2025-09-09,0
31.2,2025-09-10,0
31.2,2025-09-11,0
31.2,2025-09-12,0
31.2,2025-09-13,0
31.2,2025-09-14,0
31.2,2025-09-15,0
31.2,2025-09-16,0
31.2,2025-09-17,0
31.2,2025-09-18,0
31.2,2025-09-19,0
31.2,2025-09-20,0
31.2,2025-09-21,0
31.2,2025-09-22,0
31.2,2025-09-23,0
31.2,2025-09-24,0
31.2,2025-09-25,0
31.2,2025-09-26,0
31.2,2025-09-27,0
31.2,2025-09-28,0
31.2,2025-09-29,0
31.2,2025-09-30,0
31.2,2025-10-01,0
31.2,2025-10-02,0
31.2,2025-10-03,0
31.2,2025-10-04,0
31.2,2025-10-05,0
31.2,2025-10-06,0
31.2,2025-10-07,0
31.2,2025-10-08,7
31.2,2025-10-09,41
31.2,2025-10-10,44
31.2,2025-10-11,44
31.2,2025-10-12,45
31.2,2025-10-13,46
31.2,2025-10-14,42
31.2,2025-10-15,42
31.2,2025-10-16,46
31.2,2025-10-17,42
31.2,2025-10-18,43
31.2,2025-10-19,44
31.2,2025-10-20,39
31.2,2025-10-21,44
31.2,2025-10-22,45
31.2,2025-10-23,45
31.2,2025-10-24,40
31.2,2025-10-25,48
31.2,2025-10-26,46
31.2,2025-10-27,44
31.2,2025-10-28,46
31.2,2025-10-29,38
31.2,2025-10-30,46
31.2,2025-10-31,47
31.2,2025-11-01,44
31.2,2025-11-02,44
31.2,2025-11-03,48
31.2,2025-11-04,44
31.2,2025-11-05,47
31.2,2025-11-06,45
31.2,2025-11-07,39
31.2,2025-11-08,43
31.2,2025-11-09,44
31.2,2025-11-10,47
31.2,2025-11-11,46
31.2,2025-11-12,43
31.2,2025-11-13,46
31.2,2025-11-14,44
31.2,2025-11-15,45
31.2,2025-11-16,40
31.2,2025-11-17,44
31.2,2025-11-18,44
31.2,2025-11-19,44
31.2,2025-11-20,41
31.2,2025-11-21,42
31.2,2025-11-22,45
31.2,2025-11-23,44
31.2,2025-11-24,45
31.2,2025-11-25,48
31.2,2025-11-26,44
31.2,2025-11-27,46
31.2,2025-11-28,36
31.2,2025-11-29,41
31.2,2025-11-30,44
31.2,2025-12-01,42
31.2,2025-12-02,41
31.2,2025-12-03,46
31.2,2025-12-04,41
31.2,2025-12-05,42
31.2,2025-12-06,40
31.2,2025-12-07,45
31.2,2025-12-08,44
31.2,2025-12-09,45
31.2,2025-12-10,45
31.2,2025-12-11,40
31.2,2025-12-12,39
31.2,2025-12-13,46
31.2,2025-12-14,48
31.2,2025-12-15,48
31.2,2025-12-16,46
31.2,2025-12-17,43
31.2,2025-12-18,40
31.2,2025-12-19,42
31.2,2025-12-20,46
31.2,2025-12-21,47
31.2,2025-12-22,41
31.2,2025-12-23,42
31.2,2025-12-24,42
31.2,2025-12-25,43
31.2,2025-12-26,42
31.2,2025-12-27,43
31.2,2025-12-28,43
31.2,2025-12-29,42
31.2,2025-12-30,43
31.2,2025-12-31,40
32.2,2024-11-01,0
32.2,2024-11-02,0
32.2,2024-11-03,0
32.2,2024-11-04,0
32.2,2024-11-05,0
32.2,2024-11-06,0
32.2,2024-11-07,0
32.2,2024-11-08,0
32.2,2024-11-09,0
32.2,2024-11-10,0
32.2,2024-11-11,0
32.2,2024-11-12,0
32.2,2024-11-13,0
32.2,2024-11-14,0
32.2,2024-11-15,0
32.2,2024-11-16,0
32.2,2024-11-17,0
32.2,2024-11-18,0
32.2,2024-11-19,0
32.2,2024-11-20,0
32.2,2024-11-21,0
32.2,2024-11-22,0
32.2,2024-11-23,0
32.2,2024-11-24,0
32.2,2024-11-25,0
32.2,2024-11-26,0
32.2,2024-11-27,0
32.2,2024-11-28,0
32.2,2024-11-29,0
32.2,2024-11-30,0
32.2,2024-12-01,0
32.2,2024-12-02,0
32.2,2024-12-03,0
32.2,2024-12-04,0
32.2,2024-12-05,0
32.2,2024-12-06,0
32.2,2024-12-07,0
32.2,2024-12-08,0
32.2,2024-12-09,0
32.2,2024-12-10,0
32.2,2024-12-11,0
32.2,2024-12-12,0
32.2,2024-12-13,0
32.2,2024-12-14,0
32.2,2024-12-15,0
32.2,2024-12-16,0
32.2,2024-12-17,0
32.2,2024-12-18,0
32.2,2024-12-19,0
32.2,2024-12-20,0
32.2,2024-12-21,0
32.2,2024-12-22,0
32.2,2024-12-23,0
32.2,2024-12-24,0
32.2,2024-12-25,0
32.2,2024-12-26,0
32.2,2024-12-27,0
32.2,2024-12-28,0
32.2,2024-12-29,0
32.2,2024-12-30,0
32.2,2024-12-31,0
32.2,2025-01-01,0
32.2,2025-01-02,0
32.2,2025-01-03,0
32.2,2025-01-04,0
32.2,2025-01-05,0
32.2,2025-01-06,0
32.2,2025-01-07,0
32.2,2025-01-08,0
32.2,2025-01-09,0
32.2,2025-01-10,0
32.2,2025-01-11,0
32.2,2025-01-12,0
32.2,2025-01-13,0
32.2,2025-01-14,0
32.2,2025-01-15,0
32.2,2025-01-16,0
32.2,2025-01-17,0
32.2,2025-01-18,0
32.2,2025-01-19,0
32.2,2025-01-20,0
32.2,2025-01-21,0
32.2,2025-01-22,0
32.2,2025-01-23,0
32.2,2025-01-24,0
32.2,2025-01-25,0
32.2,2025-01-26,0
32.2,2025-01-27,0
32.2,2025-01-28,0
32.2,2025-01-29,0
32.2,2025-01-30,0
32.2,2025-01-31,0
32.2,2025-02-01,0
32.2,2025-02-02,0
32.2,2025-02-03,0
32.2,2025-02-04,0
32.2,2025-02-05,0
32.2,2025-02-06,0
32.2,2025-02-07,0
32.2,2025-02-08,0
32.2,2025-02-09,0
32.2,2025-02-10,0
32.2,2025-02-11,0
32.2,2025-02-12,0
32.2,2025-02-13,0
32.2,2025-02-14,0
32.2,2025-02-15,0
32.2,2025-02-16,0
32.2,2025-02-17,0
32.2,2025-02-18,0
32.2,2025-02-19,0
32.2,2025-02-20,0
32.2,2025-02-21,0
32.2,2025-02-22,0
32.2,2025-02-23,0
32.2,2025-02-24,0
32.2,2025-02-25,0
32.2,2025-02-26,0
32.2,2025-02-27,0
32.2,2025-02-28,0
32.2,2025-03-01,0
32.2,2025-03-02,0
32.2,2025-03-03,0
32.2,2025-03-04,0
32.2,2025-03-05,0
32.2,2025-03-06,0
32.2,2025-03-07,0
32.2,2025-03-08,0
32.2,2025-03-09,0
32.2,2025-03-10,0
32.2,2025-03-11,0
32.2,2025-03-12,0
32.2,2025-03-13,0
32.2,2025-03-14,0
32.2,2025-03-15,0
32.2,2025-03-16,0
32.2,2025-03-17,0
32.2,2025-03-18,0
32.2,2025-03-19,0
32.2,2025-03-20,0
32.2,2025-03-21,0
32.2,2025-03-22,0
32.2,2025-03-23,0
32.2,2025-03-24,0
32.2,2025-03-25,0
32.2,2025-03-26,0
32.2,2025-03-27,0
32.2,2025-03-28,0
32.2,2025-03-29,0
32.2,2025-03-30,0
32.2,2025-03-31,0
32.2,2025-04-01,0
32.2,2025-04-02,0
32.2,2025-04-03,0
32.2,2025-04-04,0
32.2,2025-04-05,0
32.2,2025-04-06,0
32.2,2025-04-07,0
32.2,2025-04-08,0
32.2,2025-04-09,0
32.2,2025-04-10,0
32.2,2025-04-11,0
32.2,2025-04-12,0
32.2,2025-04-13,0
32.2,2025-04-14,0
32.2,2025-04-15,0
32.2,2025-04-16,0
32.2,2025-04-17,0
32.2,2025-04-18,0
32.2,2025-04-19,0
32.2,2025-04-20,0
32.2,2025-04-21,0
32.2,2025-04-22,0
32.2,2025-04-23,0
32.2,2025-04-24,0
32.2,2025-04-25,0
32.2,2025-04-26,0
32.2,2025-04-27,0
32.2,2025-04-28,0
32.2,2025-04-29,0
32.2,2025-04-30,0
32.2,2025-05-01,0
32.2,2025-05-02,0
32.2,2025-05-03,0
32.2,2025-05-04,0
32.2,2025-05-05,0
32.2,2025-05-06,0
32.2,2025-05-07,0
32.2,2025-05-08,0
32.2,2025-05-09,0
32.2,2025-05-10,0
32.2,2025-05-11,0
32.2,2025-05-12,0
32.2,2025-05-13,0
32.2,2025-05-14,0
32.2,2025-05-15,0
32.2,2025-05-16,0
32.2,2025-05-17,0
32.2,2025-05-18,0
32.2,2025-05-19,0
32.2,2025-05-20,0
32.2,2025-05-21,0
32.2,2025-05-22,0
32.2,2025-05-23,0
32.2,2025-05-24,0
32.2,2025-05-25,0
32.2,2025-05-26,0
32.2,2025-05-27,0
32.2,2025-05-28,0
32.2,2025-05-29,0
32.2,2025-05-30,0
32.2,2025-05-31,0
32.2,2025-06-01,0
32.2,2025-06-02,0
32.2,2025-06-03,0
32.2,2025-06-04,0
32.2,2025-06-05,0
32.2,2025-06-06,0
32.2,2025-06-07,0
32.2,2025-06-08,0
32.2,2025-06-09,0
32.2,2025-06-10,0
32.2,2025-06-11,0
32.2,2025-06-12,0
32.2,2025-06-13,0
32.2,2025-06-14,0
32.2,2025-06-15,0
32.2,2025-06-16,0
32.2,2025-06-17,0
32.2,2025-06-18,0
32.2,2025-06-19,0
32.2,2025-06-20,0
32.2,2025-06-21,0
32.2,2025-06-22,0
32.2,2025-06-23,0
32.2,2025-06-24,0
32.2,2025-06-25,0
32.2,2025-06-26,0
32.2,2025-06-27,0
32.2,2025-06-28,0
32.2,2025-06-29,0
32.2,2025-06-30,0
32.2,2025-07-01,0
32.2,2025-07-02,0
32.2,2025-07-03,0
32.2,2025-07-04,0
32.2,2025-07-05,0
32.2,2025-07-06,0
32.2,2025-07-07,0
32.2,2025-07-08,0
32.2,2025-07-09,0
32.2,2025-07-10,0
32.2,2025-07-11,0
32.2,2025-07-12,0
32.2,2025-07-13,0
32.2,2025-07-14,0
32.2,2025-07-15,0
32.2,2025-07-16,0
32.2,2025-07-17,0
32.2,2025-07-18,0
32.2,2025-07-19,0
32.2,2025-07-20,0
32.2,2025-07-21,0
32.2,2025-07-22,0
32.2,2025-07-23,0
32.2,2025-07-24,0
32.2,2025-07-25,0
32.2,2025-07-26,0
32.2,2025-07-27,0
32.2,2025-07-28,0
32.2,2025-07-29,0
32.2,2025-07-30,0
32.2,2025-07-31,0
32.2,2025-08-01,0
32.2,2025-08-02,0
32.2,2025-08-03,0
32.2,2025-08-04,0
32.2,2025-08-05,0
32.2,2025-08-06,0
32.2,2025-08-07,0
32.2,2025-08-08,0
32.2,2025-08-09,0
32.2,2025-08-10,0
32.2,2025-08-11,0
32.2,2025-08-12,0
32.2,2025-08-13,0
32.2,2025-08-14,0
32.2,2025-08-15,0
32.2,2025-08-16,0
32.2,2025-08-17,0
32.2,2025-08-18,0
32.2,2025-08-19,0
32.2,2025-08-20,0
32.2,2025-08-21,0
32.2,2025-08-22,0
32.2,2025-08-23,0
32.2,2025-08-24,0
32.2,2025-08-25,0
32.2,2025-08-26,0
32.2,2025-08-27,0
32.2,2025-08-28,0
32.2,2025-08-29,0
32.2,2025-08-30,0
32.2,2025-08-31,0
32.2,2025-09-01,0
32.2,2025-09-02,0
32.2,2025-09-03,0
32.2,2025-09-04,0
32.2,2025-09-05,0
32.2,2025-09-06,0
32.2,2025-09-07,0
32.2,2025-09-08,0
32.2,2025-09-09,0
32.2,2025-09-10,0
32.2,2025-09-11,0
32.2,2025-09-12,0
32.2,2025-09-13,0
32.2,2025-09-14,0
32.2,2025-09-15,0
32.2,2025-09-16,0
32.2,2025-09-17,0
32.2,2025-09-18,0
32.2,2025-09-19,0
32.2,2025-09-20,0
32.2,2025-09-21,0
32.2,2025-09-22,0
32.2,2025-09-23,0
32.2,2025-09-24,0
32.2,2025-09-25,0
32.2,2025-09-26,0
32.2,2025-09-27,0
32.2,2025-09-28,0
32.2,2025-09-29,0
32.2,2025-09-30,0
32.2,2025-10-01,0
32.2,2025-10-02,0
32.2,2025-10-03,0
32.2,2025-10-04,0
32.2,2025-10-05,0
32.2,2025-10-06,0
32.2,2025-10-07,0
32.2,2025-10-08,0
32.2,2025-10-09,0
32.2,2025-10-10,0
32.2,2025-10-11,0
32.2,2025-10-12,0
32.2,2025-10-13,0
32.2,2025-10-14,0
32.2,2025-10-15,0
32.2,2025-10-16,0
32.2,2025-10-17,0
32.2,2025-10-18,0
32.2,2025-10-19,0
32.2,2025-10-20,0
32.2,2025-10-21,0
32.2,2025-10-22,0
32.2,2025-10-23,0
32.2,2025-10-24,0
32.2,2025-10-25,0
32.2,2025-10-26,0
32.2,2025-10-27,0
32.2,2025-10-28,7
32.2,2025-10-29,35
32.2,2025-10-30,42
32.2,2025-10-31,40
32.2,2025-11-01,47
32.2,2025-11-02,39
32.2,2025-11-03,42
32.2,2025-11-04,46
32.2,2025-11-05,42
32.2,2025-11-06,43
32.2,2025-11-07,45
32.2,2025-11-08,43
32.2,2025-11-09,43
32.2,2025-11-10,42
32.2,2025-11-11,43
32.2,2025-11-12,44
32.2,2025-11-13,43
32.2,2025-11-14,41
32.2,2025-11-15,45
32.2,2025-11-16,43
32.2,2025-11-17,46
32.2,2025-11-18,45
32.2,2025-11-19,32
32.2,2025-11-20,39
32.2,2025-11-21,44
32.2,2025-11-22,46
32.2,2025-11-23,42
32.2,2025-11-24,41
32.2,2025-11-25,37
32.2,2025-11-26,36
32.2,2025-11-27,44
32.2,2025-11-28,41
32.2,2025-11-29,37
32.2,2025-11-30,41
32.2,2025-12-01,44
32.2,2025-12-02,32
32.2,2025-12-03,40
32.2,2025-12-04,34
32.2,2025-12-05,42
32.2,2025-12-06,45
32.2,2025-12-07,45
32.2,2025-12-08,44
32.2,2025-12-09,44
32.2,2025-12-10,37
32.2,2025-12-11,43
32.2,2025-12-12,43
32.2,2025-12-13,38
32.2,2025-12-14,46
32.2,2025-12-15,39
32.2,2025-12-16,38
32.2,2025-12-17,42
32.2,2025-12-18,40
32.2,2025-12-19,43
32.2,2025-12-20,39
32.2,2025-12-21,46
32.2,2025-12-22,43
32.2,2025-12-23,44
32.2,2025-12-24,43
32.2,2025-12-25,44
32.2,2025-12-26,46
32.2,2025-12-27,44
32.2,2025-12-28,40
32.2,2025-12-29,39
32.2,2025-12-30,47
32.2,2025-12-31,41
33.1,2024-11-01,0
33.1,2024-11-02,0
33.1,2024-11-03,0
33.1,2024-11-04,0
33.1,2024-11-05,0
33.1,2024-11-06,0
33.1,2024-11-07,0
33.1,2024-11-08,0
33.1,2024-11-09,0
33.1,2024-11-10,0
33.1,2024-11-11,0
33.1,2024-11-12,0
33.1,2024-11-13,0
33.1,2024-11-14,0
33.1,2024-11-15,0
33.1,2024-11-16,0
33.1,2024-11-17,0
33.1,2024-11-18,0
33.1,2024-11-19,0
33.1,2024-11-20,0
33.1,2024-11-21,0
33.1,2024-11-22,0
33.1,2024-11-23,0
33.1,2024-11-24,0
33.1,2024-11-25,0
33.1,2024-11-26,0
33.1,2024-11-27,0
33.1,2024-11-28,0
33.1,2024-11-29,0
33.1,2024-11-30,0
33.1,2024-12-01,0
33.1,2024-12-02,0
33.1,2024-12-03,0
33.1,2024-12-04,0
33.1,2024-12-05,0
33.1,2024-12-06,0
33.1,2024-12-07,0
33.1,2024-12-08,0
33.1,2024-12-09,0
33.1,2024-12-10,0
33.1,2024-12-11,0
33.1,2024-12-12,0
33.1,2024-12-13,0
33.1,2024-12-14,0
33.1,2024-12-15,0
33.1,2024-12-16,0
33.1,2024-12-17,0
33.1,2024-12-18,0
33.1,2024-12-19,0
33.1,2024-12-20,0
33.1,2024-12-21,0
33.1,2024-12-22,0
33.1,2024-12-23,0
33.1,2024-12-24,0
33.1,2024-12-25,0
33.1,2024-12-26,0
33.1,2024-12-27,0
33.1,2024-12-28,0
33.1,2024-12-29,0
33.1,2024-12-30,0
33.1,2024-12-31,0
33.1,2025-01-01,0
33.1,2025-01-02,0
33.1,2025-01-03,0
33.1,2025-01-04,0
33.1,2025-01-05,0
33.1,2025-01-06,0
33.1,2025-01-07,0
33.1,2025-01-08,0
33.1,2025-01-09,0
33.1,2025-01-10,0
33.1,2025-01-11,0
33.1,2025-01-12,0
33.1,2025-01-13,0
33.1,2025-01-14,0
33.1,2025-01-15,0
33.1,2025-01-16,0
33.1,2025-01-17,0
33.1,2025-01-18,0
33.1,2025-01-19,0
33.1,2025-01-20,0
33.1,2025-01-21,0
33.1,2025-01-22,0
33.1,2025-01-23,0
33.1,2025-01-24,0
33.1,2025-01-25,0
33.1,2025-01-26,0
33.1,2025-01-27,0
33.1,2025-01-28,0
33.1,2025-01-29,0
33.1,2025-01-30,0
33.1,2025-01-31,0
33.1,2025-02-01,0
33.1,2025-02-02,0
33.1,2025-02-03,0
33.1,2025-02-04,0
33.1,2025-02-05,0
33.1,2025-02-06,0
33.1,2025-02-07,0
33.1,2025-02-08,0
33.1,2025-02-09,0
33.1,2025-02-10,0
33.1,2025-02-11,0
33.1,2025-02-12,0
33.1,2025-02-13,0
33.1,2025-02-14,0
33.1,2025-02-15,0
33.1,2025-02-16,0
33.1,2025-02-17,0
33.1,2025-02-18,0
33.1,2025-02-19,0
33.1,2025-02-20,0
33.1,2025-02-21,0
33.1,2025-02-22,0
33.1,2025-02-23,0
33.1,2025-02-24,0
33.1,2025-02-25,0
33.1,2025-02-26,0
33.1,2025-02-27,0
33.1,2025-02-28,0
33.1,2025-03-01,0
33.1,2025-03-02,0
33.1,2025-03-03,0
33.1,2025-03-04,0
33.1,2025-03-05,0
33.1,2025-03-06,0
33.1,2025-03-07,0
33.1,2025-03-08,0
33.1,2025-03-09,0
33.1,2025-03-10,0
33.1,2025-03-11,0
33.1,2025-03-12,0
33.1,2025-03-13,0
33.1,2025-03-14,0
33.1,2025-03-15,0
33.1,2025-03-16,0
33.1,2025-03-17,0
33.1,2025-03-18,0
33.1,2025-03-19,0
33.1,2025-03-20,0
33.1,2025-03-21,0
33.1,2025-03-22,0
33.1,2025-03-23,0
33.1,2025-03-24,0
33.1,2025-03-25,0
33.1,2025-03-26,0
33.1,2025-03-27,0
33.1,2025-03-28,0
33.1,2025-03-29,0
33.1,2025-03-30,0
33.1,2025-03-31,0
33.1,2025-04-01,0
33.1,2025-04-02,0
33.1,2025-04-03,0
33.1,2025-04-04,0
33.1,2025-04-05,0
33.1,2025-04-06,0
33.1,2025-04-07,0
33.1,2025-04-08,0
33.1,2025-04-09,0
33.1,2025-04-10,0
33.1,2025-04-11,0
33.1,2025-04-12,0
33.1,2025-04-13,0
33.1,2025-04-14,0
33.1,2025-04-15,0
33.1,2025-04-16,0
33.1,2025-04-17,0
33.1,2025-04-18,0
33.1,2025-04-19,0
33.1,2025-04-20,0
33.1,2025-04-21,0
33.1,2025-04-22,0
33.1,2025-04-23,0
33.1,2025-04-24,0
33.1,2025-04-25,0
33.1,2025-04-26,0
33.1,2025-04-27,0
33.1,2025-04-28,0
33.1,2025-04-29,0
33.1,2025-04-30,0
33.1,2025-05-01,0
33.1,2025-05-02,0
33.1,2025-05-03,0
33.1,2025-05-04,0
33.1,2025-05-05,0
33.1,2025-05-06,0
33.1,2025-05-07,0
33.1,2025-05-08,0
33.1,2025-05-09,0
33.1,2025-05-10,0
33.1,2025-05-11,0
33.1,2025-05-12,0
33.1,2025-05-13,0
33.1,2025-05-14,0
33.1,2025-05-15,0
33.1,2025-05-16,0
33.1,2025-05-17,0
33.1,2025-05-18,0
33.1,2025-05-19,0
33.1,2025-05-20,0
33.1,2025-05-21,0
33.1,2025-05-22,0
33.1,2025-05-23,0
33.1,2025-05-24,0
33.1,2025-05-25,0
33.1,2025-05-26,0
33.1,2025-05-27,0
33.1,2025-05-28,0
33.1,2025-05-29,0
33.1,2025-05-30,0
33.1,2025-05-31,0
33.1,2025-06-01,0
33.1,2025-06-02,0
33.1,2025-06-03,0
33.1,2025-06-04,0
33.1,2025-06-05,0
33.1,2025-06-06,0
33.1,2025-06-07,0
33.1,2025-06-08,0
33.1,2025-06-09,0
33.1,2025-06-10,0
33.1,2025-06-11,0
33.1,2025-06-12,0
33.1,2025-06-13,0
33.1,2025-06-14,0
33.1,2025-06-15,0
33.1,2025-06-16,0
33.1,2025-06-17,0
33.1,2025-06-18,0
33.1,2025-06-19,0
33.1,2025-06-20,0
33.1,2025-06-21,0
33.1,2025-06-22,0
33.1,2025-06-23,0
33.1,2025-06-24,0
33.1,2025-06-25,0
33.1,2025-06-26,0
33.1,2025-06-27,0
33.1,2025-06-28,0
33.1,2025-06-29,0
33.1,2025-06-30,0
33.1,2025-07-01,0
33.1,2025-07-02,0
33.1,2025-07-03,6
33.1,2025-07-04,13
33.1,2025-07-05,19
33.1,2025-07-06,12
33.1,2025-07-07,21
33.1,2025-07-08,8
33.1,2025-07-09,12
33.1,2025-07-10,15
33.1,2025-07-11,9
33.1,2025-07-12,15
33.1,2025-07-13,11
33.1,2025-07-14,10
33.1,2025-07-15,16
33.1,2025-07-16,17
33.1,2025-07-17,17
33.1,2025-07-18,15
33.1,2025-07-19,16
33.1,2025-07-20,16
33.1,2025-07-21,9
33.1,2025-07-22,9
33.1,2025-07-23,17
33.1,2025-07-24,16
33.1,2025-07-25,20
33.1,2025-07-26,16
33.1,2025-07-27,17
33.1,2025-07-28,21
33.1,2025-07-29,29
33.1,2025-07-30,16
33.1,2025-07-31,14
33.1,2025-08-01,15
33.1,2025-08-02,12
33.1,2025-08-03,13
33.1,2025-08-04,14
33.1,2025-08-05,12
33.1,2025-08-06,14
33.1,2025-08-07,19
33.1,2025-08-08,15
33.1,2025-08-09,17
33.1,2025-08-10,22
33.1,2025-08-11,18
33.1,2025-08-12,10
33.1,2025-08-13,13
33.1,2025-08-14,13
33.1,2025-08-15,3
33.1,2025-08-16,6
33.1,2025-08-17,6
33.1,2025-08-18,6
33.1,2025-08-19,11
33.1,2025-08-20,15
33.1,2025-08-21,10
33.1,2025-08-22,9
33.1,2025-08-23,7
33.1,2025-08-24,9
33.1,2025-08-25,14
33.1,2025-08-26,24
33.1,2025-08-27,14
33.1,2025-08-28,11
33.1,2025-08-29,14
33.1,2025-08-30,12
33.1,2025-08-31,4
33.1,2025-09-01,9
33.1,2025-09-02,6
33.1,2025-09-03,7
33.1,2025-09-04,10
33.1,2025-09-05,11
33.1,2025-09-06,15
33.1,2025-09-07,9
33.1,2025-09-08,7
33.1,2025-09-09,6
33.1,2025-09-10,10
33.1,2025-09-11,8
33.1,2025-09-12,2
33.1,2025-09-13,9
33.1,2025-09-14,3
33.1,2025-09-15,8
33.1,2025-09-16,8
33.1,2025-09-17,8
33.1,2025-09-18,8
33.1,2025-09-19,3
33.1,2025-09-20,13
33.1,2025-09-21,12
33.1,2025-09-22,9
33.1,2025-09-23,7
33.1,2025-09-24,10
33.1,2025-09-25,8
33.1,2025-09-26,10
33.1,2025-09-27,6
33.1,2025-09-28,9
33.1,2025-09-29,5
33.1,2025-09-30,7
33.1,2025-10-01,8
33.1,2025-10-02,8
33.1,2025-10-03,5
33.1,2025-10-04,0
33.1,2025-10-05,0
33.1,2025-10-06,0
33.1,2025-10-07,0
33.1,2025-10-08,0
33.1,2025-10-09,0
33.1,2025-10-10,0
33.1,2025-10-11,0
33.1,2025-10-12,0
33.1,2025-10-13,0
33.1,2025-10-14,0
33.1,2025-10-15,0
33.1,2025-10-16,0
33.1,2025-10-17,0
33.1,2025-10-18,0
33.1,2025-10-19,0
33.1,2025-10-20,0
33.1,2025-10-21,0
33.1,2025-10-22,0
33.1,2025-10-23,0
33.1,2025-10-24,0
33.1,2025-10-25,0
33.1,2025-10-26,0
33.1,2025-10-27,0
33.1,2025-10-28,0
33.1,2025-10-29,0
33.1,2025-10-30,0
33.1,2025-10-31,0
33.1,2025-11-01,0
33.1,2025-11-02,0
33.1,2025-11-03,0
33.1,2025-11-04,0
33.1,2025-11-05,0
33.1,2025-11-06,0
33.1,2025-11-07,0
33.1,2025-11-08,0
33.1,2025-11-09,0
33.1,2025-11-10,0
33.1,2025-11-11,0
33.1,2025-11-12,0
33.1,2025-11-13,0
33.1,2025-11-14,0
33.1,2025-11-15,0
33.1,2025-11-16,0
33.1,2025-11-17,0
33.1,2025-11-18,0
33.1,2025-11-19,0
33.1,2025-11-20,0
33.1,2025-11-21,0
33.1,2025-11-22,0
33.1,2025-11-23,0
33.1,2025-11-24,0
33.1,2025-11-25,0
33.1,2025-11-26,0
33.1,2025-11-27,0
33.1,2025-11-28,0
33.1,2025-11-29,0
33.1,2025-11-30,0
33.1,2025-12-01,0
33.1,2025-12-02,0
33.1,2025-12-03,0
33.1,2025-12-04,0
33.1,2025-12-05,0
33.1,2025-12-06,0
33.1,2025-12-07,0
33.1,2025-12-08,0
33.1,2025-12-09,0
33.1,2025-12-10,0
33.1,2025-12-11,0
33.1,2025-12-12,0
33.1,2025-12-13,0
33.1,2025-12-14,0
33.1,2025-12-15,0
33.1,2025-12-16,0
33.1,2025-12-17,0
33.1,2025-12-18,0
33.1,2025-12-19,0
33.1,2025-12-20,0
33.1,2025-12-21,0
33.1,2025-12-22,0
33.1,2025-12-23,0
33.1,2025-12-24,0
33.1,2025-12-25,0
33.1,2025-12-26,0
33.1,2025-12-27,0
33.1,2025-12-28,0
33.1,2025-12-29,0
33.1,2025-12-30,0
33.1,2025-12-31,0
34.1_16.1,2024-11-01,0
34.1_16.1,2024-11-02,0
34.1_16.1,2024-11-03,0
34.1_16.1,2024-11-04,0
34.1_16.1,2024-11-05,0
34.1_16.1,2024-11-06,0
34.1_16.1,2024-11-07,0
34.1_16.1,2024-11-08,0
34.1_16.1,2024-11-09,0
34.1_16.1,2024-11-10,0
34.1_16.1,2024-11-11,0
34.1_16.1,2024-11-12,0
34.1_16.1,2024-11-13,0
34.1_16.1,2024-11-14,0
34.1_16.1,2024-11-15,0
34.1_16.1,2024-11-16,0
34.1_16.1,2024-11-17,0
34.1_16.1,2024-11-18,0
34.1_16.1,2024-11-19,0
34.1_16.1,2024-11-20,0
34.1_16.1,2024-11-21,0
34.1_16.1,2024-11-22,0
34.1_16.1,2024-11-23,0
34.1_16.1,2024-11-24,0
34.1_16.1,2024-11-25,0
34.1_16.1,2024-11-26,0
34.1_16.1,2024-11-27,0
34.1_16.1,2024-11-28,0
34.1_16.1,2024-11-29,0
34.1_16.1,2024-11-30,0
34.1_16.1,2024-12-01,0
34.1_16.1,2024-12-02,0
34.1_16.1,2024-12-03,0
34.1_16.1,2024-12-04,0
34.1_16.1,2024-12-05,0
34.1_16.1,2024-12-06,0
34.1_16.1,2024-12-07,0
34.1_16.1,2024-12-08,0
34.1_16.1,2024-12-09,0
34.1_16.1,2024-12-10,0
34.1_16.1,2024-12-11,0
34.1_16.1,2024-12-12,0
34.1_16.1,2024-12-13,0
34.1_16.1,2024-12-14,0
34.1_16.1,2024-12-15,0
34.1_16.1,2024-12-16,0
34.1_16.1,2024-12-17,0
34.1_16.1,2024-12-18,0
34.1_16.1,2024-12-19,0
34.1_16.1,2024-12-20,0
34.1_16.1,2024-12-21,0
34.1_16.1,2024-12-22,0
34.1_16.1,2024-12-23,0
34.1_16.1,2024-12-24,0
34.1_16.1,2024-12-25,0
34.1_16.1,2024-12-26,0
34.1_16.1,2024-12-27,0
34.1_16.1,2024-12-28,0
34.1_16.1,2024-12-29,0
34.1_16.1,2024-12-30,0
34.1_16.1,2024-12-31,0
34.1_16.1,2025-01-01,0
34.1_16.1,2025-01-02,0
34.1_16.1,2025-01-03,0
34.1_16.1,2025-01-04,0
34.1_16.1,2025-01-05,0
34.1_16.1,2025-01-06,0
34.1_16.1,2025-01-07,0
34.1_16.1,2025-01-08,0
34.1_16.1,2025-01-09,0
34.1_16.1,2025-01-10,0
34.1_16.1,2025-01-11,0
34.1_16.1,2025-01-12,0
34.1_16.1,2025-01-13,0
34.1_16.1,2025-01-14,0
34.1_16.1,2025-01-15,0
34.1_16.1,2025-01-16,0
34.1_16.1,2025-01-17,0
34.1_16.1,2025-01-18,0
34.1_16.1,2025-01-19,0
34.1_16.1,2025-01-20,0
34.1_16.1,2025-01-21,0
34.1_16.1,2025-01-22,0
34.1_16.1,2025-01-23,0
34.1_16.1,2025-01-24,0
34.1_16.1,2025-01-25,0
34.1_16.1,2025-01-26,0
34.1_16.1,2025-01-27,0
34.1_16.1,2025-01-28,0
34.1_16.1,2025-01-29,0
34.1_16.1,2025-01-30,0
34.1_16.1,2025-01-31,0
34.1_16.1,2025-02-01,0
34.1_16.1,2025-02-02,0
34.1_16.1,2025-02-03,0
34.1_16.1,2025-02-04,0
34.1_16.1,2025-02-05,0
34.1_16.1,2025-02-06,0
34.1_16.1,2025-02-07,0
34.1_16.1,2025-02-08,0
34.1_16.1,2025-02-09,0
34.1_16.1,2025-02-10,0
34.1_16.1,2025-02-11,0
34.1_16.1,2025-02-12,0
34.1_16.1,2025-02-13,0
34.1_16.1,2025-02-14,0
34.1_16.1,2025-02-15,0
34.1_16.1,2025-02-16,0
34.1_16.1,2025-02-17,0
34.1_16.1,2025-02-18,0
34.1_16.1,2025-02-19,0
34.1_16.1,2025-02-20,0
34.1_16.1,2025-02-21,0
34.1_16.1,2025-02-22,0
34.1_16.1,2025-02-23,0
34.1_16.1,2025-02-24,0
34.1_16.1,2025-02-25,0
34.1_16.1,2025-02-26,0
34.1_16.1,2025-02-27,0
34.1_16.1,2025-02-28,0
34.1_16.1,2025-03-01,0
34.1_16.1,2025-03-02,0
34.1_16.1,2025-03-03,0
34.1_16.1,2025-03-04,0
34.1_16.1,2025-03-05,0
34.1_16.1,2025-03-06,0
34.1_16.1,2025-03-07,0
34.1_16.1,2025-03-08,0
34.1_16.1,2025-03-09,0
34.1_16.1,2025-03-10,0
34.1_16.1,2025-03-11,0
34.1_16.1,2025-03-12,0
34.1_16.1,2025-03-13,0
34.1_16.1,2025-03-14,0
34.1_16.1,2025-03-15,0
34.1_16.1,2025-03-16,0
34.1_16.1,2025-03-17,0
34.1_16.1,2025-03-18,0
34.1_16.1,2025-03-19,0
34.1_16.1,2025-03-20,0
34.1_16.1,2025-03-21,0
34.1_16.1,2025-03-22,0
34.1_16.1,2025-03-23,0
34.1_16.1,2025-03-24,0
34.1_16.1,2025-03-25,0
34.1_16.1,2025-03-26,0
34.1_16.1,2025-03-27,0
34.1_16.1,2025-03-28,0
34.1_16.1,2025-03-29,0
34.1_16.1,2025-03-30,0
34.1_16.1,2025-03-31,0
34.1_16.1,2025-04-01,0
34.1_16.1,2025-04-02,0
34.1_16.1,2025-04-03,0
34.1_16.1,2025-04-04,0
34.1_16.1,2025-04-05,0
34.1_16.1,2025-04-06,0
34.1_16.1,2025-04-07,0
34.1_16.1,2025-04-08,0
34.1_16.1,2025-04-09,0
34.1_16.1,2025-04-10,0
34.1_16.1,2025-04-11,0
34.1_16.1,2025-04-12,0
34.1_16.1,2025-04-13,0
34.1_16.1,2025-04-14,0
34.1_16.1,2025-04-15,0
34.1_16.1,2025-04-16,0
34.1_16.1,2025-04-17,0
34.1_16.1,2025-04-18,0
34.1_16.1,2025-04-19,0
34.1_16.1,2025-04-20,0
34.1_16.1,2025-04-21,0
34.1_16.1,2025-04-22,0
34.1_16.1,2025-04-23,0
34.1_16.1,2025-04-24,0
34.1_16.1,2025-04-25,0
34.1_16.1,2025-04-26,0
34.1_16.1,2025-04-27,0
34.1_16.1,2025-04-28,0
34.1_16.1,2025-04-29,0
34.1_16.1,2025-04-30,0
34.1_16.1,2025-05-01,0
34.1_16.1,2025-05-02,0
34.1_16.1,2025-05-03,0
34.1_16.1,2025-05-04,0
34.1_16.1,2025-05-05,0
34.1_16.1,2025-05-06,0
34.1_16.1,2025-05-07,0
34.1_16.1,2025-05-08,0
34.1_16.1,2025-05-09,0
34.1_16.1,2025-05-10,0
34.1_16.1,2025-05-11,0
34.1_16.1,2025-05-12,0
34.1_16.1,2025-05-13,0
34.1_16.1,2025-05-14,0
34.1_16.1,2025-05-15,0
34.1_16.1,2025-05-16,0
34.1_16.1,2025-05-17,0
34.1_16.1,2025-05-18,0
34.1_16.1,2025-05-19,0
34.1_16.1,2025-05-20,0
34.1_16.1,2025-05-21,0
34.1_16.1,2025-05-22,0
34.1_16.1,2025-05-23,0
34.1_16.1,2025-05-24,0
34.1_16.1,2025-05-25,0
34.1_16.1,2025-05-26,0
34.1_16.1,2025-05-27,0
34.1_16.1,2025-05-28,0
34.1_16.1,2025-05-29,0
34.1_16.1,2025-05-30,0
34.1_16.1,2025-05-31,0
34.1_16.1,2025-06-01,0
34.1_16.1,2025-06-02,0
34.1_16.1,2025-06-03,0
34.1_16.1,2025-06-04,0
34.1_16.1,2025-06-05,17
34.1_16.1,2025-06-06,39
34.1_16.1,2025-06-07,38
34.1_16.1,2025-06-08,35
34.1_16.1,2025-06-09,40
34.1_16.1,2025-06-10,41
34.1_16.1,2025-06-11,41
34.1_16.1,2025-06-12,40
34.1_16.1,2025-06-13,39
34.1_16.1,2025-06-14,27
34.1_16.1,2025-06-15,39
34.1_16.1,2025-06-16,41
34.1_16.1,2025-06-17,40
34.1_16.1,2025-06-18,45
34.1_16.1,2025-06-19,41
34.1_16.1,2025-06-20,41
34.1_16.1,2025-06-21,40
34.1_16.1,2025-06-22,44
34.1_16.1,2025-06-23,42
34.1_16.1,2025-06-24,35
34.1_16.1,2025-06-25,47
34.1_16.1,2025-06-26,43
34.1_16.1,2025-06-27,40
34.1_16.1,2025-06-28,41
34.1_16.1,2025-06-29,39
34.1_16.1,2025-06-30,40
34.1_16.1,2025-07-01,42
34.1_16.1,2025-07-02,40
34.1_16.1,2025-07-03,39
34.1_16.1,2025-07-04,38
34.1_16.1,2025-07-05,41
34.1_16.1,2025-07-06,34
34.1_16.1,2025-07-07,37
34.1_16.1,2025-07-08,39
34.1_16.1,2025-07-09,37
34.1_16.1,2025-07-10,42
34.1_16.1,2025-07-11,43
34.1_16.1,2025-07-12,44
34.1_16.1,2025-07-13,42
34.1_16.1,2025-07-14,45
34.1_16.1,2025-07-15,38
34.1_16.1,2025-07-16,46
34.1_16.1,2025-07-17,37
34.1_16.1,2025-07-18,30
34.1_16.1,2025-07-19,39
34.1_16.1,2025-07-20,42
34.1_16.1,2025-07-21,39
34.1_16.1,2025-07-22,38
34.1_16.1,2025-07-23,38
34.1_16.1,2025-07-24,43
34.1_16.1,2025-07-25,44
34.1_16.1,2025-07-26,39
34.1_16.1,2025-07-27,38
34.1_16.1,2025-07-28,39
34.1_16.1,2025-07-29,40
34.1_16.1,2025-07-30,38
34.1_16.1,2025-07-31,36
34.1_16.1,2025-08-01,39
34.1_16.1,2025-08-02,36
34.1_16.1,2025-08-03,33
34.1_16.1,2025-08-04,39
34.1_16.1,2025-08-05,37
34.1_16.1,2025-08-06,35
34.1_16.1,2025-08-07,38
34.1_16.1,2025-08-08,34
34.1_16.1,2025-08-09,39
34.1_16.1,2025-08-10,42
34.1_16.1,2025-08-11,31
34.1_16.1,2025-08-12,43
34.1_16.1,2025-08-13,39
34.1_16.1,2025-08-14,39
34.1_16.1,2025-08-15,34
34.1_16.1,2025-08-16,33
34.1_16.1,2025-08-17,38
34.1_16.1,2025-08-18,40
34.1_16.1,2025-08-19,32
34.1_16.1,2025-08-20,28
34.1_16.1,2025-08-21,35
34.1_16.1,2025-08-22,25
34.1_16.1,2025-08-23,33
34.1_16.1,2025-08-24,29
34.1_16.1,2025-08-25,28
34.1_16.1,2025-08-26,29
34.1_16.1,2025-08-27,33
34.1_16.1,2025-08-28,28
34.1_16.1,2025-08-29,29
34.1_16.1,2025-08-30,36
34.1_16.1,2025-08-31,32
34.1_16.1,2025-09-01,29
34.1_16.1,2025-09-02,21
34.1_16.1,2025-09-03,31
34.1_16.1,2025-09-04,30
34.1_16.1,2025-09-05,36
34.1_16.1,2025-09-06,33
34.1_16.1,2025-09-07,21
34.1_16.1,2025-09-08,33
34.1_16.1,2025-09-09,26
34.1_16.1,2025-09-10,26
34.1_16.1,2025-09-11,31
34.1_16.1,2025-09-12,21
34.1_16.1,2025-09-13,32
34.1_16.1,2025-09-14,26
34.1_16.1,2025-09-15,30
34.1_16.1,2025-09-16,29
34.1_16.1,2025-09-17,28
34.1_16.1,2025-09-18,31
34.1_16.1,2025-09-19,24
34.1_16.1,2025-09-20,26
34.1_16.1,2025-09-21,32
34.1_16.1,2025-09-22,34
34.1_16.1,2025-09-23,39
34.1_16.1,2025-09-24,30
34.1_16.1,2025-09-25,32
34.1_16.1,2025-09-26,27
34.1_16.1,2025-09-27,32
34.1_16.1,2025-09-28,36
34.1_16.1,2025-09-29,33
34.1_16.1,2025-09-30,37
34.1_16.1,2025-10-01,35
34.1_16.1,2025-10-02,29
34.1_16.1,2025-10-03,24
34.1_16.1,2025-10-04,31
34.1_16.1,2025-10-05,36
34.1_16.1,2025-10-06,31
34.1_16.1,2025-10-07,38
34.1_16.1,2025-10-08,47
34.1_16.1,2025-10-09,40
34.1_16.1,2025-10-10,37
34.1_16.1,2025-10-11,35
34.1_16.1,2025-10-12,34
34.1_16.1,2025-10-13,38
34.1_16.1,2025-10-14,43
34.1_16.1,2025-10-15,39
34.1_16.1,2025-10-16,35
34.1_16.1,2025-10-17,36
34.1_16.1,2025-10-18,46
34.1_16.1,2025-10-19,44
34.1_16.1,2025-10-20,32
34.1_16.1,2025-10-21,35
34.1_16.1,2025-10-22,36
34.1_16.1,2025-10-23,34
34.1_16.1,2025-10-24,29
34.1_16.1,2025-10-25,47
34.1_16.1,2025-10-26,38
34.1_16.1,2025-10-27,34
34.1_16.1,2025-10-28,42
34.1_16.1,2025-10-29,32
34.1_16.1,2025-10-30,41
34.1_16.1,2025-10-31,48
34.1_16.1,2025-11-01,41
34.1_16.1,2025-11-02,40
34.1_16.1,2025-11-03,34
34.1_16.1,2025-11-04,34
34.1_16.1,2025-11-05,40
34.1_16.1,2025-11-06,40
34.1_16.1,2025-11-07,36
34.1_16.1,2025-11-08,36
34.1_16.1,2025-11-09,35
34.1_16.1,2025-11-10,44
34.1_16.1,2025-11-11,38
34.1_16.1,2025-11-12,38
34.1_16.1,2025-11-13,36
34.1_16.1,2025-11-14,39
34.1_16.1,2025-11-15,35
34.1_16.1,2025-11-16,36
34.1_16.1,2025-11-17,28
34.1_16.1,2025-11-18,33
34.1_16.1,2025-11-19,30
34.1_16.1,2025-11-20,36
34.1_16.1,2025-11-21,35
34.1_16.1,2025-11-22,36
34.1_16.1,2025-11-23,39
34.1_16.1,2025-11-24,32
34.1_16.1,2025-11-25,32
34.1_16.1,2025-11-26,38
34.1_16.1,2025-11-27,36
34.1_16.1,2025-11-28,36
34.1_16.1,2025-11-29,42
34.1_16.1,2025-11-30,38
34.1_16.1,2025-12-01,37
34.1_16.1,2025-12-02,34
34.1_16.1,2025-12-03,36
34.1_16.1,2025-12-04,33
34.1_16.1,2025-12-05,36
34.1_16.1,2025-12-06,34
34.1_16.1,2025-12-07,38
34.1_16.1,2025-12-08,30
34.1_16.1,2025-12-09,36
34.1_16.1,2025-12-10,36
34.1_16.1,2025-12-11,41
34.1_16.1,2025-12-12,38
34.1_16.1,2025-12-13,37
34.1_16.1,2025-12-14,41
34.1_16.1,2025-12-15,34
34.1_16.1,2025-12-16,31
34.1_16.1,2025-12-17,33
34.1_16.1,2025-12-18,42
34.1_16.1,2025-12-19,32
34.1_16.1,2025-12-20,31
34.1_16.1,2025-12-21,36
34.1_16.1,2025-12-22,37
34.1_16.1,2025-12-23,29
34.1_16.1,2025-12-24,34
34.1_16.1,2025-12-25,35
34.1_16.1,2025-12-26,36
34.1_16.1,2025-12-27,36
34.1_16.1,2025-12-28,42
34.1_16.1,2025-12-29,33
34.1_16.1,2025-12-30,29
34.1_16.1,2025-12-31,33
35.1,2024-11-01,0
35.1,2024-11-02,0
35.1,2024-11-03,0
35.1,2024-11-04,0
35.1,2024-11-05,0
35.1,2024-11-06,0
35.1,2024-11-07,0
35.1,2024-11-08,0
35.1,2024-11-09,0
35.1,2024-11-10,0
35.1,2024-11-11,0
35.1,2024-11-12,0
35.1,2024-11-13,0
35.1,2024-11-14,0
35.1,2024-11-15,0
35.1,2024-11-16,0
35.1,2024-11-17,0
35.1,2024-11-18,0
35.1,2024-11-19,0
35.1,2024-11-20,0
35.1,2024-11-21,0
35.1,2024-11-22,0
35.1,2024-11-23,0
35.1,2024-11-24,0
35.1,2024-11-25,0
35.1,2024-11-26,0
35.1,2024-11-27,0
35.1,2024-11-28,0
35.1,2024-11-29,0
35.1,2024-11-30,0
35.1,2024-12-01,0
35.1,2024-12-02,0
35.1,2024-12-03,0
35.1,2024-12-04,0
35.1,2024-12-05,0
35.1,2024-12-06,0
35.1,2024-12-07,0
35.1,2024-12-08,0
35.1,2024-12-09,0
35.1,2024-12-10,0
35.1,2024-12-11,0
35.1,2024-12-12,0
35.1,2024-12-13,0
35.1,2024-12-14,0
35.1,2024-12-15,0
35.1,2024-12-16,0
35.1,2024-12-17,0
35.1,2024-12-18,0
35.1,2024-12-19,0
35.1,2024-12-20,0
35.1,2024-12-21,0
35.1,2024-12-22,0
35.1,2024-12-23,0
35.1,2024-12-24,0
35.1,2024-12-25,0
35.1,2024-12-26,0
35.1,2024-12-27,0
35.1,2024-12-28,0
35.1,2024-12-29,0
35.1,2024-12-30,0
35.1,2024-12-31,0
35.1,2025-01-01,0
35.1,2025-01-02,0
35.1,2025-01-03,0
35.1,2025-01-04,0
35.1,2025-01-05,0
35.1,2025-01-06,0
35.1,2025-01-07,0
35.1,2025-01-08,0
35.1,2025-01-09,0
35.1,2025-01-10,0
35.1,2025-01-11,0
35.1,2025-01-12,0
35.1,2025-01-13,0
35.1,2025-01-14,0
35.1,2025-01-15,0
35.1,2025-01-16,0
35.1,2025-01-17,0
35.1,2025-01-18,0
35.1,2025-01-19,0
35.1,2025-01-20,0
35.1,2025-01-21,0
35.1,2025-01-22,0
35.1,2025-01-23,0
35.1,2025-01-24,0
35.1,2025-01-25,0
35.1,2025-01-26,0
35.1,2025-01-27,0
35.1,2025-01-28,0
35.1,2025-01-29,0
35.1,2025-01-30,0
35.1,2025-01-31,0
35.1,2025-02-01,0
35.1,2025-02-02,0
35.1,2025-02-03,0
35.1,2025-02-04,0
35.1,2025-02-05,0
35.1,2025-02-06,0
35.1,2025-02-07,0
35.1,2025-02-08,0
35.1,2025-02-09,0
35.1,2025-02-10,0
35.1,2025-02-11,0
35.1,2025-02-12,0
35.1,2025-02-13,0
35.1,2025-02-14,0
35.1,2025-02-15,0
35.1,2025-02-16,0
35.1,2025-02-17,0
35.1,2025-02-18,0
35.1,2025-02-19,0
35.1,2025-02-20,0
35.1,2025-02-21,0
35.1,2025-02-22,0
35.1,2025-02-23,0
35.1,2025-02-24,0
35.1,2025-02-25,0
35.1,2025-02-26,0
35.1,2025-02-27,0
35.1,2025-02-28,0
35.1,2025-03-01,0
35.1,2025-03-02,0
35.1,2025-03-03,0
35.1,2025-03-04,0
35.1,2025-03-05,0
35.1,2025-03-06,0
35.1,2025-03-07,0
35.1,2025-03-08,0
35.1,2025-03-09,0
35.1,2025-03-10,0
35.1,2025-03-11,0
35.1,2025-03-12,0
35.1,2025-03-13,0
35.1,2025-03-14,0
35.1,2025-03-15,0
35.1,2025-03-16,0
35.1,2025-03-17,0
35.1,2025-03-18,0
35.1,2025-03-19,0
35.1,2025-03-20,0
35.1,2025-03-21,0
35.1,2025-03-22,0
35.1,2025-03-23,0
35.1,2025-03-24,0
35.1,2025-03-25,0
35.1,2025-03-26,0
35.1,2025-03-27,0
35.1,2025-03-28,0
35.1,2025-03-29,0
35.1,2025-03-30,0
35.1,2025-03-31,0
35.1,2025-04-01,0
35.1,2025-04-02,0
35.1,2025-04-03,0
35.1,2025-04-04,0
35.1,2025-04-05,0
35.1,2025-04-06,0
35.1,2025-04-07,0
35.1,2025-04-08,0
35.1,2025-04-09,0
35.1,2025-04-10,0
35.1,2025-04-11,0
35.1,2025-04-12,0
35.1,2025-04-13,0
35.1,2025-04-14,0
35.1,2025-04-15,0
35.1,2025-04-16,0
35.1,2025-04-17,0
35.1,2025-04-18,0
35.1,2025-04-19,0
35.1,2025-04-20,0
35.1,2025-04-21,0
35.1,2025-04-22,0
35.1,2025-04-23,0
35.1,2025-04-24,0
35.1,2025-04-25,0
35.1,2025-04-26,0
35.1,2025-04-27,0
35.1,2025-04-28,0
35.1,2025-04-29,0
35.1,2025-04-30,0
35.1,2025-05-01,0
35.1,2025-05-02,0
35.1,2025-05-03,0
35.1,2025-05-04,0
35.1,2025-05-05,0
35.1,2025-05-06,0
35.1,2025-05-07,0
35.1,2025-05-08,0
35.1,2025-05-09,0
35.1,2025-05-10,0
35.1,2025-05-11,0
35.1,2025-05-12,0
35.1,2025-05-13,0
35.1,2025-05-14,0
35.1,2025-05-15,0
35.1,2025-05-16,0
35.1,2025-05-17,0
35.1,2025-05-18,0
35.1,2025-05-19,0
35.1,2025-05-20,0
35.1,2025-05-21,0
35.1,2025-05-22,0
35.1,2025-05-23,0
35.1,2025-05-24,0
35.1,2025-05-25,0
35.1,2025-05-26,0
35.1,2025-05-27,0
35.1,2025-05-28,0
35.1,2025-05-29,0
35.1,2025-05-30,0
35.1,2025-05-31,0
35.1,2025-06-01,0
35.1,2025-06-02,0
35.1,2025-06-03,0
35.1,2025-06-04,0
35.1,2025-06-05,0
35.1,2025-06-06,0
35.1,2025-06-07,0
35.1,2025-06-08,0
35.1,2025-06-09,0
35.1,2025-06-10,0
35.1,2025-06-11,0
35.1,2025-06-12,0
35.1,2025-06-13,0
35.1,2025-06-14,0
35.1,2025-06-15,0
35.1,2025-06-16,9
35.1,2025-06-17,20
35.1,2025-06-18,23
35.1,2025-06-19,9
35.1,2025-06-20,9
35.1,2025-06-21,25
35.1,2025-06-22,30
35.1,2025-06-23,27
35.1,2025-06-24,29
35.1,2025-06-25,29
35.1,2025-06-26,34
35.1,2025-06-27,32
35.1,2025-06-28,22
35.1,2025-06-29,27
35.1,2025-06-30,32
35.1,2025-07-01,30
35.1,2025-07-02,30
35.1,2025-07-03,31
35.1,2025-07-04,27
35.1,2025-07-05,33
35.1,2025-07-06,32
35.1,2025-07-07,21
35.1,2025-07-08,21
35.1,2025-07-09,20
35.1,2025-07-10,24
35.1,2025-07-11,20
35.1,2025-07-12,23
35.1,2025-07-13,28
35.1,2025-07-14,26
35.1,2025-07-15,33
35.1,2025-07-16,25
35.1,2025-07-17,16
35.1,2025-07-18,13
35.1,2025-07-19,17
35.1,2025-07-20,18
35.1,2025-07-21,10
35.1,2025-07-22,11
35.1,2025-07-23,18
35.1,2025-07-24,34
35.1,2025-07-25,17
35.1,2025-07-26,16
35.1,2025-07-27,18
35.1,2025-07-28,28
35.1,2025-07-29,27
35.1,2025-07-30,33
35.1,2025-07-31,9
35.1,2025-08-01,8
35.1,2025-08-02,8
35.1,2025-08-03,22
35.1,2025-08-04,13
35.1,2025-08-05,22
35.1,2025-08-06,17
35.1,2025-08-07,27
35.1,2025-08-08,25
35.1,2025-08-09,27
35.1,2025-08-10,29
35.1,2025-08-11,32
35.1,2025-08-12,23
35.1,2025-08-13,3
35.1,2025-08-14,0
35.1,2025-08-15,0
35.1,2025-08-16,0
35.1,2025-08-17,0
35.1,2025-08-18,4
35.1,2025-08-19,1
35.1,2025-08-20,0
35.1,2025-08-21,6
35.1,2025-08-22,0
35.1,2025-08-23,4
35.1,2025-08-24,0
35.1,2025-08-25,0
35.1,2025-08-26,1
35.1,2025-08-27,1
35.1,2025-08-28,3
35.1,2025-08-29,0
35.1,2025-08-30,0
35.1,2025-08-31,0
35.1,2025-09-01,5
35.1,2025-09-02,3
35.1,2025-09-03,2
35.1,2025-09-04,2
35.1,2025-09-05,7
35.1,2025-09-06,5
35.1,2025-09-07,5
35.1,2025-09-08,6
35.1,2025-09-09,0
35.1,2025-09-10,2
35.1,2025-09-11,3
35.1,2025-09-12,4
35.1,2025-09-13,6
35.1,2025-09-14,0
35.1,2025-09-15,5
35.1,2025-09-16,6
35.1,2025-09-17,1
35.1,2025-09-18,0
35.1,2025-09-19,0
35.1,2025-09-20,0
35.1,2025-09-21,18
35.1,2025-09-22,4
35.1,2025-09-23,1
35.1,2025-09-24,5
35.1,2025-09-25,5
35.1,2025-09-26,4
35.1,2025-09-27,0
35.1,2025-09-28,0
35.1,2025-09-29,0
35.1,2025-09-30,0
35.1,2025-10-01,0
35.1,2025-10-02,0
35.1,2025-10-03,0
35.1,2025-10-04,0
35.1,2025-10-05,0
35.1,2025-10-06,0
35.1,2025-10-07,0
35.1,2025-10-08,0
35.1,2025-10-09,0
35.1,2025-10-10,0
35.1,2025-10-11,0
35.1,2025-10-12,0
35.1,2025-10-13,0
35.1,2025-10-14,0
35.1,2025-10-15,0
35.1,2025-10-16,0
35.1,2025-10-17,0
35.1,2025-10-18,0
35.1,2025-10-19,0
35.1,2025-10-20,0
35.1,2025-10-21,0
35.1,2025-10-22,0
35.1,2025-10-23,0
35.1,2025-10-24,0
35.1,2025-10-25,0
35.1,2025-10-26,0
35.1,2025-10-27,0
35.1,2025-10-28,0
35.1,2025-10-29,0
35.1,2025-10-30,0
35.1,2025-10-31,0
35.1,2025-11-01,0
35.1,2025-11-02,0
35.1,2025-11-03,0
35.1,2025-11-04,0
35.1,2025-11-05,0
35.1,2025-11-06,0
35.1,2025-11-07,0
35.1,2025-11-08,0
35.1,2025-11-09,0
35.1,2025-11-10,0
35.1,2025-11-11,0
35.1,2025-11-12,0
35.1,2025-11-13,0
35.1,2025-11-14,0
35.1,2025-11-15,0
35.1,2025-11-16,0
35.1,2025-11-17,0
35.1,2025-11-18,0
35.1,2025-11-19,0
35.1,2025-11-20,0
35.1,2025-11-21,0
35.1,2025-11-22,0
35.1,2025-11-23,0
35.1,2025-11-24,0
35.1,2025-11-25,0
35.1,2025-11-26,0
35.1,2025-11-27,0
35.1,2025-11-28,0
35.1,2025-11-29,0
35.1,2025-11-30,0
35.1,2025-12-01,0
35.1,2025-12-02,0
35.1,2025-12-03,0
35.1,2025-12-04,0
35.1,2025-12-05,0
35.1,2025-12-06,0
35.1,2025-12-07,0
35.1,2025-12-08,0
35.1,2025-12-09,0
35.1,2025-12-10,0
35.1,2025-12-11,0
35.1,2025-12-12,0
35.1,2025-12-13,0
35.1,2025-12-14,0
35.1,2025-12-15,0
35.1,2025-12-16,0
35.1,2025-12-17,0
35.1,2025-12-18,0
35.1,2025-12-19,0
35.1,2025-12-20,0
35.1,2025-12-21,0
35.1,2025-12-22,0
35.1,2025-12-23,0
35.1,2025-12-24,0
35.1,2025-12-25,0
35.1,2025-12-26,0
35.1,2025-12-27,0
35.1,2025-12-28,0
35.1,2025-12-29,0
35.1,2025-12-30,0
35.1,2025-12-31,0
35.2,2024-11-01,0
35.2,2024-11-02,0
35.2,2024-11-03,0
35.2,2024-11-04,0
35.2,2024-11-05,0
35.2,2024-11-06,0
35.2,2024-11-07,0
35.2,2024-11-08,0
35.2,2024-11-09,0
35.2,2024-11-10,0
35.2,2024-11-11,0
35.2,2024-11-12,0
35.2,2024-11-13,0
35.2,2024-11-14,0
35.2,2024-11-15,0
35.2,2024-11-16,0
35.2,2024-11-17,0
35.2,2024-11-18,0
35.2,2024-11-19,0
35.2,2024-11-20,0
35.2,2024-11-21,0
35.2,2024-11-22,0
35.2,2024-11-23,0
35.2,2024-11-24,0
35.2,2024-11-25,0
35.2,2024-11-26,0
35.2,2024-11-27,0
35.2,2024-11-28,0
35.2,2024-11-29,0
35.2,2024-11-30,0
35.2,2024-12-01,0
35.2,2024-12-02,0
35.2,2024-12-03,0
35.2,2024-12-04,0
35.2,2024-12-05,0
35.2,2024-12-06,0
35.2,2024-12-07,0
35.2,2024-12-08,0
35.2,2024-12-09,0
35.2,2024-12-10,0
35.2,2024-12-11,0
35.2,2024-12-12,0
35.2,2024-12-13,0
35.2,2024-12-14,0
35.2,2024-12-15,0
35.2,2024-12-16,0
35.2,2024-12-17,0
35.2,2024-12-18,0
35.2,2024-12-19,0
35.2,2024-12-20,0
35.2,2024-12-21,0
35.2,2024-12-22,0
35.2,2024-12-23,0
35.2,2024-12-24,0
35.2,2024-12-25,0
35.2,2024-12-26,0
35.2,2024-12-27,0
35.2,2024-12-28,0
35.2,2024-12-29,0
35.2,2024-12-30,0
35.2,2024-12-31,0
35.2,2025-01-01,0
35.2,2025-01-02,0
35.2,2025-01-03,0
35.2,2025-01-04,0
35.2,2025-01-05,0
35.2,2025-01-06,0
35.2,2025-01-07,0
35.2,2025-01-08,0
35.2,2025-01-09,0
35.2,2025-01-10,0
35.2,2025-01-11,0
35.2,2025-01-12,0
35.2,2025-01-13,0
35.2,2025-01-14,0
35.2,2025-01-15,0
35.2,2025-01-16,0
35.2,2025-01-17,0
35.2,2025-01-18,0
35.2,2025-01-19,0
35.2,2025-01-20,0
35.2,2025-01-21,0
35.2,2025-01-22,0
35.2,2025-01-23,0
35.2,2025-01-24,0
35.2,2025-01-25,0
35.2,2025-01-26,0
35.2,2025-01-27,0
35.2,2025-01-28,0
35.2,2025-01-29,0
35.2,2025-01-30,0
35.2,2025-01-31,0
35.2,2025-02-01,0
35.2,2025-02-02,0
35.2,2025-02-03,0
35.2,2025-02-04,0
35.2,2025-02-05,0
35.2,2025-02-06,0
35.2,2025-02-07,0
35.2,2025-02-08,0
35.2,2025-02-09,0
35.2,2025-02-10,0
35.2,2025-02-11,0
35.2,2025-02-12,0
35.2,2025-02-13,0
35.2,2025-02-14,0
35.2,2025-02-15,0
35.2,2025-02-16,0
35.2,2025-02-17,0
35.2,2025-02-18,0
35.2,2025-02-19,0
35.2,2025-02-20,0
35.2,2025-02-21,0
35.2,2025-02-22,0
35.2,2025-02-23,0
35.2,2025-02-24,0
35.2,2025-02-25,0
35.2,2025-02-26,0
35.2,2025-02-27,0
35.2,2025-02-28,0
35.2,2025-03-01,0
35.2,2025-03-02,0
35.2,2025-03-03,0
35.2,2025-03-04,0
35.2,2025-03-05,0
35.2,2025-03-06,0
35.2,2025-03-07,0
35.2,2025-03-08,0
35.2,2025-03-09,0
35.2,2025-03-10,0
35.2,2025-03-11,0
35.2,2025-03-12,0
35.2,2025-03-13,0
35.2,2025-03-14,0
35.2,2025-03-15,0
35.2,2025-03-16,0
35.2,2025-03-17,0
35.2,2025-03-18,0
35.2,2025-03-19,0
35.2,2025-03-20,0
35.2,2025-03-21,0
35.2,2025-03-22,0
35.2,2025-03-23,0
35.2,2025-03-24,0
35.2,2025-03-25,0
35.2,2025-03-26,0
35.2,2025-03-27,0
35.2,2025-03-28,0
35.2,2025-03-29,0
35.2,2025-03-30,0
35.2,2025-03-31,0
35.2,2025-04-01,0
35.2,2025-04-02,0
35.2,2025-04-03,0
35.2,2025-04-04,0
35.2,2025-04-05,0
35.2,2025-04-06,0
35.2,2025-04-07,0
35.2,2025-04-08,0
35.2,2025-04-09,0
35.2,2025-04-10,0
35.2,2025-04-11,0
35.2,2025-04-12,0
35.2,2025-04-13,0
35.2,2025-04-14,0
35.2,2025-04-15,0
35.2,2025-04-16,0
35.2,2025-04-17,0
35.2,2025-04-18,0
35.2,2025-04-19,0
35.2,2025-04-20,0
35.2,2025-04-21,0
35.2,2025-04-22,0
35.2,2025-04-23,0
35.2,2025-04-24,0
35.2,2025-04-25,0
35.2,2025-04-26,0
35.2,2025-04-27,0
35.2,2025-04-28,0
35.2,2025-04-29,0
35.2,2025-04-30,0
35.2,2025-05-01,0
35.2,2025-05-02,0
35.2,2025-05-03,0
35.2,2025-05-04,0
35.2,2025-05-05,0
35.2,2025-05-06,0
35.2,2025-05-07,0
35.2,2025-05-08,0
35.2,2025-05-09,0
35.2,2025-05-10,0
35.2,2025-05-11,0
35.2,2025-05-12,0
35.2,2025-05-13,0
35.2,2025-05-14,0
35.2,2025-05-15,0
35.2,2025-05-16,0
35.2,2025-05-17,0
35.2,2025-05-18,0
35.2,2025-05-19,0
35.2,2025-05-20,0
35.2,2025-05-21,0
35.2,2025-05-22,0
35.2,2025-05-23,0
35.2,2025-05-24,0
35.2,2025-05-25,0
35.2,2025-05-26,0
35.2,2025-05-27,0
35.2,2025-05-28,0
35.2,2025-05-29,0
35.2,2025-05-30,0
35.2,2025-05-31,0
35.2,2025-06-01,0
35.2,2025-06-02,0
35.2,2025-06-03,0
35.2,2025-06-04,0
35.2,2025-06-05,0
35.2,2025-06-06,0
35.2,2025-06-07,0
35.2,2025-06-08,0
35.2,2025-06-09,0
35.2,2025-06-10,0
35.2,2025-06-11,0
35.2,2025-06-12,0
35.2,2025-06-13,0
35.2,2025-06-14,0
35.2,2025-06-15,0
35.2,2025-06-16,0
35.2,2025-06-17,0
35.2,2025-06-18,0
35.2,2025-06-19,0
35.2,2025-06-20,0
35.2,2025-06-21,0
35.2,2025-06-22,0
35.2,2025-06-23,0
35.2,2025-06-24,0
35.2,2025-06-25,0
35.2,2025-06-26,0
35.2,2025-06-27,0
35.2,2025-06-28,0
35.2,2025-06-29,0
35.2,2025-06-30,0
35.2,2025-07-01,0
35.2,2025-07-02,0
35.2,2025-07-03,0
35.2,2025-07-04,0
35.2,2025-07-05,0
35.2,2025-07-06,0
35.2,2025-07-07,0
35.2,2025-07-08,0
35.2,2025-07-09,0
35.2,2025-07-10,0
35.2,2025-07-11,0
35.2,2025-07-12,0
35.2,2025-07-13,0
35.2,2025-07-14,0
35.2,2025-07-15,0
35.2,2025-07-16,0
35.2,2025-07-17,0
35.2,2025-07-18,0
35.2,2025-07-19,0
35.2,2025-07-20,0
35.2,2025-07-21,0
35.2,2025-07-22,0
35.2,2025-07-23,0
35.2,2025-07-24,0
35.2,2025-07-25,0
35.2,2025-07-26,0
35.2,2025-07-27,0
35.2,2025-07-28,0
35.2,2025-07-29,0
35.2,2025-07-30,0
35.2,2025-07-31,0
35.2,2025-08-01,0
35.2,2025-08-02,0
35.2,2025-08-03,0
35.2,2025-08-04,0
35.2,2025-08-05,0
35.2,2025-08-06,0
35.2,2025-08-07,0
35.2,2025-08-08,0
35.2,2025-08-09,0
35.2,2025-08-10,0
35.2,2025-08-11,0
35.2,2025-08-12,0
35.2,2025-08-13,0
35.2,2025-08-14,0
35.2,2025-08-15,0
35.2,2025-08-16,0
35.2,2025-08-17,0
35.2,2025-08-18,0
35.2,2025-08-19,0
35.2,2025-08-20,0
35.2,2025-08-21,0
35.2,2025-08-22,0
35.2,2025-08-23,0
35.2,2025-08-24,0
35.2,2025-08-25,0
35.2,2025-08-26,0
35.2,2025-08-27,0
35.2,2025-08-28,0
35.2,2025-08-29,0
35.2,2025-08-30,0
35.2,2025-08-31,0
35.2,2025-09-01,0
35.2,2025-09-02,0
35.2,2025-09-03,0
35.2,2025-09-04,0
35.2,2025-09-05,0
35.2,2025-09-06,0
35.2,2025-09-07,0
35.2,2025-09-08,0
35.2,2025-09-09,0
35.2,2025-09-10,0
35.2,2025-09-11,0
35.2,2025-09-12,0
35.2,2025-09-13,0
35.2,2025-09-14,0
35.2,2025-09-15,0
35.2,2025-09-16,0
35.2,2025-09-17,0
35.2,2025-09-18,0
35.2,2025-09-19,0
35.2,2025-09-20,0
35.2,2025-09-21,0
35.2,2025-09-22,0
35.2,2025-09-23,0
35.2,2025-09-24,0
35.2,2025-09-25,0
35.2,2025-09-26,0
35.2,2025-09-27,0
35.2,2025-09-28,0
35.2,2025-09-29,0
35.2,2025-09-30,0
35.2,2025-10-01,0
35.2,2025-10-02,0
35.2,2025-10-03,0
35.2,2025-10-04,0
35.2,2025-10-05,0
35.2,2025-10-06,0
35.2,2025-10-07,0
35.2,2025-10-08,0
35.2,2025-10-09,0
35.2,2025-10-10,0
35.2,2025-10-11,0
35.2,2025-10-12,0
35.2,2025-10-13,0
35.2,2025-10-14,0
35.2,2025-10-15,0
35.2,2025-10-16,0
35.2,2025-10-17,12
35.2,2025-10-18,48
35.2,2025-10-19,48
35.2,2025-10-20,43
35.2,2025-10-21,48
35.2,2025-10-22,48
35.2,2025-10-23,48
35.2,2025-10-24,48
35.2,2025-10-25,48
35.2,2025-10-26,48
35.2,2025-10-27,48
35.2,2025-10-28,48
35.2,2025-10-29,48
35.2,2025-10-30,48
35.2,2025-10-31,48
35.2,2025-11-01,48
35.2,2025-11-02,48
35.2,2025-11-03,48
35.2,2025-11-04,48
35.2,2025-11-05,48
35.2,2025-11-06,48
35.2,2025-11-07,48
35.2,2025-11-08,48
35.2,2025-11-09,48
35.2,2025-11-10,48
35.2,2025-11-11,48
35.2,2025-11-12,47
35.2,2025-11-13,48
35.2,2025-11-14,48
35.2,2025-11-15,48
35.2,2025-11-16,48
35.2,2025-11-17,47
35.2,2025-11-18,48
35.2,2025-11-19,48
35.2,2025-11-20,48
35.2,2025-11-21,48
35.2,2025-11-22,48
35.2,2025-11-23,48
35.2,2025-11-24,48
35.2,2025-11-25,48
35.2,2025-11-26,48
35.2,2025-11-27,48
35.2,2025-11-28,47
35.2,2025-11-29,48
35.2,2025-11-30,48
35.2,2025-12-01,48
35.2,2025-12-02,48
35.2,2025-12-03,47
35.2,2025-12-04,48
35.2,2025-12-05,48
35.2,2025-12-06,48
35.2,2025-12-07,48
35.2,2025-12-08,48
35.2,2025-12-09,48
35.2,2025-12-10,48
35.2,2025-12-11,48
35.2,2025-12-12,48
35.2,2025-12-13,47
35.2,2025-12-14,48
35.2,2025-12-15,34
35.2,2025-12-16,36
35.2,2025-12-17,48
35.2,2025-12-18,48
35.2,2025-12-19,48
35.2,2025-12-20,48
35.2,2025-12-21,47
35.2,2025-12-22,48
35.2,2025-12-23,48
35.2,2025-12-24,48
35.2,2025-12-25,48
35.2,2025-12-26,48
35.2,2025-12-27,48
35.2,2025-12-28,47
35.2,2025-12-29,0
35.2,2025-12-30,0
35.2,2025-12-31,0
5.1_19.3_24.2,2024-11-01,0
5.1_19.3_24.2,2024-11-02,0
5.1_19.3_24.2,2024-11-03,0
5.1_19.3_24.2,2024-11-04,0
5.1_19.3_24.2,2024-11-05,0
5.1_19.3_24.2,2024-11-06,0
5.1_19.3_24.2,2024-11-07,0
5.1_19.3_24.2,2024-11-08,0
5.1_19.3_24.2,2024-11-09,0
5.1_19.3_24.2,2024-11-10,0
5.1_19.3_24.2,2024-11-11,0
5.1_19.3_24.2,2024-11-12,0
5.1_19.3_24.2,2024-11-13,0
5.1_19.3_24.2,2024-11-14,0
5.1_19.3_24.2,2024-11-15,0
5.1_19.3_24.2,2024-11-16,0
5.1_19.3_24.2,2024-11-17,0
5.1_19.3_24.2,2024-11-18,0
5.1_19.3_24.2,2024-11-19,0
5.1_19.3_24.2,2024-11-20,0
5.1_19.3_24.2,2024-11-21,0
5.1_19.3_24.2,2024-11-22,0
5.1_19.3_24.2,2024-11-23,0
5.1_19.3_24.2,2024-11-24,0
5.1_19.3_24.2,2024-11-25,0
5.1_19.3_24.2,2024-11-26,0
5.1_19.3_24.2,2024-11-27,0
5.1_19.3_24.2,2024-11-28,0
5.1_19.3_24.2,2024-11-29,0
5.1_19.3_24.2,2024-11-30,0
5.1_19.3_24.2,2024-12-01,0
5.1_19.3_24.2,2024-12-02,0
5.1_19.3_24.2,2024-12-03,0
5.1_19.3_24.2,2024-12-04,0
5.1_19.3_24.2,2024-12-05,0
5.1_19.3_24.2,2024-12-06,0
5.1_19.3_24.2,2024-12-07,0
5.1_19.3_24.2,2024-12-08,0
5.1_19.3_24.2,2024-12-09,0
5.1_19.3_24.2,2024-12-10,0
5.1_19.3_24.2,2024-12-11,0
5.1_19.3_24.2,2024-12-12,0
5.1_19.3_24.2,2024-12-13,0
5.1_19.3_24.2,2024-12-14,0
5.1_19.3_24.2,2024-12-15,0
5.1_19.3_24.2,2024-12-16,0
5.1_19.3_24.2,2024-12-17,0
5.1_19.3_24.2,2024-12-18,0
5.1_19.3_24.2,2024-12-19,0
5.1_19.3_24.2,2024-12-20,0
5.1_19.3_24.2,2024-12-21,0
5.1_19.3_24.2,2024-12-22,0
5.1_19.3_24.2,2024-12-23,0
5.1_19.3_24.2,2024-12-24,0
5.1_19.3_24.2,2024-12-25,0
5.1_19.3_24.2,2024-12-26,0
5.1_19.3_24.2,2024-12-27,0
5.1_19.3_24.2,2024-12-28,0
5.1_19.3_24.2,2024-12-29,0
5.1_19.3_24.2,2024-12-30,0
5.1_19.3_24.2,2024-12-31,0
5.1_19.3_24.2,2025-01-01,0
5.1_19.3_24.2,2025-01-02,0
5.1_19.3_24.2,2025-01-03,0
5.1_19.3_24.2,2025-01-04,0
5.1_19.3_24.2,2025-01-05,0
5.1_19.3_24.2,2025-01-06,0
5.1_19.3_24.2,2025-01-07,0
5.1_19.3_24.2,2025-01-08,0
5.1_19.3_24.2,2025-01-09,0
5.1_19.3_24.2,2025-01-10,0
5.1_19.3_24.2,2025-01-11,0
5.1_19.3_24.2,2025-01-12,0
5.1_19.3_24.2,2025-01-13,0
5.1_19.3_24.2,2025-01-14,0
5.1_19.3_24.2,2025-01-15,0
5.1_19.3_24.2,2025-01-16,0
5.1_19.3_24.2,2025-01-17,0
5.1_19.3_24.2,2025-01-18,0
5.1_19.3_24.2,2025-01-19,0
5.1_19.3_24.2,2025-01-20,0
5.1_19.3_24.2,2025-01-21,0
5.1_19.3_24.2,2025-01-22,0
5.1_19.3_24.2,2025-01-23,0
5.1_19.3_24.2,2025-01-24,0
5.1_19.3_24.2,2025-01-25,0
5.1_19.3_24.2,2025-01-26,0
5.1_19.3_24.2,2025-01-27,0
5.1_19.3_24.2,2025-01-28,0
5.1_19.3_24.2,2025-01-29,0
5.1_19.3_24.2,2025-01-30,0
5.1_19.3_24.2,2025-01-31,0
5.1_19.3_24.2,2025-02-01,0
5.1_19.3_24.2,2025-02-02,0
5.1_19.3_24.2,2025-02-03,0
5.1_19.3_24.2,2025-02-04,0
5.1_19.3_24.2,2025-02-05,0
5.1_19.3_24.2,2025-02-06,0
5.1_19.3_24.2,2025-02-07,0
5.1_19.3_24.2,2025-02-08,0
5.1_19.3_24.2,2025-02-09,0
5.1_19.3_24.2,2025-02-10,0
5.1_19.3_24.2,2025-02-11,0
5.1_19.3_24.2,2025-02-12,0
5.1_19.3_24.2,2025-02-13,0
5.1_19.3_24.2,2025-02-14,0
5.1_19.3_24.2,2025-02-15,0
5.1_19.3_24.2,2025-02-16,0
5.1_19.3_24.2,2025-02-17,0
5.1_19.3_24.2,2025-02-18,0
5.1_19.3_24.2,2025-02-19,0
5.1_19.3_24.2,2025-02-20,0
5.1_19.3_24.2,2025-02-21,0
5.1_19.3_24.2,2025-02-22,0
5.1_19.3_24.2,2025-02-23,0
5.1_19.3_24.2,2025-02-24,0
5.1_19.3_24.2,2025-02-25,0
5.1_19.3_24.2,2025-02-26,0
5.1_19.3_24.2,2025-02-27,0
5.1_19.3_24.2,2025-02-28,0
5.1_19.3_24.2,2025-03-01,0
5.1_19.3_24.2,2025-03-02,0
5.1_19.3_24.2,2025-03-03,0
5.1_19.3_24.2,2025-03-04,0
5.1_19.3_24.2,2025-03-05,0
5.1_19.3_24.2,2025-03-06,0
5.1_19.3_24.2,2025-03-07,0
5.1_19.3_24.2,2025-03-08,0
5.1_19.3_24.2,2025-03-09,0
5.1_19.3_24.2,2025-03-10,0
5.1_19.3_24.2,2025-03-11,0
5.1_19.3_24.2,2025-03-12,0
5.1_19.3_24.2,2025-03-13,0
5.1_19.3_24.2,2025-03-14,0
5.1_19.3_24.2,2025-03-15,0
5.1_19.3_24.2,2025-03-16,0
5.1_19.3_24.2,2025-03-17,0
5.1_19.3_24.2,2025-03-18,0
5.1_19.3_24.2,2025-03-19,0
5.1_19.3_24.2,2025-03-20,0
5.1_19.3_24.2,2025-03-21,0
5.1_19.3_24.2,2025-03-22,0
5.1_19.3_24.2,2025-03-23,0
5.1_19.3_24.2,2025-03-24,0
5.1_19.3_24.2,2025-03-25,0
5.1_19.3_24.2,2025-03-26,0
5.1_19.3_24.2,2025-03-27,0
5.1_19.3_24.2,2025-03-28,0
5.1_19.3_24.2,2025-03-29,0
5.1_19.3_24.2,2025-03-30,0
5.1_19.3_24.2,2025-03-31,0
5.1_19.3_24.2,2025-04-01,0
5.1_19.3_24.2,2025-04-02,0
5.1_19.3_24.2,2025-04-03,0
5.1_19.3_24.2,2025-04-04,0
5.1_19.3_24.2,2025-04-05,0
5.1_19.3_24.2,2025-04-06,0
5.1_19.3_24.2,2025-04-07,0
5.1_19.3_24.2,2025-04-08,0
5.1_19.3_24.2,2025-04-09,0
5.1_19.3_24.2,2025-04-10,0
5.1_19.3_24.2,2025-04-11,0
5.1_19.3_24.2,2025-04-12,0
5.1_19.3_24.2,2025-04-13,0
5.1_19.3_24.2,2025-04-14,0
5.1_19.3_24.2,2025-04-15,0
5.1_19.3_24.2,2025-04-16,0
5.1_19.3_24.2,2025-04-17,0
5.1_19.3_24.2,2025-04-18,0
5.1_19.3_24.2,2025-04-19,0
5.1_19.3_24.2,2025-04-20,0
5.1_19.3_24.2,2025-04-21,0
5.1_19.3_24.2,2025-04-22,0
5.1_19.3_24.2,2025-04-23,0
5.1_19.3_24.2,2025-04-24,0
5.1_19.3_24.2,2025-04-25,0
5.1_19.3_24.2,2025-04-26,0
5.1_19.3_24.2,2025-04-27,0
5.1_19.3_24.2,2025-04-28,0
5.1_19.3_24.2,2025-04-29,0
5.1_19.3_24.2,2025-04-30,0
5.1_19.3_24.2,2025-05-01,0
5.1_19.3_24.2,2025-05-02,0
5.1_19.3_24.2,2025-05-03,0
5.1_19.3_24.2,2025-05-04,0
5.1_19.3_24.2,2025-05-05,0
5.1_19.3_24.2,2025-05-06,0
5.1_19.3_24.2,2025-05-07,0
5.1_19.3_24.2,2025-05-08,0
5.1_19.3_24.2,2025-05-09,0
5.1_19.3_24.2,2025-05-10,0
5.1_19.3_24.2,2025-05-11,0
5.1_19.3_24.2,2025-05-12,0
5.1_19.3_24.2,2025-05-13,0
5.1_19.3_24.2,2025-05-14,0
5.1_19.3_24.2,2025-05-15,0
5.1_19.3_24.2,2025-05-16,12
5.1_19.3_24.2,2025-05-17,48
5.1_19.3_24.2,2025-05-18,47
5.1_19.3_24.2,2025-05-19,48
5.1_19.3_24.2,2025-05-20,48
5.1_19.3_24.2,2025-05-21,48
5.1_19.3_24.2,2025-05-22,44
5.1_19.3_24.2,2025-05-23,45
5.1_19.3_24.2,2025-05-24,46
5.1_19.3_24.2,2025-05-25,48
5.1_19.3_24.2,2025-05-26,48
5.1_19.3_24.2,2025-05-27,48
5.1_19.3_24.2,2025-05-28,45
5.1_19.3_24.2,2025-05-29,46
5.1_19.3_24.2,2025-05-30,46
5.1_19.3_24.2,2025-05-31,48
5.1_19.3_24.2,2025-06-01,48
5.1_19.3_24.2,2025-06-02,48
5.1_19.3_24.2,2025-06-03,48
5.1_19.3_24.2,2025-06-04,48
5.1_19.3_24.2,2025-06-05,48
5.1_19.3_24.2,2025-06-06,47
5.1_19.3_24.2,2025-06-07,47
5.1_19.3_24.2,2025-06-08,48
5.1_19.3_24.2,2025-06-09,48
5.1_19.3_24.2,2025-06-10,48
5.1_19.3_24.2,2025-06-11,48
5.1_19.3_24.2,2025-06-12,48
5.1_19.3_24.2,2025-06-13,48
5.1_19.3_24.2,2025-06-14,25
5.1_19.3_24.2,2025-06-15,40
5.1_19.3_24.2,2025-06-16,45
5.1_19.3_24.2,2025-06-17,33
5.1_19.3_24.2,2025-06-18,35
5.1_19.3_24.2,2025-06-19,15
5.1_19.3_24.2,2025-06-20,34
5.1_19.3_24.2,2025-06-21,32
5.1_19.3_24.2,2025-06-22,46
5.1_19.3_24.2,2025-06-23,47
5.1_19.3_24.2,2025-06-24,47
5.1_19.3_24.2,2025-06-25,47
5.1_19.3_24.2,2025-06-26,48
5.1_19.3_24.2,2025-06-27,45
5.1_19.3_24.2,2025-06-28,47
5.1_19.3_24.2,2025-06-29,48
5.1_19.3_24.2,2025-06-30,47
5.1_19.3_24.2,2025-07-01,47
5.1_19.3_24.2,2025-07-02,47
5.1_19.3_24.2,2025-07-03,48
5.1_19.3_24.2,2025-07-04,48
5.1_19.3_24.2,2025-07-05,48
5.1_19.3_24.2,2025-07-06,48
5.1_19.3_24.2,2025-07-07,47
5.1_19.3_24.2,2025-07-08,48
5.1_19.3_24.2,2025-07-09,48
5.1_19.3_24.2,2025-07-10,48
5.1_19.3_24.2,2025-07-11,48
5.1_19.3_24.2,2025-07-12,48
5.1_19.3_24.2,2025-07-13,48
5.1_19.3_24.2,2025-07-14,48
5.1_19.3_24.2,2025-07-15,48
5.1_19.3_24.2,2025-07-16,47
5.1_19.3_24.2,2025-07-17,27
5.1_19.3_24.2,2025-07-18,48
5.1_19.3_24.2,2025-07-19,46
5.1_19.3_24.2,2025-07-20,48
5.1_19.3_24.2,2025-07-21,47
5.1_19.3_24.2,2025-07-22,46
5.1_19.3_24.2,2025-07-23,48
5.1_19.3_24.2,2025-07-24,48
5.1_19.3_24.2,2025-07-25,31
5.1_19.3_24.2,2025-07-26,13
5.1_19.3_24.2,2025-07-27,12
5.1_19.3_24.2,2025-07-28,32
5.1_19.3_24.2,2025-07-29,41
5.1_19.3_24.2,2025-07-30,48
5.1_19.3_24.2,2025-07-31,35
5.1_19.3_24.2,2025-08-01,45
5.1_19.3_24.2,2025-08-02,22
5.1_19.3_24.2,2025-08-03,0
5.1_19.3_24.2,2025-08-04,0
5.1_19.3_24.2,2025-08-05,5
5.1_19.3_24.2,2025-08-06,47
5.1_19.3_24.2,2025-08-07,47
5.1_19.3_24.2,2025-08-08,46
5.1_19.3_24.2,2025-08-09,48
5.1_19.3_24.2,2025-08-10,48
5.1_19.3_24.2,2025-08-11,44
5.1_19.3_24.2,2025-08-12,47
5.1_19.3_24.2,2025-08-13,34
5.1_19.3_24.2,2025-08-14,48
5.1_19.3_24.2,2025-08-15,48
5.1_19.3_24.2,2025-08-16,48
5.1_19.3_24.2,2025-08-17,48
5.1_19.3_24.2,2025-08-18,48
5.1_19.3_24.2,2025-08-19,48
5.1_19.3_24.2,2025-08-20,42
5.1_19.3_24.2,2025-08-21,44
5.1_19.3_24.2,2025-08-22,47
5.1_19.3_24.2,2025-08-23,48
5.1_19.3_24.2,2025-08-24,47
5.1_19.3_24.2,2025-08-25,45
5.1_19.3_24.2,2025-08-26,48
5.1_19.3_24.2,2025-08-27,46
5.1_19.3_24.2,2025-08-28,48
5.1_19.3_24.2,2025-08-29,46
5.1_19.3_24.2,2025-08-30,46
5.1_19.3_24.2,2025-08-31,45
5.1_19.3_24.2,2025-09-01,42
5.1_19.3_24.2,2025-09-02,44
5.1_19.3_24.2,2025-09-03,47
5.1_19.3_24.2,2025-09-04,48
5.1_19.3_24.2,2025-09-05,46
5.1_19.3_24.2,2025-09-06,46
5.1_19.3_24.2,2025-09-07,46
5.1_19.3_24.2,2025-09-08,47
5.1_19.3_24.2,2025-09-09,48
5.1_19.3_24.2,2025-09-10,47
5.1_19.3_24.2,2025-09-11,48
5.1_19.3_24.2,2025-09-12,48
5.1_19.3_24.2,2025-09-13,48
5.1_19.3_24.2,2025-09-14,48
5.1_19.3_24.2,2025-09-15,46
5.1_19.3_24.2,2025-09-16,47
5.1_19.3_24.2,2025-09-17,48
5.1_19.3_24.2,2025-09-18,47
5.1_19.3_24.2,2025-09-19,48
5.1_19.3_24.2,2025-09-20,48
5.1_19.3_24.2,2025-09-21,47
5.1_19.3_24.2,2025-09-22,48
5.1_19.3_24.2,2025-09-23,45
5.1_19.3_24.2,2025-09-24,45
5.1_19.3_24.2,2025-09-25,15
5.1_19.3_24.2,2025-09-26,0
5.1_19.3_24.2,2025-09-27,0
5.1_19.3_24.2,2025-09-28,0
5.1_19.3_24.2,2025-09-29,0
5.1_19.3_24.2,2025-09-30,0
5.1_19.3_24.2,2025-10-01,0
5.1_19.3_24.2,2025-10-02,0
5.1_19.3_24.2,2025-10-03,0
5.1_19.3_24.2,2025-10-04,0
5.1_19.3_24.2,2025-10-05,0
5.1_19.3_24.2,2025-10-06,0
5.1_19.3_24.2,2025-10-07,0
5.1_19.3_24.2,2025-10-08,0
5.1_19.3_24.2,2025-10-09,0
5.1_19.3_24.2,2025-10-10,0
5.1_19.3_24.2,2025-10-11,0
5.1_19.3_24.2,2025-10-12,0
5.1_19.3_24.2,2025-10-13,0
5.1_19.3_24.2,2025-10-14,0
5.1_19.3_24.2,2025-10-15,0
5.1_19.3_24.2,2025-10-16,0
5.1_19.3_24.2,2025-10-17,0
5.1_19.3_24.2,2025-10-18,0
5.1_19.3_24.2,2025-10-19,0
5.1_19.3_24.2,2025-10-20,0
5.1_19.3_24.2,2025-10-21,0
5.1_19.3_24.2,2025-10-22,0
5.1_19.3_24.2,2025-10-23,0
5.1_19.3_24.2,2025-10-24,0
5.1_19.3_24.2,2025-10-25,0
5.1_19.3_24.2,2025-10-26,0
5.1_19.3_24.2,2025-10-27,0
5.1_19.3_24.2,2025-10-28,0
5.1_19.3_24.2,2025-10-29,0
5.1_19.3_24.2,2025-10-30,0
5.1_19.3_24.2,2025-10-31,0
5.1_19.3_24.2,2025-11-01,0
5.1_19.3_24.2,2025-11-02,0
5.1_19.3_24.2,2025-11-03,0
5.1_19.3_24.2,2025-11-04,0
5.1_19.3_24.2,2025-11-05,0
5.1_19.3_24.2,2025-11-06,0
5.1_19.3_24.2,2025-11-07,0
5.1_19.3_24.2,2025-11-08,0
5.1_19.3_24.2,2025-11-09,0
5.1_19.3_24.2,2025-11-10,0
5.1_19.3_24.2,2025-11-11,0
5.1_19.3_24.2,2025-11-12,0
5.1_19.3_24.2,2025-11-13,0
5.1_19.3_24.2,2025-11-14,0
5.1_19.3_24.2,2025-11-15,0
5.1_19.3_24.2,2025-11-16,0
5.1_19.3_24.2,2025-11-17,0
5.1_19.3_24.2,2025-11-18,0
5.1_19.3_24.2,2025-11-19,0
5.1_19.3_24.2,2025-11-20,17
5.1_19.3_24.2,2025-11-21,16
5.1_19.3_24.2,2025-11-22,27
5.1_19.3_24.2,2025-11-23,48
5.1_19.3_24.2,2025-11-24,48
5.1_19.3_24.2,2025-11-25,45
5.1_19.3_24.2,2025-11-26,38
5.1_19.3_24.2,2025-11-27,29
5.1_19.3_24.2,2025-11-28,38
5.1_19.3_24.2,2025-11-29,26
5.1_19.3_24.2,2025-11-30,41
5.1_19.3_24.2,2025-12-01,44
5.1_19.3_24.2,2025-12-02,48
5.1_19.3_24.2,2025-12-03,40
5.1_19.3_24.2,2025-12-04,31
5.1_19.3_24.2,2025-12-05,48
5.1_19.3_24.2,2025-12-06,45
5.1_19.3_24.2,2025-12-07,48
5.1_19.3_24.2,2025-12-08,43
5.1_19.3_24.2,2025-12-09,46
5.1_19.3_24.2,2025-12-10,32
5.1_19.3_24.2,2025-12-11,43
5.1_19.3_24.2,2025-12-12,48
5.1_19.3_24.2,2025-12-13,40
5.1_19.3_24.2,2025-12-14,48
5.1_19.3_24.2,2025-12-15,48
5.1_19.3_24.2,2025-12-16,47
5.1_19.3_24.2,2025-12-17,35
5.1_19.3_24.2,2025-12-18,45
5.1_19.3_24.2,2025-12-19,29
5.1_19.3_24.2,2025-12-20,46
5.1_19.3_24.2,2025-12-21,47
5.1_19.3_24.2,2025-12-22,44
5.1_19.3_24.2,2025-12-23,28
5.1_19.3_24.2,2025-12-24,6
5.1_19.3_24.2,2025-12-25,26
5.1_19.3_24.2,2025-12-26,33
5.1_19.3_24.2,2025-12-27,25
5.1_19.3_24.2,2025-12-28,20
5.1_19.3_24.2,2025-12-29,0
5.1_19.3_24.2,2025-12-30,0
5.1_19.3_24.2,2025-12-31,0
7.1_4.1,2024-11-01,0
7.1_4.1,2024-11-02,0
7.1_4.1,2024-11-03,0
7.1_4.1,2024-11-04,0
7.1_4.1,2024-11-05,7
7.1_4.1,2024-11-06,30
7.1_4.1,2024-11-07,21
7.1_4.1,2024-11-08,17
7.1_4.1,2024-11-09,21
7.1_4.1,2024-11-10,20
7.1_4.1,2024-11-11,19
7.1_4.1,2024-11-12,26
7.1_4.1,2024-11-13,18
7.1_4.1,2024-11-14,10
7.1_4.1,2024-11-15,16
7.1_4.1,2024-11-16,32
7.1_4.1,2024-11-17,37
7.1_4.1,2024-11-18,25
7.1_4.1,2024-11-19,24
7.1_4.1,2024-11-20,23
7.1_4.1,2024-11-21,25
7.1_4.1,2024-11-22,30
7.1_4.1,2024-11-23,44
7.1_4.1,2024-11-24,26
7.1_4.1,2024-11-25,16
7.1_4.1,2024-11-26,21
7.1_4.1,2024-11-27,26
7.1_4.1,2024-11-28,39
7.1_4.1,2024-11-29,29
7.1_4.1,2024-11-30,30
7.1_4.1,2024-12-01,32
7.1_4.1,2024-12-02,30
7.1_4.1,2024-12-03,29
7.1_4.1,2024-12-04,30
7.1_4.1,2024-12-05,27
7.1_4.1,2024-12-06,27
7.1_4.1,2024-12-07,30
7.1_4.1,2024-12-08,28
7.1_4.1,2024-12-09,24
7.1_4.1,2024-12-10,24
7.1_4.1,2024-12-11,31
7.1_4.1,2024-12-12,34
7.1_4.1,2024-12-13,34
7.1_4.1,2024-12-14,29
7.1_4.1,2024-12-15,4
7.1_4.1,2024-12-16,10
7.1_4.1,2024-12-17,20
7.1_4.1,2024-12-18,34
7.1_4.1,2024-12-19,30
7.1_4.1,2024-12-20,26
7.1_4.1,2024-12-21,31
7.1_4.1,2024-12-22,30
7.1_4.1,2024-12-23,25
7.1_4.1,2024-12-24,27
7.1_4.1,2024-12-25,30
7.1_4.1,2024-12-26,27
7.1_4.1,2024-12-27,27
7.1_4.1,2024-12-28,26
7.1_4.1,2024-12-29,21
7.1_4.1,2024-12-30,22
7.1_4.1,2024-12-31,19
7.1_4.1,2025-01-01,31
7.1_4.1,2025-01-02,35
7.1_4.1,2025-01-03,33
7.1_4.1,2025-01-04,30
7.1_4.1,2025-01-05,39
7.1_4.1,2025-01-06,26
7.1_4.1,2025-01-07,27
7.1_4.1,2025-01-08,31
7.1_4.1,2025-01-09,25
7.1_4.1,2025-01-10,23
7.1_4.1,2025-01-11,27
7.1_4.1,2025-01-12,33
7.1_4.1,2025-01-13,30
7.1_4.1,2025-01-14,30
7.1_4.1,2025-01-15,23
7.1_4.1,2025-01-16,24
7.1_4.1,2025-01-17,25
7.1_4.1,2025-01-18,28
7.1_4.1,2025-01-19,36
7.1_4.1,2025-01-20,27
7.1_4.1,2025-01-21,28
7.1_4.1,2025-01-22,29
7.1_4.1,2025-01-23,25
7.1_4.1,2025-01-24,29
7.1_4.1,2025-01-25,22
7.1_4.1,2025-01-26,48
7.1_4.1,2025-01-27,45
7.1_4.1,2025-01-28,45
7.1_4.1,2025-01-29,27
7.1_4.1,2025-01-30,30
7.1_4.1,2025-01-31,21
7.1_4.1,2025-02-01,30
7.1_4.1,2025-02-02,30
7.1_4.1,2025-02-03,24
7.1_4.1,2025-02-04,22
7.1_4.1,2025-02-05,34
7.1_4.1,2025-02-06,30
7.1_4.1,2025-02-07,22
7.1_4.1,2025-02-08,36
7.1_4.1,2025-02-09,35
7.1_4.1,2025-02-10,26
7.1_4.1,2025-02-11,32
7.1_4.1,2025-02-12,22
7.1_4.1,2025-02-13,47
7.1_4.1,2025-02-14,45
7.1_4.1,2025-02-15,20
7.1_4.1,2025-02-16,20
7.1_4.1,2025-02-17,22
7.1_4.1,2025-02-18,23
7.1_4.1,2025-02-19,21
7.1_4.1,2025-02-20,28
7.1_4.1,2025-02-21,27
7.1_4.1,2025-02-22,24
7.1_4.1,2025-02-23,16
7.1_4.1,2025-02-24,11
7.1_4.1,2025-02-25,21
7.1_4.1,2025-02-26,34
7.1_4.1,2025-02-27,44
7.1_4.1,2025-02-28,43
7.1_4.1,2025-03-01,24
7.1_4.1,2025-03-02,32
7.1_4.1,2025-03-03,23
7.1_4.1,2025-03-04,15
7.1_4.1,2025-03-05,23
7.1_4.1,2025-03-06,20
7.1_4.1,2025-03-07,31
7.1_4.1,2025-03-08,32
7.1_4.1,2025-03-09,32
7.1_4.1,2025-03-10,41
7.1_4.1,2025-03-11,20
7.1_4.1,2025-03-12,25
7.1_4.1,2025-03-13,19
7.1_4.1,2025-03-14,24
7.1_4.1,2025-03-15,20
7.1_4.1,2025-03-16,13
7.1_4.1,2025-03-17,13
7.1_4.1,2025-03-18,26
7.1_4.1,2025-03-19,28
7.1_4.1,2025-03-20,22
7.1_4.1,2025-03-21,19
7.1_4.1,2025-03-22,33
7.1_4.1,2025-03-23,25
7.1_4.1,2025-03-24,22
7.1_4.1,2025-03-25,18
7.1_4.1,2025-03-26,29
7.1_4.1,2025-03-27,26
7.1_4.1,2025-03-28,18
7.1_4.1,2025-03-29,26
7.1_4.1,2025-03-30,17
7.1_4.1,2025-03-31,7
7.1_4.1,2025-04-01,8
7.1_4.1,2025-04-02,48
7.1_4.1,2025-04-03,48
7.1_4.1,2025-04-04,46
7.1_4.1,2025-04-05,47
7.1_4.1,2025-04-06,38
7.1_4.1,2025-04-07,42
7.1_4.1,2025-04-08,42
7.1_4.1,2025-04-09,44
7.1_4.1,2025-04-10,44
7.1_4.1,2025-04-11,36
7.1_4.1,2025-04-12,39
7.1_4.1,2025-04-13,43
7.1_4.1,2025-04-14,47
7.1_4.1,2025-04-15,46
7.1_4.1,2025-04-16,46
7.1_4.1,2025-04-17,41
7.1_4.1,2025-04-18,47
7.1_4.1,2025-04-19,48
7.1_4.1,2025-04-20,39
7.1_4.1,2025-04-21,43
7.1_4.1,2025-04-22,48
7.1_4.1,2025-04-23,46
7.1_4.1,2025-04-24,44
7.1_4.1,2025-04-25,43
7.1_4.1,2025-04-26,45
7.1_4.1,2025-04-27,45
7.1_4.1,2025-04-28,46
7.1_4.1,2025-04-29,41
7.1_4.1,2025-04-30,8
7.1_4.1,2025-05-01,17
7.1_4.1,2025-05-02,15
7.1_4.1,2025-05-03,10
7.1_4.1,2025-05-04,7
7.1_4.1,2025-05-05,6
7.1_4.1,2025-05-06,13
7.1_4.1,2025-05-07,20
7.1_4.1,2025-05-08,10
7.1_4.1,2025-05-09,13
7.1_4.1,2025-05-10,15
7.1_4.1,2025-05-11,14
7.1_4.1,2025-05-12,21
7.1_4.1,2025-05-13,28
7.1_4.1,2025-05-14,23
7.1_4.1,2025-05-15,27
7.1_4.1,2025-05-16,26
7.1_4.1,2025-05-17,15
7.1_4.1,2025-05-18,18
7.1_4.1,2025-05-19,22
7.1_4.1,2025-05-20,34
7.1_4.1,2025-05-21,17
7.1_4.1,2025-05-22,28
7.1_4.1,2025-05-23,44
7.1_4.1,2025-05-24,15
7.1_4.1,2025-05-25,23
7.1_4.1,2025-05-26,22
7.1_4.1,2025-05-27,15
7.1_4.1,2025-05-28,25
7.1_4.1,2025-05-29,15
7.1_4.1,2025-05-30,23
7.1_4.1,2025-05-31,11
7.1_4.1,2025-06-01,27
7.1_4.1,2025-06-02,42
7.1_4.1,2025-06-03,30
7.1_4.1,2025-06-04,26
7.1_4.1,2025-06-05,28
7.1_4.1,2025-06-06,41
7.1_4.1,2025-06-07,16
7.1_4.1,2025-06-08,34
7.1_4.1,2025-06-09,16
7.1_4.1,2025-06-10,16
7.1_4.1,2025-06-11,25
7.1_4.1,2025-06-12,26
7.1_4.1,2025-06-13,17
7.1_4.1,2025-06-14,9
7.1_4.1,2025-06-15,16
7.1_4.1,2025-06-16,15
7.1_4.1,2025-06-17,28
7.1_4.1,2025-06-18,33
7.1_4.1,2025-06-19,9
7.1_4.1,2025-06-20,15
7.1_4.1,2025-06-21,25
7.1_4.1,2025-06-22,28
7.1_4.1,2025-06-23,19
7.1_4.1,2025-06-24,22
7.1_4.1,2025-06-25,27
7.1_4.1,2025-06-26,25
7.1_4.1,2025-06-27,24
7.1_4.1,2025-06-28,21
7.1_4.1,2025-06-29,23
7.1_4.1,2025-06-30,22
7.1_4.1,2025-07-01,23
7.1_4.1,2025-07-02,17
7.1_4.1,2025-07-03,22
7.1_4.1,2025-07-04,20
7.1_4.1,2025-07-05,24
7.1_4.1,2025-07-06,29
7.1_4.1,2025-07-07,24
7.1_4.1,2025-07-08,19
7.1_4.1,2025-07-09,9
7.1_4.1,2025-07-10,12
7.1_4.1,2025-07-11,12
7.1_4.1,2025-07-12,17
7.1_4.1,2025-07-13,11
7.1_4.1,2025-07-14,16
7.1_4.1,2025-07-15,11
7.1_4.1,2025-07-16,18
7.1_4.1,2025-07-17,12
7.1_4.1,2025-07-18,11
7.1_4.1,2025-07-19,17
7.1_4.1,2025-07-20,20
7.1_4.1,2025-07-21,11
7.1_4.1,2025-07-22,37
7.1_4.1,2025-07-23,12
7.1_4.1,2025-07-24,22
7.1_4.1,2025-07-25,2
7.1_4.1,2025-07-26,0
7.1_4.1,2025-07-27,0
7.1_4.1,2025-07-28,0
7.1_4.1,2025-07-29,0
7.1_4.1,2025-07-30,0
7.1_4.1,2025-07-31,0
7.1_4.1,2025-08-01,0
7.1_4.1,2025-08-02,0
7.1_4.1,2025-08-03,0
7.1_4.1,2025-08-04,0
7.1_4.1,2025-08-05,9
7.1_4.1,2025-08-06,45
7.1_4.1,2025-08-07,6
7.1_4.1,2025-08-08,4
7.1_4.1,2025-08-09,4
7.1_4.1,2025-08-10,7
7.1_4.1,2025-08-11,17
7.1_4.1,2025-08-12,18
7.1_4.1,2025-08-13,7
7.1_4.1,2025-08-14,4
7.1_4.1,2025-08-15,4
7.1_4.1,2025-08-16,9
7.1_4.1,2025-08-17,12
7.1_4.1,2025-08-18,16
7.1_4.1,2025-08-19,6
7.1_4.1,2025-08-20,8
7.1_4.1,2025-08-21,7
7.1_4.1,2025-08-22,6
7.1_4.1,2025-08-23,2
7.1_4.1,2025-08-24,7
7.1_4.1,2025-08-25,5
7.1_4.1,2025-08-26,10
7.1_4.1,2025-08-27,8
7.1_4.1,2025-08-28,14
7.1_4.1,2025-08-29,14
7.1_4.1,2025-08-30,12
7.1_4.1,2025-08-31,12
7.1_4.1,2025-09-01,8
7.1_4.1,2025-09-02,15
7.1_4.1,2025-09-03,13
7.1_4.1,2025-09-04,13
7.1_4.1,2025-09-05,14
7.1_4.1,2025-09-06,15
7.1_4.1,2025-09-07,17
7.1_4.1,2025-09-08,24
7.1_4.1,2025-09-09,17
7.1_4.1,2025-09-10,11
7.1_4.1,2025-09-11,10
7.1_4.1,2025-09-12,11
7.1_4.1,2025-09-13,10
7.1_4.1,2025-09-14,10
7.1_4.1,2025-09-15,14
7.1_4.1,2025-09-16,9
7.1_4.1,2025-09-17,12
7.1_4.1,2025-09-18,15
7.1_4.1,2025-09-19,28
7.1_4.1,2025-09-20,14
7.1_4.1,2025-09-21,14
7.1_4.1,2025-09-22,7
7.1_4.1,2025-09-23,10
7.1_4.1,2025-09-24,5
7.1_4.1,2025-09-25,9
7.1_4.1,2025-09-26,9
7.1_4.1,2025-09-27,13
7.1_4.1,2025-09-28,14
7.1_4.1,2025-09-29,18
7.1_4.1,2025-09-30,15
7.1_4.1,2025-10-01,14
7.1_4.1,2025-10-02,14
7.1_4.1,2025-10-03,17
7.1_4.1,2025-10-04,14
7.1_4.1,2025-10-05,19
7.1_4.1,2025-10-06,17
7.1_4.1,2025-10-07,14
7.1_4.1,2025-10-08,18
7.1_4.1,2025-10-09,14
7.1_4.1,2025-10-10,17
7.1_4.1,2025-10-11,18
7.1_4.1,2025-10-12,12
7.1_4.1,2025-10-13,18
7.1_4.1,2025-10-14,19
7.1_4.1,2025-10-15,25
7.1_4.1,2025-10-16,28
7.1_4.1,2025-10-17,15
7.1_4.1,2025-10-18,12
7.1_4.1,2025-10-19,12
7.1_4.1,2025-10-20,15
7.1_4.1,2025-10-21,12
7.1_4.1,2025-10-22,14
7.1_4.1,2025-10-23,7
7.1_4.1,2025-10-24,8
7.1_4.1,2025-10-25,17
7.1_4.1,2025-10-26,13
7.1_4.1,2025-10-27,14
7.1_4.1,2025-10-28,13
7.1_4.1,2025-10-29,11
7.1_4.1,2025-10-30,19
7.1_4.1,2025-10-31,18
7.1_4.1,2025-11-01,21
7.1_4.1,2025-11-02,17
7.1_4.1,2025-11-03,35
7.1_4.1,2025-11-04,35
7.1_4.1,2025-11-05,20
7.1_4.1,2025-11-06,21
7.1_4.1,2025-11-07,18
7.1_4.1,2025-11-08,20
7.1_4.1,2025-11-09,16
7.1_4.1,2025-11-10,15
7.1_4.1,2025-11-11,14
7.1_4.1,2025-11-12,16
7.1_4.1,2025-11-13,13
7.1_4.1,2025-11-14,14
7.1_4.1,2025-11-15,18
7.1_4.1,2025-11-16,13
7.1_4.1,2025-11-17,23
7.1_4.1,2025-11-18,18
7.1_4.1,2025-11-19,14
7.1_4.1,2025-11-20,24
7.1_4.1,2025-11-21,13
7.1_4.1,2025-11-22,21
7.1_4.1,2025-11-23,26
7.1_4.1,2025-11-24,21
7.1_4.1,2025-11-25,20
7.1_4.1,2025-11-26,5
7.1_4.1,2025-11-27,13
7.1_4.1,2025-11-28,11
7.1_4.1,2025-11-29,12
7.1_4.1,2025-11-30,10
7.1_4.1,2025-12-01,7
7.1_4.1,2025-12-02,14
7.1_4.1,2025-12-03,17
7.1_4.1,2025-12-04,10
7.1_4.1,2025-12-05,26
7.1_4.1,2025-12-06,10
7.1_4.1,2025-12-07,13
7.1_4.1,2025-12-08,17
7.1_4.1,2025-12-09,18
7.1_4.1,2025-12-10,2
7.1_4.1,2025-12-11,18
7.1_4.1,2025-12-12,11
7.1_4.1,2025-12-13,16
7.1_4.1,2025-12-14,17
7.1_4.1,2025-12-15,23
7.1_4.1,2025-12-16,13
7.1_4.1,2025-12-17,18
7.1_4.1,2025-12-18,10
7.1_4.1,2025-12-19,10
7.1_4.1,2025-12-20,22
7.1_4.1,2025-12-21,13
7.1_4.1,2025-12-22,19
7.1_4.1,2025-12-23,20
7.1_4.1,2025-12-24,24
7.1_4.1,2025-12-25,19
7.1_4.1,2025-12-26,9
7.1_4.1,2025-12-27,15
7.1_4.1,2025-12-28,6
7.1_4.1,2025-12-29,17
7.1_4.1,2025-12-30,22
7.1_4.1,2025-12-31,17
7.2,2024-11-01,0
7.2,2024-11-02,0
7.2,2024-11-03,0
7.2,2024-11-04,0
7.2,2024-11-05,0
7.2,2024-11-06,0
7.2,2024-11-07,0
7.2,2024-11-08,0
7.2,2024-11-09,0
7.2,2024-11-10,0
7.2,2024-11-11,0
7.2,2024-11-12,0
7.2,2024-11-13,0
7.2,2024-11-14,0
7.2,2024-11-15,0
7.2,2024-11-16,0
7.2,2024-11-17,0
7.2,2024-11-18,0
7.2,2024-11-19,0
7.2,2024-11-20,0
7.2,2024-11-21,0
7.2,2024-11-22,0
7.2,2024-11-23,0
7.2,2024-11-24,0
7.2,2024-11-25,0
7.2,2024-11-26,0
7.2,2024-11-27,0
7.2,2024-11-28,0
7.2,2024-11-29,0
7.2,2024-11-30,0
7.2,2024-12-01,0
7.2,2024-12-02,0
7.2,2024-12-03,0
7.2,2024-12-04,0
7.2,2024-12-05,0
7.2,2024-12-06,0
7.2,2024-12-07,0
7.2,2024-12-08,0
7.2,2024-12-09,0
7.2,2024-12-10,0
7.2,2024-12-11,0
7.2,2024-12-12,0
7.2,2024-12-13,0
7.2,2024-12-14,0
7.2,2024-12-15,0
7.2,2024-12-16,0
7.2,2024-12-17,0
7.2,2024-12-18,0
7.2,2024-12-19,0
7.2,2024-12-20,0
7.2,2024-12-21,0
7.2,2024-12-22,0
7.2,2024-12-23,0
7.2,2024-12-24,0
7.2,2024-12-25,0
7.2,2024-12-26,0
7.2,2024-12-27,0
7.2,2024-12-28,0
7.2,2024-12-29,0
7.2,2024-12-30,0
7.2,2024-12-31,0
7.2,2025-01-01,0
7.2,2025-01-02,0
7.2,2025-01-03,0
7.2,2025-01-04,0
7.2,2025-01-05,0
7.2,2025-01-06,0
7.2,2025-01-07,0
7.2,2025-01-08,0
7.2,2025-01-09,0
7.2,2025-01-10,0
7.2,2025-01-11,0
7.2,2025-01-12,0
7.2,2025-01-13,0
7.2,2025-01-14,0
7.2,2025-01-15,0
7.2,2025-01-16,0
7.2,2025-01-17,0
7.2,2025-01-18,0
7.2,2025-01-19,0
7.2,2025-01-20,0
7.2,2025-01-21,0
7.2,2025-01-22,0
7.2,2025-01-23,0
7.2,2025-01-24,0
7.2,2025-01-25,0
7.2,2025-01-26,0
7.2,2025-01-27,0
7.2,2025-01-28,0
7.2,2025-01-29,0
7.2,2025-01-30,0
7.2,2025-01-31,0
7.2,2025-02-01,0
7.2,2025-02-02,0
7.2,2025-02-03,0
7.2,2025-02-04,0
7.2,2025-02-05,0
7.2,2025-02-06,0
7.2,2025-02-07,0
7.2,2025-02-08,0
7.2,2025-02-09,0
7.2,2025-02-10,0
7.2,2025-02-11,0
7.2,2025-02-12,0
7.2,2025-02-13,0
7.2,2025-02-14,0
7.2,2025-02-15,0
7.2,2025-02-16,0
7.2,2025-02-17,0
7.2,2025-02-18,0
7.2,2025-02-19,0
7.2,2025-02-20,0
7.2,2025-02-21,0
7.2,2025-02-22,0
7.2,2025-02-23,0
7.2,2025-02-24,0
7.2,2025-02-25,0
7.2,2025-02-26,0
7.2,2025-02-27,0
7.2,2025-02-28,0
7.2,2025-03-01,0
7.2,2025-03-02,0
7.2,2025-03-03,0
7.2,2025-03-04,0
7.2,2025-03-05,0
7.2,2025-03-06,0
7.2,2025-03-07,0
7.2,2025-03-08,0
7.2,2025-03-09,0
7.2,2025-03-10,0
7.2,2025-03-11,0
7.2,2025-03-12,0
7.2,2025-03-13,0
7.2,2025-03-14,0
7.2,2025-03-15,0
7.2,2025-03-16,0
7.2,2025-03-17,0
7.2,2025-03-18,0
7.2,2025-03-19,0
7.2,2025-03-20,0
7.2,2025-03-21,0
7.2,2025-03-22,0
7.2,2025-03-23,0
7.2,2025-03-24,0
7.2,2025-03-25,0
7.2,2025-03-26,0
7.2,2025-03-27,0
7.2,2025-03-28,0
7.2,2025-03-29,0
7.2,2025-03-30,0
7.2,2025-03-31,0
7.2,2025-04-01,0
7.2,2025-04-02,0
7.2,2025-04-03,0
7.2,2025-04-04,0
7.2,2025-04-05,0
7.2,2025-04-06,0
7.2,2025-04-07,0
7.2,2025-04-08,0
7.2,2025-04-09,0
7.2,2025-04-10,0
7.2,2025-04-11,0
7.2,2025-04-12,0
7.2,2025-04-13,0
7.2,2025-04-14,0
7.2,2025-04-15,0
7.2,2025-04-16,0
7.2,2025-04-17,0
7.2,2025-04-18,0
7.2,2025-04-19,0
7.2,2025-04-20,0
7.2,2025-04-21,0
7.2,2025-04-22,0
7.2,2025-04-23,0
7.2,2025-04-24,0
7.2,2025-04-25,0
7.2,2025-04-26,0
7.2,2025-04-27,0
7.2,2025-04-28,0
7.2,2025-04-29,0
7.2,2025-04-30,0
7.2,2025-05-01,0
7.2,2025-05-02,0
7.2,2025-05-03,0
7.2,2025-05-04,0
7.2,2025-05-05,0
7.2,2025-05-06,0
7.2,2025-05-07,0
7.2,2025-05-08,0
7.2,2025-05-09,0
7.2,2025-05-10,0
7.2,2025-05-11,0
7.2,2025-05-12,0
7.2,2025-05-13,0
7.2,2025-05-14,0
7.2,2025-05-15,0
7.2,2025-05-16,0
7.2,2025-05-17,0
7.2,2025-05-18,0
7.2,2025-05-19,0
7.2,2025-05-20,0
7.2,2025-05-21,0
7.2,2025-05-22,0
7.2,2025-05-23,0
7.2,2025-05-24,0
7.2,2025-05-25,0
7.2,2025-05-26,0
7.2,2025-05-27,0
7.2,2025-05-28,0
7.2,2025-05-29,0
7.2,2025-05-30,0
7.2,2025-05-31,0
7.2,2025-06-01,0
7.2,2025-06-02,0
7.2,2025-06-03,0
7.2,2025-06-04,0
7.2,2025-06-05,0
7.2,2025-06-06,0
7.2,2025-06-07,0
7.2,2025-06-08,0
7.2,2025-06-09,0
7.2,2025-06-10,0
7.2,2025-06-11,0
7.2,2025-06-12,0
7.2,2025-06-13,0
7.2,2025-06-14,0
7.2,2025-06-15,0
7.2,2025-06-16,0
7.2,2025-06-17,0
7.2,2025-06-18,0
7.2,2025-06-19,0
7.2,2025-06-20,0
7.2,2025-06-21,0
7.2,2025-06-22,0
7.2,2025-06-23,0
7.2,2025-06-24,0
7.2,2025-06-25,0
7.2,2025-06-26,0
7.2,2025-06-27,0
7.2,2025-06-28,0
7.2,2025-06-29,0
7.2,2025-06-30,0
7.2,2025-07-01,0
7.2,2025-07-02,0
7.2,2025-07-03,0
7.2,2025-07-04,0
7.2,2025-07-05,0
7.2,2025-07-06,0
7.2,2025-07-07,0
7.2,2025-07-08,0
7.2,2025-07-09,0
7.2,2025-07-10,0
7.2,2025-07-11,0
7.2,2025-07-12,0
7.2,2025-07-13,0
7.2,2025-07-14,0
7.2,2025-07-15,0
7.2,2025-07-16,0
7.2,2025-07-17,0
7.2,2025-07-18,0
7.2,2025-07-19,0
7.2,2025-07-20,0
7.2,2025-07-21,0
7.2,2025-07-22,0
7.2,2025-07-23,0
7.2,2025-07-24,0
7.2,2025-07-25,0
7.2,2025-07-26,0
7.2,2025-07-27,0
7.2,2025-07-28,0
7.2,2025-07-29,0
7.2,2025-07-30,0
7.2,2025-07-31,0
7.2,2025-08-01,0
7.2,2025-08-02,0
7.2,2025-08-03,0
7.2,2025-08-04,0
7.2,2025-08-05,0
7.2,2025-08-06,0
7.2,2025-08-07,0
7.2,2025-08-08,0
7.2,2025-08-09,0
7.2,2025-08-10,0
7.2,2025-08-11,0
7.2,2025-08-12,0
7.2,2025-08-13,0
7.2,2025-08-14,0
7.2,2025-08-15,0
7.2,2025-08-16,0
7.2,2025-08-17,0
7.2,2025-08-18,0
7.2,2025-08-19,0
7.2,2025-08-20,0
7.2,2025-08-21,0
7.2,2025-08-22,0
7.2,2025-08-23,0
7.2,2025-08-24,0
7.2,2025-08-25,0
7.2,2025-08-26,0
7.2,2025-08-27,0
7.2,2025-08-28,0
7.2,2025-08-29,0
7.2,2025-08-30,0
7.2,2025-08-31,0
7.2,2025-09-01,0
7.2,2025-09-02,0
7.2,2025-09-03,0
7.2,2025-09-04,0
7.2,2025-09-05,0
7.2,2025-09-06,0
7.2,2025-09-07,0
7.2,2025-09-08,0
7.2,2025-09-09,0
7.2,2025-09-10,0
7.2,2025-09-11,0
7.2,2025-09-12,0
7.2,2025-09-13,0
7.2,2025-09-14,0
7.2,2025-09-15,0
7.2,2025-09-16,0
7.2,2025-09-17,0
7.2,2025-09-18,0
7.2,2025-09-19,0
7.2,2025-09-20,0
7.2,2025-09-21,0
7.2,2025-09-22,0
7.2,2025-09-23,0
7.2,2025-09-24,0
7.2,2025-09-25,0
7.2,2025-09-26,0
7.2,2025-09-27,0
7.2,2025-09-28,0
7.2,2025-09-29,0
7.2,2025-09-30,0
7.2,2025-10-01,0
7.2,2025-10-02,0
7.2,2025-10-03,17
7.2,2025-10-04,44
7.2,2025-10-05,47
7.2,2025-10-06,45
7.2,2025-10-07,43
7.2,2025-10-08,46
7.2,2025-10-09,47
7.2,2025-10-10,44
7.2,2025-10-11,47
7.2,2025-10-12,45
7.2,2025-10-13,45
7.2,2025-10-14,42
7.2,2025-10-15,46
7.2,2025-10-16,47
7.2,2025-10-17,42
7.2,2025-10-18,45
7.2,2025-10-19,47
7.2,2025-10-20,32
7.2,2025-10-21,45
7.2,2025-10-22,39
7.2,2025-10-23,36
7.2,2025-10-24,28
7.2,2025-10-25,28
7.2,2025-10-26,18
7.2,2025-10-27,27
7.2,2025-10-28,0
7.2,2025-10-29,0
7.2,2025-10-30,0
7.2,2025-10-31,0
7.2,2025-11-01,0
7.2,2025-11-02,0
7.2,2025-11-03,13
7.2,2025-11-04,40
7.2,2025-11-05,40
7.2,2025-11-06,47
7.2,2025-11-07,44
7.2,2025-11-08,45
7.2,2025-11-09,45
7.2,2025-11-10,45
7.2,2025-11-11,47
7.2,2025-11-12,47
7.2,2025-11-13,47
7.2,2025-11-14,45
7.2,2025-11-15,47
7.2,2025-11-16,47
7.2,2025-11-17,45
7.2,2025-11-18,47
7.2,2025-11-19,46
7.2,2025-11-20,46
7.2,2025-11-21,45
7.2,2025-11-22,48
7.2,2025-11-23,48
7.2,2025-11-24,47
7.2,2025-11-25,47
7.2,2025-11-26,42
7.2,2025-11-27,48
7.2,2025-11-28,48
7.2,2025-11-29,45
7.2,2025-11-30,47
7.2,2025-12-01,45
7.2,2025-12-02,35
7.2,2025-12-03,46
7.2,2025-12-04,47
7.2,2025-12-05,48
7.2,2025-12-06,47
7.2,2025-12-07,48
7.2,2025-12-08,48
7.2,2025-12-09,46
7.2,2025-12-10,46
7.2,2025-12-11,47
7.2,2025-12-12,47
7.2,2025-12-13,48
7.2,2025-12-14,48
7.2,2025-12-15,47
7.2,2025-12-16,47
7.2,2025-12-17,48
7.2,2025-12-18,46
7.2,2025-12-19,37
7.2,2025-12-20,48
7.2,2025-12-21,47
7.2,2025-12-22,47
7.2,2025-12-23,35
7.2,2025-12-24,33
7.2,2025-12-25,39
7.2,2025-12-26,40
7.2,2025-12-27,24
7.2,2025-12-28,32
7.2,2025-12-29,47
7.2,2025-12-30,48
7.2,2025-12-31,48
8.1_34.2,2024-11-01,14
8.1_34.2,2024-11-02,17
8.1_34.2,2024-11-03,17
8.1_34.2,2024-11-04,36
8.1_34.2,2024-11-05,16
8.1_34.2,2024-11-06,20
8.1_34.2,2024-11-07,18
8.1_34.2,2024-11-08,14
8.1_34.2,2024-11-09,18
8.1_34.2,2024-11-10,15
8.1_34.2,2024-11-11,12
8.1_34.2,2024-11-12,44
8.1_34.2,2024-11-13,14
8.1_34.2,2024-11-14,11
8.1_34.2,2024-11-15,9
8.1_34.2,2024-11-16,11
8.1_34.2,2024-11-17,16
8.1_34.2,2024-11-18,14
8.1_34.2,2024-11-19,19
8.1_34.2,2024-11-20,22
8.1_34.2,2024-11-21,38
8.1_34.2,2024-11-22,43
8.1_34.2,2024-11-23,46
8.1_34.2,2024-11-24,46
8.1_34.2,2024-11-25,20
8.1_34.2,2024-11-26,16
8.1_34.2,2024-11-27,21
8.1_34.2,2024-11-28,35
8.1_34.2,2024-11-29,45
8.1_34.2,2024-11-30,46
8.1_34.2,2024-12-01,47
8.1_34.2,2024-12-02,48
8.1_34.2,2024-12-03,47
8.1_34.2,2024-12-04,46
8.1_34.2,2024-12-05,47
8.1_34.2,2024-12-06,46
8.1_34.2,2024-12-07,46
8.1_34.2,2024-12-08,45
8.1_34.2,2024-12-09,45
8.1_34.2,2024-12-10,17
8.1_34.2,2024-12-11,29
8.1_34.2,2024-12-12,46
8.1_34.2,2024-12-13,46
8.1_34.2,2024-12-14,45
8.1_34.2,2024-12-15,28
8.1_34.2,2024-12-16,27
8.1_34.2,2024-12-17,14
8.1_34.2,2024-12-18,14
8.1_34.2,2024-12-19,30
8.1_34.2,2024-12-20,41
8.1_34.2,2024-12-21,45
8.1_34.2,2024-12-22,47
8.1_34.2,2024-12-23,45
8.1_34.2,2024-12-24,40
8.1_34.2,2024-12-25,44
8.1_34.2,2024-12-26,27
8.1_34.2,2024-12-27,25
8.1_34.2,2024-12-28,12
8.1_34.2,2024-12-29,18
8.1_34.2,2024-12-30,28
8.1_34.2,2024-12-31,38
8.1_34.2,2025-01-01,9
8.1_34.2,2025-01-02,21
8.1_34.2,2025-01-03,11
8.1_34.2,2025-01-04,16
8.1_34.2,2025-01-05,17
8.1_34.2,2025-01-06,15
8.1_34.2,2025-01-07,9
8.1_34.2,2025-01-08,5
8.1_34.2,2025-01-09,7
8.1_34.2,2025-01-10,16
8.1_34.2,2025-01-11,16
8.1_34.2,2025-01-12,14
8.1_34.2,2025-01-13,6
8.1_34.2,2025-01-14,25
8.1_34.2,2025-01-15,21
8.1_34.2,2025-01-16,11
8.1_34.2,2025-01-17,15
8.1_34.2,2025-01-18,18
8.1_34.2,2025-01-19,12
8.1_34.2,2025-01-20,17
8.1_34.2,2025-01-21,17
8.1_34.2,2025-01-22,26
8.1_34.2,2025-01-23,14
8.1_34.2,2025-01-24,10
8.1_34.2,2025-01-25,15
8.1_34.2,2025-01-26,28
8.1_34.2,2025-01-27,28
8.1_34.2,2025-01-28,6
8.1_34.2,2025-01-29,27
8.1_34.2,2025-01-30,31
8.1_34.2,2025-01-31,9
8.1_34.2,2025-02-01,17
8.1_34.2,2025-02-02,13
8.1_34.2,2025-02-03,19
8.1_34.2,2025-02-04,26
8.1_34.2,2025-02-05,16
8.1_34.2,2025-02-06,18
8.1_34.2,2025-02-07,27
8.1_34.2,2025-02-08,39
8.1_34.2,2025-02-09,22
8.1_34.2,2025-02-10,9
8.1_34.2,2025-02-11,13
8.1_34.2,2025-02-12,10
8.1_34.2,2025-02-13,16
8.1_34.2,2025-02-14,11
8.1_34.2,2025-02-15,6
8.1_34.2,2025-02-16,11
8.1_34.2,2025-02-17,36
8.1_34.2,2025-02-18,19
8.1_34.2,2025-02-19,20
8.1_34.2,2025-02-20,25
8.1_34.2,2025-02-21,35
8.1_34.2,2025-02-22,27
8.1_34.2,2025-02-23,30
8.1_34.2,2025-02-24,33
8.1_34.2,2025-02-25,14
8.1_34.2,2025-02-26,2
8.1_34.2,2025-02-27,26
8.1_34.2,2025-02-28,33
8.1_34.2,2025-03-01,36
8.1_34.2,2025-03-02,37
8.1_34.2,2025-03-03,15
8.1_34.2,2025-03-04,16
8.1_34.2,2025-03-05,24
8.1_34.2,2025-03-06,30
8.1_34.2,2025-03-07,12
8.1_34.2,2025-03-08,18
8.1_34.2,2025-03-09,19
8.1_34.2,2025-03-10,20
8.1_34.2,2025-03-11,18
8.1_34.2,2025-03-12,26
8.1_34.2,2025-03-13,16
8.1_34.2,2025-03-14,7
8.1_34.2,2025-03-15,22
8.1_34.2,2025-03-16,13
8.1_34.2,2025-03-17,12
8.1_34.2,2025-03-18,16
8.1_34.2,2025-03-19,10
8.1_34.2,2025-03-20,12
8.1_34.2,2025-03-21,14
8.1_34.2,2025-03-22,10
8.1_34.2,2025-03-23,17
8.1_34.2,2025-03-24,20
8.1_34.2,2025-03-25,20
8.1_34.2,2025-03-26,39
8.1_34.2,2025-03-27,18
8.1_34.2,2025-03-28,15
8.1_34.2,2025-03-29,18
8.1_34.2,2025-03-30,18
8.1_34.2,2025-03-31,12
8.1_34.2,2025-04-01,12
8.1_34.2,2025-04-02,13
8.1_34.2,2025-04-03,29
8.1_34.2,2025-04-04,17
8.1_34.2,2025-04-05,9
8.1_34.2,2025-04-06,24
8.1_34.2,2025-04-07,28
8.1_34.2,2025-04-08,8
8.1_34.2,2025-04-09,8
8.1_34.2,2025-04-10,17
8.1_34.2,2025-04-11,29
8.1_34.2,2025-04-12,10
8.1_34.2,2025-04-13,12
8.1_34.2,2025-04-14,18
8.1_34.2,2025-04-15,10
8.1_34.2,2025-04-16,15
8.1_34.2,2025-04-17,16
8.1_34.2,2025-04-18,20
8.1_34.2,2025-04-19,21
8.1_34.2,2025-04-20,23
8.1_34.2,2025-04-21,23
8.1_34.2,2025-04-22,16
8.1_34.2,2025-04-23,22
8.1_34.2,2025-04-24,26
8.1_34.2,2025-04-25,25
8.1_34.2,2025-04-26,13
8.1_34.2,2025-04-27,19
8.1_34.2,2025-04-28,12
8.1_34.2,2025-04-29,17
8.1_34.2,2025-04-30,18
8.1_34.2,2025-05-01,17
8.1_34.2,2025-05-02,15
8.1_34.2,2025-05-03,17
8.1_34.2,2025-05-04,14
8.1_34.2,2025-05-05,21
8.1_34.2,2025-05-06,23
8.1_34.2,2025-05-07,12
8.1_34.2,2025-05-08,7
8.1_34.2,2025-05-09,13
8.1_34.2,2025-05-10,14
8.1_34.2,2025-05-11,16
8.1_34.2,2025-05-12,14
8.1_34.2,2025-05-13,27
8.1_34.2,2025-05-14,22
8.1_34.2,2025-05-15,19
8.1_34.2,2025-05-16,19
8.1_34.2,2025-05-17,19
8.1_34.2,2025-05-18,19
8.1_34.2,2025-05-19,24
8.1_34.2,2025-05-20,16
8.1_34.2,2025-05-21,14
8.1_34.2,2025-05-22,21
8.1_34.2,2025-05-23,5
8.1_34.2,2025-05-24,14
8.1_34.2,2025-05-25,15
8.1_34.2,2025-05-26,13
8.1_34.2,2025-05-27,14
8.1_34.2,2025-05-28,12
8.1_34.2,2025-05-29,7
8.1_34.2,2025-05-30,9
8.1_34.2,2025-05-31,21
8.1_34.2,2025-06-01,9
8.1_34.2,2025-06-02,8
8.1_34.2,2025-06-03,16
8.1_34.2,2025-06-04,21
8.1_34.2,2025-06-05,10
8.1_34.2,2025-06-06,15
8.1_34.2,2025-06-07,12
8.1_34.2,2025-06-08,16
8.1_34.2,2025-06-09,11
8.1_34.2,2025-06-10,15
8.1_34.2,2025-06-11,17
8.1_34.2,2025-06-12,19
8.1_34.2,2025-06-13,17
8.1_34.2,2025-06-14,14
8.1_34.2,2025-06-15,17
8.1_34.2,2025-06-16,12
8.1_34.2,2025-06-17,17
8.1_34.2,2025-06-18,14
8.1_34.2,2025-06-19,22
8.1_34.2,2025-06-20,25
8.1_34.2,2025-06-21,18
8.1_34.2,2025-06-22,12
8.1_34.2,2025-06-23,12
8.1_34.2,2025-06-24,13
8.1_34.2,2025-06-25,21
8.1_34.2,2025-06-26,20
8.1_34.2,2025-06-27,14
8.1_34.2,2025-06-28,15
8.1_34.2,2025-06-29,15
8.1_34.2,2025-06-30,19
8.1_34.2,2025-07-01,17
8.1_34.2,2025-07-02,21
8.1_34.2,2025-07-03,24
8.1_34.2,2025-07-04,15
8.1_34.2,2025-07-05,15
8.1_34.2,2025-07-06,20
8.1_34.2,2025-07-07,15
8.1_34.2,2025-07-08,17
8.1_34.2,2025-07-09,12
8.1_34.2,2025-07-10,20
8.1_34.2,2025-07-11,19
8.1_34.2,2025-07-12,16
8.1_34.2,2025-07-13,12
8.1_34.2,2025-07-14,24
8.1_34.2,2025-07-15,23
8.1_34.2,2025-07-16,13
8.1_34.2,2025-07-17,12
8.1_34.2,2025-07-18,15
8.1_34.2,2025-07-19,17
8.1_34.2,2025-07-20,8
8.1_34.2,2025-07-21,11
8.1_34.2,2025-07-22,28
8.1_34.2,2025-07-23,18
8.1_34.2,2025-07-24,12
8.1_34.2,2025-07-25,10
8.1_34.2,2025-07-26,12
8.1_34.2,2025-07-27,8
8.1_34.2,2025-07-28,8
8.1_34.2,2025-07-29,15
8.1_34.2,2025-07-30,14
8.1_34.2,2025-07-31,12
8.1_34.2,2025-08-01,15
8.1_34.2,2025-08-02,22
8.1_34.2,2025-08-03,34
8.1_34.2,2025-08-04,23
8.1_34.2,2025-08-05,25
8.1_34.2,2025-08-06,9
8.1_34.2,2025-08-07,9
8.1_34.2,2025-08-08,12
8.1_34.2,2025-08-09,15
8.1_34.2,2025-08-10,16
8.1_34.2,2025-08-11,21
8.1_34.2,2025-08-12,39
8.1_34.2,2025-08-13,14
8.1_34.2,2025-08-14,8
8.1_34.2,2025-08-15,14
8.1_34.2,2025-08-16,31
8.1_34.2,2025-08-17,14
8.1_34.2,2025-08-18,43
8.1_34.2,2025-08-19,41
8.1_34.2,2025-08-20,13
8.1_34.2,2025-08-21,16
8.1_34.2,2025-08-22,19
8.1_34.2,2025-08-23,22
8.1_34.2,2025-08-24,11
8.1_34.2,2025-08-25,31
8.1_34.2,2025-08-26,18
8.1_34.2,2025-08-27,26
8.1_34.2,2025-08-28,13
8.1_34.2,2025-08-29,10
8.1_34.2,2025-08-30,42
8.1_34.2,2025-08-31,13
8.1_34.2,2025-09-01,40
8.1_34.2,2025-09-02,41
8.1_34.2,2025-09-03,31
8.1_34.2,2025-09-04,9
8.1_34.2,2025-09-05,33
8.1_34.2,2025-09-06,17
8.1_34.2,2025-09-07,21
8.1_34.2,2025-09-08,30
8.1_34.2,2025-09-09,21
8.1_34.2,2025-09-10,33
8.1_34.2,2025-09-11,18
8.1_34.2,2025-09-12,21
8.1_34.2,2025-09-13,39
8.1_34.2,2025-09-14,39
8.1_34.2,2025-09-15,29
8.1_34.2,2025-09-16,35
8.1_34.2,2025-09-17,38
8.1_34.2,2025-09-18,39
8.1_34.2,2025-09-19,41
8.1_34.2,2025-09-20,40
8.1_34.2,2025-09-21,40
8.1_34.2,2025-09-22,32
8.1_34.2,2025-09-23,22
8.1_34.2,2025-09-24,19
8.1_34.2,2025-09-25,11
8.1_34.2,2025-09-26,26
8.1_34.2,2025-09-27,29
8.1_34.2,2025-09-28,32
8.1_34.2,2025-09-29,29
8.1_34.2,2025-09-30,36
8.1_34.2,2025-10-01,40
8.1_34.2,2025-10-02,44
8.1_34.2,2025-10-03,45
8.1_34.2,2025-10-04,43
8.1_34.2,2025-10-05,45
8.1_34.2,2025-10-06,43
8.1_34.2,2025-10-07,36
8.1_34.2,2025-10-08,40
8.1_34.2,2025-10-09,40
8.1_34.2,2025-10-10,43
8.1_34.2,2025-10-11,45
8.1_34.2,2025-10-12,43
8.1_34.2,2025-10-13,46
8.1_34.2,2025-10-14,41
8.1_34.2,2025-10-15,46
8.1_34.2,2025-10-16,46
8.1_34.2,2025-10-17,46
8.1_34.2,2025-10-18,39
8.1_34.2,2025-10-19,39
8.1_34.2,2025-10-20,26
8.1_34.2,2025-10-21,31
8.1_34.2,2025-10-22,33
8.1_34.2,2025-10-23,30
8.1_34.2,2025-10-24,27
8.1_34.2,2025-10-25,31
8.1_34.2,2025-10-26,34
8.1_34.2,2025-10-27,34
8.1_34.2,2025-10-28,29
8.1_34.2,2025-10-29,38
8.1_34.2,2025-10-30,22
8.1_34.2,2025-10-31,30
8.1_34.2,2025-11-01,20
8.1_34.2,2025-11-02,29
8.1_34.2,2025-11-03,19
8.1_34.2,2025-11-04,0
8.1_34.2,2025-11-05,0
8.1_34.2,2025-11-06,0
8.1_34.2,2025-11-07,0
8.1_34.2,2025-11-08,0
8.1_34.2,2025-11-09,0
8.1_34.2,2025-11-10,0
8.1_34.2,2025-11-11,0
8.1_34.2,2025-11-12,0
8.1_34.2,2025-11-13,0
8.1_34.2,2025-11-14,0
8.1_34.2,2025-11-15,0
8.1_34.2,2025-11-16,0
8.1_34.2,2025-11-17,0
8.1_34.2,2025-11-18,0
8.1_34.2,2025-11-19,0
8.1_34.2,2025-11-20,0
8.1_34.2,2025-11-21,0
8.1_34.2,2025-11-22,0
8.1_34.2,2025-11-23,0
8.1_34.2,2025-11-24,6
8.1_34.2,2025-11-25,24
8.1_34.2,2025-11-26,22
8.1_34.2,2025-11-27,18
8.1_34.2,2025-11-28,39
8.1_34.2,2025-11-29,30
8.1_34.2,2025-11-30,43
8.1_34.2,2025-12-01,31
8.1_34.2,2025-12-02,35
8.1_34.2,2025-12-03,43
8.1_34.2,2025-12-04,43
8.1_34.2,2025-12-05,23
8.1_34.2,2025-12-06,20
8.1_34.2,2025-12-07,17
8.1_34.2,2025-12-08,9
8.1_34.2,2025-12-09,12
8.1_34.2,2025-12-10,3
8.1_34.2,2025-12-11,2
8.1_34.2,2025-12-12,4
8.1_34.2,2025-12-13,4
8.1_34.2,2025-12-14,0
8.1_34.2,2025-12-15,0
8.1_34.2,2025-12-16,9
8.1_34.2,2025-12-17,0
8.1_34.2,2025-12-18,0
8.1_34.2,2025-12-19,1
8.1_34.2,2025-12-20,7
8.1_34.2,2025-12-21,0
8.1_34.2,2025-12-22,0
8.1_34.2,2025-12-23,0
8.1_34.2,2025-12-24,0
8.1_34.2,2025-12-25,0
8.1_34.2,2025-12-26,0
8.1_34.2,2025-12-27,0
8.1_34.2,2025-12-28,0
8.1_34.2,2025-12-29,0
8.1_34.2,2025-12-30,0
8.1_34.2,2025-12-31,0
8.2,2024-11-01,0
8.2,2024-11-02,0
8.2,2024-11-03,0
8.2,2024-11-04,0
8.2,2024-11-05,0
8.2,2024-11-06,0
8.2,2024-11-07,0
8.2,2024-11-08,0
8.2,2024-11-09,0
8.2,2024-11-10,0
8.2,2024-11-11,0
8.2,2024-11-12,0
8.2,2024-11-13,0
8.2,2024-11-14,0
8.2,2024-11-15,0
8.2,2024-11-16,0
8.2,2024-11-17,0
8.2,2024-11-18,0
8.2,2024-11-19,0
8.2,2024-11-20,0
8.2,2024-11-21,0
8.2,2024-11-22,0
8.2,2024-11-23,0
8.2,2024-11-24,0
8.2,2024-11-25,0
8.2,2024-11-26,0
8.2,2024-11-27,0
8.2,2024-11-28,0
8.2,2024-11-29,0
8.2,2024-11-30,0
8.2,2024-12-01,0
8.2,2024-12-02,0
8.2,2024-12-03,0
8.2,2024-12-04,0
8.2,2024-12-05,0
8.2,2024-12-06,0
8.2,2024-12-07,0
8.2,2024-12-08,0
8.2,2024-12-09,0
8.2,2024-12-10,0
8.2,2024-12-11,0
8.2,2024-12-12,0
8.2,2024-12-13,0
8.2,2024-12-14,0
8.2,2024-12-15,0
8.2,2024-12-16,0
8.2,2024-12-17,0
8.2,2024-12-18,0
8.2,2024-12-19,0
8.2,2024-12-20,0
8.2,2024-12-21,0
8.2,2024-12-22,0
8.2,2024-12-23,0
8.2,2024-12-24,0
8.2,2024-12-25,0
8.2,2024-12-26,0
8.2,2024-12-27,0
8.2,2024-12-28,0
8.2,2024-12-29,0
8.2,2024-12-30,0
8.2,2024-12-31,0
8.2,2025-01-01,0
8.2,2025-01-02,0
8.2,2025-01-03,0
8.2,2025-01-04,0
8.2,2025-01-05,0
8.2,2025-01-06,0
8.2,2025-01-07,0
8.2,2025-01-08,0
8.2,2025-01-09,0
8.2,2025-01-10,0
8.2,2025-01-11,0
8.2,2025-01-12,0
8.2,2025-01-13,0
8.2,2025-01-14,0
8.2,2025-01-15,0
8.2,2025-01-16,0
8.2,2025-01-17,0
8.2,2025-01-18,0
8.2,2025-01-19,0
8.2,2025-01-20,0
8.2,2025-01-21,0
8.2,2025-01-22,0
8.2,2025-01-23,0
8.2,2025-01-24,0
8.2,2025-01-25,0
8.2,2025-01-26,0
8.2,2025-01-27,0
8.2,2025-01-28,0
8.2,2025-01-29,0
8.2,2025-01-30,0
8.2,2025-01-31,0
8.2,2025-02-01,0
8.2,2025-02-02,0
8.2,2025-02-03,0
8.2,2025-02-04,0
8.2,2025-02-05,0
8.2,2025-02-06,0
8.2,2025-02-07,0
8.2,2025-02-08,0
8.2,2025-02-09,0
8.2,2025-02-10,0
8.2,2025-02-11,0
8.2,2025-02-12,0
8.2,2025-02-13,0
8.2,2025-02-14,0
8.2,2025-02-15,0
8.2,2025-02-16,0
8.2,2025-02-17,0
8.2,2025-02-18,0
8.2,2025-02-19,0
8.2,2025-02-20,0
8.2,2025-02-21,0
8.2,2025-02-22,0
8.2,2025-02-23,0
8.2,2025-02-24,0
8.2,2025-02-25,0
8.2,2025-02-26,0
8.2,2025-02-27,0
8.2,2025-02-28,0
8.2,2025-03-01,0
8.2,2025-03-02,0
8.2,2025-03-03,0
8.2,2025-03-04,0
8.2,2025-03-05,0
8.2,2025-03-06,0
8.2,2025-03-07,0
8.2,2025-03-08,0
8.2,2025-03-09,0
8.2,2025-03-10,0
8.2,2025-03-11,0
8.2,2025-03-12,0
8.2,2025-03-13,0
8.2,2025-03-14,0
8.2,2025-03-15,0
8.2,2025-03-16,0
8.2,2025-03-17,0
8.2,2025-03-18,0
8.2,2025-03-19,0
8.2,2025-03-20,0
8.2,2025-03-21,0
8.2,2025-03-22,0
8.2,2025-03-23,0
8.2,2025-03-24,0
8.2,2025-03-25,0
8.2,2025-03-26,0
8.2,2025-03-27,0
8.2,2025-03-28,0
8.2,2025-03-29,0
8.2,2025-03-30,0
8.2,2025-03-31,0
8.2,2025-04-01,0
8.2,2025-04-02,0
8.2,2025-04-03,0
8.2,2025-04-04,0
8.2,2025-04-05,0
8.2,2025-04-06,0
8.2,2025-04-07,0
8.2,2025-04-08,0
8.2,2025-04-09,0
8.2,2025-04-10,0
8.2,2025-04-11,0
8.2,2025-04-12,0
8.2,2025-04-13,0
8.2,2025-04-14,0
8.2,2025-04-15,0
8.2,2025-04-16,0
8.2,2025-04-17,0
8.2,2025-04-18,0
8.2,2025-04-19,0
8.2,2025-04-20,0
8.2,2025-04-21,0
8.2,2025-04-22,0
8.2,2025-04-23,0
8.2,2025-04-24,0
8.2,2025-04-25,0
8.2,2025-04-26,0
8.2,2025-04-27,0
8.2,2025-04-28,0
8.2,2025-04-29,0
8.2,2025-04-30,0
8.2,2025-05-01,0
8.2,2025-05-02,0
8.2,2025-05-03,0
8.2,2025-05-04,0
8.2,2025-05-05,0
8.2,2025-05-06,0
8.2,2025-05-07,0
8.2,2025-05-08,0
8.2,2025-05-09,0
8.2,2025-05-10,0
8.2,2025-05-11,0
8.2,2025-05-12,0
8.2,2025-05-13,0
8.2,2025-05-14,0
8.2,2025-05-15,0
8.2,2025-05-16,0
8.2,2025-05-17,0
8.2,2025-05-18,0
8.2,2025-05-19,0
8.2,2025-05-20,0
8.2,2025-05-21,0
8.2,2025-05-22,0
8.2,2025-05-23,0
8.2,2025-05-24,0
8.2,2025-05-25,0
8.2,2025-05-26,0
8.2,2025-05-27,0
8.2,2025-05-28,0
8.2,2025-05-29,0
8.2,2025-05-30,0
8.2,2025-05-31,0
8.2,2025-06-01,0
8.2,2025-06-02,0
8.2,2025-06-03,0
8.2,2025-06-04,0
8.2,2025-06-05,0
8.2,2025-06-06,0
8.2,2025-06-07,0
8.2,2025-06-08,0
8.2,2025-06-09,0
8.2,2025-06-10,0
8.2,2025-06-11,0
8.2,2025-06-12,0
8.2,2025-06-13,0
8.2,2025-06-14,0
8.2,2025-06-15,0
8.2,2025-06-16,0
8.2,2025-06-17,0
8.2,2025-06-18,0
8.2,2025-06-19,0
8.2,2025-06-20,0
8.2,2025-06-21,0
8.2,2025-06-22,0
8.2,2025-06-23,0
8.2,2025-06-24,0
8.2,2025-06-25,0
8.2,2025-06-26,0
8.2,2025-06-27,0
8.2,2025-06-28,0
8.2,2025-06-29,0
8.2,2025-06-30,0
8.2,2025-07-01,0
8.2,2025-07-02,0
8.2,2025-07-03,0
8.2,2025-07-04,0
8.2,2025-07-05,0
8.2,2025-07-06,0
8.2,2025-07-07,0
8.2,2025-07-08,0
8.2,2025-07-09,0
8.2,2025-07-10,0
8.2,2025-07-11,0
8.2,2025-07-12,0
8.2,2025-07-13,0
8.2,2025-07-14,0
8.2,2025-07-15,0
8.2,2025-07-16,0
8.2,2025-07-17,0
8.2,2025-07-18,0
8.2,2025-07-19,0
8.2,2025-07-20,0
8.2,2025-07-21,0
8.2,2025-07-22,0
8.2,2025-07-23,0
8.2,2025-07-24,0
8.2,2025-07-25,0
8.2,2025-07-26,0
8.2,2025-07-27,0
8.2,2025-07-28,0
8.2,2025-07-29,0
8.2,2025-07-30,0
8.2,2025-07-31,0
8.2,2025-08-01,0
8.2,2025-08-02,0
8.2,2025-08-03,0
8.2,2025-08-04,0
8.2,2025-08-05,0
8.2,2025-08-06,0
8.2,2025-08-07,0
8.2,2025-08-08,0
8.2,2025-08-09,0
8.2,2025-08-10,0
8.2,2025-08-11,0
8.2,2025-08-12,0
8.2,2025-08-13,0
8.2,2025-08-14,0
8.2,2025-08-15,0
8.2,2025-08-16,0
8.2,2025-08-17,0
8.2,2025-08-18,0
8.2,2025-08-19,0
8.2,2025-08-20,0
8.2,2025-08-21,0
8.2,2025-08-22,0
8.2,2025-08-23,0
8.2,2025-08-24,0
8.2,2025-08-25,0
8.2,2025-08-26,0
8.2,2025-08-27,0
8.2,2025-08-28,0
8.2,2025-08-29,0
8.2,2025-08-30,0
8.2,2025-08-31,0
8.2,2025-09-01,0
8.2,2025-09-02,0
8.2,2025-09-03,0
8.2,2025-09-04,0
8.2,2025-09-05,0
8.2,2025-09-06,0
8.2,2025-09-07,0
8.2,2025-09-08,0
8.2,2025-09-09,0
8.2,2025-09-10,0
8.2,2025-09-11,0
8.2,2025-09-12,0
8.2,2025-09-13,0
8.2,2025-09-14,0
8.2,2025-09-15,0
8.2,2025-09-16,0
8.2,2025-09-17,0
8.2,2025-09-18,0
8.2,2025-09-19,0
8.2,2025-09-20,0
8.2,2025-09-21,0
8.2,2025-09-22,0
8.2,2025-09-23,0
8.2,2025-09-24,0
8.2,2025-09-25,0
8.2,2025-09-26,0
8.2,2025-09-27,0
8.2,2025-09-28,0
8.2,2025-09-29,0
8.2,2025-09-30,0
8.2,2025-10-01,0
8.2,2025-10-02,0
8.2,2025-10-03,0
8.2,2025-10-04,0
8.2,2025-10-05,0
8.2,2025-10-06,0
8.2,2025-10-07,0
8.2,2025-10-08,0
8.2,2025-10-09,0
8.2,2025-10-10,0
8.2,2025-10-11,0
8.2,2025-10-12,0
8.2,2025-10-13,0
8.2,2025-10-14,0
8.2,2025-10-15,0
8.2,2025-10-16,0
8.2,2025-10-17,0
8.2,2025-10-18,0
8.2,2025-10-19,0
8.2,2025-10-20,0
8.2,2025-10-21,0
8.2,2025-10-22,0
8.2,2025-10-23,0
8.2,2025-10-24,0
8.2,2025-10-25,0
8.2,2025-10-26,0
8.2,2025-10-27,0
8.2,2025-10-28,0
8.2,2025-10-29,0
8.2,2025-10-30,0
8.2,2025-10-31,0
8.2,2025-11-01,0
8.2,2025-11-02,0
8.2,2025-11-03,0
8.2,2025-11-04,0
8.2,2025-11-05,0
8.2,2025-11-06,0
8.2,2025-11-07,0
8.2,2025-11-08,0
8.2,2025-11-09,0
8.2,2025-11-10,0
8.2,2025-11-11,0
8.2,2025-11-12,0
8.2,2025-11-13,0
8.2,2025-11-14,0
8.2,2025-11-15,0
8.2,2025-11-16,0
8.2,2025-11-17,0
8.2,2025-11-18,0
8.2,2025-11-19,0
8.2,2025-11-20,0
8.2,2025-11-21,0
8.2,2025-11-22,0
8.2,2025-11-23,0
8.2,2025-11-24,0
8.2,2025-11-25,0
8.2,2025-11-26,0
8.2,2025-11-27,0
8.2,2025-11-28,0
8.2,2025-11-29,0
8.2,2025-11-30,0
8.2,2025-12-01,0
8.2,2025-12-02,0
8.2,2025-12-03,0
8.2,2025-12-04,0
8.2,2025-12-05,0
8.2,2025-12-06,0
8.2,2025-12-07,0
8.2,2025-12-08,0
8.2,2025-12-09,0
8.2,2025-12-10,0
8.2,2025-12-11,0
8.2,2025-12-12,0
8.2,2025-12-13,0
8.2,2025-12-14,0
8.2,2025-12-15,0
8.2,2025-12-16,0
8.2,2025-12-17,0
8.2,2025-12-18,0
8.2,2025-12-19,0
8.2,2025-12-20,0
8.2,2025-12-21,0
8.2,2025-12-22,8
8.2,2025-12-23,48
8.2,2025-12-24,46
8.2,2025-12-25,27
8.2,2025-12-26,23
8.2,2025-12-27,48
8.2,2025-12-28,21
8.2,2025-12-29,47
8.2,2025-12-30,48
8.2,2025-12-31,48
9.1_17.2,2024-11-01,0
9.1_17.2,2024-11-02,0
9.1_17.2,2024-11-03,0
9.1_17.2,2024-11-04,0
9.1_17.2,2024-11-05,0
9.1_17.2,2024-11-06,0
9.1_17.2,2024-11-07,0
9.1_17.2,2024-11-08,0
9.1_17.2,2024-11-09,0
9.1_17.2,2024-11-10,0
9.1_17.2,2024-11-11,0
9.1_17.2,2024-11-12,5
9.1_17.2,2024-11-13,48
9.1_17.2,2024-11-14,48
9.1_17.2,2024-11-15,48
9.1_17.2,2024-11-16,48
9.1_17.2,2024-11-17,48
9.1_17.2,2024-11-18,48
9.1_17.2,2024-11-19,47
9.1_17.2,2024-11-20,48
9.1_17.2,2024-11-21,47
9.1_17.2,2024-11-22,48
9.1_17.2,2024-11-23,40
9.1_17.2,2024-11-24,29
9.1_17.2,2024-11-25,39
9.1_17.2,2024-11-26,48
9.1_17.2,2024-11-27,48
9.1_17.2,2024-11-28,48
9.1_17.2,2024-11-29,48
9.1_17.2,2024-11-30,48
9.1_17.2,2024-12-01,48
9.1_17.2,2024-12-02,48
9.1_17.2,2024-12-03,48
9.1_17.2,2024-12-04,48
9.1_17.2,2024-12-05,46
9.1_17.2,2024-12-06,48
9.1_17.2,2024-12-07,48
9.1_17.2,2024-12-08,48
9.1_17.2,2024-12-09,45
9.1_17.2,2024-12-10,32
9.1_17.2,2024-12-11,28
9.1_17.2,2024-12-12,41
9.1_17.2,2024-12-13,48
9.1_17.2,2024-12-14,48
9.1_17.2,2024-12-15,48
9.1_17.2,2024-12-16,35
9.1_17.2,2024-12-17,38
9.1_17.2,2024-12-18,48
9.1_17.2,2024-12-19,48
9.1_17.2,2024-12-20,48
9.1_17.2,2024-12-21,47
9.1_17.2,2024-12-22,48
9.1_17.2,2024-12-23,48
9.1_17.2,2024-12-24,48
9.1_17.2,2024-12-25,48
9.1_17.2,2024-12-26,48
9.1_17.2,2024-12-27,46
9.1_17.2,2024-12-28,48
9.1_17.2,2024-12-29,42
9.1_17.2,2024-12-30,40
9.1_17.2,2024-12-31,39
9.1_17.2,2025-01-01,48
9.1_17.2,2025-01-02,48
9.1_17.2,2025-01-03,48
9.1_17.2,2025-01-04,48
9.1_17.2,2025-01-05,48
9.1_17.2,2025-01-06,48
9.1_17.2,2025-01-07,48
9.1_17.2,2025-01-08,48
9.1_17.2,2025-01-09,48
9.1_17.2,2025-01-10,48
9.1_17.2,2025-01-11,48
9.1_17.2,2025-01-12,43
9.1_17.2,2025-01-13,48
9.1_17.2,2025-01-14,47
9.1_17.2,2025-01-15,48
9.1_17.2,2025-01-16,48
9.1_17.2,2025-01-17,47
9.1_17.2,2025-01-18,48
9.1_17.2,2025-01-19,47
9.1_17.2,2025-01-20,48
9.1_17.2,2025-01-21,48
9.1_17.2,2025-01-22,48
9.1_17.2,2025-01-23,46
9.1_17.2,2025-01-24,47
9.1_17.2,2025-01-25,48
9.1_17.2,2025-01-26,48
9.1_17.2,2025-01-27,48
9.1_17.2,2025-01-28,48
9.1_17.2,2025-01-29,48
9.1_17.2,2025-01-30,48
9.1_17.2,2025-01-31,48
9.1_17.2,2025-02-01,48
9.1_17.2,2025-02-02,48
9.1_17.2,2025-02-03,48
9.1_17.2,2025-02-04,48
9.1_17.2,2025-02-05,48
9.1_17.2,2025-02-06,48
9.1_17.2,2025-02-07,10
9.1_17.2,2025-02-08,0
9.1_17.2,2025-02-09,0
9.1_17.2,2025-02-10,0
9.1_17.2,2025-02-11,0
9.1_17.2,2025-02-12,0
9.1_17.2,2025-02-13,0
9.1_17.2,2025-02-14,0
9.1_17.2,2025-02-15,0
9.1_17.2,2025-02-16,0
9.1_17.2,2025-02-17,0
9.1_17.2,2025-02-18,0
9.1_17.2,2025-02-19,0
9.1_17.2,2025-02-20,0
9.1_17.2,2025-02-21,0
9.1_17.2,2025-02-22,0
9.1_17.2,2025-02-23,0
9.1_17.2,2025-02-24,0
9.1_17.2,2025-02-25,0
9.1_17.2,2025-02-26,0
9.1_17.2,2025-02-27,0
9.1_17.2,2025-02-28,0
9.1_17.2,2025-03-01,0
9.1_17.2,2025-03-02,0
9.1_17.2,2025-03-03,0
9.1_17.2,2025-03-04,0
9.1_17.2,2025-03-05,0
9.1_17.2,2025-03-06,0
9.1_17.2,2025-03-07,0
9.1_17.2,2025-03-08,0
9.1_17.2,2025-03-09,0
9.1_17.2,2025-03-10,0
9.1_17.2,2025-03-11,0
9.1_17.2,2025-03-12,0
9.1_17.2,2025-03-13,0
9.1_17.2,2025-03-14,0
9.1_17.2,2025-03-15,0
9.1_17.2,2025-03-16,0
9.1_17.2,2025-03-17,0
9.1_17.2,2025-03-18,0
9.1_17.2,2025-03-19,0
9.1_17.2,2025-03-20,0
9.1_17.2,2025-03-21,0
9.1_17.2,2025-03-22,0
9.1_17.2,2025-03-23,0
9.1_17.2,2025-03-24,0
9.1_17.2,2025-03-25,0
9.1_17.2,2025-03-26,0
9.1_17.2,2025-03-27,0
9.1_17.2,2025-03-28,0
9.1_17.2,2025-03-29,0
9.1_17.2,2025-03-30,0
9.1_17.2,2025-03-31,0
9.1_17.2,2025-04-01,0
9.1_17.2,2025-04-02,0
9.1_17.2,2025-04-03,0
9.1_17.2,2025-04-04,0
9.1_17.2,2025-04-05,0
9.1_17.2,2025-04-06,0
9.1_17.2,2025-04-07,0
9.1_17.2,2025-04-08,0
9.1_17.2,2025-04-09,0
9.1_17.2,2025-04-10,0
9.1_17.2,2025-04-11,0
9.1_17.2,2025-04-12,0
9.1_17.2,2025-04-13,0
9.1_17.2,2025-04-14,0
9.1_17.2,2025-04-15,0
9.1_17.2,2025-04-16,0
9.1_17.2,2025-04-17,0
9.1_17.2,2025-04-18,0
9.1_17.2,2025-04-19,0
9.1_17.2,2025-04-20,0
9.1_17.2,2025-04-21,0
9.1_17.2,2025-04-22,0
9.1_17.2,2025-04-23,0
9.1_17.2,2025-04-24,0
9.1_17.2,2025-04-25,0
9.1_17.2,2025-04-26,0
9.1_17.2,2025-04-27,0
9.1_17.2,2025-04-28,0
9.1_17.2,2025-04-29,0
9.1_17.2,2025-04-30,0
9.1_17.2,2025-05-01,0
9.1_17.2,2025-05-02,0
9.1_17.2,2025-05-03,0
9.1_17.2,2025-05-04,0
9.1_17.2,2025-05-05,0
9.1_17.2,2025-05-06,0
9.1_17.2,2025-05-07,9
9.1_17.2,2025-05-08,48
9.1_17.2,2025-05-09,48
9.1_17.2,2025-05-10,48
9.1_17.2,2025-05-11,48
9.1_17.2,2025-05-12,48
9.1_17.2,2025-05-13,48
9.1_17.2,2025-05-14,48
9.1_17.2,2025-05-15,48
9.1_17.2,2025-05-16,48
9.1_17.2,2025-05-17,48
9.1_17.2,2025-05-18,48
9.1_17.2,2025-05-19,48
9.1_17.2,2025-05-20,48
9.1_17.2,2025-05-21,48
9.1_17.2,2025-05-22,48
9.1_17.2,2025-05-23,48
9.1_17.2,2025-05-24,48
9.1_17.2,2025-05-25,48
9.1_17.2,2025-05-26,48
9.1_17.2,2025-05-27,48
9.1_17.2,2025-05-28,48
9.1_17.2,2025-05-29,48
9.1_17.2,2025-05-30,48
9.1_17.2,2025-05-31,48
9.1_17.2,2025-06-01,48
9.1_17.2,2025-06-02,48
9.1_17.2,2025-06-03,48
9.1_17.2,2025-06-04,48
9.1_17.2,2025-06-05,48
9.1_17.2,2025-06-06,48
9.1_17.2,2025-06-07,47
9.1_17.2,2025-06-08,48
9.1_17.2,2025-06-09,48
9.1_17.2,2025-06-10,48
9.1_17.2,2025-06-11,48
9.1_17.2,2025-06-12,48
9.1_17.2,2025-06-13,48
9.1_17.2,2025-06-14,48
9.1_17.2,2025-06-15,48
9.1_17.2,2025-06-16,48
9.1_17.2,2025-06-17,48
9.1_17.2,2025-06-18,48
9.1_17.2,2025-06-19,48
9.1_17.2,2025-06-20,48
9.1_17.2,2025-06-21,48
9.1_17.2,2025-06-22,48
9.1_17.2,2025-06-23,48
9.1_17.2,2025-06-24,48
9.1_17.2,2025-06-25,48
9.1_17.2,2025-06-26,48
9.1_17.2,2025-06-27,48
9.1_17.2,2025-06-28,48
9.1_17.2,2025-06-29,48
9.1_17.2,2025-06-30,48
9.1_17.2,2025-07-01,48
9.1_17.2,2025-07-02,48
9.1_17.2,2025-07-03,48
9.1_17.2,2025-07-04,48
9.1_17.2,2025-07-05,48
9.1_17.2,2025-07-06,48
9.1_17.2,2025-07-07,48
9.1_17.2,2025-07-08,48
9.1_17.2,2025-07-09,41
9.1_17.2,2025-07-10,48
9.1_17.2,2025-07-11,48
9.1_17.2,2025-07-12,48
9.1_17.2,2025-07-13,48
9.1_17.2,2025-07-14,48
9.1_17.2,2025-07-15,48
9.1_17.2,2025-07-16,48
9.1_17.2,2025-07-17,48
9.1_17.2,2025-07-18,48
9.1_17.2,2025-07-19,48
9.1_17.2,2025-07-20,48
9.1_17.2,2025-07-21,48
9.1_17.2,2025-07-22,48
9.1_17.2,2025-07-23,48
9.1_17.2,2025-07-24,48
9.1_17.2,2025-07-25,48
9.1_17.2,2025-07-26,48
9.1_17.2,2025-07-27,48
9.1_17.2,2025-07-28,48
9.1_17.2,2025-07-29,48
9.1_17.2,2025-07-30,48
9.1_17.2,2025-07-31,48
9.1_17.2,2025-08-01,48
9.1_17.2,2025-08-02,48
9.1_17.2,2025-08-03,48
9.1_17.2,2025-08-04,48
9.1_17.2,2025-08-05,48
9.1_17.2,2025-08-06,48
9.1_17.2,2025-08-07,48
9.1_17.2,2025-08-08,48
9.1_17.2,2025-08-09,48
9.1_17.2,2025-08-10,48
9.1_17.2,2025-08-11,48
9.1_17.2,2025-08-12,48
9.1_17.2,2025-08-13,48
9.1_17.2,2025-08-14,48
9.1_17.2,2025-08-15,48
9.1_17.2,2025-08-16,48
9.1_17.2,2025-08-17,48
9.1_17.2,2025-08-18,48
9.1_17.2,2025-08-19,48
9.1_17.2,2025-08-20,48
9.1_17.2,2025-08-21,48
9.1_17.2,2025-08-22,48
9.1_17.2,2025-08-23,48
9.1_17.2,2025-08-24,48
9.1_17.2,2025-08-25,48
9.1_17.2,2025-08-26,48
9.1_17.2,2025-08-27,48
9.1_17.2,2025-08-28,48
9.1_17.2,2025-08-29,48
9.1_17.2,2025-08-30,48
9.1_17.2,2025-08-31,48
9.1_17.2,2025-09-01,48
9.1_17.2,2025-09-02,48
9.1_17.2,2025-09-03,48
9.1_17.2,2025-09-04,48
9.1_17.2,2025-09-05,48
9.1_17.2,2025-09-06,48
9.1_17.2,2025-09-07,48
9.1_17.2,2025-09-08,48
9.1_17.2,2025-09-09,48
9.1_17.2,2025-09-10,48
9.1_17.2,2025-09-11,48
9.1_17.2,2025-09-12,48
9.1_17.2,2025-09-13,48
9.1_17.2,2025-09-14,48
9.1_17.2,2025-09-15,48
9.1_17.2,2025-09-16,48
9.1_17.2,2025-09-17,48
9.1_17.2,2025-09-18,48
9.1_17.2,2025-09-19,48
9.1_17.2,2025-09-20,48
9.1_17.2,2025-09-21,48
9.1_17.2,2025-09-22,48
9.1_17.2,2025-09-23,48
9.1_17.2,2025-09-24,48
9.1_17.2,2025-09-25,48
9.1_17.2,2025-09-26,48
9.1_17.2,2025-09-27,48
9.1_17.2,2025-09-28,48
9.1_17.2,2025-09-29,48
9.1_17.2,2025-09-30,48
9.1_17.2,2025-10-01,48
9.1_17.2,2025-10-02,33
9.1_17.2,2025-10-03,33
9.1_17.2,2025-10-04,48
9.1_17.2,2025-10-05,48
9.1_17.2,2025-10-06,48
9.1_17.2,2025-10-07,48
9.1_17.2,2025-10-08,48
9.1_17.2,2025-10-09,48
9.1_17.2,2025-10-10,48
9.1_17.2,2025-10-11,48
9.1_17.2,2025-10-12,48
9.1_17.2,2025-10-13,48
9.1_17.2,2025-10-14,0
9.1_17.2,2025-10-15,6
9.1_17.2,2025-10-16,0
9.1_17.2,2025-10-17,0
9.1_17.2,2025-10-18,0
9.1_17.2,2025-10-19,29
9.1_17.2,2025-10-20,43
9.1_17.2,2025-10-21,48
9.1_17.2,2025-10-22,48
9.1_17.2,2025-10-23,48
9.1_17.2,2025-10-24,48
9.1_17.2,2025-10-25,48
9.1_17.2,2025-10-26,48
9.1_17.2,2025-10-27,48
9.1_17.2,2025-10-28,48
9.1_17.2,2025-10-29,48
9.1_17.2,2025-10-30,45
9.1_17.2,2025-10-31,48
9.1_17.2,2025-11-01,48
9.1_17.2,2025-11-02,48
9.1_17.2,2025-11-03,48
9.1_17.2,2025-11-04,48
9.1_17.2,2025-11-05,48
9.1_17.2,2025-11-06,48
9.1_17.2,2025-11-07,48
9.1_17.2,2025-11-08,48
9.1_17.2,2025-11-09,48
9.1_17.2,2025-11-10,48
9.1_17.2,2025-11-11,48
9.1_17.2,2025-11-12,48
9.1_17.2,2025-11-13,48
9.1_17.2,2025-11-14,48
9.1_17.2,2025-11-15,48
9.1_17.2,2025-11-16,48
9.1_17.2,2025-11-17,48
9.1_17.2,2025-11-18,48
9.1_17.2,2025-11-19,48
9.1_17.2,2025-11-20,45
9.1_17.2,2025-11-21,48
9.1_17.2,2025-11-22,48
9.1_17.2,2025-11-23,48
9.1_17.2,2025-11-24,48
9.1_17.2,2025-11-25,32
9.1_17.2,2025-11-26,40
9.1_17.2,2025-11-27,48
9.1_17.2,2025-11-28,48
9.1_17.2,2025-11-29,48
9.1_17.2,2025-11-30,48
9.1_17.2,2025-12-01,48
9.1_17.2,2025-12-02,47
9.1_17.2,2025-12-03,48
9.1_17.2,2025-12-04,48
9.1_17.2,2025-12-05,48
9.1_17.2,2025-12-06,48
9.1_17.2,2025-12-07,48
9.1_17.2,2025-12-08,48
9.1_17.2,2025-12-09,48
9.1_17.2,2025-12-10,48
9.1_17.2,2025-12-11,48
9.1_17.2,2025-12-12,48
9.1_17.2,2025-12-13,48
9.1_17.2,2025-12-14,48
9.1_17.2,2025-12-15,48
9.1_17.2,2025-12-16,48
9.1_17.2,2025-12-17,48
9.1_17.2,2025-12-18,48
9.1_17.2,2025-12-19,48
9.1_17.2,2025-12-20,48
9.1_17.2,2025-12-21,48
9.1_17.2,2025-12-22,48
9.1_17.2,2025-12-23,48
9.1_17.2,2025-12-24,48
9.1_17.2,2025-12-25,48
9.1_17.2,2025-12-26,48
9.1_17.2,2025-12-27,48
9.1_17.2,2025-12-28,45
9.1_17.2,2025-12-29,48
9.1_17.2,2025-12-30,48
9.1_17.2,2025-12-31,48
9.2,2024-11-01,0
9.2,2024-11-02,0
9.2,2024-11-03,0
9.2,2024-11-04,0
9.2,2024-11-05,0
9.2,2024-11-06,0
9.2,2024-11-07,0
9.2,2024-11-08,0
9.2,2024-11-09,0
9.2,2024-11-10,0
9.2,2024-11-11,0
9.2,2024-11-12,0
9.2,2024-11-13,0
9.2,2024-11-14,0
9.2,2024-11-15,0
9.2,2024-11-16,0
9.2,2024-11-17,0
9.2,2024-11-18,0
9.2,2024-11-19,0
9.2,2024-11-20,0
9.2,2024-11-21,0
9.2,2024-11-22,0
9.2,2024-11-23,0
9.2,2024-11-24,0
9.2,2024-11-25,0
9.2,2024-11-26,0
9.2,2024-11-27,0
9.2,2024-11-28,0
9.2,2024-11-29,0
9.2,2024-11-30,0
9.2,2024-12-01,0
9.2,2024-12-02,0
9.2,2024-12-03,0
9.2,2024-12-04,0
9.2,2024-12-05,0
9.2,2024-12-06,0
9.2,2024-12-07,0
9.2,2024-12-08,0
9.2,2024-12-09,0
9.2,2024-12-10,0
9.2,2024-12-11,0
9.2,2024-12-12,0
9.2,2024-12-13,0
9.2,2024-12-14,0
9.2,2024-12-15,0
9.2,2024-12-16,0
9.2,2024-12-17,0
9.2,2024-12-18,0
9.2,2024-12-19,0
9.2,2024-12-20,0
9.2,2024-12-21,0
9.2,2024-12-22,0
9.2,2024-12-23,0
9.2,2024-12-24,0
9.2,2024-12-25,0
9.2,2024-12-26,0
9.2,2024-12-27,0
9.2,2024-12-28,0
9.2,2024-12-29,0
9.2,2024-12-30,0
9.2,2024-12-31,0
9.2,2025-01-01,0
9.2,2025-01-02,0
9.2,2025-01-03,0
9.2,2025-01-04,0
9.2,2025-01-05,0
9.2,2025-01-06,0
9.2,2025-01-07,0
9.2,2025-01-08,0
9.2,2025-01-09,0
9.2,2025-01-10,0
9.2,2025-01-11,0
9.2,2025-01-12,0
9.2,2025-01-13,0
9.2,2025-01-14,0
9.2,2025-01-15,0
9.2,2025-01-16,0
9.2,2025-01-17,0
9.2,2025-01-18,0
9.2,2025-01-19,0
9.2,2025-01-20,0
9.2,2025-01-21,0
9.2,2025-01-22,0
9.2,2025-01-23,0
9.2,2025-01-24,0
9.2,2025-01-25,0
9.2,2025-01-26,0
9.2,2025-01-27,0
9.2,2025-01-28,0
9.2,2025-01-29,0
9.2,2025-01-30,0
9.2,2025-01-31,0
9.2,2025-02-01,0
9.2,2025-02-02,0
9.2,2025-02-03,0
9.2,2025-02-04,0
9.2,2025-02-05,0
9.2,2025-02-06,0
9.2,2025-02-07,0
9.2,2025-02-08,0
9.2,2025-02-09,0
9.2,2025-02-10,0
9.2,2025-02-11,0
9.2,2025-02-12,0
9.2,2025-02-13,0
9.2,2025-02-14,0
9.2,2025-02-15,0
9.2,2025-02-16,0
9.2,2025-02-17,0
9.2,2025-02-18,0
9.2,2025-02-19,0
9.2,2025-02-20,0
9.2,2025-02-21,0
9.2,2025-02-22,0
9.2,2025-02-23,0
9.2,2025-02-24,0
9.2,2025-02-25,0
9.2,2025-02-26,0
9.2,2025-02-27,0
9.2,2025-02-28,0
9.2,2025-03-01,0
9.2,2025-03-02,0
9.2,2025-03-03,0
9.2,2025-03-04,0
9.2,2025-03-05,0
9.2,2025-03-06,0
9.2,2025-03-07,0
9.2,2025-03-08,0
9.2,2025-03-09,0
9.2,2025-03-10,0
9.2,2025-03-11,0
9.2,2025-03-12,0
9.2,2025-03-13,0
9.2,2025-03-14,0
9.2,2025-03-15,0
9.2,2025-03-16,0
9.2,2025-03-17,0
9.2,2025-03-18,0
9.2,2025-03-19,0
9.2,2025-03-20,0
9.2,2025-03-21,0
9.2,2025-03-22,0
9.2,2025-03-23,0
9.2,2025-03-24,0
9.2,2025-03-25,0
9.2,2025-03-26,0
9.2,2025-03-27,0
9.2,2025-03-28,0
9.2,2025-03-29,0
9.2,2025-03-30,0
9.2,2025-03-31,0
9.2,2025-04-01,0
9.2,2025-04-02,0
9.2,2025-04-03,0
9.2,2025-04-04,0
9.2,2025-04-05,0
9.2,2025-04-06,0
9.2,2025-04-07,0
9.2,2025-04-08,0
9.2,2025-04-09,0
9.2,2025-04-10,0
9.2,2025-04-11,0
9.2,2025-04-12,0
9.2,2025-04-13,0
9.2,2025-04-14,0
9.2,2025-04-15,0
9.2,2025-04-16,0
9.2,2025-04-17,0
9.2,2025-04-18,0
9.2,2025-04-19,0
9.2,2025-04-20,0
9.2,2025-04-21,0
9.2,2025-04-22,0
9.2,2025-04-23,0
9.2,2025-04-24,0
9.2,2025-04-25,0
9.2,2025-04-26,0
9.2,2025-04-27,0
9.2,2025-04-28,0
9.2,2025-04-29,0
9.2,2025-04-30,0
9.2,2025-05-01,0
9.2,2025-05-02,0
9.2,2025-05-03,0
9.2,2025-05-04,0
9.2,2025-05-05,0
9.2,2025-05-06,0
9.2,2025-05-07,0
9.2,2025-05-08,0
9.2,2025-05-09,0
9.2,2025-05-10,0
9.2,2025-05-11,0
9.2,2025-05-12,0
9.2,2025-05-13,0
9.2,2025-05-14,0
9.2,2025-05-15,0
9.2,2025-05-16,0
9.2,2025-05-17,0
9.2,2025-05-18,0
9.2,2025-05-19,0
9.2,2025-05-20,0
9.2,2025-05-21,0
9.2,2025-05-22,0
9.2,2025-05-23,0
9.2,2025-05-24,0
9.2,2025-05-25,0
9.2,2025-05-26,0
9.2,2025-05-27,0
9.2,2025-05-28,0
9.2,2025-05-29,0
9.2,2025-05-30,0
9.2,2025-05-31,0
9.2,2025-06-01,0
9.2,2025-06-02,0
9.2,2025-06-03,0
9.2,2025-06-04,0
9.2,2025-06-05,0
9.2,2025-06-06,0
9.2,2025-06-07,0
9.2,2025-06-08,0
9.2,2025-06-09,0
9.2,2025-06-10,0
9.2,2025-06-11,0
9.2,2025-06-12,0
9.2,2025-06-13,0
9.2,2025-06-14,0
9.2,2025-06-15,0
9.2,2025-06-16,0
9.2,2025-06-17,0
9.2,2025-06-18,0
9.2,2025-06-19,0
9.2,2025-06-20,0
9.2,2025-06-21,0
9.2,2025-06-22,0
9.2,2025-06-23,0
9.2,2025-06-24,0
9.2,2025-06-25,0
9.2,2025-06-26,0
9.2,2025-06-27,0
9.2,2025-06-28,0
9.2,2025-06-29,0
9.2,2025-06-30,0
9.2,2025-07-01,0
9.2,2025-07-02,0
9.2,2025-07-03,0
9.2,2025-07-04,0
9.2,2025-07-05,0
9.2,2025-07-06,0
9.2,2025-07-07,0
9.2,2025-07-08,0
9.2,2025-07-09,0
9.2,2025-07-10,0
9.2,2025-07-11,0
9.2,2025-07-12,0
9.2,2025-07-13,0
9.2,2025-07-14,0
9.2,2025-07-15,0
9.2,2025-07-16,0
9.2,2025-07-17,0
9.2,2025-07-18,0
9.2,2025-07-19,0
9.2,2025-07-20,0
9.2,2025-07-21,0
9.2,2025-07-22,0
9.2,2025-07-23,0
9.2,2025-07-24,0
9.2,2025-07-25,0
9.2,2025-07-26,0
9.2,2025-07-27,0
9.2,2025-07-28,0
9.2,2025-07-29,0
9.2,2025-07-30,0
9.2,2025-07-31,0
9.2,2025-08-01,0
9.2,2025-08-02,0
9.2,2025-08-03,0
9.2,2025-08-04,0
9.2,2025-08-05,0
9.2,2025-08-06,0
9.2,2025-08-07,0
9.2,2025-08-08,0
9.2,2025-08-09,0
9.2,2025-08-10,0
9.2,2025-08-11,0
9.2,2025-08-12,0
9.2,2025-08-13,0
9.2,2025-08-14,0
9.2,2025-08-15,0
9.2,2025-08-16,0
9.2,2025-08-17,0
9.2,2025-08-18,0
9.2,2025-08-19,0
9.2,2025-08-20,0
9.2,2025-08-21,0
9.2,2025-08-22,0
9.2,2025-08-23,0
9.2,2025-08-24,0
9.2,2025-08-25,0
9.2,2025-08-26,0
9.2,2025-08-27,0
9.2,2025-08-28,0
9.2,2025-08-29,0
9.2,2025-08-30,0
9.2,2025-08-31,0
9.2,2025-09-01,0
9.2,2025-09-02,0
9.2,2025-09-03,0
9.2,2025-09-04,0
9.2,2025-09-05,0
9.2,2025-09-06,0
9.2,2025-09-07,0
9.2,2025-09-08,0
9.2,2025-09-09,0
9.2,2025-09-10,0
9.2,2025-09-11,0
9.2,2025-09-12,0
9.2,2025-09-13,0
9.2,2025-09-14,0
9.2,2025-09-15,0
9.2,2025-09-16,0
9.2,2025-09-17,0
9.2,2025-09-18,0
9.2,2025-09-19,0
9.2,2025-09-20,0
9.2,2025-09-21,0
9.2,2025-09-22,0
9.2,2025-09-23,0
9.2,2025-09-24,0
9.2,2025-09-25,0
9.2,2025-09-26,0
9.2,2025-09-27,0
9.2,2025-09-28,0
9.2,2025-09-29,0
9.2,2025-09-30,0
9.2,2025-10-01,0
9.2,2025-10-02,0
9.2,2025-10-03,0
9.2,2025-10-04,0
9.2,2025-10-05,0
9.2,2025-10-06,0
9.2,2025-10-07,0
9.2,2025-10-08,0
9.2,2025-10-09,0
9.2,2025-10-10,0
9.2,2025-10-11,0
9.2,2025-10-12,0
9.2,2025-10-13,0
9.2,2025-10-14,0
9.2,2025-10-15,0
9.2,2025-10-16,0
9.2,2025-10-17,0
9.2,2025-10-18,0
9.2,2025-10-19,0
9.2,2025-10-20,0
9.2,2025-10-21,0
9.2,2025-10-22,10
9.2,2025-10-23,47
9.2,2025-10-24,46
9.2,2025-10-25,46
9.2,2025-10-26,46
9.2,2025-10-27,47
9.2,2025-10-28,41
9.2,2025-10-29,46
9.2,2025-10-30,47
9.2,2025-10-31,46
9.2,2025-11-01,45
9.2,2025-11-02,42
9.2,2025-11-03,42
9.2,2025-11-04,46
9.2,2025-11-05,45
9.2,2025-11-06,41
9.2,2025-11-07,44
9.2,2025-11-08,43
9.2,2025-11-09,47
9.2,2025-11-10,42
9.2,2025-11-11,41
9.2,2025-11-12,47
9.2,2025-11-13,47
9.2,2025-11-14,47
9.2,2025-11-15,47
9.2,2025-11-16,44
9.2,2025-11-17,44
9.2,2025-11-18,45
9.2,2025-11-19,42
9.2,2025-11-20,45
9.2,2025-11-21,45
9.2,2025-11-22,43
9.2,2025-11-23,46
9.2,2025-11-24,38
9.2,2025-11-25,44
9.2,2025-11-26,46
9.2,2025-11-27,41
9.2,2025-11-28,40
9.2,2025-11-29,40
9.2,2025-11-30,38
9.2,2025-12-01,41
9.2,2025-12-02,39
9.2,2025-12-03,41
9.2,2025-12-04,43
9.2,2025-12-05,45
9.2,2025-12-06,41
9.2,2025-12-07,43
9.2,2025-12-08,44
9.2,2025-12-09,41
9.2,2025-12-10,45
9.2,2025-12-11,45
9.2,2025-12-12,46
9.2,2025-12-13,41
9.2,2025-12-14,46
9.2,2025-12-15,39
9.2,2025-12-16,41
9.2,2025-12-17,1
9.2,2025-12-18,3
9.2,2025-12-19,13
9.2,2025-12-20,12
9.2,2025-12-21,8
9.2,2025-12-22,9
9.2,2025-12-23,8
9.2,2025-12-24,5
9.2,2025-12-25,20
9.2,2025-12-26,9
9.2,2025-12-27,15
9.2,2025-12-28,8
9.2,2025-12-29,5
9.2,2025-12-30,18
9.2,2025-12-31,9
