site_number,epa_hour_end_utc,temperature,relative_humidity,wind_speed
0060,2024-11-01T04:00:00Z,63.3,75,9.5
0060,2024-11-01T05:00:00Z,60.1,69,11.5
0060,2024-11-01T06:00:00Z,54.1,71,12.2
0060,2024-11-01T07:00:00Z,50.9,70,11.7
0060,2024-11-01T08:00:00Z,48.9,69,10.1
0060,2024-11-01T09:00:00Z,48.6,68,9.5
0060,2024-11-01T10:00:00Z,47.7,69,9.3
0060,2024-11-01T11:00:00Z,47.1,71,8
0060,2024-11-01T12:00:00Z,47.5,70,7.8
0060,2024-11-01T13:00:00Z,48,69,7.8
0060,2024-11-01T14:00:00Z,48.6,68,8
0060,2024-11-01T15:00:00Z,48.9,68,8
0060,2024-11-01T16:00:00Z,49.6,67,8
0060,2024-11-01T17:00:00Z,50.4,66,8.2
0060,2024-11-01T18:00:00Z,50.5,66,8.5
0060,2024-11-01T19:00:00Z,50.9,66,8.4
0060,2024-11-01T20:00:00Z,51.1,68,8.4
0060,2024-11-01T21:00:00Z,51.4,66,8.5
0060,2024-11-01T22:00:00Z,51.6,64,5
0060,2024-11-01T23:00:00Z,51.6,63,5.6
0060,2024-11-02T00:00:00Z,51.6,61,5.4
0060,2024-11-02T01:00:00Z,51.4,61,6.6
0060,2024-11-02T02:00:00Z,51.1,63,5.8
0060,2024-11-02T03:00:00Z,50.9,60,4.5
0060,2024-11-02T04:00:00Z,50.5,64,5.2
0060,2024-11-02T05:00:00Z,49.8,64,4.9
0060,2024-11-02T06:00:00Z,49.6,63,3.9
0060,2024-11-02T07:00:00Z,49.5,63,4.3
0060,2024-11-02T08:00:00Z,49.1,62,4.3
0060,2024-11-02T09:00:00Z,48.2,65,1.7
0060,2024-11-02T10:00:00Z,44.6,79,3.1
0060,2024-11-02T11:00:00Z,44.4,79,2.9
0060,2024-11-02T12:00:00Z,45.7,75,3.1
0060,2024-11-02T13:00:00Z,49.5,66,3.1
0060,2024-11-02T14:00:00Z,53.2,55,2.1
0060,2024-11-02T15:00:00Z,54.3,53,3.7
0060,2024-11-02T16:00:00Z,53.2,57,5.6
0060,2024-11-02T17:00:00Z,53.1,58,5.8
0060,2024-11-02T18:00:00Z,53.1,58,5.4
0060,2024-11-02T19:00:00Z,52.7,59,5.2
0060,2024-11-02T20:00:00Z,52.3,61,5.4
0060,2024-11-02T21:00:00Z,51.3,66,4.9
0060,2024-11-02T22:00:00Z,50.2,70,4.9
0060,2024-11-02T23:00:00Z,48.6,73,5
0060,2024-11-03T00:00:00Z,47.1,75,3.3
0060,2024-11-03T01:00:00Z,45.9,76,3.3
0060,2024-11-03T02:00:00Z,44.6,78,2.9
0060,2024-11-03T03:00:00Z,43.9,79,3.1
0060,2024-11-03T04:00:00Z,43,81,2.3
0060,2024-11-03T06:00:00Z,42.3,81,4.3
0060,2024-11-03T07:00:00Z,41.5,82,4.9
0060,2024-11-03T08:00:00Z,41.2,82,5.4
0060,2024-11-03T09:00:00Z,40.8,81,5.2
0060,2024-11-03T10:00:00Z,41,79,5.4
0060,2024-11-03T11:00:00Z,41.4,75,5
0060,2024-11-03T12:00:00Z,41.4,75,4.3
0060,2024-11-03T13:00:00Z,45.3,65,4.9
0060,2024-11-03T14:00:00Z,48.6,58,7
0060,2024-11-03T15:00:00Z,53.1,46,8
0060,2024-11-03T16:00:00Z,58.1,32,8.2
0060,2024-11-03T17:00:00Z,61.5,29,8.5
0060,2024-11-03T18:00:00Z,63.1,28,8.7
0060,2024-11-03T19:00:00Z,64.4,27,8.7
0060,2024-11-03T20:00:00Z,64.4,28,7.8
0060,2024-11-03T21:00:00Z,63,30,6.8
0060,2024-11-03T22:00:00Z,61.3,33,4.5
0060,2024-11-03T23:00:00Z,60.3,35,5.8
0060,2024-11-04T00:00:00Z,58.8,37,5.8
0060,2024-11-04T01:00:00Z,58.5,38,8.7
0060,2024-11-04T02:00:00Z,57.9,40,8.9
0060,2024-11-04T03:00:00Z,57.4,42,9.5
0060,2024-11-04T04:00:00Z,56.8,45,9.1
0060,2024-11-04T05:00:00Z,56.7,49,8.9
0060,2024-11-04T06:00:00Z,56.7,51,11.3
0060,2024-11-04T07:00:00Z,56.7,52,11.3
0060,2024-11-04T08:00:00Z,56.7,54,12.2
0060,2024-11-04T09:00:00Z,56.5,55,12
0060,2024-11-04T10:00:00Z,56.8,57,12.8
0060,2024-11-04T11:00:00Z,57.4,57,11.8
0060,2024-11-04T12:00:00Z,57.4,58,12
0060,2024-11-04T13:00:00Z,58.1,58,11.7
0060,2024-11-04T14:00:00Z,59.7,56,12
0060,2024-11-04T15:00:00Z,63.5,52,10.5
0060,2024-11-04T16:00:00Z,69.1,47,10.5
0060,2024-11-04T17:00:00Z,71.2,46,13.4
0060,2024-11-04T18:00:00Z,72.1,45,12.6
0060,2024-11-04T19:00:00Z,72.3,45,12.2
0060,2024-11-04T20:00:00Z,73.6,45,13.2
0060,2024-11-04T21:00:00Z,72.1,48,10.3
0060,2024-11-04T22:00:00Z,71.8,48,11.1
0060,2024-11-04T23:00:00Z,71.1,49,10.7
0060,2024-11-05T00:00:00Z,70.3,48,12
0060,2024-11-05T01:00:00Z,70.2,47,12
0060,2024-11-05T02:00:00Z,70.5,47,12.8
0060,2024-11-05T03:00:00Z,70.2,48,10.3
0060,2024-11-05T04:00:00Z,69.8,48,10.3
0060,2024-11-05T05:00:00Z,69.4,50,11.8
0060,2024-11-05T06:00:00Z,68.7,54,9.9
0060,2024-11-05T07:00:00Z,68.4,58,9.3
0060,2024-11-05T08:00:00Z,68,60,10.3
0060,2024-11-05T09:00:00Z,67.5,62,11.1
0060,2024-11-05T10:00:00Z,66.7,63,11.1
0060,2024-11-05T11:00:00Z,66,64,11.5
0060,2024-11-05T12:00:00Z,65.8,64,12.2
0060,2024-11-05T13:00:00Z,67.8,61,13.8
0060,2024-11-05T14:00:00Z,69.4,58,14.8
0060,2024-11-05T15:00:00Z,71.6,55,14.8
0060,2024-11-05T16:00:00Z,73,52,15.1
0060,2024-11-05T17:00:00Z,74.3,51,14.4
0060,2024-11-05T18:00:00Z,75.6,50,12.8
0060,2024-11-05T19:00:00Z,77.5,46,11.8
0060,2024-11-05T20:00:00Z,77.5,43,13.6
0060,2024-11-05T21:00:00Z,76.6,46,11.5
0060,2024-11-05T22:00:00Z,75.2,49,9.3
0060,2024-11-05T23:00:00Z,73.9,50,7.6
0060,2024-11-06T00:00:00Z,73,51,8.4
0060,2024-11-06T01:00:00Z,72.9,50,8.5
0060,2024-11-06T02:00:00Z,72.7,49,8.4
0060,2024-11-06T03:00:00Z,73,48,10.9
0060,2024-11-06T04:00:00Z,72.1,50,11.3
0060,2024-11-06T05:00:00Z,72.1,51,11.7
0060,2024-11-06T06:00:00Z,69.6,64,12.6
0060,2024-11-06T07:00:00Z,65.5,80,8.4
0060,2024-11-06T08:00:00Z,63.5,89,4.9
0060,2024-11-06T09:00:00Z,65.8,80,9.1
0060,2024-11-06T10:00:00Z,63.7,89,8.4
0060,2024-11-06T11:00:00Z,63.5,89,8
0060,2024-11-06T12:00:00Z,63.9,88,8
0060,2024-11-06T13:00:00Z,63.7,91,8.7
0060,2024-11-06T14:00:00Z,64.6,89,7.6
0060,2024-11-06T15:00:00Z,61.9,95,7.8
0060,2024-11-06T16:00:00Z,61.3,97,6.4
0060,2024-11-06T17:00:00Z,62.4,90,6.6
0060,2024-11-06T18:00:00Z,62.8,87,5
0060,2024-11-06T19:00:00Z,63.1,87,3.9
0060,2024-11-06T20:00:00Z,64.6,84,3.3
0060,2024-11-06T21:00:00Z,64.4,83,3.3
0060,2024-11-06T22:00:00Z,62.8,86,2.1
0060,2024-11-06T23:00:00Z,61.7,87,1.9
0060,2024-11-07T00:00:00Z,61.7,84,3.5
0060,2024-11-07T01:00:00Z,62.1,79,5
0060,2024-11-07T02:00:00Z,60.8,79,5.8
0060,2024-11-07T03:00:00Z,60.1,79,6.2
0060,2024-11-07T04:00:00Z,59.4,84,4.9
0060,2024-11-07T05:00:00Z,57.9,84,6.8
0060,2024-11-07T06:00:00Z,56.7,78,6.6
0060,2024-11-07T07:00:00Z,56.1,79,4.7
0060,2024-11-07T08:00:00Z,55.9,77,5.2
0060,2024-11-07T09:00:00Z,55.4,79,5.2
0060,2024-11-07T10:00:00Z,55.4,74,5.2
0060,2024-11-07T11:00:00Z,54.9,75,4.9
0060,2024-11-07T12:00:00Z,54.7,74,5.8
0060,2024-11-07T13:00:00Z,54.3,80,8.7
0060,2024-11-07T14:00:00Z,54.3,79,8.2
0060,2024-11-07T15:00:00Z,54,79,8.2
0060,2024-11-07T16:00:00Z,53.2,78,7.6
0060,2024-11-07T17:00:00Z,53.1,76,5.8
0060,2024-11-07T18:00:00Z,53.1,75,5.2
0060,2024-11-07T19:00:00Z,53.2,73,4.7
0060,2024-11-07T20:00:00Z,53.1,71,5.6
0060,2024-11-07T21:00:00Z,52.3,71,4.5
0060,2024-11-07T22:00:00Z,51.4,74,3.5
0060,2024-11-07T23:00:00Z,50.9,76,4.3
0060,2024-11-08T00:00:00Z,50,79,3.1
0060,2024-11-08T01:00:00Z,48.7,83,2.1
0060,2024-11-08T02:00:00Z,47.5,85,2.1
0060,2024-11-08T03:00:00Z,46.9,86,1.9
0060,2024-11-08T04:00:00Z,46.2,87,2.1
0060,2024-11-08T05:00:00Z,46.8,83,2.7
0060,2024-11-08T06:00:00Z,46.4,82,4.3
0060,2024-11-08T07:00:00Z,45.7,84,4.5
0060,2024-11-08T08:00:00Z,45.1,85,4.3
0060,2024-11-08T09:00:00Z,44.6,84,4.1
0060,2024-11-08T10:00:00Z,44.4,82,3.9
0060,2024-11-08T11:00:00Z,44.4,81,4.3
0060,2024-11-08T12:00:00Z,44.8,81,4.7
0060,2024-11-08T13:00:00Z,47.7,76,5
0060,2024-11-08T14:00:00Z,51.3,71,5.8
0060,2024-11-08T15:00:00Z,52.9,72,8.7
0060,2024-11-08T16:00:00Z,53.8,73,10.7
0060,2024-11-08T17:00:00Z,54.3,68,10.9
0060,2024-11-08T18:00:00Z,55.2,66,10.3
0060,2024-11-08T19:00:00Z,55.8,61,10.9
0060,2024-11-08T20:00:00Z,56.3,62,9.5
0060,2024-11-08T21:00:00Z,56.7,61,8.4
0060,2024-11-08T22:00:00Z,56.7,58,5.4
0060,2024-11-08T23:00:00Z,55.6,64,8
0060,2024-11-09T00:00:00Z,54.9,65,9.1
0060,2024-11-09T01:00:00Z,53.8,66,9.9
0060,2024-11-09T02:00:00Z,53.4,60,9.5
0060,2024-11-09T03:00:00Z,53.2,59,7.4
0060,2024-11-09T04:00:00Z,52.2,69,7.8
0060,2024-11-09T05:00:00Z,51.3,67,6.8
0060,2024-11-09T06:00:00Z,50,64,4.5
0060,2024-11-09T07:00:00Z,48.4,66,3.7
0060,2024-11-09T08:00:00Z,46,72,2.3
0060,2024-11-09T09:00:00Z,45.3,74,4.3
0060,2024-11-09T10:00:00Z,44.6,74,3.7
0060,2024-11-09T11:00:00Z,43.5,75,3.7
0060,2024-11-09T12:00:00Z,44.2,72,3.1
0060,2024-11-09T13:00:00Z,47.1,61,5.2
0060,2024-11-09T14:00:00Z,48.6,52,8
0060,2024-11-09T15:00:00Z,49.3,50,8.4
0060,2024-11-09T16:00:00Z,51.4,46,7.2
0060,2024-11-09T17:00:00Z,53.4,40,5.4
0060,2024-11-09T18:00:00Z,54.9,37,3.9
0060,2024-11-09T19:00:00Z,55.4,34,4.7
0060,2024-11-09T20:00:00Z,55.2,33,3.7
0060,2024-11-09T21:00:00Z,55,33,4.7
0060,2024-11-09T22:00:00Z,53.2,38,5.2
0060,2024-11-09T23:00:00Z,52.2,39,4.7
0060,2024-11-10T00:00:00Z,51.4,40,4.1
0060,2024-11-10T01:00:00Z,51.1,40,2.3
0060,2024-11-10T02:00:00Z,51.1,39,4.1
0060,2024-11-10T03:00:00Z,51.3,38,6.4
0060,2024-11-10T04:00:00Z,51.3,39,6.2
0060,2024-11-10T05:00:00Z,51.8,38,6.6
0060,2024-11-10T06:00:00Z,52.2,37,7.4
0060,2024-11-10T07:00:00Z,51.4,40,6.2
0060,2024-11-10T08:00:00Z,51.6,41,8.2
0060,2024-11-10T09:00:00Z,51.6,43,9.1
0060,2024-11-10T10:00:00Z,52.5,44,9.7
0060,2024-11-10T11:00:00Z,51.1,58,8.7
0060,2024-11-10T12:00:00Z,50.9,68,9.7
0060,2024-11-10T13:00:00Z,48.7,91,11.1
0060,2024-11-10T14:00:00Z,49.5,96,12.6
0060,2024-11-10T15:00:00Z,51.1,98,12.6
0060,2024-11-10T16:00:00Z,53.8,95,11.3
0060,2024-11-10T17:00:00Z,55.9,89,10.1
0060,2024-11-10T18:00:00Z,55.8,92,8.5
0060,2024-11-10T19:00:00Z,56.1,92,9.7
0060,2024-11-10T20:00:00Z,57.2,90,9.1
0060,2024-11-10T21:00:00Z,57.6,91,10.3
0060,2024-11-10T22:00:00Z,57.7,92,11.3
0060,2024-11-10T23:00:00Z,57.7,92,10.3
0060,2024-11-11T00:00:00Z,57.9,91,9.3
0060,2024-11-11T01:00:00Z,58.8,89,9.5
0060,2024-11-11T02:00:00Z,59.5,87,9.9
0060,2024-11-11T03:00:00Z,59.9,77,9.5
0060,2024-11-11T04:00:00Z,58.3,63,11.3
0060,2024-11-11T05:00:00Z,55.8,70,9.1
0060,2024-11-11T06:00:00Z,53.2,72,7.4
0060,2024-11-11T07:00:00Z,51.3,75,6
0060,2024-11-11T08:00:00Z,50,78,5.8
0060,2024-11-11T09:00:00Z,48.7,81,5
0060,2024-11-11T10:00:00Z,48,84,5.4
0060,2024-11-11T11:00:00Z,47.3,86,4.9
0060,2024-11-11T12:00:00Z,47.5,86,6.6
0060,2024-11-11T13:00:00Z,48.9,83,8.2
0060,2024-11-11T14:00:00Z,51.3,78,8
0060,2024-11-11T15:00:00Z,53.8,73,9.9
0060,2024-11-11T16:00:00Z,54.7,71,11.1
0060,2024-11-11T17:00:00Z,54.9,69,10.9
0060,2024-11-11T18:00:00Z,53.6,71,11.7
0060,2024-11-11T19:00:00Z,53.1,74,10.1
0060,2024-11-11T20:00:00Z,53.4,73,9.1
0060,2024-11-11T21:00:00Z,54.1,70,9.7
0060,2024-11-11T22:00:00Z,54.1,69,7.8
0060,2024-11-11T23:00:00Z,54.7,68,8.4
0060,2024-11-12T00:00:00Z,54.3,63,11.3
0060,2024-11-12T01:00:00Z,50.5,64,7.8
0060,2024-11-12T02:00:00Z,49.3,62,9.1
0060,2024-11-12T03:00:00Z,48.6,62,8.7
0060,2024-11-12T04:00:00Z,48,66,7.8
0060,2024-11-12T05:00:00Z,47.8,68,10.7
0060,2024-11-12T06:00:00Z,47.3,77,11.7
0060,2024-11-12T07:00:00Z,47.3,75,11.1
0060,2024-11-12T08:00:00Z,46.9,73,11.8
0060,2024-11-12T09:00:00Z,45.9,70,11.3
0060,2024-11-12T10:00:00Z,45,70,11.8
0060,2024-11-12T11:00:00Z,44.6,70,11.1
0060,2024-11-12T12:00:00Z,44.6,70,9.7
0060,2024-11-12T13:00:00Z,44.4,69,8.5
0060,2024-11-12T14:00:00Z,44.4,68,8.4
0060,2024-11-12T15:00:00Z,45,66,6.4
0060,2024-11-12T16:00:00Z,45.5,63,7.2
0060,2024-11-12T17:00:00Z,46.4,65,9.7
0060,2024-11-12T18:00:00Z,46.4,66,9.9
0060,2024-11-12T19:00:00Z,46.2,64,9.5
0060,2024-11-12T20:00:00Z,46,64,8.2
0060,2024-11-12T21:00:00Z,46.4,59,5.8
0060,2024-11-12T22:00:00Z,44.6,63,5.4
0060,2024-11-12T23:00:00Z,43.2,66,5.6
0060,2024-11-13T00:00:00Z,41.7,70,5.6
0060,2024-11-13T01:00:00Z,41.2,63,5.4
0060,2024-11-13T02:00:00Z,41.5,53,6.6
0060,2024-11-13T03:00:00Z,41.2,56,6.8
0060,2024-11-13T04:00:00Z,39.7,66,5.8
0060,2024-11-13T05:00:00Z,38.3,73,6.2
0060,2024-11-13T06:00:00Z,37.9,72,7.2
0060,2024-11-13T07:00:00Z,37.4,71,4.9
0060,2024-11-13T08:00:00Z,36,75,3.3
0060,2024-11-13T09:00:00Z,35.4,76,4.9
0060,2024-11-13T10:00:00Z,35.6,74,6.2
0060,2024-11-13T11:00:00Z,35.1,73,5
0060,2024-11-13T12:00:00Z,36.3,69,6.6
0060,2024-11-13T13:00:00Z,39.2,62,7.8
0060,2024-11-13T14:00:00Z,42.6,53,7.2
0060,2024-11-13T15:00:00Z,46.6,41,7.4
0060,2024-11-13T16:00:00Z,50.5,33,7.4
0060,2024-11-13T17:00:00Z,52.9,31,7.2
0060,2024-11-13T18:00:00Z,53.6,29,7.6
0060,2024-11-13T19:00:00Z,53.8,29,7.8
0060,2024-11-13T20:00:00Z,54,29,8.2
0060,2024-11-13T21:00:00Z,53.2,30,7.6
0060,2024-11-13T22:00:00Z,52,31,7.8
0060,2024-11-13T23:00:00Z,51.1,34,8.2
0060,2024-11-14T00:00:00Z,50.5,34,9.1
0060,2024-11-14T01:00:00Z,50.2,34,8.7
0060,2024-11-14T02:00:00Z,50,33,10.5
0060,2024-11-14T03:00:00Z,50,32,9.1
0060,2024-11-14T04:00:00Z,50,30,9.3
0060,2024-11-14T05:00:00Z,49.8,29,9.5
0060,2024-11-14T06:00:00Z,49.5,29,10.1
0060,2024-11-14T07:00:00Z,49.3,30,9.5
0060,2024-11-14T08:00:00Z,49.1,32,9.3
0060,2024-11-14T09:00:00Z,48,39,9.7
0060,2024-11-14T10:00:00Z,44.6,60,10.1
0060,2024-11-14T11:00:00Z,42.6,71,9.1
0060,2024-11-14T12:00:00Z,41.5,81,11.3
0060,2024-11-14T13:00:00Z,40.5,88,13.2
0060,2024-11-14T14:00:00Z,40.1,91,14.2
0060,2024-11-14T15:00:00Z,41,90,13.8
0060,2024-11-14T16:00:00Z,41.7,91,13.2
0060,2024-11-14T17:00:00Z,42.1,94,12.4
0060,2024-11-14T18:00:00Z,42.6,95,11.8
0060,2024-11-14T19:00:00Z,43.5,94,10.7
0060,2024-11-14T20:00:00Z,43.9,96,8.7
0060,2024-11-14T21:00:00Z,44.4,97,7.8
0060,2024-11-14T22:00:00Z,44.6,98,8.4
0060,2024-11-14T23:00:00Z,45,98,7.8
0060,2024-11-15T00:00:00Z,45.3,99,7
0060,2024-11-15T01:00:00Z,45.7,100,6.8
0060,2024-11-15T02:00:00Z,46.2,100,6.2
0060,2024-11-15T03:00:00Z,46.6,100,7.4
0060,2024-11-15T04:00:00Z,47.3,100,6
0060,2024-11-15T05:00:00Z,48,100,5
0060,2024-11-15T06:00:00Z,48.4,100,2.9
0060,2024-11-15T07:00:00Z,48.7,100,0.4
0060,2024-11-15T08:00:00Z,49.6,100,1.4
0060,2024-11-15T09:00:00Z,51.3,95,7
0060,2024-11-15T10:00:00Z,51.1,92,6
0060,2024-11-15T11:00:00Z,51.1,90,7
0060,2024-11-15T12:00:00Z,51.1,88,7.2
0060,2024-11-15T13:00:00Z,50.9,88,7
0060,2024-11-15T14:00:00Z,50.2,92,5.8
0060,2024-11-15T15:00:00Z,50.5,89,8
0060,2024-11-15T16:00:00Z,50.5,87,8.4
0060,2024-11-15T17:00:00Z,50.7,85,8.7
0060,2024-11-15T18:00:00Z,50.5,84,8.2
0060,2024-11-15T19:00:00Z,50.5,84,7.4
0060,2024-11-15T20:00:00Z,50.4,82,5.8
0060,2024-11-15T21:00:00Z,50.5,82,5.2
0060,2024-11-15T22:00:00Z,50.9,82,6
0060,2024-11-15T23:00:00Z,51.3,82,6.2
0060,2024-11-16T00:00:00Z,50.9,85,8
0060,2024-11-16T01:00:00Z,50.5,90,7.6
0060,2024-11-16T02:00:00Z,50.9,84,8.4
0060,2024-11-16T03:00:00Z,50.9,81,7.4
0060,2024-11-16T04:00:00Z,51.1,77,7.2
0060,2024-11-16T05:00:00Z,50.2,81,7.8
0060,2024-11-16T06:00:00Z,49.6,82,8.5
0060,2024-11-16T07:00:00Z,49.6,79,6.8
0060,2024-11-16T08:00:00Z,49.3,80,7.2
0060,2024-11-16T09:00:00Z,49.5,73,6.4
0060,2024-11-16T10:00:00Z,49.6,72,7.4
0060,2024-11-16T11:00:00Z,49.3,70,6.8
0060,2024-11-16T12:00:00Z,49.3,72,6
0060,2024-11-16T13:00:00Z,49.6,72,5.8
0060,2024-11-16T14:00:00Z,49.8,70,5.2
0060,2024-11-16T15:00:00Z,50.2,71,5.2
0060,2024-11-16T16:00:00Z,50.5,70,4.3
0060,2024-11-16T17:00:00Z,50.5,70,3.9
0060,2024-11-16T18:00:00Z,50.7,69,3.9
0060,2024-11-16T19:00:00Z,50.9,69,1.9
0060,2024-11-16T20:00:00Z,50.9,67,0.8
0060,2024-11-16T21:00:00Z,50.5,67,1.6
0060,2024-11-16T22:00:00Z,50.2,69,1.6
0060,2024-11-16T23:00:00Z,49.8,72,2.5
0060,2024-11-17T00:00:00Z,49.5,71,1.7
0060,2024-11-17T01:00:00Z,49.3,70,3.9
0060,2024-11-17T02:00:00Z,48.9,70,4.3
0060,2024-11-17T03:00:00Z,48.6,70,4.9
0060,2024-11-17T04:00:00Z,47.8,72,5.8
0060,2024-11-17T05:00:00Z,46,78,3.9
0060,2024-11-17T06:00:00Z,44.8,79,2.7
0060,2024-11-17T07:00:00Z,43.2,83,3.3
0060,2024-11-17T08:00:00Z,41.4,88,3.3
0060,2024-11-17T09:00:00Z,40.5,90,4.1
0060,2024-11-17T10:00:00Z,40.3,90,3.5
0060,2024-11-17T11:00:00Z,39.6,91,4.7
0060,2024-11-17T12:00:00Z,39.4,91,5.8
0060,2024-11-17T13:00:00Z,41.2,87,6.4
0060,2024-11-17T14:00:00Z,43.7,82,8.5
0060,2024-11-17T15:00:00Z,46.6,78,8.9
0060,2024-11-17T16:00:00Z,50.4,72,9.1
0060,2024-11-17T17:00:00Z,52.9,67,9.9
0060,2024-11-17T18:00:00Z,54.5,65,9.3
0060,2024-11-17T19:00:00Z,55.2,65,8.2
0060,2024-11-17T20:00:00Z,56.5,62,6.6
0060,2024-11-17T21:00:00Z,55.9,64,6.2
0060,2024-11-17T22:00:00Z,54,69,5.6
0060,2024-11-17T23:00:00Z,52.9,73,6.2
0060,2024-11-18T00:00:00Z,52.3,75,6.2
0060,2024-11-18T01:00:00Z,52.9,75,6.2
0060,2024-11-18T02:00:00Z,54.1,75,5.8
0060,2024-11-18T03:00:00Z,54.3,76,5.2
0060,2024-11-18T04:00:00Z,54.3,76,4.1
0060,2024-11-18T05:00:00Z,53.8,78,2.7
0060,2024-11-18T06:00:00Z,52.9,80,2.3
0060,2024-11-18T07:00:00Z,52.2,83,1.7
0060,2024-11-18T08:00:00Z,51.6,85,0.8
0060,2024-11-18T09:00:00Z,51.8,85,2.3
0060,2024-11-18T10:00:00Z,51.3,87,2.7
0060,2024-11-18T11:00:00Z,51.3,88,2.3
0060,2024-11-18T12:00:00Z,51.6,89,2.5
0060,2024-11-18T13:00:00Z,52,89,3.1
0060,2024-11-18T14:00:00Z,53.4,88,3.5
0060,2024-11-18T15:00:00Z,55.2,81,4.1
0060,2024-11-18T16:00:00Z,56.5,77,3.7
0060,2024-11-18T17:00:00Z,56.5,77,4.3
0060,2024-11-18T18:00:00Z,55,79,5.8
0060,2024-11-18T19:00:00Z,54.1,81,5
0060,2024-11-18T20:00:00Z,54.1,81,4.3
0060,2024-11-18T21:00:00Z,54,81,3.9
0060,2024-11-18T22:00:00Z,54,81,3.9
0060,2024-11-18T23:00:00Z,53.8,81,3.9
0060,2024-11-19T00:00:00Z,54,80,3.9
0060,2024-11-19T01:00:00Z,54,81,3.1
0060,2024-11-19T02:00:00Z,54,78,3.5
0060,2024-11-19T03:00:00Z,53.4,74,2.7
0060,2024-11-19T04:00:00Z,53.8,66,3.1
0060,2024-11-19T05:00:00Z,53.8,58,4.7
0060,2024-11-19T06:00:00Z,53.6,53,5.4
0060,2024-11-19T07:00:00Z,53.6,58,6.2
0060,2024-11-19T08:00:00Z,53.4,64,6.8
0060,2024-11-19T09:00:00Z,53.1,70,7
0060,2024-11-19T10:00:00Z,53.4,74,8.2
0060,2024-11-19T11:00:00Z,53.2,78,7.2
0060,2024-11-19T12:00:00Z,53.2,79,9.1
0060,2024-11-19T13:00:00Z,54.1,77,8.7
0060,2024-11-19T14:00:00Z,55,79,8.7
0060,2024-11-19T15:00:00Z,57.2,77,8.9
0060,2024-11-19T16:00:00Z,58.8,77,9.7
0060,2024-11-19T17:00:00Z,59.2,80,9.7
0060,2024-11-19T18:00:00Z,59.5,83,9.3
0060,2024-11-19T19:00:00Z,58.1,94,8.2
0060,2024-11-19T20:00:00Z,58.6,93,6.2
0060,2024-11-19T21:00:00Z,59.4,91,5
0060,2024-11-19T22:00:00Z,59.4,91,5.2
0060,2024-11-19T23:00:00Z,58.3,94,5.4
0060,2024-11-20T00:00:00Z,57.9,95,5.2
0060,2024-11-20T01:00:00Z,57.9,94,4.1
0060,2024-11-20T02:00:00Z,58.6,92,5.2
0060,2024-11-20T03:00:00Z,57.9,85,6.4
0060,2024-11-20T04:00:00Z,56.5,79,3.1
0060,2024-11-20T05:00:00Z,55,81,2.1
0060,2024-11-20T06:00:00Z,54.7,84,2.5
0060,2024-11-20T07:00:00Z,54.3,86,2.1
0060,2024-11-20T08:00:00Z,53.4,90,1.6
0060,2024-11-20T09:00:00Z,51.6,94,2.5
0060,2024-11-20T10:00:00Z,50.7,97,2.7
0060,2024-11-20T11:00:00Z,50.2,97,3.5
0060,2024-11-20T12:00:00Z,49.6,98,3.9
0060,2024-11-20T13:00:00Z,52.3,91,5.8
0060,2024-11-20T14:00:00Z,56.3,80,5.4
0060,2024-11-20T15:00:00Z,58.1,74,8.2
0060,2024-11-20T16:00:00Z,60.3,67,8
0060,2024-11-20T17:00:00Z,60.1,69,9.1
0060,2024-11-20T18:00:00Z,60.8,72,8.7
0060,2024-11-20T19:00:00Z,52.7,84,14.4
0060,2024-11-20T20:00:00Z,45.1,91,16.3
0060,2024-11-20T21:00:00Z,43.3,90,11.8
0060,2024-11-20T22:00:00Z,42.3,91,11.5
0060,2024-11-20T23:00:00Z,44.1,76,15.1
0060,2024-11-21T00:00:00Z,42.4,79,9.5
0060,2024-11-21T01:00:00Z,40.8,84,8
0060,2024-11-21T02:00:00Z,40.3,84,8.2
0060,2024-11-21T03:00:00Z,41,78,8.7
0060,2024-11-21T04:00:00Z,41.2,76,8.5
0060,2024-11-21T05:00:00Z,40.8,77,7.4
0060,2024-11-21T06:00:00Z,39.9,78,8.4
0060,2024-11-21T07:00:00Z,38.5,79,8
0060,2024-11-21T08:00:00Z,37.2,82,7.8
0060,2024-11-21T09:00:00Z,36.3,81,8.2
0060,2024-11-21T10:00:00Z,35.8,84,8.2
0060,2024-11-21T11:00:00Z,35.2,86,8
0060,2024-11-21T12:00:00Z,33.4,94,4.9
0060,2024-11-21T13:00:00Z,33.8,92,5
0060,2024-11-21T14:00:00Z,34.3,89,5.6
0060,2024-11-21T15:00:00Z,34.5,87,7.4
0060,2024-11-21T16:00:00Z,35.1,80,8.2
0060,2024-11-21T17:00:00Z,36.1,74,9.1
0060,2024-11-21T18:00:00Z,36.7,71,9.3
0060,2024-11-21T19:00:00Z,36.3,76,8.5
0060,2024-11-21T20:00:00Z,36.5,76,8.2
0060,2024-11-21T21:00:00Z,35.1,86,7.2
0060,2024-11-21T22:00:00Z,35.4,84,7.2
0060,2024-11-21T23:00:00Z,35.4,82,7.6
0060,2024-11-22T00:00:00Z,34.9,80,8.5
0060,2024-11-22T01:00:00Z,34,82,9.3
0060,2024-11-22T02:00:00Z,33.4,83,8.5
0060,2024-11-22T03:00:00Z,31.5,98,7.6
0060,2024-11-22T04:00:00Z,31.1,100,4.9
0060,2024-11-22T05:00:00Z,31.5,100,4.9
0060,2024-11-22T06:00:00Z,32,100,2.9
0060,2024-11-22T07:00:00Z,33.4,99,1.7
0060,2024-11-22T08:00:00Z,39.6,76,5
0060,2024-11-22T09:00:00Z,40.8,74,5.2
0060,2024-11-22T10:00:00Z,41.5,80,8
0060,2024-11-22T11:00:00Z,42.6,80,8.7
0060,2024-11-22T12:00:00Z,43,82,9.9
0060,2024-11-22T13:00:00Z,43.5,77,8.2
0060,2024-11-22T14:00:00Z,43.9,79,9.5
0060,2024-11-22T15:00:00Z,43.3,87,9.5
0060,2024-11-22T16:00:00Z,44.2,89,9.5
0060,2024-11-22T17:00:00Z,45.3,88,8.5
0060,2024-11-22T18:00:00Z,45.3,91,9.7
0060,2024-11-22T19:00:00Z,45.5,92,11.3
0060,2024-11-22T20:00:00Z,45.5,93,11.5
0060,2024-11-22T21:00:00Z,45.7,94,9.5
0060,2024-11-22T22:00:00Z,45.7,92,10.3
0060,2024-11-22T23:00:00Z,46.2,88,12.6
0060,2024-11-23T00:00:00Z,45.1,95,14.2
0060,2024-11-23T01:00:00Z,45,94,13.8
0060,2024-11-23T02:00:00Z,45,92,12.2
0060,2024-11-23T03:00:00Z,45.1,88,13.4
0060,2024-11-23T04:00:00Z,45.7,86,13
0060,2024-11-23T05:00:00Z,45,91,9.7
0060,2024-11-23T06:00:00Z,45,92,7
0060,2024-11-23T07:00:00Z,45.3,89,7
0060,2024-11-23T08:00:00Z,44.2,94,9.3
0060,2024-11-23T09:00:00Z,44.6,91,8
0060,2024-11-23T10:00:00Z,45,87,8.2
0060,2024-11-23T11:00:00Z,44.1,92,9.3
0060,2024-11-23T12:00:00Z,43.9,89,9.3
0060,2024-11-23T13:00:00Z,44.4,87,8.4
0060,2024-11-23T14:00:00Z,45,84,9.3
0060,2024-11-23T15:00:00Z,45.5,80,9.1
0060,2024-11-23T16:00:00Z,46,78,7.6
0060,2024-11-23T17:00:00Z,46,78,11.1
0060,2024-11-23T18:00:00Z,45.7,78,11.3
0060,2024-11-23T19:00:00Z,45.7,77,11.7
0060,2024-11-23T20:00:00Z,45.3,79,9.5
0060,2024-11-23T21:00:00Z,45.5,76,10.3
0060,2024-11-23T22:00:00Z,45.1,74,8.4
0060,2024-11-23T23:00:00Z,44.8,75,7.8
0060,2024-11-24T00:00:00Z,45,76,7.6
0060,2024-11-24T01:00:00Z,45,78,8.5
0060,2024-11-24T02:00:00Z,45,79,8.5
0060,2024-11-24T03:00:00Z,44.2,82,7.4
0060,2024-11-24T04:00:00Z,43.7,85,7.4
0060,2024-11-24T05:00:00Z,43,89,6.6
0060,2024-11-24T06:00:00Z,42.4,90,6.8
0060,2024-11-24T07:00:00Z,42.1,90,6.4
0060,2024-11-24T08:00:00Z,41.2,94,8
0060,2024-11-24T09:00:00Z,40.8,90,7.6
0060,2024-11-24T10:00:00Z,40.8,87,7.2
0060,2024-11-24T11:00:00Z,40.6,87,7.8
0060,2024-11-24T12:00:00Z,40.3,85,8
0060,2024-11-24T13:00:00Z,40.5,84,5.6
0060,2024-11-24T14:00:00Z,40.6,84,6.4
0060,2024-11-24T15:00:00Z,40.5,85,7.6
0060,2024-11-24T16:00:00Z,40.3,84,8
0060,2024-11-24T17:00:00Z,40.3,83,6.8
0060,2024-11-24T18:00:00Z,40.6,83,5.8
0060,2024-11-24T19:00:00Z,41,81,5.2
0060,2024-11-24T20:00:00Z,41.2,81,4.5
0060,2024-11-24T21:00:00Z,41.5,80,3.1
0060,2024-11-24T22:00:00Z,41.7,79,3.7
0060,2024-11-24T23:00:00Z,41.7,79,2.3
0060,2024-11-25T00:00:00Z,41,81,3.3
0060,2024-11-25T01:00:00Z,40.5,83,3.5
0060,2024-11-25T02:00:00Z,39.6,85,4.1
0060,2024-11-25T03:00:00Z,38.8,87,5.4
0060,2024-11-25T04:00:00Z,38.3,89,5
0060,2024-11-25T05:00:00Z,38.5,88,7.2
0060,2024-11-25T06:00:00Z,38.7,88,7.2
0060,2024-11-25T07:00:00Z,38.7,87,8
0060,2024-11-25T08:00:00Z,38.8,87,8.9
0060,2024-11-25T09:00:00Z,39.2,86,9.9
0060,2024-11-25T10:00:00Z,39.2,86,8.5
0060,2024-11-25T11:00:00Z,38.5,89,7.6
0060,2024-11-25T12:00:00Z,39.7,86,8.2
0060,2024-11-25T13:00:00Z,40.5,84,9.5
0060,2024-11-25T14:00:00Z,42.4,80,8.7
0060,2024-11-25T15:00:00Z,44.4,78,6.4
0060,2024-11-25T16:00:00Z,46.2,76,7.2
0060,2024-11-25T17:00:00Z,47.8,74,6.6
0060,2024-11-25T18:00:00Z,49.6,73,6.2
0060,2024-11-25T19:00:00Z,51.1,72,6.8
0060,2024-11-25T20:00:00Z,52,71,8
0060,2024-11-25T21:00:00Z,51.8,74,7.2
0060,2024-11-25T22:00:00Z,52.5,76,6.6
0060,2024-11-25T23:00:00Z,53.4,79,6
0060,2024-11-26T00:00:00Z,52.7,85,5.8
0060,2024-11-26T01:00:00Z,54,86,6.2
0060,2024-11-26T02:00:00Z,54.7,87,6.6
0060,2024-11-26T03:00:00Z,54.5,89,4.5
0060,2024-11-26T04:00:00Z,53.4,96,5
0060,2024-11-26T05:00:00Z,50.5,93,11.3
0060,2024-11-26T06:00:00Z,49.1,86,12.2
0060,2024-11-26T07:00:00Z,48.4,86,11.7
0060,2024-11-26T08:00:00Z,47.5,87,15.1
0060,2024-11-26T09:00:00Z,45.1,86,14.8
0060,2024-11-26T10:00:00Z,44.1,80,12.4
0060,2024-11-26T11:00:00Z,43.7,74,12.2
0060,2024-11-26T12:00:00Z,43.2,71,11.8
0060,2024-11-26T13:00:00Z,42.3,70,10.7
0060,2024-11-26T14:00:00Z,41.9,66,9.9
0060,2024-11-26T15:00:00Z,42.4,64,9.9
0060,2024-11-26T16:00:00Z,43,61,10.9
0060,2024-11-26T17:00:00Z,43.3,61,10.9
0060,2024-11-26T18:00:00Z,43.9,61,9.9
0060,2024-11-26T19:00:00Z,43.3,61,11.3
0060,2024-11-26T20:00:00Z,43,62,10.9
0060,2024-11-26T21:00:00Z,41.9,63,10.1
0060,2024-11-26T22:00:00Z,40.6,67,7.4
0060,2024-11-26T23:00:00Z,40.1,69,7.6
0060,2024-11-27T00:00:00Z,39.2,70,6.2
0060,2024-11-27T01:00:00Z,38.7,67,7.2
0060,2024-11-27T02:00:00Z,38.3,64,7.2
0060,2024-11-27T03:00:00Z,37.9,62,7.2
0060,2024-11-27T04:00:00Z,37.8,64,6.8
0060,2024-11-27T05:00:00Z,37.2,67,5.6
0060,2024-11-27T06:00:00Z,36.9,68,3.9
0060,2024-11-27T07:00:00Z,36.7,68,3.9
0060,2024-11-27T08:00:00Z,36.5,69,6
0060,2024-11-27T09:00:00Z,36.3,70,5.8
0060,2024-11-27T10:00:00Z,36.1,70,4.1
0060,2024-11-27T11:00:00Z,36,71,4.9
0060,2024-11-27T12:00:00Z,35.4,73,5
0060,2024-11-27T13:00:00Z,36.3,71,3.3
0060,2024-11-27T14:00:00Z,37.9,67,5.2
0060,2024-11-27T15:00:00Z,41,60,4.5
0060,2024-11-27T16:00:00Z,43.2,58,4.1
0060,2024-11-27T17:00:00Z,45.3,55,4.5
0060,2024-11-27T18:00:00Z,46.6,53,3.5
0060,2024-11-27T19:00:00Z,45.9,53,3.9
0060,2024-11-27T20:00:00Z,45.9,52,4.1
0060,2024-11-27T21:00:00Z,45.3,52,3.7
0060,2024-11-27T22:00:00Z,45,55,3.7
0060,2024-11-27T23:00:00Z,44.6,57,3.3
0060,2024-11-28T00:00:00Z,44.2,58,3.9
0060,2024-11-28T01:00:00Z,43.9,62,2.9
0060,2024-11-28T02:00:00Z,43,67,4.7
0060,2024-11-28T03:00:00Z,41.2,77,6.6
0060,2024-11-28T04:00:00Z,38.7,90,5.2
0060,2024-11-28T05:00:00Z,37.2,94,5
0060,2024-11-28T06:00:00Z,36.3,96,3.3
0060,2024-11-28T07:00:00Z,NA,NA,NA
0060,2024-11-28T08:00:00Z,NA,NA,NA
0060,2024-11-28T09:00:00Z,36.3,97,2.5
0060,2024-11-28T10:00:00Z,36.9,97,1.4
0060,2024-11-28T11:00:00Z,37.2,97,1.7
0060,2024-11-28T12:00:00Z,37.8,98,2.3
0060,2024-11-28T13:00:00Z,38.7,97,1.4
0060,2024-11-28T14:00:00Z,41.5,85,10.5
0060,2024-11-28T15:00:00Z,41.9,79,10.1
0060,2024-11-28T16:00:00Z,41.7,79,9.3
0060,2024-11-28T17:00:00Z,41,80,8
0060,2024-11-28T18:00:00Z,40.8,81,6.2
0060,2024-11-28T19:00:00Z,39.9,82,8
0060,2024-11-28T20:00:00Z,39.6,75,10.9
0060,2024-11-28T21:00:00Z,38.8,73,8.4
0060,2024-11-28T22:00:00Z,38.5,71,7.8
0060,2024-11-28T23:00:00Z,39.2,60,9.7
0060,2024-11-29T00:00:00Z,38.7,65,7
0060,2024-11-29T01:00:00Z,37.6,69,9.9
0060,2024-11-29T02:00:00Z,36.9,75,8
0060,2024-11-29T03:00:00Z,36.3,78,8.4
0060,2024-11-29T04:00:00Z,35.1,88,8.4
0060,2024-11-29T05:00:00Z,35.1,86,7.4
0060,2024-11-29T06:00:00Z,34.2,87,8.4
0060,2024-11-29T07:00:00Z,32.7,87,9.1
0060,2024-11-29T08:00:00Z,32,83,9.9
0060,2024-11-29T09:00:00Z,31.6,79,10.9
0060,2024-11-29T10:00:00Z,31.1,78,10.7
0060,2024-11-29T11:00:00Z,30.9,77,10.9
0060,2024-11-29T12:00:00Z,30.6,76,10.9
0060,2024-11-29T13:00:00Z,30,77,10.5
0060,2024-11-29T14:00:00Z,29.8,79,11.5
0060,2024-11-29T15:00:00Z,30.4,79,12
0060,2024-11-29T16:00:00Z,30.6,74,12.8
0060,2024-11-29T17:00:00Z,31.1,68,12.2
0060,2024-11-29T18:00:00Z,31.6,61,12.6
0060,2024-11-29T19:00:00Z,31.1,61,11.8
0060,2024-11-29T20:00:00Z,30.9,64,12.2
0060,2024-11-29T21:00:00Z,30,67,13.4
0060,2024-11-29T22:00:00Z,29.3,71,11.1
0060,2024-11-29T23:00:00Z,28.8,67,12.4
0060,2024-11-30T00:00:00Z,28.4,65,12.2
0060,2024-11-30T01:00:00Z,27.7,68,12.2
0060,2024-11-30T02:00:00Z,26.8,68,11.8
0060,2024-11-30T03:00:00Z,26.1,70,11.5
0060,2024-11-30T04:00:00Z,25.3,70,11.5
0060,2024-11-30T05:00:00Z,24.4,72,11.8
0060,2024-11-30T06:00:00Z,24.1,73,10.3
0060,2024-11-30T07:00:00Z,24.1,73,9.3
0060,2024-11-30T08:00:00Z,23.9,73,10.5
0060,2024-11-30T09:00:00Z,23.7,73,10.1
0060,2024-11-30T10:00:00Z,23.5,75,10.3
0060,2024-11-30T11:00:00Z,23.7,74,10.1
0060,2024-11-30T12:00:00Z,23.7,73,10.7
0060,2024-11-30T13:00:00Z,23.9,72,11.3
0060,2024-11-30T14:00:00Z,24.3,70,11.5
0060,2024-11-30T15:00:00Z,24.8,70,12
0060,2024-11-30T16:00:00Z,25,68,12.4
0060,2024-11-30T17:00:00Z,25.9,64,11.7
0060,2024-11-30T18:00:00Z,26.4,61,11.7
0060,2024-11-30T19:00:00Z,27,59,11.3
0060,2024-11-30T20:00:00Z,27.1,58,11.1
0060,2024-11-30T21:00:00Z,27.1,57,11.7
0060,2024-11-30T22:00:00Z,26.8,56,9.5
0060,2024-11-30T23:00:00Z,26.1,57,5
0060,2024-12-01T00:00:00Z,25,61,4.9
0060,2024-12-01T01:00:00Z,24.3,65,5
0060,2024-12-01T02:00:00Z,24.6,65,7.6
0060,2024-12-01T03:00:00Z,24.6,64,8.4
0060,2024-12-01T04:00:00Z,24.4,65,8.4
0060,2024-12-01T05:00:00Z,23.9,65,9.5
0060,2024-12-01T06:00:00Z,23.9,64,8.7
0060,2024-12-01T07:00:00Z,23,66,9.5
0060,2024-12-01T08:00:00Z,22.3,67,8.7
0060,2024-12-01T09:00:00Z,22.1,67,6.4
0060,2024-12-01T10:00:00Z,22.1,69,7.4
0060,2024-12-01T11:00:00Z,21.9,70,7.8
0060,2024-12-01T12:00:00Z,21.6,71,8.4
0060,2024-12-01T13:00:00Z,21.6,72,9.7
0060,2024-12-01T14:00:00Z,22.6,72,11.1
0060,2024-12-01T15:00:00Z,23.5,75,10.3
0060,2024-12-01T16:00:00Z,24.6,76,10.7
0060,2024-12-01T17:00:00Z,26.1,75,9.3
0060,2024-12-01T18:00:00Z,27.1,71,9.1
0060,2024-12-01T19:00:00Z,27.5,71,8.9
0060,2024-12-01T20:00:00Z,27.5,73,9.3
0060,2024-12-01T21:00:00Z,27.1,76,9.5
0060,2024-12-01T22:00:00Z,26.4,82,9.7
0060,2024-12-01T23:00:00Z,26.6,83,9.3
0060,2024-12-02T00:00:00Z,27,81,9.1
0060,2024-12-02T01:00:00Z,27.1,82,9.1
0060,2024-12-02T02:00:00Z,27.1,81,10.1
0060,2024-12-02T03:00:00Z,27.1,82,9.3
0060,2024-12-02T04:00:00Z,27.1,81,9.1
0060,2024-12-02T05:00:00Z,26.8,82,8.7
0060,2024-12-02T06:00:00Z,26.6,81,8.2
0060,2024-12-02T07:00:00Z,26.4,84,8
0060,2024-12-02T08:00:00Z,26.2,83,8.7
0060,2024-12-02T09:00:00Z,26.2,82,8.5
0060,2024-12-02T10:00:00Z,26.4,82,7.8
0060,2024-12-02T11:00:00Z,26.6,82,7
0060,2024-12-02T12:00:00Z,26.6,81,6.8
0060,2024-12-02T13:00:00Z,26.8,80,8
0060,2024-12-02T14:00:00Z,27,79,7.8
0060,2024-12-02T15:00:00Z,28,75,8.4
0060,2024-12-02T16:00:00Z,29.5,71,8.5
0060,2024-12-02T17:00:00Z,30.6,66,9.3
0060,2024-12-02T18:00:00Z,31.5,64,8.4
0060,2024-12-02T19:00:00Z,32,63,9.1
0060,2024-12-02T20:00:00Z,32.7,62,8.7
0060,2024-12-02T21:00:00Z,32.2,64,8.5
0060,2024-12-02T22:00:00Z,31.5,67,7.2
0060,2024-12-02T23:00:00Z,31.3,66,6.4
0060,2024-12-03T00:00:00Z,31.1,65,8.9
0060,2024-12-03T01:00:00Z,30.6,67,9.7
0060,2024-12-03T02:00:00Z,30.2,69,8.7
0060,2024-12-03T03:00:00Z,30.4,72,9.5
0060,2024-12-03T04:00:00Z,30.7,75,8.7
0060,2024-12-03T05:00:00Z,30.6,76,7.4
0060,2024-12-03T06:00:00Z,30.2,77,6
0060,2024-12-03T07:00:00Z,30.2,78,5.6
0060,2024-12-03T08:00:00Z,30.4,78,6.8
0060,2024-12-03T09:00:00Z,30.4,81,6.2
0060,2024-12-03T10:00:00Z,28.4,85,5.6
0060,2024-12-03T11:00:00Z,26.4,89,4.7
0060,2024-12-03T12:00:00Z,25.5,91,5.2
0060,2024-12-03T13:00:00Z,26.2,89,6
0060,2024-12-03T14:00:00Z,27.5,86,8.4
0060,2024-12-03T15:00:00Z,28.8,81,7.6
0060,2024-12-03T16:00:00Z,29.7,79,7.6
0060,2024-12-03T17:00:00Z,31.6,75,7.6
0060,2024-12-03T18:00:00Z,32.7,71,8.2
0060,2024-12-03T19:00:00Z,31.6,75,8.4
0060,2024-12-03T20:00:00Z,30.7,78,8
0060,2024-12-03T21:00:00Z,30.6,77,6.6
0060,2024-12-03T22:00:00Z,30.6,75,7.6
0060,2024-12-03T23:00:00Z,30.2,76,6.6
0060,2024-12-04T00:00:00Z,30.9,74,7
0060,2024-12-04T01:00:00Z,31.1,71,8.5
0060,2024-12-04T02:00:00Z,30,68,8.4
0060,2024-12-04T03:00:00Z,28.9,69,9.1
0060,2024-12-04T04:00:00Z,28.2,69,9.7
0060,2024-12-04T05:00:00Z,27.3,73,9.5
0060,2024-12-04T06:00:00Z,27,74,9.3
0060,2024-12-04T07:00:00Z,27.1,74,9.7
0060,2024-12-04T08:00:00Z,27,75,9.9
0060,2024-12-04T09:00:00Z,27,74,10.7
0060,2024-12-04T10:00:00Z,27,73,12
0060,2024-12-04T11:00:00Z,26.8,72,13.2
0060,2024-12-04T12:00:00Z,27,70,12
0060,2024-12-04T13:00:00Z,26.6,70,13.2
0060,2024-12-04T14:00:00Z,26.6,72,14.6
0060,2024-12-04T15:00:00Z,27.7,71,13.6
0060,2024-12-04T16:00:00Z,28.9,68,12.8
0060,2024-12-04T17:00:00Z,30.6,67,12.8
0060,2024-12-04T18:00:00Z,32,66,11.5
0060,2024-12-04T19:00:00Z,33.6,65,11.5
0060,2024-12-04T20:00:00Z,35.2,65,10.9
0060,2024-12-04T21:00:00Z,37.2,65,10.7
0060,2024-12-04T22:00:00Z,38.7,69,13
0060,2024-12-04T23:00:00Z,38.1,79,13
0060,2024-12-05T00:00:00Z,36.9,88,10.1
0060,2024-12-05T01:00:00Z,37.6,83,10.3
0060,2024-12-05T02:00:00Z,37.8,74,9.7
0060,2024-12-05T03:00:00Z,37.8,74,10.1
0060,2024-12-05T04:00:00Z,36.5,78,11.5
0060,2024-12-05T05:00:00Z,32.7,89,14.4
0060,2024-12-05T06:00:00Z,31.3,81,11.8
0060,2024-12-05T07:00:00Z,30.6,77,16.1
0060,2024-12-05T08:00:00Z,27.9,78,15.5
0060,2024-12-05T09:00:00Z,NA,NA,NA
0060,2024-12-05T10:00:00Z,NA,NA,NA
0060,2024-12-05T11:00:00Z,25.5,88,20.2
0060,2024-12-05T12:00:00Z,26.1,83,18.6
0060,2024-12-05T13:00:00Z,26.4,72,18.3
0060,2024-12-05T14:00:00Z,26.1,70,16.3
0060,2024-12-05T15:00:00Z,25.5,70,13.8
0060,2024-12-05T16:00:00Z,25.5,69,13.6
0060,2024-12-05T17:00:00Z,24.8,78,12.4
0060,2024-12-05T18:00:00Z,22.8,86,10.1
0060,2024-12-05T19:00:00Z,22.8,89,9.3
0060,2024-12-05T20:00:00Z,23.7,91,7.8
0060,2024-12-05T21:00:00Z,25,89,7
0060,2024-12-05T22:00:00Z,25.7,89,5.6
0060,2024-12-05T23:00:00Z,29.5,73,8
0060,2024-12-06T00:00:00Z,30.9,62,7.8
0060,2024-12-06T01:00:00Z,30.9,61,9.1
0060,2024-12-06T02:00:00Z,30.6,59,7.8
0060,2024-12-06T03:00:00Z,30.2,62,7.4
0060,2024-12-06T04:00:00Z,29.3,61,7.4
0060,2024-12-06T05:00:00Z,28.9,62,7.4
0060,2024-12-06T06:00:00Z,28.8,66,7.4
0060,2024-12-06T07:00:00Z,28.6,66,8
0060,2024-12-06T08:00:00Z,28.2,65,7.2
0060,2024-12-06T09:00:00Z,28.2,66,7.2
0060,2024-12-06T10:00:00Z,27.1,65,4.9
0060,2024-12-06T11:00:00Z,22.1,80,6
0060,2024-12-06T12:00:00Z,21.7,82,5.4
0060,2024-12-06T13:00:00Z,21.6,84,4.3
0060,2024-12-06T14:00:00Z,22.6,84,5.2
0060,2024-12-06T15:00:00Z,25.9,78,7.4
0060,2024-12-06T16:00:00Z,27.9,75,8.4
0060,2024-12-06T17:00:00Z,30.2,67,8.7
0060,2024-12-06T18:00:00Z,30.9,62,8.9
0060,2024-12-06T19:00:00Z,31.6,58,11.3
0060,2024-12-06T20:00:00Z,31.8,54,10.1
0060,2024-12-06T21:00:00Z,31.1,54,9.3
0060,2024-12-06T22:00:00Z,30.9,55,8.5
0060,2024-12-06T23:00:00Z,30.7,54,9.3
0060,2024-12-07T00:00:00Z,30.4,52,9.9
0060,2024-12-07T01:00:00Z,30.4,52,9.3
0060,2024-12-07T02:00:00Z,30.4,50,9.1
0060,2024-12-07T03:00:00Z,30.2,51,9.3
0060,2024-12-07T04:00:00Z,30,51,10.1
0060,2024-12-07T05:00:00Z,29.8,53,9.1
0060,2024-12-07T06:00:00Z,29.7,55,7.8
0060,2024-12-07T07:00:00Z,29.5,57,7
0060,2024-12-07T08:00:00Z,29.3,58,6.8
0060,2024-12-07T09:00:00Z,29.1,60,6.6
0060,2024-12-07T10:00:00Z,28.8,61,6.8
0060,2024-12-07T11:00:00Z,28.4,62,8.2
0060,2024-12-07T12:00:00Z,28.4,63,8.2
0060,2024-12-07T13:00:00Z,28.4,63,9.1
0060,2024-12-07T14:00:00Z,28.9,62,10.1
0060,2024-12-07T15:00:00Z,30.7,58,9.1
0060,2024-12-07T16:00:00Z,33.1,53,9.7
0060,2024-12-07T17:00:00Z,35.1,49,10.1
0060,2024-12-07T18:00:00Z,36.7,47,10.9
0060,2024-12-07T19:00:00Z,37,48,10.7
0060,2024-12-07T20:00:00Z,37.4,50,9.5
0060,2024-12-07T21:00:00Z,36.7,53,9.3
0060,2024-12-07T22:00:00Z,36.9,53,11.3
0060,2024-12-07T23:00:00Z,37.9,52,13.4
0060,2024-12-08T00:00:00Z,39.2,50,13.8
0060,2024-12-08T01:00:00Z,39.9,49,11.7
0060,2024-12-08T02:00:00Z,40.5,49,11.3
0060,2024-12-08T03:00:00Z,41.2,49,12.6
0060,2024-12-08T04:00:00Z,41.9,51,10.7
0060,2024-12-08T05:00:00Z,43.2,52,12.6
0060,2024-12-08T06:00:00Z,43.7,53,14.2
0060,2024-12-08T07:00:00Z,44.4,54,12.8
0060,2024-12-08T08:00:00Z,44.4,56,11.5
0060,2024-12-08T09:00:00Z,44.6,58,11.3
0060,2024-12-08T10:00:00Z,43.7,61,9.5
0060,2024-12-08T11:00:00Z,43,64,8.7
0060,2024-12-08T12:00:00Z,42.4,66,8
0060,2024-12-08T13:00:00Z,43.3,65,8.5
0060,2024-12-08T14:00:00Z,45.1,63,8.7
0060,2024-12-08T15:00:00Z,47.1,61,8.2
0060,2024-12-08T16:00:00Z,48.9,59,7.8
0060,2024-12-08T17:00:00Z,49.3,58,6.4
0060,2024-12-08T18:00:00Z,50.2,57,7.2
0060,2024-12-08T19:00:00Z,50.7,57,4.1
0060,2024-12-08T20:00:00Z,49.5,60,4.3
0060,2024-12-08T21:00:00Z,48.2,63,2.1
0060,2024-12-08T22:00:00Z,46.2,68,2.1
0060,2024-12-08T23:00:00Z,44.8,71,2.1
0060,2024-12-09T00:00:00Z,44.1,73,3.3
0060,2024-12-09T01:00:00Z,45.3,69,4.9
0060,2024-12-09T02:00:00Z,45.7,67,7.4
0060,2024-12-09T03:00:00Z,44.8,69,7.4
0060,2024-12-09T04:00:00Z,44.1,71,7.2
0060,2024-12-09T05:00:00Z,44.6,73,5.8
0060,2024-12-09T06:00:00Z,45.3,72,7
0060,2024-12-09T07:00:00Z,45.9,76,6.4
0060,2024-12-09T08:00:00Z,44.6,93,7
0060,2024-12-09T09:00:00Z,44.8,96,7.8
0060,2024-12-09T10:00:00Z,45.9,97,7.6
0060,2024-12-09T11:00:00Z,46.2,100,7.2
0060,2024-12-09T12:00:00Z,47.5,99,6.6
0060,2024-12-09T13:00:00Z,49.3,96,7.2
0060,2024-12-09T14:00:00Z,49.6,97,7.8
0060,2024-12-09T15:00:00Z,50.2,98,6.8
0060,2024-12-09T16:00:00Z,50.5,97,8.4
0060,2024-12-09T17:00:00Z,51.6,92,8.4
0060,2024-12-09T18:00:00Z,52,90,7.2
0060,2024-12-09T19:00:00Z,51.8,90,7
0060,2024-12-09T20:00:00Z,49.8,96,4.5
0060,2024-12-09T21:00:00Z,50.2,97,5
0060,2024-12-09T22:00:00Z,50.5,91,6.6
0060,2024-12-09T23:00:00Z,50,83,7.4
0060,2024-12-10T00:00:00Z,48.7,85,5.2
0060,2024-12-10T01:00:00Z,47.7,88,4.9
0060,2024-12-10T02:00:00Z,46.6,90,4.9
0060,2024-12-10T03:00:00Z,46.8,89,5
0060,2024-12-10T04:00:00Z,46.8,89,5
0060,2024-12-10T05:00:00Z,46.2,90,5.2
0060,2024-12-10T06:00:00Z,45.9,91,4.9
0060,2024-12-10T07:00:00Z,44.6,93,1.9
0060,2024-12-10T08:00:00Z,43.9,96,2.5
0060,2024-12-10T09:00:00Z,43.5,96,0.4
0060,2024-12-10T10:00:00Z,42.1,99,5.4
0060,2024-12-10T11:00:00Z,41.9,99,4.9
0060,2024-12-10T12:00:00Z,41.5,100,4.3
0060,2024-12-10T13:00:00Z,41.4,100,3.5
0060,2024-12-10T14:00:00Z,42.8,100,3.1
0060,2024-12-10T15:00:00Z,45,97,5.2
0060,2024-12-10T16:00:00Z,45.7,95,5.4
0060,2024-12-10T17:00:00Z,45.9,98,2.1
0060,2024-12-10T18:00:00Z,46,99,0.8
0060,2024-12-10T19:00:00Z,45,100,3.9
0060,2024-12-10T20:00:00Z,44.4,100,2.7
0060,2024-12-10T21:00:00Z,44.2,100,0.6
0060,2024-12-10T22:00:00Z,44.1,100,1
0060,2024-12-10T23:00:00Z,44.1,100,3.7
0060,2024-12-11T00:00:00Z,43.3,100,4.1
0060,2024-12-11T01:00:00Z,42.6,100,4.1
0060,2024-12-11T02:00:00Z,41.7,100,3.3
0060,2024-12-11T03:00:00Z,41.7,100,4.1
0060,2024-12-11T04:00:00Z,41.7,97,5.4
0060,2024-12-11T05:00:00Z,40.8,91,6
0060,2024-12-11T06:00:00Z,39.9,90,7
0060,2024-12-11T07:00:00Z,39,89,7.6
0060,2024-12-11T08:00:00Z,38.3,86,7.2
0060,2024-12-11T09:00:00Z,37.4,86,6.6
0060,2024-12-11T10:00:00Z,36.7,84,8.2
0060,2024-12-11T11:00:00Z,36,82,8.4
0060,2024-12-11T12:00:00Z,34.9,85,7.8
0060,2024-12-11T13:00:00Z,33.3,95,7.8
0060,2024-12-11T14:00:00Z,33.3,94,8
0060,2024-12-11T15:00:00Z,33.6,89,8.7
0060,2024-12-11T16:00:00Z,33.8,84,10.3
0060,2024-12-11T17:00:00Z,34,80,11.1
0060,2024-12-11T18:00:00Z,34.3,75,11.8
0060,2024-12-11T19:00:00Z,34.2,72,10.9
0060,2024-12-11T20:00:00Z,33.3,70,10.7
0060,2024-12-11T21:00:00Z,31.8,70,9.1
0060,2024-12-11T22:00:00Z,31.6,71,8.9
0060,2024-12-11T23:00:00Z,31.6,73,7.8
0060,2024-12-12T00:00:00Z,31.3,80,8.9
0060,2024-12-12T01:00:00Z,30.6,92,9.3
0060,2024-12-12T02:00:00Z,29.8,99,8.4
0060,2024-12-12T03:00:00Z,30.2,84,9.5
0060,2024-12-12T04:00:00Z,29.8,79,11.3
0060,2024-12-12T05:00:00Z,27.1,74,14.8
0060,2024-12-12T06:00:00Z,23.4,69,13.8
0060,2024-12-12T07:00:00Z,21.6,65,12.6
0060,2024-12-12T08:00:00Z,20.7,64,11.8
0060,2024-12-12T09:00:00Z,20.3,65,11.1
0060,2024-12-12T10:00:00Z,19.9,70,10.9
0060,2024-12-12T11:00:00Z,18.7,64,13.2
0060,2024-12-12T12:00:00Z,17.2,67,13.6
0060,2024-12-12T13:00:00Z,16.3,68,12.4
0060,2024-12-12T14:00:00Z,16.3,65,12.6
0060,2024-12-12T15:00:00Z,16.9,64,12.2
0060,2024-12-12T16:00:00Z,18.3,61,11.7
0060,2024-12-12T17:00:00Z,18.5,58,11.7
0060,2024-12-12T18:00:00Z,18.5,57,10.9
0060,2024-12-12T19:00:00Z,18.9,55,10.5
0060,2024-12-12T20:00:00Z,18.9,56,10.5
0060,2024-12-12T21:00:00Z,18.3,59,8.9
0060,2024-12-12T22:00:00Z,18.1,61,9.5
0060,2024-12-12T23:00:00Z,18.1,59,8.9
0060,2024-12-13T00:00:00Z,18.1,60,8.2
0060,2024-12-13T01:00:00Z,18.3,60,8.5
0060,2024-12-13T02:00:00Z,18.5,63,8.4
0060,2024-12-13T03:00:00Z,18.7,64,7.6
0060,2024-12-13T04:00:00Z,18.9,65,7.4
0060,2024-12-13T05:00:00Z,18.7,68,6.8
0060,2024-12-13T06:00:00Z,18.7,70,6.2
0060,2024-12-13T07:00:00Z,18.9,71,5.8
0060,2024-12-13T08:00:00Z,19.2,73,5.4
0060,2024-12-13T09:00:00Z,19.2,74,4.7
0060,2024-12-13T10:00:00Z,18.9,78,5.2
0060,2024-12-13T11:00:00Z,18.9,77,5.2
0060,2024-12-13T12:00:00Z,18.5,77,4.7
0060,2024-12-13T13:00:00Z,19.2,75,5.8
0060,2024-12-13T14:00:00Z,20.7,72,5.6
0060,2024-12-13T15:00:00Z,22.5,68,5.2
0060,2024-12-13T16:00:00Z,25.9,58,3.5
0060,2024-12-13T17:00:00Z,27.9,54,1.2
0060,2024-12-13T18:00:00Z,26.2,59,4.5
0060,2024-12-13T19:00:00Z,26.2,62,4.1
0060,2024-12-13T20:00:00Z,26.4,63,3.5
0060,2024-12-13T21:00:00Z,25.5,65,3.9
0060,2024-12-13T22:00:00Z,25,67,3.7
0060,2024-12-13T23:00:00Z,24.8,69,3.3
0060,2024-12-14T00:00:00Z,23.7,76,3.1
0060,2024-12-14T01:00:00Z,23.5,73,3.7
0060,2024-12-14T02:00:00Z,23.4,72,2.7
0060,2024-12-14T03:00:00Z,22.8,71,3.1
0060,2024-12-14T04:00:00Z,22.3,70,3.3
0060,2024-12-14T05:00:00Z,22.1,70,3.5
0060,2024-12-14T06:00:00Z,21.4,70,3.1
0060,2024-12-14T07:00:00Z,20.7,71,2.9
0060,2024-12-14T08:00:00Z,20.5,70,2.1
0060,2024-12-14T09:00:00Z,20.5,70,2.1
0060,2024-12-14T10:00:00Z,20.8,69,2.9
0060,2024-12-14T11:00:00Z,20.8,68,3.3
0060,2024-12-14T12:00:00Z,20.8,68,2.3
0060,2024-12-14T13:00:00Z,21.7,71,3.1
0060,2024-12-14T14:00:00Z,25.5,63,3.9
0060,2024-12-14T15:00:00Z,30,55,5.2
0060,2024-12-14T16:00:00Z,33.8,50,6
0060,2024-12-14T17:00:00Z,37.2,50,5.6
0060,2024-12-14T18:00:00Z,38.5,49,6
0060,2024-12-14T19:00:00Z,40.5,46,6.2
0060,2024-12-14T20:00:00Z,41.4,48,5.4
0060,2024-12-14T21:00:00Z,39.4,54,6.4
0060,2024-12-14T22:00:00Z,37.8,59,4.9
0060,2024-12-14T23:00:00Z,36.3,62,5.4
0060,2024-12-15T00:00:00Z,35.4,63,7
0060,2024-12-15T01:00:00Z,35.1,61,8.2
0060,2024-12-15T02:00:00Z,34.7,61,8.9
0060,2024-12-15T03:00:00Z,34.3,60,9.1
0060,2024-12-15T04:00:00Z,34.5,60,10.3
0060,2024-12-15T05:00:00Z,34.5,60,10.5
0060,2024-12-15T06:00:00Z,34.7,61,8
0060,2024-12-15T07:00:00Z,34.7,61,9.3
0060,2024-12-15T08:00:00Z,35.1,61,11.1
0060,2024-12-15T09:00:00Z,35.2,62,10.7
0060,2024-12-15T10:00:00Z,35.6,62,9.7
0060,2024-12-15T11:00:00Z,34.9,74,8.9
0060,2024-12-15T12:00:00Z,34.5,85,9.5
0060,2024-12-15T13:00:00Z,34.7,90,10.1
0060,2024-12-15T14:00:00Z,35.2,91,11.1
0060,2024-12-15T15:00:00Z,35.8,93,12.2
0060,2024-12-15T16:00:00Z,36.7,93,11.7
0060,2024-12-15T17:00:00Z,37.6,93,12
0060,2024-12-15T18:00:00Z,38.7,94,11.8
0060,2024-12-15T19:00:00Z,39.4,96,11.3
0060,2024-12-15T20:00:00Z,40.3,96,10.9
0060,2024-12-15T21:00:00Z,40.8,97,10.3
0060,2024-12-15T22:00:00Z,41.4,98,9.3
0060,2024-12-15T23:00:00Z,42.1,98,8
0060,2024-12-16T00:00:00Z,42.8,96,8.5
0060,2024-12-16T01:00:00Z,42.8,97,8.2
0060,2024-12-16T02:00:00Z,43,98,7.4
0060,2024-12-16T03:00:00Z,43.2,98,7
0060,2024-12-16T04:00:00Z,43.5,98,7
0060,2024-12-16T05:00:00Z,43.5,98,7.6
0060,2024-12-16T06:00:00Z,43.7,99,7.8
0060,2024-12-16T07:00:00Z,43.9,100,8.2
0060,2024-12-16T08:00:00Z,44.2,100,7
0060,2024-12-16T09:00:00Z,44.8,100,7
0060,2024-12-16T10:00:00Z,45,99,7.8
0060,2024-12-16T11:00:00Z,45.1,97,8.5
0060,2024-12-16T12:00:00Z,45.5,95,9.3
0060,2024-12-16T13:00:00Z,46.2,93,9.9
0060,2024-12-16T14:00:00Z,47.1,91,10.7
0060,2024-12-16T15:00:00Z,48.4,90,10.5
0060,2024-12-16T16:00:00Z,49.6,89,11.5
0060,2024-12-16T17:00:00Z,50.2,90,13
0060,2024-12-16T18:00:00Z,50.4,93,12.6
0060,2024-12-16T19:00:00Z,51.1,94,10.9
0060,2024-12-16T20:00:00Z,51.6,95,12.6
0060,2024-12-16T21:00:00Z,52,93,11.5
0060,2024-12-16T22:00:00Z,53.6,89,11.3
0060,2024-12-16T23:00:00Z,53.8,91,12
0060,2024-12-17T00:00:00Z,53.8,95,10.3
0060,2024-12-17T01:00:00Z,54.9,94,9.3
0060,2024-12-17T02:00:00Z,55.8,92,9.3
0060,2024-12-17T03:00:00Z,56.3,79,12.4
0060,2024-12-17T04:00:00Z,54.9,75,12
0060,2024-12-17T05:00:00Z,52.3,74,9.5
0060,2024-12-17T06:00:00Z,49.1,78,9.5
0060,2024-12-17T07:00:00Z,47.1,77,11.7
0060,2024-12-17T08:00:00Z,44.8,80,6.4
0060,2024-12-17T09:00:00Z,42.8,79,8.5
0060,2024-12-17T10:00:00Z,40.6,81,8.2
0060,2024-12-17T11:00:00Z,39.4,84,8.4
0060,2024-12-17T12:00:00Z,38.7,85,8.2
0060,2024-12-17T13:00:00Z,39.2,82,9.1
0060,2024-12-17T14:00:00Z,42.4,74,NA
0060,2024-12-17T15:00:00Z,42.8,71,8.7
0060,2024-12-17T16:00:00Z,44.6,63,9.3
0060,2024-12-17T17:00:00Z,43.9,68,9.3
0060,2024-12-17T18:00:00Z,40.8,78,12
0060,2024-12-17T19:00:00Z,40.5,80,9.1
0060,2024-12-17T20:00:00Z,39.4,81,6.8
0060,2024-12-17T21:00:00Z,38.3,85,6.4
0060,2024-12-17T22:00:00Z,37.9,87,4.9
0060,2024-12-17T23:00:00Z,37.8,87,4.1
0060,2024-12-18T00:00:00Z,37.2,88,2.3
0060,2024-12-18T01:00:00Z,36.3,89,1.9
0060,2024-12-18T02:00:00Z,36,90,1.9
0060,2024-12-18T03:00:00Z,35.2,91,2.1
0060,2024-12-18T04:00:00Z,34,93,2.3
0060,2024-12-18T05:00:00Z,33.1,96,3.3
0060,2024-12-18T06:00:00Z,32.5,97,2.9
0060,2024-12-18T07:00:00Z,32.9,96,3.3
0060,2024-12-18T08:00:00Z,32.7,96,1.6
0060,2024-12-18T09:00:00Z,32.9,96,0.8
0060,2024-12-18T10:00:00Z,33.1,96,2.7
0060,2024-12-18T11:00:00Z,33.6,95,2.5
0060,2024-12-18T12:00:00Z,34.2,94,3.1
0060,2024-12-18T13:00:00Z,34.7,93,1.2
0060,2024-12-18T14:00:00Z,35.2,93,2.7
0060,2024-12-18T15:00:00Z,35.8,96,2.3
0060,2024-12-18T16:00:00Z,36.1,96,2.7
0060,2024-12-18T17:00:00Z,35.8,97,4.7
0060,2024-12-18T18:00:00Z,35.4,97,5.2
0060,2024-12-18T19:00:00Z,36,97,5
0060,2024-12-18T20:00:00Z,36.3,94,6.8
0060,2024-12-18T21:00:00Z,36.5,90,8.9
0060,2024-12-18T22:00:00Z,36.9,88,8.7
0060,2024-12-18T23:00:00Z,36.9,92,9.1
0060,2024-12-19T00:00:00Z,36.3,93,7.4
0060,2024-12-19T01:00:00Z,36.5,80,9.7
0060,2024-12-19T02:00:00Z,36,81,10.5
0060,2024-12-19T03:00:00Z,36,79,9.5
0060,2024-12-19T04:00:00Z,36.3,73,8.4
0060,2024-12-19T05:00:00Z,35.8,77,8.9
0060,2024-12-19T06:00:00Z,35.8,75,7.6
0060,2024-12-19T07:00:00Z,36,67,6.2
0060,2024-12-19T08:00:00Z,35.8,71,5.4
0060,2024-12-19T09:00:00Z,35.6,70,6.6
0060,2024-12-19T10:00:00Z,35.4,69,6.2
0060,2024-12-19T11:00:00Z,35.4,72,5.2
0060,2024-12-19T12:00:00Z,35.2,68,4.3
0060,2024-12-19T13:00:00Z,35.1,70,4.5
0060,2024-12-19T14:00:00Z,35.1,69,1.9
0060,2024-12-19T15:00:00Z,35.1,70,3.1
0060,2024-12-19T16:00:00Z,35.1,71,3.1
0060,2024-12-19T17:00:00Z,34.9,74,3.9
0060,2024-12-19T18:00:00Z,35.2,71,4.5
0060,2024-12-19T19:00:00Z,35.4,68,3.5
0060,2024-12-19T20:00:00Z,35.4,68,3.5
0060,2024-12-19T21:00:00Z,35.4,68,3.3
0060,2024-12-19T22:00:00Z,35.4,69,2.3
0060,2024-12-19T23:00:00Z,35.1,74,4.1
0060,2024-12-20T00:00:00Z,34.7,75,5.6
0060,2024-12-20T01:00:00Z,34.3,76,5.4
0060,2024-12-20T02:00:00Z,34.3,77,6.2
0060,2024-12-20T03:00:00Z,34.3,78,5.6
0060,2024-12-20T04:00:00Z,34.3,78,5.6
0060,2024-12-20T05:00:00Z,34.3,77,4.7
0060,2024-12-20T06:00:00Z,34.5,78,4.1
0060,2024-12-20T07:00:00Z,34.3,79,4.3
0060,2024-12-20T08:00:00Z,33.8,82,4.9
0060,2024-12-20T09:00:00Z,33.1,88,3.7
0060,2024-12-20T10:00:00Z,33.1,87,4.3
0060,2024-12-20T11:00:00Z,33.3,86,4.7
0060,2024-12-20T12:00:00Z,33.3,87,5.2
0060,2024-12-20T13:00:00Z,33.4,88,5
0060,2024-12-20T14:00:00Z,33.8,88,4.9
0060,2024-12-20T15:00:00Z,34.7,87,3.9
0060,2024-12-20T16:00:00Z,35.1,87,2.9
0060,2024-12-20T17:00:00Z,35.2,89,2.9
0060,2024-12-20T18:00:00Z,35.1,92,5.2
0060,2024-12-20T19:00:00Z,35.4,88,7
0060,2024-12-20T20:00:00Z,35.8,84,7.4
0060,2024-12-20T21:00:00Z,34.9,92,7
0060,2024-12-20T22:00:00Z,34.9,89,10.1
0060,2024-12-20T23:00:00Z,33.6,89,12.2
0060,2024-12-21T00:00:00Z,32.9,89,12.2
0060,2024-12-21T01:00:00Z,32.4,87,11.7
0060,2024-12-21T02:00:00Z,32.4,77,11.5
0060,2024-12-21T03:00:00Z,31.8,75,11.7
0060,2024-12-21T04:00:00Z,30.6,78,11.5
0060,2024-12-21T05:00:00Z,30.4,74,10.3
0060,2024-12-21T06:00:00Z,29.3,78,10.7
0060,2024-12-21T07:00:00Z,29.1,80,9.5
0060,2024-12-21T08:00:00Z,28.8,76,11.1
0060,2024-12-21T09:00:00Z,27.9,73,12.2
0060,2024-12-21T10:00:00Z,27.5,68,11.5
0060,2024-12-21T11:00:00Z,26.8,69,11.7
0060,2024-12-21T12:00:00Z,26.2,72,10.3
0060,2024-12-21T13:00:00Z,26.1,68,10.5
0060,2024-12-21T14:00:00Z,25.5,66,12.2
0060,2024-12-21T15:00:00Z,25.5,62,11.1
0060,2024-12-21T16:00:00Z,25.7,62,10.5
0060,2024-12-21T17:00:00Z,25.3,69,9.5
0060,2024-12-21T18:00:00Z,25.9,67,5.6
0060,2024-12-21T19:00:00Z,25,76,7.4
0060,2024-12-21T20:00:00Z,25.2,73,6.8
0060,2024-12-21T21:00:00Z,26.1,62,6.2
0060,2024-12-21T22:00:00Z,26.1,63,5.8
0060,2024-12-21T23:00:00Z,25.3,69,7.2
0060,2024-12-22T00:00:00Z,24.8,74,7.6
0060,2024-12-22T01:00:00Z,24.8,70,7.4
0060,2024-12-22T02:00:00Z,24.4,73,7.6
0060,2024-12-22T03:00:00Z,23.9,69,7.2
0060,2024-12-22T04:00:00Z,23,65,8
0060,2024-12-22T05:00:00Z,22.3,62,6.6
0060,2024-12-22T06:00:00Z,22.6,61,3.9
0060,2024-12-22T07:00:00Z,22.8,62,3.7
0060,2024-12-22T08:00:00Z,22.8,60,3.7
0060,2024-12-22T09:00:00Z,22.8,57,3.7
0060,2024-12-22T10:00:00Z,23,59,2.1
0060,2024-12-22T11:00:00Z,23.4,63,3.5
0060,2024-12-22T12:00:00Z,23.2,59,3.1
0060,2024-12-22T13:00:00Z,22.6,66,3.7
0060,2024-12-22T14:00:00Z,23,68,4.3
0060,2024-12-22T15:00:00Z,23.9,64,5
0060,2024-12-22T16:00:00Z,25.5,62,3.1
0060,2024-12-22T17:00:00Z,25.7,61,2.5
0060,2024-12-22T18:00:00Z,28.2,53,2.1
0060,2024-12-22T19:00:00Z,28.8,54,3.5
0060,2024-12-22T20:00:00Z,28.6,54,1.4
0060,2024-12-22T21:00:00Z,26.6,59,3.9
0060,2024-12-22T22:00:00Z,25.9,60,2.5
0060,2024-12-22T23:00:00Z,25.3,61,1.7
0060,2024-12-23T00:00:00Z,25.3,60,3.7
0060,2024-12-23T01:00:00Z,25,60,5.6
0060,2024-12-23T02:00:00Z,24.3,63,7.2
0060,2024-12-23T03:00:00Z,23,66,8.2
0060,2024-12-23T04:00:00Z,22.5,67,8.5
0060,2024-12-23T05:00:00Z,22.1,69,8
0060,2024-12-23T06:00:00Z,22.6,69,10.1
0060,2024-12-23T07:00:00Z,21.9,71,9.5
0060,2024-12-23T08:00:00Z,22.1,71,10.5
0060,2024-12-23T09:00:00Z,21.6,73,9.5
0060,2024-12-23T10:00:00Z,22.1,72,10.9
0060,2024-12-23T11:00:00Z,22.6,71,11.7
0060,2024-12-23T12:00:00Z,23.2,70,12.2
0060,2024-12-23T13:00:00Z,24.3,68,11.8
0060,2024-12-23T14:00:00Z,26.4,65,10.3
0060,2024-12-23T15:00:00Z,29.5,61,10.3
0060,2024-12-23T16:00:00Z,33.3,56,10.5
0060,2024-12-23T17:00:00Z,37,49,10.9
0060,2024-12-23T18:00:00Z,38.5,49,12.6
0060,2024-12-23T19:00:00Z,40.1,46,12.2
0060,2024-12-23T20:00:00Z,40.5,47,9.7
0060,2024-12-23T21:00:00Z,40.6,50,9.7
0060,2024-12-23T22:00:00Z,40.1,56,9.1
0060,2024-12-23T23:00:00Z,41.7,53,8.5
0060,2024-12-24T00:00:00Z,40.1,66,7.2
0060,2024-12-24T01:00:00Z,38.7,74,5.8
0060,2024-12-24T02:00:00Z,38.1,79,7
0060,2024-12-24T03:00:00Z,36.9,89,7.4
0060,2024-12-24T04:00:00Z,36.9,93,6.2
0060,2024-12-24T05:00:00Z,37.4,95,6
0060,2024-12-24T06:00:00Z,38.1,92,6.4
0060,2024-12-24T07:00:00Z,38.7,89,5.8
0060,2024-12-24T08:00:00Z,38.8,88,4.5
0060,2024-12-24T09:00:00Z,37.8,94,7
0060,2024-12-24T10:00:00Z,37,98,5.2
0060,2024-12-24T11:00:00Z,36.9,96,5.4
0060,2024-12-24T12:00:00Z,36.7,94,5.4
0060,2024-12-24T13:00:00Z,36.3,95,5.2
0060,2024-12-24T14:00:00Z,36.3,94,5.2
0060,2024-12-24T15:00:00Z,36.3,94,5
0060,2024-12-24T16:00:00Z,37,89,5.4
0060,2024-12-24T17:00:00Z,36.7,90,6
0060,2024-12-24T18:00:00Z,36.7,89,4.9
0060,2024-12-24T19:00:00Z,36.7,88,3.7
0060,2024-12-24T20:00:00Z,36.5,88,3.9
0060,2024-12-24T21:00:00Z,36.3,89,3.7
0060,2024-12-24T22:00:00Z,36.1,88,4.5
0060,2024-12-24T23:00:00Z,36,90,3.9
0060,2024-12-25T00:00:00Z,36,90,2.3
0060,2024-12-25T01:00:00Z,35.8,90,0.4
0060,2024-12-25T02:00:00Z,35.6,90,1.6
0060,2024-12-25T03:00:00Z,35.6,91,1.4
0060,2024-12-25T04:00:00Z,35.2,94,1.9
0060,2024-12-25T05:00:00Z,35.4,95,0.8
0060,2024-12-25T06:00:00Z,35.6,93,0.8
0060,2024-12-25T07:00:00Z,36,87,2.1
0060,2024-12-25T08:00:00Z,35.6,85,1.6
0060,2024-12-25T09:00:00Z,34.2,91,2.1
0060,2024-12-25T10:00:00Z,34.2,92,0.6
0060,2024-12-25T11:00:00Z,34.5,88,1.9
0060,2024-12-25T12:00:00Z,34.7,86,0.8
0060,2024-12-25T13:00:00Z,35.1,87,2.1
0060,2024-12-25T14:00:00Z,36,82,2.3
0060,2024-12-25T15:00:00Z,37.4,77,3.3
0060,2024-12-25T16:00:00Z,38.7,72,2.7
0060,2024-12-25T17:00:00Z,39,67,2.9
0060,2024-12-25T18:00:00Z,39.6,67,3.5
0060,2024-12-25T19:00:00Z,39.6,68,3.9
0060,2024-12-25T20:00:00Z,39.7,68,4.5
0060,2024-12-25T21:00:00Z,39.6,70,3.9
0060,2024-12-25T22:00:00Z,39.6,71,3.7
0060,2024-12-25T23:00:00Z,39.4,71,4.3
0060,2024-12-26T00:00:00Z,39,72,4.7
0060,2024-12-26T01:00:00Z,38.8,73,4.5
0060,2024-12-26T02:00:00Z,38.8,73,3.7
0060,2024-12-26T03:00:00Z,38.8,74,3.7
0060,2024-12-26T04:00:00Z,38.5,75,4.9
0060,2024-12-26T05:00:00Z,38.5,75,5.2
0060,2024-12-26T06:00:00Z,38.3,75,5.6
0060,2024-12-26T07:00:00Z,38.3,75,6.4
0060,2024-12-26T08:00:00Z,38.5,75,6
0060,2024-12-26T09:00:00Z,38.5,75,4.7
0060,2024-12-26T10:00:00Z,38.7,75,4.7
0060,2024-12-26T11:00:00Z,38.7,76,3.9
0060,2024-12-26T12:00:00Z,38.8,77,4.7
0060,2024-12-26T13:00:00Z,38.7,78,3.9
0060,2024-12-26T14:00:00Z,40.3,76,5
0060,2024-12-26T15:00:00Z,41.5,75,5
0060,2024-12-26T16:00:00Z,43.2,74,4.9
0060,2024-12-26T17:00:00Z,44.2,71,6.2
0060,2024-12-26T18:00:00Z,45.5,70,5.6
0060,2024-12-26T19:00:00Z,46,69,4.7
0060,2024-12-26T20:00:00Z,45.9,69,5.8
0060,2024-12-26T21:00:00Z,45.3,71,5.6
0060,2024-12-26T22:00:00Z,44.8,72,4.9
0060,2024-12-26T23:00:00Z,44.6,73,4.1
0060,2024-12-27T00:00:00Z,44.6,72,4.9
0060,2024-12-27T01:00:00Z,44.2,73,4.9
0060,2024-12-27T02:00:00Z,43.7,74,5.8
0060,2024-12-27T03:00:00Z,43.5,74,6.8
0060,2024-12-27T04:00:00Z,42.6,74,7.4
0060,2024-12-27T05:00:00Z,41.7,74,5
0060,2024-12-27T06:00:00Z,41,75,3.9
0060,2024-12-27T07:00:00Z,40.5,76,3.3
0060,2024-12-27T08:00:00Z,40.5,75,4.1
0060,2024-12-27T09:00:00Z,40.3,75,3.5
0060,2024-12-27T10:00:00Z,40.3,75,3.1
0060,2024-12-27T11:00:00Z,40.1,74,5.4
0060,2024-12-27T12:00:00Z,40.3,74,8.4
0060,2024-12-27T13:00:00Z,40.6,74,10.5
0060,2024-12-27T14:00:00Z,41.4,75,7.4
0060,2024-12-27T15:00:00Z,45,68,9.3
0060,2024-12-27T16:00:00Z,47.5,64,9.5
0060,2024-12-27T17:00:00Z,49.5,61,9.1
0060,2024-12-27T18:00:00Z,51.3,59,7.8
0060,2024-12-27T19:00:00Z,51.6,58,6.8
0060,2024-12-27T20:00:00Z,51.8,58,8.7
0060,2024-12-27T21:00:00Z,50,68,9.1
0060,2024-12-27T22:00:00Z,47.8,79,8.7
0060,2024-12-27T23:00:00Z,48.4,74,8.9
0060,2024-12-28T00:00:00Z,48.6,72,9.3
0060,2024-12-28T01:00:00Z,47.8,78,9.9
0060,2024-12-28T02:00:00Z,47.1,86,8.7
0060,2024-12-28T03:00:00Z,47.8,84,6.4
0060,2024-12-28T04:00:00Z,48.6,84,9.1
0060,2024-12-28T05:00:00Z,50,86,10.7
0060,2024-12-28T06:00:00Z,50.2,91,10.9
0060,2024-12-28T07:00:00Z,50.7,94,9.5
0060,2024-12-28T08:00:00Z,51.8,92,8.4
0060,2024-12-28T09:00:00Z,53.2,88,8.7
0060,2024-12-28T10:00:00Z,54.5,85,8.9
0060,2024-12-28T11:00:00Z,54.1,86,7.8
0060,2024-12-28T12:00:00Z,54.5,85,8.5
0060,2024-12-28T13:00:00Z,54.9,83,8
0060,2024-12-28T14:00:00Z,55.8,81,8.7
0060,2024-12-28T15:00:00Z,56.7,79,9.7
0060,2024-12-28T16:00:00Z,57.9,73,10.5
0060,2024-12-28T17:00:00Z,58.3,72,9.9
0060,2024-12-28T18:00:00Z,58.8,68,9.1
0060,2024-12-28T19:00:00Z,59.2,63,9.1
0060,2024-12-28T20:00:00Z,59,65,7.4
0060,2024-12-28T21:00:00Z,58.6,66,6.8
0060,2024-12-28T22:00:00Z,56.8,72,4.7
0060,2024-12-28T23:00:00Z,55.6,77,3.5
0060,2024-12-29T00:00:00Z,55.8,77,3.5
0060,2024-12-29T01:00:00Z,55,79,2.9
0060,2024-12-29T02:00:00Z,53.8,82,0.4
0060,2024-12-29T03:00:00Z,52.5,85,3.5
0060,2024-12-29T04:00:00Z,52,85,1.9
0060,2024-12-29T05:00:00Z,51.6,84,3.1
0060,2024-12-29T06:00:00Z,51.4,84,1.4
0060,2024-12-29T07:00:00Z,52,83,2.5
0060,2024-12-29T08:00:00Z,50.2,87,2.1
0060,2024-12-29T09:00:00Z,49.8,91,1.4
0060,2024-12-29T10:00:00Z,49.6,97,3.5
0060,2024-12-29T11:00:00Z,NA,NA,NA
0060,2024-12-29T12:00:00Z,NA,NA,NA
0060,2024-12-29T13:00:00Z,NA,NA,NA
0060,2024-12-29T14:00:00Z,54.3,96,8.2
0060,2024-12-29T15:00:00Z,56.3,94,10.3
0060,2024-12-29T16:00:00Z,57.6,92,10.1
0060,2024-12-29T17:00:00Z,58.6,90,9.9
0060,2024-12-29T18:00:00Z,57.9,95,8.2
0060,2024-12-29T19:00:00Z,57.7,96,8.2
0060,2024-12-29T20:00:00Z,57.6,93,8.5
0060,2024-12-29T21:00:00Z,57.9,89,10.5
0060,2024-12-29T22:00:00Z,57.9,87,10.9
0060,2024-12-29T23:00:00Z,57.4,83,11.8
0060,2024-12-30T00:00:00Z,56.3,80,9.9
0060,2024-12-30T01:00:00Z,54.7,80,13.8
0060,2024-12-30T02:00:00Z,49.1,85,17.3
0060,2024-12-30T03:00:00Z,45.3,86,18.4
0060,2024-12-30T04:00:00Z,43.7,80,17.9
0060,2024-12-30T05:00:00Z,41.9,82,18.3
0060,2024-12-30T06:00:00Z,39.7,89,14.8
0060,2024-12-30T07:00:00Z,38.8,92,13.2
0060,2024-12-30T08:00:00Z,38.3,92,12.8
0060,2024-12-30T09:00:00Z,38.3,94,11.3
0060,2024-12-30T10:00:00Z,39,92,11.3
0060,2024-12-30T11:00:00Z,39.6,91,12
0060,2024-12-30T12:00:00Z,39.9,89,10.3
0060,2024-12-30T13:00:00Z,40.1,89,9.7
0060,2024-12-30T14:00:00Z,40.3,90,10.3
0060,2024-12-30T15:00:00Z,40.8,87,10.5
0060,2024-12-30T16:00:00Z,41.5,83,9.7
0060,2024-12-30T17:00:00Z,42.4,76,10.7
0060,2024-12-30T18:00:00Z,44.6,69,10.5
0060,2024-12-30T19:00:00Z,46.8,64,9.5
0060,2024-12-30T20:00:00Z,47.5,65,8.5
0060,2024-12-30T21:00:00Z,46.6,65,8.5
0060,2024-12-30T22:00:00Z,44.8,70,7
0060,2024-12-30T23:00:00Z,43.7,74,6.4
0060,2024-12-31T00:00:00Z,42.6,77,5.8
0060,2024-12-31T01:00:00Z,41.7,80,5.6
0060,2024-12-31T02:00:00Z,41,82,3.9
0060,2024-12-31T03:00:00Z,39.9,83,2.3
0060,2024-12-31T04:00:00Z,39.4,83,1.7
0060,2024-12-31T05:00:00Z,37.8,85,2.7
0060,2024-12-31T06:00:00Z,36.5,88,1.7
0060,2024-12-31T07:00:00Z,36.9,89,2.7
0060,2024-12-31T08:00:00Z,37,90,2.7
0060,2024-12-31T09:00:00Z,38.3,88,1.6
0060,2024-12-31T10:00:00Z,39.4,84,1.4
0060,2024-12-31T11:00:00Z,40.3,76,3.9
0060,2024-12-31T12:00:00Z,41.9,69,5.6
0060,2024-12-31T13:00:00Z,42.3,66,6
0060,2024-12-31T14:00:00Z,43.2,63,6.6
0060,2024-12-31T15:00:00Z,43.9,63,5.4
0060,2024-12-31T16:00:00Z,41.5,78,5.6
0060,2024-12-31T17:00:00Z,40.5,90,6.2
0060,2024-12-31T18:00:00Z,41,94,4.1
0060,2024-12-31T19:00:00Z,42.6,94,2.9
0060,2024-12-31T20:00:00Z,44.4,92,4.1
0060,2024-12-31T21:00:00Z,45.3,91,3.9
0060,2024-12-31T22:00:00Z,45.5,92,4.3
0060,2024-12-31T23:00:00Z,45.3,96,3.5
0060,2025-01-01T00:00:00Z,45.3,96,3.7
0060,2025-01-01T01:00:00Z,45.1,96,2.9
0060,2025-01-01T02:00:00Z,41,99,12.4
0060,2025-01-01T03:00:00Z,37.9,100,11.5
0060,2025-01-01T04:00:00Z,36.3,98,8.5
0060,2025-01-01T05:00:00Z,36.7,97,7.2
0060,2025-01-01T06:00:00Z,36.7,94,10.3
0060,2025-01-01T07:00:00Z,36,94,10.9
0060,2025-01-01T08:00:00Z,35.1,97,10.9
0060,2025-01-01T09:00:00Z,34.5,97,13.8
0060,2025-01-01T10:00:00Z,34.5,94,14
0060,2025-01-01T11:00:00Z,34.5,93,12.2
0060,2025-01-01T12:00:00Z,35.4,84,11.7
0060,2025-01-01T13:00:00Z,35.6,85,12.2
0060,2025-01-01T14:00:00Z,35.8,84,11.8
0060,2025-01-01T15:00:00Z,35.8,86,11.1
0060,2025-01-01T16:00:00Z,36,86,10.3
0060,2025-01-01T17:00:00Z,36.1,88,9.1
0060,2025-01-01T18:00:00Z,34.2,94,11.1
0060,2025-01-01T19:00:00Z,33.6,92,10.9
0060,2025-01-01T20:00:00Z,33.4,87,10.5
0060,2025-01-01T21:00:00Z,32.2,84,11.1
0060,2025-01-01T22:00:00Z,31.3,85,9.3
0060,2025-01-01T23:00:00Z,31.3,84,9.7
0060,2025-01-02T00:00:00Z,31.1,83,9.7
0060,2025-01-02T01:00:00Z,31.3,79,10.9
0060,2025-01-02T02:00:00Z,31.1,81,10.5
0060,2025-01-02T03:00:00Z,31.5,81,11.3
0060,2025-01-02T04:00:00Z,30.9,82,10.9
0060,2025-01-02T05:00:00Z,31.1,79,11.5
0060,2025-01-02T06:00:00Z,30.7,77,11.3
0060,2025-01-02T07:00:00Z,30.6,75,9.7
0060,2025-01-02T08:00:00Z,30,73,10.5
0060,2025-01-02T09:00:00Z,29.5,73,9.1
0060,2025-01-02T10:00:00Z,28.8,74,9.5
0060,2025-01-02T11:00:00Z,28.2,73,9.7
0060,2025-01-02T12:00:00Z,27.9,73,8.2
0060,2025-01-02T13:00:00Z,28,72,8.4
0060,2025-01-02T14:00:00Z,28.4,70,8.7
0060,2025-01-02T15:00:00Z,28.8,73,8.7
0060,2025-01-02T16:00:00Z,28.9,73,9.7
0060,2025-01-02T17:00:00Z,28.2,79,10.1
0060,2025-01-02T18:00:00Z,28.2,77,9.1
0060,2025-01-02T19:00:00Z,28.2,76,8.5
0060,2025-01-02T20:00:00Z,27.7,77,10.1
0060,2025-01-02T21:00:00Z,27.5,78,8.9
0060,2025-01-02T22:00:00Z,27.5,78,8
0060,2025-01-02T23:00:00Z,28,74,8.5
0060,2025-01-03T00:00:00Z,28.2,73,7.6
0060,2025-01-03T01:00:00Z,28.6,72,8
0060,2025-01-03T02:00:00Z,28.8,71,7.2
0060,2025-01-03T03:00:00Z,28.9,70,7.4
0060,2025-01-03T04:00:00Z,28.2,72,7.2
0060,2025-01-03T05:00:00Z,27.3,74,6.8
0060,2025-01-03T06:00:00Z,27.5,75,5.4
0060,2025-01-03T07:00:00Z,27.5,78,7.2
0060,2025-01-03T08:00:00Z,26.6,88,5
0060,2025-01-03T09:00:00Z,26.6,90,5.2
0060,2025-01-03T10:00:00Z,26.2,92,5.4
0060,2025-01-03T11:00:00Z,26.1,94,5.4
0060,2025-01-03T12:00:00Z,26.2,95,5.2
0060,2025-01-03T13:00:00Z,27,93,5.6
0060,2025-01-03T14:00:00Z,27.5,93,6
0060,2025-01-03T15:00:00Z,27.7,96,5.8
0060,2025-01-03T16:00:00Z,28,81,8.4
0060,2025-01-03T17:00:00Z,28.4,77,7.2
0060,2025-01-03T18:00:00Z,27.5,80,8.5
0060,2025-01-03T19:00:00Z,26.8,82,8.9
0060,2025-01-03T20:00:00Z,27.5,75,9.7
0060,2025-01-03T21:00:00Z,27.1,74,10.3
0060,2025-01-03T22:00:00Z,28.2,64,8.7
0060,2025-01-03T23:00:00Z,27.9,71,11.5
0060,2025-01-04T00:00:00Z,27.5,69,11.5
0060,2025-01-04T01:00:00Z,27.5,70,13.2
0060,2025-01-04T02:00:00Z,27.1,64,13.6
0060,2025-01-04T03:00:00Z,27.1,59,11.7
0060,2025-01-04T04:00:00Z,26.4,66,12.8
0060,2025-01-04T05:00:00Z,25.7,69,13
0060,2025-01-04T06:00:00Z,25.3,70,12.4
0060,2025-01-04T07:00:00Z,24.8,70,12.8
0060,2025-01-04T08:00:00Z,24.1,68,13.6
0060,2025-01-04T09:00:00Z,24.1,60,14.4
0060,2025-01-04T10:00:00Z,24.1,58,14.2
0060,2025-01-04T11:00:00Z,23.9,69,12.8
0060,2025-01-04T12:00:00Z,23.5,64,12.8
0060,2025-01-04T13:00:00Z,23.2,66,11.7
0060,2025-01-04T14:00:00Z,23.2,65,11.1
0060,2025-01-04T15:00:00Z,23,67,11.3
0060,2025-01-04T16:00:00Z,22.6,67,12.2
0060,2025-01-04T17:00:00Z,22.1,69,12.2
0060,2025-01-04T18:00:00Z,21.7,75,11.5
0060,2025-01-04T19:00:00Z,22.1,73,12.6
0060,2025-01-04T20:00:00Z,22.8,72,12
0060,2025-01-04T21:00:00Z,21.7,82,8.2
0060,2025-01-04T22:00:00Z,21.4,82,8.4
0060,2025-01-04T23:00:00Z,21.6,80,9.1
0060,2025-01-05T00:00:00Z,20.8,83,9.5
0060,2025-01-05T01:00:00Z,20.1,81,11.3
0060,2025-01-05T02:00:00Z,19.4,77,10.5
0060,2025-01-05T03:00:00Z,19.2,76,9.5
0060,2025-01-05T04:00:00Z,18.9,79,8.7
0060,2025-01-05T05:00:00Z,18.7,79,8.2
0060,2025-01-05T06:00:00Z,18.1,79,8
0060,2025-01-05T07:00:00Z,17.2,79,7.4
0060,2025-01-05T08:00:00Z,16,80,8.2
0060,2025-01-05T09:00:00Z,15.4,80,8.2
0060,2025-01-05T10:00:00Z,16,79,8.4
0060,2025-01-05T11:00:00Z,16,78,8
0060,2025-01-05T12:00:00Z,15.1,77,6.2
0060,2025-01-05T13:00:00Z,14.7,79,4.5
0060,2025-01-05T14:00:00Z,16,82,5.4
0060,2025-01-05T15:00:00Z,18.3,80,7
0060,2025-01-05T16:00:00Z,20.1,79,6.4
0060,2025-01-05T17:00:00Z,20.8,79,6.2
0060,2025-01-05T18:00:00Z,21.9,76,5.2
0060,2025-01-05T19:00:00Z,22.3,73,5
0060,2025-01-05T20:00:00Z,22.3,70,4.3
0060,2025-01-05T21:00:00Z,21.9,70,4.3
0060,2025-01-05T22:00:00Z,21.7,70,3.5
0060,2025-01-05T23:00:00Z,21.9,69,3.5
0060,2025-01-06T00:00:00Z,21.9,69,4.1
0060,2025-01-06T01:00:00Z,21.9,69,4.1
0060,2025-01-06T02:00:00Z,22.1,69,3.7
0060,2025-01-06T03:00:00Z,22.3,69,3.9
0060,2025-01-06T04:00:00Z,22.5,69,4.1
0060,2025-01-06T05:00:00Z,22.6,70,4.9
0060,2025-01-06T06:00:00Z,22.5,73,5
0060,2025-01-06T07:00:00Z,22.5,74,4.3
0060,2025-01-06T08:00:00Z,22.8,75,4.7
0060,2025-01-06T09:00:00Z,23.4,79,4.7
0060,2025-01-06T10:00:00Z,22.8,91,3.9
0060,2025-01-06T11:00:00Z,22.8,94,3.9
0060,2025-01-06T12:00:00Z,23.4,94,3.9
0060,2025-01-06T13:00:00Z,24.1,92,5.2
0060,2025-01-06T14:00:00Z,25.7,87,5.4
0060,2025-01-06T15:00:00Z,26.4,86,6.6
0060,2025-01-06T16:00:00Z,27.3,81,6.2
0060,2025-01-06T17:00:00Z,27.7,82,7.6
0060,2025-01-06T18:00:00Z,27.5,89,12.8
0060,2025-01-06T19:00:00Z,27.3,86,11.8
0060,2025-01-06T20:00:00Z,26.6,86,11.5
0060,2025-01-06T21:00:00Z,26.1,82,12.4
0060,2025-01-06T22:00:00Z,24.8,81,11.3
0060,2025-01-06T23:00:00Z,23.2,79,12.2
0060,2025-01-07T00:00:00Z,22.5,79,10.3
0060,2025-01-07T01:00:00Z,23.5,77,12
0060,2025-01-07T02:00:00Z,23.9,78,11.5
0060,2025-01-07T03:00:00Z,24.1,82,10.1
0060,2025-01-07T04:00:00Z,24.1,88,7.6
0060,2025-01-07T05:00:00Z,23.9,87,7.4
0060,2025-01-07T06:00:00Z,25,85,6
0060,2025-01-07T07:00:00Z,26.2,83,7.4
0060,2025-01-07T08:00:00Z,26.6,82,7.4
0060,2025-01-07T09:00:00Z,26.4,80,7.8
0060,2025-01-07T10:00:00Z,26.4,79,9.3
0060,2025-01-07T11:00:00Z,26.6,78,7.2
0060,2025-01-07T12:00:00Z,26.8,77,7.6
0060,2025-01-07T13:00:00Z,26.6,77,8.9
0060,2025-01-07T14:00:00Z,26.4,78,8.7
0060,2025-01-07T15:00:00Z,26.2,73,8.7
0060,2025-01-07T16:00:00Z,26.1,70,8.7
0060,2025-01-07T17:00:00Z,26.4,68,8.7
0060,2025-01-07T18:00:00Z,26.2,65,7.8
0060,2025-01-07T19:00:00Z,26.4,69,6.8
0060,2025-01-07T20:00:00Z,26.1,65,6.6
0060,2025-01-07T21:00:00Z,26.4,62,6
0060,2025-01-07T22:00:00Z,27,61,6.8
0060,2025-01-07T23:00:00Z,27.1,62,6.4
0060,2025-01-08T00:00:00Z,27.3,64,6.4
0060,2025-01-08T01:00:00Z,26.8,67,5.2
0060,2025-01-08T02:00:00Z,24.6,79,4.7
0060,2025-01-08T03:00:00Z,24.4,80,4.3
0060,2025-01-08T04:00:00Z,24.6,79,3.3
0060,2025-01-08T05:00:00Z,25.5,79,3.5
0060,2025-01-08T06:00:00Z,26.1,77,8.4
0060,2025-01-08T07:00:00Z,25.3,70,10.5
0060,2025-01-08T08:00:00Z,24.6,69,10.1
0060,2025-01-08T09:00:00Z,24.3,71,8.5
0060,2025-01-08T10:00:00Z,24.3,71,8
0060,2025-01-08T11:00:00Z,24.1,70,8.2
0060,2025-01-08T12:00:00Z,23.5,69,9.7
0060,2025-01-08T13:00:00Z,22.8,67,11.5
0060,2025-01-08T14:00:00Z,22.8,64,8.9
0060,2025-01-08T15:00:00Z,23.2,64,8.4
0060,2025-01-08T16:00:00Z,23.4,63,9.9
0060,2025-01-08T17:00:00Z,23,69,8
0060,2025-01-08T18:00:00Z,22.6,73,7.6
0060,2025-01-08T19:00:00Z,22.8,71,7.6
0060,2025-01-08T20:00:00Z,23,73,7
0060,2025-01-08T21:00:00Z,23,76,5.6
0060,2025-01-08T22:00:00Z,23.5,71,6
0060,2025-01-08T23:00:00Z,24.4,65,5.4
0060,2025-01-09T00:00:00Z,24.6,62,6.2
0060,2025-01-09T01:00:00Z,24.3,62,7.6
0060,2025-01-09T02:00:00Z,23.9,66,8.2
0060,2025-01-09T03:00:00Z,22.5,76,7.4
0060,2025-01-09T04:00:00Z,22.1,73,7.4
0060,2025-01-09T05:00:00Z,21.7,71,8.4
0060,2025-01-09T06:00:00Z,21.4,72,7.2
0060,2025-01-09T07:00:00Z,21.4,70,6.4
0060,2025-01-09T08:00:00Z,20.5,68,5.6
0060,2025-01-09T09:00:00Z,19.9,67,5.8
0060,2025-01-09T10:00:00Z,20.1,66,7
0060,2025-01-09T11:00:00Z,20.3,67,6.6
0060,2025-01-09T12:00:00Z,19.9,59,6
0060,2025-01-09T13:00:00Z,20.5,53,6
0060,2025-01-09T14:00:00Z,21,62,6
0060,2025-01-09T15:00:00Z,21.4,70,6.4
0060,2025-01-09T16:00:00Z,21.6,71,7.8
0060,2025-01-09T17:00:00Z,22.1,66,8
0060,2025-01-09T18:00:00Z,22.5,64,8
0060,2025-01-09T19:00:00Z,22.3,57,7.4
0060,2025-01-09T20:00:00Z,22.6,53,6.4
0060,2025-01-09T21:00:00Z,21.9,57,6
0060,2025-01-09T22:00:00Z,21.4,57,5
0060,2025-01-09T23:00:00Z,20.5,52,4.9
0060,2025-01-10T00:00:00Z,18.9,52,4.9
0060,2025-01-10T01:00:00Z,18,57,2.9
0060,2025-01-10T02:00:00Z,17.1,63,2.7
0060,2025-01-10T03:00:00Z,16.7,71,3.1
0060,2025-01-10T04:00:00Z,15.6,75,4.1
0060,2025-01-10T05:00:00Z,14.9,77,3.1
0060,2025-01-10T06:00:00Z,14.9,82,3.3
0060,2025-01-10T07:00:00Z,14,83,3.3
0060,2025-01-10T08:00:00Z,14,84,3.9
0060,2025-01-10T09:00:00Z,14,84,4.9
0060,2025-01-10T10:00:00Z,14,84,4.9
0060,2025-01-10T11:00:00Z,14,85,4.3
0060,2025-01-10T12:00:00Z,14.4,84,4.7
0060,2025-01-10T13:00:00Z,15.4,81,5.2
0060,2025-01-10T14:00:00Z,17.1,78,5.2
0060,2025-01-10T15:00:00Z,19,76,4.3
0060,2025-01-10T16:00:00Z,21.4,73,5
0060,2025-01-10T17:00:00Z,23.7,70,6.6
0060,2025-01-10T18:00:00Z,25.3,64,7.6
0060,2025-01-10T19:00:00Z,25.3,63,8.7
0060,2025-01-10T20:00:00Z,25.2,66,5.6
0060,2025-01-10T21:00:00Z,25,67,5.8
0060,2025-01-10T22:00:00Z,24.6,68,5.2
0060,2025-01-10T23:00:00Z,23.5,76,5.6
0060,2025-01-11T00:00:00Z,23.7,73,6.4
0060,2025-01-11T01:00:00Z,23.5,75,8.2
0060,2025-01-11T02:00:00Z,22.1,89,8
0060,2025-01-11T03:00:00Z,21.9,92,7.2
0060,2025-01-11T04:00:00Z,22.1,91,5.6
0060,2025-01-11T05:00:00Z,21.9,93,5.2
0060,2025-01-11T06:00:00Z,21.7,92,4.1
0060,2025-01-11T07:00:00Z,21.6,92,3.5
0060,2025-01-11T08:00:00Z,21.7,89,3.5
0060,2025-01-11T09:00:00Z,21.4,89,3.7
0060,2025-01-11T10:00:00Z,21.6,90,3.9
0060,2025-01-11T11:00:00Z,21.7,90,3.9
0060,2025-01-11T12:00:00Z,21.7,91,4.1
0060,2025-01-11T13:00:00Z,22.5,92,3.7
0060,2025-01-11T14:00:00Z,23.5,90,4.1
0060,2025-01-11T15:00:00Z,24.6,90,4.7
0060,2025-01-11T16:00:00Z,25.7,90,5
0060,2025-01-11T17:00:00Z,27.3,89,7.2
0060,2025-01-11T18:00:00Z,28.4,88,8.5
0060,2025-01-11T19:00:00Z,29.3,87,8.2
0060,2025-01-11T20:00:00Z,29.8,86,8.4
0060,2025-01-11T21:00:00Z,30.6,84,8.2
0060,2025-01-11T22:00:00Z,31.1,82,6.4
0060,2025-01-11T23:00:00Z,31.3,81,5
0060,2025-01-12T00:00:00Z,30.2,81,3.9
0060,2025-01-12T01:00:00Z,28.4,84,3.7
0060,2025-01-12T02:00:00Z,26.8,86,4.1
0060,2025-01-12T03:00:00Z,25.7,88,4.3
0060,2025-01-12T04:00:00Z,25,90,3.9
0060,2025-01-12T05:00:00Z,24.4,90,2.9
0060,2025-01-12T06:00:00Z,24.3,90,3.9
0060,2025-01-12T07:00:00Z,24.6,88,3.7
0060,2025-01-12T08:00:00Z,25.2,86,3.1
0060,2025-01-12T09:00:00Z,25.3,85,2.5
0060,2025-01-12T10:00:00Z,25,85,1.9
0060,2025-01-12T11:00:00Z,24.4,87,4.1
0060,2025-01-12T12:00:00Z,24.3,89,5.4
0060,2025-01-12T13:00:00Z,24.8,88,6
0060,2025-01-12T14:00:00Z,26.2,85,6.6
0060,2025-01-12T15:00:00Z,28.2,81,7.6
0060,2025-01-12T16:00:00Z,28.6,80,9.5
0060,2025-01-12T17:00:00Z,30.9,76,8.4
0060,2025-01-12T18:00:00Z,32.9,70,12.2
0060,2025-01-12T19:00:00Z,33.6,66,11.8
0060,2025-01-12T20:00:00Z,33.1,68,12.6
0060,2025-01-12T21:00:00Z,32.4,71,12
0060,2025-01-12T22:00:00Z,32,71,12.2
0060,2025-01-12T23:00:00Z,32,72,11.1
0060,2025-01-13T00:00:00Z,32.7,71,11.3
0060,2025-01-13T01:00:00Z,33.8,71,11.3
0060,2025-01-13T02:00:00Z,34.2,71,10.9
0060,2025-01-13T03:00:00Z,34.7,73,9.1
0060,2025-01-13T04:00:00Z,35.2,74,7.4
0060,2025-01-13T05:00:00Z,36.1,75,7.8
0060,2025-01-13T06:00:00Z,35.8,65,14.4
0060,2025-01-13T07:00:00Z,33.3,65,12
0060,2025-01-13T08:00:00Z,31.6,67,12.2
0060,2025-01-13T09:00:00Z,30.2,65,12.4
0060,2025-01-13T10:00:00Z,28.9,67,11.7
0060,2025-01-13T11:00:00Z,27.9,70,9.3
0060,2025-01-13T12:00:00Z,26.6,70,11.3
0060,2025-01-13T13:00:00Z,26.1,71,10.7
0060,2025-01-13T14:00:00Z,25.7,71,10.1
0060,2025-01-13T15:00:00Z,25.5,71,11.1
0060,2025-01-13T16:00:00Z,25.7,69,11.5
0060,2025-01-13T17:00:00Z,25.7,67,10.5
0060,2025-01-13T18:00:00Z,26.4,62,11.7
0060,2025-01-13T19:00:00Z,25.5,59,11.5
0060,2025-01-13T20:00:00Z,24.3,58,11.5
0060,2025-01-13T21:00:00Z,22.6,61,9.9
0060,2025-01-13T22:00:00Z,20.1,65,9.5
0060,2025-01-13T23:00:00Z,18.7,68,9.1
0060,2025-01-14T00:00:00Z,17.8,71,10.3
0060,2025-01-14T01:00:00Z,16.9,72,10.5
0060,2025-01-14T02:00:00Z,16.3,72,8.7
0060,2025-01-14T03:00:00Z,16.5,71,8
0060,2025-01-14T04:00:00Z,15.4,71,6.8
0060,2025-01-14T05:00:00Z,14.2,72,6.4
0060,2025-01-14T06:00:00Z,14,73,7.2
0060,2025-01-14T07:00:00Z,14,73,6.8
0060,2025-01-14T08:00:00Z,14,74,7.4
0060,2025-01-14T09:00:00Z,14,75,6.8
0060,2025-01-14T10:00:00Z,14,76,9.1
0060,2025-01-14T11:00:00Z,14,76,11.1
0060,2025-01-14T12:00:00Z,14,77,10.3
0060,2025-01-14T13:00:00Z,14,76,8.7
0060,2025-01-14T14:00:00Z,14.9,73,8.2
0060,2025-01-14T15:00:00Z,16,72,8.5
0060,2025-01-14T16:00:00Z,17.2,76,9.1
0060,2025-01-14T17:00:00Z,18.1,79,8.4
0060,2025-01-14T18:00:00Z,18.1,81,7.2
0060,2025-01-14T19:00:00Z,17.8,85,7.2
0060,2025-01-14T20:00:00Z,18.3,88,5
0060,2025-01-14T21:00:00Z,18.5,85,5.8
0060,2025-01-14T22:00:00Z,18.1,88,5.2
0060,2025-01-14T23:00:00Z,20.3,71,6.6
0060,2025-01-15T00:00:00Z,20.1,67,8.4
0060,2025-01-15T01:00:00Z,19.2,67,7.4
0060,2025-01-15T02:00:00Z,17.8,66,8.4
0060,2025-01-15T03:00:00Z,18,67,8
0060,2025-01-15T04:00:00Z,17.4,70,6.6
0060,2025-01-15T05:00:00Z,14.2,75,6.4
0060,2025-01-15T06:00:00Z,14,76,5.8
0060,2025-01-15T07:00:00Z,14,75,5.4
0060,2025-01-15T08:00:00Z,14,77,5
0060,2025-01-15T09:00:00Z,14,81,5.2
0060,2025-01-15T10:00:00Z,14,84,5.6
0060,2025-01-15T11:00:00Z,14,86,5.8
0060,2025-01-15T12:00:00Z,14,86,6
0060,2025-01-15T13:00:00Z,14,86,5.8
0060,2025-01-15T14:00:00Z,14.2,84,5.8
0060,2025-01-15T15:00:00Z,17.1,78,5.2
0060,2025-01-15T16:00:00Z,20.1,70,7.4
0060,2025-01-15T17:00:00Z,21.4,66,9.3
0060,2025-01-15T18:00:00Z,23,58,10.9
0060,2025-01-15T19:00:00Z,23.9,55,9.3
0060,2025-01-15T20:00:00Z,23.7,58,10.1
0060,2025-01-15T21:00:00Z,22.1,61,10.1
0060,2025-01-15T22:00:00Z,20.3,66,9.3
0060,2025-01-15T23:00:00Z,19.2,69,8.7
0060,2025-01-16T00:00:00Z,18.5,71,7.8
0060,2025-01-16T01:00:00Z,17.8,73,8
0060,2025-01-16T02:00:00Z,17.2,72,8
0060,2025-01-16T03:00:00Z,17.2,72,8.2
0060,2025-01-16T04:00:00Z,17.6,71,9.1
0060,2025-01-16T05:00:00Z,19.2,65,9.1
0060,2025-01-16T06:00:00Z,19.9,65,8
0060,2025-01-16T07:00:00Z,20.7,63,9.1
0060,2025-01-16T08:00:00Z,21,63,9.1
0060,2025-01-16T09:00:00Z,19.8,83,9.1
0060,2025-01-16T10:00:00Z,19.4,91,8.9
0060,2025-01-16T11:00:00Z,19.8,92,8.5
0060,2025-01-16T12:00:00Z,20.3,93,8.4
0060,2025-01-16T13:00:00Z,21,93,8.5
0060,2025-01-16T14:00:00Z,21.9,94,7.6
0060,2025-01-16T15:00:00Z,23.2,89,7.8
0060,2025-01-16T16:00:00Z,23.9,86,8
0060,2025-01-16T17:00:00Z,25,86,6.8
0060,2025-01-16T18:00:00Z,25.7,83,8.2
0060,2025-01-16T19:00:00Z,26.1,83,7.4
0060,2025-01-16T20:00:00Z,26.1,88,6.8
0060,2025-01-16T21:00:00Z,26.4,87,7.8
0060,2025-01-16T22:00:00Z,27,88,8.7
0060,2025-01-16T23:00:00Z,27.7,89,6.8
0060,2025-01-17T00:00:00Z,28.4,89,6.6
0060,2025-01-17T01:00:00Z,29.1,91,6
0060,2025-01-17T02:00:00Z,30,89,6
0060,2025-01-17T03:00:00Z,30.6,88,5.6
0060,2025-01-17T04:00:00Z,30.9,88,5.2
0060,2025-01-17T05:00:00Z,31.5,87,5.2
0060,2025-01-17T06:00:00Z,31.3,88,4.7
0060,2025-01-17T07:00:00Z,31.3,87,4.9
0060,2025-01-17T08:00:00Z,31.6,86,6
0060,2025-01-17T09:00:00Z,31.6,86,5.4
0060,2025-01-17T10:00:00Z,31.8,86,5.8
0060,2025-01-17T11:00:00Z,31.8,86,5.6
0060,2025-01-17T12:00:00Z,32,85,6.6
0060,2025-01-17T13:00:00Z,32.4,84,6.8
0060,2025-01-17T14:00:00Z,33.3,81,7.6
0060,2025-01-17T15:00:00Z,35.4,74,7.6
0060,2025-01-17T16:00:00Z,36.9,69,8.5
0060,2025-01-17T17:00:00Z,38.3,61,11.3
0060,2025-01-17T18:00:00Z,39,60,10.5
0060,2025-01-17T19:00:00Z,39.6,60,12.2
0060,2025-01-17T20:00:00Z,40.5,56,12.8
0060,2025-01-17T21:00:00Z,39.9,56,12.6
0060,2025-01-17T22:00:00Z,38.5,60,12.6
0060,2025-01-17T23:00:00Z,37.8,62,12.4
0060,2025-01-18T00:00:00Z,37.4,63,14
0060,2025-01-18T01:00:00Z,37.6,63,14.4
0060,2025-01-18T02:00:00Z,37.8,63,15.7
0060,2025-01-18T03:00:00Z,37.9,63,13
0060,2025-01-18T04:00:00Z,37.9,61,11.1
0060,2025-01-18T05:00:00Z,38.8,58,10.9
0060,2025-01-18T06:00:00Z,39.2,58,10.5
0060,2025-01-18T07:00:00Z,40.5,56,8.9
0060,2025-01-18T08:00:00Z,40.8,62,9.5
0060,2025-01-18T09:00:00Z,38.3,84,6.6
0060,2025-01-18T10:00:00Z,38.1,87,8
0060,2025-01-18T11:00:00Z,37.8,88,9.1
0060,2025-01-18T12:00:00Z,36.7,91,9.1
0060,2025-01-18T13:00:00Z,36.1,94,8.7
0060,2025-01-18T14:00:00Z,35.1,95,8.4
0060,2025-01-18T15:00:00Z,35.8,95,8
0060,2025-01-18T16:00:00Z,36.9,93,7.6
0060,2025-01-18T17:00:00Z,36.7,94,6.4
0060,2025-01-18T18:00:00Z,35.6,95,7.4
0060,2025-01-18T19:00:00Z,32.9,95,10.9
0060,2025-01-18T20:00:00Z,31.3,90,12.4
0060,2025-01-18T21:00:00Z,30.6,84,10.3
0060,2025-01-18T22:00:00Z,30,80,10.9
0060,2025-01-18T23:00:00Z,29.1,77,11.3
0060,2025-01-19T00:00:00Z,28.4,74,9.9
0060,2025-01-19T01:00:00Z,28,73,8.5
0060,2025-01-19T02:00:00Z,27.5,68,8.4
0060,2025-01-19T03:00:00Z,27.3,66,7.8
0060,2025-01-19T04:00:00Z,27.1,67,6.6
0060,2025-01-19T05:00:00Z,26.8,67,6.8
0060,2025-01-19T06:00:00Z,26.6,66,5.8
0060,2025-01-19T07:00:00Z,26.4,63,5.8
0060,2025-01-19T08:00:00Z,26.2,65,6.2
0060,2025-01-19T09:00:00Z,26.1,70,6.4
0060,2025-01-19T10:00:00Z,25.5,74,7.4
0060,2025-01-19T11:00:00Z,25.5,76,7.8
0060,2025-01-19T12:00:00Z,25.3,77,7.2
0060,2025-01-19T13:00:00Z,25.5,78,7
0060,2025-01-19T14:00:00Z,25.5,81,8.2
0060,2025-01-19T15:00:00Z,25,85,8.9
0060,2025-01-19T16:00:00Z,24.6,83,10.3
0060,2025-01-19T17:00:00Z,23.5,90,8.7
0060,2025-01-19T18:00:00Z,23.4,88,9.1
0060,2025-01-19T19:00:00Z,23.4,84,7
0060,2025-01-19T20:00:00Z,23,84,6.8
0060,2025-01-19T21:00:00Z,22.1,79,7.4
0060,2025-01-19T22:00:00Z,21.4,85,6
0060,2025-01-19T23:00:00Z,21.2,89,5.4
0060,2025-01-20T00:00:00Z,20.8,88,7
0060,2025-01-20T01:00:00Z,19.9,85,8.2
0060,2025-01-20T02:00:00Z,19.2,81,6.4
0060,2025-01-20T03:00:00Z,18.7,73,7.8
0060,2025-01-20T04:00:00Z,18,68,7.6
0060,2025-01-20T05:00:00Z,16.9,67,8.9
0060,2025-01-20T06:00:00Z,15.6,64,12.2
0060,2025-01-20T07:00:00Z,14.4,62,13.4
0060,2025-01-20T08:00:00Z,14,57,12.6
0060,2025-01-20T09:00:00Z,14,55,13
0060,2025-01-20T10:00:00Z,14,60,12.6
0060,2025-01-20T11:00:00Z,14,76,9.3
0060,2025-01-20T12:00:00Z,14,81,8
0060,2025-01-20T13:00:00Z,14,76,8.5
0060,2025-01-20T14:00:00Z,14,71,8.9
0060,2025-01-20T15:00:00Z,14,67,9.1
0060,2025-01-20T16:00:00Z,14,62,9.1
0060,2025-01-20T17:00:00Z,14,58,10.1
0060,2025-01-20T18:00:00Z,14,53,10.9
0060,2025-01-20T19:00:00Z,14,51,11.7
0060,2025-01-20T20:00:00Z,14,51,11.1
0060,2025-01-20T21:00:00Z,14,52,11.5
0060,2025-01-20T22:00:00Z,14,54,10.3
0060,2025-01-20T23:00:00Z,14,56,9.5
0060,2025-01-21T00:00:00Z,14,60,8.4
0060,2025-01-21T01:00:00Z,14,63,8.7
0060,2025-01-21T02:00:00Z,14,64,8.2
0060,2025-01-21T03:00:00Z,14,63,9.5
0060,2025-01-21T04:00:00Z,14,62,10.3
0060,2025-01-21T05:00:00Z,14,61,10.3
0060,2025-01-21T06:00:00Z,14,62,9.9
0060,2025-01-21T07:00:00Z,14,64,7.8
0060,2025-01-21T08:00:00Z,14,66,5.6
0060,2025-01-21T09:00:00Z,14,67,6.2
0060,2025-01-21T10:00:00Z,14,67,8
0060,2025-01-21T11:00:00Z,14,67,6.6
0060,2025-01-21T12:00:00Z,14,66,6.6
0060,2025-01-21T13:00:00Z,14,70,7
0060,2025-01-21T14:00:00Z,14,64,7.6
0060,2025-01-21T15:00:00Z,14,70,9.9
0060,2025-01-21T16:00:00Z,14,67,10.9
0060,2025-01-21T17:00:00Z,14,68,8.5
0060,2025-01-21T18:00:00Z,14,58,9.9
0060,2025-01-21T19:00:00Z,14,59,10.3
0060,2025-01-21T20:00:00Z,14,56,11.1
0060,2025-01-21T21:00:00Z,14,50,12.8
0060,2025-01-21T22:00:00Z,14,47,9.5
0060,2025-01-21T23:00:00Z,14,54,8.5
0060,2025-01-22T00:00:00Z,14,57,8.4
0060,2025-01-22T01:00:00Z,14,59,7
0060,2025-01-22T02:00:00Z,14,60,6.6
0060,2025-01-22T03:00:00Z,14,62,7
0060,2025-01-22T04:00:00Z,14,64,6.4
0060,2025-01-22T05:00:00Z,14,64,5.4
0060,2025-01-22T06:00:00Z,14,66,5.4
0060,2025-01-22T07:00:00Z,14,68,5
0060,2025-01-22T08:00:00Z,14,68,4.9
0060,2025-01-22T09:00:00Z,14,70,5.2
0060,2025-01-22T10:00:00Z,14,71,5.2
0060,2025-01-22T11:00:00Z,14,74,6.2
0060,2025-01-22T12:00:00Z,14,79,6.6
0060,2025-01-22T13:00:00Z,14,78,6.6
0060,2025-01-22T14:00:00Z,14,67,8.2
0060,2025-01-22T15:00:00Z,14,53,10.1
0060,2025-01-22T16:00:00Z,14,50,10.9
0060,2025-01-22T17:00:00Z,14,48,10.3
0060,2025-01-22T18:00:00Z,14,47,9.7
0060,2025-01-22T19:00:00Z,14,48,10.1
0060,2025-01-22T20:00:00Z,14,49,11.3
0060,2025-01-22T21:00:00Z,14,48,12.2
0060,2025-01-22T22:00:00Z,14,48,13.6
0060,2025-01-22T23:00:00Z,14,51,13.4
0060,2025-01-23T00:00:00Z,14.4,51,13.4
0060,2025-01-23T01:00:00Z,14.9,52,12.8
0060,2025-01-23T02:00:00Z,15.6,51,12.8
0060,2025-01-23T03:00:00Z,16.3,49,11.5
0060,2025-01-23T04:00:00Z,17.1,51,10.1
0060,2025-01-23T05:00:00Z,16.5,67,7.4
0060,2025-01-23T06:00:00Z,17.4,63,8.4
0060,2025-01-23T07:00:00Z,17.4,77,8
0060,2025-01-23T08:00:00Z,18.7,61,8.4
0060,2025-01-23T09:00:00Z,18.3,58,8
0060,2025-01-23T10:00:00Z,18,59,7.4
0060,2025-01-23T11:00:00Z,18.3,57,7.2
0060,2025-01-23T12:00:00Z,18.3,56,7.8
0060,2025-01-23T13:00:00Z,19.2,55,9.1
0060,2025-01-23T14:00:00Z,19.6,55,9.3
0060,2025-01-23T15:00:00Z,21.4,54,9.5
0060,2025-01-23T16:00:00Z,22.5,58,10.1
0060,2025-01-23T17:00:00Z,24.1,62,10.1
0060,2025-01-23T18:00:00Z,25,68,9.7
0060,2025-01-23T19:00:00Z,24.8,72,9.1
0060,2025-01-23T20:00:00Z,25,74,8.9
0060,2025-01-23T21:00:00Z,25.2,79,8.9
0060,2025-01-23T22:00:00Z,25,88,6.4
0060,2025-01-23T23:00:00Z,25.3,91,5.6
0060,2025-01-24T00:00:00Z,26.1,84,7.2
0060,2025-01-24T01:00:00Z,26.2,71,9.9
0060,2025-01-24T02:00:00Z,25.3,71,11.1
0060,2025-01-24T03:00:00Z,24.3,75,7
0060,2025-01-24T04:00:00Z,22.8,70,8.5
0060,2025-01-24T05:00:00Z,22.1,63,8.7
0060,2025-01-24T06:00:00Z,21.7,65,8.7
0060,2025-01-24T07:00:00Z,20.7,72,6
0060,2025-01-24T08:00:00Z,20.3,74,5.4
0060,2025-01-24T09:00:00Z,20.1,73,5.8
0060,2025-01-24T10:00:00Z,19.9,71,5.6
0060,2025-01-24T11:00:00Z,18.5,78,4.3
0060,2025-01-24T12:00:00Z,17.1,81,4.9
0060,2025-01-24T13:00:00Z,16.3,80,4.7
0060,2025-01-24T14:00:00Z,16.9,83,4.3
0060,2025-01-24T15:00:00Z,18.7,79,3.5
0060,2025-01-24T16:00:00Z,20.5,65,5.8
0060,2025-01-24T17:00:00Z,21,59,7.4
0060,2025-01-24T18:00:00Z,20.8,57,8.2
0060,2025-01-24T19:00:00Z,20.7,58,7
0060,2025-01-24T20:00:00Z,20.7,59,7.2
0060,2025-01-24T21:00:00Z,21,57,5.2
0060,2025-01-24T22:00:00Z,20.3,59,6.8
0060,2025-01-24T23:00:00Z,18.9,63,4.5
0060,2025-01-25T00:00:00Z,17.8,66,4.5
0060,2025-01-25T01:00:00Z,16.7,70,4.3
0060,2025-01-25T02:00:00Z,16.2,72,5.2
0060,2025-01-25T03:00:00Z,15.6,73,5.4
0060,2025-01-25T04:00:00Z,14.9,73,5.8
0060,2025-01-25T05:00:00Z,14.7,72,4.9
0060,2025-01-25T06:00:00Z,15.3,71,5.4
0060,2025-01-25T07:00:00Z,14.4,76,5.8
0060,2025-01-25T08:00:00Z,14.7,77,6.6
0060,2025-01-25T09:00:00Z,15.4,76,6.2
0060,2025-01-25T10:00:00Z,18.7,68,7
0060,2025-01-25T11:00:00Z,20.8,64,8.5
0060,2025-01-25T12:00:00Z,21.2,65,9.5
0060,2025-01-25T13:00:00Z,22.3,63,9.9
0060,2025-01-25T14:00:00Z,23.7,61,9.1
0060,2025-01-25T15:00:00Z,25,61,8.5
0060,2025-01-25T16:00:00Z,26.8,59,8.2
0060,2025-01-25T17:00:00Z,28.6,58,8.4
0060,2025-01-25T18:00:00Z,30.6,58,8.4
0060,2025-01-25T19:00:00Z,32.4,57,9.5
0060,2025-01-25T20:00:00Z,34.2,55,8.5
0060,2025-01-25T21:00:00Z,34.2,57,8.2
0060,2025-01-25T22:00:00Z,32.2,61,8
0060,2025-01-25T23:00:00Z,31.8,64,9.1
0060,2025-01-26T00:00:00Z,32,64,9.5
0060,2025-01-26T01:00:00Z,33.3,62,9.9
0060,2025-01-26T02:00:00Z,33.6,62,9.3
0060,2025-01-26T03:00:00Z,34.2,62,9.7
0060,2025-01-26T04:00:00Z,35.6,61,10.9
0060,2025-01-26T05:00:00Z,35.1,65,9.9
0060,2025-01-26T06:00:00Z,33.8,66,9.3
0060,2025-01-26T07:00:00Z,33.1,66,7.8
0060,2025-01-26T08:00:00Z,32.7,67,8.7
0060,2025-01-26T09:00:00Z,32.4,69,9.1
0060,2025-01-26T10:00:00Z,31.5,72,8
0060,2025-01-26T11:00:00Z,30.7,73,7.6
0060,2025-01-26T12:00:00Z,29.5,75,6.2
0060,2025-01-26T13:00:00Z,28.8,76,5.4
0060,2025-01-26T14:00:00Z,28.9,75,7.4
0060,2025-01-26T15:00:00Z,29.7,73,8
0060,2025-01-26T16:00:00Z,29.7,70,8.4
0060,2025-01-26T17:00:00Z,30.2,69,8.5
0060,2025-01-26T18:00:00Z,30.7,68,8.4
0060,2025-01-26T19:00:00Z,31.5,64,6
0060,2025-01-26T20:00:00Z,31.8,62,8.5
0060,2025-01-26T21:00:00Z,30.9,63,7.8
0060,2025-01-26T22:00:00Z,30,66,6.4
0060,2025-01-26T23:00:00Z,29.5,68,6.6
0060,2025-01-27T00:00:00Z,28.9,70,6.6
0060,2025-01-27T01:00:00Z,28.4,71,7.2
0060,2025-01-27T02:00:00Z,27.5,72,5.6
0060,2025-01-27T03:00:00Z,26.2,74,4.3
0060,2025-01-27T04:00:00Z,24.6,77,4.5
0060,2025-01-27T05:00:00Z,23.5,78,5.6
0060,2025-01-27T06:00:00Z,23,78,6
0060,2025-01-27T07:00:00Z,22.3,79,4.9
0060,2025-01-27T08:00:00Z,21.4,79,5.4
0060,2025-01-27T09:00:00Z,21.2,78,6
0060,2025-01-27T10:00:00Z,21,77,6.8
0060,2025-01-27T11:00:00Z,20.8,74,6.4
0060,2025-01-27T12:00:00Z,20.8,70,8.4
0060,2025-01-27T13:00:00Z,22.3,63,10.5
0060,2025-01-27T14:00:00Z,24.4,55,9.9
0060,2025-01-27T15:00:00Z,26.6,47,10.5
0060,2025-01-27T16:00:00Z,28.6,44,12
0060,2025-01-27T17:00:00Z,30.9,41,12.8
0060,2025-01-27T18:00:00Z,31.8,40,14.6
0060,2025-01-27T19:00:00Z,33.3,37,15.7
0060,2025-01-27T20:00:00Z,34.2,37,15.3
0060,2025-01-27T21:00:00Z,34.2,38,15.7
0060,2025-01-27T22:00:00Z,33.3,39,13.8
0060,2025-01-27T23:00:00Z,32.5,42,13.4
0060,2025-01-28T00:00:00Z,32.7,42,14
0060,2025-01-28T01:00:00Z,32.7,46,14.6
0060,2025-01-28T02:00:00Z,32.9,51,15.7
0060,2025-01-28T03:00:00Z,30.7,75,14.4
0060,2025-01-28T04:00:00Z,30.7,78,12.6
0060,2025-01-28T05:00:00Z,32.4,70,12.6
0060,2025-01-28T06:00:00Z,32.7,71,13.6
0060,2025-01-28T07:00:00Z,33.6,70,12.4
0060,2025-01-28T08:00:00Z,34,70,12.2
0060,2025-01-28T09:00:00Z,34.7,69,9.9
0060,2025-01-28T10:00:00Z,34.2,75,9.1
0060,2025-01-28T11:00:00Z,31.1,78,6.8
0060,2025-01-28T12:00:00Z,28.8,76,8
0060,2025-01-28T13:00:00Z,28.2,68,7.8
0060,2025-01-28T14:00:00Z,28.8,67,4.5
0060,2025-01-28T15:00:00Z,30.6,61,1.9
0060,2025-01-28T16:00:00Z,32.4,61,3.9
0060,2025-01-28T17:00:00Z,33.8,63,6.2
0060,2025-01-28T18:00:00Z,35.8,61,9.9
0060,2025-01-28T19:00:00Z,37.2,55,11.7
0060,2025-01-28T20:00:00Z,37.9,56,10.7
0060,2025-01-28T21:00:00Z,38.7,56,12.4
0060,2025-01-28T22:00:00Z,38.7,56,12.4
0060,2025-01-28T23:00:00Z,39,57,15.1
0060,2025-01-29T00:00:00Z,39.9,59,16.1
0060,2025-01-29T01:00:00Z,40.5,57,15.5
0060,2025-01-29T02:00:00Z,41.2,55,14.4
0060,2025-01-29T03:00:00Z,40.8,58,13
0060,2025-01-29T04:00:00Z,41,59,12.4
0060,2025-01-29T05:00:00Z,40.6,62,10.7
0060,2025-01-29T06:00:00Z,39.6,65,8
0060,2025-01-29T07:00:00Z,38.7,67,7
0060,2025-01-29T08:00:00Z,39,66,7.2
0060,2025-01-29T09:00:00Z,40.3,62,8.9
0060,2025-01-29T10:00:00Z,39.4,65,8.5
0060,2025-01-29T11:00:00Z,39.4,64,10.1
0060,2025-01-29T12:00:00Z,38.8,64,9.7
0060,2025-01-29T13:00:00Z,39,64,10.7
0060,2025-01-29T14:00:00Z,39.9,62,12.2
0060,2025-01-29T15:00:00Z,40.1,62,13.6
0060,2025-01-29T16:00:00Z,39.2,66,12.2
0060,2025-01-29T17:00:00Z,39,67,11.1
0060,2025-01-29T18:00:00Z,37.2,75,8.2
0060,2025-01-29T19:00:00Z,36.3,81,6.2
0060,2025-01-29T20:00:00Z,36.5,79,5
0060,2025-01-29T21:00:00Z,36.3,77,5.8
0060,2025-01-29T22:00:00Z,36,78,4.7
0060,2025-01-29T23:00:00Z,34.2,78,5.4
0060,2025-01-30T00:00:00Z,33.1,74,5.2
0060,2025-01-30T01:00:00Z,31.1,76,5.4
0060,2025-01-30T02:00:00Z,29.5,74,4.7
0060,2025-01-30T03:00:00Z,28.4,73,3.1
0060,2025-01-30T04:00:00Z,27.7,74,2.5
0060,2025-01-30T05:00:00Z,27.7,75,3.5
0060,2025-01-30T06:00:00Z,27.3,77,2.3
0060,2025-01-30T07:00:00Z,28,76,3.5
0060,2025-01-30T08:00:00Z,28.4,77,3.1
0060,2025-01-30T09:00:00Z,28.8,79,3.1
0060,2025-01-30T10:00:00Z,29.3,80,3.5
0060,2025-01-30T11:00:00Z,29.7,81,5.4
0060,2025-01-30T12:00:00Z,29.1,81,3.5
0060,2025-01-30T13:00:00Z,31.3,78,4.7
0060,2025-01-30T14:00:00Z,34.5,72,5.8
0060,2025-01-30T15:00:00Z,37.8,66,4.5
0060,2025-01-30T16:00:00Z,41.7,57,5.2
0060,2025-01-30T17:00:00Z,44.6,49,8.2
0060,2025-01-30T18:00:00Z,45.7,50,9.1
0060,2025-01-30T19:00:00Z,46,51,8.5
0060,2025-01-30T20:00:00Z,45.7,54,9.9
0060,2025-01-30T21:00:00Z,44.8,57,9.3
0060,2025-01-30T22:00:00Z,44.1,58,9.3
0060,2025-01-30T23:00:00Z,43.9,55,9.5
0060,2025-01-31T00:00:00Z,44.2,52,10.9
0060,2025-01-31T01:00:00Z,43.9,53,10.1
0060,2025-01-31T02:00:00Z,44.4,51,8.4
0060,2025-01-31T03:00:00Z,44.8,51,9.3
0060,2025-01-31T04:00:00Z,43.7,59,8.2
0060,2025-01-31T05:00:00Z,42.6,75,9.7
0060,2025-01-31T06:00:00Z,41,86,9.1
0060,2025-01-31T07:00:00Z,40.8,92,9.7
0060,2025-01-31T08:00:00Z,40.8,96,9.3
0060,2025-01-31T09:00:00Z,40.6,98,8
0060,2025-01-31T10:00:00Z,41.2,99,8.4
0060,2025-01-31T11:00:00Z,41,99,6.8
0060,2025-01-31T12:00:00Z,40.6,99,6
0060,2025-01-31T13:00:00Z,40.8,100,3.9
0060,2025-01-31T14:00:00Z,41.5,99,6.6
0060,2025-01-31T15:00:00Z,41.9,99,4.9
0060,2025-01-31T16:00:00Z,42.1,99,4.7
0060,2025-01-31T17:00:00Z,42.8,98,3.9
0060,2025-01-31T18:00:00Z,43.3,98,3.7
0060,2025-01-31T19:00:00Z,43.3,99,1.4
0060,2025-01-31T20:00:00Z,42.3,99,5.8
0060,2025-01-31T21:00:00Z,38.5,100,6.6
0060,2025-01-31T22:00:00Z,36.7,100,7.8
0060,2025-01-31T23:00:00Z,34.5,100,11.3
0060,2025-02-01T00:00:00Z,33.8,100,9.9
0060,2025-02-01T01:00:00Z,32.9,100,9.5
0060,2025-02-01T02:00:00Z,32.5,100,10.1
0060,2025-02-01T03:00:00Z,32,100,11.1
0060,2025-02-01T04:00:00Z,30.4,94,13.4
0060,2025-02-01T05:00:00Z,29.8,90,13
0060,2025-02-01T06:00:00Z,28.9,85,13
0060,2025-02-01T07:00:00Z,28,79,12
0060,2025-02-01T08:00:00Z,27.1,78,11.5
0060,2025-02-01T09:00:00Z,26.1,76,10.7
0060,2025-02-01T10:00:00Z,25.3,74,10.3
0060,2025-02-01T11:00:00Z,25,78,8
0060,2025-02-01T12:00:00Z,23.5,75,8.7
0060,2025-02-01T13:00:00Z,23.7,74,6
0060,2025-02-01T14:00:00Z,24.3,71,6
0060,2025-02-01T15:00:00Z,25,68,6.2
0060,2025-02-01T16:00:00Z,25.5,64,6.6
0060,2025-02-01T17:00:00Z,25.3,67,7.8
0060,2025-02-01T18:00:00Z,25,68,8.5
0060,2025-02-01T19:00:00Z,25.2,68,8
0060,2025-02-01T20:00:00Z,24.8,69,8.4
0060,2025-02-01T21:00:00Z,25.2,69,8.2
0060,2025-02-01T22:00:00Z,24.6,67,7.8
0060,2025-02-01T23:00:00Z,23.5,68,6.4
0060,2025-02-02T00:00:00Z,23,67,6.2
0060,2025-02-02T01:00:00Z,22.8,67,5.4
0060,2025-02-02T02:00:00Z,22.8,66,5
0060,2025-02-02T03:00:00Z,22.6,66,3.7
0060,2025-02-02T04:00:00Z,22.5,67,4.3
0060,2025-02-02T05:00:00Z,22.3,66,5.6
0060,2025-02-02T06:00:00Z,22.5,63,6
0060,2025-02-02T07:00:00Z,22.6,62,5
0060,2025-02-02T08:00:00Z,23,62,6
0060,2025-02-02T09:00:00Z,23.5,61,7
0060,2025-02-02T10:00:00Z,24.1,61,7.6
0060,2025-02-02T11:00:00Z,24.4,61,9.3
0060,2025-02-02T12:00:00Z,25.3,60,9.1
0060,2025-02-02T13:00:00Z,26.4,60,8.9
0060,2025-02-02T14:00:00Z,28,60,12.4
0060,2025-02-02T15:00:00Z,30,61,11.8
0060,2025-02-02T16:00:00Z,32.5,65,9.5
0060,2025-02-02T17:00:00Z,34.7,77,7.6
0060,2025-02-02T18:00:00Z,33.8,91,7.2
0060,2025-02-02T19:00:00Z,34.5,97,5.8
0060,2025-02-02T20:00:00Z,35.2,97,5.4
0060,2025-02-02T21:00:00Z,35.6,96,4.9
0060,2025-02-02T22:00:00Z,36.1,95,4.5
0060,2025-02-02T23:00:00Z,36.7,96,4.5
0060,2025-02-03T00:00:00Z,37,97,4.7
0060,2025-02-03T01:00:00Z,37.2,97,3.3
0060,2025-02-03T02:00:00Z,37.2,98,2.7
0060,2025-02-03T03:00:00Z,37.4,99,2.3
0060,2025-02-03T04:00:00Z,37.4,99,1.9
0060,2025-02-03T05:00:00Z,37.6,100,2.7
0060,2025-02-03T06:00:00Z,37.4,100,3.9
0060,2025-02-03T07:00:00Z,37.4,100,3.7
0060,2025-02-03T08:00:00Z,37.8,100,4.7
0060,2025-02-03T09:00:00Z,38.5,99,6.8
0060,2025-02-03T10:00:00Z,38.8,98,6.6
0060,2025-02-03T11:00:00Z,39,97,8
0060,2025-02-03T12:00:00Z,39.7,95,8.9
0060,2025-02-03T13:00:00Z,40.3,93,8.9
0060,2025-02-03T14:00:00Z,41.5,90,8.4
0060,2025-02-03T15:00:00Z,44.1,87,7.6
0060,2025-02-03T16:00:00Z,47.5,81,6.4
0060,2025-02-03T17:00:00Z,51.6,72,7.4
0060,2025-02-03T18:00:00Z,53.4,69,7.4
0060,2025-02-03T19:00:00Z,53.4,68,7.4
0060,2025-02-03T20:00:00Z,53.8,69,7.4
0060,2025-02-03T21:00:00Z,53.4,71,5
0060,2025-02-03T22:00:00Z,52.5,74,2.3
0060,2025-02-03T23:00:00Z,48,79,5.8
0060,2025-02-04T00:00:00Z,37.8,95,8.9
0060,2025-02-04T01:00:00Z,36,98,7.6
0060,2025-02-04T02:00:00Z,34.2,100,9.5
0060,2025-02-04T03:00:00Z,33.6,100,8.7
0060,2025-02-04T04:00:00Z,33.1,100,9.3
0060,2025-02-04T05:00:00Z,32.7,100,9.1
0060,2025-02-04T06:00:00Z,32.7,100,9.3
0060,2025-02-04T07:00:00Z,32.5,100,7.4
0060,2025-02-04T08:00:00Z,32.5,98,7.2
0060,2025-02-04T09:00:00Z,32,94,8.5
0060,2025-02-04T10:00:00Z,31.1,89,8.2
0060,2025-02-04T11:00:00Z,30.6,89,7.8
0060,2025-02-04T12:00:00Z,31.6,87,6.2
0060,2025-02-04T13:00:00Z,30.6,83,10.9
0060,2025-02-04T14:00:00Z,NA,NA,NA
0060,2025-02-04T15:00:00Z,NA,NA,NA
0060,2025-02-04T16:00:00Z,NA,NA,NA
0060,2025-02-04T17:00:00Z,29.7,74,6.8
0060,2025-02-04T18:00:00Z,29.3,75,8.7
0060,2025-02-04T19:00:00Z,28.2,77,8.9
0060,2025-02-04T20:00:00Z,28,72,8.2
0060,2025-02-04T21:00:00Z,27.9,71,8
0060,2025-02-04T22:00:00Z,27.1,72,7.8
0060,2025-02-04T23:00:00Z,26.6,68,7.4
0060,2025-02-05T00:00:00Z,26.8,67,6
0060,2025-02-05T01:00:00Z,26.4,70,7.2
0060,2025-02-05T02:00:00Z,25.9,70,7
0060,2025-02-05T03:00:00Z,25.2,70,7
0060,2025-02-05T04:00:00Z,24.8,70,6.8
0060,2025-02-05T05:00:00Z,24.6,72,6.2
0060,2025-02-05T06:00:00Z,24.4,73,7.2
0060,2025-02-05T07:00:00Z,24.3,74,7
0060,2025-02-05T08:00:00Z,24.3,75,6.4
0060,2025-02-05T09:00:00Z,24.3,75,4.7
0060,2025-02-05T10:00:00Z,24.1,74,4.9
0060,2025-02-05T11:00:00Z,24.3,75,4.7
0060,2025-02-05T12:00:00Z,24.3,74,4.3
0060,2025-02-05T13:00:00Z,24.6,71,4.9
0060,2025-02-05T14:00:00Z,25.3,67,5.8
0060,2025-02-05T15:00:00Z,26.2,63,5.8
0060,2025-02-05T16:00:00Z,27.1,61,4.7
0060,2025-02-05T17:00:00Z,27.7,60,4.9
0060,2025-02-05T18:00:00Z,28.4,59,4.7
0060,2025-02-05T19:00:00Z,28.9,57,4.5
0060,2025-02-05T20:00:00Z,29.3,57,4.3
0060,2025-02-05T21:00:00Z,29.8,55,5.6
0060,2025-02-05T22:00:00Z,30,54,5.2
0060,2025-02-05T23:00:00Z,29.3,57,5
0060,2025-02-06T00:00:00Z,28.9,60,5.4
0060,2025-02-06T01:00:00Z,29.3,60,5.6
0060,2025-02-06T02:00:00Z,30,57,5.8
0060,2025-02-06T03:00:00Z,30.9,54,6
0060,2025-02-06T04:00:00Z,31.5,56,6.6
0060,2025-02-06T05:00:00Z,30.9,68,5.4
0060,2025-02-06T06:00:00Z,30.4,86,7
0060,2025-02-06T07:00:00Z,30.9,92,3.5
0060,2025-02-06T08:00:00Z,31.6,93,3.5
0060,2025-02-06T09:00:00Z,32.2,95,5.8
0060,2025-02-06T10:00:00Z,32.5,97,6.8
0060,2025-02-06T11:00:00Z,33.1,98,5
0060,2025-02-06T12:00:00Z,33.6,99,3.3
0060,2025-02-06T13:00:00Z,34.5,98,4.7
0060,2025-02-06T14:00:00Z,34.9,98,6.4
0060,2025-02-06T15:00:00Z,35.6,95,7.8
0060,2025-02-06T16:00:00Z,36.1,89,9.1
0060,2025-02-06T17:00:00Z,36,88,7.8
0060,2025-02-06T18:00:00Z,36.1,89,8.7
0060,2025-02-06T19:00:00Z,35.8,90,9.1
0060,2025-02-06T20:00:00Z,35.4,89,8.9
0060,2025-02-06T21:00:00Z,35.4,89,9.9
0060,2025-02-06T22:00:00Z,34.9,89,11.7
0060,2025-02-06T23:00:00Z,34.5,85,9.9
0060,2025-02-07T00:00:00Z,34.2,82,10.1
0060,2025-02-07T01:00:00Z,33.8,81,10.9
0060,2025-02-07T02:00:00Z,34,77,11.1
0060,2025-02-07T03:00:00Z,34.3,72,11.1
0060,2025-02-07T04:00:00Z,34.9,65,11.7
0060,2025-02-07T05:00:00Z,35.2,58,14.6
0060,2025-02-07T06:00:00Z,34.5,60,13.8
0060,2025-02-07T07:00:00Z,33.6,61,12
0060,2025-02-07T08:00:00Z,32.5,59,13.4
0060,2025-02-07T09:00:00Z,30.4,59,10.5
0060,2025-02-07T10:00:00Z,28.2,58,9.1
0060,2025-02-07T11:00:00Z,26.2,61,7.8
0060,2025-02-07T12:00:00Z,24.4,61,7.2
0060,2025-02-07T13:00:00Z,23.7,62,6.6
0060,2025-02-07T14:00:00Z,23.7,61,7.4
0060,2025-02-07T15:00:00Z,23.5,61,10.1
0060,2025-02-07T16:00:00Z,23,62,10.7
0060,2025-02-07T17:00:00Z,22.8,63,10.1
0060,2025-02-07T18:00:00Z,23,63,10.3
0060,2025-02-07T19:00:00Z,22.8,62,10.1
0060,2025-02-07T20:00:00Z,23.7,64,8.7
0060,2025-02-07T21:00:00Z,24.3,65,5.2
0060,2025-02-07T22:00:00Z,24.8,67,1.7
0060,2025-02-07T23:00:00Z,23.7,72,1.6
0060,2025-02-08T00:00:00Z,23,75,0.4
0060,2025-02-08T01:00:00Z,23,76,1.9
0060,2025-02-08T02:00:00Z,22.8,77,2.5
0060,2025-02-08T03:00:00Z,22.8,75,2.3
0060,2025-02-08T04:00:00Z,22.5,77,1.2
0060,2025-02-08T05:00:00Z,22.1,79,2.1
0060,2025-02-08T06:00:00Z,22.1,80,2.3
0060,2025-02-08T07:00:00Z,22.1,81,2.1
0060,2025-02-08T08:00:00Z,22.3,81,2.1
0060,2025-02-08T09:00:00Z,22.5,81,2.3
0060,2025-02-08T10:00:00Z,22.1,84,1.9
0060,2025-02-08T11:00:00Z,22.6,83,3.3
0060,2025-02-08T12:00:00Z,23.4,77,5.6
0060,2025-02-08T13:00:00Z,24.6,72,6.2
0060,2025-02-08T14:00:00Z,26.2,65,6.6
0060,2025-02-08T15:00:00Z,28,58,8.2
0060,2025-02-08T16:00:00Z,29.5,54,7.8
0060,2025-02-08T17:00:00Z,30.4,52,6.8
0060,2025-02-08T18:00:00Z,32.2,46,6.8
0060,2025-02-08T19:00:00Z,33.1,44,6.4
0060,2025-02-08T20:00:00Z,30.2,70,4.7
0060,2025-02-08T21:00:00Z,28,94,5.6
0060,2025-02-08T22:00:00Z,28.2,94,5.2
0060,2025-02-08T23:00:00Z,28,96,4.1
0060,2025-02-09T00:00:00Z,27.9,96,6.2
0060,2025-02-09T01:00:00Z,27.9,97,6.8
0060,2025-02-09T02:00:00Z,27.9,97,5
0060,2025-02-09T03:00:00Z,28,96,6.2
0060,2025-02-09T04:00:00Z,28,96,7.2
0060,2025-02-09T05:00:00Z,27.9,95,6.8
0060,2025-02-09T06:00:00Z,26.8,97,7.4
0060,2025-02-09T07:00:00Z,27.1,94,8.7
0060,2025-02-09T08:00:00Z,27.3,91,10.1
0060,2025-02-09T09:00:00Z,27.9,91,10.3
0060,2025-02-09T10:00:00Z,27.7,93,10.3
0060,2025-02-09T11:00:00Z,28,89,8.7
0060,2025-02-09T12:00:00Z,27.3,86,9.5
0060,2025-02-09T13:00:00Z,27.3,86,8.4
0060,2025-02-09T14:00:00Z,27.9,84,8.2
0060,2025-02-09T15:00:00Z,28,83,8.9
0060,2025-02-09T16:00:00Z,28.4,81,8.5
0060,2025-02-09T17:00:00Z,28.4,81,9.1
0060,2025-02-09T18:00:00Z,28.6,82,8
0060,2025-02-09T19:00:00Z,29.5,79,8.4
0060,2025-02-09T20:00:00Z,29.5,80,7.4
0060,2025-02-09T21:00:00Z,29.7,75,5.4
0060,2025-02-09T22:00:00Z,29.8,74,5.4
0060,2025-02-09T23:00:00Z,30,75,5.2
0060,2025-02-10T00:00:00Z,29.3,77,7.8
0060,2025-02-10T01:00:00Z,28.8,78,6.6
0060,2025-02-10T02:00:00Z,28.2,75,4.9
0060,2025-02-10T03:00:00Z,27.9,73,7.2
0060,2025-02-10T04:00:00Z,27.3,72,5.8
0060,2025-02-10T05:00:00Z,26.6,70,5.8
0060,2025-02-10T06:00:00Z,26.1,66,6
0060,2025-02-10T07:00:00Z,25.3,67,5.6
0060,2025-02-10T08:00:00Z,25,71,4.9
0060,2025-02-10T09:00:00Z,24.1,75,4.7
0060,2025-02-10T10:00:00Z,23.2,77,3.9
0060,2025-02-10T11:00:00Z,23,77,4.3
0060,2025-02-10T12:00:00Z,22.3,78,4.3
0060,2025-02-10T13:00:00Z,23.4,77,3.9
0060,2025-02-10T14:00:00Z,25,69,4.5
0060,2025-02-10T15:00:00Z,26.8,63,4.1
0060,2025-02-10T16:00:00Z,29.7,54,4.1
0060,2025-02-10T17:00:00Z,29.8,57,5.4
0060,2025-02-10T18:00:00Z,30,62,5.8
0060,2025-02-10T19:00:00Z,30.6,65,4.9
0060,2025-02-10T20:00:00Z,30,69,10.3
0060,2025-02-10T21:00:00Z,29.8,73,7.6
0060,2025-02-10T22:00:00Z,28.2,74,6.4
0060,2025-02-10T23:00:00Z,27.7,73,3.9
0060,2025-02-11T00:00:00Z,27.5,72,1.7
0060,2025-02-11T01:00:00Z,26.8,74,1.6
0060,2025-02-11T02:00:00Z,26.8,77,1.7
0060,2025-02-11T03:00:00Z,26.1,78,1
0060,2025-02-11T04:00:00Z,26.1,79,0.8
0060,2025-02-11T05:00:00Z,26.4,79,1.9
0060,2025-02-11T06:00:00Z,25.7,80,1.6
0060,2025-02-11T07:00:00Z,25.3,83,2.1
0060,2025-02-11T08:00:00Z,25,85,1.7
0060,2025-02-11T09:00:00Z,24.6,86,2.1
0060,2025-02-11T10:00:00Z,24.8,85,2.5
0060,2025-02-11T11:00:00Z,25,85,2.9
0060,2025-02-11T12:00:00Z,25.5,85,3.5
0060,2025-02-11T13:00:00Z,26.1,85,3.5
0060,2025-02-11T14:00:00Z,28.2,80,2.5
0060,2025-02-11T15:00:00Z,30.4,68,3.7
0060,2025-02-11T16:00:00Z,32,62,3.9
0060,2025-02-11T17:00:00Z,33.1,62,3.9
0060,2025-02-11T18:00:00Z,32.9,66,3.3
0060,2025-02-11T19:00:00Z,31.3,70,7
0060,2025-02-11T20:00:00Z,29.3,83,9.7
0060,2025-02-11T21:00:00Z,28.9,82,7.4
0060,2025-02-11T22:00:00Z,29.1,78,6.6
0060,2025-02-11T23:00:00Z,26.6,83,8.9
0060,2025-02-12T00:00:00Z,27,77,5.4
0060,2025-02-12T01:00:00Z,26.8,76,5
0060,2025-02-12T02:00:00Z,26.2,76,5
0060,2025-02-12T03:00:00Z,26.2,71,5.4
0060,2025-02-12T04:00:00Z,26.1,70,5.4
0060,2025-02-12T05:00:00Z,25.7,75,6.6
0060,2025-02-12T06:00:00Z,24.8,81,6.4
0060,2025-02-12T07:00:00Z,24.6,84,6.6
0060,2025-02-12T08:00:00Z,24.3,86,8.4
0060,2025-02-12T09:00:00Z,24.3,84,8.2
0060,2025-02-12T10:00:00Z,24.6,83,6.2
0060,2025-02-12T11:00:00Z,25,83,5.2
0060,2025-02-12T12:00:00Z,25.3,82,5.4
0060,2025-02-12T13:00:00Z,26.4,81,5.2
0060,2025-02-12T14:00:00Z,27.7,78,5
0060,2025-02-12T15:00:00Z,30.4,74,4.3
0060,2025-02-12T16:00:00Z,32.2,70,7.4
0060,2025-02-12T17:00:00Z,32.9,71,7
0060,2025-02-12T18:00:00Z,33.3,73,5.8
0060,2025-02-12T19:00:00Z,33.1,80,5
0060,2025-02-12T20:00:00Z,32.7,91,5.8
0060,2025-02-12T21:00:00Z,33.3,91,5.8
0060,2025-02-12T22:00:00Z,33.3,93,4.7
0060,2025-02-12T23:00:00Z,33.8,96,4.3
0060,2025-02-13T00:00:00Z,34.7,95,3.7
0060,2025-02-13T01:00:00Z,35.2,97,8
0060,2025-02-13T02:00:00Z,36,98,11.7
0060,2025-02-13T03:00:00Z,37,99,11.3
0060,2025-02-13T04:00:00Z,38.3,99,10.3
0060,2025-02-13T05:00:00Z,39.4,100,9.7
0060,2025-02-13T06:00:00Z,39.9,100,3.3
0060,2025-02-13T07:00:00Z,36.3,100,9.1
0060,2025-02-13T08:00:00Z,33.8,100,4.9
0060,2025-02-13T09:00:00Z,34.2,100,4.9
0060,2025-02-13T10:00:00Z,32.5,100,9.1
0060,2025-02-13T11:00:00Z,30,100,10.9
0060,2025-02-13T12:00:00Z,29.1,98,10.7
0060,2025-02-13T13:00:00Z,28.2,89,12.8
0060,2025-02-13T14:00:00Z,27.5,85,11.7
0060,2025-02-13T15:00:00Z,27.1,83,12.4
0060,2025-02-13T16:00:00Z,26.4,83,12.4
0060,2025-02-13T17:00:00Z,26.6,83,10.9
0060,2025-02-13T18:00:00Z,27.7,79,10.7
0060,2025-02-13T19:00:00Z,28.6,76,10.5
0060,2025-02-13T20:00:00Z,30.2,73,11.7
0060,2025-02-13T21:00:00Z,30.6,74,9.9
0060,2025-02-13T22:00:00Z,30,79,11.7
0060,2025-02-13T23:00:00Z,29.5,73,12.4
0060,2025-02-14T00:00:00Z,27.1,70,14.6
0060,2025-02-14T01:00:00Z,25.5,63,14.4
0060,2025-02-14T02:00:00Z,23.9,65,14.8
0060,2025-02-14T03:00:00Z,22.3,65,13.2
0060,2025-02-14T04:00:00Z,21.4,65,11.5
0060,2025-02-14T05:00:00Z,21,65,11.1
0060,2025-02-14T06:00:00Z,20.3,66,10.7
0060,2025-02-14T07:00:00Z,19.9,65,9.3
0060,2025-02-14T08:00:00Z,19.4,67,7.4
0060,2025-02-14T09:00:00Z,16.9,73,7
0060,2025-02-14T10:00:00Z,15.6,74,5.8
0060,2025-02-14T11:00:00Z,14.9,75,6
0060,2025-02-14T12:00:00Z,14.5,75,6.2
0060,2025-02-14T13:00:00Z,15.8,72,6.2
0060,2025-02-14T14:00:00Z,17.8,68,4.7
0060,2025-02-14T15:00:00Z,19.2,68,5.4
0060,2025-02-14T16:00:00Z,20.8,64,5.2
0060,2025-02-14T17:00:00Z,21.9,68,4.3
0060,2025-02-14T18:00:00Z,22.5,67,3.9
0060,2025-02-14T19:00:00Z,23.2,68,2.5
0060,2025-02-14T20:00:00Z,24.1,67,3.9
0060,2025-02-14T21:00:00Z,23.2,71,6.4
0060,2025-02-14T22:00:00Z,23.2,73,5.2
0060,2025-02-14T23:00:00Z,23.4,74,3.5
0060,2025-02-15T00:00:00Z,23.9,74,3.1
0060,2025-02-15T01:00:00Z,25.9,61,3.9
0060,2025-02-15T02:00:00Z,26.8,55,4.5
0060,2025-02-15T03:00:00Z,27,55,6.2
0060,2025-02-15T04:00:00Z,27.1,55,5.4
0060,2025-02-15T05:00:00Z,27.7,55,4.3
0060,2025-02-15T06:00:00Z,28.2,55,4.5
0060,2025-02-15T07:00:00Z,28.2,58,6
0060,2025-02-15T08:00:00Z,27.9,69,7
0060,2025-02-15T09:00:00Z,28.4,72,6.6
0060,2025-02-15T10:00:00Z,29.3,72,8.2
0060,2025-02-15T11:00:00Z,30.4,76,11.5
0060,2025-02-15T12:00:00Z,30.4,90,11.3
0060,2025-02-15T13:00:00Z,31.3,96,9.7
0060,2025-02-15T14:00:00Z,32.5,96,11.5
0060,2025-02-15T15:00:00Z,34,97,10.7
0060,2025-02-15T16:00:00Z,34.9,97,11.7
0060,2025-02-15T17:00:00Z,36.1,97,11.3
0060,2025-02-15T18:00:00Z,37.2,95,9.1
0060,2025-02-15T19:00:00Z,37.9,95,9.3
0060,2025-02-15T20:00:00Z,37.8,97,8
0060,2025-02-15T21:00:00Z,37.6,99,6.8
0060,2025-02-15T22:00:00Z,37.4,99,5.6
0060,2025-02-15T23:00:00Z,37.2,100,2.9
0060,2025-02-16T00:00:00Z,37.8,100,1.4
0060,2025-02-16T01:00:00Z,37.6,100,2.1
0060,2025-02-16T02:00:00Z,37.6,100,1.4
0060,2025-02-16T03:00:00Z,37.8,100,2.5
0060,2025-02-16T04:00:00Z,37.8,100,2.1
0060,2025-02-16T05:00:00Z,36.7,100,3.5
0060,2025-02-16T06:00:00Z,36.5,100,2.9
0060,2025-02-16T07:00:00Z,36.1,100,5
0060,2025-02-16T08:00:00Z,35.4,100,6.6
0060,2025-02-16T09:00:00Z,35.6,100,5.6
0060,2025-02-16T10:00:00Z,34.5,100,5.8
0060,2025-02-16T11:00:00Z,32.5,100,10.5
0060,2025-02-16T12:00:00Z,31.8,100,10.3
0060,2025-02-16T13:00:00Z,31.8,100,6.6
0060,2025-02-16T14:00:00Z,31.3,100,7.4
0060,2025-02-16T15:00:00Z,29.8,100,10.1
0060,2025-02-16T16:00:00Z,28.6,100,8.7
0060,2025-02-16T17:00:00Z,27.3,100,7.6
0060,2025-02-16T18:00:00Z,26.6,99,10.3
0060,2025-02-16T19:00:00Z,27.3,94,8.2
0060,2025-02-16T20:00:00Z,28,88,12.6
0060,2025-02-16T21:00:00Z,27,90,15.3
0060,2025-02-16T22:00:00Z,26.2,91,13
0060,2025-02-16T23:00:00Z,25.9,92,11.7
0060,2025-02-17T00:00:00Z,26.1,92,11.3
0060,2025-02-17T01:00:00Z,26.2,85,15.1
0060,2025-02-17T02:00:00Z,25.9,80,14.2
0060,2025-02-17T03:00:00Z,24.8,87,9.9
0060,2025-02-17T04:00:00Z,25,84,15.9
0060,2025-02-17T05:00:00Z,24.4,76,15.3
0060,2025-02-17T06:00:00Z,24.4,69,12.6
0060,2025-02-17T07:00:00Z,24.4,74,11.8
0060,2025-02-17T08:00:00Z,23.2,85,13
0060,2025-02-17T09:00:00Z,22.8,69,14.6
0060,2025-02-17T10:00:00Z,22.1,62,13.2
0060,2025-02-17T11:00:00Z,21.6,66,12
0060,2025-02-17T12:00:00Z,20.7,68,11.8
0060,2025-02-17T13:00:00Z,20.3,68,10.7
0060,2025-02-17T14:00:00Z,19.2,74,10.3
0060,2025-02-17T15:00:00Z,19.9,66,11.1
0060,2025-02-17T16:00:00Z,20.5,62,11.5
0060,2025-02-17T17:00:00Z,19.8,60,13.2
0060,2025-02-17T18:00:00Z,19,59,12.8
0060,2025-02-17T19:00:00Z,18.9,58,12.6
0060,2025-02-17T20:00:00Z,18.1,57,11.1
0060,2025-02-17T21:00:00Z,17.2,58,11.7
0060,2025-02-17T22:00:00Z,16,57,11.5
0060,2025-02-17T23:00:00Z,15.1,58,10.7
0060,2025-02-18T00:00:00Z,14.5,59,9.7
0060,2025-02-18T01:00:00Z,14.2,62,8.2
0060,2025-02-18T02:00:00Z,14,64,10.1
0060,2025-02-18T03:00:00Z,14,74,9.5
0060,2025-02-18T04:00:00Z,14,78,9.3
0060,2025-02-18T05:00:00Z,14,74,8.9
0060,2025-02-18T06:00:00Z,14,77,11.5
0060,2025-02-18T07:00:00Z,14,66,10.5
0060,2025-02-18T08:00:00Z,14,61,8.9
0060,2025-02-18T09:00:00Z,14,63,7.4
0060,2025-02-18T10:00:00Z,14,62,6
0060,2025-02-18T11:00:00Z,14,65,8
0060,2025-02-18T12:00:00Z,14,67,9.5
0060,2025-02-18T13:00:00Z,14,68,9.9
0060,2025-02-18T14:00:00Z,14,68,8.2
0060,2025-02-18T15:00:00Z,14,66,8.2
0060,2025-02-18T16:00:00Z,14,63,9.1
0060,2025-02-18T17:00:00Z,14.7,60,9.1
0060,2025-02-18T18:00:00Z,14.9,59,9.7
0060,2025-02-18T19:00:00Z,15.3,55,9.7
0060,2025-02-18T20:00:00Z,14.9,54,9.7
0060,2025-02-18T21:00:00Z,15.1,52,9.5
0060,2025-02-18T22:00:00Z,14.5,55,8.7
0060,2025-02-18T23:00:00Z,14.2,57,6.6
0060,2025-02-19T00:00:00Z,14.4,60,5.8
0060,2025-02-19T01:00:00Z,14,63,3.3
0060,2025-02-19T02:00:00Z,14,66,3.9
0060,2025-02-19T03:00:00Z,14,66,3.7
0060,2025-02-19T04:00:00Z,14,65,3.9
0060,2025-02-19T05:00:00Z,14,67,3.3
0060,2025-02-19T06:00:00Z,14.2,66,5.6
0060,2025-02-19T07:00:00Z,14,65,5.2
0060,2025-02-19T08:00:00Z,14,64,4.1
0060,2025-02-19T09:00:00Z,14,64,5
0060,2025-02-19T10:00:00Z,14,67,6
0060,2025-02-19T11:00:00Z,14,69,4.7
0060,2025-02-19T12:00:00Z,14,68,3.5
0060,2025-02-19T13:00:00Z,14.5,69,2.5
0060,2025-02-19T14:00:00Z,15.4,68,3.7
0060,2025-02-19T15:00:00Z,16.3,67,5.2
0060,2025-02-19T16:00:00Z,17.2,67,5
0060,2025-02-19T17:00:00Z,17.4,70,6
0060,2025-02-19T18:00:00Z,17.6,71,6.2
0060,2025-02-19T19:00:00Z,18.1,70,4.9
0060,2025-02-19T20:00:00Z,18,75,4.7
0060,2025-02-19T21:00:00Z,17.6,74,4.7
0060,2025-02-19T22:00:00Z,17.4,75,5
0060,2025-02-19T23:00:00Z,17.2,71,5.4
0060,2025-02-20T00:00:00Z,17.2,72,3.7
0060,2025-02-20T01:00:00Z,17.2,74,1.2
0060,2025-02-20T02:00:00Z,17.2,79,1.4
0060,2025-02-20T03:00:00Z,17.1,80,2.7
0060,2025-02-20T04:00:00Z,16.7,83,2.9
0060,2025-02-20T05:00:00Z,16.5,85,3.1
0060,2025-02-20T06:00:00Z,16.5,82,3.3
0060,2025-02-20T07:00:00Z,16,86,3.7
0060,2025-02-20T08:00:00Z,16,88,3.9
0060,2025-02-20T09:00:00Z,16,90,4.9
0060,2025-02-20T10:00:00Z,15.8,89,4.5
0060,2025-02-20T11:00:00Z,15.8,90,5
0060,2025-02-20T12:00:00Z,16,90,5
0060,2025-02-20T13:00:00Z,16.7,90,5.8
0060,2025-02-20T14:00:00Z,17.6,89,6.2
0060,2025-02-20T15:00:00Z,18.5,88,6.8
0060,2025-02-20T16:00:00Z,19.6,87,6.6
0060,2025-02-20T17:00:00Z,19.2,86,8.4
0060,2025-02-20T18:00:00Z,19.4,84,9.7
0060,2025-02-20T19:00:00Z,19.6,84,10.5
0060,2025-02-20T20:00:00Z,19.8,83,10.9
0060,2025-02-20T21:00:00Z,19.8,84,9.5
0060,2025-02-20T22:00:00Z,20.1,81,8.2
0060,2025-02-20T23:00:00Z,19.8,82,7.2
0060,2025-02-21T00:00:00Z,20.3,84,6.8
0060,2025-02-21T01:00:00Z,20.8,86,8
0060,2025-02-21T02:00:00Z,21.4,81,6
0060,2025-02-21T03:00:00Z,21.6,78,5.8
0060,2025-02-21T04:00:00Z,21.9,78,5.6
0060,2025-02-21T05:00:00Z,22.8,79,6.8
0060,2025-02-21T06:00:00Z,22.1,76,8.7
0060,2025-02-21T07:00:00Z,21.2,77,8.9
0060,2025-02-21T08:00:00Z,21,77,7.4
0060,2025-02-21T09:00:00Z,21.2,75,6
0060,2025-02-21T10:00:00Z,21,78,5.4
0060,2025-02-21T11:00:00Z,21.2,85,4.9
0060,2025-02-21T12:00:00Z,22.5,78,6.4
0060,2025-02-21T13:00:00Z,23.4,75,5.6
0060,2025-02-21T14:00:00Z,23.5,75,6.6
0060,2025-02-21T15:00:00Z,23.9,79,4.9
0060,2025-02-21T16:00:00Z,23.9,84,5
0060,2025-02-21T17:00:00Z,24.8,81,4.7
0060,2025-02-21T18:00:00Z,25,80,6.2
0060,2025-02-21T19:00:00Z,25.2,74,7.2
0060,2025-02-21T20:00:00Z,25.3,73,7
0060,2025-02-21T21:00:00Z,26.1,67,5.4
0060,2025-02-21T22:00:00Z,25.5,66,4.7
0060,2025-02-21T23:00:00Z,23.7,70,1.9
0060,2025-02-22T00:00:00Z,23,74,2.1
0060,2025-02-22T01:00:00Z,23,77,3.9
0060,2025-02-22T02:00:00Z,23.7,76,4.7
0060,2025-02-22T03:00:00Z,23.7,76,6.2
0060,2025-02-22T04:00:00Z,23.2,77,6.4
0060,2025-02-22T05:00:00Z,22.6,77,7.2
0060,2025-02-22T06:00:00Z,22.1,78,6.8
0060,2025-02-22T07:00:00Z,21.2,78,5.8
0060,2025-02-22T08:00:00Z,21,79,6.4
0060,2025-02-22T09:00:00Z,20.5,79,6.6
0060,2025-02-22T10:00:00Z,19.6,80,6.2
0060,2025-02-22T11:00:00Z,17.4,85,4.9
0060,2025-02-22T12:00:00Z,19,83,6
0060,2025-02-22T13:00:00Z,22.5,76,7.2
0060,2025-02-22T14:00:00Z,25.2,71,9.3
0060,2025-02-22T15:00:00Z,27.1,66,10.3
0060,2025-02-22T16:00:00Z,29.3,62,10.7
0060,2025-02-22T17:00:00Z,31.3,57,10.9
0060,2025-02-22T18:00:00Z,33.1,52,11.1
0060,2025-02-22T19:00:00Z,34.5,46,11.1
0060,2025-02-22T20:00:00Z,34.9,43,10.5
0060,2025-02-22T21:00:00Z,34.3,44,9.9
0060,2025-02-22T22:00:00Z,33.1,47,9.5
0060,2025-02-22T23:00:00Z,31.3,49,9.3
0060,2025-02-23T00:00:00Z,30,56,8
0060,2025-02-23T01:00:00Z,29.8,61,8.5
0060,2025-02-23T02:00:00Z,29.3,61,8.2
0060,2025-02-23T03:00:00Z,28.4,59,8.2
0060,2025-02-23T04:00:00Z,28.6,59,8
0060,2025-02-23T05:00:00Z,28.6,59,7.2
0060,2025-02-23T06:00:00Z,28,61,6.8
0060,2025-02-23T07:00:00Z,27.3,62,5.6
0060,2025-02-23T08:00:00Z,26.6,64,3.7
0060,2025-02-23T09:00:00Z,26.4,65,3.5
0060,2025-02-23T10:00:00Z,26.4,65,5
0060,2025-02-23T11:00:00Z,26.8,66,5.4
0060,2025-02-23T12:00:00Z,27,68,4.9
0060,2025-02-23T13:00:00Z,27.9,67,5.8
0060,2025-02-23T14:00:00Z,29.8,64,7.2
0060,2025-02-23T15:00:00Z,31.8,61,6
0060,2025-02-23T16:00:00Z,34.9,56,6
0060,2025-02-23T17:00:00Z,36.3,53,7.2
0060,2025-02-23T18:00:00Z,37.2,54,8
0060,2025-02-23T19:00:00Z,37.9,52,8.7
0060,2025-02-23T20:00:00Z,38.5,50,8
0060,2025-02-23T21:00:00Z,38.5,50,6.6
0060,2025-02-23T22:00:00Z,38.1,51,6
0060,2025-02-23T23:00:00Z,37.8,53,5.4
0060,2025-02-24T00:00:00Z,37.2,56,4.3
0060,2025-02-24T01:00:00Z,37.2,58,5.6
0060,2025-02-24T02:00:00Z,37.2,60,5.4
0060,2025-02-24T03:00:00Z,37,62,4.7
0060,2025-02-24T04:00:00Z,36.7,64,5.6
0060,2025-02-24T05:00:00Z,36.9,64,6.4
0060,2025-02-24T06:00:00Z,36.1,65,6.8
0060,2025-02-24T07:00:00Z,34.7,68,6.4
0060,2025-02-24T08:00:00Z,35.1,69,7
0060,2025-02-24T09:00:00Z,35.4,69,6.2
0060,2025-02-24T10:00:00Z,36.5,67,7
0060,2025-02-24T11:00:00Z,36.7,66,6.6
0060,2025-02-24T12:00:00Z,36.7,66,7.8
0060,2025-02-24T13:00:00Z,39,61,10.1
0060,2025-02-24T14:00:00Z,41.4,56,11.1
0060,2025-02-24T15:00:00Z,43,53,11.3
0060,2025-02-24T16:00:00Z,45.3,50,13.8
0060,2025-02-24T17:00:00Z,48.2,46,14.2
0060,2025-02-24T18:00:00Z,49.5,45,15.3
0060,2025-02-24T19:00:00Z,49.8,46,14.6
0060,2025-02-24T20:00:00Z,51.3,44,15
0060,2025-02-24T21:00:00Z,51.6,44,13.8
0060,2025-02-24T22:00:00Z,50.9,47,11.3
0060,2025-02-24T23:00:00Z,50.2,48,12
0060,2025-02-25T00:00:00Z,49.3,50,8.5
0060,2025-02-25T01:00:00Z,48.6,52,8.2
0060,2025-02-25T02:00:00Z,47.7,54,8
0060,2025-02-25T03:00:00Z,47.1,56,7.4
0060,2025-02-25T04:00:00Z,46.4,58,7.8
0060,2025-02-25T05:00:00Z,46.2,59,7.2
0060,2025-02-25T06:00:00Z,45.7,62,6.2
0060,2025-02-25T07:00:00Z,45.1,64,6.8
0060,2025-02-25T08:00:00Z,44.4,68,5.6
0060,2025-02-25T09:00:00Z,43.9,71,3.5
0060,2025-02-25T10:00:00Z,43.3,75,6.2
0060,2025-02-25T11:00:00Z,42.4,84,7
0060,2025-02-25T12:00:00Z,42.6,85,7
0060,2025-02-25T13:00:00Z,44.1,81,6.6
0060,2025-02-25T14:00:00Z,44.8,78,6
0060,2025-02-25T15:00:00Z,45.3,76,6.4
0060,2025-02-25T16:00:00Z,45.1,80,7.8
0060,2025-02-25T17:00:00Z,43.5,89,6.8
0060,2025-02-25T18:00:00Z,46.9,83,5.8
0060,2025-02-25T19:00:00Z,49.5,74,5.6
0060,2025-02-25T20:00:00Z,50.2,71,5.6
0060,2025-02-25T21:00:00Z,49.1,73,5.4
0060,2025-02-25T22:00:00Z,48,74,3.7
0060,2025-02-25T23:00:00Z,48,75,2.9
0060,2025-02-26T00:00:00Z,45.9,80,2.1
0060,2025-02-26T01:00:00Z,44.2,84,1.4
0060,2025-02-26T02:00:00Z,44.6,85,1.9
0060,2025-02-26T03:00:00Z,45,76,5.8
0060,2025-02-26T04:00:00Z,43,71,9.3
0060,2025-02-26T05:00:00Z,41.4,72,8.5
0060,2025-02-26T06:00:00Z,41,72,5
0060,2025-02-26T07:00:00Z,39,77,3.1
0060,2025-02-26T08:00:00Z,37,81,3.3
0060,2025-02-26T09:00:00Z,36.1,83,2.7
0060,2025-02-26T10:00:00Z,34.5,87,1.7
0060,2025-02-26T11:00:00Z,34,89,2.9
0060,2025-02-26T12:00:00Z,34.3,89,3.5
0060,2025-02-26T13:00:00Z,35.4,86,3.9
0060,2025-02-26T14:00:00Z,36.7,82,2.7
0060,2025-02-26T15:00:00Z,37.4,81,3.5
0060,2025-02-26T16:00:00Z,39,78,2.3
0060,2025-02-26T17:00:00Z,39.4,78,1.7
0060,2025-02-26T18:00:00Z,37.6,84,4.1
0060,2025-02-26T19:00:00Z,38.8,83,1.4
0060,2025-02-26T20:00:00Z,38.8,83,3.7
0060,2025-02-26T21:00:00Z,39.2,87,3.9
0060,2025-02-26T22:00:00Z,39.7,89,4.5
0060,2025-02-26T23:00:00Z,39.7,90,6
0060,2025-02-27T00:00:00Z,39.9,93,4.5
0060,2025-02-27T01:00:00Z,39.9,96,4.7
0060,2025-02-27T02:00:00Z,39.9,97,7.8
0060,2025-02-27T03:00:00Z,40.6,98,8.4
0060,2025-02-27T04:00:00Z,40.5,98,8.5
0060,2025-02-27T05:00:00Z,41.4,97,8.5
0060,2025-02-27T06:00:00Z,41.9,96,7.6
0060,2025-02-27T07:00:00Z,41.4,97,4.5
0060,2025-02-27T08:00:00Z,41.4,97,3.5
0060,2025-02-27T09:00:00Z,41.5,97,2.3
0060,2025-02-27T10:00:00Z,42.1,96,4.5
0060,2025-02-27T11:00:00Z,38.8,98,9.9
0060,2025-02-27T12:00:00Z,36,100,9.1
0060,2025-02-27T13:00:00Z,36.5,100,8.4
0060,2025-02-27T14:00:00Z,36.7,99,8.5
0060,2025-02-27T15:00:00Z,36.5,97,11.3
0060,2025-02-27T16:00:00Z,37,95,8.2
0060,2025-02-27T17:00:00Z,38.7,92,7.2
0060,2025-02-27T18:00:00Z,40.1,88,7.6
0060,2025-02-27T19:00:00Z,41.4,84,8.4
0060,2025-02-27T20:00:00Z,43,78,6.6
0060,2025-02-27T21:00:00Z,43.3,77,7.2
0060,2025-02-27T22:00:00Z,43.3,79,6.6
0060,2025-02-27T23:00:00Z,41.4,87,3.5
0060,2025-02-28T00:00:00Z,37.4,95,2.3
0060,2025-02-28T01:00:00Z,38.3,93,7.6
0060,2025-02-28T02:00:00Z,36.7,90,8.9
0060,2025-02-28T03:00:00Z,36.1,88,11.5
0060,2025-02-28T04:00:00Z,35.2,92,9.7
0060,2025-02-28T05:00:00Z,35.1,91,9.5
0060,2025-02-28T06:00:00Z,35.1,90,8.9
0060,2025-02-28T07:00:00Z,34.9,89,9.1
0060,2025-02-28T08:00:00Z,34.9,86,7.6
0060,2025-02-28T09:00:00Z,34.7,82,5.6
0060,2025-02-28T10:00:00Z,34,84,4.3
0060,2025-02-28T11:00:00Z,33.1,87,3.5
0060,2025-02-28T12:00:00Z,32.9,89,5.8
0060,2025-02-28T13:00:00Z,34.3,85,7.2
0060,2025-02-28T14:00:00Z,36.3,78,6.8
0060,2025-02-28T15:00:00Z,39.4,69,9.5
0060,2025-02-28T16:00:00Z,43.5,58,11.7
0060,2025-02-28T17:00:00Z,46.4,54,13.8
0060,2025-02-28T18:00:00Z,47.8,53,16.5
0060,2025-02-28T19:00:00Z,49.8,49,17.9
0060,2025-02-28T20:00:00Z,50.9,48,17.1
0060,2025-02-28T21:00:00Z,52.2,47,14.8
0060,2025-02-28T22:00:00Z,53.1,46,15
0060,2025-02-28T23:00:00Z,53.6,46,13.2
0060,2025-03-01T00:00:00Z,53.8,47,11.8
0060,2025-03-01T01:00:00Z,53.8,47,11.1
0060,2025-03-01T02:00:00Z,53.2,49,10.5
0060,2025-03-01T03:00:00Z,52.3,51,10.3
0060,2025-03-01T04:00:00Z,50.4,55,12
0060,2025-03-01T05:00:00Z,42.8,74,9.7
0060,2025-03-01T06:00:00Z,43,70,10.1
0060,2025-03-01T07:00:00Z,40.1,75,11.3
0060,2025-03-01T08:00:00Z,36.7,84,10.3
0060,2025-03-01T09:00:00Z,33.6,91,8.5
0060,2025-03-01T10:00:00Z,31.5,82,6.2
0060,2025-03-01T11:00:00Z,31.5,71,9.1
0060,2025-03-01T12:00:00Z,28.8,77,10.5
0060,2025-03-01T13:00:00Z,26.6,68,11.1
0060,2025-03-01T14:00:00Z,25.3,65,14.2
0060,2025-03-01T15:00:00Z,23.9,62,15.7
0060,2025-03-01T16:00:00Z,23.7,64,13.8
0060,2025-03-01T17:00:00Z,24.1,63,10.7
0060,2025-03-01T18:00:00Z,23.5,59,11.8
0060,2025-03-01T19:00:00Z,23.4,59,12.2
0060,2025-03-01T20:00:00Z,23.2,51,12
0060,2025-03-01T21:00:00Z,23,49,10.7
0060,2025-03-01T22:00:00Z,22.6,47,9.3
0060,2025-03-01T23:00:00Z,22.5,49,8.5
0060,2025-03-02T00:00:00Z,22.6,50,7.8
0060,2025-03-02T01:00:00Z,23,50,7.6
0060,2025-03-02T02:00:00Z,23,57,8.5
0060,2025-03-02T03:00:00Z,23.4,57,7
0060,2025-03-02T04:00:00Z,23.7,53,8.2
0060,2025-03-02T05:00:00Z,23.5,53,9.3
0060,2025-03-02T06:00:00Z,23.2,57,9.5
0060,2025-03-02T07:00:00Z,21.7,65,10.7
0060,2025-03-02T08:00:00Z,19.9,67,8.2
0060,2025-03-02T09:00:00Z,19.9,65,8.5
0060,2025-03-02T10:00:00Z,19.9,64,7.4
0060,2025-03-02T11:00:00Z,20.3,65,6.4
0060,2025-03-02T12:00:00Z,20.7,65,5.4
0060,2025-03-02T13:00:00Z,21.7,63,4.9
0060,2025-03-02T14:00:00Z,22.5,62,4.7
0060,2025-03-02T15:00:00Z,23,69,5
0060,2025-03-02T16:00:00Z,23.9,66,8.4
0060,2025-03-02T17:00:00Z,23.9,63,10.1
0060,2025-03-02T18:00:00Z,24.6,59,9.3
0060,2025-03-02T19:00:00Z,24.6,57,6.8
0060,2025-03-02T20:00:00Z,25,61,7
0060,2025-03-02T21:00:00Z,25.9,59,6.6
0060,2025-03-02T22:00:00Z,26.1,59,6
0060,2025-03-02T23:00:00Z,26.6,61,5.8
0060,2025-03-03T00:00:00Z,26.8,62,5.6
0060,2025-03-03T01:00:00Z,27,61,6.2
0060,2025-03-03T02:00:00Z,26.6,62,4.5
0060,2025-03-03T03:00:00Z,26.6,63,5.2
0060,2025-03-03T04:00:00Z,27,63,6.2
0060,2025-03-03T05:00:00Z,27.1,62,6.2
0060,2025-03-03T06:00:00Z,27.3,63,5.2
0060,2025-03-03T07:00:00Z,27.3,63,4.3
0060,2025-03-03T08:00:00Z,27.5,64,3.9
0060,2025-03-03T09:00:00Z,26.8,65,3.1
0060,2025-03-03T10:00:00Z,26.4,67,2.3
0060,2025-03-03T11:00:00Z,26.1,68,3.5
0060,2025-03-03T12:00:00Z,27,66,3.5
0060,2025-03-03T13:00:00Z,29.8,59,4.9
0060,2025-03-03T14:00:00Z,32.4,53,6
0060,2025-03-03T15:00:00Z,34.5,48,7.2
0060,2025-03-03T16:00:00Z,37.2,44,7.4
0060,2025-03-03T17:00:00Z,38.8,40,8.2
0060,2025-03-03T18:00:00Z,39.7,41,8
0060,2025-03-03T19:00:00Z,40.8,39,8.5
0060,2025-03-03T20:00:00Z,39.4,40,8.2
0060,2025-03-03T21:00:00Z,39,42,7.8
0060,2025-03-03T22:00:00Z,38.1,43,9.1
0060,2025-03-03T23:00:00Z,37.4,45,8.2
0060,2025-03-04T00:00:00Z,37.4,47,8.5
0060,2025-03-04T01:00:00Z,37.6,48,7.6
0060,2025-03-04T02:00:00Z,38.1,46,6.8
0060,2025-03-04T03:00:00Z,38.7,46,7
0060,2025-03-04T04:00:00Z,40.1,43,8.7
0060,2025-03-04T05:00:00Z,40.8,43,8.2
0060,2025-03-04T06:00:00Z,41.4,43,9.3
0060,2025-03-04T07:00:00Z,39.6,49,8.2
0060,2025-03-04T08:00:00Z,40.1,48,8.7
0060,2025-03-04T09:00:00Z,40.8,44,9.7
0060,2025-03-04T10:00:00Z,41.2,42,9.9
0060,2025-03-04T11:00:00Z,41.9,39,10.7
0060,2025-03-04T12:00:00Z,42.4,39,8.7
0060,2025-03-04T13:00:00Z,44.1,37,7.6
0060,2025-03-04T14:00:00Z,45,38,5.6
0060,2025-03-04T15:00:00Z,48,34,9.5
0060,2025-03-04T16:00:00Z,53.1,29,9.9
0060,2025-03-04T17:00:00Z,57.2,29,9.9
0060,2025-03-04T18:00:00Z,59.7,28,9.9
0060,2025-03-04T19:00:00Z,62.4,26,9.7
0060,2025-03-04T20:00:00Z,62.8,24,9.9
0060,2025-03-04T21:00:00Z,63.7,23,9.3
0060,2025-03-04T22:00:00Z,62.6,23,8.4
0060,2025-03-04T23:00:00Z,60.6,24,6.8
0060,2025-03-05T00:00:00Z,59.5,25,7
0060,2025-03-05T01:00:00Z,58.5,26,6.4
0060,2025-03-05T02:00:00Z,57.9,27,6.2
0060,2025-03-05T03:00:00Z,57.2,29,5.8
0060,2025-03-05T04:00:00Z,53.8,49,5.8
0060,2025-03-05T05:00:00Z,52,61,6.6
0060,2025-03-05T06:00:00Z,50.7,71,7.2
0060,2025-03-05T07:00:00Z,50.5,76,7.2
0060,2025-03-05T08:00:00Z,49.5,87,10.1
0060,2025-03-05T09:00:00Z,49.8,86,13.8
0060,2025-03-05T10:00:00Z,50.5,86,15
0060,2025-03-05T11:00:00Z,52.9,84,14.8
0060,2025-03-05T12:00:00Z,54.7,79,16.3
0060,2025-03-05T13:00:00Z,55.6,78,13
0060,2025-03-05T14:00:00Z,58.5,73,11.1
0060,2025-03-05T15:00:00Z,59.9,67,11.3
0060,2025-03-05T16:00:00Z,60.4,63,12.2
0060,2025-03-05T17:00:00Z,57.4,76,9.3
0060,2025-03-05T18:00:00Z,61.7,50,13.2
0060,2025-03-05T19:00:00Z,62.2,43,13.8
0060,2025-03-05T20:00:00Z,61.2,46,13
0060,2025-03-05T21:00:00Z,51.3,81,13.2
0060,2025-03-05T22:00:00Z,48.2,87,10.9
0060,2025-03-05T23:00:00Z,44.2,80,14
0060,2025-03-06T00:00:00Z,41.5,78,13.2
0060,2025-03-06T01:00:00Z,40.8,75,14.4
0060,2025-03-06T02:00:00Z,39.9,75,15.7
0060,2025-03-06T03:00:00Z,37.8,84,14.8
0060,2025-03-06T04:00:00Z,37.4,83,15.7
0060,2025-03-06T05:00:00Z,36.1,90,12.6
0060,2025-03-06T06:00:00Z,36.1,84,11.3
0060,2025-03-06T07:00:00Z,34.5,79,12.6
0060,2025-03-06T08:00:00Z,33.3,78,13.8
0060,2025-03-06T09:00:00Z,31.8,80,13
0060,2025-03-06T10:00:00Z,31.1,72,15.5
0060,2025-03-06T11:00:00Z,29.5,80,15.5
0060,2025-03-06T12:00:00Z,28.6,85,14.2
0060,2025-03-06T13:00:00Z,28.9,84,15.9
0060,2025-03-06T14:00:00Z,29.3,81,15.5
0060,2025-03-06T15:00:00Z,29.8,75,15.1
0060,2025-03-06T16:00:00Z,30.6,73,15.5
0060,2025-03-06T17:00:00Z,31.1,73,14.2
0060,2025-03-06T18:00:00Z,31.6,72,14
0060,2025-03-06T19:00:00Z,32.2,71,13.8
0060,2025-03-06T20:00:00Z,33.1,70,13.4
0060,2025-03-06T21:00:00Z,33.6,70,13
0060,2025-03-06T22:00:00Z,34.2,73,11.1
0060,2025-03-06T23:00:00Z,34,75,10.5
0060,2025-03-07T00:00:00Z,34.3,68,10.9
0060,2025-03-07T01:00:00Z,33.8,66,10.7
0060,2025-03-07T02:00:00Z,33.1,67,9.5
0060,2025-03-07T03:00:00Z,32.4,67,9.1
0060,2025-03-07T04:00:00Z,31.8,67,8.7
0060,2025-03-07T05:00:00Z,31.5,69,8.5
0060,2025-03-07T06:00:00Z,31.3,70,7.6
0060,2025-03-07T07:00:00Z,30.6,70,5.2
0060,2025-03-07T08:00:00Z,29.1,74,3.7
0060,2025-03-07T09:00:00Z,28.8,73,3.9
0060,2025-03-07T10:00:00Z,29.8,67,3.9
0060,2025-03-07T11:00:00Z,29.1,70,3.9
0060,2025-03-07T12:00:00Z,30.9,68,3.7
0060,2025-03-07T13:00:00Z,34.2,64,4.3
0060,2025-03-07T14:00:00Z,36.1,63,7.6
0060,2025-03-07T15:00:00Z,36.5,64,8.5
0060,2025-03-07T16:00:00Z,36.9,64,7
0060,2025-03-07T17:00:00Z,37.4,64,5.8
0060,2025-03-07T18:00:00Z,36.7,64,5.4
0060,2025-03-07T19:00:00Z,36.9,65,4.3
0060,2025-03-07T20:00:00Z,35.6,77,5
0060,2025-03-07T21:00:00Z,33.4,93,5.2
0060,2025-03-07T22:00:00Z,33.4,97,1.4
0060,2025-03-07T23:00:00Z,33.6,97,5.2
0060,2025-03-08T00:00:00Z,33.3,97,4.3
0060,2025-03-08T01:00:00Z,32.7,99,2.5
0060,2025-03-08T02:00:00Z,32.9,99,2.9
0060,2025-03-08T03:00:00Z,32.9,99,4.1
0060,2025-03-08T04:00:00Z,32.7,100,6.2
0060,2025-03-08T05:00:00Z,32.7,100,7.4
0060,2025-03-08T06:00:00Z,32.7,99,8.7
0060,2025-03-08T07:00:00Z,32.5,97,8
0060,2025-03-08T08:00:00Z,32.7,92,7.2
0060,2025-03-08T09:00:00Z,32.7,90,6.2
0060,2025-03-08T10:00:00Z,30.9,86,10.1
0060,2025-03-08T11:00:00Z,30.2,81,8.9
0060,2025-03-08T12:00:00Z,29.8,82,9.9
0060,2025-03-08T13:00:00Z,28.4,79,10.9
0060,2025-03-08T14:00:00Z,27.3,70,9.1
0060,2025-03-08T15:00:00Z,27.3,65,7
0060,2025-03-08T16:00:00Z,27.9,65,6
0060,2025-03-08T17:00:00Z,28,66,6.2
0060,2025-03-08T18:00:00Z,28.2,66,7
0060,2025-03-08T19:00:00Z,28.4,66,7.8
0060,2025-03-08T20:00:00Z,28.6,66,7.4
0060,2025-03-08T21:00:00Z,29.5,66,6
0060,2025-03-08T22:00:00Z,30.6,65,2.9
0060,2025-03-08T23:00:00Z,29.8,68,1
0060,2025-03-09T00:00:00Z,29.5,69,1.9
0060,2025-03-09T01:00:00Z,30.6,72,3.9
0060,2025-03-09T02:00:00Z,31.3,69,4.7
0060,2025-03-09T03:00:00Z,31.6,68,4.5
0060,2025-03-09T04:00:00Z,33.3,65,4.9
0060,2025-03-09T05:00:00Z,34.5,60,5.2
0060,2025-03-09T06:00:00Z,35.6,60,7.2
0060,2025-03-09T07:00:00Z,36,66,7.2
0060,2025-03-09T08:00:00Z,36.7,68,4.7
0060,2025-03-09T09:00:00Z,38.1,67,5.2
0060,2025-03-09T10:00:00Z,38.1,68,5.6
0060,2025-03-09T11:00:00Z,37.9,70,4.7
0060,2025-03-09T12:00:00Z,39.4,68,6
0060,2025-03-09T13:00:00Z,42.1,62,7.6
0060,2025-03-09T14:00:00Z,44.2,58,6.8
0060,2025-03-09T15:00:00Z,47.7,49,8.7
0060,2025-03-09T16:00:00Z,49.5,43,8.9
0060,2025-03-09T17:00:00Z,50.7,41,9.9
0060,2025-03-09T18:00:00Z,51.8,39,9.3
0060,2025-03-09T19:00:00Z,52.2,38,9.9
0060,2025-03-09T20:00:00Z,52.2,42,10.1
0060,2025-03-09T21:00:00Z,51.8,44,9.5
0060,2025-03-09T22:00:00Z,50.9,47,7
0060,2025-03-09T23:00:00Z,49.1,51,6.2
0060,2025-03-10T00:00:00Z,48,54,5.8
0060,2025-03-10T01:00:00Z,47.1,56,6.6
0060,2025-03-10T02:00:00Z,46.4,59,6.2
0060,2025-03-10T03:00:00Z,46,60,5.6
0060,2025-03-10T04:00:00Z,45.5,61,4.3
0060,2025-03-10T05:00:00Z,45.1,61,4.5
0060,2025-03-10T06:00:00Z,45.1,59,5
0060,2025-03-10T07:00:00Z,44.2,61,3.3
0060,2025-03-10T08:00:00Z,43.5,61,2.7
0060,2025-03-10T09:00:00Z,43.9,59,3.3
0060,2025-03-10T10:00:00Z,43.5,60,3.1
0060,2025-03-10T11:00:00Z,45.1,57,2.7
0060,2025-03-10T12:00:00Z,48.2,51,4.5
0060,2025-03-10T13:00:00Z,50.9,48,5.6
0060,2025-03-10T14:00:00Z,54.3,44,5
0060,2025-03-10T15:00:00Z,57.7,41,7.2
0060,2025-03-10T16:00:00Z,60.1,40,8.5
0060,2025-03-10T17:00:00Z,61.3,38,10.3
0060,2025-03-10T18:00:00Z,62.8,35,9.7
0060,2025-03-10T19:00:00Z,63,34,9.3
0060,2025-03-10T20:00:00Z,63,34,8.5
0060,2025-03-10T21:00:00Z,62.6,33,8.5
0060,2025-03-10T22:00:00Z,60.4,35,7.6
0060,2025-03-10T23:00:00Z,58.1,39,5.4
0060,2025-03-11T00:00:00Z,56.7,42,5.8
0060,2025-03-11T01:00:00Z,56.1,41,6.4
0060,2025-03-11T02:00:00Z,55.8,40,7.2
0060,2025-03-11T03:00:00Z,54,43,6.4
0060,2025-03-11T04:00:00Z,53.2,43,6.8
0060,2025-03-11T05:00:00Z,52.7,43,7
0060,2025-03-11T06:00:00Z,53.4,41,8.9
0060,2025-03-11T07:00:00Z,53.8,40,11.1
0060,2025-03-11T08:00:00Z,52.9,43,9.9
0060,2025-03-11T09:00:00Z,53.4,42,10.7
0060,2025-03-11T10:00:00Z,53.8,41,10.7
0060,2025-03-11T11:00:00Z,53.8,41,9.3
0060,2025-03-11T12:00:00Z,55.8,39,9.9
0060,2025-03-11T13:00:00Z,58.5,38,9.9
0060,2025-03-11T14:00:00Z,60.3,37,8.9
0060,2025-03-11T15:00:00Z,58.6,40,11.1
0060,2025-03-11T16:00:00Z,57.6,43,10.7
0060,2025-03-11T17:00:00Z,55.2,48,9.9
0060,2025-03-11T18:00:00Z,48.7,58,12.6
0060,2025-03-11T19:00:00Z,46.2,51,12.6
0060,2025-03-11T20:00:00Z,45.5,46,11.7
0060,2025-03-11T21:00:00Z,43.3,43,12
0060,2025-03-11T22:00:00Z,40.3,52,12
0060,2025-03-11T23:00:00Z,38.5,52,10.1
0060,2025-03-12T00:00:00Z,37.2,55,9.3
0060,2025-03-12T01:00:00Z,36.5,60,7.6
0060,2025-03-12T02:00:00Z,36,66,5.8
0060,2025-03-12T03:00:00Z,35.6,58,6
0060,2025-03-12T04:00:00Z,34.9,59,4.7
0060,2025-03-12T05:00:00Z,34.2,60,4.3
0060,2025-03-12T06:00:00Z,33.3,63,4.7
0060,2025-03-12T07:00:00Z,32.7,63,3.3
0060,2025-03-12T08:00:00Z,32.4,63,3.1
0060,2025-03-12T09:00:00Z,32.9,60,2.7
0060,2025-03-12T10:00:00Z,34.9,54,2.9
0060,2025-03-12T11:00:00Z,35.4,59,5.4
0060,2025-03-12T12:00:00Z,38.3,44,5
0060,2025-03-12T13:00:00Z,42.6,31,6.4
0060,2025-03-12T14:00:00Z,43.7,44,6.6
0060,2025-03-12T15:00:00Z,41.7,59,9.3
0060,2025-03-12T16:00:00Z,40.6,63,11.8
0060,2025-03-12T17:00:00Z,40.8,64,12.4
0060,2025-03-12T18:00:00Z,42.4,61,9.9
0060,2025-03-12T19:00:00Z,43.5,59,8.7
0060,2025-03-12T20:00:00Z,43.5,60,8.4
0060,2025-03-12T21:00:00Z,41.2,63,10.3
0060,2025-03-12T22:00:00Z,39.9,66,6.8
0060,2025-03-12T23:00:00Z,39,69,6.4
0060,2025-03-13T00:00:00Z,38.1,70,5
0060,2025-03-13T01:00:00Z,37,70,5
0060,2025-03-13T02:00:00Z,36.7,68,3.7
0060,2025-03-13T03:00:00Z,35.8,71,3.3
0060,2025-03-13T04:00:00Z,35.2,69,1.9
0060,2025-03-13T05:00:00Z,34.5,74,4.1
0060,2025-03-13T06:00:00Z,34,75,3.9
0060,2025-03-13T07:00:00Z,33.4,81,4.7
0060,2025-03-13T08:00:00Z,33.1,87,2.9
0060,2025-03-13T09:00:00Z,32.7,86,1.9
0060,2025-03-13T10:00:00Z,32.9,85,4.5
0060,2025-03-13T11:00:00Z,34.5,83,3.5
0060,2025-03-13T12:00:00Z,36,80,4.7
0060,2025-03-13T13:00:00Z,38.3,74,4.3
0060,2025-03-13T14:00:00Z,39.2,72,5.6
0060,2025-03-13T15:00:00Z,40.5,70,7
0060,2025-03-13T16:00:00Z,41.5,68,7.4
0060,2025-03-13T17:00:00Z,39.9,71,8.2
0060,2025-03-13T18:00:00Z,40.8,67,7.8
0060,2025-03-13T19:00:00Z,40.1,68,8.5
0060,2025-03-13T20:00:00Z,39.2,69,8.9
0060,2025-03-13T21:00:00Z,38.8,72,6.4
0060,2025-03-13T22:00:00Z,38.1,76,3.9
0060,2025-03-13T23:00:00Z,38.3,77,0.8
0060,2025-03-14T00:00:00Z,37.4,80,1.2
0060,2025-03-14T01:00:00Z,37.9,82,1.2
0060,2025-03-14T02:00:00Z,38.1,80,1.7
0060,2025-03-14T03:00:00Z,38.1,79,1
0060,2025-03-14T04:00:00Z,38.1,81,1.6
0060,2025-03-14T05:00:00Z,38.7,75,1.2
0060,2025-03-14T06:00:00Z,37.8,77,1.7
0060,2025-03-14T07:00:00Z,39,67,2.1
0060,2025-03-14T08:00:00Z,41.2,55,2.7
0060,2025-03-14T09:00:00Z,42.3,57,5
0060,2025-03-14T10:00:00Z,43.3,57,6.4
0060,2025-03-14T11:00:00Z,44.8,58,5.4
0060,2025-03-14T12:00:00Z,48.4,54,7.8
0060,2025-03-14T13:00:00Z,54.7,48,8.4
0060,2025-03-14T14:00:00Z,61.5,39,9.7
0060,2025-03-14T15:00:00Z,69.1,31,8.7
0060,2025-03-14T16:00:00Z,74.5,27,9.3
0060,2025-03-14T17:00:00Z,76.1,32,11.1
0060,2025-03-14T18:00:00Z,76.3,34,9.9
0060,2025-03-14T19:00:00Z,76.6,32,9.1
0060,2025-03-14T20:00:00Z,76.8,29,10.5
0060,2025-03-14T21:00:00Z,75.7,29,10.3
0060,2025-03-14T22:00:00Z,74.3,31,8
0060,2025-03-14T23:00:00Z,71.6,33,6
0060,2025-03-15T00:00:00Z,69.1,36,5.8
0060,2025-03-15T01:00:00Z,67.6,39,6.2
0060,2025-03-15T02:00:00Z,66.4,41,7
0060,2025-03-15T03:00:00Z,65.7,40,8.7
0060,2025-03-15T04:00:00Z,64.9,41,9.7
0060,2025-03-15T05:00:00Z,63.9,42,9.7
0060,2025-03-15T06:00:00Z,63.5,42,10.5
0060,2025-03-15T07:00:00Z,63.5,43,11.1
0060,2025-03-15T08:00:00Z,63.5,45,12.2
0060,2025-03-15T09:00:00Z,63.3,49,11.5
0060,2025-03-15T10:00:00Z,62.1,56,12
0060,2025-03-15T11:00:00Z,59.5,70,11.3
0060,2025-03-15T12:00:00Z,59.5,72,9.9
0060,2025-03-15T13:00:00Z,61.9,69,13
0060,2025-03-15T14:00:00Z,60.8,74,12.8
0060,2025-03-15T15:00:00Z,62.8,68,12.4
0060,2025-03-15T16:00:00Z,65.7,63,13.8
0060,2025-03-15T17:00:00Z,67.6,56,16.1
0060,2025-03-15T18:00:00Z,69.4,51,17.7
0060,2025-03-15T19:00:00Z,71.1,49,16.5
0060,2025-03-15T20:00:00Z,71.2,49,13.4
0060,2025-03-15T21:00:00Z,71.1,47,13.8
0060,2025-03-15T22:00:00Z,68.9,51,10.5
0060,2025-03-15T23:00:00Z,66.7,58,10.1
0060,2025-03-16T00:00:00Z,62.1,76,6.4
0060,2025-03-16T01:00:00Z,59.4,87,8.9
0060,2025-03-16T02:00:00Z,59.2,86,9.1
0060,2025-03-16T03:00:00Z,58.5,89,9.7
0060,2025-03-16T04:00:00Z,58.1,88,9.7
0060,2025-03-16T05:00:00Z,57.6,88,10.7
0060,2025-03-16T06:00:00Z,57.4,89,11.5
0060,2025-03-16T07:00:00Z,57.6,90,13.6
0060,2025-03-16T08:00:00Z,57.9,90,13.4
0060,2025-03-16T09:00:00Z,59.2,85,18.1
0060,2025-03-16T10:00:00Z,59,87,13.2
0060,2025-03-16T11:00:00Z,60.8,80,16.5
0060,2025-03-16T12:00:00Z,62.4,73,16.7
0060,2025-03-16T13:00:00Z,64.4,68,17.5
0060,2025-03-16T14:00:00Z,65.8,63,16.9
0060,2025-03-16T15:00:00Z,55.2,87,13.6
0060,2025-03-16T16:00:00Z,57.6,76,13
0060,2025-03-16T17:00:00Z,57.4,70,12.6
0060,2025-03-16T18:00:00Z,57.2,66,12
0060,2025-03-16T19:00:00Z,52.9,73,11.3
0060,2025-03-16T20:00:00Z,46.6,84,12.6
0060,2025-03-16T21:00:00Z,43.7,88,15.5
0060,2025-03-16T22:00:00Z,42.4,92,11.5
0060,2025-03-16T23:00:00Z,41.9,88,13.4
0060,2025-03-17T00:00:00Z,41,93,10.3
0060,2025-03-17T01:00:00Z,41.7,80,10.1
0060,2025-03-17T02:00:00Z,39.2,87,12.6
0060,2025-03-17T03:00:00Z,37.4,89,7
0060,2025-03-17T04:00:00Z,36.7,80,11.1
0060,2025-03-17T05:00:00Z,34.9,76,8.5
0060,2025-03-17T06:00:00Z,33.8,76,8.4
0060,2025-03-17T07:00:00Z,32.9,78,7.6
0060,2025-03-17T08:00:00Z,32,82,5.8
0060,2025-03-17T09:00:00Z,31.3,88,6
0060,2025-03-17T10:00:00Z,31.1,85,7.8
0060,2025-03-17T11:00:00Z,31.6,73,8
0060,2025-03-17T12:00:00Z,31.5,73,8.5
0060,2025-03-17T13:00:00Z,31.3,71,8.2
0060,2025-03-17T14:00:00Z,31.8,66,8.5
0060,2025-03-17T15:00:00Z,32.4,65,8.2
0060,2025-03-17T16:00:00Z,33.1,65,5.8
0060,2025-03-17T17:00:00Z,33.8,64,4.1
0060,2025-03-17T18:00:00Z,34,64,6.6
0060,2025-03-17T19:00:00Z,34.2,63,5.8
0060,2025-03-17T20:00:00Z,35.2,58,5.6
0060,2025-03-17T21:00:00Z,36.3,53,2.9
0060,2025-03-17T22:00:00Z,36.3,51,3.7
0060,2025-03-17T23:00:00Z,36.1,52,3.5
0060,2025-03-18T00:00:00Z,36,59,3.5
0060,2025-03-18T01:00:00Z,36.1,60,4.5
0060,2025-03-18T02:00:00Z,35.8,63,5.4
0060,2025-03-18T03:00:00Z,35.6,64,7.6
0060,2025-03-18T04:00:00Z,35.2,67,6.2
0060,2025-03-18T05:00:00Z,35.8,69,7
0060,2025-03-18T06:00:00Z,36.3,69,8.5
0060,2025-03-18T07:00:00Z,37.4,68,9.7
0060,2025-03-18T08:00:00Z,37.4,70,9.7
0060,2025-03-18T09:00:00Z,37.9,69,10.5
0060,2025-03-18T10:00:00Z,38.5,69,11.1
0060,2025-03-18T11:00:00Z,39.9,67,11.5
0060,2025-03-18T12:00:00Z,44.2,60,9.1
0060,2025-03-18T13:00:00Z,50.9,47,9.7
0060,2025-03-18T14:00:00Z,55.4,40,10.7
0060,2025-03-18T15:00:00Z,58.3,38,10.3
0060,2025-03-18T16:00:00Z,60.6,37,10.5
0060,2025-03-18T17:00:00Z,63.1,35,10.7
0060,2025-03-18T18:00:00Z,65.7,33,10.7
0060,2025-03-18T19:00:00Z,67.5,31,12.2
0060,2025-03-18T20:00:00Z,68.5,30,11.3
0060,2025-03-18T21:00:00Z,68,31,11.5
0060,2025-03-18T22:00:00Z,65.8,33,8.9
0060,2025-03-18T23:00:00Z,63.5,36,7.8
0060,2025-03-19T00:00:00Z,62.1,37,8.4
0060,2025-03-19T01:00:00Z,61,37,9.1
0060,2025-03-19T02:00:00Z,60.1,38,9.1
0060,2025-03-19T03:00:00Z,59.5,38,9.1
0060,2025-03-19T04:00:00Z,59.2,38,10.1
0060,2025-03-19T05:00:00Z,58.5,38,9.7
0060,2025-03-19T06:00:00Z,58.5,38,8.7
0060,2025-03-19T07:00:00Z,61.2,33,10.1
0060,2025-03-19T08:00:00Z,61.9,32,10.3
0060,2025-03-19T09:00:00Z,61.9,33,10.9
0060,2025-03-19T10:00:00Z,60.4,34,11.1
0060,2025-03-19T11:00:00Z,61.2,34,11.7
0060,2025-03-19T12:00:00Z,64.2,31,12.8
0060,2025-03-19T13:00:00Z,66.2,30,12.6
0060,2025-03-19T14:00:00Z,67.1,30,11.7
0060,2025-03-19T15:00:00Z,67.6,30,11.5
0060,2025-03-19T16:00:00Z,68.7,28,11.7
0060,2025-03-19T17:00:00Z,70.5,24,14
0060,2025-03-19T18:00:00Z,72.7,22,16.1
0060,2025-03-19T19:00:00Z,72.3,23,15.1
0060,2025-03-19T20:00:00Z,72.3,22,15.3
0060,2025-03-19T21:00:00Z,72,27,14.8
0060,2025-03-19T22:00:00Z,70,31,10.7
0060,2025-03-19T23:00:00Z,67.3,33,4.7
0060,2025-03-20T00:00:00Z,66.2,32,6
0060,2025-03-20T01:00:00Z,66.2,35,6.8
0060,2025-03-20T02:00:00Z,66.2,40,8
0060,2025-03-20T03:00:00Z,67.1,37,11.1
0060,2025-03-20T04:00:00Z,65.3,42,11.1
0060,2025-03-20T05:00:00Z,58.3,64,10.7
0060,2025-03-20T06:00:00Z,55.8,74,10.7
0060,2025-03-20T07:00:00Z,52.9,88,9.7
0060,2025-03-20T08:00:00Z,52.3,91,8.4
0060,2025-03-20T09:00:00Z,51.8,91,8.7
0060,2025-03-20T10:00:00Z,51.6,89,8.2
0060,2025-03-20T11:00:00Z,51.1,83,9.1
0060,2025-03-20T12:00:00Z,50.4,69,10.5
0060,2025-03-20T13:00:00Z,49.5,61,12.8
0060,2025-03-20T14:00:00Z,48.6,61,13.4
0060,2025-03-20T15:00:00Z,48.2,63,13.2
0060,2025-03-20T16:00:00Z,47.7,68,13.6
0060,2025-03-20T17:00:00Z,46.6,70,14.4
0060,2025-03-20T18:00:00Z,44.1,68,14.6
0060,2025-03-20T19:00:00Z,37.8,93,9.9
0060,2025-03-20T20:00:00Z,37.4,90,7.2
0060,2025-03-20T21:00:00Z,36.9,91,7.6
0060,2025-03-20T22:00:00Z,36,92,7.2
0060,2025-03-20T23:00:00Z,35.8,86,10.3
0060,2025-03-21T00:00:00Z,36,83,7.8
0060,2025-03-21T01:00:00Z,36.9,83,5.8
0060,2025-03-21T02:00:00Z,37.9,74,7.6
0060,2025-03-21T03:00:00Z,37.8,62,8
0060,2025-03-21T04:00:00Z,36.3,65,9.9
0060,2025-03-21T05:00:00Z,35.6,66,8
0060,2025-03-21T06:00:00Z,34.9,63,6.8
0060,2025-03-21T07:00:00Z,33.8,61,6.6
0060,2025-03-21T08:00:00Z,33.4,62,6.6
0060,2025-03-21T09:00:00Z,33.3,61,4.3
0060,2025-03-21T10:00:00Z,33.4,60,3.9
0060,2025-03-21T11:00:00Z,34.5,61,4.7
0060,2025-03-21T12:00:00Z,35.1,66,6.6
0060,2025-03-21T13:00:00Z,36.7,63,7
0060,2025-03-21T14:00:00Z,39.2,55,7.8
0060,2025-03-21T15:00:00Z,41.4,45,8.7
0060,2025-03-21T16:00:00Z,44.1,43,8.9
0060,2025-03-21T17:00:00Z,46.2,42,9.1
0060,2025-03-21T18:00:00Z,48.9,38,10.9
0060,2025-03-21T19:00:00Z,50.7,36,11.1
0060,2025-03-21T20:00:00Z,51.6,35,12
0060,2025-03-21T21:00:00Z,51.4,35,11.5
0060,2025-03-21T22:00:00Z,50.5,37,9.3
0060,2025-03-21T23:00:00Z,49.6,41,9.7
0060,2025-03-22T00:00:00Z,48.7,41,10.1
0060,2025-03-22T01:00:00Z,48.2,41,10.5
0060,2025-03-22T02:00:00Z,47.7,43,10.5
0060,2025-03-22T03:00:00Z,47.5,44,10.1
0060,2025-03-22T04:00:00Z,47.5,44,10.5
0060,2025-03-22T05:00:00Z,47.8,43,11.3
0060,2025-03-22T06:00:00Z,48.4,44,9.1
0060,2025-03-22T07:00:00Z,48.7,44,8.4
0060,2025-03-22T08:00:00Z,49.1,44,9.1
0060,2025-03-22T09:00:00Z,49.6,44,11.1
0060,2025-03-22T10:00:00Z,48.9,48,10.3
0060,2025-03-22T11:00:00Z,48.6,52,8.5
0060,2025-03-22T12:00:00Z,48,57,11.3
0060,2025-03-22T13:00:00Z,41,79,10.3
0060,2025-03-22T14:00:00Z,35.4,86,10.5
0060,2025-03-22T15:00:00Z,35.8,84,10.3
0060,2025-03-22T16:00:00Z,36,82,8.4
0060,2025-03-22T17:00:00Z,34,83,8.9
0060,2025-03-22T18:00:00Z,34.2,82,6.8
0060,2025-03-22T19:00:00Z,35.1,77,5.4
0060,2025-03-22T20:00:00Z,36,73,5.2
0060,2025-03-22T21:00:00Z,36,67,5.2
0060,2025-03-22T22:00:00Z,34.7,74,6
0060,2025-03-22T23:00:00Z,33.1,78,5.2
0060,2025-03-23T00:00:00Z,32,78,5.2
0060,2025-03-23T01:00:00Z,31.3,77,5.2
0060,2025-03-23T02:00:00Z,30.6,77,2.9
0060,2025-03-23T03:00:00Z,30,77,3.7
0060,2025-03-23T04:00:00Z,29.5,77,2.9
0060,2025-03-23T05:00:00Z,28.6,79,2.7
0060,2025-03-23T06:00:00Z,27.9,82,2.7
0060,2025-03-23T07:00:00Z,27.3,83,2.9
0060,2025-03-23T08:00:00Z,27,83,2.7
0060,2025-03-23T09:00:00Z,27,80,3.1
0060,2025-03-23T10:00:00Z,27,80,2.9
0060,2025-03-23T11:00:00Z,29.5,75,5.4
0060,2025-03-23T12:00:00Z,32.7,67,6.4
0060,2025-03-23T13:00:00Z,35.2,62,6
0060,2025-03-23T14:00:00Z,37.2,61,6.8
0060,2025-03-23T15:00:00Z,39.7,58,6.6
0060,2025-03-23T16:00:00Z,41.5,54,8.2
0060,2025-03-23T17:00:00Z,42.3,52,9.1
0060,2025-03-23T18:00:00Z,43.2,49,10.1
0060,2025-03-23T19:00:00Z,43.9,49,10.9
0060,2025-03-23T20:00:00Z,44.4,50,9.1
0060,2025-03-23T21:00:00Z,44.4,51,9.7
0060,2025-03-23T22:00:00Z,42.3,67,10.9
0060,2025-03-23T23:00:00Z,40.6,80,12.8
0060,2025-03-24T00:00:00Z,41,84,12.8
0060,2025-03-24T01:00:00Z,41.4,88,12
0060,2025-03-24T02:00:00Z,42.6,89,9.5
0060,2025-03-24T03:00:00Z,44.8,89,8.5
0060,2025-03-24T04:00:00Z,46.2,86,11.5
0060,2025-03-24T05:00:00Z,46.4,84,11.5
0060,2025-03-24T06:00:00Z,46.6,80,10.9
0060,2025-03-24T07:00:00Z,45,72,12
0060,2025-03-24T08:00:00Z,42.1,72,12.6
0060,2025-03-24T09:00:00Z,41.5,71,11.5
0060,2025-03-24T10:00:00Z,41.5,71,12.6
0060,2025-03-24T11:00:00Z,41.7,71,13.4
0060,2025-03-24T12:00:00Z,42.3,65,15.7
0060,2025-03-24T13:00:00Z,42.6,62,14.6
0060,2025-03-24T14:00:00Z,43.2,60,14.6
0060,2025-03-24T15:00:00Z,42.8,59,14
0060,2025-03-24T16:00:00Z,43.5,58,14.2
0060,2025-03-24T17:00:00Z,42.1,66,12
0060,2025-03-24T18:00:00Z,40.6,69,13
0060,2025-03-24T19:00:00Z,40.6,61,13.6
0060,2025-03-24T20:00:00Z,40.6,63,12.8
0060,2025-03-24T21:00:00Z,39.7,67,10.9
0060,2025-03-24T22:00:00Z,39.7,65,10.9
0060,2025-03-24T23:00:00Z,39.4,70,9.5
0060,2025-03-25T00:00:00Z,38.7,70,9.7
0060,2025-03-25T01:00:00Z,38.3,71,9.1
0060,2025-03-25T02:00:00Z,37.9,71,8
0060,2025-03-25T03:00:00Z,36.7,74,4.1
0060,2025-03-25T04:00:00Z,35.2,77,3.9
0060,2025-03-25T05:00:00Z,34.3,77,5.2
0060,2025-03-25T06:00:00Z,33.8,76,6
0060,2025-03-25T07:00:00Z,33.6,75,5.6
0060,2025-03-25T08:00:00Z,33.4,73,5.4
0060,2025-03-25T09:00:00Z,33.3,72,4.3
0060,2025-03-25T10:00:00Z,32.5,74,3.9
0060,2025-03-25T11:00:00Z,34.3,72,6
0060,2025-03-25T12:00:00Z,35.2,70,7
0060,2025-03-25T13:00:00Z,36.9,68,8.7
0060,2025-03-25T14:00:00Z,37.8,67,10.3
0060,2025-03-25T15:00:00Z,38.7,64,10.7
0060,2025-03-25T16:00:00Z,39.2,60,11.3
0060,2025-03-25T17:00:00Z,39.9,56,10.3
0060,2025-03-25T18:00:00Z,40.5,55,7.8
0060,2025-03-25T19:00:00Z,41,53,6.6
0060,2025-03-25T20:00:00Z,41.9,49,6.4
0060,2025-03-25T21:00:00Z,42.4,47,5.8
0060,2025-03-25T22:00:00Z,42.8,48,5
0060,2025-03-25T23:00:00Z,43.3,46,6.4
0060,2025-03-26T00:00:00Z,43.2,49,7.6
0060,2025-03-26T01:00:00Z,40.8,62,9.9
0060,2025-03-26T02:00:00Z,38.3,70,8.4
0060,2025-03-26T03:00:00Z,35.6,84,8.2
0060,2025-03-26T04:00:00Z,34.3,88,8
0060,2025-03-26T05:00:00Z,33.8,87,6.6
0060,2025-03-26T06:00:00Z,33.8,71,7.4
0060,2025-03-26T07:00:00Z,33.3,67,7.6
0060,2025-03-26T08:00:00Z,33.6,64,6.6
0060,2025-03-26T09:00:00Z,33.6,67,7.6
0060,2025-03-26T10:00:00Z,33.4,71,7.6
0060,2025-03-26T11:00:00Z,33.8,69,8.2
0060,2025-03-26T12:00:00Z,33.8,70,7.8
0060,2025-03-26T13:00:00Z,34.3,67,7.6
0060,2025-03-26T14:00:00Z,34.3,64,7.2
0060,2025-03-26T15:00:00Z,34.2,63,8.4
0060,2025-03-26T16:00:00Z,35.1,62,7.6
0060,2025-03-26T17:00:00Z,34.9,62,7.2
0060,2025-03-26T18:00:00Z,35.4,62,6.8
0060,2025-03-26T19:00:00Z,36,60,5.6
0060,2025-03-26T20:00:00Z,35.8,60,5.2
0060,2025-03-26T21:00:00Z,35.2,60,5.2
0060,2025-03-26T22:00:00Z,35.1,58,3.5
0060,2025-03-26T23:00:00Z,34.7,57,2.3
0060,2025-03-27T00:00:00Z,34.3,57,2.9
0060,2025-03-27T01:00:00Z,33.6,61,2.9
0060,2025-03-27T02:00:00Z,32.5,66,4.3
0060,2025-03-27T03:00:00Z,31.8,68,4.1
0060,2025-03-27T04:00:00Z,31.3,69,3.7
0060,2025-03-27T05:00:00Z,30.7,72,3.7
0060,2025-03-27T06:00:00Z,30.9,70,4.7
0060,2025-03-27T07:00:00Z,31.1,70,5.6
0060,2025-03-27T08:00:00Z,30.9,70,4.7
0060,2025-03-27T09:00:00Z,30.9,70,5.4
0060,2025-03-27T10:00:00Z,30.9,71,5.2
0060,2025-03-27T11:00:00Z,34.5,64,4.7
0060,2025-03-27T12:00:00Z,39.7,56,4.7
0060,2025-03-27T13:00:00Z,44.6,50,5.2
0060,2025-03-27T14:00:00Z,48,38,6.2
0060,2025-03-27T15:00:00Z,50.5,35,6
0060,2025-03-27T16:00:00Z,52.9,35,6.2
0060,2025-03-27T17:00:00Z,54.1,36,7.4
0060,2025-03-27T18:00:00Z,56.5,32,9.5
0060,2025-03-27T19:00:00Z,56.5,33,11.1
0060,2025-03-27T20:00:00Z,55.8,36,10.7
0060,2025-03-27T21:00:00Z,55.2,37,8.9
0060,2025-03-27T22:00:00Z,51.6,48,5.6
0060,2025-03-27T23:00:00Z,51.1,48,3.7
0060,2025-03-28T00:00:00Z,51.3,47,3.3
0060,2025-03-28T01:00:00Z,50.9,47,2.3
0060,2025-03-28T02:00:00Z,49.5,51,1.9
0060,2025-03-28T03:00:00Z,47.7,57,2.5
0060,2025-03-28T04:00:00Z,47.5,58,1.6
0060,2025-03-28T05:00:00Z,48.4,55,1.9
0060,2025-03-28T06:00:00Z,48.9,55,1
0060,2025-03-28T07:00:00Z,49.5,56,2.1
0060,2025-03-28T08:00:00Z,48.4,59,3.3
0060,2025-03-28T09:00:00Z,48.2,59,2.9
0060,2025-03-28T10:00:00Z,48.7,58,5.4
0060,2025-03-28T11:00:00Z,49.8,57,7
0060,2025-03-28T12:00:00Z,50.9,58,8.9
0060,2025-03-28T13:00:00Z,54.7,52,9.1
0060,2025-03-28T14:00:00Z,56.1,58,8.2
0060,2025-03-28T15:00:00Z,53.1,77,8
0060,2025-03-28T16:00:00Z,52.5,85,6.4
0060,2025-03-28T17:00:00Z,53.1,88,6.4
0060,2025-03-28T18:00:00Z,53.2,93,9.5
0060,2025-03-28T19:00:00Z,55.2,90,9.9
0060,2025-03-28T20:00:00Z,57.7,83,9.1
0060,2025-03-28T21:00:00Z,60.8,75,9.3
0060,2025-03-28T22:00:00Z,61.9,71,8.7
0060,2025-03-28T23:00:00Z,63.9,67,10.3
0060,2025-03-29T00:00:00Z,66.6,59,12.6
0060,2025-03-29T01:00:00Z,65.8,60,10.9
0060,2025-03-29T02:00:00Z,66.9,54,11.3
0060,2025-03-29T03:00:00Z,66.6,53,10.3
0060,2025-03-29T04:00:00Z,64.9,55,9.7
0060,2025-03-29T05:00:00Z,66.4,50,11.3
0060,2025-03-29T06:00:00Z,67.3,49,11.8
0060,2025-03-29T07:00:00Z,66.7,50,11.1
0060,2025-03-29T08:00:00Z,66.2,52,10.3
0060,2025-03-29T09:00:00Z,66.2,52,10.1
0060,2025-03-29T10:00:00Z,66.6,51,10.5
0060,2025-03-29T11:00:00Z,66.9,50,10.9
0060,2025-03-29T12:00:00Z,67.5,50,11.5
0060,2025-03-29T13:00:00Z,67.8,50,9.9
0060,2025-03-29T14:00:00Z,66,60,10.5
0060,2025-03-29T15:00:00Z,67.6,55,9.1
0060,2025-03-29T16:00:00Z,68.4,54,10.5
0060,2025-03-29T17:00:00Z,67.8,57,10.1
0060,2025-03-29T18:00:00Z,68.2,60,8.2
0060,2025-03-29T19:00:00Z,70.2,57,7.2
0060,2025-03-29T20:00:00Z,71.6,51,7.4
0060,2025-03-29T21:00:00Z,71.6,49,5.4
0060,2025-03-29T22:00:00Z,70.5,51,3.1
0060,2025-03-29T23:00:00Z,69.3,55,1.9
0060,2025-03-30T00:00:00Z,66,61,2.7
0060,2025-03-30T01:00:00Z,61.2,71,4.1
0060,2025-03-30T02:00:00Z,60.6,71,3.3
0060,2025-03-30T03:00:00Z,59.5,73,1.4
0060,2025-03-30T04:00:00Z,59.7,73,2.3
0060,2025-03-30T05:00:00Z,57.4,76,1.9
0060,2025-03-30T06:00:00Z,57.2,83,1.7
0060,2025-03-30T07:00:00Z,57.4,87,5.8
0060,2025-03-30T08:00:00Z,57.7,92,5.2
0060,2025-03-30T09:00:00Z,57.9,93,6.6
0060,2025-03-30T10:00:00Z,57.7,94,8.7
0060,2025-03-30T11:00:00Z,58.3,92,8.9
0060,2025-03-30T12:00:00Z,59.7,88,10.7
0060,2025-03-30T13:00:00Z,59.5,91,11.1
0060,2025-03-30T14:00:00Z,60.1,90,10.9
0060,2025-03-30T15:00:00Z,61.3,87,10.7
0060,2025-03-30T16:00:00Z,63.5,83,11.5
0060,2025-03-30T17:00:00Z,65.5,78,11.8
0060,2025-03-30T18:00:00Z,64.6,80,11.8
0060,2025-03-30T19:00:00Z,64.6,81,12.2
0060,2025-03-30T20:00:00Z,64.9,80,12.4
0060,2025-03-30T21:00:00Z,65.3,80,11.3
0060,2025-03-30T22:00:00Z,65.5,80,9.5
0060,2025-03-30T23:00:00Z,65.5,80,9.3
0060,2025-03-31T00:00:00Z,64.9,82,10.3
0060,2025-03-31T01:00:00Z,60.4,84,8.7
0060,2025-03-31T02:00:00Z,56.8,93,8.7
0060,2025-03-31T03:00:00Z,56.8,91,10.7
0060,2025-03-31T04:00:00Z,56.8,91,11.1
0060,2025-03-31T05:00:00Z,58.6,79,9.5
0060,2025-03-31T06:00:00Z,58.3,80,9.9
0060,2025-03-31T07:00:00Z,57,84,9.5
0060,2025-03-31T08:00:00Z,56.1,86,8.4
0060,2025-03-31T09:00:00Z,56.5,85,9.7
0060,2025-03-31T10:00:00Z,50.9,92,10.3
0060,2025-03-31T11:00:00Z,46.2,99,10.3
0060,2025-03-31T12:00:00Z,46.4,91,10.7
0060,2025-03-31T13:00:00Z,45,89,8.9
0060,2025-03-31T14:00:00Z,44.8,84,9.7
0060,2025-03-31T15:00:00Z,44.1,82,10.1
0060,2025-03-31T16:00:00Z,43,82,9.9
0060,2025-03-31T17:00:00Z,42.4,79,9.1
0060,2025-03-31T18:00:00Z,41.9,79,7.8
0060,2025-03-31T19:00:00Z,42.1,78,7
0060,2025-03-31T20:00:00Z,41.4,77,7.4
0060,2025-03-31T21:00:00Z,40.6,77,7.4
0060,2025-03-31T22:00:00Z,40.3,76,7.2
0060,2025-03-31T23:00:00Z,40.1,76,8.7
0060,2025-04-01T00:00:00Z,38.7,82,8.7
0060,2025-04-01T01:00:00Z,37.8,82,8.7
0060,2025-04-01T02:00:00Z,37.6,81,9.3
0060,2025-04-01T03:00:00Z,36.9,82,9.1
0060,2025-04-01T04:00:00Z,36.5,80,9.7
0060,2025-04-01T05:00:00Z,36.3,76,9.5
0060,2025-04-01T06:00:00Z,35.6,78,8.2
0060,2025-04-01T07:00:00Z,35.4,73,9.3
0060,2025-04-01T08:00:00Z,34.5,72,10.3
0060,2025-04-01T09:00:00Z,33.8,74,8.9
0060,2025-04-01T10:00:00Z,33.6,71,8
0060,2025-04-01T11:00:00Z,33.6,70,7.6
0060,2025-04-01T12:00:00Z,33.4,70,7.8
0060,2025-04-01T13:00:00Z,33.8,66,6.6
0060,2025-04-01T14:00:00Z,34.7,65,6.4
0060,2025-04-01T15:00:00Z,35.4,63,7
0060,2025-04-01T16:00:00Z,36,62,7.6
0060,2025-04-01T17:00:00Z,36,63,6.8
0060,2025-04-01T18:00:00Z,36.7,63,8.2
0060,2025-04-01T19:00:00Z,36.5,65,9.7
0060,2025-04-01T20:00:00Z,36.9,61,10.3
0060,2025-04-01T21:00:00Z,37.8,59,8
0060,2025-04-01T22:00:00Z,38.1,59,6
0060,2025-04-01T23:00:00Z,38.3,56,5.6
0060,2025-04-02T00:00:00Z,37.9,58,6.4
0060,2025-04-02T01:00:00Z,38.1,58,5.8
0060,2025-04-02T02:00:00Z,38.5,56,6.2
0060,2025-04-02T03:00:00Z,38.7,54,6.6
0060,2025-04-02T04:00:00Z,39,54,5.8
0060,2025-04-02T05:00:00Z,38.7,55,5.8
0060,2025-04-02T06:00:00Z,39.6,54,6.8
0060,2025-04-02T07:00:00Z,40.3,53,5.8
0060,2025-04-02T08:00:00Z,40.6,53,6.8
0060,2025-04-02T09:00:00Z,41.2,52,7.2
0060,2025-04-02T10:00:00Z,41.2,52,8.7
0060,2025-04-02T11:00:00Z,41.7,53,8.9
0060,2025-04-02T12:00:00Z,43,52,10.1
0060,2025-04-02T13:00:00Z,43.9,57,8.7
0060,2025-04-02T14:00:00Z,42.1,74,8.4
0060,2025-04-02T15:00:00Z,39.9,92,6.2
0060,2025-04-02T16:00:00Z,42.4,90,6.8
0060,2025-04-02T17:00:00Z,45.5,84,7.6
0060,2025-04-02T18:00:00Z,47.3,82,10.3
0060,2025-04-02T19:00:00Z,50.9,79,15
0060,2025-04-02T20:00:00Z,53.8,76,13.4
0060,2025-04-02T21:00:00Z,56.1,73,13.8
0060,2025-04-02T22:00:00Z,58.1,73,11.7
0060,2025-04-02T23:00:00Z,59.4,72,12.8
0060,2025-04-03T00:00:00Z,61,71,13.4
0060,2025-04-03T01:00:00Z,63.1,70,13.6
0060,2025-04-03T02:00:00Z,64.6,69,13.4
0060,2025-04-03T03:00:00Z,66.4,67,14.4
0060,2025-04-03T04:00:00Z,65.5,75,10.5
0060,2025-04-03T05:00:00Z,61.3,95,9.3
0060,2025-04-03T06:00:00Z,61.7,94,11.7
0060,2025-04-03T07:00:00Z,62.6,87,11.3
0060,2025-04-03T08:00:00Z,62.6,85,10.9
0060,2025-04-03T09:00:00Z,63.3,83,10.5
0060,2025-04-03T10:00:00Z,64.4,81,9.7
0060,2025-04-03T11:00:00Z,65.8,77,11.8
0060,2025-04-03T12:00:00Z,66.6,76,12
0060,2025-04-03T13:00:00Z,60.4,72,9.9
0060,2025-04-03T14:00:00Z,65.5,53,10.9
0060,2025-04-03T15:00:00Z,66.6,44,12.2
0060,2025-04-03T16:00:00Z,67.5,40,12.6
0060,2025-04-03T17:00:00Z,69.1,33,13.6
0060,2025-04-03T18:00:00Z,66.7,35,10.9
0060,2025-04-03T19:00:00Z,62.2,48,10.5
0060,2025-04-03T20:00:00Z,64.6,41,10.3
0060,2025-04-03T21:00:00Z,63,43,7.2
0060,2025-04-03T22:00:00Z,56.7,62,8.5
0060,2025-04-03T23:00:00Z,58.8,56,4.5
0060,2025-04-04T00:00:00Z,58.6,57,3.9
0060,2025-04-04T01:00:00Z,57,62,4.5
0060,2025-04-04T02:00:00Z,54.9,66,5
0060,2025-04-04T03:00:00Z,52,62,7.6
0060,2025-04-04T04:00:00Z,47.3,74,7.6
0060,2025-04-04T05:00:00Z,47.3,72,7.4
0060,2025-04-04T06:00:00Z,46.8,73,7.2
0060,2025-04-04T07:00:00Z,46.4,64,7.2
0060,2025-04-04T08:00:00Z,45.9,69,6.6
0060,2025-04-04T09:00:00Z,44.8,76,6.2
0060,2025-04-04T10:00:00Z,44.6,72,5.4
0060,2025-04-04T11:00:00Z,44.8,69,7.2
0060,2025-04-04T12:00:00Z,45.1,70,7
0060,2025-04-04T13:00:00Z,46,70,9.3
0060,2025-04-04T14:00:00Z,45.7,71,10.1
0060,2025-04-04T15:00:00Z,46.6,70,10.5
0060,2025-04-04T16:00:00Z,46.9,67,10.9
0060,2025-04-04T17:00:00Z,47.3,66,11.8
0060,2025-04-04T18:00:00Z,45.9,67,11.7
0060,2025-04-04T19:00:00Z,45.7,69,10.9
0060,2025-04-04T20:00:00Z,46.6,69,6
0060,2025-04-04T21:00:00Z,49.6,57,4.3
0060,2025-04-04T22:00:00Z,50.4,56,5.2
0060,2025-04-04T23:00:00Z,50.2,59,6.4
0060,2025-04-05T00:00:00Z,49.5,65,4.1
0060,2025-04-05T01:00:00Z,49.1,65,4.9
0060,2025-04-05T02:00:00Z,50.2,69,3.9
0060,2025-04-05T03:00:00Z,51.3,66,2.7
0060,2025-04-05T04:00:00Z,51.4,67,2.5
0060,2025-04-05T05:00:00Z,50.7,76,6.4
0060,2025-04-05T06:00:00Z,48.9,92,9.5
0060,2025-04-05T07:00:00Z,49.8,97,8.9
0060,2025-04-05T08:00:00Z,51.8,99,8.9
0060,2025-04-05T09:00:00Z,52.7,99,10.1
0060,2025-04-05T10:00:00Z,55.9,99,10.5
0060,2025-04-05T11:00:00Z,57.6,96,9.1
0060,2025-04-05T12:00:00Z,58.5,95,8.9
0060,2025-04-05T13:00:00Z,57.6,94,4.7
0060,2025-04-05T14:00:00Z,62.1,88,5.6
0060,2025-04-05T15:00:00Z,62.6,87,8.7
0060,2025-04-05T16:00:00Z,63.5,87,9.7
0060,2025-04-05T17:00:00Z,53.8,91,9.9
0060,2025-04-05T18:00:00Z,45.3,98,5.4
0060,2025-04-05T19:00:00Z,44.8,99,6.2
0060,2025-04-05T20:00:00Z,44.8,100,7.4
0060,2025-04-05T21:00:00Z,45,100,7.2
0060,2025-04-05T22:00:00Z,44.8,100,6.4
0060,2025-04-05T23:00:00Z,44.6,100,4.9
0060,2025-04-06T00:00:00Z,44.6,99,4.1
0060,2025-04-06T01:00:00Z,44.8,99,0.2
0060,2025-04-06T02:00:00Z,44.8,98,3.3
0060,2025-04-06T03:00:00Z,44.2,98,5.4
0060,2025-04-06T04:00:00Z,43.9,100,3.7
0060,2025-04-06T05:00:00Z,43.9,100,2.9
0060,2025-04-06T06:00:00Z,43.2,99,5.6
0060,2025-04-06T07:00:00Z,37.9,99,15.1
0060,2025-04-06T08:00:00Z,36.7,90,13.2
0060,2025-04-06T09:00:00Z,37.6,79,8.7
0060,2025-04-06T10:00:00Z,37.4,74,10.9
0060,2025-04-06T11:00:00Z,36.5,69,10.1
0060,2025-04-06T12:00:00Z,37,64,7.2
0060,2025-04-06T13:00:00Z,37,65,7.6
0060,2025-04-06T14:00:00Z,36.7,68,9.3
0060,2025-04-06T15:00:00Z,36.5,69,8.9
0060,2025-04-06T16:00:00Z,36.7,65,8.5
0060,2025-04-06T17:00:00Z,36.7,65,8.2
0060,2025-04-06T18:00:00Z,36.7,64,7
0060,2025-04-06T19:00:00Z,36.3,64,6
0060,2025-04-06T20:00:00Z,37,64,4.3
0060,2025-04-06T21:00:00Z,37.2,61,4.1
0060,2025-04-06T22:00:00Z,36.9,63,4.7
0060,2025-04-06T23:00:00Z,37.2,62,3.3
0060,2025-04-07T00:00:00Z,37.4,63,4.1
0060,2025-04-07T01:00:00Z,37.4,63,3.3
0060,2025-04-07T02:00:00Z,35.1,80,5.6
0060,2025-04-07T03:00:00Z,33.6,89,4.5
0060,2025-04-07T04:00:00Z,33.8,89,3.5
0060,2025-04-07T05:00:00Z,33.8,89,2.7
0060,2025-04-07T06:00:00Z,32.7,91,3.3
0060,2025-04-07T07:00:00Z,32.4,92,3.1
0060,2025-04-07T08:00:00Z,32.2,93,3.1
0060,2025-04-07T09:00:00Z,32.2,93,3.5
0060,2025-04-07T10:00:00Z,32,93,2.3
0060,2025-04-07T11:00:00Z,34.3,88,3.5
0060,2025-04-07T12:00:00Z,35.8,83,5.4
0060,2025-04-07T13:00:00Z,40.3,67,4.3
0060,2025-04-07T14:00:00Z,43.3,56,4.9
0060,2025-04-07T15:00:00Z,44.8,54,8.4
0060,2025-04-07T16:00:00Z,47.5,45,9.1
0060,2025-04-07T17:00:00Z,49.6,41,9.1
0060,2025-04-07T18:00:00Z,50.9,42,10.9
0060,2025-04-07T19:00:00Z,47.1,61,11.7
0060,2025-04-07T20:00:00Z,38.1,88,11.8
0060,2025-04-07T21:00:00Z,34.9,89,12
0060,2025-04-07T22:00:00Z,34.5,82,9.9
0060,2025-04-07T23:00:00Z,34.7,75,10.3
0060,2025-04-08T00:00:00Z,33.6,76,9.3
0060,2025-04-08T01:00:00Z,32.9,75,9.1
0060,2025-04-08T02:00:00Z,32,75,10.1
0060,2025-04-08T03:00:00Z,31.8,73,10.3
0060,2025-04-08T04:00:00Z,31.3,73,10.9
0060,2025-04-08T05:00:00Z,30.6,62,10.1
0060,2025-04-08T06:00:00Z,29.8,60,10.1
0060,2025-04-08T07:00:00Z,28.8,62,12.2
0060,2025-04-08T08:00:00Z,28.4,61,10.9
0060,2025-04-08T09:00:00Z,28.6,62,8.5
0060,2025-04-08T10:00:00Z,28.4,61,8.5
0060,2025-04-08T11:00:00Z,28.6,59,8
0060,2025-04-08T12:00:00Z,28.9,57,8
0060,2025-04-08T13:00:00Z,29.5,57,8.5
0060,2025-04-08T14:00:00Z,29.8,62,8.2
0060,2025-04-08T15:00:00Z,31.3,56,9.3
0060,2025-04-08T16:00:00Z,32.7,52,9.1
0060,2025-04-08T17:00:00Z,33.1,52,9.5
0060,2025-04-08T18:00:00Z,34.2,53,10.1
0060,2025-04-08T19:00:00Z,34.9,51,9.9
0060,2025-04-08T20:00:00Z,35.8,48,8.2
0060,2025-04-08T21:00:00Z,36.1,47,7.2
0060,2025-04-08T22:00:00Z,36.3,48,7
0060,2025-04-08T23:00:00Z,35.4,62,5.2
0060,2025-04-09T00:00:00Z,34.5,68,4.9
0060,2025-04-09T01:00:00Z,34.3,67,3.7
0060,2025-04-09T02:00:00Z,34,68,2.5
0060,2025-04-09T03:00:00Z,33.8,75,2.9
0060,2025-04-09T04:00:00Z,35.1,56,3.7
0060,2025-04-09T05:00:00Z,34.9,54,4.9
0060,2025-04-09T06:00:00Z,34.5,56,4.7
0060,2025-04-09T07:00:00Z,34.2,62,2.9
0060,2025-04-09T08:00:00Z,33.3,70,2.7
0060,2025-04-09T09:00:00Z,32.2,78,2.5
0060,2025-04-09T10:00:00Z,31.8,81,2.9
0060,2025-04-09T11:00:00Z,35.4,71,2.7
0060,2025-04-09T12:00:00Z,37.8,57,2.7
0060,2025-04-09T13:00:00Z,39.4,49,4.3
0060,2025-04-09T14:00:00Z,41.7,40,3.3
0060,2025-04-09T15:00:00Z,43.2,36,2.5
0060,2025-04-09T16:00:00Z,42.8,40,5
0060,2025-04-09T17:00:00Z,43.5,40,5.8
0060,2025-04-09T18:00:00Z,44.6,40,6.4
0060,2025-04-09T19:00:00Z,43.7,40,6.8
0060,2025-04-09T20:00:00Z,43.3,41,6.6
0060,2025-04-09T21:00:00Z,43.9,37,6
0060,2025-04-09T22:00:00Z,43.9,38,4.7
0060,2025-04-09T23:00:00Z,45,41,2.5
0060,2025-04-10T00:00:00Z,45.1,48,6
0060,2025-04-10T01:00:00Z,43.3,62,5.6
0060,2025-04-10T02:00:00Z,40.1,82,6
0060,2025-04-10T03:00:00Z,38.7,89,4.9
0060,2025-04-10T04:00:00Z,38.1,91,4.3
0060,2025-04-10T05:00:00Z,37.2,93,5.2
0060,2025-04-10T06:00:00Z,37.4,94,5
0060,2025-04-10T07:00:00Z,37.9,94,6
0060,2025-04-10T08:00:00Z,38.7,94,6
0060,2025-04-10T09:00:00Z,39.4,95,6
0060,2025-04-10T10:00:00Z,39.9,94,6.4
0060,2025-04-10T11:00:00Z,40.5,95,6.6
0060,2025-04-10T12:00:00Z,41.2,95,6.8
0060,2025-04-10T13:00:00Z,42.3,94,5.6
0060,2025-04-10T14:00:00Z,43.2,94,6.4
0060,2025-04-10T15:00:00Z,44.2,93,5.6
0060,2025-04-10T16:00:00Z,45.5,92,1.2
0060,2025-04-10T17:00:00Z,45.9,90,2.9
0060,2025-04-10T18:00:00Z,44.4,94,4.9
0060,2025-04-10T19:00:00Z,42.4,98,4.9
0060,2025-04-10T20:00:00Z,41.4,99,5.6
0060,2025-04-10T21:00:00Z,39.4,99,7.8
0060,2025-04-10T22:00:00Z,37.8,99,9.7
0060,2025-04-10T23:00:00Z,37.4,98,9.3
0060,2025-04-11T00:00:00Z,36.9,97,8.7
0060,2025-04-11T01:00:00Z,36.9,94,7
0060,2025-04-11T02:00:00Z,36.9,93,6
0060,2025-04-11T03:00:00Z,36.7,92,6.2
0060,2025-04-11T04:00:00Z,36.5,91,7.4
0060,2025-04-11T05:00:00Z,36.5,89,7.4
0060,2025-04-11T06:00:00Z,36.5,86,6.8
0060,2025-04-11T07:00:00Z,36.7,88,6.2
0060,2025-04-11T08:00:00Z,36.9,86,6.6
0060,2025-04-11T09:00:00Z,37,87,7.4
0060,2025-04-11T10:00:00Z,36.7,87,7.6
0060,2025-04-11T11:00:00Z,37,86,7.6
0060,2025-04-11T12:00:00Z,37.4,87,7.8
0060,2025-04-11T13:00:00Z,37.8,86,8.5
0060,2025-04-11T14:00:00Z,38.1,85,8.7
0060,2025-04-11T15:00:00Z,38.3,85,8.2
0060,2025-04-11T16:00:00Z,38.7,83,8.5
0060,2025-04-11T17:00:00Z,39.7,78,8.7
0060,2025-04-11T18:00:00Z,41.4,74,8
0060,2025-04-11T19:00:00Z,41.5,74,6.6
0060,2025-04-11T20:00:00Z,43,69,4.1
0060,2025-04-11T21:00:00Z,42.4,69,4.5
0060,2025-04-11T22:00:00Z,41,73,3.9
0060,2025-04-11T23:00:00Z,40.8,75,3.5
0060,2025-04-12T00:00:00Z,41.4,72,4.1
0060,2025-04-12T01:00:00Z,41.7,71,5.8
0060,2025-04-12T02:00:00Z,41.9,74,5.6
0060,2025-04-12T03:00:00Z,41.7,68,6
0060,2025-04-12T04:00:00Z,40.6,69,5.4
0060,2025-04-12T05:00:00Z,39.7,77,5.4
0060,2025-04-12T06:00:00Z,39.2,78,4.9
0060,2025-04-12T07:00:00Z,39.4,78,5.6
0060,2025-04-12T08:00:00Z,38.8,82,6.2
0060,2025-04-12T09:00:00Z,38.8,85,6
0060,2025-04-12T10:00:00Z,39.2,90,4.5
0060,2025-04-12T11:00:00Z,40.3,88,4.7
0060,2025-04-12T12:00:00Z,40.3,87,7.6
0060,2025-04-12T13:00:00Z,40.5,86,6.6
0060,2025-04-12T14:00:00Z,41.2,85,7
0060,2025-04-12T15:00:00Z,41.2,85,7.4
0060,2025-04-12T16:00:00Z,41.5,83,7.4
0060,2025-04-12T17:00:00Z,42.1,80,7.2
0060,2025-04-12T18:00:00Z,43.2,75,6.4
0060,2025-04-12T19:00:00Z,44.4,69,5.4
0060,2025-04-12T20:00:00Z,45.7,66,3.9
0060,2025-04-12T21:00:00Z,45,70,6.2
0060,2025-04-12T22:00:00Z,44.6,70,4.5
0060,2025-04-12T23:00:00Z,44.1,67,2.1
0060,2025-04-13T00:00:00Z,43.7,68,1.4
0060,2025-04-13T01:00:00Z,42.8,72,2.5
0060,2025-04-13T02:00:00Z,41.5,76,1.7
0060,2025-04-13T03:00:00Z,40.3,79,1.9
0060,2025-04-13T04:00:00Z,39.6,79,2.3
0060,2025-04-13T05:00:00Z,38.3,83,2.3
0060,2025-04-13T06:00:00Z,36.9,86,3.1
0060,2025-04-13T07:00:00Z,35.2,90,3.3
0060,2025-04-13T08:00:00Z,34.5,91,2.9
0060,2025-04-13T09:00:00Z,33.8,92,2.3
0060,2025-04-13T10:00:00Z,35.2,90,2.7
0060,2025-04-13T11:00:00Z,43,72,2.7
0060,2025-04-13T12:00:00Z,49.3,54,3.3
0060,2025-04-13T13:00:00Z,52.9,40,2.7
0060,2025-04-13T14:00:00Z,55.8,36,2.3
0060,2025-04-13T15:00:00Z,57.6,33,1.7
0060,2025-04-13T16:00:00Z,55.9,38,6.6
0060,2025-04-13T17:00:00Z,56.3,37,6.4
0060,2025-04-13T18:00:00Z,55.6,38,6.4
0060,2025-04-13T19:00:00Z,55.2,37,5.8
0060,2025-04-13T20:00:00Z,55.4,37,4.5
0060,2025-04-13T21:00:00Z,56.8,37,1.4
0060,2025-04-13T22:00:00Z,57.2,38,7.2
0060,2025-04-13T23:00:00Z,56.7,39,7
0060,2025-04-14T00:00:00Z,56.3,40,6.4
0060,2025-04-14T01:00:00Z,55.9,41,5.8
0060,2025-04-14T02:00:00Z,55.4,45,6.6
0060,2025-04-14T03:00:00Z,54.3,51,7.2
0060,2025-04-14T04:00:00Z,54,53,6.8
0060,2025-04-14T05:00:00Z,54,53,7.8
0060,2025-04-14T06:00:00Z,54,52,9.7
0060,2025-04-14T07:00:00Z,54,52,10.7
0060,2025-04-14T08:00:00Z,54,52,9.7
0060,2025-04-14T09:00:00Z,54.1,51,9.9
0060,2025-04-14T10:00:00Z,54.1,51,9.7
0060,2025-04-14T11:00:00Z,55.8,49,9.1
0060,2025-04-14T12:00:00Z,60.1,45,8.5
0060,2025-04-14T13:00:00Z,63.7,45,8.4
0060,2025-04-14T14:00:00Z,64.8,48,9.7
0060,2025-04-14T15:00:00Z,66.9,50,9.9
0060,2025-04-14T16:00:00Z,69.3,50,9.7
0060,2025-04-14T17:00:00Z,70.7,50,12
0060,2025-04-14T18:00:00Z,71.4,50,11.8
0060,2025-04-14T19:00:00Z,66.4,57,9.5
0060,2025-04-14T20:00:00Z,66.7,54,8.5
0060,2025-04-14T21:00:00Z,69.3,40,10.7
0060,2025-04-14T22:00:00Z,68.4,31,10.1
0060,2025-04-14T23:00:00Z,66.4,29,10.7
0060,2025-04-15T00:00:00Z,61.3,39,11.8
0060,2025-04-15T01:00:00Z,57.7,48,10.5
0060,2025-04-15T02:00:00Z,54,56,10.1
0060,2025-04-15T03:00:00Z,55.4,48,5.6
0060,2025-04-15T04:00:00Z,54.9,52,7.4
0060,2025-04-15T05:00:00Z,53.6,54,5.8
0060,2025-04-15T06:00:00Z,52.5,55,7.4
0060,2025-04-15T07:00:00Z,51.1,58,5.8
0060,2025-04-15T08:00:00Z,49.6,60,4.7
0060,2025-04-15T09:00:00Z,48,64,7
0060,2025-04-15T10:00:00Z,48.4,59,8.2
0060,2025-04-15T11:00:00Z,47.5,62,13.4
0060,2025-04-15T12:00:00Z,47.5,66,8.2
0060,2025-04-15T13:00:00Z,48.9,57,14
0060,2025-04-15T14:00:00Z,46.8,69,15.7
0060,2025-04-15T15:00:00Z,44.4,74,16.3
0060,2025-04-15T16:00:00Z,43.3,73,15.7
0060,2025-04-15T17:00:00Z,43.9,70,16.3
0060,2025-04-15T18:00:00Z,44.2,68,16.5
0060,2025-04-15T19:00:00Z,44.2,68,16.9
0060,2025-04-15T20:00:00Z,44.1,71,15.9
0060,2025-04-15T21:00:00Z,43.5,73,17.7
0060,2025-04-15T22:00:00Z,43.5,73,15.3
0060,2025-04-15T23:00:00Z,43.9,72,14
0060,2025-04-16T00:00:00Z,44.2,73,11.8
0060,2025-04-16T01:00:00Z,44.8,72,12
0060,2025-04-16T02:00:00Z,44.6,73,11.8
0060,2025-04-16T03:00:00Z,43.7,77,12.2
0060,2025-04-16T04:00:00Z,43.2,78,12.2
0060,2025-04-16T05:00:00Z,42.6,80,9.3
0060,2025-04-16T06:00:00Z,41.9,82,10.3
0060,2025-04-16T07:00:00Z,41.2,79,8.5
0060,2025-04-16T08:00:00Z,39.6,72,7.8
0060,2025-04-16T09:00:00Z,38.3,73,7.8
0060,2025-04-16T10:00:00Z,37.8,71,6.8
0060,2025-04-16T11:00:00Z,37.9,71,6.6
0060,2025-04-16T12:00:00Z,38.1,70,7.2
0060,2025-04-16T13:00:00Z,38.7,68,6.2
0060,2025-04-16T14:00:00Z,39.2,68,7.2
0060,2025-04-16T15:00:00Z,39.7,66,7.8
0060,2025-04-16T16:00:00Z,40.3,68,8
0060,2025-04-16T17:00:00Z,41.7,63,11.1
0060,2025-04-16T18:00:00Z,42.4,61,10.5
0060,2025-04-16T19:00:00Z,43.9,59,8.9
0060,2025-04-16T20:00:00Z,44.8,57,8.5
0060,2025-04-16T21:00:00Z,45.5,53,8
0060,2025-04-16T22:00:00Z,45.9,51,7.2
0060,2025-04-16T23:00:00Z,45.3,52,3.7
0060,2025-04-17T00:00:00Z,44.4,53,2.5
0060,2025-04-17T01:00:00Z,43.3,55,1.9
0060,2025-04-17T02:00:00Z,41.4,64,2.5
0060,2025-04-17T03:00:00Z,39,70,2.9
0060,2025-04-17T04:00:00Z,37.6,72,2.1
0060,2025-04-17T05:00:00Z,37,73,2.5
0060,2025-04-17T06:00:00Z,36.7,74,3.1
0060,2025-04-17T07:00:00Z,35.2,78,2.9
0060,2025-04-17T08:00:00Z,34.2,81,3.9
0060,2025-04-17T09:00:00Z,34,82,3.9
0060,2025-04-17T10:00:00Z,36,78,2.7
0060,2025-04-17T11:00:00Z,41,70,3.7
0060,2025-04-17T12:00:00Z,47.3,56,3.9
0060,2025-04-17T13:00:00Z,51.6,43,4.7
0060,2025-04-17T14:00:00Z,53.4,37,6
0060,2025-04-17T15:00:00Z,55.9,36,2.5
0060,2025-04-17T16:00:00Z,54.5,44,6.6
0060,2025-04-17T17:00:00Z,55.8,43,6.8
0060,2025-04-17T18:00:00Z,56.3,40,7.2
0060,2025-04-17T19:00:00Z,55.6,41,7.6
0060,2025-04-17T20:00:00Z,56.8,41,5.4
0060,2025-04-17T21:00:00Z,60.4,32,4.1
0060,2025-04-17T22:00:00Z,60.4,30,6.6
0060,2025-04-17T23:00:00Z,59.2,32,5.4
0060,2025-04-18T00:00:00Z,58.6,32,5.6
0060,2025-04-18T01:00:00Z,57.6,34,5.6
0060,2025-04-18T02:00:00Z,56.7,36,5.8
0060,2025-04-18T03:00:00Z,55.6,37,5.4
0060,2025-04-18T04:00:00Z,55,38,7.2
0060,2025-04-18T05:00:00Z,55.4,37,9.3
0060,2025-04-18T06:00:00Z,55.6,34,10.3
0060,2025-04-18T07:00:00Z,55.9,32,10.7
0060,2025-04-18T08:00:00Z,56.1,32,11.3
0060,2025-04-18T09:00:00Z,56.3,32,10.9
0060,2025-04-18T10:00:00Z,57.9,31,10.9
0060,2025-04-18T11:00:00Z,63.3,31,12.2
0060,2025-04-18T12:00:00Z,65.3,32,13.8
0060,2025-04-18T13:00:00Z,68.9,33,14
0060,2025-04-18T14:00:00Z,72.3,35,14
0060,2025-04-18T15:00:00Z,73.8,39,11.7
0060,2025-04-18T16:00:00Z,74.5,43,8
0060,2025-04-18T17:00:00Z,75.9,41,9.5
0060,2025-04-18T18:00:00Z,79.5,39,12.2
0060,2025-04-18T19:00:00Z,81,36,13.4
0060,2025-04-18T20:00:00Z,82.2,32,14.2
0060,2025-04-18T21:00:00Z,81.3,32,14.6
0060,2025-04-18T22:00:00Z,79.3,32,14.6
0060,2025-04-18T23:00:00Z,78.3,32,12
0060,2025-04-19T00:00:00Z,76.5,34,8.2
0060,2025-04-19T01:00:00Z,75.6,36,7
0060,2025-04-19T02:00:00Z,75,38,8.4
0060,2025-04-19T03:00:00Z,74.3,40,9.3
0060,2025-04-19T04:00:00Z,74.1,52,11.8
0060,2025-04-19T05:00:00Z,73,58,10.9
0060,2025-04-19T06:00:00Z,72.3,61,11.7
0060,2025-04-19T07:00:00Z,71.8,62,12
0060,2025-04-19T08:00:00Z,71.8,61,12.2
0060,2025-04-19T09:00:00Z,72,61,11.1
0060,2025-04-19T10:00:00Z,72,62,11.3
0060,2025-04-19T11:00:00Z,71.6,65,12.4
0060,2025-04-19T12:00:00Z,NA,NA,NA
0060,2025-04-19T13:00:00Z,NA,NA,NA
0060,2025-04-19T14:00:00Z,68.4,73,10.1
0060,2025-04-19T15:00:00Z,66.7,83,8.9
0060,2025-04-19T16:00:00Z,67.6,77,9.9
0060,2025-04-19T17:00:00Z,67.5,75,9.3
0060,2025-04-19T18:00:00Z,56.8,93,10.5
0060,2025-04-19T19:00:00Z,59.4,89,6
0060,2025-04-19T20:00:00Z,61,87,4.1
0060,2025-04-19T21:00:00Z,61.2,83,8.9
0060,2025-04-19T22:00:00Z,59.7,82,7.2
0060,2025-04-19T23:00:00Z,57.7,82,9.5
0060,2025-04-20T00:00:00Z,53.2,86,7.2
0060,2025-04-20T01:00:00Z,52.3,87,6.2
0060,2025-04-20T02:00:00Z,50.5,90,4.7
0060,2025-04-20T03:00:00Z,51.3,85,7
0060,2025-04-20T04:00:00Z,49.5,80,9.9
0060,2025-04-20T05:00:00Z,47.7,72,8.2
0060,2025-04-20T06:00:00Z,46.6,73,7.8
0060,2025-04-20T07:00:00Z,45.9,73,6.8
0060,2025-04-20T08:00:00Z,45.3,69,5.4
0060,2025-04-20T09:00:00Z,44.6,69,4.7
0060,2025-04-20T10:00:00Z,44.8,70,5.2
0060,2025-04-20T11:00:00Z,45.7,66,6.8
0060,2025-04-20T12:00:00Z,47.8,58,6
0060,2025-04-20T13:00:00Z,50.2,50,5.6
0060,2025-04-20T14:00:00Z,50,57,8.2
0060,2025-04-20T15:00:00Z,49.3,59,10.7
0060,2025-04-20T16:00:00Z,49.5,57,12
0060,2025-04-20T17:00:00Z,50,57,11.8
0060,2025-04-20T18:00:00Z,50.9,55,12.4
0060,2025-04-20T19:00:00Z,50.7,57,12.2
0060,2025-04-20T20:00:00Z,51.3,58,10.1
0060,2025-04-20T21:00:00Z,51.3,60,9.1
0060,2025-04-20T22:00:00Z,51.8,61,7.8
0060,2025-04-20T23:00:00Z,52.3,56,6.4
0060,2025-04-21T00:00:00Z,52.2,52,7.2
0060,2025-04-21T01:00:00Z,51.3,54,5.8
0060,2025-04-21T02:00:00Z,51.4,56,4.3
0060,2025-04-21T03:00:00Z,51.6,57,3.5
0060,2025-04-21T04:00:00Z,53.6,52,3.5
0060,2025-04-21T05:00:00Z,57.2,42,7
0060,2025-04-21T06:00:00Z,58.5,41,10.1
0060,2025-04-21T07:00:00Z,58.8,53,10.9
0060,2025-04-21T08:00:00Z,58.5,60,8.4
0060,2025-04-21T09:00:00Z,58.8,61,10.3
0060,2025-04-21T10:00:00Z,59.5,64,10.1
0060,2025-04-21T11:00:00Z,63.9,62,9.5
0060,2025-04-21T12:00:00Z,68.7,61,12.4
0060,2025-04-21T13:00:00Z,68.2,67,13.2
0060,2025-04-21T14:00:00Z,67.6,73,12.4
0060,2025-04-21T15:00:00Z,69.3,71,14
0060,2025-04-21T16:00:00Z,71.6,68,14
0060,2025-04-21T17:00:00Z,73.2,60,14.6
0060,2025-04-21T18:00:00Z,70.2,70,9.1
0060,2025-04-21T19:00:00Z,74.5,48,14.4
0060,2025-04-21T20:00:00Z,72.7,45,13.6
0060,2025-04-21T21:00:00Z,61.7,69,12.2
0060,2025-04-21T22:00:00Z,61.7,68,9.5
0060,2025-04-21T23:00:00Z,63.7,61,10.9
0060,2025-04-22T00:00:00Z,56.8,72,11.3
0060,2025-04-22T01:00:00Z,56.7,67,11.5
0060,2025-04-22T02:00:00Z,54.9,69,10.7
0060,2025-04-22T03:00:00Z,53.8,71,9.7
0060,2025-04-22T04:00:00Z,54.1,65,9.5
0060,2025-04-22T05:00:00Z,54,65,9.1
0060,2025-04-22T06:00:00Z,52.3,72,9.9
0060,2025-04-22T07:00:00Z,50,73,8
0060,2025-04-22T08:00:00Z,49.1,77,5.6
0060,2025-04-22T09:00:00Z,48.9,74,6.4
0060,2025-04-22T10:00:00Z,49.1,74,6
0060,2025-04-22T11:00:00Z,51.6,65,7.8
0060,2025-04-22T12:00:00Z,52.5,59,9.9
0060,2025-04-22T13:00:00Z,51.8,63,12.4
0060,2025-04-22T14:00:00Z,52,62,12.6
0060,2025-04-22T15:00:00Z,52,62,10.7
0060,2025-04-22T16:00:00Z,53.6,54,8.2
0060,2025-04-22T17:00:00Z,54.3,44,7.6
0060,2025-04-22T18:00:00Z,54.7,45,8.4
0060,2025-04-22T19:00:00Z,55,45,7
0060,2025-04-22T20:00:00Z,56.1,38,5
0060,2025-04-22T21:00:00Z,57,29,4.3
0060,2025-04-22T22:00:00Z,57.6,24,3.5
0060,2025-04-22T23:00:00Z,56.8,25,2.7
0060,2025-04-23T00:00:00Z,56.5,27,2.1
0060,2025-04-23T01:00:00Z,55.4,30,2.1
0060,2025-04-23T02:00:00Z,54.9,34,2.9
0060,2025-04-23T03:00:00Z,53.4,37,3.7
0060,2025-04-23T04:00:00Z,52.9,38,4.7
0060,2025-04-23T05:00:00Z,52.3,42,6.6
0060,2025-04-23T06:00:00Z,52.2,44,6.2
0060,2025-04-23T07:00:00Z,52.2,43,4.3
0060,2025-04-23T08:00:00Z,52.7,44,6
0060,2025-04-23T09:00:00Z,53.4,43,8.7
0060,2025-04-23T10:00:00Z,54,43,9.5
0060,2025-04-23T11:00:00Z,55.9,42,7
0060,2025-04-23T12:00:00Z,59.7,41,6.2
0060,2025-04-23T13:00:00Z,65.8,37,6
0060,2025-04-23T14:00:00Z,70.9,33,6.4
0060,2025-04-23T15:00:00Z,73.4,32,6.2
0060,2025-04-23T16:00:00Z,74.1,33,3.7
0060,2025-04-23T17:00:00Z,72,36,8.2
0060,2025-04-23T18:00:00Z,71.6,37,6.8
0060,2025-04-23T19:00:00Z,73.2,35,4.5
0060,2025-04-23T20:00:00Z,74.7,34,3.3
0060,2025-04-23T21:00:00Z,73.6,36,5.4
0060,2025-04-23T22:00:00Z,72.1,38,4.9
0060,2025-04-23T23:00:00Z,71.1,40,2.7
0060,2025-04-24T00:00:00Z,69.6,44,1.6
0060,2025-04-24T01:00:00Z,67.5,48,0.6
0060,2025-04-24T02:00:00Z,66.2,51,4.1
0060,2025-04-24T03:00:00Z,65.3,52,4.5
0060,2025-04-24T04:00:00Z,63.7,55,3.5
0060,2025-04-24T05:00:00Z,62.4,58,3.9
0060,2025-04-24T06:00:00Z,60.3,63,1.2
0060,2025-04-24T07:00:00Z,59,66,3.1
0060,2025-04-24T08:00:00Z,57.9,69,3.5
0060,2025-04-24T09:00:00Z,57,70,2.7
0060,2025-04-24T10:00:00Z,58.5,68,3.1
0060,2025-04-24T11:00:00Z,63.9,58,3.5
0060,2025-04-24T12:00:00Z,71.2,43,3.5
0060,2025-04-24T13:00:00Z,78.3,33,1.4
0060,2025-04-24T14:00:00Z,74.7,41,5.6
0060,2025-04-24T15:00:00Z,74.1,40,7.4
0060,2025-04-24T16:00:00Z,74.7,36,7.6
0060,2025-04-24T17:00:00Z,74.5,33,9.5
0060,2025-04-24T18:00:00Z,74.3,34,9.5
0060,2025-04-24T19:00:00Z,76.8,30,9.5
0060,2025-04-24T20:00:00Z,76.8,30,9.3
0060,2025-04-24T21:00:00Z,75.4,31,8.5
0060,2025-04-24T22:00:00Z,74.5,32,6.8
0060,2025-04-24T23:00:00Z,75.2,33,1.6
0060,2025-04-25T00:00:00Z,73.2,45,5.2
0060,2025-04-25T01:00:00Z,72.1,50,1.9
0060,2025-04-25T02:00:00Z,71.6,49,2.7
0060,2025-04-25T03:00:00Z,70.7,53,3.1
0060,2025-04-25T04:00:00Z,69.6,54,2.9
0060,2025-04-25T05:00:00Z,69.1,53,3.3
0060,2025-04-25T06:00:00Z,68.7,57,3.7
0060,2025-04-25T07:00:00Z,68,63,5
0060,2025-04-25T08:00:00Z,66.9,66,5.8
0060,2025-04-25T09:00:00Z,66.2,70,6
0060,2025-04-25T10:00:00Z,64.9,77,6
0060,2025-04-25T11:00:00Z,62.4,89,6.2
0060,2025-04-25T12:00:00Z,62.6,92,4.9
0060,2025-04-25T13:00:00Z,65.5,87,6
0060,2025-04-25T14:00:00Z,67.6,80,4.9
0060,2025-04-25T15:00:00Z,70.2,73,4.3
0060,2025-04-25T16:00:00Z,72.3,67,4.5
0060,2025-04-25T17:00:00Z,73.9,62,2.5
0060,2025-04-25T18:00:00Z,72.7,66,5.4
0060,2025-04-25T19:00:00Z,71.8,67,3.5
0060,2025-04-25T20:00:00Z,69.3,77,1.4
0060,2025-04-25T21:00:00Z,65.8,89,4.5
0060,2025-04-25T22:00:00Z,63.1,92,3.3
0060,2025-04-25T23:00:00Z,63.5,93,3.5
0060,2025-04-26T00:00:00Z,63.5,94,3.1
0060,2025-04-26T01:00:00Z,63.1,96,2.7
0060,2025-04-26T02:00:00Z,62.8,96,1.6
0060,2025-04-26T03:00:00Z,63,95,3.5
0060,2025-04-26T04:00:00Z,62.4,95,3.9
0060,2025-04-26T05:00:00Z,62.2,95,5.8
0060,2025-04-26T06:00:00Z,60.4,98,8.2
0060,2025-04-26T07:00:00Z,48.6,99,11.3
0060,2025-04-26T08:00:00Z,46.2,97,11.3
0060,2025-04-26T09:00:00Z,45.9,96,7.2
0060,2025-04-26T10:00:00Z,46,97,7
0060,2025-04-26T11:00:00Z,46,93,7.2
0060,2025-04-26T12:00:00Z,45.5,91,8.5
0060,2025-04-26T13:00:00Z,45.3,89,10.7
0060,2025-04-26T14:00:00Z,45.7,88,9.1
0060,2025-04-26T15:00:00Z,46.9,84,6.6
0060,2025-04-26T16:00:00Z,46.8,84,9.7
0060,2025-04-26T17:00:00Z,46.9,81,11.3
0060,2025-04-26T18:00:00Z,47.5,78,8.9
0060,2025-04-26T19:00:00Z,48,76,7
0060,2025-04-26T20:00:00Z,47.8,75,6.8
0060,2025-04-26T21:00:00Z,48.2,73,5.2
0060,2025-04-26T22:00:00Z,47.3,75,8.5
0060,2025-04-26T23:00:00Z,45.5,76,10.7
0060,2025-04-27T00:00:00Z,45.1,74,7.4
0060,2025-04-27T01:00:00Z,45,73,7.8
0060,2025-04-27T02:00:00Z,44.6,73,6.8
0060,2025-04-27T03:00:00Z,44.2,74,4.9
0060,2025-04-27T04:00:00Z,43.3,77,2.5
0060,2025-04-27T05:00:00Z,41.9,81,3.3
0060,2025-04-27T06:00:00Z,41.2,81,4.5
0060,2025-04-27T07:00:00Z,40.5,83,4.5
0060,2025-04-27T08:00:00Z,40.3,83,4.1
0060,2025-04-27T09:00:00Z,39.9,85,4.1
0060,2025-04-27T10:00:00Z,41.5,83,4.1
0060,2025-04-27T11:00:00Z,46.9,83,7
0060,2025-04-27T12:00:00Z,49.3,83,6.2
0060,2025-04-27T13:00:00Z,48.9,79,7.2
0060,2025-04-27T14:00:00Z,50.4,70,6.2
0060,2025-04-27T15:00:00Z,51.4,67,6.6
0060,2025-04-27T16:00:00Z,52.7,58,7.2
0060,2025-04-27T17:00:00Z,54.5,45,5.6
0060,2025-04-27T18:00:00Z,56.3,37,4.3
0060,2025-04-27T19:00:00Z,56.7,32,4.1
0060,2025-04-27T20:00:00Z,57.2,29,4.9
0060,2025-04-27T21:00:00Z,57.2,32,4.7
0060,2025-04-27T22:00:00Z,56.3,35,4.1
0060,2025-04-27T23:00:00Z,54.7,39,3.7
0060,2025-04-28T00:00:00Z,53.6,45,2.7
0060,2025-04-28T01:00:00Z,52.3,47,1.6
0060,2025-04-28T02:00:00Z,50.5,51,1.7
0060,2025-04-28T03:00:00Z,48.9,56,3.7
0060,2025-04-28T04:00:00Z,47.8,56,3.5
0060,2025-04-28T05:00:00Z,46.8,54,3.3
0060,2025-04-28T06:00:00Z,46.6,56,4.3
0060,2025-04-28T07:00:00Z,45.5,60,5.2
0060,2025-04-28T08:00:00Z,45.1,59,4.7
0060,2025-04-28T09:00:00Z,45.7,57,4.5
0060,2025-04-28T10:00:00Z,47.3,56,5.4
0060,2025-04-28T11:00:00Z,50.5,52,7.2
0060,2025-04-28T12:00:00Z,56.5,43,8.2
0060,2025-04-28T13:00:00Z,61.9,34,8.9
0060,2025-04-28T14:00:00Z,66,27,8.7
0060,2025-04-28T15:00:00Z,68.7,23,8.5
0060,2025-04-28T16:00:00Z,71.8,21,7.4
0060,2025-04-28T17:00:00Z,73.8,18,7.2
0060,2025-04-28T18:00:00Z,75,17,7.2
0060,2025-04-28T19:00:00Z,75.9,16,7.4
0060,2025-04-28T20:00:00Z,76.3,15,8
0060,2025-04-28T21:00:00Z,75.9,17,7.6
0060,2025-04-28T22:00:00Z,74.8,18,7.8
0060,2025-04-28T23:00:00Z,72.7,22,7.4
0060,2025-04-29T00:00:00Z,70.3,24,6.8
0060,2025-04-29T01:00:00Z,68.5,26,8
0060,2025-04-29T02:00:00Z,66.9,29,8.5
0060,2025-04-29T03:00:00Z,66.2,32,8.7
0060,2025-04-29T04:00:00Z,65.5,36,8.2
0060,2025-04-29T05:00:00Z,67.6,38,8.2
0060,2025-04-29T06:00:00Z,70.2,42,8.5
0060,2025-04-29T07:00:00Z,70.9,47,10.3
0060,2025-04-29T08:00:00Z,71.8,50,11.7
0060,2025-04-29T09:00:00Z,71.1,53,12
0060,2025-04-29T10:00:00Z,70.5,59,10.7
0060,2025-04-29T11:00:00Z,72.3,61,11.7
0060,2025-04-29T12:00:00Z,73.9,61,11.8
0060,2025-04-29T13:00:00Z,76.1,61,12
0060,2025-04-29T14:00:00Z,77.4,60,14.2
0060,2025-04-29T15:00:00Z,78.4,57,15.3
0060,2025-04-29T16:00:00Z,80.1,53,14
0060,2025-04-29T17:00:00Z,80.4,49,16.5
0060,2025-04-29T18:00:00Z,81.5,47,17.7
0060,2025-04-29T19:00:00Z,79.7,49,17.3
0060,2025-04-29T20:00:00Z,76.6,56,13.8
0060,2025-04-29T21:00:00Z,75,55,13.6
0060,2025-04-29T22:00:00Z,73.4,61,11.8
0060,2025-04-29T23:00:00Z,71.2,70,7.8
0060,2025-04-30T00:00:00Z,64,67,8.5
0060,2025-04-30T01:00:00Z,59.2,65,7.2
0060,2025-04-30T02:00:00Z,55,70,9.5
0060,2025-04-30T03:00:00Z,52.2,70,9.3
0060,2025-04-30T04:00:00Z,50,70,7.2
0060,2025-04-30T05:00:00Z,47.7,71,8.5
0060,2025-04-30T06:00:00Z,45.7,74,7.2
0060,2025-04-30T07:00:00Z,44.4,74,8.4
0060,2025-04-30T08:00:00Z,43.5,78,7.2
0060,2025-04-30T09:00:00Z,42.6,79,7
0060,2025-04-30T10:00:00Z,43,79,7.2
0060,2025-04-30T11:00:00Z,NA,NA,NA
0060,2025-04-30T12:00:00Z,NA,NA,NA
0060,2025-04-30T13:00:00Z,NA,NA,NA
0060,2025-04-30T14:00:00Z,NA,NA,NA
0060,2025-04-30T15:00:00Z,NA,NA,NA
0060,2025-04-30T16:00:00Z,NA,NA,NA
0060,2025-04-30T17:00:00Z,NA,NA,NA
0060,2025-04-30T18:00:00Z,46.4,76,8.4
0060,2025-04-30T19:00:00Z,47.7,73,7.4
0060,2025-04-30T20:00:00Z,48.7,63,6.8
0060,2025-04-30T21:00:00Z,50.4,52,6.2
0060,2025-04-30T22:00:00Z,51.1,50,5.4
0060,2025-04-30T23:00:00Z,51.4,47,5.4
0060,2025-05-01T00:00:00Z,51.6,49,5.2
0060,2025-05-01T01:00:00Z,52.5,49,2.9
0060,2025-05-01T02:00:00Z,53.6,51,3.1
0060,2025-05-01T03:00:00Z,53.8,56,1
0060,2025-05-01T04:00:00Z,53.8,60,3.3
0060,2025-05-01T05:00:00Z,53.6,60,3.5
0060,2025-05-01T06:00:00Z,53.4,59,2.5
0060,2025-05-01T07:00:00Z,53.8,59,3.3
0060,2025-05-01T08:00:00Z,54,59,2.5
0060,2025-05-01T09:00:00Z,54.1,62,3.7
0060,2025-05-01T10:00:00Z,NA,NA,NA
0060,2025-05-01T11:00:00Z,60.1,59,7.2
0060,2025-05-01T12:00:00Z,63,60,10.5
0060,2025-05-01T13:00:00Z,64.8,69,11.5
0060,2025-05-01T14:00:00Z,72.1,62,10.3
0060,2025-05-01T15:00:00Z,79.2,52,12.6
0060,2025-05-01T16:00:00Z,79.7,52,12.8
0060,2025-05-01T17:00:00Z,78.8,55,12
0060,2025-05-01T18:00:00Z,71.6,72,9.1
0060,2025-05-01T19:00:00Z,63.9,91,9.1
0060,2025-05-01T20:00:00Z,64.2,86,7.8
0060,2025-05-01T21:00:00Z,65.3,82,8.7
0060,2025-05-01T22:00:00Z,64.2,87,8
0060,2025-05-01T23:00:00Z,64,88,7.8
0060,2025-05-02T00:00:00Z,64.4,85,9.3
0060,2025-05-02T01:00:00Z,64.6,84,9.5
0060,2025-05-02T02:00:00Z,64.4,83,9.9
0060,2025-05-02T03:00:00Z,64.2,82,11.1
0060,2025-05-02T04:00:00Z,63.1,86,9.7
0060,2025-05-02T05:00:00Z,62.4,87,7.8
0060,2025-05-02T06:00:00Z,62.2,87,8.2
0060,2025-05-02T07:00:00Z,61.9,87,7.2
0060,2025-05-02T08:00:00Z,61.3,87,6.8
0060,2025-05-02T09:00:00Z,61,88,5.8
0060,2025-05-02T10:00:00Z,61.7,87,7.8
0060,2025-05-02T11:00:00Z,63,85,9.5
0060,2025-05-02T12:00:00Z,65.1,79,8.4
0060,2025-05-02T13:00:00Z,67.5,71,7.4
0060,2025-05-02T14:00:00Z,67.1,70,5.4
0060,2025-05-02T15:00:00Z,66,74,5.2
0060,2025-05-02T16:00:00Z,67.5,71,3.9
0060,2025-05-02T17:00:00Z,61.9,88,2.7
0060,2025-05-02T18:00:00Z,63.3,87,4.5
0060,2025-05-02T19:00:00Z,64.4,80,4.5
0060,2025-05-02T20:00:00Z,68.9,69,1.9
0060,2025-05-02T21:00:00Z,68.9,68,0.6
0060,2025-05-02T22:00:00Z,67.8,71,1.4
0060,2025-05-02T23:00:00Z,65.7,71,2.7
0060,2025-05-03T00:00:00Z,65.1,72,3.5
0060,2025-05-03T01:00:00Z,60.3,80,9.3
0060,2025-05-03T02:00:00Z,54,83,11.3
0060,2025-05-03T03:00:00Z,52.3,85,11.7
0060,2025-05-03T04:00:00Z,51.1,85,9.1
0060,2025-05-03T05:00:00Z,51.3,85,8.4
0060,2025-05-03T06:00:00Z,49.3,93,9.7
0060,2025-05-03T07:00:00Z,48.9,95,9.9
0060,2025-05-03T08:00:00Z,49.1,96,9.3
0060,2025-05-03T09:00:00Z,49.8,95,5.2
0060,2025-05-03T10:00:00Z,49.8,95,5.4
0060,2025-05-03T11:00:00Z,48.2,98,10.3
0060,2025-05-03T12:00:00Z,47.1,98,10.1
0060,2025-05-03T13:00:00Z,46.8,98,9.7
0060,2025-05-03T14:00:00Z,46,98,10.5
0060,2025-05-03T15:00:00Z,46.2,98,8.2
0060,2025-05-03T16:00:00Z,46.9,97,8
0060,2025-05-03T17:00:00Z,46.9,97,9.5
0060,2025-05-03T18:00:00Z,46.8,97,9.1
0060,2025-05-03T19:00:00Z,47.1,96,7.6
0060,2025-05-03T20:00:00Z,47.1,95,7.8
0060,2025-05-03T21:00:00Z,46.9,96,8.9
0060,2025-05-03T22:00:00Z,46.9,95,10.1
0060,2025-05-03T23:00:00Z,46.8,94,9.9
0060,2025-05-04T00:00:00Z,47.1,93,7.4
0060,2025-05-04T01:00:00Z,47.7,91,7.8
0060,2025-05-04T02:00:00Z,47.5,94,9.7
0060,2025-05-04T03:00:00Z,47.7,91,10.9
0060,2025-05-04T04:00:00Z,47.7,93,8.9
0060,2025-05-04T05:00:00Z,47.8,95,7.6
0060,2025-05-04T06:00:00Z,48,96,7.2
0060,2025-05-04T07:00:00Z,48.4,96,6
0060,2025-05-04T08:00:00Z,48.9,95,5.2
0060,2025-05-04T09:00:00Z,49.3,95,6
0060,2025-05-04T10:00:00Z,49.5,96,7.8
0060,2025-05-04T11:00:00Z,49.1,97,7.4
0060,2025-05-04T12:00:00Z,48.9,98,5.6
0060,2025-05-04T13:00:00Z,50,97,5
0060,2025-05-04T14:00:00Z,51.8,96,4.9
0060,2025-05-04T15:00:00Z,53.8,94,4.9
0060,2025-05-04T16:00:00Z,53.6,95,7.6
0060,2025-05-04T17:00:00Z,53.2,95,8.5
0060,2025-05-04T18:00:00Z,54.1,92,7.2
0060,2025-05-04T19:00:00Z,53.4,93,6.8
0060,2025-05-04T20:00:00Z,52.7,96,5
0060,2025-05-04T21:00:00Z,52.5,96,4.5
0060,2025-05-04T22:00:00Z,52.3,96,4.9
0060,2025-05-04T23:00:00Z,50.9,98,7.4
0060,2025-05-05T00:00:00Z,51.1,99,2.1
0060,2025-05-05T01:00:00Z,52.2,99,2.1
0060,2025-05-05T02:00:00Z,51.6,100,3.9
0060,2025-05-05T03:00:00Z,51.4,100,2.1
0060,2025-05-05T04:00:00Z,51.4,100,1.6
0060,2025-05-05T05:00:00Z,51.8,100,2.3
0060,2025-05-05T06:00:00Z,53.1,100,3.7
0060,2025-05-05T07:00:00Z,54,100,3.7
0060,2025-05-05T08:00:00Z,54.3,99,5
0060,2025-05-05T09:00:00Z,53.8,99,2.1
0060,2025-05-05T10:00:00Z,53.4,99,3.9
0060,2025-05-05T11:00:00Z,54.3,99,3.3
0060,2025-05-05T12:00:00Z,55,98,4.1
0060,2025-05-05T13:00:00Z,53.4,98,4.9
0060,2025-05-05T14:00:00Z,53.2,99,6
0060,2025-05-05T15:00:00Z,56.5,92,7.6
0060,2025-05-05T16:00:00Z,55.9,88,6.8
0060,2025-05-05T17:00:00Z,54.1,89,6.4
0060,2025-05-05T18:00:00Z,54.9,89,6.8
0060,2025-05-05T19:00:00Z,54.5,92,7.4
0060,2025-05-05T20:00:00Z,55.2,91,9.3
0060,2025-05-05T21:00:00Z,56.8,89,8.5
0060,2025-05-05T22:00:00Z,59.2,85,5.8
0060,2025-05-05T23:00:00Z,60.8,71,1.6
0060,2025-05-06T00:00:00Z,55.8,81,5
0060,2025-05-06T01:00:00Z,53.6,91,1.9
0060,2025-05-06T02:00:00Z,52.9,96,2.1
0060,2025-05-06T03:00:00Z,53.1,99,6
0060,2025-05-06T04:00:00Z,53.8,98,4.5
0060,2025-05-06T05:00:00Z,54.1,96,5.2
0060,2025-05-06T06:00:00Z,54,96,5.4
0060,2025-05-06T07:00:00Z,53.8,96,6
0060,2025-05-06T08:00:00Z,54,92,6.8
0060,2025-05-06T09:00:00Z,53.8,91,7.6
0060,2025-05-06T10:00:00Z,53.8,89,7.2
0060,2025-05-06T11:00:00Z,55.4,85,7
0060,2025-05-06T12:00:00Z,57,78,8.5
0060,2025-05-06T13:00:00Z,58.3,73,9.3
0060,2025-05-06T14:00:00Z,59.5,69,10.9
0060,2025-05-06T15:00:00Z,59.7,66,10.9
0060,2025-05-06T16:00:00Z,59.9,67,9.7
0060,2025-05-06T17:00:00Z,58.5,70,9.3
0060,2025-05-06T18:00:00Z,57.6,74,8.5
0060,2025-05-06T19:00:00Z,57,79,8.2
0060,2025-05-06T20:00:00Z,57.9,77,6.6
0060,2025-05-06T21:00:00Z,57.7,77,5.6
0060,2025-05-06T22:00:00Z,56.7,82,5.6
0060,2025-05-06T23:00:00Z,55,87,3.3
0060,2025-05-07T00:00:00Z,54.3,89,2.5
0060,2025-05-07T01:00:00Z,54.7,87,2.9
0060,2025-05-07T02:00:00Z,55.2,87,1
0060,2025-05-07T03:00:00Z,55.2,88,1.7
0060,2025-05-07T04:00:00Z,54.5,90,4.1
0060,2025-05-07T05:00:00Z,53.8,91,2.9
0060,2025-05-07T06:00:00Z,52.9,93,0.8
0060,2025-05-07T07:00:00Z,51.1,98,2.7
0060,2025-05-07T08:00:00Z,50.9,99,4.3
0060,2025-05-07T09:00:00Z,50.7,99,3.5
0060,2025-05-07T10:00:00Z,51.6,97,3.7
0060,2025-05-07T11:00:00Z,52.9,96,3.9
0060,2025-05-07T12:00:00Z,55,91,4.5
0060,2025-05-07T13:00:00Z,58.1,82,5
0060,2025-05-07T14:00:00Z,60.3,75,4.9
0060,2025-05-07T15:00:00Z,61.7,75,5.6
0060,2025-05-07T16:00:00Z,61.7,76,6.4
0060,2025-05-07T17:00:00Z,60.6,81,8
0060,2025-05-07T18:00:00Z,59.5,83,7
0060,2025-05-07T19:00:00Z,62.4,73,4.5
0060,2025-05-07T20:00:00Z,66.9,59,1.7
0060,2025-05-07T21:00:00Z,67.1,60,2.9
0060,2025-05-07T22:00:00Z,66.7,59,2.1
0060,2025-05-07T23:00:00Z,62.4,70,5.6
0060,2025-05-08T00:00:00Z,55.6,89,7.6
0060,2025-05-08T01:00:00Z,54.9,87,6.6
0060,2025-05-08T02:00:00Z,53.4,87,8
0060,2025-05-08T03:00:00Z,52,88,7.4
0060,2025-05-08T04:00:00Z,50.2,90,7.8
0060,2025-05-08T05:00:00Z,49.6,90,8
0060,2025-05-08T06:00:00Z,48.9,90,8.2
0060,2025-05-08T07:00:00Z,49.3,91,6
0060,2025-05-08T08:00:00Z,49.8,88,8.5
0060,2025-05-08T09:00:00Z,49.1,85,8.5
0060,2025-05-08T10:00:00Z,48.9,86,8.9
0060,2025-05-08T11:00:00Z,48.6,85,10.3
0060,2025-05-08T12:00:00Z,48.7,85,9.7
0060,2025-05-08T13:00:00Z,48.9,84,10.1
0060,2025-05-08T14:00:00Z,49.1,87,9.3
0060,2025-05-08T15:00:00Z,48,90,7.4
0060,2025-05-08T16:00:00Z,48,86,9.3
0060,2025-05-08T17:00:00Z,48.4,83,10.7
0060,2025-05-08T18:00:00Z,49.1,78,10.9
0060,2025-05-08T19:00:00Z,50,75,10.7
0060,2025-05-08T20:00:00Z,50.2,75,10.5
0060,2025-05-08T21:00:00Z,50.2,74,10.9
0060,2025-05-08T22:00:00Z,49.5,75,8.4
0060,2025-05-08T23:00:00Z,48.9,79,7.2
0060,2025-05-09T00:00:00Z,48.4,79,7.2
0060,2025-05-09T01:00:00Z,47.8,73,6.4
0060,2025-05-09T02:00:00Z,47.3,77,6
0060,2025-05-09T03:00:00Z,47.3,81,5.4
0060,2025-05-09T04:00:00Z,46.6,82,7.8
0060,2025-05-09T05:00:00Z,45.9,85,7.4
0060,2025-05-09T06:00:00Z,45.5,86,7.4
0060,2025-05-09T07:00:00Z,45.9,82,7.6
0060,2025-05-09T08:00:00Z,46,84,7.6
0060,2025-05-09T09:00:00Z,46,84,8
0060,2025-05-09T10:00:00Z,47.7,78,8.5
0060,2025-05-09T11:00:00Z,48.7,76,8.9
0060,2025-05-09T12:00:00Z,49.1,73,8.9
0060,2025-05-09T13:00:00Z,50.2,64,7.6
0060,2025-05-09T14:00:00Z,51.3,61,6.8
0060,2025-05-09T15:00:00Z,50.7,69,8
0060,2025-05-09T16:00:00Z,52.2,68,8
0060,2025-05-09T17:00:00Z,54.1,58,8
0060,2025-05-09T18:00:00Z,54.9,43,7
0060,2025-05-09T19:00:00Z,55.9,39,5.8
0060,2025-05-09T20:00:00Z,56.5,42,6.8
0060,2025-05-09T21:00:00Z,56.1,42,6.8
0060,2025-05-09T22:00:00Z,55.2,48,6.6
0060,2025-05-09T23:00:00Z,54.1,50,4.9
0060,2025-05-10T00:00:00Z,53.4,47,3.5
0060,2025-05-10T01:00:00Z,52.5,44,2.9
0060,2025-05-10T02:00:00Z,50.7,51,2.7
0060,2025-05-10T03:00:00Z,48.6,55,2.5
0060,2025-05-10T04:00:00Z,47.1,58,2.3
0060,2025-05-10T05:00:00Z,46,63,2.5
0060,2025-05-10T06:00:00Z,46.6,60,2.3
0060,2025-05-10T07:00:00Z,47.1,60,2.3
0060,2025-05-10T08:00:00Z,48.2,59,3.7
0060,2025-05-10T09:00:00Z,48.2,60,4.1
0060,2025-05-10T10:00:00Z,50.4,59,3.9
0060,2025-05-10T11:00:00Z,55,52,4.3
0060,2025-05-10T12:00:00Z,59.9,41,6.2
0060,2025-05-10T13:00:00Z,62.8,39,7.4
0060,2025-05-10T14:00:00Z,64.2,34,9.3
0060,2025-05-10T15:00:00Z,66.2,24,8.4
0060,2025-05-10T16:00:00Z,68.7,20,6.8
0060,2025-05-10T17:00:00Z,69.4,26,6.4
0060,2025-05-10T18:00:00Z,71.6,28,5
0060,2025-05-10T19:00:00Z,73.9,23,6.6
0060,2025-05-10T20:00:00Z,74.5,26,6
0060,2025-05-10T21:00:00Z,74.3,29,5.8
0060,2025-05-10T22:00:00Z,73.6,30,5.2
0060,2025-05-10T23:00:00Z,70.7,35,2.3
0060,2025-05-11T00:00:00Z,61.3,44,9.1
0060,2025-05-11T01:00:00Z,60.1,42,7.2
0060,2025-05-11T02:00:00Z,57.2,50,8
0060,2025-05-11T03:00:00Z,54.3,62,7.4
0060,2025-05-11T04:00:00Z,52.9,69,6.6
0060,2025-05-11T05:00:00Z,52,74,6.8
0060,2025-05-11T06:00:00Z,51.3,79,6
0060,2025-05-11T07:00:00Z,50.7,82,4.7
0060,2025-05-11T08:00:00Z,50.7,81,5.8
0060,2025-05-11T09:00:00Z,50.5,80,4.3
0060,2025-05-11T10:00:00Z,51.3,77,5.4
0060,2025-05-11T11:00:00Z,53.6,69,5.2
0060,2025-05-11T12:00:00Z,56.1,65,5.6
0060,2025-05-11T13:00:00Z,56.1,69,8.9
0060,2025-05-11T14:00:00Z,56.7,69,8.5
0060,2025-05-11T15:00:00Z,55.9,71,10.3
0060,2025-05-11T16:00:00Z,56.5,69,10.9
0060,2025-05-11T17:00:00Z,58.3,65,10.1
0060,2025-05-11T18:00:00Z,58.6,64,11.3
0060,2025-05-11T19:00:00Z,58.5,61,11.8
0060,2025-05-11T20:00:00Z,59.5,57,10.7
0060,2025-05-11T21:00:00Z,60.1,54,9.3
0060,2025-05-11T22:00:00Z,59.9,55,7.6
0060,2025-05-11T23:00:00Z,58.5,56,6.2
0060,2025-05-12T00:00:00Z,58.6,51,4.1
0060,2025-05-12T01:00:00Z,57.9,51,3.3
0060,2025-05-12T02:00:00Z,56.3,54,3.5
0060,2025-05-12T03:00:00Z,55.4,57,1.9
0060,2025-05-12T04:00:00Z,54,64,2.9
0060,2025-05-12T05:00:00Z,54.7,64,4.3
0060,2025-05-12T06:00:00Z,54.5,65,4.1
0060,2025-05-12T07:00:00Z,53.6,66,1.6
0060,2025-05-12T08:00:00Z,53.1,68,2.1
0060,2025-05-12T09:00:00Z,54,67,1.9
0060,2025-05-12T10:00:00Z,56.7,64,3.7
0060,2025-05-12T11:00:00Z,59.5,62,4.7
0060,2025-05-12T12:00:00Z,64.8,55,8
0060,2025-05-12T13:00:00Z,69.3,47,7.6
0060,2025-05-12T14:00:00Z,75.2,36,6.6
0060,2025-05-12T15:00:00Z,76.8,36,0.8
0060,2025-05-12T16:00:00Z,71.6,46,8
0060,2025-05-12T17:00:00Z,73.2,44,8.2
0060,2025-05-12T18:00:00Z,73.4,43,7.2
0060,2025-05-12T19:00:00Z,76.5,40,2.5
0060,2025-05-12T20:00:00Z,79.3,39,9.7
0060,2025-05-12T21:00:00Z,76.3,49,10.5
0060,2025-05-12T22:00:00Z,74.7,51,8
0060,2025-05-12T23:00:00Z,72.3,59,9.3
0060,2025-05-13T00:00:00Z,69.3,72,9.7
0060,2025-05-13T01:00:00Z,65.5,86,7.6
0060,2025-05-13T02:00:00Z,64.9,88,6
0060,2025-05-13T03:00:00Z,64.8,87,5
0060,2025-05-13T04:00:00Z,65.1,86,5.2
0060,2025-05-13T05:00:00Z,65.1,85,6
0060,2025-05-13T06:00:00Z,65.3,84,7.4
0060,2025-05-13T07:00:00Z,65.7,83,9.5
0060,2025-05-13T08:00:00Z,64.9,85,8
0060,2025-05-13T09:00:00Z,64.6,88,6.2
0060,2025-05-13T10:00:00Z,63.7,94,6.2
0060,2025-05-13T11:00:00Z,65.1,91,6
0060,2025-05-13T12:00:00Z,66.7,86,7
0060,2025-05-13T13:00:00Z,66.4,86,8
0060,2025-05-13T14:00:00Z,66.4,89,5.6
0060,2025-05-13T15:00:00Z,70.2,79,7.8
0060,2025-05-13T16:00:00Z,72.5,71,7.4
0060,2025-05-13T17:00:00Z,72.5,70,8.9
0060,2025-05-13T18:00:00Z,72,71,8.2
0060,2025-05-13T19:00:00Z,71.4,70,7.6
0060,2025-05-13T20:00:00Z,71.8,69,7.6
0060,2025-05-13T21:00:00Z,71.1,68,8.7
0060,2025-05-13T22:00:00Z,70.2,68,7.2
0060,2025-05-13T23:00:00Z,69.1,73,6.8
0060,2025-05-14T00:00:00Z,68.2,75,6.8
0060,2025-05-14T01:00:00Z,67.1,78,7
0060,2025-05-14T02:00:00Z,66.2,80,8
0060,2025-05-14T03:00:00Z,65.7,81,9.1
0060,2025-05-14T04:00:00Z,65.1,82,8.2
0060,2025-05-14T05:00:00Z,64.6,82,6.4
0060,2025-05-14T06:00:00Z,64.2,83,6.2
0060,2025-05-14T07:00:00Z,64,84,5.6
0060,2025-05-14T08:00:00Z,63.5,87,5.6
0060,2025-05-14T09:00:00Z,63.3,87,8.5
0060,2025-05-14T10:00:00Z,64.8,82,8
0060,2025-05-14T11:00:00Z,66.4,77,8
0060,2025-05-14T12:00:00Z,66.9,76,9.3
0060,2025-05-14T13:00:00Z,70,69,9.1
0060,2025-05-14T14:00:00Z,73,62,8.9
0060,2025-05-14T15:00:00Z,75.4,57,8.5
0060,2025-05-14T16:00:00Z,77,53,8.2
0060,2025-05-14T17:00:00Z,77.9,49,7
0060,2025-05-14T18:00:00Z,77.2,51,4.1
0060,2025-05-14T19:00:00Z,72.7,62,7.8
0060,2025-05-14T20:00:00Z,72.9,62,8.4
0060,2025-05-14T21:00:00Z,73.9,64,6.4
0060,2025-05-14T22:00:00Z,71.6,68,4.1
0060,2025-05-14T23:00:00Z,68.5,75,5.8
0060,2025-05-15T00:00:00Z,66.6,79,4.1
0060,2025-05-15T01:00:00Z,65.8,82,1.7
0060,2025-05-15T02:00:00Z,65.5,87,5
0060,2025-05-15T03:00:00Z,64.9,89,3.9
0060,2025-05-15T04:00:00Z,64.4,89,4.9
0060,2025-05-15T05:00:00Z,63.5,92,5
0060,2025-05-15T06:00:00Z,63.3,92,7.4
0060,2025-05-15T07:00:00Z,62.6,93,7.4
0060,2025-05-15T08:00:00Z,62.4,93,6.4
0060,2025-05-15T09:00:00Z,63,92,7.6
0060,2025-05-15T10:00:00Z,63.5,90,7.8
0060,2025-05-15T11:00:00Z,64.4,88,7.2
0060,2025-05-15T12:00:00Z,66.4,85,6
0060,2025-05-15T13:00:00Z,65.1,91,4.1
0060,2025-05-15T14:00:00Z,65.3,92,3.3
0060,2025-05-15T15:00:00Z,70.3,81,5.2
0060,2025-05-15T16:00:00Z,77.4,63,6.8
0060,2025-05-15T17:00:00Z,80.4,52,5.8
0060,2025-05-15T18:00:00Z,82.2,46,6.8
0060,2025-05-15T19:00:00Z,82.9,44,6.4
0060,2025-05-15T20:00:00Z,82.9,44,6.4
0060,2025-05-15T21:00:00Z,82.8,46,5.8
0060,2025-05-15T22:00:00Z,82,48,5.2
0060,2025-05-15T23:00:00Z,80.2,53,4.9
0060,2025-05-16T00:00:00Z,77.7,60,5.6
0060,2025-05-16T01:00:00Z,75.7,65,7.2
0060,2025-05-16T02:00:00Z,74.7,68,7.2
0060,2025-05-16T03:00:00Z,74.3,70,7
0060,2025-05-16T04:00:00Z,74.7,71,7.8
0060,2025-05-16T05:00:00Z,75.6,71,7.4
0060,2025-05-16T06:00:00Z,75,73,6.4
0060,2025-05-16T07:00:00Z,64.4,85,6
0060,2025-05-16T08:00:00Z,63.5,92,2.9
0060,2025-05-16T09:00:00Z,64,91,2.9
0060,2025-05-16T10:00:00Z,67.6,82,2.9
0060,2025-05-16T11:00:00Z,71.2,66,6.6
0060,2025-05-16T12:00:00Z,71.8,59,7.4
0060,2025-05-16T13:00:00Z,72.5,54,6.6
0060,2025-05-16T14:00:00Z,74.8,39,3.9
0060,2025-05-16T15:00:00Z,78.8,32,2.7
0060,2025-05-16T16:00:00Z,81,23,4.1
0060,2025-05-16T17:00:00Z,81.7,22,4.1
0060,2025-05-16T18:00:00Z,80.4,22,7.6
0060,2025-05-16T19:00:00Z,80.2,23,8.2
0060,2025-05-16T20:00:00Z,79.3,24,7.4
0060,2025-05-16T21:00:00Z,80.1,32,1.9
0060,2025-05-16T22:00:00Z,79.7,53,7.8
0060,2025-05-16T23:00:00Z,77.5,57,8.7
0060,2025-05-17T00:00:00Z,75.4,61,9.1
0060,2025-05-17T01:00:00Z,74.3,64,8.9
0060,2025-05-17T02:00:00Z,74.5,58,13.4
0060,2025-05-17T03:00:00Z,70.3,49,14.4
0060,2025-05-17T04:00:00Z,69.8,50,9.3
0060,2025-05-17T05:00:00Z,70,52,8.5
0060,2025-05-17T06:00:00Z,66.9,67,6.2
0060,2025-05-17T07:00:00Z,66,71,8.9
0060,2025-05-17T08:00:00Z,65.1,73,8.4
0060,2025-05-17T09:00:00Z,64.8,76,7.4
0060,2025-05-17T10:00:00Z,65.5,78,9.9
0060,2025-05-17T11:00:00Z,66.2,76,9.9
0060,2025-05-17T12:00:00Z,66.6,71,10.1
0060,2025-05-17T13:00:00Z,66.2,62,9.3
0060,2025-05-17T14:00:00Z,66.6,48,11.5
0060,2025-05-17T15:00:00Z,68.4,44,14.8
0060,2025-05-17T16:00:00Z,64.2,57,14.4
0060,2025-05-17T17:00:00Z,61.5,65,12.2
0060,2025-05-17T18:00:00Z,60.4,69,11.7
0060,2025-05-17T19:00:00Z,60.8,68,11.5
0060,2025-05-17T20:00:00Z,60.1,71,8.7
0060,2025-05-17T21:00:00Z,59.5,70,12.6
0060,2025-05-17T22:00:00Z,59.5,73,8.5
0060,2025-05-17T23:00:00Z,59.7,69,8.4
0060,2025-05-18T00:00:00Z,60.3,62,9.3
0060,2025-05-18T01:00:00Z,60.3,61,9.9
0060,2025-05-18T02:00:00Z,60.1,62,9.5
0060,2025-05-18T03:00:00Z,60.1,62,9.3
0060,2025-05-18T04:00:00Z,59.7,62,7
0060,2025-05-18T05:00:00Z,59.7,63,7.6
0060,2025-05-18T06:00:00Z,59.5,63,7.6
0060,2025-05-18T07:00:00Z,59.4,64,6.8
0060,2025-05-18T08:00:00Z,58.8,67,7.4
0060,2025-05-18T09:00:00Z,58.1,71,7.6
0060,2025-05-18T10:00:00Z,57.9,72,7.8
0060,2025-05-18T11:00:00Z,58.3,75,9.1
0060,2025-05-18T12:00:00Z,57,80,10.9
0060,2025-05-18T13:00:00Z,56.8,81,11.3
0060,2025-05-18T14:00:00Z,57.4,79,10.3
0060,2025-05-18T15:00:00Z,57.7,77,11.3
0060,2025-05-18T16:00:00Z,58.5,76,11.7
0060,2025-05-18T17:00:00Z,60.3,72,10.9
0060,2025-05-18T18:00:00Z,60.4,73,9.5
0060,2025-05-18T19:00:00Z,59.2,75,8
0060,2025-05-18T20:00:00Z,58.6,73,8
0060,2025-05-18T21:00:00Z,58.1,74,6.8
0060,2025-05-18T22:00:00Z,57.4,75,6.4
0060,2025-05-18T23:00:00Z,55.8,79,5.6
0060,2025-05-19T00:00:00Z,54.7,81,5.2
0060,2025-05-19T01:00:00Z,54,84,4.5
0060,2025-05-19T02:00:00Z,53.8,84,4.5
0060,2025-05-19T03:00:00Z,53.4,84,5
0060,2025-05-19T04:00:00Z,52.7,85,6.4
0060,2025-05-19T05:00:00Z,52.2,84,6.4
0060,2025-05-19T06:00:00Z,51.1,84,7.6
0060,2025-05-19T07:00:00Z,50.4,85,6.2
0060,2025-05-19T08:00:00Z,50,85,5.4
0060,2025-05-19T09:00:00Z,50.2,85,5.4
0060,2025-05-19T10:00:00Z,49.8,79,7
0060,2025-05-19T11:00:00Z,50.4,75,6.6
0060,2025-05-19T12:00:00Z,51.1,75,6.2
0060,2025-05-19T13:00:00Z,52.3,72,4.5
0060,2025-05-19T14:00:00Z,52.7,69,5.8
0060,2025-05-19T15:00:00Z,52.9,70,7.2
0060,2025-05-19T16:00:00Z,53.2,70,7.4
0060,2025-05-19T17:00:00Z,54.5,67,6
0060,2025-05-19T18:00:00Z,55.2,64,6.6
0060,2025-05-19T19:00:00Z,55.8,64,7.6
0060,2025-05-19T20:00:00Z,55.8,67,7.4
0060,2025-05-19T21:00:00Z,55.6,67,7.8
0060,2025-05-19T22:00:00Z,54.5,66,8.4
0060,2025-05-19T23:00:00Z,53.1,67,6.8
0060,2025-05-20T00:00:00Z,52.2,70,6.2
0060,2025-05-20T01:00:00Z,51.4,71,5.8
0060,2025-05-20T02:00:00Z,50.4,74,6.2
0060,2025-05-20T03:00:00Z,50,78,6.2
0060,2025-05-20T04:00:00Z,49.5,83,6.2
0060,2025-05-20T05:00:00Z,48.6,85,5.6
0060,2025-05-20T06:00:00Z,47.5,86,4.1
0060,2025-05-20T07:00:00Z,47.1,85,4.3
0060,2025-05-20T08:00:00Z,46.4,78,6.2
0060,2025-05-20T09:00:00Z,46.8,71,3.9
0060,2025-05-20T10:00:00Z,49.1,67,4.5
0060,2025-05-20T11:00:00Z,51.1,65,5
0060,2025-05-20T12:00:00Z,53.4,60,5.6
0060,2025-05-20T13:00:00Z,56.3,53,4.9
0060,2025-05-20T14:00:00Z,57.6,55,4.7
0060,2025-05-20T15:00:00Z,56.3,64,9.3
0060,2025-05-20T16:00:00Z,55.4,68,11.5
0060,2025-05-20T17:00:00Z,55.9,70,10.1
0060,2025-05-20T18:00:00Z,57.6,66,8.5
0060,2025-05-20T19:00:00Z,59,61,6.2
0060,2025-05-20T20:00:00Z,63.5,39,8.4
0060,2025-05-20T21:00:00Z,62.6,47,5
0060,2025-05-20T22:00:00Z,56.3,79,5.6
0060,2025-05-20T23:00:00Z,55.4,84,6.2
0060,2025-05-21T00:00:00Z,55.8,84,6
0060,2025-05-21T01:00:00Z,56.8,73,3.7
0060,2025-05-21T02:00:00Z,55.4,78,3.9
0060,2025-05-21T03:00:00Z,54.1,86,5.8
0060,2025-05-21T04:00:00Z,53.8,86,6.2
0060,2025-05-21T05:00:00Z,53.8,86,6.8
0060,2025-05-21T06:00:00Z,53.1,90,6.8
0060,2025-05-21T07:00:00Z,52.3,97,5.2
0060,2025-05-21T08:00:00Z,53.1,98,4.9
0060,2025-05-21T09:00:00Z,53.6,96,3.9
0060,2025-05-21T10:00:00Z,54.3,95,4.7
0060,2025-05-21T11:00:00Z,55.2,93,6
0060,2025-05-21T12:00:00Z,56.8,91,6.4
0060,2025-05-21T13:00:00Z,60.1,87,8.4
0060,2025-05-21T14:00:00Z,62.4,83,7.2
0060,2025-05-21T15:00:00Z,63.5,81,6.8
0060,2025-05-21T16:00:00Z,64.4,81,3.9
0060,2025-05-21T17:00:00Z,62.4,86,3.9
0060,2025-05-21T18:00:00Z,57.9,95,5.6
0060,2025-05-21T19:00:00Z,57.2,97,4.1
0060,2025-05-21T20:00:00Z,58.5,92,2.9
0060,2025-05-21T21:00:00Z,60.6,88,1.9
0060,2025-05-21T22:00:00Z,58.3,90,4.9
0060,2025-05-21T23:00:00Z,56.7,95,1.4
0060,2025-05-22T00:00:00Z,56.7,97,2.1
0060,2025-05-22T01:00:00Z,55.6,97,5
0060,2025-05-22T02:00:00Z,54.7,99,5.8
0060,2025-05-22T03:00:00Z,54,98,7.2
0060,2025-05-22T04:00:00Z,53.6,98,6.8
0060,2025-05-22T05:00:00Z,53.2,95,8.5
0060,2025-05-22T06:00:00Z,52.3,93,8
0060,2025-05-22T07:00:00Z,51.4,95,7.2
0060,2025-05-22T08:00:00Z,50.7,97,7
0060,2025-05-22T09:00:00Z,50.5,97,6.8
0060,2025-05-22T10:00:00Z,50.2,98,7.2
0060,2025-05-22T11:00:00Z,50,97,8
0060,2025-05-22T12:00:00Z,50,97,7.6
0060,2025-05-22T13:00:00Z,50.4,98,7.8
0060,2025-05-22T14:00:00Z,51.3,96,10.1
0060,2025-05-22T15:00:00Z,51.4,94,11.3
0060,2025-05-22T16:00:00Z,51.1,93,7.4
0060,2025-05-22T17:00:00Z,50.7,94,8.4
0060,2025-05-22T18:00:00Z,51.1,92,8.2
0060,2025-05-22T19:00:00Z,51.3,93,7.4
0060,2025-05-22T20:00:00Z,52.3,90,8.9
0060,2025-05-22T21:00:00Z,52,91,11.3
0060,2025-05-22T22:00:00Z,52.7,87,8.5
0060,2025-05-22T23:00:00Z,52.3,90,6.8
0060,2025-05-23T00:00:00Z,52.3,89,6.6
0060,2025-05-23T01:00:00Z,52.7,85,6.8
0060,2025-05-23T02:00:00Z,52.2,83,6.8
0060,2025-05-23T03:00:00Z,51.8,82,6.6
0060,2025-05-23T04:00:00Z,50.7,87,6
0060,2025-05-23T05:00:00Z,51.4,84,5.6
0060,2025-05-23T06:00:00Z,51.8,75,7.6
0060,2025-05-23T07:00:00Z,51.6,71,5.6
0060,2025-05-23T08:00:00Z,49.1,85,5
0060,2025-05-23T09:00:00Z,49.6,77,9.7
0060,2025-05-23T10:00:00Z,48.9,77,9.9
0060,2025-05-23T11:00:00Z,48.6,78,10.7
0060,2025-05-23T12:00:00Z,48.9,78,10.9
0060,2025-05-23T13:00:00Z,50,72,13
0060,2025-05-23T14:00:00Z,50.4,71,12.6
0060,2025-05-23T15:00:00Z,51.1,68,12.6
0060,2025-05-23T16:00:00Z,52.3,66,13.4
0060,2025-05-23T17:00:00Z,53.2,63,13
0060,2025-05-23T18:00:00Z,54.5,60,12.8
0060,2025-05-23T19:00:00Z,54.9,58,12.2
0060,2025-05-23T20:00:00Z,54.7,59,12.2
0060,2025-05-23T21:00:00Z,54.3,62,9.7
0060,2025-05-23T22:00:00Z,54.1,63,10.3
0060,2025-05-23T23:00:00Z,54.1,64,9.3
0060,2025-05-24T00:00:00Z,54.3,65,8.7
0060,2025-05-24T01:00:00Z,54.3,68,8.2
0060,2025-05-24T02:00:00Z,54.1,71,6.8
0060,2025-05-24T03:00:00Z,53.6,70,8.7
0060,2025-05-24T04:00:00Z,53.2,70,7.8
0060,2025-05-24T05:00:00Z,52.5,71,8.4
0060,2025-05-24T06:00:00Z,52.2,72,7.2
0060,2025-05-24T07:00:00Z,51.6,73,6.2
0060,2025-05-24T08:00:00Z,50.7,76,7
0060,2025-05-24T09:00:00Z,50,78,5.8
0060,2025-05-24T10:00:00Z,50.2,79,5.2
0060,2025-05-24T11:00:00Z,50.7,78,5.2
0060,2025-05-24T12:00:00Z,50.9,78,6
0060,2025-05-24T13:00:00Z,51.4,77,6
0060,2025-05-24T14:00:00Z,52.3,76,7.4
0060,2025-05-24T15:00:00Z,53.8,74,8.4
0060,2025-05-24T16:00:00Z,55.4,66,6.8
0060,2025-05-24T17:00:00Z,55.4,62,9.3
0060,2025-05-24T18:00:00Z,55.6,63,9.5
0060,2025-05-24T19:00:00Z,55.9,61,8.2
0060,2025-05-24T20:00:00Z,57,59,5.4
0060,2025-05-24T21:00:00Z,57,59,6.6
0060,2025-05-24T22:00:00Z,57.2,58,4.3
0060,2025-05-24T23:00:00Z,56.1,60,3.1
0060,2025-05-25T00:00:00Z,55.4,63,1.7
0060,2025-05-25T01:00:00Z,53.6,72,2.1
0060,2025-05-25T02:00:00Z,52.5,72,2.3
0060,2025-05-25T03:00:00Z,50.7,77,2.3
0060,2025-05-25T04:00:00Z,48.7,84,2.3
0060,2025-05-25T05:00:00Z,47.3,90,2.1
0060,2025-05-25T06:00:00Z,46.2,92,2.3
0060,2025-05-25T07:00:00Z,45.3,93,2.1
0060,2025-05-25T08:00:00Z,44.8,94,2.5
0060,2025-05-25T09:00:00Z,45.3,92,2.7
0060,2025-05-25T10:00:00Z,46.9,89,2.1
0060,2025-05-25T11:00:00Z,52.2,76,2.1
0060,2025-05-25T12:00:00Z,57,68,5
0060,2025-05-25T13:00:00Z,58.5,67,5.4
0060,2025-05-25T14:00:00Z,58.8,72,6.6
0060,2025-05-25T15:00:00Z,59.2,68,6.8
0060,2025-05-25T16:00:00Z,59.5,61,5.8
0060,2025-05-25T17:00:00Z,60.3,58,7.4
0060,2025-05-25T18:00:00Z,59.9,58,7.6
0060,2025-05-25T19:00:00Z,59.5,58,8.4
0060,2025-05-25T20:00:00Z,60.3,51,7.6
0060,2025-05-25T21:00:00Z,60.4,49,5.8
0060,2025-05-25T22:00:00Z,59.5,53,5.8
0060,2025-05-25T23:00:00Z,58.1,61,4.7
0060,2025-05-26T00:00:00Z,57.6,61,3.3
0060,2025-05-26T01:00:00Z,56.5,66,1.7
0060,2025-05-26T02:00:00Z,55.2,68,1
0060,2025-05-26T03:00:00Z,53.2,74,2.1
0060,2025-05-26T04:00:00Z,50.7,80,1.9
0060,2025-05-26T05:00:00Z,49.3,84,2.1
0060,2025-05-26T06:00:00Z,48.6,86,1.7
0060,2025-05-26T07:00:00Z,47.7,88,2.1
0060,2025-05-26T08:00:00Z,46.4,91,2.1
0060,2025-05-26T09:00:00Z,46.8,90,2.7
0060,2025-05-26T10:00:00Z,51.4,80,1.7
0060,2025-05-26T11:00:00Z,56.1,71,0.4
0060,2025-05-26T12:00:00Z,56.8,67,6.8
0060,2025-05-26T13:00:00Z,56.8,65,6.8
0060,2025-05-26T14:00:00Z,57.4,66,6
0060,2025-05-26T15:00:00Z,57.6,68,5.8
0060,2025-05-26T16:00:00Z,57.4,70,7.8
0060,2025-05-26T17:00:00Z,57.7,71,7.8
0060,2025-05-26T18:00:00Z,58.5,70,7.8
0060,2025-05-26T19:00:00Z,59.2,68,7.8
0060,2025-05-26T20:00:00Z,61.2,60,7.8
0060,2025-05-26T21:00:00Z,62.6,55,7.2
0060,2025-05-26T22:00:00Z,63.3,52,7.2
0060,2025-05-26T23:00:00Z,61.9,58,6.2
0060,2025-05-27T00:00:00Z,60.4,66,5.8
0060,2025-05-27T01:00:00Z,59.4,64,4.5
0060,2025-05-27T02:00:00Z,58.6,62,3.1
0060,2025-05-27T03:00:00Z,58.1,63,2.5
0060,2025-05-27T04:00:00Z,57.9,62,2.3
0060,2025-05-27T05:00:00Z,57.4,63,2.9
0060,2025-05-27T06:00:00Z,57.2,65,1.6
0060,2025-05-27T07:00:00Z,56.8,67,0.8
0060,2025-05-27T08:00:00Z,56.1,71,0.4
0060,2025-05-27T09:00:00Z,56.5,73,1.4
0060,2025-05-27T10:00:00Z,58.1,69,1.7
0060,2025-05-27T11:00:00Z,62.2,56,6
0060,2025-05-27T12:00:00Z,64.2,51,8
0060,2025-05-27T13:00:00Z,NA,NA,NA
0060,2025-05-27T14:00:00Z,NA,NA,NA
0060,2025-05-27T15:00:00Z,NA,NA,NA
0060,2025-05-27T16:00:00Z,67.1,44,9.7
0060,2025-05-27T17:00:00Z,68.2,42,8
0060,2025-05-27T18:00:00Z,68.9,41,8.9
0060,2025-05-27T19:00:00Z,68.7,42,9.1
0060,2025-05-27T20:00:00Z,69.1,40,10.3
0060,2025-05-27T21:00:00Z,66.7,43,10.7
0060,2025-05-27T22:00:00Z,64.8,48,10.1
0060,2025-05-27T23:00:00Z,62.8,51,10.1
0060,2025-05-28T00:00:00Z,61,56,8
0060,2025-05-28T01:00:00Z,59.5,60,9.3
0060,2025-05-28T02:00:00Z,58.1,66,8.7
0060,2025-05-28T03:00:00Z,57.6,69,8.2
0060,2025-05-28T04:00:00Z,57,71,8
0060,2025-05-28T05:00:00Z,56.5,73,7.8
0060,2025-05-28T06:00:00Z,55.8,77,7.2
0060,2025-05-28T07:00:00Z,54,87,5.4
0060,2025-05-28T08:00:00Z,52.7,95,5.2
0060,2025-05-28T09:00:00Z,52.9,93,5.8
0060,2025-05-28T10:00:00Z,53.1,94,6.2
0060,2025-05-28T11:00:00Z,54,90,6.8
0060,2025-05-28T12:00:00Z,54.7,91,7.2
0060,2025-05-28T13:00:00Z,55.8,88,6.6
0060,2025-05-28T14:00:00Z,56.8,86,7
0060,2025-05-28T15:00:00Z,57.4,86,6.4
0060,2025-05-28T16:00:00Z,58.5,85,6.2
0060,2025-05-28T17:00:00Z,59.4,84,5.6
0060,2025-05-28T18:00:00Z,59.4,88,4.5
0060,2025-05-28T19:00:00Z,58.5,95,2.5
0060,2025-05-28T20:00:00Z,57.9,97,4.9
0060,2025-05-28T21:00:00Z,57.6,96,3.7
0060,2025-05-28T22:00:00Z,57.4,95,3.7
0060,2025-05-28T23:00:00Z,57,95,2.7
0060,2025-05-29T00:00:00Z,56.3,97,3.1
0060,2025-05-29T01:00:00Z,56.5,97,1.7
0060,2025-05-29T02:00:00Z,57,96,1.6
0060,2025-05-29T03:00:00Z,57,96,1.4
0060,2025-05-29T04:00:00Z,56.7,96,1.4
0060,2025-05-29T05:00:00Z,57,94,1.9
0060,2025-05-29T06:00:00Z,56.5,97,1.9
0060,2025-05-29T07:00:00Z,56.1,96,4.5
0060,2025-05-29T08:00:00Z,56.3,95,3.9
0060,2025-05-29T09:00:00Z,56.5,94,3.9
0060,2025-05-29T10:00:00Z,56.8,92,3.7
0060,2025-05-29T11:00:00Z,58.1,89,4.7
0060,2025-05-29T12:00:00Z,61.5,79,5.8
0060,2025-05-29T13:00:00Z,63.1,72,6.4
0060,2025-05-29T14:00:00Z,60.4,83,6.6
0060,2025-05-29T15:00:00Z,61.2,78,7
0060,2025-05-29T16:00:00Z,61,77,9.9
0060,2025-05-29T17:00:00Z,62.4,70,8.9
0060,2025-05-29T18:00:00Z,63.1,67,8.2
0060,2025-05-29T19:00:00Z,63.9,63,9.5
0060,2025-05-29T20:00:00Z,64.2,63,8
0060,2025-05-29T21:00:00Z,63.1,67,6.6
0060,2025-05-29T22:00:00Z,63.9,65,5.8
0060,2025-05-29T23:00:00Z,62.2,70,5.8
0060,2025-05-30T00:00:00Z,61.3,74,5.4
0060,2025-05-30T01:00:00Z,61,76,4.5
0060,2025-05-30T02:00:00Z,61.2,73,4.3
0060,2025-05-30T03:00:00Z,61.2,71,3.9
0060,2025-05-30T04:00:00Z,59.9,75,2.1
0060,2025-05-30T05:00:00Z,58.5,81,2.3
0060,2025-05-30T06:00:00Z,57.6,83,2.7
0060,2025-05-30T07:00:00Z,56.7,84,2.7
0060,2025-05-30T08:00:00Z,55.8,86,2.7
0060,2025-05-30T09:00:00Z,55.6,87,3.1
0060,2025-05-30T10:00:00Z,57.6,82,4.1
0060,2025-05-30T11:00:00Z,59.5,74,5.2
0060,2025-05-30T12:00:00Z,60.1,73,6.4
0060,2025-05-30T13:00:00Z,61,71,6.6
0060,2025-05-30T14:00:00Z,61.7,72,4.9
0060,2025-05-30T15:00:00Z,62.2,73,3.9
0060,2025-05-30T16:00:00Z,62.1,75,4.7
0060,2025-05-30T17:00:00Z,63,71,4.1
0060,2025-05-30T18:00:00Z,63.9,67,4.3
0060,2025-05-30T19:00:00Z,64.2,60,5.6
0060,2025-05-30T20:00:00Z,65.5,57,4.9
0060,2025-05-30T21:00:00Z,65.1,62,5.6
0060,2025-05-30T22:00:00Z,64.2,67,4.1
0060,2025-05-30T23:00:00Z,63.7,68,3.7
0060,2025-05-31T00:00:00Z,62.4,72,3.7
0060,2025-05-31T01:00:00Z,63,62,4.1
0060,2025-05-31T02:00:00Z,60.1,71,5
0060,2025-05-31T03:00:00Z,57.6,86,5
0060,2025-05-31T04:00:00Z,57.4,89,3.9
0060,2025-05-31T05:00:00Z,58.6,85,6.6
0060,2025-05-31T06:00:00Z,58.1,86,5.8
0060,2025-05-31T07:00:00Z,56.3,87,8.5
0060,2025-05-31T08:00:00Z,52.7,89,9.9
0060,2025-05-31T09:00:00Z,50.9,85,9.9
0060,2025-05-31T10:00:00Z,50.4,84,8.5
0060,2025-05-31T11:00:00Z,50.4,82,11.1
0060,2025-05-31T12:00:00Z,49.6,81,11.7
0060,2025-05-31T13:00:00Z,49.5,79,12.6
0060,2025-05-31T14:00:00Z,48.7,78,12.8
0060,2025-05-31T15:00:00Z,48.9,74,11.8
0060,2025-05-31T16:00:00Z,50.2,69,10.1
0060,2025-05-31T17:00:00Z,51.6,65,8.9
0060,2025-05-31T18:00:00Z,53.6,63,8.2
0060,2025-05-31T19:00:00Z,55.2,58,7.2
0060,2025-05-31T20:00:00Z,55.4,60,6.2
0060,2025-05-31T21:00:00Z,56.7,57,6.4
0060,2025-05-31T22:00:00Z,56.3,58,4.1
0060,2025-05-31T23:00:00Z,55.8,61,3.9
0060,2025-06-01T00:00:00Z,54.5,61,2.7
0060,2025-06-01T01:00:00Z,52.9,66,1.2
0060,2025-06-01T02:00:00Z,52,69,2.1
0060,2025-06-01T03:00:00Z,51.1,73,1
0060,2025-06-01T04:00:00Z,50,78,1.7
0060,2025-06-01T05:00:00Z,49.1,81,1
0060,2025-06-01T06:00:00Z,49.5,76,0.8
0060,2025-06-01T07:00:00Z,45.3,92,2.9
0060,2025-06-01T08:00:00Z,44.8,95,3.3
0060,2025-06-01T09:00:00Z,45.9,91,2.5
0060,2025-06-01T10:00:00Z,51.8,71,4.1
0060,2025-06-01T11:00:00Z,53.2,65,5.4
0060,2025-06-01T12:00:00Z,53.4,64,6.8
0060,2025-06-01T13:00:00Z,53.8,67,7.4
0060,2025-06-01T14:00:00Z,54.7,65,7.6
0060,2025-06-01T15:00:00Z,55.8,61,8
0060,2025-06-01T16:00:00Z,56.7,57,9.1
0060,2025-06-01T17:00:00Z,57.2,59,10.1
0060,2025-06-01T18:00:00Z,58.1,55,9.3
0060,2025-06-01T19:00:00Z,59.5,43,8.5
0060,2025-06-01T20:00:00Z,60.3,39,7.2
0060,2025-06-01T21:00:00Z,60.6,38,7.2
0060,2025-06-01T22:00:00Z,60.8,40,6
0060,2025-06-01T23:00:00Z,60.4,37,4.3
0060,2025-06-02T00:00:00Z,58.1,43,2.3
0060,2025-06-02T01:00:00Z,56.3,48,2.5
0060,2025-06-02T02:00:00Z,53.8,57,2.5
0060,2025-06-02T03:00:00Z,51.3,67,3.1
0060,2025-06-02T04:00:00Z,49.1,75,3.5
0060,2025-06-02T05:00:00Z,48,79,3.3
0060,2025-06-02T06:00:00Z,47.3,80,3.3
0060,2025-06-02T07:00:00Z,47.1,77,3.5
0060,2025-06-02T08:00:00Z,46.9,77,3.1
0060,2025-06-02T09:00:00Z,47.5,74,1.9
0060,2025-06-02T10:00:00Z,51.8,66,1.4
0060,2025-06-02T11:00:00Z,57,49,3.7
0060,2025-06-02T12:00:00Z,61.2,43,4.7
0060,2025-06-02T13:00:00Z,65.3,38,4.7
0060,2025-06-02T14:00:00Z,67.3,34,5.6
0060,2025-06-02T15:00:00Z,67.6,37,5.8
0060,2025-06-02T16:00:00Z,67.8,31,6.8
0060,2025-06-02T17:00:00Z,68.7,28,6
0060,2025-06-02T18:00:00Z,69.4,29,5.2
0060,2025-06-02T19:00:00Z,69.8,28,5
0060,2025-06-02T20:00:00Z,71.6,25,4.3
0060,2025-06-02T21:00:00Z,73.2,22,2.5
0060,2025-06-02T22:00:00Z,74.1,21,2.7
0060,2025-06-02T23:00:00Z,71.2,25,2.7
0060,2025-06-03T00:00:00Z,69.1,30,2.1
0060,2025-06-03T01:00:00Z,66,40,3.1
0060,2025-06-03T02:00:00Z,63,47,3.3
0060,2025-06-03T03:00:00Z,61.3,51,2.9
0060,2025-06-03T04:00:00Z,59.5,57,3.1
0060,2025-06-03T05:00:00Z,59,56,4.5
0060,2025-06-03T06:00:00Z,58.8,55,5.4
0060,2025-06-03T07:00:00Z,58.6,56,6.4
0060,2025-06-03T08:00:00Z,57.7,59,5.4
0060,2025-06-03T09:00:00Z,57.9,61,5.2
0060,2025-06-03T10:00:00Z,60.6,58,4.1
0060,2025-06-03T11:00:00Z,65.1,50,5.4
0060,2025-06-03T12:00:00Z,71.8,39,6
0060,2025-06-03T13:00:00Z,75.9,33,6
0060,2025-06-03T14:00:00Z,78.4,31,6.2
0060,2025-06-03T15:00:00Z,79.7,27,8
0060,2025-06-03T16:00:00Z,81.5,24,8.4
0060,2025-06-03T17:00:00Z,82.2,22,9.3
0060,2025-06-03T18:00:00Z,83.1,22,9.1
0060,2025-06-03T19:00:00Z,83.7,22,9.7
0060,2025-06-03T20:00:00Z,84.2,23,7.8
0060,2025-06-03T21:00:00Z,83.3,24,8.7
0060,2025-06-03T22:00:00Z,81.9,27,8.5
0060,2025-06-03T23:00:00Z,79.5,32,8
0060,2025-06-04T00:00:00Z,76.5,37,7.8
0060,2025-06-04T01:00:00Z,73.9,41,8
0060,2025-06-04T02:00:00Z,72.5,44,7
0060,2025-06-04T03:00:00Z,70.7,47,7.4
0060,2025-06-04T04:00:00Z,69.8,50,7.2
0060,2025-06-04T05:00:00Z,69.3,52,7.2
0060,2025-06-04T06:00:00Z,68.7,53,8.2
0060,2025-06-04T07:00:00Z,68.4,54,8.9
0060,2025-06-04T08:00:00Z,68,57,7.8
0060,2025-06-04T09:00:00Z,68.2,58,7.4
0060,2025-06-04T10:00:00Z,69.3,59,7
0060,2025-06-04T11:00:00Z,74.7,54,5.8
0060,2025-06-04T12:00:00Z,78.6,48,8
0060,2025-06-04T13:00:00Z,81,44,9.9
0060,2025-06-04T14:00:00Z,82.8,40,10.5
0060,2025-06-04T15:00:00Z,84.4,34,12.2
0060,2025-06-04T16:00:00Z,86,32,11.3
0060,2025-06-04T17:00:00Z,86.9,30,11.1
0060,2025-06-04T18:00:00Z,87.6,29,9.7
0060,2025-06-04T19:00:00Z,88,28,9.7
0060,2025-06-04T20:00:00Z,87.8,28,9.7
0060,2025-06-04T21:00:00Z,86.7,29,9.3
0060,2025-06-04T22:00:00Z,84.9,33,7.2
0060,2025-06-04T23:00:00Z,82.9,38,6.4
0060,2025-06-05T00:00:00Z,80.4,43,5.2
0060,2025-06-05T01:00:00Z,72.9,65,4.3
0060,2025-06-05T02:00:00Z,69.8,73,3.9
0060,2025-06-05T03:00:00Z,69.8,72,0.4
0060,2025-06-05T04:00:00Z,72.7,62,4.3
0060,2025-06-05T05:00:00Z,72,62,3.1
0060,2025-06-05T06:00:00Z,64,86,6.2
0060,2025-06-05T07:00:00Z,65.1,84,2.1
0060,2025-06-05T08:00:00Z,66,81,1.6
0060,2025-06-05T09:00:00Z,66.6,79,2.9
0060,2025-06-05T10:00:00Z,69.3,72,3.9
0060,2025-06-05T11:00:00Z,68.7,72,0.4
0060,2025-06-05T12:00:00Z,66.7,77,5.2
0060,2025-06-05T13:00:00Z,64,85,6.4
0060,2025-06-05T14:00:00Z,64.9,82,5
0060,2025-06-05T15:00:00Z,65.8,80,5.4
0060,2025-06-05T16:00:00Z,64.6,85,4.1
0060,2025-06-05T17:00:00Z,65.5,88,3.9
0060,2025-06-05T18:00:00Z,69.3,78,2.3
0060,2025-06-05T19:00:00Z,70.3,73,2.3
0060,2025-06-05T20:00:00Z,69.6,77,3.5
0060,2025-06-05T21:00:00Z,68.2,79,3.7
0060,2025-06-05T22:00:00Z,66,85,4.7
0060,2025-06-05T23:00:00Z,65.1,89,4.3
0060,2025-06-06T00:00:00Z,64.4,93,3.7
0060,2025-06-06T01:00:00Z,64.8,91,3.1
0060,2025-06-06T02:00:00Z,63.5,93,3.1
0060,2025-06-06T03:00:00Z,63.9,93,2.9
0060,2025-06-06T04:00:00Z,64,93,2.5
0060,2025-06-06T05:00:00Z,63.7,94,3.9
0060,2025-06-06T06:00:00Z,64,94,2.7
0060,2025-06-06T07:00:00Z,64.2,93,2.7
0060,2025-06-06T08:00:00Z,63.3,94,3.9
0060,2025-06-06T09:00:00Z,64.2,92,3.3
0060,2025-06-06T10:00:00Z,65.8,87,1.9
0060,2025-06-06T11:00:00Z,66.4,85,1.4
0060,2025-06-06T12:00:00Z,65.1,87,4.1
0060,2025-06-06T13:00:00Z,66.2,82,4.9
0060,2025-06-06T14:00:00Z,65.7,83,5.6
0060,2025-06-06T15:00:00Z,65.7,82,7
0060,2025-06-06T16:00:00Z,68.2,76,7.4
0060,2025-06-06T17:00:00Z,65.8,81,10.5
0060,2025-06-06T18:00:00Z,65.1,81,9.3
0060,2025-06-06T19:00:00Z,64.9,81,9.1
0060,2025-06-06T20:00:00Z,64.8,82,8.5
0060,2025-06-06T21:00:00Z,65.5,80,5.8
0060,2025-06-06T22:00:00Z,62.8,87,6.6
0060,2025-06-06T23:00:00Z,61.9,90,3.7
0060,2025-06-07T00:00:00Z,62.1,90,3.3
0060,2025-06-07T01:00:00Z,61.3,92,4.9
0060,2025-06-07T02:00:00Z,61.3,93,4.1
0060,2025-06-07T03:00:00Z,61.3,93,1.9
0060,2025-06-07T04:00:00Z,61.3,94,3.5
0060,2025-06-07T05:00:00Z,61.7,86,3.1
0060,2025-06-07T06:00:00Z,61.3,78,2.7
0060,2025-06-07T07:00:00Z,60.3,82,4.3
0060,2025-06-07T08:00:00Z,60.3,78,2.1
0060,2025-06-07T09:00:00Z,60.3,81,3.3
0060,2025-06-07T10:00:00Z,61.5,81,3.1
0060,2025-06-07T11:00:00Z,63.3,76,2.3
0060,2025-06-07T12:00:00Z,63.9,74,5.2
0060,2025-06-07T13:00:00Z,63.9,74,6
0060,2025-06-07T14:00:00Z,64.6,67,5.8
0060,2025-06-07T15:00:00Z,65.8,62,6.6
0060,2025-06-07T16:00:00Z,66,63,7.8
0060,2025-06-07T17:00:00Z,67.1,55,8
0060,2025-06-07T18:00:00Z,67.1,56,8.7
0060,2025-06-07T19:00:00Z,67.8,53,8.5
0060,2025-06-07T20:00:00Z,68.5,52,8.2
0060,2025-06-07T21:00:00Z,67.8,59,6.8
0060,2025-06-07T22:00:00Z,68,61,5.4
0060,2025-06-07T23:00:00Z,68.5,60,3.7
0060,2025-06-08T00:00:00Z,66.6,68,4.7
0060,2025-06-08T01:00:00Z,64,75,5.2
0060,2025-06-08T02:00:00Z,63.9,72,4.3
0060,2025-06-08T03:00:00Z,63.7,69,3.7
0060,2025-06-08T04:00:00Z,63.5,65,3.9
0060,2025-06-08T05:00:00Z,63.1,63,3.1
0060,2025-06-08T06:00:00Z,62.4,63,4.7
0060,2025-06-08T07:00:00Z,61.9,63,4.5
0060,2025-06-08T08:00:00Z,61.5,65,2.3
0060,2025-06-08T09:00:00Z,63.1,63,1
0060,2025-06-08T10:00:00Z,63.1,66,2.1
0060,2025-06-08T11:00:00Z,64.9,62,3.9
0060,2025-06-08T12:00:00Z,62.8,74,4.3
0060,2025-06-08T13:00:00Z,61.3,82,4.1
0060,2025-06-08T14:00:00Z,63.5,77,6.6
0060,2025-06-08T15:00:00Z,66.7,74,6.4
0060,2025-06-08T16:00:00Z,71.1,66,4.3
0060,2025-06-08T17:00:00Z,70.7,68,5.2
0060,2025-06-08T18:00:00Z,65.7,81,5.6
0060,2025-06-08T19:00:00Z,66,80,3.9
0060,2025-06-08T20:00:00Z,68.9,72,1.2
0060,2025-06-08T21:00:00Z,68,75,3.3
0060,2025-06-08T22:00:00Z,67.8,76,3.7
0060,2025-06-08T23:00:00Z,68.2,74,3.1
0060,2025-06-09T00:00:00Z,67.1,77,1.6
0060,2025-06-09T01:00:00Z,65.5,82,1.7
0060,2025-06-09T02:00:00Z,64.4,86,3.9
0060,2025-06-09T03:00:00Z,63.1,88,5.8
0060,2025-06-09T04:00:00Z,62.4,89,5
0060,2025-06-09T05:00:00Z,62.1,90,5.8
0060,2025-06-09T06:00:00Z,62.6,90,4.9
0060,2025-06-09T07:00:00Z,63.1,90,4.1
0060,2025-06-09T08:00:00Z,63.3,90,2.3
0060,2025-06-09T09:00:00Z,64.9,87,3.3
0060,2025-06-09T10:00:00Z,65.7,86,3.3
0060,2025-06-09T11:00:00Z,66.2,86,3.9
0060,2025-06-09T12:00:00Z,64.4,89,6.2
0060,2025-06-09T13:00:00Z,62.4,92,1.7
0060,2025-06-09T14:00:00Z,64,88,5.8
0060,2025-06-09T15:00:00Z,66,85,4.9
0060,2025-06-09T16:00:00Z,64.8,88,5
0060,2025-06-09T17:00:00Z,65.7,82,6.4
0060,2025-06-09T18:00:00Z,67.3,73,8.5
0060,2025-06-09T19:00:00Z,70.9,56,8.7
0060,2025-06-09T20:00:00Z,72.5,46,7.4
0060,2025-06-09T21:00:00Z,72,52,5.8
0060,2025-06-09T22:00:00Z,71.8,60,6
0060,2025-06-09T23:00:00Z,70.7,66,5.2
0060,2025-06-10T00:00:00Z,67.8,76,6.4
0060,2025-06-10T01:00:00Z,66.4,80,6.8
0060,2025-06-10T02:00:00Z,65.5,79,5.8
0060,2025-06-10T03:00:00Z,64.6,81,5.2
0060,2025-06-10T04:00:00Z,64.2,71,7.6
0060,2025-06-10T05:00:00Z,62.8,68,6
0060,2025-06-10T06:00:00Z,62.2,67,4.7
0060,2025-06-10T07:00:00Z,60.8,72,2.7
0060,2025-06-10T08:00:00Z,58.6,76,2.1
0060,2025-06-10T09:00:00Z,58.6,76,1.6
0060,2025-06-10T10:00:00Z,60.4,72,4.3
0060,2025-06-10T11:00:00Z,62.8,61,6.2
0060,2025-06-10T12:00:00Z,65.3,51,7.4
0060,2025-06-10T13:00:00Z,66.9,47,8.4
0060,2025-06-10T14:00:00Z,68.2,45,8.7
0060,2025-06-10T15:00:00Z,66.7,54,9.7
0060,2025-06-10T16:00:00Z,66.9,54,10.5
0060,2025-06-10T17:00:00Z,68.5,48,9.7
0060,2025-06-10T18:00:00Z,69.6,45,8.2
0060,2025-06-10T19:00:00Z,71.4,41,6.6
0060,2025-06-10T20:00:00Z,71.8,41,5.2
0060,2025-06-10T21:00:00Z,72,41,4.7
0060,2025-06-10T22:00:00Z,71.6,41,4.9
0060,2025-06-10T23:00:00Z,71.6,41,4.9
0060,2025-06-11T00:00:00Z,70.7,45,5.2
0060,2025-06-11T01:00:00Z,69.8,48,6.4
0060,2025-06-11T02:00:00Z,68.2,52,5.4
0060,2025-06-11T03:00:00Z,66.4,56,3.9
0060,2025-06-11T04:00:00Z,65.3,59,2.9
0060,2025-06-11T05:00:00Z,63.5,64,1.7
0060,2025-06-11T06:00:00Z,62.1,68,1.4
0060,2025-06-11T07:00:00Z,62.2,68,3.1
0060,2025-06-11T08:00:00Z,62.2,68,2.9
0060,2025-06-11T09:00:00Z,63,67,3.9
0060,2025-06-11T10:00:00Z,64.9,63,3.5
0060,2025-06-11T11:00:00Z,67.6,59,4.9
0060,2025-06-11T12:00:00Z,70.9,52,6.2
0060,2025-06-11T13:00:00Z,74.3,45,6.8
0060,2025-06-11T14:00:00Z,76.6,41,7.8
0060,2025-06-11T15:00:00Z,78.4,38,8.2
0060,2025-06-11T16:00:00Z,80.1,34,8.7
0060,2025-06-11T17:00:00Z,81,32,9.1
0060,2025-06-11T18:00:00Z,82.6,30,9.5
0060,2025-06-11T19:00:00Z,83.3,29,10.3
0060,2025-06-11T20:00:00Z,83.1,30,11.3
0060,2025-06-11T21:00:00Z,83.1,32,9.5
0060,2025-06-11T22:00:00Z,82,34,9.5
0060,2025-06-11T23:00:00Z,80.2,36,7.6
0060,2025-06-12T00:00:00Z,78.1,41,6.4
0060,2025-06-12T01:00:00Z,76.8,44,6.6
0060,2025-06-12T02:00:00Z,75.7,45,7.2
0060,2025-06-12T03:00:00Z,74.1,50,5.8
0060,2025-06-12T04:00:00Z,73.4,51,6.8
0060,2025-06-12T05:00:00Z,72.7,53,6.2
0060,2025-06-12T06:00:00Z,71.6,56,5
0060,2025-06-12T07:00:00Z,70.9,58,3.9
0060,2025-06-12T08:00:00Z,69.1,66,4.3
0060,2025-06-12T09:00:00Z,67.6,72,2.1
0060,2025-06-12T10:00:00Z,70.3,67,1.9
0060,2025-06-12T11:00:00Z,71.1,65,2.1
0060,2025-06-12T12:00:00Z,69.8,67,4.5
0060,2025-06-12T13:00:00Z,71.2,62,4.3
0060,2025-06-12T14:00:00Z,72.9,54,5.4
0060,2025-06-12T15:00:00Z,72.7,52,7.6
0060,2025-06-12T16:00:00Z,73,51,7.4
0060,2025-06-12T17:00:00Z,71.8,53,9.9
0060,2025-06-12T18:00:00Z,70.3,54,10.3
0060,2025-06-12T19:00:00Z,69.6,52,9.9
0060,2025-06-12T20:00:00Z,70.9,46,8.9
0060,2025-06-12T21:00:00Z,71.1,42,8.5
0060,2025-06-12T22:00:00Z,71.2,41,6.4
0060,2025-06-12T23:00:00Z,70.5,40,6.8
0060,2025-06-13T00:00:00Z,69.4,46,5.4
0060,2025-06-13T01:00:00Z,69.8,48,4.9
0060,2025-06-13T02:00:00Z,69.4,49,3.9
0060,2025-06-13T03:00:00Z,68.4,56,4.1
0060,2025-06-13T04:00:00Z,66.6,65,4.5
0060,2025-06-13T05:00:00Z,66,64,4.5
0060,2025-06-13T06:00:00Z,65.7,61,4.9
0060,2025-06-13T07:00:00Z,65.1,61,4.5
0060,2025-06-13T08:00:00Z,65.1,60,3.9
0060,2025-06-13T09:00:00Z,64.9,60,3.3
0060,2025-06-13T10:00:00Z,66,58,3.1
0060,2025-06-13T11:00:00Z,69.3,52,3.3
0060,2025-06-13T12:00:00Z,69.3,57,4.1
0060,2025-06-13T13:00:00Z,68.2,63,5.8
0060,2025-06-13T14:00:00Z,69.1,64,6
0060,2025-06-13T15:00:00Z,68.9,66,6
0060,2025-06-13T16:00:00Z,69.4,66,6.2
0060,2025-06-13T17:00:00Z,68.5,69,7.4
0060,2025-06-13T18:00:00Z,68.9,70,7.2
0060,2025-06-13T19:00:00Z,69.1,69,7.4
0060,2025-06-13T20:00:00Z,70,66,6.4
0060,2025-06-13T21:00:00Z,68.7,69,6
0060,2025-06-13T22:00:00Z,66.4,77,6.6
0060,2025-06-13T23:00:00Z,63.9,83,7
0060,2025-06-14T00:00:00Z,63.9,82,6.2
0060,2025-06-14T01:00:00Z,62.2,85,5.6
0060,2025-06-14T02:00:00Z,61,91,4.9
0060,2025-06-14T03:00:00Z,60.3,94,3.9
0060,2025-06-14T04:00:00Z,60.3,95,4.1
0060,2025-06-14T05:00:00Z,60.3,96,4.3
0060,2025-06-14T06:00:00Z,60.4,97,3.5
0060,2025-06-14T07:00:00Z,60.8,97,5.8
0060,2025-06-14T08:00:00Z,60.8,97,5.6
0060,2025-06-14T09:00:00Z,60.6,98,4.1
0060,2025-06-14T10:00:00Z,60.3,98,5.6
0060,2025-06-14T11:00:00Z,60.3,98,5
0060,2025-06-14T12:00:00Z,60.8,97,4.7
0060,2025-06-14T13:00:00Z,61.2,96,4.3
0060,2025-06-14T14:00:00Z,61.2,95,6.4
0060,2025-06-14T15:00:00Z,61.2,94,7.6
0060,2025-06-14T16:00:00Z,63,87,7.2
0060,2025-06-14T17:00:00Z,64.4,82,7.6
0060,2025-06-14T18:00:00Z,64.4,82,6.6
0060,2025-06-14T19:00:00Z,66,76,6
0060,2025-06-14T20:00:00Z,66.9,74,5.4
0060,2025-06-14T21:00:00Z,67.1,73,6
0060,2025-06-14T22:00:00Z,67.3,72,7.2
0060,2025-06-14T23:00:00Z,66.6,75,6.6
0060,2025-06-15T00:00:00Z,65.1,79,5
0060,2025-06-15T01:00:00Z,63.7,81,4.3
0060,2025-06-15T02:00:00Z,63,81,4.3
0060,2025-06-15T03:00:00Z,62.8,75,4.9
0060,2025-06-15T04:00:00Z,63.7,67,4.1
0060,2025-06-15T05:00:00Z,63,71,3.7
0060,2025-06-15T06:00:00Z,62.2,74,2.9
0060,2025-06-15T07:00:00Z,62.1,75,3.3
0060,2025-06-15T08:00:00Z,60.4,83,4.9
0060,2025-06-15T09:00:00Z,61,81,3.9
0060,2025-06-15T10:00:00Z,63.9,79,4.3
0060,2025-06-15T11:00:00Z,66.6,75,4.1
0060,2025-06-15T12:00:00Z,67.6,74,5.8
0060,2025-06-15T13:00:00Z,66.6,77,8
0060,2025-06-15T14:00:00Z,67.1,74,8.4
0060,2025-06-15T15:00:00Z,66.2,76,9.5
0060,2025-06-15T16:00:00Z,66.7,75,9.7
0060,2025-06-15T17:00:00Z,65.1,77,11.5
0060,2025-06-15T18:00:00Z,66.7,73,10.7
0060,2025-06-15T19:00:00Z,68.2,71,10.9
0060,2025-06-15T20:00:00Z,70.7,65,9.7
0060,2025-06-15T21:00:00Z,72,59,8.4
0060,2025-06-15T22:00:00Z,72.3,57,7.2
0060,2025-06-15T23:00:00Z,72,58,6.2
0060,2025-06-16T00:00:00Z,70.7,59,5.4
0060,2025-06-16T01:00:00Z,69.4,61,4.7
0060,2025-06-16T02:00:00Z,68.2,60,4.9
0060,2025-06-16T03:00:00Z,67.3,62,3.1
0060,2025-06-16T04:00:00Z,66,67,2.9
0060,2025-06-16T05:00:00Z,63.3,74,3.9
0060,2025-06-16T06:00:00Z,62.8,75,1.2
0060,2025-06-16T07:00:00Z,63,77,1
0060,2025-06-16T08:00:00Z,62.6,82,0.8
0060,2025-06-16T09:00:00Z,63.3,87,2.5
0060,2025-06-16T10:00:00Z,66,85,2.3
0060,2025-06-16T11:00:00Z,69.8,75,1.2
0060,2025-06-16T12:00:00Z,69.3,73,4.5
0060,2025-06-16T13:00:00Z,68.9,74,6.2
0060,2025-06-16T14:00:00Z,69.1,74,7.2
0060,2025-06-16T15:00:00Z,70.2,72,6.8
0060,2025-06-16T16:00:00Z,70.2,72,6.8
0060,2025-06-16T17:00:00Z,71.2,69,7
0060,2025-06-16T18:00:00Z,70.5,71,8.4
0060,2025-06-16T19:00:00Z,71.8,69,7.4
0060,2025-06-16T20:00:00Z,70.5,71,6.8
0060,2025-06-16T21:00:00Z,71.4,69,4.9
0060,2025-06-16T22:00:00Z,69.3,73,6.2
0060,2025-06-16T23:00:00Z,66.6,80,3.1
0060,2025-06-17T00:00:00Z,68.5,77,2.5
0060,2025-06-17T01:00:00Z,71.6,73,3.9
0060,2025-06-17T02:00:00Z,72,73,4.9
0060,2025-06-17T03:00:00Z,70.9,77,5.2
0060,2025-06-17T04:00:00Z,70.5,79,6.8
0060,2025-06-17T05:00:00Z,69.6,82,5.8
0060,2025-06-17T06:00:00Z,69.1,83,6.4
0060,2025-06-17T07:00:00Z,68.9,84,7.4
0060,2025-06-17T08:00:00Z,68.5,86,6.6
0060,2025-06-17T09:00:00Z,68.9,86,7
0060,2025-06-17T10:00:00Z,69.8,84,6.2
0060,2025-06-17T11:00:00Z,72.5,78,4.9
0060,2025-06-17T12:00:00Z,74.3,74,4.3
0060,2025-06-17T13:00:00Z,75.7,69,5.4
0060,2025-06-17T14:00:00Z,77,67,6
0060,2025-06-17T15:00:00Z,76.8,67,5
0060,2025-06-17T16:00:00Z,76.6,67,4.3
0060,2025-06-17T17:00:00Z,75.4,74,2.7
0060,2025-06-17T18:00:00Z,71.6,87,1.6
0060,2025-06-17T19:00:00Z,71.8,88,4.3
0060,2025-06-17T20:00:00Z,74.5,82,5
0060,2025-06-17T21:00:00Z,77.4,72,5.6
0060,2025-06-17T22:00:00Z,77.5,70,4.5
0060,2025-06-17T23:00:00Z,76.3,75,5.4
0060,2025-06-18T00:00:00Z,72.9,85,6.2
0060,2025-06-18T01:00:00Z,72.3,86,4.9
0060,2025-06-18T02:00:00Z,72.9,82,4.5
0060,2025-06-18T03:00:00Z,73,80,4.7
0060,2025-06-18T04:00:00Z,73.2,80,5
0060,2025-06-18T05:00:00Z,72.9,81,3.9
0060,2025-06-18T06:00:00Z,72.1,83,3.5
0060,2025-06-18T07:00:00Z,71.6,84,3.1
0060,2025-06-18T08:00:00Z,71.2,85,2.7
0060,2025-06-18T09:00:00Z,71.6,84,3.3
0060,2025-06-18T10:00:00Z,73.8,80,3.7
0060,2025-06-18T11:00:00Z,75.4,77,5
0060,2025-06-18T12:00:00Z,77.9,72,4.9
0060,2025-06-18T13:00:00Z,78.8,69,5.2
0060,2025-06-18T14:00:00Z,80.2,65,5.8
0060,2025-06-18T15:00:00Z,82.8,57,7
0060,2025-06-18T16:00:00Z,83.8,52,8.2
0060,2025-06-18T17:00:00Z,78.6,66,8.4
0060,2025-06-18T18:00:00Z,72.1,81,6.2
0060,2025-06-18T19:00:00Z,76.6,68,3.5
0060,2025-06-18T20:00:00Z,74.1,76,3.3
0060,2025-06-18T21:00:00Z,73.6,82,0.8
0060,2025-06-18T22:00:00Z,72.9,86,4.1
0060,2025-06-18T23:00:00Z,72.3,84,5.6
0060,2025-06-19T00:00:00Z,67.8,88,8
0060,2025-06-19T01:00:00Z,65.3,91,4.1
0060,2025-06-19T02:00:00Z,65.1,88,7.8
0060,2025-06-19T03:00:00Z,64.9,89,10.5
0060,2025-06-19T04:00:00Z,65.1,90,9.5
0060,2025-06-19T05:00:00Z,67.5,86,9.3
0060,2025-06-19T06:00:00Z,68,84,7.4
0060,2025-06-19T07:00:00Z,68.7,83,7.2
0060,2025-06-19T08:00:00Z,68.7,83,7.6
0060,2025-06-19T09:00:00Z,69.1,83,7.6
0060,2025-06-19T10:00:00Z,70.2,80,8.5
0060,2025-06-19T11:00:00Z,70.7,79,9.3
0060,2025-06-19T12:00:00Z,72.5,74,10.3
0060,2025-06-19T13:00:00Z,73.2,73,9.1
0060,2025-06-19T14:00:00Z,73.2,71,9.1
0060,2025-06-19T15:00:00Z,67.6,88,8.4
0060,2025-06-19T16:00:00Z,65.5,92,7.6
0060,2025-06-19T17:00:00Z,61.9,91,6.6
0060,2025-06-19T18:00:00Z,61,95,8
0060,2025-06-19T19:00:00Z,60.8,94,7.6
0060,2025-06-19T20:00:00Z,61.7,93,8.4
0060,2025-06-19T21:00:00Z,63.9,87,9.1
0060,2025-06-19T22:00:00Z,66,78,5.8
0060,2025-06-19T23:00:00Z,65.7,77,5
0060,2025-06-20T00:00:00Z,64.8,79,2.5
0060,2025-06-20T01:00:00Z,64,81,4.1
0060,2025-06-20T02:00:00Z,64,81,4.1
0060,2025-06-20T03:00:00Z,64,80,3.9
0060,2025-06-20T04:00:00Z,62.6,84,2.3
0060,2025-06-20T05:00:00Z,62.2,86,1.9
0060,2025-06-20T06:00:00Z,63.1,82,2.9
0060,2025-06-20T07:00:00Z,63,83,2.7
0060,2025-06-20T08:00:00Z,63,84,2.7
0060,2025-06-20T09:00:00Z,63.7,83,2.9
0060,2025-06-20T10:00:00Z,65.8,81,3.9
0060,2025-06-20T11:00:00Z,68.2,77,4.5
0060,2025-06-20T12:00:00Z,71.6,69,3.7
0060,2025-06-20T13:00:00Z,75.4,60,2.9
0060,2025-06-20T14:00:00Z,76.6,57,5.4
0060,2025-06-20T15:00:00Z,78.1,52,6.6
0060,2025-06-20T16:00:00Z,78.6,49,7.6
0060,2025-06-20T17:00:00Z,77.7,52,6.2
0060,2025-06-20T18:00:00Z,78.4,50,5.8
0060,2025-06-20T19:00:00Z,78.6,48,5.8
0060,2025-06-20T20:00:00Z,79,47,4.9
0060,2025-06-20T21:00:00Z,74.7,61,6.6
0060,2025-06-20T22:00:00Z,66.6,90,2.3
0060,2025-06-20T23:00:00Z,67.6,88,4.3
0060,2025-06-21T00:00:00Z,68,87,5.6
0060,2025-06-21T01:00:00Z,67.8,88,7.8
0060,2025-06-21T02:00:00Z,68.2,88,8.5
0060,2025-06-21T03:00:00Z,68.5,85,8.4
0060,2025-06-21T04:00:00Z,68.4,84,7.4
0060,2025-06-21T05:00:00Z,67.8,85,4.9
0060,2025-06-21T06:00:00Z,67.3,86,3.5
0060,2025-06-21T07:00:00Z,66.9,86,3.5
0060,2025-06-21T08:00:00Z,66.9,85,3.5
0060,2025-06-21T09:00:00Z,67.5,84,3.9
0060,2025-06-21T10:00:00Z,68.9,81,5.2
0060,2025-06-21T11:00:00Z,73,72,5
0060,2025-06-21T12:00:00Z,76.6,62,5
0060,2025-06-21T13:00:00Z,78.3,57,6.4
0060,2025-06-21T14:00:00Z,79.7,55,5.8
0060,2025-06-21T15:00:00Z,81.9,52,7.2
0060,2025-06-21T16:00:00Z,85.3,45,7.4
0060,2025-06-21T17:00:00Z,87.1,40,7.6
0060,2025-06-21T18:00:00Z,88.3,36,8.5
0060,2025-06-21T19:00:00Z,88.5,36,9.7
0060,2025-06-21T20:00:00Z,88.9,36,9.5
0060,2025-06-21T21:00:00Z,87.4,38,9.1
0060,2025-06-21T22:00:00Z,86,42,11.1
0060,2025-06-21T23:00:00Z,84,46,10.7
0060,2025-06-22T00:00:00Z,82,50,10.1
0060,2025-06-22T01:00:00Z,81.1,52,9.5
0060,2025-06-22T02:00:00Z,80.2,55,8.7
0060,2025-06-22T03:00:00Z,79.7,56,8.9
0060,2025-06-22T04:00:00Z,79.2,57,7.6
0060,2025-06-22T05:00:00Z,78.8,58,8
0060,2025-06-22T06:00:00Z,78.1,60,6.8
0060,2025-06-22T07:00:00Z,77.4,62,6.8
0060,2025-06-22T08:00:00Z,76.8,66,5.4
0060,2025-06-22T09:00:00Z,76.8,68,4.3
0060,2025-06-22T10:00:00Z,79.2,67,5.2
0060,2025-06-22T11:00:00Z,81,65,7
0060,2025-06-22T12:00:00Z,83.3,61,6.6
0060,2025-06-22T13:00:00Z,86,56,6.6
0060,2025-06-22T14:00:00Z,87.4,53,6
0060,2025-06-22T15:00:00Z,87.6,53,5.6
0060,2025-06-22T16:00:00Z,89.1,49,5.2
0060,2025-06-22T17:00:00Z,89.2,47,5
0060,2025-06-22T18:00:00Z,90.1,45,5.4
0060,2025-06-22T19:00:00Z,92.5,39,4.9
0060,2025-06-22T20:00:00Z,93.2,37,7.4
0060,2025-06-22T21:00:00Z,92.8,38,7.2
0060,2025-06-22T22:00:00Z,92.3,37,7.2
0060,2025-06-22T23:00:00Z,90.5,39,6
0060,2025-06-23T00:00:00Z,88,45,4.3
0060,2025-06-23T01:00:00Z,86.2,48,4.5
0060,2025-06-23T02:00:00Z,84.6,50,4.5
0060,2025-06-23T03:00:00Z,83.3,52,5
0060,2025-06-23T04:00:00Z,82.2,55,5.6
0060,2025-06-23T05:00:00Z,81.1,58,5.8
0060,2025-06-23T06:00:00Z,80.1,62,4.7
0060,2025-06-23T07:00:00Z,79,65,3.7
0060,2025-06-23T08:00:00Z,78.1,68,3.1
0060,2025-06-23T09:00:00Z,78.8,68,3.7
0060,2025-06-23T10:00:00Z,81,64,4.3
0060,2025-06-23T11:00:00Z,82.9,60,5.4
0060,2025-06-23T12:00:00Z,85.5,55,6
0060,2025-06-23T13:00:00Z,86.4,52,8
0060,2025-06-23T14:00:00Z,87.3,48,9.1
0060,2025-06-23T15:00:00Z,87.6,45,9.7
0060,2025-06-23T16:00:00Z,88.7,43,7.4
0060,2025-06-23T17:00:00Z,89.4,44,5.2
0060,2025-06-23T18:00:00Z,90.9,42,5
0060,2025-06-23T19:00:00Z,91.2,41,4.9
0060,2025-06-23T20:00:00Z,92.5,37,4.7
0060,2025-06-23T21:00:00Z,92.5,36,5.6
0060,2025-06-23T22:00:00Z,93,35,7.2
0060,2025-06-23T23:00:00Z,91,37,5.8
0060,2025-06-24T00:00:00Z,88.2,40,3.5
0060,2025-06-24T01:00:00Z,86.2,45,2.7
0060,2025-06-24T02:00:00Z,84.4,51,2.9
0060,2025-06-24T03:00:00Z,83.3,54,3.3
0060,2025-06-24T04:00:00Z,82.9,55,4.7
0060,2025-06-24T05:00:00Z,82,57,3.5
0060,2025-06-24T06:00:00Z,80.8,60,3.1
0060,2025-06-24T07:00:00Z,79.5,63,2.7
0060,2025-06-24T08:00:00Z,78.6,65,2.3
0060,2025-06-24T09:00:00Z,79.2,64,2.7
0060,2025-06-24T10:00:00Z,82.4,59,2.3
0060,2025-06-24T11:00:00Z,85.1,53,3.3
0060,2025-06-24T12:00:00Z,87.4,48,4.1
0060,2025-06-24T13:00:00Z,88.7,46,6
0060,2025-06-24T14:00:00Z,89.4,44,7
0060,2025-06-24T15:00:00Z,89.6,42,7
0060,2025-06-24T16:00:00Z,90,42,6.6
0060,2025-06-24T17:00:00Z,90.9,40,6.2
0060,2025-06-24T18:00:00Z,90.7,40,5.2
0060,2025-06-24T19:00:00Z,91.2,39,4.9
0060,2025-06-24T20:00:00Z,91.6,38,4.1
0060,2025-06-24T21:00:00Z,91.2,39,3.9
0060,2025-06-24T22:00:00Z,88.7,44,6.8
0060,2025-06-24T23:00:00Z,83.8,57,5.2
0060,2025-06-25T00:00:00Z,84.6,53,4.1
0060,2025-06-25T01:00:00Z,80.1,69,2.5
0060,2025-06-25T02:00:00Z,77.5,76,2.5
0060,2025-06-25T03:00:00Z,76.1,83,3.9
0060,2025-06-25T04:00:00Z,74.7,83,4.3
0060,2025-06-25T05:00:00Z,74.3,82,5
0060,2025-06-25T06:00:00Z,74.3,82,4.3
0060,2025-06-25T07:00:00Z,74.1,84,2.1
0060,2025-06-25T08:00:00Z,74.5,81,1.6
0060,2025-06-25T09:00:00Z,75.4,78,2.5
0060,2025-06-25T10:00:00Z,77.9,73,3.1
0060,2025-06-25T11:00:00Z,80.4,66,3.1
0060,2025-06-25T12:00:00Z,80.8,65,4.3
0060,2025-06-25T13:00:00Z,81.7,61,4.1
0060,2025-06-25T14:00:00Z,82.8,59,3.9
0060,2025-06-25T15:00:00Z,82.4,59,5.6
0060,2025-06-25T16:00:00Z,81.9,61,7.2
0060,2025-06-25T17:00:00Z,81.7,64,6.4
0060,2025-06-25T18:00:00Z,80.8,67,6.4
0060,2025-06-25T19:00:00Z,79.2,70,7.2
0060,2025-06-25T20:00:00Z,81,64,5.6
0060,2025-06-25T21:00:00Z,79.3,68,6.4
0060,2025-06-25T22:00:00Z,78.6,70,4.3
0060,2025-06-25T23:00:00Z,80.1,65,1.9
0060,2025-06-26T00:00:00Z,78.6,70,3.3
0060,2025-06-26T01:00:00Z,78.4,71,1.2
0060,2025-06-26T02:00:00Z,77.5,75,2.9
0060,2025-06-26T03:00:00Z,77,76,1.6
0060,2025-06-26T04:00:00Z,75.9,81,2.5
0060,2025-06-26T05:00:00Z,75,82,1.6
0060,2025-06-26T06:00:00Z,74.7,82,2.7
0060,2025-06-26T07:00:00Z,74.1,81,2.9
0060,2025-06-26T08:00:00Z,73.8,82,2.1
0060,2025-06-26T09:00:00Z,73.9,82,2.3
0060,2025-06-26T10:00:00Z,76.1,77,3.1
0060,2025-06-26T11:00:00Z,79.3,68,2.9
0060,2025-06-26T12:00:00Z,82.4,62,4.3
0060,2025-06-26T13:00:00Z,85.1,57,2.3
0060,2025-06-26T14:00:00Z,82.4,63,4.7
0060,2025-06-26T15:00:00Z,84,59,5.8
0060,2025-06-26T16:00:00Z,86.2,51,5.8
0060,2025-06-26T17:00:00Z,87.6,47,4.9
0060,2025-06-26T18:00:00Z,87.4,46,6.2
0060,2025-06-26T19:00:00Z,84.6,56,5.2
0060,2025-06-26T20:00:00Z,80.8,67,5.8
0060,2025-06-26T21:00:00Z,80.1,65,3.1
0060,2025-06-26T22:00:00Z,80.4,63,3.1
0060,2025-06-26T23:00:00Z,79.3,62,3.7
0060,2025-06-27T00:00:00Z,78.3,67,2.1
0060,2025-06-27T01:00:00Z,77.9,70,1.7
0060,2025-06-27T02:00:00Z,76.8,80,3.1
0060,2025-06-27T03:00:00Z,76.3,76,4.1
0060,2025-06-27T04:00:00Z,75.2,79,4.9
0060,2025-06-27T05:00:00Z,74.3,81,6.2
0060,2025-06-27T06:00:00Z,73.9,82,5.4
0060,2025-06-27T07:00:00Z,73.6,82,1.9
0060,2025-06-27T08:00:00Z,73.8,81,2.9
0060,2025-06-27T09:00:00Z,74.1,80,3.3
0060,2025-06-27T10:00:00Z,75.7,75,5.6
0060,2025-06-27T11:00:00Z,77.9,71,5.8
0060,2025-06-27T12:00:00Z,81.3,62,5.4
0060,2025-06-27T13:00:00Z,84.7,53,5.6
0060,2025-06-27T14:00:00Z,86.7,52,5.2
0060,2025-06-27T15:00:00Z,77.4,75,7
0060,2025-06-27T16:00:00Z,75.4,78,6.6
0060,2025-06-27T17:00:00Z,79.3,69,5
0060,2025-06-27T18:00:00Z,87.1,52,6
0060,2025-06-27T19:00:00Z,85.1,57,5.2
0060,2025-06-27T20:00:00Z,86.5,55,6.8
0060,2025-06-27T21:00:00Z,88.3,50,7.6
0060,2025-06-27T22:00:00Z,85.6,55,9.9
0060,2025-06-27T23:00:00Z,82.8,59,8
0060,2025-06-28T00:00:00Z,81.5,60,7.4
0060,2025-06-28T01:00:00Z,81,60,7.2
0060,2025-06-28T02:00:00Z,80.4,63,5.8
0060,2025-06-28T03:00:00Z,79.3,64,6.2
0060,2025-06-28T04:00:00Z,78.3,64,7.4
0060,2025-06-28T05:00:00Z,77.5,66,6.4
0060,2025-06-28T06:00:00Z,76.5,69,6.2
0060,2025-06-28T07:00:00Z,76.1,70,6
0060,2025-06-28T08:00:00Z,75.6,71,5.2
0060,2025-06-28T09:00:00Z,75.9,71,4.9
0060,2025-06-28T10:00:00Z,77,70,6.4
0060,2025-06-28T11:00:00Z,75,79,5.4
0060,2025-06-28T12:00:00Z,75.2,81,5.2
0060,2025-06-28T13:00:00Z,77.5,75,6.6
0060,2025-06-28T14:00:00Z,78.1,71,6.8
0060,2025-06-28T15:00:00Z,77.9,72,6.6
0060,2025-06-28T16:00:00Z,79.5,67,7.2
0060,2025-06-28T17:00:00Z,78.4,66,8.4
0060,2025-06-28T18:00:00Z,78.6,64,7.8
0060,2025-06-28T19:00:00Z,79.2,59,7.2
0060,2025-06-28T20:00:00Z,80.6,50,5.6
0060,2025-06-28T21:00:00Z,80.8,50,4.3
0060,2025-06-28T22:00:00Z,80.1,50,4.7
0060,2025-06-28T23:00:00Z,78.8,52,4.1
0060,2025-06-29T00:00:00Z,76.8,59,3.9
0060,2025-06-29T01:00:00Z,74.5,71,5.6
0060,2025-06-29T02:00:00Z,72.9,71,5.4
0060,2025-06-29T03:00:00Z,71.6,68,4.3
0060,2025-06-29T04:00:00Z,70.5,70,3.5
0060,2025-06-29T05:00:00Z,69.4,73,2.5
0060,2025-06-29T06:00:00Z,68.7,76,1.6
0060,2025-06-29T07:00:00Z,68.2,77,2.3
0060,2025-06-29T08:00:00Z,67.3,80,2.9
0060,2025-06-29T09:00:00Z,67.6,79,3.3
0060,2025-06-29T10:00:00Z,70.3,73,3.9
0060,2025-06-29T11:00:00Z,73.4,64,5.4
0060,2025-06-29T12:00:00Z,77.2,56,4.9
0060,2025-06-29T13:00:00Z,80.2,51,4.1
0060,2025-06-29T14:00:00Z,80.8,51,3.1
0060,2025-06-29T15:00:00Z,79.7,56,6.8
0060,2025-06-29T16:00:00Z,78.8,56,8.9
0060,2025-06-29T17:00:00Z,79.3,54,8.2
0060,2025-06-29T18:00:00Z,79.9,52,8.2
0060,2025-06-29T19:00:00Z,80.6,49,7.8
0060,2025-06-29T20:00:00Z,81.3,45,6.6
0060,2025-06-29T21:00:00Z,83.1,39,4.9
0060,2025-06-29T22:00:00Z,82.2,43,4.5
0060,2025-06-29T23:00:00Z,83.3,47,3.3
0060,2025-06-30T00:00:00Z,82,54,4.5
0060,2025-06-30T01:00:00Z,80.2,60,3.9
0060,2025-06-30T02:00:00Z,79.2,64,4.3
0060,2025-06-30T03:00:00Z,77.7,71,4.9
0060,2025-06-30T04:00:00Z,76.8,74,4.3
0060,2025-06-30T05:00:00Z,76.6,75,3.9
0060,2025-06-30T06:00:00Z,76.5,76,3.9
0060,2025-06-30T07:00:00Z,76.3,78,4.1
0060,2025-06-30T08:00:00Z,76.1,79,4.3
0060,2025-06-30T09:00:00Z,75.9,79,5
0060,2025-06-30T10:00:00Z,76.3,78,5.8
0060,2025-06-30T11:00:00Z,78.3,71,4.7
0060,2025-06-30T12:00:00Z,79.2,65,4.9
0060,2025-06-30T13:00:00Z,80.2,61,5
0060,2025-06-30T14:00:00Z,80.4,61,6.2
0060,2025-06-30T15:00:00Z,80.6,64,7.4
0060,2025-06-30T16:00:00Z,81.7,63,8.2
0060,2025-06-30T17:00:00Z,82,61,8.2
0060,2025-06-30T18:00:00Z,78.4,73,7.4
0060,2025-06-30T19:00:00Z,77.5,76,5
0060,2025-06-30T20:00:00Z,79,74,5.2
0060,2025-06-30T21:00:00Z,76.8,74,5.8
0060,2025-06-30T22:00:00Z,77.7,74,4.7
0060,2025-06-30T23:00:00Z,76.3,78,5
0060,2025-07-01T00:00:00Z,75.2,80,3.7
0060,2025-07-01T01:00:00Z,74.8,80,3.5
0060,2025-07-01T02:00:00Z,74.8,78,4.5
0060,2025-07-01T03:00:00Z,74.7,80,4.5
0060,2025-07-01T04:00:00Z,73.8,83,2.9
0060,2025-07-01T05:00:00Z,73.6,84,3.5
0060,2025-07-01T06:00:00Z,73.6,83,4.5
0060,2025-07-01T07:00:00Z,73.2,82,4.1
0060,2025-07-01T08:00:00Z,72.3,84,2.7
0060,2025-07-01T09:00:00Z,72.1,85,2.9
0060,2025-07-01T10:00:00Z,72.9,83,3.5
0060,2025-07-01T11:00:00Z,73.6,81,3.7
0060,2025-07-01T12:00:00Z,73.8,82,3.1
0060,2025-07-01T13:00:00Z,74.7,80,3.3
0060,2025-07-01T14:00:00Z,76.3,75,3.9
0060,2025-07-01T15:00:00Z,78.8,63,4.7
0060,2025-07-01T16:00:00Z,79.9,58,5.6
0060,2025-07-01T17:00:00Z,80.6,56,6.2
0060,2025-07-01T18:00:00Z,79.3,66,6
0060,2025-07-01T19:00:00Z,80.6,60,7.8
0060,2025-07-01T20:00:00Z,81.3,48,8.2
0060,2025-07-01T21:00:00Z,82,42,7.2
0060,2025-07-01T22:00:00Z,81.3,45,6.6
0060,2025-07-01T23:00:00Z,79.7,53,5.6
0060,2025-07-02T00:00:00Z,77.4,64,4.5
0060,2025-07-02T01:00:00Z,76.6,65,3.5
0060,2025-07-02T02:00:00Z,76.3,62,3.5
0060,2025-07-02T03:00:00Z,74.7,65,1.7
0060,2025-07-02T04:00:00Z,72.5,75,2.3
0060,2025-07-02T05:00:00Z,71.6,81,1.9
0060,2025-07-02T06:00:00Z,70.2,85,2.5
0060,2025-07-02T07:00:00Z,69.1,87,2.3
0060,2025-07-02T08:00:00Z,68.5,87,2.3
0060,2025-07-02T09:00:00Z,68.9,86,2.7
0060,2025-07-02T10:00:00Z,71.8,79,3.1
0060,2025-07-02T11:00:00Z,75.7,68,2.1
0060,2025-07-02T12:00:00Z,77.2,60,3.3
0060,2025-07-02T13:00:00Z,77.7,54,5.2
0060,2025-07-02T14:00:00Z,77.9,49,6.2
0060,2025-07-02T15:00:00Z,79,43,5.2
0060,2025-07-02T16:00:00Z,79.5,40,6
0060,2025-07-02T17:00:00Z,79.3,41,7
0060,2025-07-02T18:00:00Z,79.7,39,6.6
0060,2025-07-02T19:00:00Z,82,33,4.9
0060,2025-07-02T20:00:00Z,82.8,30,4.5
0060,2025-07-02T21:00:00Z,82.9,29,4.1
0060,2025-07-02T22:00:00Z,83.3,28,3.7
0060,2025-07-02T23:00:00Z,81.9,31,3.5
0060,2025-07-03T00:00:00Z,79.9,37,3.1
0060,2025-07-03T01:00:00Z,78.1,43,3.3
0060,2025-07-03T02:00:00Z,76.8,47,4.5
0060,2025-07-03T03:00:00Z,76.1,50,4.9
0060,2025-07-03T04:00:00Z,75,54,3.5
0060,2025-07-03T05:00:00Z,73.8,59,2.9
0060,2025-07-03T06:00:00Z,72.9,62,3.3
0060,2025-07-03T07:00:00Z,71.8,66,3.7
0060,2025-07-03T08:00:00Z,71.4,69,3.3
0060,2025-07-03T09:00:00Z,71.1,72,3.5
0060,2025-07-03T10:00:00Z,73.8,70,3.5
0060,2025-07-03T11:00:00Z,75.4,64,6
0060,2025-07-03T12:00:00Z,75.7,59,6.6
0060,2025-07-03T13:00:00Z,75.9,54,6.2
0060,2025-07-03T14:00:00Z,76.5,48,5.6
0060,2025-07-03T15:00:00Z,78.1,44,4.7
0060,2025-07-03T16:00:00Z,77.7,48,6
0060,2025-07-03T17:00:00Z,77.4,50,6.4
0060,2025-07-03T18:00:00Z,78.1,46,6
0060,2025-07-03T19:00:00Z,79.2,46,5
0060,2025-07-03T20:00:00Z,79.2,43,6
0060,2025-07-03T21:00:00Z,79.7,41,4.1
0060,2025-07-03T22:00:00Z,79.5,37,5
0060,2025-07-03T23:00:00Z,78.8,37,4.1
0060,2025-07-04T00:00:00Z,77,46,4.7
0060,2025-07-04T01:00:00Z,75.6,50,4.9
0060,2025-07-04T02:00:00Z,73.8,61,5.8
0060,2025-07-04T03:00:00Z,72.7,62,3.7
0060,2025-07-04T04:00:00Z,71.4,61,3.5
0060,2025-07-04T05:00:00Z,70.3,60,3.9
0060,2025-07-04T06:00:00Z,69.1,65,4.1
0060,2025-07-04T07:00:00Z,68.4,66,4.1
0060,2025-07-04T08:00:00Z,67.5,68,4.5
0060,2025-07-04T09:00:00Z,67.3,69,4.1
0060,2025-07-04T10:00:00Z,68.9,65,5.4
0060,2025-07-04T11:00:00Z,70.9,58,7.8
0060,2025-07-04T12:00:00Z,73.8,48,8.7
0060,2025-07-04T13:00:00Z,77.9,42,6.4
0060,2025-07-04T14:00:00Z,81.9,39,3.3
0060,2025-07-04T15:00:00Z,84.2,38,2.1
0060,2025-07-04T16:00:00Z,83.5,40,4.9
0060,2025-07-04T17:00:00Z,81.9,46,6.8
0060,2025-07-04T18:00:00Z,81.9,47,5
0060,2025-07-04T19:00:00Z,83.7,40,4.1
0060,2025-07-04T20:00:00Z,84.9,37,2.3
0060,2025-07-04T21:00:00Z,85.5,36,2.9
0060,2025-07-04T22:00:00Z,85.3,36,3.9
0060,2025-07-04T23:00:00Z,84,37,4.5
0060,2025-07-05T00:00:00Z,82.2,43,3.5
0060,2025-07-05T01:00:00Z,81.5,44,3.9
0060,2025-07-05T02:00:00Z,79.9,49,4.3
0060,2025-07-05T03:00:00Z,78.3,55,5.8
0060,2025-07-05T04:00:00Z,77.4,58,2.5
0060,2025-07-05T05:00:00Z,78.3,55,3.5
0060,2025-07-05T06:00:00Z,76.6,60,4.3
0060,2025-07-05T07:00:00Z,75.4,63,3.5
0060,2025-07-05T08:00:00Z,74.5,66,2.7
0060,2025-07-05T09:00:00Z,75,64,3.1
0060,2025-07-05T10:00:00Z,76.5,62,3.5
0060,2025-07-05T11:00:00Z,80.2,54,3.9
0060,2025-07-05T12:00:00Z,83.7,47,3.5
0060,2025-07-05T13:00:00Z,86.7,41,4.3
0060,2025-07-05T14:00:00Z,87.3,38,5.2
0060,2025-07-05T15:00:00Z,87.8,36,4.5
0060,2025-07-05T16:00:00Z,88.5,36,4.5
0060,2025-07-05T17:00:00Z,87.8,39,5.8
0060,2025-07-05T18:00:00Z,86.9,38,5
0060,2025-07-05T19:00:00Z,87.6,37,3.3
0060,2025-07-05T20:00:00Z,88.9,34,6.2
0060,2025-07-05T21:00:00Z,89.8,34,6.8
0060,2025-07-05T22:00:00Z,89.1,34,7.2
0060,2025-07-05T23:00:00Z,87.3,36,6.4
0060,2025-07-06T00:00:00Z,84.9,40,5
0060,2025-07-06T01:00:00Z,82.4,45,5.4
0060,2025-07-06T02:00:00Z,80.1,52,6
0060,2025-07-06T03:00:00Z,78.1,57,5.4
0060,2025-07-06T04:00:00Z,77,60,4.7
0060,2025-07-06T05:00:00Z,76.6,61,4.7
0060,2025-07-06T06:00:00Z,75.9,62,6.4
0060,2025-07-06T07:00:00Z,74.8,65,6.6
0060,2025-07-06T08:00:00Z,73.9,67,6.6
0060,2025-07-06T09:00:00Z,73.8,68,5.8
0060,2025-07-06T10:00:00Z,76.1,63,4.7
0060,2025-07-06T11:00:00Z,81,50,5.2
0060,2025-07-06T12:00:00Z,84.2,43,6
0060,2025-07-06T13:00:00Z,86.5,41,7
0060,2025-07-06T14:00:00Z,89.4,33,7
0060,2025-07-06T15:00:00Z,90.9,30,7.6
0060,2025-07-06T16:00:00Z,91.6,29,8.2
0060,2025-07-06T17:00:00Z,92.1,29,7.6
0060,2025-07-06T18:00:00Z,92.7,27,8
0060,2025-07-06T19:00:00Z,93,27,7.8
0060,2025-07-06T20:00:00Z,91.8,30,8.2
0060,2025-07-06T21:00:00Z,91.4,32,8
0060,2025-07-06T22:00:00Z,90.5,35,8
0060,2025-07-06T23:00:00Z,88.2,39,7.2
0060,2025-07-07T00:00:00Z,86.2,43,6
0060,2025-07-07T01:00:00Z,84.9,47,6.6
0060,2025-07-07T02:00:00Z,83.7,51,6.8
0060,2025-07-07T03:00:00Z,82.8,54,5.8
0060,2025-07-07T04:00:00Z,81.5,57,4.9
0060,2025-07-07T05:00:00Z,81,59,4.1
0060,2025-07-07T06:00:00Z,80.1,61,5.2
0060,2025-07-07T07:00:00Z,78.8,65,4.5
0060,2025-07-07T08:00:00Z,77.9,68,4.7
0060,2025-07-07T09:00:00Z,77,70,5.4
0060,2025-07-07T10:00:00Z,77.5,70,5.8
0060,2025-07-07T11:00:00Z,79.3,65,5.6
0060,2025-07-07T12:00:00Z,79.9,64,6
0060,2025-07-07T13:00:00Z,78.6,71,8.7
0060,2025-07-07T14:00:00Z,80.2,67,7.8
0060,2025-07-07T15:00:00Z,77,76,9.1
0060,2025-07-07T16:00:00Z,75,75,8.4
0060,2025-07-07T17:00:00Z,73.9,75,9.1
0060,2025-07-07T18:00:00Z,73.2,76,8.4
0060,2025-07-07T19:00:00Z,71.6,82,6
0060,2025-07-07T20:00:00Z,71.8,81,7.6
0060,2025-07-07T21:00:00Z,71.4,80,6.2
0060,2025-07-07T22:00:00Z,71.2,79,6.2
0060,2025-07-07T23:00:00Z,71.6,77,5.4
0060,2025-07-08T00:00:00Z,70.5,78,7.6
0060,2025-07-08T01:00:00Z,69.3,80,7.6
0060,2025-07-08T02:00:00Z,66.7,91,7
0060,2025-07-08T03:00:00Z,66.9,88,6
0060,2025-07-08T04:00:00Z,67.1,82,5.6
0060,2025-07-08T05:00:00Z,67.3,79,5
0060,2025-07-08T06:00:00Z,67.3,78,4.3
0060,2025-07-08T07:00:00Z,67.5,77,3.7
0060,2025-07-08T08:00:00Z,67.6,77,3.9
0060,2025-07-08T09:00:00Z,67.8,77,0.6
0060,2025-07-08T10:00:00Z,68.5,76,1.7
0060,2025-07-08T11:00:00Z,70.9,70,0.6
0060,2025-07-08T12:00:00Z,70.7,70,5.4
0060,2025-07-08T13:00:00Z,71.2,69,7
0060,2025-07-08T14:00:00Z,71.8,66,5.8
0060,2025-07-08T15:00:00Z,72.7,65,5
0060,2025-07-08T16:00:00Z,73.6,62,5.8
0060,2025-07-08T17:00:00Z,73,63,7.4
0060,2025-07-08T18:00:00Z,73.4,60,7.8
0060,2025-07-08T19:00:00Z,74.1,56,7.2
0060,2025-07-08T20:00:00Z,74.7,56,6.2
0060,2025-07-08T21:00:00Z,75.2,53,4.5
0060,2025-07-08T22:00:00Z,75.6,49,3.7
0060,2025-07-08T23:00:00Z,74.7,51,3.7
0060,2025-07-09T00:00:00Z,73.8,52,2.7
0060,2025-07-09T01:00:00Z,72.9,54,3.3
0060,2025-07-09T02:00:00Z,72.1,57,3.5
0060,2025-07-09T03:00:00Z,70.5,63,3.9
0060,2025-07-09T04:00:00Z,69.1,69,4.3
0060,2025-07-09T05:00:00Z,68.7,71,4.1
0060,2025-07-09T06:00:00Z,68.5,71,4.9
0060,2025-07-09T07:00:00Z,68.4,72,3.9
0060,2025-07-09T08:00:00Z,68.5,71,5.2
0060,2025-07-09T09:00:00Z,68.7,72,4.9
0060,2025-07-09T10:00:00Z,69.6,70,5.2
0060,2025-07-09T11:00:00Z,71.6,67,6
0060,2025-07-09T12:00:00Z,74.5,62,4.3
0060,2025-07-09T13:00:00Z,78.8,53,2.9
0060,2025-07-09T14:00:00Z,80.6,48,3.1
0060,2025-07-09T15:00:00Z,82.6,45,2.5
0060,2025-07-09T16:00:00Z,81.3,49,5
0060,2025-07-09T17:00:00Z,78.4,56,7.2
0060,2025-07-09T18:00:00Z,78.6,59,6.8
0060,2025-07-09T19:00:00Z,78.1,61,5
0060,2025-07-09T20:00:00Z,78.8,60,1.7
0060,2025-07-09T21:00:00Z,78.4,61,3.7
0060,2025-07-09T22:00:00Z,79.3,55,2.3
0060,2025-07-09T23:00:00Z,78.8,54,3.3
0060,2025-07-10T00:00:00Z,77.4,57,3.1
0060,2025-07-10T01:00:00Z,75.9,65,3.5
0060,2025-07-10T02:00:00Z,74.1,74,3.9
0060,2025-07-10T03:00:00Z,73.6,77,4.9
0060,2025-07-10T04:00:00Z,73,79,5.4
0060,2025-07-10T05:00:00Z,72.9,80,5.4
0060,2025-07-10T06:00:00Z,72.5,80,4.7
0060,2025-07-10T07:00:00Z,72,82,4.7
0060,2025-07-10T08:00:00Z,71.6,83,4.1
0060,2025-07-10T09:00:00Z,71.1,84,3.7
0060,2025-07-10T10:00:00Z,73,80,3.1
0060,2025-07-10T11:00:00Z,76.1,72,4.1
0060,2025-07-10T12:00:00Z,78.6,65,3.1
0060,2025-07-10T13:00:00Z,81.1,60,2.7
0060,2025-07-10T14:00:00Z,79.7,65,6.2
0060,2025-07-10T15:00:00Z,79.5,65,6.8
0060,2025-07-10T16:00:00Z,79.7,66,6.4
0060,2025-07-10T17:00:00Z,79.2,66,7.2
0060,2025-07-10T18:00:00Z,78.8,67,9.1
0060,2025-07-10T19:00:00Z,80.4,57,5.2
0060,2025-07-10T20:00:00Z,83.1,43,1.9
0060,2025-07-10T21:00:00Z,83.3,34,5.4
0060,2025-07-10T22:00:00Z,82.4,37,5.4
0060,2025-07-10T23:00:00Z,81,40,3.9
0060,2025-07-11T00:00:00Z,79.3,49,2.5
0060,2025-07-11T01:00:00Z,76.5,71,4.5
0060,2025-07-11T02:00:00Z,74.8,76,2.9
0060,2025-07-11T03:00:00Z,73.9,79,3.1
0060,2025-07-11T04:00:00Z,73,81,2.3
0060,2025-07-11T05:00:00Z,72.7,81,2.3
0060,2025-07-11T06:00:00Z,72,82,2.5
0060,2025-07-11T07:00:00Z,71.6,83,2.3
0060,2025-07-11T08:00:00Z,70.7,85,3.7
0060,2025-07-11T09:00:00Z,70.5,85,4.1
0060,2025-07-11T10:00:00Z,73,79,5.2
0060,2025-07-11T11:00:00Z,76.8,69,4.1
0060,2025-07-11T12:00:00Z,80.4,61,4.5
0060,2025-07-11T13:00:00Z,83.8,52,3.7
0060,2025-07-11T14:00:00Z,84.2,47,4.7
0060,2025-07-11T15:00:00Z,85.1,43,4.7
0060,2025-07-11T16:00:00Z,85.8,42,6.4
0060,2025-07-11T17:00:00Z,85.5,42,6.8
0060,2025-07-11T18:00:00Z,84.2,43,6
0060,2025-07-11T19:00:00Z,85.3,39,1.6
0060,2025-07-11T20:00:00Z,87.3,41,5.2
0060,2025-07-11T21:00:00Z,86.9,39,5.6
0060,2025-07-11T22:00:00Z,86.2,39,5.6
0060,2025-07-11T23:00:00Z,83.7,47,4.5
0060,2025-07-12T00:00:00Z,81.9,50,3.5
0060,2025-07-12T01:00:00Z,80.2,56,4.7
0060,2025-07-12T02:00:00Z,78.8,60,6.2
0060,2025-07-12T03:00:00Z,78.6,56,6.4
0060,2025-07-12T04:00:00Z,77.5,61,6.8
0060,2025-07-12T05:00:00Z,76.6,64,6
0060,2025-07-12T06:00:00Z,75.4,69,4.5
0060,2025-07-12T07:00:00Z,74.7,72,4.3
0060,2025-07-12T08:00:00Z,74.3,73,5.4
0060,2025-07-12T09:00:00Z,74.7,73,5.4
0060,2025-07-12T10:00:00Z,76.6,69,6
0060,2025-07-12T11:00:00Z,79.7,62,6
0060,2025-07-12T12:00:00Z,84,52,5.6
0060,2025-07-12T13:00:00Z,87.1,46,8
0060,2025-07-12T14:00:00Z,89.2,41,8.2
0060,2025-07-12T15:00:00Z,90.3,38,9.9
0060,2025-07-12T16:00:00Z,91,35,10.1
0060,2025-07-12T17:00:00Z,91.2,35,8.7
0060,2025-07-12T18:00:00Z,91.6,34,8.4
0060,2025-07-12T19:00:00Z,86.9,40,9.3
0060,2025-07-12T20:00:00Z,82.2,50,6.4
0060,2025-07-12T21:00:00Z,82.8,49,6.4
0060,2025-07-12T22:00:00Z,81.7,53,7.4
0060,2025-07-12T23:00:00Z,79.5,58,7.6
0060,2025-07-13T00:00:00Z,78.6,57,5.4
0060,2025-07-13T01:00:00Z,78.1,57,5.6
0060,2025-07-13T02:00:00Z,77.7,57,5
0060,2025-07-13T03:00:00Z,76.6,60,6.4
0060,2025-07-13T04:00:00Z,75.4,67,6.2
0060,2025-07-13T05:00:00Z,74.3,72,5.2
0060,2025-07-13T06:00:00Z,73.8,73,5.2
0060,2025-07-13T07:00:00Z,73.2,73,4.9
0060,2025-07-13T08:00:00Z,73,74,3.7
0060,2025-07-13T09:00:00Z,73.4,74,4.3
0060,2025-07-13T10:00:00Z,74.7,71,4.5
0060,2025-07-13T11:00:00Z,75.9,69,4.1
0060,2025-07-13T12:00:00Z,76.5,68,4.3
0060,2025-07-13T13:00:00Z,78.6,65,5.2
0060,2025-07-13T14:00:00Z,79.5,63,4.3
0060,2025-07-13T15:00:00Z,81.1,59,4.1
0060,2025-07-13T16:00:00Z,81.5,60,4.7
0060,2025-07-13T17:00:00Z,80.2,66,6.8
0060,2025-07-13T18:00:00Z,81,63,5.6
0060,2025-07-13T19:00:00Z,80.8,62,7.2
0060,2025-07-13T20:00:00Z,81,61,3.7
0060,2025-07-13T21:00:00Z,82.2,59,4.3
0060,2025-07-13T22:00:00Z,85.1,50,3.7
0060,2025-07-13T23:00:00Z,83.1,55,2.7
0060,2025-07-14T00:00:00Z,82.2,57,1.6
0060,2025-07-14T01:00:00Z,81.3,60,2.1
0060,2025-07-14T02:00:00Z,79.3,69,2.3
0060,2025-07-14T03:00:00Z,78.3,69,1.7
0060,2025-07-14T04:00:00Z,77.7,69,3.7
0060,2025-07-14T05:00:00Z,77.2,71,3.5
0060,2025-07-14T06:00:00Z,75.7,76,2.9
0060,2025-07-14T07:00:00Z,75.2,77,3.1
0060,2025-07-14T08:00:00Z,75,77,3.7
0060,2025-07-14T09:00:00Z,74.8,78,3.5
0060,2025-07-14T10:00:00Z,75.2,78,4.5
0060,2025-07-14T11:00:00Z,75.2,82,1.9
0060,2025-07-14T12:00:00Z,75.4,80,2.9
0060,2025-07-14T13:00:00Z,77.2,74,4.5
0060,2025-07-14T14:00:00Z,79.2,65,6.6
0060,2025-07-14T15:00:00Z,79.3,61,7.2
0060,2025-07-14T16:00:00Z,79.3,56,6.6
0060,2025-07-14T17:00:00Z,79.5,55,6.4
0060,2025-07-14T18:00:00Z,79.3,55,7
0060,2025-07-14T19:00:00Z,79.9,50,7.4
0060,2025-07-14T20:00:00Z,80.2,40,7
0060,2025-07-14T21:00:00Z,81,33,6.4
0060,2025-07-14T22:00:00Z,80.6,30,6.8
0060,2025-07-14T23:00:00Z,78.6,39,5.2
0060,2025-07-15T00:00:00Z,77.4,45,3.5
0060,2025-07-15T01:00:00Z,76.3,54,1
0060,2025-07-15T02:00:00Z,72.7,50,2.7
0060,2025-07-15T03:00:00Z,70.5,54,2.7
0060,2025-07-15T04:00:00Z,67.8,66,2.9
0060,2025-07-15T05:00:00Z,65.8,75,3.5
0060,2025-07-15T06:00:00Z,65.1,79,2.7
0060,2025-07-15T07:00:00Z,64,83,2.7
0060,2025-07-15T08:00:00Z,63.7,84,3.1
0060,2025-07-15T09:00:00Z,63.7,83,2.9
0060,2025-07-15T10:00:00Z,66.7,76,3.1
0060,2025-07-15T11:00:00Z,71.1,64,3.9
0060,2025-07-15T12:00:00Z,77.7,51,2.1
0060,2025-07-15T13:00:00Z,80.6,48,3.1
0060,2025-07-15T14:00:00Z,80.8,48,5
0060,2025-07-15T15:00:00Z,81.1,44,7.2
0060,2025-07-15T16:00:00Z,81.9,43,7
0060,2025-07-15T17:00:00Z,81.9,45,7.6
0060,2025-07-15T18:00:00Z,82.2,44,7.8
0060,2025-07-15T19:00:00Z,81.9,46,8
0060,2025-07-15T20:00:00Z,82.4,44,6.6
0060,2025-07-15T21:00:00Z,81.9,40,6.4
0060,2025-07-15T22:00:00Z,81.3,43,6
0060,2025-07-15T23:00:00Z,81.1,42,3.5
0060,2025-07-16T00:00:00Z,80.2,48,3.1
0060,2025-07-16T01:00:00Z,79.3,51,2.3
0060,2025-07-16T02:00:00Z,77.9,58,4.3
0060,2025-07-16T03:00:00Z,76.3,65,4.7
0060,2025-07-16T04:00:00Z,75.7,67,4.1
0060,2025-07-16T05:00:00Z,75,70,2.9
0060,2025-07-16T06:00:00Z,74.3,72,2.9
0060,2025-07-16T07:00:00Z,73.4,75,3.1
0060,2025-07-16T08:00:00Z,73.2,76,3.9
0060,2025-07-16T09:00:00Z,73.2,76,4.3
0060,2025-07-16T10:00:00Z,74.5,73,4.3
0060,2025-07-16T11:00:00Z,76.5,68,5.6
0060,2025-07-16T12:00:00Z,78.3,66,NA
0060,2025-07-16T13:00:00Z,78.4,71,3.5
0060,2025-07-16T14:00:00Z,80.6,64,5.6
0060,2025-07-16T15:00:00Z,75.6,81,2.3
0060,2025-07-16T16:00:00Z,75.4,86,2.5
0060,2025-07-16T17:00:00Z,76.5,84,3.3
0060,2025-07-16T18:00:00Z,78.3,78,5.8
0060,2025-07-16T19:00:00Z,80.4,70,5.2
0060,2025-07-16T20:00:00Z,83.1,61,5.6
0060,2025-07-16T21:00:00Z,77.9,75,6.6
0060,2025-07-16T22:00:00Z,75.4,86,3.9
0060,2025-07-16T23:00:00Z,74.8,87,3.3
0060,2025-07-17T00:00:00Z,74.3,90,2.9
0060,2025-07-17T01:00:00Z,74.8,87,4.3
0060,2025-07-17T02:00:00Z,74.7,85,5
0060,2025-07-17T03:00:00Z,74.8,85,5.6
0060,2025-07-17T04:00:00Z,75.2,83,6.4
0060,2025-07-17T05:00:00Z,75.4,83,7.2
0060,2025-07-17T06:00:00Z,75,83,6.6
0060,2025-07-17T07:00:00Z,75.2,81,8.4
0060,2025-07-17T08:00:00Z,74.7,79,8.7
0060,2025-07-17T09:00:00Z,74.3,78,8.4
0060,2025-07-17T10:00:00Z,74.7,76,9.3
0060,2025-07-17T11:00:00Z,74.5,74,10.3
0060,2025-07-17T12:00:00Z,74.5,72,10.1
0060,2025-07-17T13:00:00Z,74.7,72,11.7
0060,2025-07-17T14:00:00Z,73.6,72,13.4
0060,2025-07-17T15:00:00Z,73.8,71,10.9
0060,2025-07-17T16:00:00Z,74.5,69,10.7
0060,2025-07-17T17:00:00Z,75.4,68,10.3
0060,2025-07-17T18:00:00Z,75.6,67,9.9
0060,2025-07-17T19:00:00Z,76.6,62,7.8
0060,2025-07-17T20:00:00Z,76.6,64,6.8
0060,2025-07-17T21:00:00Z,76.1,63,6.8
0060,2025-07-17T22:00:00Z,76.8,60,5.6
0060,2025-07-17T23:00:00Z,75.7,65,4.7
0060,2025-07-18T00:00:00Z,74.8,67,6.2
0060,2025-07-18T01:00:00Z,72.1,74,10.3
0060,2025-07-18T02:00:00Z,68.9,80,10.1
0060,2025-07-18T03:00:00Z,67.6,79,9.7
0060,2025-07-18T04:00:00Z,67.1,76,7.4
0060,2025-07-18T05:00:00Z,66.7,74,6.8
0060,2025-07-18T06:00:00Z,66.4,74,6
0060,2025-07-18T07:00:00Z,65.8,72,4.5
0060,2025-07-18T08:00:00Z,65.7,73,4.7
0060,2025-07-18T09:00:00Z,65.5,74,4.7
0060,2025-07-18T10:00:00Z,66,72,5.6
0060,2025-07-18T11:00:00Z,65.8,73,5
0060,2025-07-18T12:00:00Z,66.6,74,3.9
0060,2025-07-18T13:00:00Z,68.2,69,3.7
0060,2025-07-18T14:00:00Z,72,59,3.1
0060,2025-07-18T15:00:00Z,72.1,59,5.6
0060,2025-07-18T16:00:00Z,72.9,57,7.6
0060,2025-07-18T17:00:00Z,72.7,60,9.3
0060,2025-07-18T18:00:00Z,72,62,10.5
0060,2025-07-18T19:00:00Z,71.4,63,9.5
0060,2025-07-18T20:00:00Z,72.1,60,9.3
0060,2025-07-18T21:00:00Z,72.5,58,8
0060,2025-07-18T22:00:00Z,72.7,59,5.6
0060,2025-07-18T23:00:00Z,72,62,4.9
0060,2025-07-19T00:00:00Z,71.6,65,4.7
0060,2025-07-19T01:00:00Z,71.6,64,3.5
0060,2025-07-19T02:00:00Z,70.9,64,3.1
0060,2025-07-19T03:00:00Z,69.8,67,2.9
0060,2025-07-19T04:00:00Z,68.7,70,3.3
0060,2025-07-19T05:00:00Z,67.3,74,2.9
0060,2025-07-19T06:00:00Z,66,79,2.3
0060,2025-07-19T07:00:00Z,65.3,83,2.1
0060,2025-07-19T08:00:00Z,64.6,85,2.3
0060,2025-07-19T09:00:00Z,64.4,85,2.3
0060,2025-07-19T10:00:00Z,66.9,80,2.5
0060,2025-07-19T11:00:00Z,70.7,70,2.1
0060,2025-07-19T12:00:00Z,72.1,66,4.1
0060,2025-07-19T13:00:00Z,73.8,61,3.1
0060,2025-07-19T14:00:00Z,76.1,52,3.1
0060,2025-07-19T15:00:00Z,77.7,50,3.3
0060,2025-07-19T16:00:00Z,79.3,49,4.1
0060,2025-07-19T17:00:00Z,78.4,54,6.8
0060,2025-07-19T18:00:00Z,79.3,54,6.4
0060,2025-07-19T19:00:00Z,82,47,2.1
0060,2025-07-19T20:00:00Z,78.4,59,7.2
0060,2025-07-19T21:00:00Z,76.3,65,6.8
0060,2025-07-19T22:00:00Z,76.6,63,3.9
0060,2025-07-19T23:00:00Z,77.2,62,4.7
0060,2025-07-20T00:00:00Z,78.3,61,5
0060,2025-07-20T01:00:00Z,78.1,62,5.2
0060,2025-07-20T02:00:00Z,77,66,6
0060,2025-07-20T03:00:00Z,75.6,71,5.8
0060,2025-07-20T04:00:00Z,74.5,69,5.4
0060,2025-07-20T05:00:00Z,73.8,69,4.9
0060,2025-07-20T06:00:00Z,72.9,72,3.9
0060,2025-07-20T07:00:00Z,72.3,78,4.3
0060,2025-07-20T08:00:00Z,72.1,82,5.8
0060,2025-07-20T09:00:00Z,72.1,84,4.5
0060,2025-07-20T10:00:00Z,73.6,81,7.6
0060,2025-07-20T11:00:00Z,74.1,80,8
0060,2025-07-20T12:00:00Z,74.7,78,6
0060,2025-07-20T13:00:00Z,75,75,6.6
0060,2025-07-20T14:00:00Z,75.7,72,6.8
0060,2025-07-20T15:00:00Z,76.3,71,6
0060,2025-07-20T16:00:00Z,76.3,72,6.8
0060,2025-07-20T17:00:00Z,73.6,78,8.2
0060,2025-07-20T18:00:00Z,72.7,77,8.5
0060,2025-07-20T19:00:00Z,72.3,76,7.6
0060,2025-07-20T20:00:00Z,72.3,73,7.2
0060,2025-07-20T21:00:00Z,72.1,71,6.6
0060,2025-07-20T22:00:00Z,72.5,68,5.8
0060,2025-07-20T23:00:00Z,72.5,66,6
0060,2025-07-21T00:00:00Z,72,65,6
0060,2025-07-21T01:00:00Z,72,63,7.6
0060,2025-07-21T02:00:00Z,71.2,57,7.2
0060,2025-07-21T03:00:00Z,70.5,57,8.2
0060,2025-07-21T04:00:00Z,70.5,57,8.4
0060,2025-07-21T05:00:00Z,70,59,6
0060,2025-07-21T06:00:00Z,69.8,55,4.1
0060,2025-07-21T07:00:00Z,66.6,67,2.7
0060,2025-07-21T08:00:00Z,65.1,72,2.7
0060,2025-07-21T09:00:00Z,65.5,71,2.7
0060,2025-07-21T10:00:00Z,69.1,66,4.7
0060,2025-07-21T11:00:00Z,70.5,63,6.4
0060,2025-07-21T12:00:00Z,71.2,59,6.8
0060,2025-07-21T13:00:00Z,72.3,54,6.8
0060,2025-07-21T14:00:00Z,72,57,8
0060,2025-07-21T15:00:00Z,71.4,63,8
0060,2025-07-21T16:00:00Z,71.1,63,8.4
0060,2025-07-21T17:00:00Z,71.6,60,7.6
0060,2025-07-21T18:00:00Z,71.4,62,8.9
0060,2025-07-21T19:00:00Z,71.8,59,8.7
0060,2025-07-21T20:00:00Z,72.5,50,8.9
0060,2025-07-21T21:00:00Z,72.7,46,8.5
0060,2025-07-21T22:00:00Z,73,42,7.8
0060,2025-07-21T23:00:00Z,72,45,6.2
0060,2025-07-22T00:00:00Z,70.9,49,5.6
0060,2025-07-22T01:00:00Z,70.3,52,5.4
0060,2025-07-22T02:00:00Z,69.3,63,6.8
0060,2025-07-22T03:00:00Z,68.4,67,5.2
0060,2025-07-22T04:00:00Z,67.6,68,3.7
0060,2025-07-22T05:00:00Z,65.5,73,2.9
0060,2025-07-22T06:00:00Z,63.5,78,2.7
0060,2025-07-22T07:00:00Z,61.9,82,2.9
0060,2025-07-22T08:00:00Z,60.6,83,3.1
0060,2025-07-22T09:00:00Z,60.8,81,3.5
0060,2025-07-22T10:00:00Z,63.3,74,3.5
0060,2025-07-22T11:00:00Z,66.9,58,3.9
0060,2025-07-22T12:00:00Z,71.6,44,2.3
0060,2025-07-22T13:00:00Z,74.3,34,2.5
0060,2025-07-22T14:00:00Z,74.3,36,3.5
0060,2025-07-22T15:00:00Z,74.3,39,8
0060,2025-07-22T16:00:00Z,74.5,38,8.5
0060,2025-07-22T17:00:00Z,74.7,40,9.3
0060,2025-07-22T18:00:00Z,74.5,42,9.3
0060,2025-07-22T19:00:00Z,74.1,43,10.9
0060,2025-07-22T20:00:00Z,74.1,42,10.3
0060,2025-07-22T21:00:00Z,75.4,42,7.4
0060,2025-07-22T22:00:00Z,74.7,44,6.8
0060,2025-07-22T23:00:00Z,74.1,46,4.9
0060,2025-07-23T00:00:00Z,72.7,46,4.9
0060,2025-07-23T01:00:00Z,71.1,50,4.9
0060,2025-07-23T02:00:00Z,69.8,53,2.9
0060,2025-07-23T03:00:00Z,68.2,56,2.9
0060,2025-07-23T04:00:00Z,66.7,62,2.7
0060,2025-07-23T05:00:00Z,65.1,67,5
0060,2025-07-23T06:00:00Z,64.2,71,4.5
0060,2025-07-23T07:00:00Z,63.5,73,5
0060,2025-07-23T08:00:00Z,63,75,5.2
0060,2025-07-23T09:00:00Z,62.6,76,4.9
0060,2025-07-23T10:00:00Z,64.8,72,4.7
0060,2025-07-23T11:00:00Z,68.9,61,4.1
0060,2025-07-23T12:00:00Z,74.3,47,4.3
0060,2025-07-23T13:00:00Z,79.5,34,4.3
0060,2025-07-23T14:00:00Z,82.2,29,4.9
0060,2025-07-23T15:00:00Z,83.1,31,0.8
0060,2025-07-23T16:00:00Z,80.6,38,6
0060,2025-07-23T17:00:00Z,81,38,7.4
0060,2025-07-23T18:00:00Z,81.3,39,6.6
0060,2025-07-23T19:00:00Z,81.1,41,6.8
0060,2025-07-23T20:00:00Z,80.2,45,7.2
0060,2025-07-23T21:00:00Z,80.1,43,6
0060,2025-07-23T22:00:00Z,80.2,41,5.4
0060,2025-07-23T23:00:00Z,79.3,42,4.1
0060,2025-07-24T00:00:00Z,77.7,54,2.3
0060,2025-07-24T01:00:00Z,76.5,58,1.7
0060,2025-07-24T02:00:00Z,74.7,60,2.3
0060,2025-07-24T03:00:00Z,72.7,64,2.3
0060,2025-07-24T04:00:00Z,71.8,65,4.1
0060,2025-07-24T05:00:00Z,70.9,67,3.9
0060,2025-07-24T06:00:00Z,69.6,72,2.1
0060,2025-07-24T07:00:00Z,68.7,75,2.5
0060,2025-07-24T08:00:00Z,68.4,76,2.1
0060,2025-07-24T09:00:00Z,68.4,76,2.3
0060,2025-07-24T10:00:00Z,71.2,70,4.5
0060,2025-07-24T11:00:00Z,76.1,59,5.2
0060,2025-07-24T12:00:00Z,81.3,52,5
0060,2025-07-24T13:00:00Z,83.8,51,6.2
0060,2025-07-24T14:00:00Z,85.3,52,6.4
0060,2025-07-24T15:00:00Z,87.3,50,6.2
0060,2025-07-24T16:00:00Z,89.6,45,6.8
0060,2025-07-24T17:00:00Z,90.7,42,7
0060,2025-07-24T18:00:00Z,91.4,40,7.8
0060,2025-07-24T19:00:00Z,92.3,38,7.6
0060,2025-07-24T20:00:00Z,92.5,38,7.4
0060,2025-07-24T21:00:00Z,91.2,41,8
0060,2025-07-24T22:00:00Z,90.5,43,7.8
0060,2025-07-24T23:00:00Z,88.5,47,8.2
0060,2025-07-25T00:00:00Z,84.7,56,5.6
0060,2025-07-25T01:00:00Z,72.7,88,2.3
0060,2025-07-25T02:00:00Z,72.3,81,5.4
0060,2025-07-25T03:00:00Z,73.2,86,2.9
0060,2025-07-25T04:00:00Z,74.1,86,1.9
0060,2025-07-25T05:00:00Z,74.1,87,3.1
0060,2025-07-25T06:00:00Z,73.9,86,3.9
0060,2025-07-25T07:00:00Z,73.6,87,3.1
0060,2025-07-25T08:00:00Z,74.1,83,2.1
0060,2025-07-25T09:00:00Z,74.3,82,2.5
0060,2025-07-25T10:00:00Z,75.4,80,4.3
0060,2025-07-25T11:00:00Z,76.5,79,4.1
0060,2025-07-25T12:00:00Z,76.8,77,5.2
0060,2025-07-25T13:00:00Z,77.5,74,6
0060,2025-07-25T14:00:00Z,79.7,67,4.9
0060,2025-07-25T15:00:00Z,79.5,67,6.6
0060,2025-07-25T16:00:00Z,77.5,73,7
0060,2025-07-25T17:00:00Z,78.6,71,7
0060,2025-07-25T18:00:00Z,79.5,64,7
0060,2025-07-25T19:00:00Z,78.3,67,5.6
0060,2025-07-25T20:00:00Z,78.6,66,3.7
0060,2025-07-25T21:00:00Z,78.4,64,4.7
0060,2025-07-25T22:00:00Z,78.8,65,3.9
0060,2025-07-25T23:00:00Z,78.4,65,2.7
0060,2025-07-26T00:00:00Z,77.9,66,2.7
0060,2025-07-26T01:00:00Z,77.2,72,2.3
0060,2025-07-26T02:00:00Z,76.5,74,2.1
0060,2025-07-26T03:00:00Z,75.7,75,3.3
0060,2025-07-26T04:00:00Z,75.4,76,2.7
0060,2025-07-26T05:00:00Z,75,77,3.5
0060,2025-07-26T06:00:00Z,74.8,77,4.5
0060,2025-07-26T07:00:00Z,74.7,80,2.1
0060,2025-07-26T08:00:00Z,73,88,2.7
0060,2025-07-26T09:00:00Z,72.7,91,2.1
0060,2025-07-26T10:00:00Z,72.9,90,3.9
0060,2025-07-26T11:00:00Z,74.5,85,4.9
0060,2025-07-26T12:00:00Z,76.6,78,5.8
0060,2025-07-26T13:00:00Z,80.2,70,5
0060,2025-07-26T14:00:00Z,82.8,65,4.5
0060,2025-07-26T15:00:00Z,82.8,66,4.3
0060,2025-07-26T16:00:00Z,86.2,58,2.9
0060,2025-07-26T17:00:00Z,84.7,61,5.4
0060,2025-07-26T18:00:00Z,82.9,65,6.2
0060,2025-07-26T19:00:00Z,81.9,67,2.1
0060,2025-07-26T20:00:00Z,78.3,72,4.7
0060,2025-07-26T21:00:00Z,81,67,5.4
0060,2025-07-26T22:00:00Z,80.4,68,5
0060,2025-07-26T23:00:00Z,77.9,76,5
0060,2025-07-27T00:00:00Z,77.2,77,6
0060,2025-07-27T01:00:00Z,76.5,81,6.6
0060,2025-07-27T02:00:00Z,76.6,80,5.6
0060,2025-07-27T03:00:00Z,75.4,84,6.6
0060,2025-07-27T04:00:00Z,75.9,80,5.8
0060,2025-07-27T05:00:00Z,75.2,81,5
0060,2025-07-27T06:00:00Z,73.8,88,2.9
0060,2025-07-27T07:00:00Z,73.6,89,2.9
0060,2025-07-27T08:00:00Z,73.6,88,2.5
0060,2025-07-27T09:00:00Z,73.6,88,1.9
0060,2025-07-27T10:00:00Z,73.9,87,1.9
0060,2025-07-27T11:00:00Z,75.7,82,3.9
0060,2025-07-27T12:00:00Z,77,79,6.6
0060,2025-07-27T13:00:00Z,77.7,77,8
0060,2025-07-27T14:00:00Z,78.3,77,7.2
0060,2025-07-27T15:00:00Z,79,74,6.8
0060,2025-07-27T16:00:00Z,79.7,72,5.6
0060,2025-07-27T17:00:00Z,80.2,69,6.8
0060,2025-07-27T18:00:00Z,81,65,6.6
0060,2025-07-27T19:00:00Z,81.7,59,5.8
0060,2025-07-27T20:00:00Z,81.7,59,5
0060,2025-07-27T21:00:00Z,82.2,56,4.9
0060,2025-07-27T22:00:00Z,83.3,51,2.9
0060,2025-07-27T23:00:00Z,81.3,58,2.5
0060,2025-07-28T00:00:00Z,79,66,2.5
0060,2025-07-28T01:00:00Z,78.1,67,1.7
0060,2025-07-28T02:00:00Z,76.5,72,2.7
0060,2025-07-28T03:00:00Z,73.9,78,2.5
0060,2025-07-28T04:00:00Z,72.3,82,2.5
0060,2025-07-28T05:00:00Z,71.1,85,2.9
0060,2025-07-28T06:00:00Z,70.7,84,2.7
0060,2025-07-28T07:00:00Z,70,84,3.1
0060,2025-07-28T08:00:00Z,69.4,85,2.5
0060,2025-07-28T09:00:00Z,69.4,85,2.5
0060,2025-07-28T10:00:00Z,71.6,81,3.5
0060,2025-07-28T11:00:00Z,75.4,71,3.9
0060,2025-07-28T12:00:00Z,81.7,59,2.9
0060,2025-07-28T13:00:00Z,85.6,50,3.5
0060,2025-07-28T14:00:00Z,86.9,45,6.8
0060,2025-07-28T15:00:00Z,88.3,40,6.2
0060,2025-07-28T16:00:00Z,89.8,35,5
0060,2025-07-28T17:00:00Z,91,31,5
0060,2025-07-28T18:00:00Z,91.2,37,6
0060,2025-07-28T19:00:00Z,89.2,42,3.1
0060,2025-07-28T20:00:00Z,84.6,57,2.1
0060,2025-07-28T21:00:00Z,78.8,75,5.2
0060,2025-07-28T22:00:00Z,74.3,85,3.5
0060,2025-07-28T23:00:00Z,73.9,85,0.4
0060,2025-07-29T00:00:00Z,74.5,84,1.6
0060,2025-07-29T01:00:00Z,74.7,83,0.6
0060,2025-07-29T02:00:00Z,73.9,85,1.6
0060,2025-07-29T03:00:00Z,73.9,85,1.6
0060,2025-07-29T04:00:00Z,72.9,88,2.5
0060,2025-07-29T05:00:00Z,72.9,85,2.1
0060,2025-07-29T06:00:00Z,72.5,87,1.7
0060,2025-07-29T07:00:00Z,72.3,86,2.1
0060,2025-07-29T08:00:00Z,72.3,86,2.5
0060,2025-07-29T09:00:00Z,72,87,2.1
0060,2025-07-29T10:00:00Z,73.2,85,2.3
0060,2025-07-29T11:00:00Z,75.2,81,2.9
0060,2025-07-29T12:00:00Z,77.5,76,3.1
0060,2025-07-29T13:00:00Z,79.3,71,5.4
0060,2025-07-29T14:00:00Z,81,62,6.2
0060,2025-07-29T15:00:00Z,80.8,66,6.6
0060,2025-07-29T16:00:00Z,83.1,64,4.7
0060,2025-07-29T17:00:00Z,81.3,70,7.8
0060,2025-07-29T18:00:00Z,81,69,8.5
0060,2025-07-29T19:00:00Z,83.5,56,5.8
0060,2025-07-29T20:00:00Z,81.3,65,7.2
0060,2025-07-29T21:00:00Z,80.6,67,8.7
0060,2025-07-29T22:00:00Z,80.4,67,6.4
0060,2025-07-29T23:00:00Z,79.9,67,4.7
0060,2025-07-30T00:00:00Z,79.5,70,2.1
0060,2025-07-30T01:00:00Z,78.8,73,1.7
0060,2025-07-30T02:00:00Z,78.1,76,0.4
0060,2025-07-30T03:00:00Z,76.3,80,2.7
0060,2025-07-30T04:00:00Z,75,82,1.7
0060,2025-07-30T05:00:00Z,73.8,84,2.3
0060,2025-07-30T06:00:00Z,72.3,87,2.1
0060,2025-07-30T07:00:00Z,72.1,86,2.1
0060,2025-07-30T08:00:00Z,71.6,87,1.9
0060,2025-07-30T09:00:00Z,71.2,87,2.7
0060,2025-07-30T10:00:00Z,73.4,82,2.9
0060,2025-07-30T11:00:00Z,76.1,74,3.5
0060,2025-07-30T12:00:00Z,81.3,66,1.9
0060,2025-07-30T13:00:00Z,82,64,2.9
0060,2025-07-30T14:00:00Z,82.4,62,5.4
0060,2025-07-30T15:00:00Z,82.2,60,6.6
0060,2025-07-30T16:00:00Z,83.5,56,6.2
0060,2025-07-30T17:00:00Z,84,55,6
0060,2025-07-30T18:00:00Z,83.3,57,7.6
0060,2025-07-30T19:00:00Z,82.4,60,9.1
0060,2025-07-30T20:00:00Z,81.9,63,8.2
0060,2025-07-30T21:00:00Z,81.9,60,7.8
0060,2025-07-30T22:00:00Z,81,60,7.6
0060,2025-07-30T23:00:00Z,80.4,62,5
0060,2025-07-31T00:00:00Z,79.9,63,5.2
0060,2025-07-31T01:00:00Z,79.3,63,5.4
0060,2025-07-31T02:00:00Z,76.8,70,10.5
0060,2025-07-31T03:00:00Z,73.9,80,8.4
0060,2025-07-31T04:00:00Z,72.5,83,7.2
0060,2025-07-31T05:00:00Z,72,80,8.7
0060,2025-07-31T06:00:00Z,69.3,81,9.7
0060,2025-07-31T07:00:00Z,67.1,82,9.7
0060,2025-07-31T08:00:00Z,66.2,82,9.5
0060,2025-07-31T09:00:00Z,65.1,87,7.2
0060,2025-07-31T10:00:00Z,65.5,88,5.4
0060,2025-07-31T11:00:00Z,66,86,6.6
0060,2025-07-31T12:00:00Z,65.8,90,6.8
0060,2025-07-31T13:00:00Z,64.4,91,8.4
0060,2025-07-31T14:00:00Z,64.2,90,5.2
0060,2025-07-31T15:00:00Z,65.1,89,5.4
0060,2025-07-31T16:00:00Z,65.3,86,5.8
0060,2025-07-31T17:00:00Z,66.4,81,7.8
0060,2025-07-31T18:00:00Z,66.6,79,8.5
0060,2025-07-31T19:00:00Z,67.6,72,10.1
0060,2025-07-31T20:00:00Z,68.5,60,11.7
0060,2025-07-31T21:00:00Z,68.7,61,11.8
0060,2025-07-31T22:00:00Z,67.8,58,9.1
0060,2025-07-31T23:00:00Z,66.9,61,8.9
0060,2025-08-01T00:00:00Z,65.7,64,8.5
0060,2025-08-01T01:00:00Z,64.9,67,7.6
0060,2025-08-01T02:00:00Z,64,71,4.5
0060,2025-08-01T03:00:00Z,63.7,70,4.7
0060,2025-08-01T04:00:00Z,63.7,54,4.7
0060,2025-08-01T05:00:00Z,62.6,55,3.3
0060,2025-08-01T06:00:00Z,62.1,64,3.3
0060,2025-08-01T07:00:00Z,61.9,69,3.7
0060,2025-08-01T08:00:00Z,61.5,70,4.5
0060,2025-08-01T09:00:00Z,62.1,66,4.3
0060,2025-08-01T10:00:00Z,63.9,60,5
0060,2025-08-01T11:00:00Z,65.8,49,5.2
0060,2025-08-01T12:00:00Z,68.7,39,6
0060,2025-08-01T13:00:00Z,70.5,36,7.6
0060,2025-08-01T14:00:00Z,71.8,37,7
0060,2025-08-01T15:00:00Z,70.9,44,9.9
0060,2025-08-01T16:00:00Z,71.1,45,10.5
0060,2025-08-01T17:00:00Z,71.4,47,11.8
0060,2025-08-01T18:00:00Z,71.4,46,11.8
0060,2025-08-01T19:00:00Z,71.2,48,11.1
0060,2025-08-01T20:00:00Z,70.9,50,10.1
0060,2025-08-01T21:00:00Z,70.5,52,8.9
0060,2025-08-01T22:00:00Z,70.2,52,7.2
0060,2025-08-01T23:00:00Z,69.1,56,4.5
0060,2025-08-02T00:00:00Z,68.4,57,3.9
0060,2025-08-02T01:00:00Z,67.5,61,3.1
0060,2025-08-02T02:00:00Z,66.7,63,3.5
0060,2025-08-02T03:00:00Z,66.2,64,3.3
0060,2025-08-02T04:00:00Z,65.3,66,2.3
0060,2025-08-02T05:00:00Z,64.2,69,2.5
0060,2025-08-02T06:00:00Z,64,69,3.1
0060,2025-08-02T07:00:00Z,62.6,74,1.2
0060,2025-08-02T08:00:00Z,61.2,79,0.6
0060,2025-08-02T09:00:00Z,60.3,81,1.9
0060,2025-08-02T10:00:00Z,62.2,74,2.3
0060,2025-08-02T11:00:00Z,65.8,64,2.1
0060,2025-08-02T12:00:00Z,70.7,36,5.6
0060,2025-08-02T13:00:00Z,72.5,33,5
0060,2025-08-02T14:00:00Z,73.4,35,4.3
0060,2025-08-02T15:00:00Z,72,39,8.4
0060,2025-08-02T16:00:00Z,72.7,37,8.7
0060,2025-08-02T17:00:00Z,72.7,35,9.7
0060,2025-08-02T18:00:00Z,72.1,38,10.3
0060,2025-08-02T19:00:00Z,71.8,39,10.5
0060,2025-08-02T20:00:00Z,72,39,9.3
0060,2025-08-02T21:00:00Z,71.4,41,9.3
0060,2025-08-02T22:00:00Z,70.7,46,8.4
0060,2025-08-02T23:00:00Z,69.6,45,5.8
0060,2025-08-03T00:00:00Z,68.5,47,3.9
0060,2025-08-03T01:00:00Z,67.6,49,2.9
0060,2025-08-03T02:00:00Z,64.9,56,1.6
0060,2025-08-03T03:00:00Z,65.5,53,1.7
0060,2025-08-03T04:00:00Z,64,57,1.2
0060,2025-08-03T05:00:00Z,62.2,64,1.6
0060,2025-08-03T06:00:00Z,60.6,72,1.7
0060,2025-08-03T07:00:00Z,59.2,78,2.3
0060,2025-08-03T08:00:00Z,58.1,83,1.9
0060,2025-08-03T09:00:00Z,57.4,85,1.4
0060,2025-08-03T10:00:00Z,59.5,80,3.1
0060,2025-08-03T11:00:00Z,64.2,64,2.5
0060,2025-08-03T12:00:00Z,71.1,51,1.7
0060,2025-08-03T13:00:00Z,74.8,41,2.9
0060,2025-08-03T14:00:00Z,74.7,44,4.1
0060,2025-08-03T15:00:00Z,74.5,46,7
0060,2025-08-03T16:00:00Z,74.1,48,9.3
0060,2025-08-03T17:00:00Z,74.1,47,9.9
0060,2025-08-03T18:00:00Z,73.9,48,10.7
0060,2025-08-03T19:00:00Z,74.1,46,10.5
0060,2025-08-03T20:00:00Z,73.9,51,10.3
0060,2025-08-03T21:00:00Z,73.8,52,9.7
0060,2025-08-03T22:00:00Z,73,51,9.3
0060,2025-08-03T23:00:00Z,72.3,52,5.8
0060,2025-08-04T00:00:00Z,71.2,53,5.4
0060,2025-08-04T01:00:00Z,70.7,47,4.3
0060,2025-08-04T02:00:00Z,69.1,51,1.6
0060,2025-08-04T03:00:00Z,67.5,56,1.7
0060,2025-08-04T04:00:00Z,66.6,61,1.6
0060,2025-08-04T05:00:00Z,64.8,69,1.9
0060,2025-08-04T06:00:00Z,63.7,72,0.8
0060,2025-08-04T07:00:00Z,64.2,70,0.6
0060,2025-08-04T08:00:00Z,64,70,2.1
0060,2025-08-04T09:00:00Z,63,74,1
0060,2025-08-04T10:00:00Z,65.1,70,2.1
0060,2025-08-04T11:00:00Z,68.9,64,2.9
0060,2025-08-04T12:00:00Z,73.8,55,5.2
0060,2025-08-04T13:00:00Z,76.5,47,5.2
0060,2025-08-04T14:00:00Z,78.3,47,5.4
0060,2025-08-04T15:00:00Z,79.5,38,5.6
0060,2025-08-04T16:00:00Z,80.2,34,6
0060,2025-08-04T17:00:00Z,80.4,34,5.4
0060,2025-08-04T18:00:00Z,80.8,33,7.4
0060,2025-08-04T19:00:00Z,80.8,35,4.5
0060,2025-08-04T20:00:00Z,81,33,5.6
0060,2025-08-04T21:00:00Z,79.5,35,6.8
0060,2025-08-04T22:00:00Z,78.4,41,5.6
0060,2025-08-04T23:00:00Z,76.5,48,6
0060,2025-08-05T00:00:00Z,75,52,5.4
0060,2025-08-05T01:00:00Z,73.8,54,4.7
0060,2025-08-05T02:00:00Z,73.2,56,4.5
0060,2025-08-05T03:00:00Z,72.3,60,2.1
0060,2025-08-05T04:00:00Z,71.2,63,1.2
0060,2025-08-05T05:00:00Z,69.4,69,2.1
0060,2025-08-05T06:00:00Z,67.5,75,3.1
0060,2025-08-05T07:00:00Z,66.4,78,3.9
0060,2025-08-05T08:00:00Z,66,77,4.1
0060,2025-08-05T09:00:00Z,65.7,77,3.7
0060,2025-08-05T10:00:00Z,66.9,73,4.3
0060,2025-08-05T11:00:00Z,70.5,61,4.7
0060,2025-08-05T12:00:00Z,74.7,51,5.8
0060,2025-08-05T13:00:00Z,77.4,47,3.7
0060,2025-08-05T14:00:00Z,79.3,43,4.7
0060,2025-08-05T15:00:00Z,79.2,47,3.7
0060,2025-08-05T16:00:00Z,77.9,52,6.8
0060,2025-08-05T17:00:00Z,80.1,49,5.6
0060,2025-08-05T18:00:00Z,81,45,1.6
0060,2025-08-05T19:00:00Z,82.6,39,4.5
0060,2025-08-05T20:00:00Z,82,40,4.7
0060,2025-08-05T21:00:00Z,82,41,6.4
0060,2025-08-05T22:00:00Z,81.7,41,5.6
0060,2025-08-05T23:00:00Z,80.2,45,4.9
0060,2025-08-06T00:00:00Z,79.3,47,3.7
0060,2025-08-06T01:00:00Z,78.1,49,4.9
0060,2025-08-06T02:00:00Z,77.2,42,5.6
0060,2025-08-06T03:00:00Z,76.5,45,3.5
0060,2025-08-06T04:00:00Z,74.8,52,4.3
0060,2025-08-06T05:00:00Z,72.9,57,5
0060,2025-08-06T06:00:00Z,71.6,59,4.5
0060,2025-08-06T07:00:00Z,70.7,61,4.3
0060,2025-08-06T08:00:00Z,70,62,5.4
0060,2025-08-06T09:00:00Z,69.8,63,4.9
0060,2025-08-06T10:00:00Z,69.8,65,4.5
0060,2025-08-06T11:00:00Z,72.7,57,6
0060,2025-08-06T12:00:00Z,74.8,53,7.2
0060,2025-08-06T13:00:00Z,76.5,51,8
0060,2025-08-06T14:00:00Z,79,44,8.4
0060,2025-08-06T15:00:00Z,81,37,9.3
0060,2025-08-06T16:00:00Z,82.9,36,7.6
0060,2025-08-06T17:00:00Z,83.7,33,7.4
0060,2025-08-06T18:00:00Z,84.2,31,6.8
0060,2025-08-06T19:00:00Z,84.7,27,6.2
0060,2025-08-06T20:00:00Z,84.6,29,6.4
0060,2025-08-06T21:00:00Z,83.7,29,7.6
0060,2025-08-06T22:00:00Z,82.6,30,7
0060,2025-08-06T23:00:00Z,80.4,34,6
0060,2025-08-07T00:00:00Z,78.3,38,5.4
0060,2025-08-07T01:00:00Z,76.5,46,5.6
0060,2025-08-07T02:00:00Z,74.5,52,7.4
0060,2025-08-07T03:00:00Z,72.9,54,7
0060,2025-08-07T04:00:00Z,71.8,52,7.4
0060,2025-08-07T05:00:00Z,70.7,53,6.6
0060,2025-08-07T06:00:00Z,69.6,53,7.4
0060,2025-08-07T07:00:00Z,68,58,6.2
0060,2025-08-07T08:00:00Z,66.4,63,6
0060,2025-08-07T09:00:00Z,65.5,65,8
0060,2025-08-07T10:00:00Z,66.2,64,7.6
0060,2025-08-07T11:00:00Z,67.6,62,7.6
0060,2025-08-07T12:00:00Z,70.3,59,8.5
0060,2025-08-07T13:00:00Z,73.9,55,7
0060,2025-08-07T14:00:00Z,77,51,6.8
0060,2025-08-07T15:00:00Z,80.6,43,5
0060,2025-08-07T16:00:00Z,82.2,38,1.7
0060,2025-08-07T17:00:00Z,81.5,43,2.5
0060,2025-08-07T18:00:00Z,78.6,53,8
0060,2025-08-07T19:00:00Z,79.5,49,7
0060,2025-08-07T20:00:00Z,79,50,6.6
0060,2025-08-07T21:00:00Z,78.1,52,7
0060,2025-08-07T22:00:00Z,78.6,51,5.2
0060,2025-08-07T23:00:00Z,78.1,51,3.1
0060,2025-08-08T00:00:00Z,77.5,54,1.4
0060,2025-08-08T01:00:00Z,76.1,57,4.1
0060,2025-08-08T02:00:00Z,74.5,62,3.9
0060,2025-08-08T03:00:00Z,73.2,66,5.8
0060,2025-08-08T04:00:00Z,72.1,68,5.8
0060,2025-08-08T05:00:00Z,71.2,70,5.6
0060,2025-08-08T06:00:00Z,70.2,71,5
0060,2025-08-08T07:00:00Z,69.4,73,5.8
0060,2025-08-08T08:00:00Z,68.5,75,8.9
0060,2025-08-08T09:00:00Z,67.8,77,8.2
0060,2025-08-08T10:00:00Z,68.2,76,7.6
0060,2025-08-08T11:00:00Z,70.7,70,5.6
0060,2025-08-08T12:00:00Z,74.5,65,5.2
0060,2025-08-08T13:00:00Z,80.2,54,4.7
0060,2025-08-08T14:00:00Z,83.7,46,4.1
0060,2025-08-08T15:00:00Z,81.7,48,2.7
0060,2025-08-08T16:00:00Z,84,42,5.6
0060,2025-08-08T17:00:00Z,85.8,38,6.8
0060,2025-08-08T18:00:00Z,86,37,7
0060,2025-08-08T19:00:00Z,87.3,35,4.7
0060,2025-08-08T20:00:00Z,82.9,45,5.4
0060,2025-08-08T21:00:00Z,86.2,38,0.2
0060,2025-08-08T22:00:00Z,82.8,48,4.9
0060,2025-08-08T23:00:00Z,79.9,56,3.9
0060,2025-08-09T00:00:00Z,79.5,56,0.6
0060,2025-08-09T01:00:00Z,78.6,58,2.1
0060,2025-08-09T02:00:00Z,77.5,59,2.5
0060,2025-08-09T03:00:00Z,75.9,62,4.9
0060,2025-08-09T04:00:00Z,74.7,65,5
0060,2025-08-09T05:00:00Z,73.9,65,3.5
0060,2025-08-09T06:00:00Z,72.7,69,4.9
0060,2025-08-09T07:00:00Z,71.4,73,6
0060,2025-08-09T08:00:00Z,70.5,74,5.4
0060,2025-08-09T09:00:00Z,70.2,74,6
0060,2025-08-09T10:00:00Z,70.7,73,6.2
0060,2025-08-09T11:00:00Z,73,66,5.2
0060,2025-08-09T12:00:00Z,77.4,58,5.6
0060,2025-08-09T13:00:00Z,81.3,50,6
0060,2025-08-09T14:00:00Z,82.9,43,8.2
0060,2025-08-09T15:00:00Z,84.7,39,8.2
0060,2025-08-09T16:00:00Z,86.2,37,8.5
0060,2025-08-09T17:00:00Z,87.4,33,7.6
0060,2025-08-09T18:00:00Z,88.2,33,5.2
0060,2025-08-09T19:00:00Z,88.5,32,4.9
0060,2025-08-09T20:00:00Z,86,40,1.6
0060,2025-08-09T21:00:00Z,81.9,53,7
0060,2025-08-09T22:00:00Z,82,47,5.2
0060,2025-08-09T23:00:00Z,81.5,48,3.9
0060,2025-08-10T00:00:00Z,80.8,49,2.5
0060,2025-08-10T01:00:00Z,79.3,54,1.9
0060,2025-08-10T02:00:00Z,77.2,64,3.7
0060,2025-08-10T03:00:00Z,76.1,67,3.5
0060,2025-08-10T04:00:00Z,74.8,68,2.7
0060,2025-08-10T05:00:00Z,73.2,71,3.1
0060,2025-08-10T06:00:00Z,72.3,74,4.3
0060,2025-08-10T07:00:00Z,71.4,76,3.1
0060,2025-08-10T08:00:00Z,70.9,77,3.3
0060,2025-08-10T09:00:00Z,70.2,79,2.9
0060,2025-08-10T10:00:00Z,70.7,78,4.5
0060,2025-08-10T11:00:00Z,73.9,68,5.2
0060,2025-08-10T12:00:00Z,78.1,60,5.4
0060,2025-08-10T13:00:00Z,82.9,49,5
0060,2025-08-10T14:00:00Z,84.7,42,5.6
0060,2025-08-10T15:00:00Z,84.9,41,5.4
0060,2025-08-10T16:00:00Z,86.5,38,4.3
0060,2025-08-10T17:00:00Z,87.6,36,4.1
0060,2025-08-10T18:00:00Z,87.3,37,1.2
0060,2025-08-10T19:00:00Z,84.2,43,5.8
0060,2025-08-10T20:00:00Z,85.3,40,4.7
0060,2025-08-10T21:00:00Z,86.9,37,3.1
0060,2025-08-10T22:00:00Z,86.5,38,6
0060,2025-08-10T23:00:00Z,84.2,42,4.3
0060,2025-08-11T00:00:00Z,82.6,48,2.9
0060,2025-08-11T01:00:00Z,80.4,54,3.3
0060,2025-08-11T02:00:00Z,79.3,58,4.3
0060,2025-08-11T03:00:00Z,77.4,62,4.1
0060,2025-08-11T04:00:00Z,75.9,66,4.7
0060,2025-08-11T05:00:00Z,74.5,69,4.1
0060,2025-08-11T06:00:00Z,73.4,72,3.9
0060,2025-08-11T07:00:00Z,72.5,74,4.1
0060,2025-08-11T08:00:00Z,71.6,77,3.3
0060,2025-08-11T09:00:00Z,71.4,77,4.7
0060,2025-08-11T10:00:00Z,72.5,75,6
0060,2025-08-11T11:00:00Z,75.2,67,5.6
0060,2025-08-11T12:00:00Z,80.1,57,5.4
0060,2025-08-11T13:00:00Z,84.7,46,4.3
0060,2025-08-11T14:00:00Z,86.7,40,4.3
0060,2025-08-11T15:00:00Z,87.8,37,3.3
0060,2025-08-11T16:00:00Z,88.2,38,3.5
0060,2025-08-11T17:00:00Z,86,43,5.4
0060,2025-08-11T18:00:00Z,85.3,45,5.2
0060,2025-08-11T19:00:00Z,89.1,37,1.6
0060,2025-08-11T20:00:00Z,90.3,33,4.7
0060,2025-08-11T21:00:00Z,89.4,34,6
0060,2025-08-11T22:00:00Z,87.8,38,4.9
0060,2025-08-11T23:00:00Z,85.3,42,2.7
0060,2025-08-12T00:00:00Z,83.3,48,3.3
0060,2025-08-12T01:00:00Z,81.3,53,3.5
0060,2025-08-12T02:00:00Z,79.9,57,3.5
0060,2025-08-12T03:00:00Z,80.1,54,3.9
0060,2025-08-12T04:00:00Z,79.2,57,3.5
0060,2025-08-12T05:00:00Z,76.6,64,3.5
0060,2025-08-12T06:00:00Z,75.4,68,3.7
0060,2025-08-12T07:00:00Z,75.6,68,3.1
0060,2025-08-12T08:00:00Z,75.2,68,4.3
0060,2025-08-12T09:00:00Z,74.5,70,4.1
0060,2025-08-12T10:00:00Z,75,69,4.1
0060,2025-08-12T11:00:00Z,77.7,62,5
0060,2025-08-12T12:00:00Z,82.4,53,5
0060,2025-08-12T13:00:00Z,86.2,45,4.5
0060,2025-08-12T14:00:00Z,87.8,42,4.9
0060,2025-08-12T15:00:00Z,86.2,46,5.4
0060,2025-08-12T16:00:00Z,84.9,50,6.2
0060,2025-08-12T17:00:00Z,85.3,47,6
0060,2025-08-12T18:00:00Z,85.3,49,6
0060,2025-08-12T19:00:00Z,85.8,45,4.9
0060,2025-08-12T20:00:00Z,87.4,41,4.7
0060,2025-08-12T21:00:00Z,87.3,41,3.9
0060,2025-08-12T22:00:00Z,85.5,46,2.1
0060,2025-08-12T23:00:00Z,84.6,49,2.3
0060,2025-08-13T00:00:00Z,82.6,56,2.5
0060,2025-08-13T01:00:00Z,81.7,63,3.5
0060,2025-08-13T02:00:00Z,80.4,65,3.1
0060,2025-08-13T03:00:00Z,80.4,63,2.9
0060,2025-08-13T04:00:00Z,75.6,78,7.2
0060,2025-08-13T05:00:00Z,71.6,88,6
0060,2025-08-13T06:00:00Z,71.2,87,2.7
0060,2025-08-13T07:00:00Z,70.9,89,0.6
0060,2025-08-13T08:00:00Z,70.7,89,2.9
0060,2025-08-13T09:00:00Z,70.3,90,3.9
0060,2025-08-13T10:00:00Z,70.3,89,5.4
0060,2025-08-13T11:00:00Z,71.6,86,4.5
0060,2025-08-13T12:00:00Z,73.8,80,3.9
0060,2025-08-13T13:00:00Z,NA,NA,NA
0060,2025-08-13T14:00:00Z,NA,NA,NA
0060,2025-08-13T15:00:00Z,NA,NA,NA
0060,2025-08-13T16:00:00Z,78.4,69,5.6
0060,2025-08-13T17:00:00Z,78.8,66,7.4
0060,2025-08-13T18:00:00Z,78.4,66,8
0060,2025-08-13T19:00:00Z,78.6,66,7
0060,2025-08-13T20:00:00Z,79.2,63,6
0060,2025-08-13T21:00:00Z,78.8,62,6
0060,2025-08-13T22:00:00Z,77.7,68,5
0060,2025-08-13T23:00:00Z,76.6,75,3.9
0060,2025-08-14T00:00:00Z,76.8,75,3.5
0060,2025-08-14T01:00:00Z,76.5,77,1
0060,2025-08-14T02:00:00Z,76.1,79,1.4
0060,2025-08-14T03:00:00Z,75.6,76,3.9
0060,2025-08-14T04:00:00Z,74.5,77,2.7
0060,2025-08-14T05:00:00Z,73.9,77,2.7
0060,2025-08-14T06:00:00Z,73.8,76,3.1
0060,2025-08-14T07:00:00Z,73,78,2.1
0060,2025-08-14T08:00:00Z,72.9,79,2.5
0060,2025-08-14T09:00:00Z,73.2,77,3.5
0060,2025-08-14T10:00:00Z,74.1,74,3.1
0060,2025-08-14T11:00:00Z,74.5,73,5.2
0060,2025-08-14T12:00:00Z,76.5,67,4.1
0060,2025-08-14T13:00:00Z,77.2,63,4.1
0060,2025-08-14T14:00:00Z,77.7,58,6.8
0060,2025-08-14T15:00:00Z,78.3,49,8.7
0060,2025-08-14T16:00:00Z,78.8,49,8.5
0060,2025-08-14T17:00:00Z,78.8,50,9.1
0060,2025-08-14T18:00:00Z,78.8,46,9.5
0060,2025-08-14T19:00:00Z,78.6,40,10.1
0060,2025-08-14T20:00:00Z,78.6,42,9.7
0060,2025-08-14T21:00:00Z,79.2,38,8
0060,2025-08-14T22:00:00Z,79.3,39,5.6
0060,2025-08-14T23:00:00Z,78.6,34,4.5
0060,2025-08-15T00:00:00Z,77,38,2.9
0060,2025-08-15T01:00:00Z,75.6,42,2.1
0060,2025-08-15T02:00:00Z,73.6,48,2.1
0060,2025-08-15T03:00:00Z,70.7,58,1.9
0060,2025-08-15T04:00:00Z,68.5,68,2.7
0060,2025-08-15T05:00:00Z,67.5,71,1.7
0060,2025-08-15T06:00:00Z,66.9,72,2.3
0060,2025-08-15T07:00:00Z,65.7,77,2.9
0060,2025-08-15T08:00:00Z,64.9,79,3.1
0060,2025-08-15T09:00:00Z,64.8,78,3.1
0060,2025-08-15T10:00:00Z,66.4,75,3.3
0060,2025-08-15T11:00:00Z,70.5,65,3.1
0060,2025-08-15T12:00:00Z,76.5,55,3.3
0060,2025-08-15T13:00:00Z,81.9,44,2.9
0060,2025-08-15T14:00:00Z,84.4,35,2.5
0060,2025-08-15T15:00:00Z,82.2,41,5.8
0060,2025-08-15T16:00:00Z,82.2,42,7.2
0060,2025-08-15T17:00:00Z,82.9,41,7.4
0060,2025-08-15T18:00:00Z,83.1,39,7.6
0060,2025-08-15T19:00:00Z,83.1,36,7.6
0060,2025-08-15T20:00:00Z,83.3,33,7.2
0060,2025-08-15T21:00:00Z,83.8,30,5.8
0060,2025-08-15T22:00:00Z,82.8,34,5.2
0060,2025-08-15T23:00:00Z,81.1,42,4.1
0060,2025-08-16T00:00:00Z,80.6,41,3.1
0060,2025-08-16T01:00:00Z,79.2,46,3.5
0060,2025-08-16T02:00:00Z,77.4,52,3.3
0060,2025-08-16T03:00:00Z,75.4,59,4.5
0060,2025-08-16T04:00:00Z,74.1,62,4.5
0060,2025-08-16T05:00:00Z,73.2,65,5.4
0060,2025-08-16T06:00:00Z,72.5,66,4.7
0060,2025-08-16T07:00:00Z,71.8,69,3.1
0060,2025-08-16T08:00:00Z,70.9,72,3.5
0060,2025-08-16T09:00:00Z,70.3,74,3.7
0060,2025-08-16T10:00:00Z,70.5,73,4.3
0060,2025-08-16T11:00:00Z,73.6,65,4.1
0060,2025-08-16T12:00:00Z,79.5,53,3.7
0060,2025-08-16T13:00:00Z,84.2,46,1.9
0060,2025-08-16T14:00:00Z,84.2,45,5
0060,2025-08-16T15:00:00Z,83.7,47,6.4
0060,2025-08-16T16:00:00Z,83.5,48,6.6
0060,2025-08-16T17:00:00Z,84.6,44,6.8
0060,2025-08-16T18:00:00Z,85.1,43,6.2
0060,2025-08-16T19:00:00Z,85.1,43,5.4
0060,2025-08-16T20:00:00Z,85.1,42,5.2
0060,2025-08-16T21:00:00Z,85.3,40,2.7
0060,2025-08-16T22:00:00Z,84.4,44,1.9
0060,2025-08-16T23:00:00Z,83.7,47,0.8
0060,2025-08-17T00:00:00Z,82.2,51,2.5
0060,2025-08-17T01:00:00Z,80.6,59,4.9
0060,2025-08-17T02:00:00Z,78.6,66,2.7
0060,2025-08-17T03:00:00Z,77.4,70,2.3
0060,2025-08-17T04:00:00Z,76.5,72,1.9
0060,2025-08-17T05:00:00Z,76.5,72,2.3
0060,2025-08-17T06:00:00Z,77,70,2.1
0060,2025-08-17T07:00:00Z,76.6,71,2.1
0060,2025-08-17T08:00:00Z,76.5,73,2.9
0060,2025-08-17T09:00:00Z,76.3,74,4.7
0060,2025-08-17T10:00:00Z,76.6,77,5.6
0060,2025-08-17T11:00:00Z,76.5,76,5.4
0060,2025-08-17T12:00:00Z,77,75,6.6
0060,2025-08-17T13:00:00Z,76.1,75,8
0060,2025-08-17T14:00:00Z,75.9,73,9.1
0060,2025-08-17T15:00:00Z,76.1,70,9.7
0060,2025-08-17T16:00:00Z,76.8,67,9.7
0060,2025-08-17T17:00:00Z,77.7,64,8.4
0060,2025-08-17T18:00:00Z,78.4,63,7.4
0060,2025-08-17T19:00:00Z,77.4,65,9.7
0060,2025-08-17T20:00:00Z,75.7,63,10.9
0060,2025-08-17T21:00:00Z,73.9,67,10.9
0060,2025-08-17T22:00:00Z,73.4,69,8.4
0060,2025-08-17T23:00:00Z,73,71,9.3
0060,2025-08-18T00:00:00Z,72.1,74,10.3
0060,2025-08-18T01:00:00Z,71.2,76,10.7
0060,2025-08-18T02:00:00Z,71.1,77,9.1
0060,2025-08-18T03:00:00Z,71.6,74,7.8
0060,2025-08-18T04:00:00Z,71.4,74,6
0060,2025-08-18T05:00:00Z,70.5,76,4.1
0060,2025-08-18T06:00:00Z,70.3,76,4.5
0060,2025-08-18T07:00:00Z,69.1,73,4.1
0060,2025-08-18T08:00:00Z,68.2,70,3.7
0060,2025-08-18T09:00:00Z,67.6,70,2.9
0060,2025-08-18T10:00:00Z,68.4,68,2.3
0060,2025-08-18T11:00:00Z,70,61,3.3
0060,2025-08-18T12:00:00Z,72.7,52,5
0060,2025-08-18T13:00:00Z,73.9,50,5.4
0060,2025-08-18T14:00:00Z,76.1,44,4.5
0060,2025-08-18T15:00:00Z,76.8,41,4.5
0060,2025-08-18T16:00:00Z,74.8,49,11.1
0060,2025-08-18T17:00:00Z,74.3,50,11.7
0060,2025-08-18T18:00:00Z,74.7,43,11.7
0060,2025-08-18T19:00:00Z,74.5,41,11.7
0060,2025-08-18T20:00:00Z,73.9,41,11.3
0060,2025-08-18T21:00:00Z,72.7,52,11.1
0060,2025-08-18T22:00:00Z,72.5,57,7.8
0060,2025-08-18T23:00:00Z,72.5,53,6.2
0060,2025-08-19T00:00:00Z,70.7,58,5.2
0060,2025-08-19T01:00:00Z,69.3,62,4.3
0060,2025-08-19T02:00:00Z,68,65,3.7
0060,2025-08-19T03:00:00Z,67.6,65,2.7
0060,2025-08-19T04:00:00Z,65.8,72,4.7
0060,2025-08-19T05:00:00Z,64.9,75,3.9
0060,2025-08-19T06:00:00Z,64.2,78,5.2
0060,2025-08-19T07:00:00Z,63.9,79,5.4
0060,2025-08-19T08:00:00Z,63.7,80,5.6
0060,2025-08-19T09:00:00Z,63.7,80,5.2
0060,2025-08-19T10:00:00Z,65.3,76,6.8
0060,2025-08-19T11:00:00Z,68.2,66,8
0060,2025-08-19T12:00:00Z,73,58,6.4
0060,2025-08-19T13:00:00Z,80.1,47,5
0060,2025-08-19T14:00:00Z,82.4,45,5.6
0060,2025-08-19T15:00:00Z,75.2,72,5.6
0060,2025-08-19T16:00:00Z,74.3,79,4.5
0060,2025-08-19T17:00:00Z,79,66,5.2
0060,2025-08-19T18:00:00Z,84.9,47,5.4
0060,2025-08-19T19:00:00Z,79.9,66,1
0060,2025-08-19T20:00:00Z,78.8,75,1.9
0060,2025-08-19T21:00:00Z,72.9,88,7.4
0060,2025-08-19T22:00:00Z,71.8,90,4.5
0060,2025-08-19T23:00:00Z,71.4,92,1.7
0060,2025-08-20T00:00:00Z,71.6,92,2.9
0060,2025-08-20T01:00:00Z,72,92,2.5
0060,2025-08-20T02:00:00Z,72.3,90,1.7
0060,2025-08-20T03:00:00Z,72.5,90,2.1
0060,2025-08-20T04:00:00Z,72.7,90,2.9
0060,2025-08-20T05:00:00Z,72,89,5.4
0060,2025-08-20T06:00:00Z,70.3,88,6.8
0060,2025-08-20T07:00:00Z,70,87,7.8
0060,2025-08-20T08:00:00Z,69.3,86,7.6
0060,2025-08-20T09:00:00Z,68.7,83,7.2
0060,2025-08-20T10:00:00Z,68.7,82,6.8
0060,2025-08-20T11:00:00Z,68.9,80,6
0060,2025-08-20T12:00:00Z,69.1,78,5.4
0060,2025-08-20T13:00:00Z,69.1,79,5.4
0060,2025-08-20T14:00:00Z,68.7,80,6.6
0060,2025-08-20T15:00:00Z,69.1,80,5.4
0060,2025-08-20T16:00:00Z,69.1,83,4.9
0060,2025-08-20T17:00:00Z,69.4,81,4.9
0060,2025-08-20T18:00:00Z,70,81,5.6
0060,2025-08-20T19:00:00Z,69.4,87,5.8
0060,2025-08-20T20:00:00Z,69.6,88,3.9
0060,2025-08-20T21:00:00Z,68.9,88,6.6
0060,2025-08-20T22:00:00Z,68.9,83,7.2
0060,2025-08-20T23:00:00Z,68.5,81,7.2
0060,2025-08-21T00:00:00Z,68.4,81,6.6
0060,2025-08-21T01:00:00Z,68,82,6.8
0060,2025-08-21T02:00:00Z,68.2,81,6.6
0060,2025-08-21T03:00:00Z,68,79,7
0060,2025-08-21T04:00:00Z,67.5,80,7.6
0060,2025-08-21T05:00:00Z,66.7,81,6
0060,2025-08-21T06:00:00Z,65.7,85,6.2
0060,2025-08-21T07:00:00Z,65.7,86,5.6
0060,2025-08-21T08:00:00Z,65.5,85,6.8
0060,2025-08-21T09:00:00Z,65.7,86,5.4
0060,2025-08-21T10:00:00Z,65.5,89,5.2
0060,2025-08-21T11:00:00Z,65.8,88,5.8
0060,2025-08-21T12:00:00Z,66.4,87,5.2
0060,2025-08-21T13:00:00Z,66.7,86,6.4
0060,2025-08-21T14:00:00Z,66,89,5.8
0060,2025-08-21T15:00:00Z,66.2,88,6.4
0060,2025-08-21T16:00:00Z,66.7,86,7.2
0060,2025-08-21T17:00:00Z,67.8,82,6.8
0060,2025-08-21T18:00:00Z,68.5,77,8.4
0060,2025-08-21T19:00:00Z,69.4,71,7.4
0060,2025-08-21T20:00:00Z,69.4,70,8
0060,2025-08-21T21:00:00Z,68.5,74,7
0060,2025-08-21T22:00:00Z,69.4,72,5.6
0060,2025-08-21T23:00:00Z,67.6,76,3.5
0060,2025-08-22T00:00:00Z,66.7,79,4.3
0060,2025-08-22T01:00:00Z,66.6,78,5
0060,2025-08-22T02:00:00Z,66.2,80,4.5
0060,2025-08-22T03:00:00Z,65.3,84,2.5
0060,2025-08-22T04:00:00Z,63.9,87,1.7
0060,2025-08-22T05:00:00Z,64.4,85,1.4
0060,2025-08-22T06:00:00Z,64.8,82,1.9
0060,2025-08-22T07:00:00Z,65.7,78,3.3
0060,2025-08-22T08:00:00Z,66.7,73,3.3
0060,2025-08-22T09:00:00Z,66.7,73,1.9
0060,2025-08-22T10:00:00Z,67.6,72,2.9
0060,2025-08-22T11:00:00Z,69.4,64,3.1
0060,2025-08-22T12:00:00Z,70.7,62,3.9
0060,2025-08-22T13:00:00Z,72.1,61,1.9
0060,2025-08-22T14:00:00Z,73.6,59,3.5
0060,2025-08-22T15:00:00Z,71.8,64,5.8
0060,2025-08-22T16:00:00Z,73.2,61,4.9
0060,2025-08-22T17:00:00Z,72.9,61,6.6
0060,2025-08-22T18:00:00Z,73.2,61,6.6
0060,2025-08-22T19:00:00Z,73,61,5.8
0060,2025-08-22T20:00:00Z,73.2,62,5.4
0060,2025-08-22T21:00:00Z,72.9,63,5
0060,2025-08-22T22:00:00Z,72.3,66,4.5
0060,2025-08-22T23:00:00Z,70.7,72,4.3
0060,2025-08-23T00:00:00Z,70.3,71,2.7
0060,2025-08-23T01:00:00Z,70,72,1.2
0060,2025-08-23T02:00:00Z,68.7,77,2.5
0060,2025-08-23T03:00:00Z,67.6,81,2.7
0060,2025-08-23T04:00:00Z,66.2,86,2.7
0060,2025-08-23T05:00:00Z,65.3,87,2.7
0060,2025-08-23T06:00:00Z,64.9,87,3.3
0060,2025-08-23T07:00:00Z,64.9,86,2.7
0060,2025-08-23T08:00:00Z,64.2,87,2.9
0060,2025-08-23T09:00:00Z,64,88,2.9
0060,2025-08-23T10:00:00Z,64.9,86,2.5
0060,2025-08-23T11:00:00Z,66.7,82,2.1
0060,2025-08-23T12:00:00Z,70,75,3.7
0060,2025-08-23T13:00:00Z,72.7,66,4.9
0060,2025-08-23T14:00:00Z,74.7,60,4.5
0060,2025-08-23T15:00:00Z,77.2,48,5.4
0060,2025-08-23T16:00:00Z,77.7,46,5.4
0060,2025-08-23T17:00:00Z,76.5,52,7
0060,2025-08-23T18:00:00Z,75.9,52,5.6
0060,2025-08-23T19:00:00Z,77.2,52,5
0060,2025-08-23T20:00:00Z,78.6,44,6.4
0060,2025-08-23T21:00:00Z,77.2,48,5.8
0060,2025-08-23T22:00:00Z,76.1,52,4.9
0060,2025-08-23T23:00:00Z,74.8,55,4.3
0060,2025-08-24T00:00:00Z,73.8,59,3.9
0060,2025-08-24T01:00:00Z,73.2,61,4.9
0060,2025-08-24T02:00:00Z,72.3,64,4.5
0060,2025-08-24T03:00:00Z,70.3,70,2.5
0060,2025-08-24T04:00:00Z,69.1,75,2.9
0060,2025-08-24T05:00:00Z,68.5,78,2.9
0060,2025-08-24T06:00:00Z,67.3,81,3.1
0060,2025-08-24T07:00:00Z,66.7,83,3.9
0060,2025-08-24T08:00:00Z,65.5,86,4.3
0060,2025-08-24T09:00:00Z,64.6,87,3.9
0060,2025-08-24T10:00:00Z,65.3,84,3.5
0060,2025-08-24T11:00:00Z,67.6,72,5
0060,2025-08-24T12:00:00Z,68.5,63,6.8
0060,2025-08-24T13:00:00Z,69.1,58,8
0060,2025-08-24T14:00:00Z,69.8,54,8
0060,2025-08-24T15:00:00Z,70.5,52,8
0060,2025-08-24T16:00:00Z,71.4,49,6.8
0060,2025-08-24T17:00:00Z,70.9,51,8.9
0060,2025-08-24T18:00:00Z,71.8,48,7
0060,2025-08-24T19:00:00Z,72,46,5.8
0060,2025-08-24T20:00:00Z,72,51,4.5
0060,2025-08-24T21:00:00Z,72,54,3.3
0060,2025-08-24T22:00:00Z,71.8,55,4.7
0060,2025-08-24T23:00:00Z,70.9,55,4.3
0060,2025-08-25T00:00:00Z,69.6,57,4.1
0060,2025-08-25T01:00:00Z,69.4,53,6.2
0060,2025-08-25T02:00:00Z,69.6,56,7.8
0060,2025-08-25T03:00:00Z,68.9,55,9.7
0060,2025-08-25T04:00:00Z,68.2,56,8.4
0060,2025-08-25T05:00:00Z,67.1,59,7.6
0060,2025-08-25T06:00:00Z,62.8,72,4.1
0060,2025-08-25T07:00:00Z,60.6,77,3.3
0060,2025-08-25T08:00:00Z,59.5,86,4.7
0060,2025-08-25T09:00:00Z,59,89,3.7
0060,2025-08-25T10:00:00Z,58.5,87,4.1
0060,2025-08-25T11:00:00Z,60.4,83,4.1
0060,2025-08-25T12:00:00Z,60.1,87,4.3
0060,2025-08-25T13:00:00Z,60.3,84,6.4
0060,2025-08-25T14:00:00Z,59.2,87,3.5
0060,2025-08-25T15:00:00Z,62.6,78,4.3
0060,2025-08-25T16:00:00Z,65.1,64,7.6
0060,2025-08-25T17:00:00Z,65.5,60,9.1
0060,2025-08-25T18:00:00Z,66.7,57,9.5
0060,2025-08-25T19:00:00Z,67.5,52,9.1
0060,2025-08-25T20:00:00Z,68.2,50,8.4
0060,2025-08-25T21:00:00Z,67.8,49,8
0060,2025-08-25T22:00:00Z,66.7,54,5.4
0060,2025-08-25T23:00:00Z,61.3,75,5
0060,2025-08-26T00:00:00Z,59.5,82,6.6
0060,2025-08-26T01:00:00Z,58.1,83,1.6
0060,2025-08-26T02:00:00Z,57.6,89,3.1
0060,2025-08-26T03:00:00Z,58.1,90,2.5
0060,2025-08-26T04:00:00Z,58.3,89,2.7
0060,2025-08-26T05:00:00Z,58.3,89,3.7
0060,2025-08-26T06:00:00Z,58.8,84,4.5
0060,2025-08-26T07:00:00Z,59.2,80,3.9
0060,2025-08-26T08:00:00Z,57.7,85,4.9
0060,2025-08-26T09:00:00Z,56.3,88,4.5
0060,2025-08-26T10:00:00Z,56.7,85,4.7
0060,2025-08-26T11:00:00Z,56.3,85,4.9
0060,2025-08-26T12:00:00Z,59,80,3.7
0060,2025-08-26T13:00:00Z,63.5,57,6.4
0060,2025-08-26T14:00:00Z,63.7,53,6.2
0060,2025-08-26T15:00:00Z,63.9,53,7.4
0060,2025-08-26T16:00:00Z,65.1,51,7.6
0060,2025-08-26T17:00:00Z,65.3,50,8.9
0060,2025-08-26T18:00:00Z,66,43,9.7
0060,2025-08-26T19:00:00Z,66,45,6.8
0060,2025-08-26T20:00:00Z,66.7,42,5.8
0060,2025-08-26T21:00:00Z,66.4,43,4.1
0060,2025-08-26T22:00:00Z,65.7,45,4.5
0060,2025-08-26T23:00:00Z,64,49,3.1
0060,2025-08-27T00:00:00Z,62.8,53,2.1
0060,2025-08-27T01:00:00Z,58.8,73,5.2
0060,2025-08-27T02:00:00Z,57.6,80,2.9
0060,2025-08-27T03:00:00Z,57.2,81,2.3
0060,2025-08-27T04:00:00Z,57.7,79,3.9
0060,2025-08-27T05:00:00Z,56.7,85,3.1
0060,2025-08-27T06:00:00Z,56.7,86,2.9
0060,2025-08-27T07:00:00Z,55.9,87,3.5
0060,2025-08-27T08:00:00Z,55.8,86,2.3
0060,2025-08-27T09:00:00Z,54.7,88,2.3
0060,2025-08-27T10:00:00Z,54.5,88,3.3
0060,2025-08-27T11:00:00Z,57.6,81,4.7
0060,2025-08-27T12:00:00Z,NA,74,4.9
0060,2025-08-27T13:00:00Z,NA,58,6
0060,2025-08-27T14:00:00Z,NA,51,6.6
0060,2025-08-27T15:00:00Z,NA,49,5.8
0060,2025-08-27T16:00:00Z,65.7,50,6.6
0060,2025-08-27T17:00:00Z,65.8,46,7.2
0060,2025-08-27T18:00:00Z,66.4,40,6.4
0060,2025-08-27T19:00:00Z,66.4,40,6.4
0060,2025-08-27T20:00:00Z,66.4,44,6.2
0060,2025-08-27T21:00:00Z,66.4,45,6
0060,2025-08-27T22:00:00Z,66.7,44,3.1
0060,2025-08-27T23:00:00Z,64.4,49,1.9
0060,2025-08-28T00:00:00Z,63,53,3.5
0060,2025-08-28T01:00:00Z,60.4,60,4.1
0060,2025-08-28T02:00:00Z,58.6,64,4.3
0060,2025-08-28T03:00:00Z,57.6,65,4.5
0060,2025-08-28T04:00:00Z,57,66,3.9
0060,2025-08-28T05:00:00Z,56.7,68,3.9
0060,2025-08-28T06:00:00Z,57.6,65,3.3
0060,2025-08-28T07:00:00Z,59,58,3.9
0060,2025-08-28T08:00:00Z,59.4,55,4.5
0060,2025-08-28T09:00:00Z,59.2,56,3.7
0060,2025-08-28T10:00:00Z,60.3,53,5.2
0060,2025-08-28T11:00:00Z,61.7,53,6.8
0060,2025-08-28T12:00:00Z,64.4,52,7.6
0060,2025-08-28T13:00:00Z,67.3,51,7.2
0060,2025-08-28T14:00:00Z,66.6,53,7.4
0060,2025-08-28T15:00:00Z,66.2,57,7.6
0060,2025-08-28T16:00:00Z,67.6,57,8.4
0060,2025-08-28T17:00:00Z,66.6,61,9.7
0060,2025-08-28T18:00:00Z,62.2,78,10.5
0060,2025-08-28T19:00:00Z,61,83,7.6
0060,2025-08-28T20:00:00Z,62.4,81,7.8
0060,2025-08-28T21:00:00Z,63,79,6.6
0060,2025-08-28T22:00:00Z,62.8,80,7.4
0060,2025-08-28T23:00:00Z,62.1,82,5
0060,2025-08-29T00:00:00Z,61.3,88,4.3
0060,2025-08-29T01:00:00Z,61.9,88,4.3
0060,2025-08-29T02:00:00Z,60.4,92,2.5
0060,2025-08-29T03:00:00Z,60.4,91,1
0060,2025-08-29T04:00:00Z,62.8,76,8.5
0060,2025-08-29T05:00:00Z,62.1,66,7.8
0060,2025-08-29T06:00:00Z,61.3,68,8.5
0060,2025-08-29T07:00:00Z,60.4,70,8.4
0060,2025-08-29T08:00:00Z,59.7,65,7.8
0060,2025-08-29T09:00:00Z,59.2,65,7
0060,2025-08-29T10:00:00Z,59.4,62,6.2
0060,2025-08-29T11:00:00Z,60.3,59,6.4
0060,2025-08-29T12:00:00Z,60.4,57,7.4
0060,2025-08-29T13:00:00Z,60.8,53,7.6
0060,2025-08-29T14:00:00Z,61.2,54,7.4
0060,2025-08-29T15:00:00Z,61.7,51,7.2
0060,2025-08-29T16:00:00Z,62.2,47,5.4
0060,2025-08-29T17:00:00Z,62.8,45,5.6
0060,2025-08-29T18:00:00Z,62.8,48,4.9
0060,2025-08-29T19:00:00Z,62.6,50,4.7
0060,2025-08-29T20:00:00Z,61.7,56,3.7
0060,2025-08-29T21:00:00Z,62.2,57,4.3
0060,2025-08-29T22:00:00Z,61.9,58,3.9
0060,2025-08-29T23:00:00Z,62.1,58,5.4
0060,2025-08-30T00:00:00Z,62.1,56,5.8
0060,2025-08-30T01:00:00Z,61.5,56,5.2
0060,2025-08-30T02:00:00Z,61.5,57,6
0060,2025-08-30T03:00:00Z,60.8,59,6.6
0060,2025-08-30T04:00:00Z,60.3,60,6.6
0060,2025-08-30T05:00:00Z,59.9,59,7.2
0060,2025-08-30T06:00:00Z,59.2,60,5.8
0060,2025-08-30T07:00:00Z,58.6,63,4.7
0060,2025-08-30T08:00:00Z,53.8,83,3.1
0060,2025-08-30T09:00:00Z,51.4,90,3.3
0060,2025-08-30T10:00:00Z,52,88,2.9
0060,2025-08-30T11:00:00Z,55.4,77,2.7
0060,2025-08-30T12:00:00Z,61.5,62,2.1
0060,2025-08-30T13:00:00Z,62.6,54,3.9
0060,2025-08-30T14:00:00Z,63.3,52,6
0060,2025-08-30T15:00:00Z,64.4,48,7
0060,2025-08-30T16:00:00Z,64.8,48,7
0060,2025-08-30T17:00:00Z,64.6,54,7.8
0060,2025-08-30T18:00:00Z,64.8,54,8
0060,2025-08-30T19:00:00Z,64.6,51,7.8
0060,2025-08-30T20:00:00Z,64.9,47,6.8
0060,2025-08-30T21:00:00Z,64.9,46,6.2
0060,2025-08-30T22:00:00Z,64.2,50,5
0060,2025-08-30T23:00:00Z,63.3,54,3.1
0060,2025-08-31T00:00:00Z,62.8,56,2.5
0060,2025-08-31T01:00:00Z,61.5,61,2.7
0060,2025-08-31T02:00:00Z,59.4,68,1.6
0060,2025-08-31T03:00:00Z,57.2,74,2.1
0060,2025-08-31T04:00:00Z,55.9,79,2.3
0060,2025-08-31T05:00:00Z,54.7,84,2.1
0060,2025-08-31T06:00:00Z,53.8,85,2.5
0060,2025-08-31T07:00:00Z,53.2,87,2.3
0060,2025-08-31T08:00:00Z,52.5,88,2.1
0060,2025-08-31T09:00:00Z,51.8,90,2.1
0060,2025-08-31T10:00:00Z,52.7,86,2.3
0060,2025-08-31T11:00:00Z,57.9,73,2.5
0060,2025-08-31T12:00:00Z,65.8,61,0.6
0060,2025-08-31T13:00:00Z,65.3,61,6
0060,2025-08-31T14:00:00Z,66.9,56,6
0060,2025-08-31T15:00:00Z,67.3,54,7.2
0060,2025-08-31T16:00:00Z,67.5,57,8.9
0060,2025-08-31T17:00:00Z,67.5,57,9.1
0060,2025-08-31T18:00:00Z,67.3,59,9.1
0060,2025-08-31T19:00:00Z,67.3,60,9.7
0060,2025-08-31T20:00:00Z,67.1,61,8.9
0060,2025-08-31T21:00:00Z,66.7,63,9.3
0060,2025-08-31T22:00:00Z,66.2,64,7.2
0060,2025-08-31T23:00:00Z,65.1,65,4.3
0060,2025-09-01T00:00:00Z,63.9,69,4.1
0060,2025-09-01T01:00:00Z,62.2,73,1.6
0060,2025-09-01T02:00:00Z,61.5,70,1.4
0060,2025-09-01T03:00:00Z,60.6,70,1
0060,2025-09-01T04:00:00Z,59.9,70,0.2
0060,2025-09-01T05:00:00Z,60.3,68,1.7
0060,2025-09-01T06:00:00Z,59.5,72,1
0060,2025-09-01T07:00:00Z,57,82,1.6
0060,2025-09-01T08:00:00Z,56.3,82,2.9
0060,2025-09-01T09:00:00Z,55.2,84,3.9
0060,2025-09-01T10:00:00Z,55.9,81,4.5
0060,2025-09-01T11:00:00Z,59.4,72,5
0060,2025-09-01T12:00:00Z,64.2,63,4.9
0060,2025-09-01T13:00:00Z,69.3,52,5.2
0060,2025-09-01T14:00:00Z,73.6,38,6.6
0060,2025-09-01T15:00:00Z,76.3,31,4.7
0060,2025-09-01T16:00:00Z,74.8,42,4.7
0060,2025-09-01T17:00:00Z,73.9,42,7
0060,2025-09-01T18:00:00Z,72.7,48,9.3
0060,2025-09-01T19:00:00Z,73,47,10.9
0060,2025-09-01T20:00:00Z,72.3,51,10.5
0060,2025-09-01T21:00:00Z,71.8,51,8.9
0060,2025-09-01T22:00:00Z,71.4,52,6.6
0060,2025-09-01T23:00:00Z,69.6,52,5.4
0060,2025-09-02T00:00:00Z,67.8,53,6.2
0060,2025-09-02T01:00:00Z,66.9,50,4.1
0060,2025-09-02T02:00:00Z,65.5,52,1.4
0060,2025-09-02T03:00:00Z,64,55,0
0060,2025-09-02T04:00:00Z,63.7,59,1.2
0060,2025-09-02T05:00:00Z,61.3,68,3.7
0060,2025-09-02T06:00:00Z,60.1,72,5
0060,2025-09-02T07:00:00Z,60.1,73,5.8
0060,2025-09-02T08:00:00Z,59.4,75,4.9
0060,2025-09-02T09:00:00Z,57.7,80,5.6
0060,2025-09-02T10:00:00Z,57.4,81,5.6
0060,2025-09-02T11:00:00Z,58.3,78,5.6
0060,2025-09-02T12:00:00Z,62.8,66,5.4
0060,2025-09-02T13:00:00Z,69.1,52,3.9
0060,2025-09-02T14:00:00Z,74.7,40,3.3
0060,2025-09-02T15:00:00Z,76.3,38,1.7
0060,2025-09-02T16:00:00Z,73.2,47,7
0060,2025-09-02T17:00:00Z,74.7,39,7.2
0060,2025-09-02T18:00:00Z,73.9,40,8
0060,2025-09-02T19:00:00Z,74.3,38,7.8
0060,2025-09-02T20:00:00Z,74.1,37,7.8
0060,2025-09-02T21:00:00Z,73.9,39,6.2
0060,2025-09-02T22:00:00Z,72.9,40,5.4
0060,2025-09-02T23:00:00Z,71.4,43,3.3
0060,2025-09-03T00:00:00Z,69.8,45,1.7
0060,2025-09-03T01:00:00Z,67.6,51,1.4
0060,2025-09-03T02:00:00Z,65.8,55,1.9
0060,2025-09-03T03:00:00Z,64,64,2.7
0060,2025-09-03T04:00:00Z,62.2,72,4.1
0060,2025-09-03T05:00:00Z,60.3,77,3.7
0060,2025-09-03T06:00:00Z,59,81,4.1
0060,2025-09-03T07:00:00Z,58.1,84,4.9
0060,2025-09-03T08:00:00Z,57.4,84,5.4
0060,2025-09-03T09:00:00Z,56.5,84,4.3
0060,2025-09-03T10:00:00Z,57.4,80,5.4
0060,2025-09-03T11:00:00Z,61.5,69,5.2
0060,2025-09-03T12:00:00Z,66.9,58,5
0060,2025-09-03T13:00:00Z,72.7,49,5
0060,2025-09-03T14:00:00Z,78.4,33,4.7
0060,2025-09-03T15:00:00Z,79.9,28,6.8
0060,2025-09-03T16:00:00Z,80.6,28,8.5
0060,2025-09-03T17:00:00Z,80.8,29,8.9
0060,2025-09-03T18:00:00Z,81.1,29,8.2
0060,2025-09-03T19:00:00Z,80.6,30,8.7
0060,2025-09-03T20:00:00Z,81.1,31,8.2
0060,2025-09-03T21:00:00Z,80.4,34,8.4
0060,2025-09-03T22:00:00Z,77.9,38,6
0060,2025-09-03T23:00:00Z,75.9,42,4.5
0060,2025-09-04T00:00:00Z,74.1,46,4.3
0060,2025-09-04T01:00:00Z,71.8,57,4.1
0060,2025-09-04T02:00:00Z,69.3,71,3.3
0060,2025-09-04T03:00:00Z,68,74,1.4
0060,2025-09-04T04:00:00Z,66.7,78,3.5
0060,2025-09-04T05:00:00Z,66,70,6.4
0060,2025-09-04T06:00:00Z,65.8,70,5.4
0060,2025-09-04T07:00:00Z,66.9,68,6.8
0060,2025-09-04T08:00:00Z,63.7,82,4.5
0060,2025-09-04T09:00:00Z,62.2,88,6
0060,2025-09-04T10:00:00Z,61.9,87,5.2
0060,2025-09-04T11:00:00Z,62.2,86,5.4
0060,2025-09-04T12:00:00Z,61.5,89,5.2
0060,2025-09-04T13:00:00Z,60.1,91,7.6
0060,2025-09-04T14:00:00Z,59.9,85,7.4
0060,2025-09-04T15:00:00Z,60.8,80,7
0060,2025-09-04T16:00:00Z,60.6,78,6
0060,2025-09-04T17:00:00Z,61.9,69,6.2
0060,2025-09-04T18:00:00Z,61.9,68,4.5
0060,2025-09-04T19:00:00Z,62.2,64,5
0060,2025-09-04T20:00:00Z,62.2,64,4.3
0060,2025-09-04T21:00:00Z,62.2,62,3.3
0060,2025-09-04T22:00:00Z,62.4,63,0.6
0060,2025-09-04T23:00:00Z,60.4,69,2.5
0060,2025-09-05T00:00:00Z,59.2,74,3.1
0060,2025-09-05T01:00:00Z,57.4,82,4.5
0060,2025-09-05T02:00:00Z,56.7,84,6.4
0060,2025-09-05T03:00:00Z,56.8,84,7
0060,2025-09-05T04:00:00Z,56.7,85,6.4
0060,2025-09-05T05:00:00Z,55.2,89,4.5
0060,2025-09-05T06:00:00Z,54.3,93,4.7
0060,2025-09-05T07:00:00Z,54,95,4.9
0060,2025-09-05T08:00:00Z,53.8,97,6
0060,2025-09-05T09:00:00Z,53.1,100,6.8
0060,2025-09-05T10:00:00Z,54.3,96,7.6
0060,2025-09-05T11:00:00Z,57.9,78,8.2
0060,2025-09-05T12:00:00Z,62.8,58,8.4
0060,2025-09-05T13:00:00Z,66.9,49,9.3
0060,2025-09-05T14:00:00Z,70.3,47,9.3
0060,2025-09-05T15:00:00Z,72.7,49,11.1
0060,2025-09-05T16:00:00Z,74.1,48,11.1
0060,2025-09-05T17:00:00Z,75.6,46,11.1
0060,2025-09-05T18:00:00Z,76.8,42,11.5
0060,2025-09-05T19:00:00Z,75,43,11.5
0060,2025-09-05T20:00:00Z,72.7,46,12.2
0060,2025-09-05T21:00:00Z,71.6,46,10.9
0060,2025-09-05T22:00:00Z,68.5,55,9.1
0060,2025-09-05T23:00:00Z,67.6,54,8.9
0060,2025-09-06T00:00:00Z,67.5,52,6.6
0060,2025-09-06T01:00:00Z,66,53,4.1
0060,2025-09-06T02:00:00Z,64.8,54,3.7
0060,2025-09-06T03:00:00Z,64.2,53,4.3
0060,2025-09-06T04:00:00Z,63,58,2.7
0060,2025-09-06T05:00:00Z,62.8,61,1.9
0060,2025-09-06T06:00:00Z,63.3,61,4.1
0060,2025-09-06T07:00:00Z,61.9,64,3.5
0060,2025-09-06T08:00:00Z,59.7,69,3.7
0060,2025-09-06T09:00:00Z,58.5,74,2.5
0060,2025-09-06T10:00:00Z,57.9,76,4.1
0060,2025-09-06T11:00:00Z,58.1,75,6
0060,2025-09-06T12:00:00Z,59.9,69,6
0060,2025-09-06T13:00:00Z,62.1,61,8.5
0060,2025-09-06T14:00:00Z,62.2,60,8.9
0060,2025-09-06T15:00:00Z,63,56,9.5
0060,2025-09-06T16:00:00Z,63.3,51,10.5
0060,2025-09-06T17:00:00Z,63.7,50,10.5
0060,2025-09-06T18:00:00Z,64.2,47,10.7
0060,2025-09-06T19:00:00Z,64.6,46,7.6
0060,2025-09-06T20:00:00Z,64.2,45,8.5
0060,2025-09-06T21:00:00Z,64.8,43,7.4
0060,2025-09-06T22:00:00Z,64.2,40,5.4
0060,2025-09-06T23:00:00Z,61.7,46,2.9
0060,2025-09-07T00:00:00Z,61,49,3.5
0060,2025-09-07T01:00:00Z,60.6,50,4.7
0060,2025-09-07T02:00:00Z,59.9,52,4.7
0060,2025-09-07T03:00:00Z,57.7,69,1.7
0060,2025-09-07T04:00:00Z,57.4,74,3.7
0060,2025-09-07T05:00:00Z,57,72,4.5
0060,2025-09-07T06:00:00Z,54.7,75,4.9
0060,2025-09-07T07:00:00Z,53.1,78,4.5
0060,2025-09-07T08:00:00Z,52.2,79,3.5
0060,2025-09-07T09:00:00Z,52.5,80,1.9
0060,2025-09-07T10:00:00Z,53.1,77,1
0060,2025-09-07T11:00:00Z,54.1,76,2.1
0060,2025-09-07T12:00:00Z,55.2,79,1.7
0060,2025-09-07T13:00:00Z,59,67,4.3
0060,2025-09-07T14:00:00Z,61.3,53,6.4
0060,2025-09-07T15:00:00Z,61.7,51,6
0060,2025-09-07T16:00:00Z,62.2,46,6
0060,2025-09-07T17:00:00Z,62.8,42,5.8
0060,2025-09-07T18:00:00Z,63.3,39,5.4
0060,2025-09-07T19:00:00Z,63,38,7.2
0060,2025-09-07T20:00:00Z,63.9,37,5.2
0060,2025-09-07T21:00:00Z,63.7,36,5.8
0060,2025-09-07T22:00:00Z,62.8,40,4.1
0060,2025-09-07T23:00:00Z,61,44,1.9
0060,2025-09-08T00:00:00Z,59.2,52,2.7
0060,2025-09-08T01:00:00Z,56.1,64,3.7
0060,2025-09-08T02:00:00Z,54.5,67,3.9
0060,2025-09-08T03:00:00Z,53.1,74,3.5
0060,2025-09-08T04:00:00Z,53.2,71,3.9
0060,2025-09-08T05:00:00Z,53.1,73,2.9
0060,2025-09-08T06:00:00Z,52.2,75,2.9
0060,2025-09-08T07:00:00Z,51.3,75,2.3
0060,2025-09-08T08:00:00Z,49.5,83,2.1
0060,2025-09-08T09:00:00Z,48.7,84,2.9
0060,2025-09-08T10:00:00Z,49.1,82,3.1
0060,2025-09-08T11:00:00Z,53.4,71,3.5
0060,2025-09-08T12:00:00Z,59.9,59,3.3
0060,2025-09-08T13:00:00Z,66.6,48,1.7
0060,2025-09-08T14:00:00Z,66.9,42,1.9
0060,2025-09-08T15:00:00Z,66.2,41,6
0060,2025-09-08T16:00:00Z,66.4,45,6.8
0060,2025-09-08T17:00:00Z,66.4,48,7.2
0060,2025-09-08T18:00:00Z,65.8,52,8.7
0060,2025-09-08T19:00:00Z,65.7,55,8.7
0060,2025-09-08T20:00:00Z,65.1,56,9.1
0060,2025-09-08T21:00:00Z,64.4,58,9.1
0060,2025-09-08T22:00:00Z,63.3,60,6.8
0060,2025-09-08T23:00:00Z,61.7,60,4.3
0060,2025-09-09T00:00:00Z,60.4,62,4.1
0060,2025-09-09T01:00:00Z,59,65,2.7
0060,2025-09-09T02:00:00Z,57.4,69,3.7
0060,2025-09-09T03:00:00Z,56.3,73,4.7
0060,2025-09-09T04:00:00Z,55,78,4.3
0060,2025-09-09T05:00:00Z,54.5,80,5.6
0060,2025-09-09T06:00:00Z,54,81,6
0060,2025-09-09T07:00:00Z,53.1,83,6.2
0060,2025-09-09T08:00:00Z,52.2,86,5.8
0060,2025-09-09T09:00:00Z,52,85,5.8
0060,2025-09-09T10:00:00Z,52.2,84,6
0060,2025-09-09T11:00:00Z,55.2,75,5.4
0060,2025-09-09T12:00:00Z,59.7,63,5.4
0060,2025-09-09T13:00:00Z,64.4,50,6.8
0060,2025-09-09T14:00:00Z,70.2,37,5.2
0060,2025-09-09T15:00:00Z,73.6,29,5
0060,2025-09-09T16:00:00Z,74.8,27,4.9
0060,2025-09-09T17:00:00Z,75.2,28,5.8
0060,2025-09-09T18:00:00Z,75.7,27,4.3
0060,2025-09-09T19:00:00Z,71.1,42,9.9
0060,2025-09-09T20:00:00Z,70.7,43,8.5
0060,2025-09-09T21:00:00Z,69.6,47,6.6
0060,2025-09-09T22:00:00Z,68,58,5.8
0060,2025-09-09T23:00:00Z,66.9,64,3.5
0060,2025-09-10T00:00:00Z,66,60,2.5
0060,2025-09-10T01:00:00Z,64.6,55,3.1
0060,2025-09-10T02:00:00Z,63.1,56,3.9
0060,2025-09-10T03:00:00Z,60.1,65,3.5
0060,2025-09-10T04:00:00Z,58.3,71,2.7
0060,2025-09-10T05:00:00Z,57.2,72,3.7
0060,2025-09-10T06:00:00Z,56.3,73,3.9
0060,2025-09-10T07:00:00Z,56.3,71,4.5
0060,2025-09-10T08:00:00Z,54.7,76,4.9
0060,2025-09-10T09:00:00Z,54.5,76,4.7
0060,2025-09-10T10:00:00Z,54.5,76,4.7
0060,2025-09-10T11:00:00Z,57.6,69,6.2
0060,2025-09-10T12:00:00Z,62.2,58,7.2
0060,2025-09-10T13:00:00Z,67.1,51,4.5
0060,2025-09-10T14:00:00Z,72.5,40,0.8
0060,2025-09-10T15:00:00Z,73.8,37,3.7
0060,2025-09-10T16:00:00Z,71.6,42,8.4
0060,2025-09-10T17:00:00Z,72,42,8
0060,2025-09-10T18:00:00Z,72.1,44,7.4
0060,2025-09-10T19:00:00Z,72.1,43,7.8
0060,2025-09-10T20:00:00Z,71.4,49,7.2
0060,2025-09-10T21:00:00Z,70.2,53,6.2
0060,2025-09-10T22:00:00Z,68.9,61,4.9
0060,2025-09-10T23:00:00Z,68,59,3.5
0060,2025-09-11T00:00:00Z,67.1,57,1.9
0060,2025-09-11T01:00:00Z,65.1,58,1.6
0060,2025-09-11T02:00:00Z,63.3,62,1.9
0060,2025-09-11T03:00:00Z,61.5,70,0.6
0060,2025-09-11T04:00:00Z,59.9,75,2.1
0060,2025-09-11T05:00:00Z,57.7,82,2.9
0060,2025-09-11T06:00:00Z,55.9,87,2.3
0060,2025-09-11T07:00:00Z,54.7,88,1.9
0060,2025-09-11T08:00:00Z,54,90,1.7
0060,2025-09-11T09:00:00Z,53.4,90,2.3
0060,2025-09-11T10:00:00Z,53.8,87,2.5
0060,2025-09-11T11:00:00Z,58.3,76,3.5
0060,2025-09-11T12:00:00Z,65.3,60,2.7
0060,2025-09-11T13:00:00Z,68.9,62,4.3
0060,2025-09-11T14:00:00Z,69.8,62,4.7
0060,2025-09-11T15:00:00Z,70.5,54,6.2
0060,2025-09-11T16:00:00Z,71.4,53,7
0060,2025-09-11T17:00:00Z,71.8,47,7.6
0060,2025-09-11T18:00:00Z,71.4,44,7.4
0060,2025-09-11T19:00:00Z,71.4,40,6
0060,2025-09-11T20:00:00Z,71.1,42,5.8
0060,2025-09-11T21:00:00Z,70.5,44,4.9
0060,2025-09-11T22:00:00Z,69.3,47,3.5
0060,2025-09-11T23:00:00Z,68,51,3.3
0060,2025-09-12T00:00:00Z,67.1,59,3.7
0060,2025-09-12T01:00:00Z,66.7,61,3.3
0060,2025-09-12T02:00:00Z,66,66,2.7
0060,2025-09-12T03:00:00Z,61,77,2.9
0060,2025-09-12T04:00:00Z,58.5,82,2.5
0060,2025-09-12T05:00:00Z,57,85,2.3
0060,2025-09-12T06:00:00Z,55.4,88,2.5
0060,2025-09-12T07:00:00Z,54.9,89,2.1
0060,2025-09-12T08:00:00Z,54,91,2.3
0060,2025-09-12T09:00:00Z,54,92,1.4
0060,2025-09-12T10:00:00Z,54.5,89,2.5
0060,2025-09-12T11:00:00Z,59.7,76,2.5
0060,2025-09-12T12:00:00Z,67.6,60,1.2
0060,2025-09-12T13:00:00Z,70.7,51,2.3
0060,2025-09-12T14:00:00Z,71.1,53,4.5
0060,2025-09-12T15:00:00Z,71.2,56,6.6
0060,2025-09-12T16:00:00Z,71.2,53,7.8
0060,2025-09-12T17:00:00Z,71.4,57,8.4
0060,2025-09-12T18:00:00Z,71.2,58,8.7
0060,2025-09-12T19:00:00Z,71.4,55,9.1
0060,2025-09-12T20:00:00Z,70.5,63,9.5
0060,2025-09-12T21:00:00Z,71.1,57,6.8
0060,2025-09-12T22:00:00Z,70,63,5.4
0060,2025-09-12T23:00:00Z,68.9,65,3.5
0060,2025-09-13T00:00:00Z,67.5,61,2.3
0060,2025-09-13T01:00:00Z,66.7,58,2.5
0060,2025-09-13T02:00:00Z,65.1,62,3.5
0060,2025-09-13T03:00:00Z,63.5,67,3.9
0060,2025-09-13T04:00:00Z,62.8,70,3.9
0060,2025-09-13T05:00:00Z,61.9,72,4.7
0060,2025-09-13T06:00:00Z,61.2,74,0.4
0060,2025-09-13T07:00:00Z,60.3,77,1.2
0060,2025-09-13T08:00:00Z,58.8,82,1.9
0060,2025-09-13T09:00:00Z,57.6,86,1.9
0060,2025-09-13T10:00:00Z,57.2,86,3.1
0060,2025-09-13T11:00:00Z,62.2,74,1.6
0060,2025-09-13T12:00:00Z,69.3,63,1.4
0060,2025-09-13T13:00:00Z,71.2,54,2.7
0060,2025-09-13T14:00:00Z,71.6,51,4.1
0060,2025-09-13T15:00:00Z,70.3,55,4.5
0060,2025-09-13T16:00:00Z,69.8,62,4.3
0060,2025-09-13T17:00:00Z,70,60,4.5
0060,2025-09-13T18:00:00Z,70.7,55,2.9
0060,2025-09-13T19:00:00Z,70.7,59,4.1
0060,2025-09-13T20:00:00Z,69.1,70,5.2
0060,2025-09-13T21:00:00Z,69.1,69,4.5
0060,2025-09-13T22:00:00Z,68.5,71,3.5
0060,2025-09-13T23:00:00Z,67.8,69,1.9
0060,2025-09-14T00:00:00Z,66.4,72,1.7
0060,2025-09-14T01:00:00Z,64.6,75,1.2
0060,2025-09-14T02:00:00Z,63.5,78,1.7
0060,2025-09-14T03:00:00Z,61.7,85,1.7
0060,2025-09-14T04:00:00Z,60.4,88,2.1
0060,2025-09-14T05:00:00Z,59.2,89,1.2
0060,2025-09-14T06:00:00Z,58.3,90,1.2
0060,2025-09-14T07:00:00Z,57.2,93,2.1
0060,2025-09-14T08:00:00Z,56.7,94,1.6
0060,2025-09-14T09:00:00Z,55.9,94,1.6
0060,2025-09-14T10:00:00Z,56.3,92,1.6
0060,2025-09-14T11:00:00Z,61,77,1.9
0060,2025-09-14T12:00:00Z,68.5,55,2.3
0060,2025-09-14T13:00:00Z,71.2,47,4.9
0060,2025-09-14T14:00:00Z,72,56,6.8
0060,2025-09-14T15:00:00Z,72.3,58,8.5
0060,2025-09-14T16:00:00Z,72,62,10.1
0060,2025-09-14T17:00:00Z,72.5,60,9.1
0060,2025-09-14T18:00:00Z,72.5,58,9.9
0060,2025-09-14T19:00:00Z,71.8,62,10.7
0060,2025-09-14T20:00:00Z,72.3,56,9.1
0060,2025-09-14T21:00:00Z,72.7,52,7.2
0060,2025-09-14T22:00:00Z,70.7,59,6
0060,2025-09-14T23:00:00Z,69.6,64,3.3
0060,2025-09-15T00:00:00Z,69.3,61,2.7
0060,2025-09-15T01:00:00Z,68,63,2.9
0060,2025-09-15T02:00:00Z,67.1,66,3.9
0060,2025-09-15T03:00:00Z,66.4,72,4.5
0060,2025-09-15T04:00:00Z,65.5,74,4.9
0060,2025-09-15T05:00:00Z,63.9,79,2.3
0060,2025-09-15T06:00:00Z,63.3,79,3.3
0060,2025-09-15T07:00:00Z,62.6,81,2.3
0060,2025-09-15T08:00:00Z,61,84,1.2
0060,2025-09-15T09:00:00Z,60.4,84,1.9
0060,2025-09-15T10:00:00Z,60.3,82,2.9
0060,2025-09-15T11:00:00Z,66,68,2.1
0060,2025-09-15T12:00:00Z,71.8,52,1
0060,2025-09-15T13:00:00Z,73.9,50,3.1
0060,2025-09-15T14:00:00Z,73,55,7.4
0060,2025-09-15T15:00:00Z,73,58,8
0060,2025-09-15T16:00:00Z,76.8,45,9.5
0060,2025-09-15T17:00:00Z,76.5,40,11.5
0060,2025-09-15T18:00:00Z,75.9,38,10.9
0060,2025-09-15T19:00:00Z,74.8,42,9.9
0060,2025-09-15T20:00:00Z,72.9,51,10.1
0060,2025-09-15T21:00:00Z,72.1,54,7.8
0060,2025-09-15T22:00:00Z,70.5,62,6
0060,2025-09-15T23:00:00Z,70.2,58,4.9
0060,2025-09-16T00:00:00Z,69.6,54,5.2
0060,2025-09-16T01:00:00Z,68.7,55,4.3
0060,2025-09-16T02:00:00Z,67.3,60,2.5
0060,2025-09-16T03:00:00Z,66,66,2.7
0060,2025-09-16T04:00:00Z,64.9,71,1.2
0060,2025-09-16T05:00:00Z,64.2,74,1.2
0060,2025-09-16T06:00:00Z,63.3,75,1.6
0060,2025-09-16T07:00:00Z,61.7,79,2.1
0060,2025-09-16T08:00:00Z,61,80,2.3
0060,2025-09-16T09:00:00Z,60.8,81,2.5
0060,2025-09-16T10:00:00Z,61,80,3.5
0060,2025-09-16T11:00:00Z,64.6,71,3.3
0060,2025-09-16T12:00:00Z,68.9,60,4.7
0060,2025-09-16T13:00:00Z,74.1,49,3.1
0060,2025-09-16T14:00:00Z,77.4,44,1.7
0060,2025-09-16T15:00:00Z,76.5,44,5.4
0060,2025-09-16T16:00:00Z,75.7,45,7
0060,2025-09-16T17:00:00Z,73.9,55,8.4
0060,2025-09-16T18:00:00Z,73.4,58,8.4
0060,2025-09-16T19:00:00Z,73.9,54,7.8
0060,2025-09-16T20:00:00Z,74.5,47,6.6
0060,2025-09-16T21:00:00Z,73.2,53,5.8
0060,2025-09-16T22:00:00Z,72.5,58,3.9
0060,2025-09-16T23:00:00Z,72.3,57,1.9
0060,2025-09-17T00:00:00Z,71.1,56,1.4
0060,2025-09-17T01:00:00Z,69.3,60,1.6
0060,2025-09-17T02:00:00Z,67.8,62,1.2
0060,2025-09-17T03:00:00Z,66,69,0.8
0060,2025-09-17T04:00:00Z,64.2,75,1
0060,2025-09-17T05:00:00Z,63.7,77,1
0060,2025-09-17T06:00:00Z,61.7,82,1.9
0060,2025-09-17T07:00:00Z,60.6,85,1.4
0060,2025-09-17T08:00:00Z,60.1,86,1.9
0060,2025-09-17T09:00:00Z,59.4,87,2.1
0060,2025-09-17T10:00:00Z,58.6,87,1.7
0060,2025-09-17T11:00:00Z,64.4,72,2.1
0060,2025-09-17T12:00:00Z,68.7,72,2.7
0060,2025-09-17T13:00:00Z,70.9,67,4.3
0060,2025-09-17T14:00:00Z,71.4,67,5.6
0060,2025-09-17T15:00:00Z,72.7,64,5.6
0060,2025-09-17T16:00:00Z,72.7,64,6.6
0060,2025-09-17T17:00:00Z,72.5,63,6.8
0060,2025-09-17T18:00:00Z,73.4,57,6.6
0060,2025-09-17T19:00:00Z,72.7,60,6.6
0060,2025-09-17T20:00:00Z,72.9,55,5.2
0060,2025-09-17T21:00:00Z,73.6,48,3.5
0060,2025-09-17T22:00:00Z,71.8,56,2.5
0060,2025-09-17T23:00:00Z,69.1,63,2.7
0060,2025-09-18T00:00:00Z,67.3,62,0.8
0060,2025-09-18T01:00:00Z,66.2,68,1.7
0060,2025-09-18T02:00:00Z,63.3,75,1.7
0060,2025-09-18T03:00:00Z,61.5,79,2.5
0060,2025-09-18T04:00:00Z,59.5,83,2.3
0060,2025-09-18T05:00:00Z,58.3,85,2.5
0060,2025-09-18T06:00:00Z,57.2,87,2.7
0060,2025-09-18T07:00:00Z,56.1,88,2.7
0060,2025-09-18T08:00:00Z,55.4,89,2.7
0060,2025-09-18T09:00:00Z,55,89,2.7
0060,2025-09-18T10:00:00Z,55.4,87,2.3
0060,2025-09-18T11:00:00Z,59.5,76,3.3
0060,2025-09-18T12:00:00Z,65.8,63,3.1
0060,2025-09-18T13:00:00Z,73.2,56,2.1
0060,2025-09-18T14:00:00Z,73.9,50,5.4
0060,2025-09-18T15:00:00Z,74.7,50,6
0060,2025-09-18T16:00:00Z,74.3,50,7.4
0060,2025-09-18T17:00:00Z,75,45,7.2
0060,2025-09-18T18:00:00Z,75.6,44,6.4
0060,2025-09-18T19:00:00Z,76.6,39,4.9
0060,2025-09-18T20:00:00Z,77.2,37,4.3
0060,2025-09-18T21:00:00Z,77.2,37,2.9
0060,2025-09-18T22:00:00Z,75.4,40,2.9
0060,2025-09-18T23:00:00Z,73.6,41,1.9
0060,2025-09-19T00:00:00Z,72.1,48,1.9
0060,2025-09-19T01:00:00Z,69.6,59,2.5
0060,2025-09-19T02:00:00Z,67.8,67,2.1
0060,2025-09-19T03:00:00Z,66,73,3.3
0060,2025-09-19T04:00:00Z,65.1,76,1.7
0060,2025-09-19T05:00:00Z,65.7,74,2.1
0060,2025-09-19T06:00:00Z,64.2,78,3.1
0060,2025-09-19T07:00:00Z,64,78,1.4
0060,2025-09-19T08:00:00Z,64.4,76,2.1
0060,2025-09-19T09:00:00Z,64,77,2.3
0060,2025-09-19T10:00:00Z,63.9,78,1.9
0060,2025-09-19T11:00:00Z,67.8,72,1.4
0060,2025-09-19T12:00:00Z,71.1,69,3.9
0060,2025-09-19T13:00:00Z,73.2,64,3.3
0060,2025-09-19T14:00:00Z,73.9,64,6
0060,2025-09-19T15:00:00Z,73.2,67,8.2
0060,2025-09-19T16:00:00Z,73.4,64,9.1
0060,2025-09-19T17:00:00Z,73,64,9.7
0060,2025-09-19T18:00:00Z,71.8,68,10.3
0060,2025-09-19T19:00:00Z,71.1,67,10.9
0060,2025-09-19T20:00:00Z,71.2,61,9.7
0060,2025-09-19T21:00:00Z,71.4,57,8.7
0060,2025-09-19T22:00:00Z,71.2,57,4.9
0060,2025-09-19T23:00:00Z,70.5,57,4.3
0060,2025-09-20T00:00:00Z,68.9,62,4.9
0060,2025-09-20T01:00:00Z,68,63,3.7
0060,2025-09-20T02:00:00Z,66.7,63,3.3
0060,2025-09-20T03:00:00Z,65.3,65,3.9
0060,2025-09-20T04:00:00Z,64.2,69,3.1
0060,2025-09-20T05:00:00Z,63.3,72,2.1
0060,2025-09-20T06:00:00Z,62.2,75,2.7
0060,2025-09-20T07:00:00Z,61.3,77,1.9
0060,2025-09-20T08:00:00Z,61.2,77,1.6
0060,2025-09-20T09:00:00Z,60.8,78,2.1
0060,2025-09-20T10:00:00Z,60.4,79,1
0060,2025-09-20T11:00:00Z,63.7,68,1.6
0060,2025-09-20T12:00:00Z,67.5,59,2.3
0060,2025-09-20T13:00:00Z,71.4,50,1.7
0060,2025-09-20T14:00:00Z,72.7,53,3.5
0060,2025-09-20T15:00:00Z,70.9,62,8.2
0060,2025-09-20T16:00:00Z,71.2,61,8.7
0060,2025-09-20T17:00:00Z,72.1,58,8.5
0060,2025-09-20T18:00:00Z,72.3,56,9.7
0060,2025-09-20T19:00:00Z,72.7,58,8.5
0060,2025-09-20T20:00:00Z,72.7,57,8.2
0060,2025-09-20T21:00:00Z,72.9,58,6
0060,2025-09-20T22:00:00Z,72.9,54,5
0060,2025-09-20T23:00:00Z,71.2,55,3.9
0060,2025-09-21T00:00:00Z,69.6,57,3.1
0060,2025-09-21T01:00:00Z,68.7,57,2.5
0060,2025-09-21T02:00:00Z,67.5,59,2.7
0060,2025-09-21T03:00:00Z,65.8,62,4.1
0060,2025-09-21T04:00:00Z,64.8,65,6.2
0060,2025-09-21T05:00:00Z,63.9,70,8
0060,2025-09-21T06:00:00Z,63.1,74,7.6
0060,2025-09-21T07:00:00Z,63.1,76,7.2
0060,2025-09-21T08:00:00Z,63,78,7
0060,2025-09-21T09:00:00Z,62.8,79,8.4
0060,2025-09-21T10:00:00Z,63.3,78,10.1
0060,2025-09-21T11:00:00Z,64.9,73,10.7
0060,2025-09-21T12:00:00Z,68.2,66,11.3
0060,2025-09-21T13:00:00Z,73,57,9.1
0060,2025-09-21T14:00:00Z,78.4,48,7.8
0060,2025-09-21T15:00:00Z,81.3,42,8.7
0060,2025-09-21T16:00:00Z,84.2,37,5.8
0060,2025-09-21T17:00:00Z,82.8,41,1.4
0060,2025-09-21T18:00:00Z,74.3,63,7
0060,2025-09-21T19:00:00Z,72.7,68,5.2
0060,2025-09-21T20:00:00Z,73,68,4.5
0060,2025-09-21T21:00:00Z,73.6,67,2.9
0060,2025-09-21T22:00:00Z,72.3,72,3.3
0060,2025-09-21T23:00:00Z,68.7,81,7.2
0060,2025-09-22T00:00:00Z,68.5,78,6.4
0060,2025-09-22T01:00:00Z,67.8,83,8.7
0060,2025-09-22T02:00:00Z,68,82,7.6
0060,2025-09-22T03:00:00Z,68.7,77,5.4
0060,2025-09-22T04:00:00Z,68.2,79,5.4
0060,2025-09-22T05:00:00Z,67.8,80,6.6
0060,2025-09-22T06:00:00Z,66.9,82,7.4
0060,2025-09-22T07:00:00Z,67.1,82,6.2
0060,2025-09-22T08:00:00Z,66.7,83,5.8
0060,2025-09-22T09:00:00Z,68.2,78,5.8
0060,2025-09-22T10:00:00Z,68.4,78,6.6
0060,2025-09-22T11:00:00Z,69.8,74,7
0060,2025-09-22T12:00:00Z,70.3,74,5.8
0060,2025-09-22T13:00:00Z,72.5,69,7.2
0060,2025-09-22T14:00:00Z,76.8,59,6.6
0060,2025-09-22T15:00:00Z,79.5,53,7.4
0060,2025-09-22T16:00:00Z,76.1,62,6.4
0060,2025-09-22T17:00:00Z,70.5,81,5.8
0060,2025-09-22T18:00:00Z,69.6,83,4.5
0060,2025-09-22T19:00:00Z,69.3,81,4.3
0060,2025-09-22T20:00:00Z,68.4,82,4.3
0060,2025-09-22T21:00:00Z,67.6,84,4.9
0060,2025-09-22T22:00:00Z,66.6,87,4.7
0060,2025-09-22T23:00:00Z,65.5,91,6.4
0060,2025-09-23T00:00:00Z,64.8,93,7.4
0060,2025-09-23T01:00:00Z,64.6,92,7.4
0060,2025-09-23T02:00:00Z,64.2,92,7.2
0060,2025-09-23T03:00:00Z,64,92,7.2
0060,2025-09-23T04:00:00Z,63.9,92,6.2
0060,2025-09-23T05:00:00Z,64.2,90,5
0060,2025-09-23T06:00:00Z,64,91,5.8
0060,2025-09-23T07:00:00Z,63.9,92,3.9
0060,2025-09-23T08:00:00Z,64.4,91,3.5
0060,2025-09-23T09:00:00Z,64.6,89,1.7
0060,2025-09-23T10:00:00Z,64.9,89,0.6
0060,2025-09-23T11:00:00Z,66.2,86,1.2
0060,2025-09-23T12:00:00Z,66.9,84,1
0060,2025-09-23T13:00:00Z,68.2,79,3.5
0060,2025-09-23T14:00:00Z,69.4,75,3.5
0060,2025-09-23T15:00:00Z,69.3,76,4.3
0060,2025-09-23T16:00:00Z,73.4,62,1.4
0060,2025-09-23T17:00:00Z,73.2,64,6
0060,2025-09-23T18:00:00Z,72.3,68,7
0060,2025-09-23T19:00:00Z,72.1,68,6.6
0060,2025-09-23T20:00:00Z,72.3,66,4.7
0060,2025-09-23T21:00:00Z,72.1,65,2.7
0060,2025-09-23T22:00:00Z,71.1,69,1.7
0060,2025-09-23T23:00:00Z,70,72,1.4
0060,2025-09-24T00:00:00Z,69.3,74,1.6
0060,2025-09-24T01:00:00Z,67.1,81,3.1
0060,2025-09-24T02:00:00Z,66.6,83,3.5
0060,2025-09-24T03:00:00Z,66.2,83,3.7
0060,2025-09-24T04:00:00Z,66.2,84,3.5
0060,2025-09-24T05:00:00Z,66.6,84,4.1
0060,2025-09-24T06:00:00Z,66.2,86,4.1
0060,2025-09-24T07:00:00Z,66.2,86,4.7
0060,2025-09-24T08:00:00Z,66.2,86,4.1
0060,2025-09-24T09:00:00Z,66.4,86,4.3
0060,2025-09-24T10:00:00Z,66.2,87,4.1
0060,2025-09-24T11:00:00Z,66.2,88,3.7
0060,2025-09-24T12:00:00Z,67.6,86,3.7
0060,2025-09-24T13:00:00Z,70.2,82,3.3
0060,2025-09-24T14:00:00Z,71.4,79,3.9
0060,2025-09-24T15:00:00Z,71.2,81,1.7
0060,2025-09-24T16:00:00Z,68.7,83,4.3
0060,2025-09-24T17:00:00Z,68.5,83,4.1
0060,2025-09-24T18:00:00Z,69.4,81,5
0060,2025-09-24T19:00:00Z,70.2,73,3.3
0060,2025-09-24T20:00:00Z,70.2,72,1.4
0060,2025-09-24T21:00:00Z,68.9,74,2.7
0060,2025-09-24T22:00:00Z,67.5,79,2.1
0060,2025-09-24T23:00:00Z,66.4,85,4.1
0060,2025-09-25T00:00:00Z,65.8,87,3.5
0060,2025-09-25T01:00:00Z,65.5,88,3.1
0060,2025-09-25T02:00:00Z,64.9,91,3.5
0060,2025-09-25T03:00:00Z,64.8,91,2.3
0060,2025-09-25T04:00:00Z,64.4,92,3.3
0060,2025-09-25T05:00:00Z,64.6,92,3.3
0060,2025-09-25T06:00:00Z,64.2,92,2.7
0060,2025-09-25T07:00:00Z,63.7,93,3.1
0060,2025-09-25T08:00:00Z,63.5,93,4.3
0060,2025-09-25T09:00:00Z,63.9,92,2.3
0060,2025-09-25T10:00:00Z,63.9,92,2.3
0060,2025-09-25T11:00:00Z,64,92,2.9
0060,2025-09-25T12:00:00Z,64.8,92,2.5
0060,2025-09-25T13:00:00Z,66,90,5.4
0060,2025-09-25T14:00:00Z,66.7,85,6.8
0060,2025-09-25T15:00:00Z,67.3,82,6.4
0060,2025-09-25T16:00:00Z,67.8,78,5.8
0060,2025-09-25T17:00:00Z,68,79,6.4
0060,2025-09-25T18:00:00Z,68.5,76,5.4
0060,2025-09-25T19:00:00Z,69.8,71,5.8
0060,2025-09-25T20:00:00Z,70.7,66,4.7
0060,2025-09-25T21:00:00Z,69.8,67,4.1
0060,2025-09-25T22:00:00Z,68,76,3.3
0060,2025-09-25T23:00:00Z,66.9,79,3.1
0060,2025-09-26T00:00:00Z,65.7,82,1.9
0060,2025-09-26T01:00:00Z,64.2,85,1.9
0060,2025-09-26T02:00:00Z,63,87,0.6
0060,2025-09-26T03:00:00Z,62.6,88,1.7
0060,2025-09-26T04:00:00Z,62.2,87,2.7
0060,2025-09-26T05:00:00Z,61.7,88,2.9
0060,2025-09-26T06:00:00Z,60.6,91,2.9
0060,2025-09-26T07:00:00Z,59.9,93,1.7
0060,2025-09-26T08:00:00Z,59.4,94,2.5
0060,2025-09-26T09:00:00Z,59,95,1.9
0060,2025-09-26T10:00:00Z,59.5,94,2.7
0060,2025-09-26T11:00:00Z,61.3,89,3.7
0060,2025-09-26T12:00:00Z,65.3,78,3.1
0060,2025-09-26T13:00:00Z,70.2,72,3.3
0060,2025-09-26T14:00:00Z,70.9,70,3.3
0060,2025-09-26T15:00:00Z,70.5,71,NA
0060,2025-09-26T16:00:00Z,70.5,70,7
0060,2025-09-26T17:00:00Z,70.7,68,6.8
0060,2025-09-26T18:00:00Z,71.4,64,5.6
0060,2025-09-26T19:00:00Z,72,58,5.2
0060,2025-09-26T20:00:00Z,72.5,55,3.7
0060,2025-09-26T21:00:00Z,73,47,2.7
0060,2025-09-26T22:00:00Z,70.2,55,1.7
0060,2025-09-26T23:00:00Z,68.7,57,1.2
0060,2025-09-27T00:00:00Z,66.4,67,2.5
0060,2025-09-27T01:00:00Z,64,75,2.7
0060,2025-09-27T02:00:00Z,62.6,80,2.3
0060,2025-09-27T03:00:00Z,61.2,82,2.5
0060,2025-09-27T04:00:00Z,60.4,83,3.1
0060,2025-09-27T05:00:00Z,59.7,86,2.7
0060,2025-09-27T06:00:00Z,58.8,88,2.7
0060,2025-09-27T07:00:00Z,58.3,90,2.9
0060,2025-09-27T08:00:00Z,57.7,91,3.5
0060,2025-09-27T09:00:00Z,57.6,92,3.7
0060,2025-09-27T10:00:00Z,57.9,92,3.5
0060,2025-09-27T11:00:00Z,58.8,89,2.9
0060,2025-09-27T12:00:00Z,62.1,80,3.7
0060,2025-09-27T13:00:00Z,70,61,3.3
0060,2025-09-27T14:00:00Z,75.2,49,2.7
0060,2025-09-27T15:00:00Z,75.4,48,4.9
0060,2025-09-27T16:00:00Z,74.5,51,7
0060,2025-09-27T17:00:00Z,74.3,54,6.6
0060,2025-09-27T18:00:00Z,75.9,46,4.7
0060,2025-09-27T19:00:00Z,75.4,48,5.4
0060,2025-09-27T20:00:00Z,77.9,41,1.6
0060,2025-09-27T21:00:00Z,78.3,41,2.1
0060,2025-09-27T22:00:00Z,75.2,51,1.2
0060,2025-09-27T23:00:00Z,73,56,1.7
0060,2025-09-28T00:00:00Z,70.3,64,2.1
0060,2025-09-28T01:00:00Z,68.5,71,3.7
0060,2025-09-28T02:00:00Z,67.1,73,3.1
0060,2025-09-28T03:00:00Z,65.5,77,3.1
0060,2025-09-28T04:00:00Z,65.1,77,1.6
0060,2025-09-28T05:00:00Z,64,79,1.4
0060,2025-09-28T06:00:00Z,63.7,79,1.4
0060,2025-09-28T07:00:00Z,63.3,77,2.9
0060,2025-09-28T08:00:00Z,62.4,80,2.7
0060,2025-09-28T09:00:00Z,60.6,85,2.5
0060,2025-09-28T10:00:00Z,59.7,87,2.7
0060,2025-09-28T11:00:00Z,62.6,76,1.4
0060,2025-09-28T12:00:00Z,68.5,61,3.3
0060,2025-09-28T13:00:00Z,73,59,5.2
0060,2025-09-28T14:00:00Z,74.5,54,5.2
0060,2025-09-28T15:00:00Z,74.5,60,5.6
0060,2025-09-28T16:00:00Z,72.9,68,7.6
0060,2025-09-28T17:00:00Z,72.9,66,8
0060,2025-09-28T18:00:00Z,72.9,64,6.8
0060,2025-09-28T19:00:00Z,72.9,60,7.2
0060,2025-09-28T20:00:00Z,72,59,8.2
0060,2025-09-28T21:00:00Z,72,54,6.2
0060,2025-09-28T22:00:00Z,71.8,56,4.1
0060,2025-09-28T23:00:00Z,70.7,56,2.5
0060,2025-09-29T00:00:00Z,69.1,59,1.7
0060,2025-09-29T01:00:00Z,67.8,62,1.9
0060,2025-09-29T02:00:00Z,65.8,66,1.6
0060,2025-09-29T03:00:00Z,64.2,68,1.6
0060,2025-09-29T04:00:00Z,63,71,1.4
0060,2025-09-29T05:00:00Z,60.8,80,1.7
0060,2025-09-29T06:00:00Z,59,87,1.6
0060,2025-09-29T07:00:00Z,57.4,91,2.3
0060,2025-09-29T08:00:00Z,57.2,87,1.7
0060,2025-09-29T09:00:00Z,56.1,91,2.1
0060,2025-09-29T10:00:00Z,55.6,92,2.3
0060,2025-09-29T11:00:00Z,59,77,2.3
0060,2025-09-29T12:00:00Z,64.4,63,3.3
0060,2025-09-29T13:00:00Z,71.6,39,0.6
0060,2025-09-29T14:00:00Z,72.9,42,4.7
0060,2025-09-29T15:00:00Z,72.7,42,6.6
0060,2025-09-29T16:00:00Z,72.5,40,8.2
0060,2025-09-29T17:00:00Z,72.5,41,8.9
0060,2025-09-29T18:00:00Z,72.3,43,9.1
0060,2025-09-29T19:00:00Z,71.8,45,9.1
0060,2025-09-29T20:00:00Z,72.3,37,7
0060,2025-09-29T21:00:00Z,71.1,41,5.8
0060,2025-09-29T22:00:00Z,68.9,52,4.1
0060,2025-09-29T23:00:00Z,67.5,59,2.1
0060,2025-09-30T00:00:00Z,65.1,59,1.4
0060,2025-09-30T01:00:00Z,62.6,62,1.9
0060,2025-09-30T02:00:00Z,59.9,71,0.8
0060,2025-09-30T03:00:00Z,59.4,69,1.4
0060,2025-09-30T04:00:00Z,57.2,75,1.6
0060,2025-09-30T05:00:00Z,56.1,81,1.9
0060,2025-09-30T06:00:00Z,55.4,83,1.4
0060,2025-09-30T07:00:00Z,55.9,81,1.2
0060,2025-09-30T08:00:00Z,54.5,84,1.7
0060,2025-09-30T09:00:00Z,53.8,84,2.3
0060,2025-09-30T10:00:00Z,53.2,86,2.5
0060,2025-09-30T11:00:00Z,56.1,77,2.7
0060,2025-09-30T12:00:00Z,61.9,65,2.7
0060,2025-09-30T13:00:00Z,NA,59,2.9
0060,2025-09-30T14:00:00Z,NA,59,6.2
0060,2025-09-30T15:00:00Z,72.5,60,8.5
0060,2025-09-30T16:00:00Z,72.7,58,9.9
0060,2025-09-30T17:00:00Z,72.7,58,10.3
0060,2025-09-30T18:00:00Z,72.3,56,11.7
0060,2025-09-30T19:00:00Z,72,54,12
0060,2025-09-30T20:00:00Z,72.3,50,9.7
0060,2025-09-30T21:00:00Z,73,37,7.8
0060,2025-09-30T22:00:00Z,70.9,38,5.6
0060,2025-09-30T23:00:00Z,68.2,52,5.6
0060,2025-10-01T00:00:00Z,66.2,66,6.6
0060,2025-10-01T01:00:00Z,65.3,72,5.8
0060,2025-10-01T02:00:00Z,64.8,74,5.8
0060,2025-10-01T03:00:00Z,63.5,76,4.3
0060,2025-10-01T04:00:00Z,63,69,4.3
0060,2025-10-01T05:00:00Z,62.8,53,3.9
0060,2025-10-01T06:00:00Z,61.3,53,3.5
0060,2025-10-01T07:00:00Z,60.1,51,3.3
0060,2025-10-01T08:00:00Z,58.6,52,3.7
0060,2025-10-01T09:00:00Z,57.4,54,3.1
0060,2025-10-01T10:00:00Z,55.9,58,3.7
0060,2025-10-01T11:00:00Z,57.4,52,3.9
0060,2025-10-01T12:00:00Z,60.3,44,4.1
0060,2025-10-01T13:00:00Z,64.4,36,5.4
0060,2025-10-01T14:00:00Z,66.6,32,5.8
0060,2025-10-01T15:00:00Z,66.4,39,10.9
0060,2025-10-01T16:00:00Z,66.9,40,11.1
0060,2025-10-01T17:00:00Z,67.1,43,11.8
0060,2025-10-01T18:00:00Z,67.1,46,12.6
0060,2025-10-01T19:00:00Z,66.9,50,12
0060,2025-10-01T20:00:00Z,66.6,52,10.1
0060,2025-10-01T21:00:00Z,65.7,51,8.2
0060,2025-10-01T22:00:00Z,63.5,53,7.6
0060,2025-10-01T23:00:00Z,61.5,60,8
0060,2025-10-02T00:00:00Z,60.8,62,6.8
0060,2025-10-02T01:00:00Z,59.7,67,4.1
0060,2025-10-02T02:00:00Z,58.5,71,1.6
0060,2025-10-02T03:00:00Z,57.2,72,1.2
0060,2025-10-02T04:00:00Z,55.6,71,1.6
0060,2025-10-02T05:00:00Z,54.1,74,3.7
0060,2025-10-02T06:00:00Z,53.1,75,5.4
0060,2025-10-02T07:00:00Z,52.9,73,5.6
0060,2025-10-02T08:00:00Z,53.1,69,5.8
0060,2025-10-02T09:00:00Z,52.5,68,6.6
0060,2025-10-02T10:00:00Z,52.2,67,6.8
0060,2025-10-02T11:00:00Z,54.3,60,6.4
0060,2025-10-02T12:00:00Z,57.4,54,5.8
0060,2025-10-02T13:00:00Z,62.4,46,6.2
0060,2025-10-02T14:00:00Z,67.5,37,7.8
0060,2025-10-02T15:00:00Z,71.2,32,4.9
0060,2025-10-02T16:00:00Z,73.9,29,2.3
0060,2025-10-02T17:00:00Z,71.1,42,8.2
0060,2025-10-02T18:00:00Z,70.7,46,8.4
0060,2025-10-02T19:00:00Z,71.4,41,7.2
0060,2025-10-02T20:00:00Z,71.2,42,7.6
0060,2025-10-02T21:00:00Z,69.4,57,6
0060,2025-10-02T22:00:00Z,68.9,52,3.3
0060,2025-10-02T23:00:00Z,67.6,40,1.6
0060,2025-10-03T00:00:00Z,66,41,2.5
0060,2025-10-03T01:00:00Z,64.4,45,4.3
0060,2025-10-03T02:00:00Z,63.3,47,3.5
0060,2025-10-03T03:00:00Z,61.7,53,3.9
0060,2025-10-03T04:00:00Z,61,58,4.7
0060,2025-10-03T05:00:00Z,59.7,65,4.1
0060,2025-10-03T06:00:00Z,58.5,69,3.1
0060,2025-10-03T07:00:00Z,57.4,71,4.1
0060,2025-10-03T08:00:00Z,56.8,71,5
0060,2025-10-03T09:00:00Z,56.3,72,5
0060,2025-10-03T10:00:00Z,56.5,74,4.3
0060,2025-10-03T11:00:00Z,58.6,71,5.6
0060,2025-10-03T12:00:00Z,62.6,64,5.6
0060,2025-10-03T13:00:00Z,68,55,5.4
0060,2025-10-03T14:00:00Z,73.2,46,5
0060,2025-10-03T15:00:00Z,76.8,38,2.9
0060,2025-10-03T16:00:00Z,77.5,37,4.3
0060,2025-10-03T17:00:00Z,75.4,48,6.6
0060,2025-10-03T18:00:00Z,74.7,51,5.8
0060,2025-10-03T19:00:00Z,74.5,48,5.6
0060,2025-10-03T20:00:00Z,74.1,44,4.9
0060,2025-10-03T21:00:00Z,74.1,44,2.3
0060,2025-10-03T22:00:00Z,71.6,50,1.2
0060,2025-10-03T23:00:00Z,68.4,61,0.6
0060,2025-10-04T00:00:00Z,67.1,61,2.3
0060,2025-10-04T01:00:00Z,64.9,66,2.9
0060,2025-10-04T02:00:00Z,63.3,72,3.9
0060,2025-10-04T03:00:00Z,62.8,71,3.9
0060,2025-10-04T04:00:00Z,61.9,72,4.1
0060,2025-10-04T05:00:00Z,61,74,4.1
0060,2025-10-04T06:00:00Z,59.9,78,4.7
0060,2025-10-04T07:00:00Z,59.4,80,4.5
0060,2025-10-04T08:00:00Z,58.8,81,4.1
0060,2025-10-04T09:00:00Z,58.1,83,4.5
0060,2025-10-04T10:00:00Z,58.1,83,4.5
0060,2025-10-04T11:00:00Z,59.7,79,5.6
0060,2025-10-04T12:00:00Z,64.2,68,5.6
0060,2025-10-04T13:00:00Z,70.3,56,5.2
0060,2025-10-04T14:00:00Z,76.1,46,4.7
0060,2025-10-04T15:00:00Z,81.7,33,3.9
0060,2025-10-04T16:00:00Z,84.9,26,3.5
0060,2025-10-04T17:00:00Z,84.7,28,3.1
0060,2025-10-04T18:00:00Z,82.2,34,5.4
0060,2025-10-04T19:00:00Z,81.9,32,5.2
0060,2025-10-04T20:00:00Z,82.4,31,4.5
0060,2025-10-04T21:00:00Z,81.3,32,3.7
0060,2025-10-04T22:00:00Z,78.6,37,2.9
0060,2025-10-04T23:00:00Z,76.3,42,3.9
0060,2025-10-05T00:00:00Z,73.4,49,3.7
0060,2025-10-05T01:00:00Z,70.7,55,5.4
0060,2025-10-05T02:00:00Z,69.1,58,6
0060,2025-10-05T03:00:00Z,68.4,59,6.4
0060,2025-10-05T04:00:00Z,67.1,62,7.6
0060,2025-10-05T05:00:00Z,65.8,65,6.8
0060,2025-10-05T06:00:00Z,64.6,68,5.2
0060,2025-10-05T07:00:00Z,63.5,71,4.1
0060,2025-10-05T08:00:00Z,62.2,74,3.7
0060,2025-10-05T09:00:00Z,61.5,75,4.3
0060,2025-10-05T10:00:00Z,60.8,77,4.7
0060,2025-10-05T11:00:00Z,62.8,71,4.7
0060,2025-10-05T12:00:00Z,67.3,60,5
0060,2025-10-05T13:00:00Z,72.9,50,5.6
0060,2025-10-05T14:00:00Z,77.9,40,4.9
0060,2025-10-05T15:00:00Z,81,33,5.4
0060,2025-10-05T16:00:00Z,82.6,30,4.5
0060,2025-10-05T17:00:00Z,83.7,29,3.5
0060,2025-10-05T18:00:00Z,84,27,5.8
0060,2025-10-05T19:00:00Z,83.7,24,7
0060,2025-10-05T20:00:00Z,82.9,23,8
0060,2025-10-05T21:00:00Z,80.4,24,6.4
0060,2025-10-05T22:00:00Z,76.5,32,3.9
0060,2025-10-05T23:00:00Z,73.6,38,3.9
0060,2025-10-06T00:00:00Z,70.5,44,5.6
0060,2025-10-06T01:00:00Z,68.5,48,5.6
0060,2025-10-06T02:00:00Z,66.7,53,5.2
0060,2025-10-06T03:00:00Z,65.3,57,4.9
0060,2025-10-06T04:00:00Z,63.7,64,3.5
0060,2025-10-06T05:00:00Z,62.8,66,3.9
0060,2025-10-06T06:00:00Z,61.7,68,2.7
0060,2025-10-06T07:00:00Z,61.2,70,3.5
0060,2025-10-06T08:00:00Z,60.4,71,3.9
0060,2025-10-06T09:00:00Z,60.3,73,4.7
0060,2025-10-06T10:00:00Z,60.8,71,5
0060,2025-10-06T11:00:00Z,62.4,66,4.9
0060,2025-10-06T12:00:00Z,66.7,56,5.4
0060,2025-10-06T13:00:00Z,73.2,45,5.8
0060,2025-10-06T14:00:00Z,78.8,35,7.4
0060,2025-10-06T15:00:00Z,81.3,33,6.4
0060,2025-10-06T16:00:00Z,82.8,31,6.2
0060,2025-10-06T17:00:00Z,83.5,31,6.4
0060,2025-10-06T18:00:00Z,84.2,30,7
0060,2025-10-06T19:00:00Z,83.5,32,7.4
0060,2025-10-06T20:00:00Z,81.3,36,8
0060,2025-10-06T21:00:00Z,79.7,41,6.8
0060,2025-10-06T22:00:00Z,78.1,46,5.8
0060,2025-10-06T23:00:00Z,76.3,51,6.2
0060,2025-10-07T00:00:00Z,75,55,6.4
0060,2025-10-07T01:00:00Z,74.5,56,7.6
0060,2025-10-07T02:00:00Z,73.6,60,8
0060,2025-10-07T03:00:00Z,72.7,62,7.2
0060,2025-10-07T04:00:00Z,71.8,64,5.8
0060,2025-10-07T05:00:00Z,71.6,65,5.6
0060,2025-10-07T06:00:00Z,70.9,68,4.9
0060,2025-10-07T07:00:00Z,69.6,74,5
0060,2025-10-07T08:00:00Z,67.1,85,6.8
0060,2025-10-07T09:00:00Z,65.7,92,4.7
0060,2025-10-07T10:00:00Z,66,91,5.4
0060,2025-10-07T11:00:00Z,66.6,88,6.4
0060,2025-10-07T12:00:00Z,66.9,88,5.6
0060,2025-10-07T13:00:00Z,66.9,90,5.8
0060,2025-10-07T14:00:00Z,67.6,89,5.4
0060,2025-10-07T15:00:00Z,68.7,86,4.7
0060,2025-10-07T16:00:00Z,68.9,86,5
0060,2025-10-07T17:00:00Z,69.3,84,6.4
0060,2025-10-07T18:00:00Z,69.3,81,6.2
0060,2025-10-07T19:00:00Z,68.9,82,5.6
0060,2025-10-07T20:00:00Z,66.7,86,8.2
0060,2025-10-07T21:00:00Z,63.5,91,9.7
0060,2025-10-07T22:00:00Z,61.9,87,11.1
0060,2025-10-07T23:00:00Z,59.7,86,10.9
0060,2025-10-08T00:00:00Z,60.4,77,10.9
0060,2025-10-08T01:00:00Z,60.8,67,10.5
0060,2025-10-08T02:00:00Z,59,70,12.2
0060,2025-10-08T03:00:00Z,59,62,10.9
0060,2025-10-08T04:00:00Z,60.1,50,9.1
0060,2025-10-08T05:00:00Z,60.4,54,11.8
0060,2025-10-08T06:00:00Z,60.3,59,11.3
0060,2025-10-08T07:00:00Z,59.9,62,10.7
0060,2025-10-08T08:00:00Z,59.5,66,10.3
0060,2025-10-08T09:00:00Z,59.4,67,8.9
0060,2025-10-08T10:00:00Z,59.4,66,9.1
0060,2025-10-08T11:00:00Z,59.7,62,8.7
0060,2025-10-08T12:00:00Z,60.6,58,8.5
0060,2025-10-08T13:00:00Z,60.8,60,9.5
0060,2025-10-08T14:00:00Z,60.4,62,9.3
0060,2025-10-08T15:00:00Z,60.4,59,9.5
0060,2025-10-08T16:00:00Z,60.6,53,9.7
0060,2025-10-08T17:00:00Z,60.6,51,9.5
0060,2025-10-08T18:00:00Z,60.1,47,8.9
0060,2025-10-08T19:00:00Z,60.4,41,8.2
0060,2025-10-08T20:00:00Z,60.6,43,7.6
0060,2025-10-08T21:00:00Z,59.4,47,6.6
0060,2025-10-08T22:00:00Z,58.3,51,8.4
0060,2025-10-08T23:00:00Z,57,51,8.7
0060,2025-10-09T00:00:00Z,55.9,55,9.7
0060,2025-10-09T01:00:00Z,55,53,8
0060,2025-10-09T02:00:00Z,54.9,56,6.8
0060,2025-10-09T03:00:00Z,54.9,60,5.6
0060,2025-10-09T04:00:00Z,55,62,5
0060,2025-10-09T05:00:00Z,54.3,63,5.2
0060,2025-10-09T06:00:00Z,53.1,64,6.6
0060,2025-10-09T07:00:00Z,51.4,68,5
0060,2025-10-09T08:00:00Z,50.7,69,4.5
0060,2025-10-09T09:00:00Z,50.5,67,3.7
0060,2025-10-09T10:00:00Z,49.1,71,4.5
0060,2025-10-09T11:00:00Z,50.2,67,4.1
0060,2025-10-09T12:00:00Z,53.1,58,5
0060,2025-10-09T13:00:00Z,55.4,52,5.8
0060,2025-10-09T14:00:00Z,56.7,46,4.9
0060,2025-10-09T15:00:00Z,57.9,44,4.9
0060,2025-10-09T16:00:00Z,58.6,45,4.3
0060,2025-10-09T17:00:00Z,58.3,49,8
0060,2025-10-09T18:00:00Z,58.6,52,9.3
0060,2025-10-09T19:00:00Z,58.3,53,10.3
0060,2025-10-09T20:00:00Z,57.6,54,10.1
0060,2025-10-09T21:00:00Z,56.7,53,7.2
0060,2025-10-09T22:00:00Z,54.3,58,7.6
0060,2025-10-09T23:00:00Z,52.9,59,6.4
0060,2025-10-10T00:00:00Z,51.6,61,4.3
0060,2025-10-10T01:00:00Z,49.5,65,2.3
0060,2025-10-10T02:00:00Z,48.7,66,3.1
0060,2025-10-10T03:00:00Z,47.7,71,4.5
0060,2025-10-10T04:00:00Z,46.6,75,5
0060,2025-10-10T05:00:00Z,45.7,77,3.7
0060,2025-10-10T06:00:00Z,45,80,3.7
0060,2025-10-10T07:00:00Z,44.2,83,5.2
0060,2025-10-10T08:00:00Z,43.5,85,5
0060,2025-10-10T09:00:00Z,43,87,6.2
0060,2025-10-10T10:00:00Z,42.1,89,5.2
0060,2025-10-10T11:00:00Z,44.2,81,7.2
0060,2025-10-10T12:00:00Z,47.3,74,7.6
0060,2025-10-10T13:00:00Z,52.7,64,5.6
0060,2025-10-10T14:00:00Z,58.8,50,5
0060,2025-10-10T15:00:00Z,61.2,43,8.4
0060,2025-10-10T16:00:00Z,64,40,8.4
0060,2025-10-10T17:00:00Z,66.4,35,8.9
0060,2025-10-10T18:00:00Z,67.8,33,7.8
0060,2025-10-10T19:00:00Z,68.2,31,8.9
0060,2025-10-10T20:00:00Z,67.6,32,8.2
0060,2025-10-10T21:00:00Z,66,34,6.8
0060,2025-10-10T22:00:00Z,63.5,40,4.9
0060,2025-10-10T23:00:00Z,61.9,42,7.4
0060,2025-10-11T00:00:00Z,61,45,6.6
0060,2025-10-11T01:00:00Z,58.1,55,5
0060,2025-10-11T02:00:00Z,57.2,57,3.7
0060,2025-10-11T03:00:00Z,57.9,58,3.3
0060,2025-10-11T04:00:00Z,58.8,58,5
0060,2025-10-11T05:00:00Z,57.4,66,3.3
0060,2025-10-11T06:00:00Z,57.9,64,3.7
0060,2025-10-11T07:00:00Z,57.6,64,2.9
0060,2025-10-11T08:00:00Z,57.2,63,2.3
0060,2025-10-11T09:00:00Z,57.6,61,2.9
0060,2025-10-11T10:00:00Z,57.7,68,2.3
0060,2025-10-11T11:00:00Z,58.5,70,6
0060,2025-10-11T12:00:00Z,58.8,63,6.6
0060,2025-10-11T13:00:00Z,59.5,62,6.4
0060,2025-10-11T14:00:00Z,59.7,62,6.6
0060,2025-10-11T15:00:00Z,60.3,61,5.4
0060,2025-10-11T16:00:00Z,60.3,60,5.4
0060,2025-10-11T17:00:00Z,60.6,60,6
0060,2025-10-11T18:00:00Z,60.4,64,7.6
0060,2025-10-11T19:00:00Z,60.4,62,6.2
0060,2025-10-11T20:00:00Z,60.1,61,5.4
0060,2025-10-11T21:00:00Z,59.4,64,4.1
0060,2025-10-11T22:00:00Z,59.4,66,3.7
0060,2025-10-11T23:00:00Z,59.4,67,4.1
0060,2025-10-12T00:00:00Z,58.5,70,3.7
0060,2025-10-12T01:00:00Z,57,74,3.1
0060,2025-10-12T02:00:00Z,55.2,78,2.5
0060,2025-10-12T03:00:00Z,53.8,81,2.3
0060,2025-10-12T04:00:00Z,52.5,85,1
0060,2025-10-12T05:00:00Z,51.6,88,0.6
0060,2025-10-12T06:00:00Z,51.6,88,1.2
0060,2025-10-12T07:00:00Z,52.3,85,3.1
0060,2025-10-12T08:00:00Z,51.6,85,3.7
0060,2025-10-12T09:00:00Z,51.4,85,4.1
0060,2025-10-12T10:00:00Z,50.5,87,2.5
0060,2025-10-12T11:00:00Z,50.7,84,3.1
0060,2025-10-12T12:00:00Z,54.9,77,4.5
0060,2025-10-12T13:00:00Z,60.6,68,6.6
0060,2025-10-12T14:00:00Z,64.4,60,4.1
0060,2025-10-12T15:00:00Z,64.4,63,4.5
0060,2025-10-12T16:00:00Z,62.4,75,9.1
0060,2025-10-12T17:00:00Z,63.9,72,7.6
0060,2025-10-12T18:00:00Z,65.8,64,5.4
0060,2025-10-12T19:00:00Z,69.4,53,7.2
0060,2025-10-12T20:00:00Z,67.5,57,8.4
0060,2025-10-12T21:00:00Z,65.8,61,6
0060,2025-10-12T22:00:00Z,63.9,64,3.7
0060,2025-10-12T23:00:00Z,62.6,69,3.9
0060,2025-10-13T00:00:00Z,61.3,73,4.1
0060,2025-10-13T01:00:00Z,61.3,75,4.3
0060,2025-10-13T02:00:00Z,59.7,82,1.6
0060,2025-10-13T03:00:00Z,57.4,88,1.4
0060,2025-10-13T04:00:00Z,56.1,91,1.7
0060,2025-10-13T05:00:00Z,54.3,94,2.3
0060,2025-10-13T06:00:00Z,53.8,95,1.9
0060,2025-10-13T07:00:00Z,53.8,93,4.7
0060,2025-10-13T08:00:00Z,54,90,4.1
0060,2025-10-13T09:00:00Z,53.6,89,3.9
0060,2025-10-13T10:00:00Z,52.9,87,2.5
0060,2025-10-13T11:00:00Z,55.2,77,2.5
0060,2025-10-13T12:00:00Z,59,63,1.4
0060,2025-10-13T13:00:00Z,62.2,57,1.7
0060,2025-10-13T14:00:00Z,62.6,61,6.2
0060,2025-10-13T15:00:00Z,63.3,62,7.8
0060,2025-10-13T16:00:00Z,64.2,62,9.1
0060,2025-10-13T17:00:00Z,64.2,67,10.9
0060,2025-10-13T18:00:00Z,64,67,9.9
0060,2025-10-13T19:00:00Z,64,66,9.3
0060,2025-10-13T20:00:00Z,63.3,71,8.9
0060,2025-10-13T21:00:00Z,62.1,74,7
0060,2025-10-13T22:00:00Z,61.2,76,5.2
0060,2025-10-13T23:00:00Z,60.3,79,3.7
0060,2025-10-14T00:00:00Z,59.5,81,2.3
0060,2025-10-14T01:00:00Z,59.5,81,3.1
0060,2025-10-14T02:00:00Z,59.9,79,4.9
0060,2025-10-14T03:00:00Z,58.6,80,3.5
0060,2025-10-14T04:00:00Z,57.7,82,2.1
0060,2025-10-14T05:00:00Z,58.5,81,2.7
0060,2025-10-14T06:00:00Z,60.1,81,4.9
0060,2025-10-14T07:00:00Z,60.3,78,4.5
0060,2025-10-14T08:00:00Z,59,82,3.3
0060,2025-10-14T09:00:00Z,57.9,85,2.9
0060,2025-10-14T10:00:00Z,57.6,85,3.1
0060,2025-10-14T11:00:00Z,59.2,77,3.9
0060,2025-10-14T12:00:00Z,60.8,70,4.7
0060,2025-10-14T13:00:00Z,62.1,68,5.6
0060,2025-10-14T14:00:00Z,63.1,67,7.8
0060,2025-10-14T15:00:00Z,63.7,67,7.8
0060,2025-10-14T16:00:00Z,63.9,65,8
0060,2025-10-14T17:00:00Z,64.2,65,7.4
0060,2025-10-14T18:00:00Z,64.2,66,7.4
0060,2025-10-14T19:00:00Z,64.4,65,5.6
0060,2025-10-14T20:00:00Z,65.3,63,4.1
0060,2025-10-14T21:00:00Z,63.3,69,4.7
0060,2025-10-14T22:00:00Z,63.1,72,3.7
0060,2025-10-14T23:00:00Z,63.3,74,5
0060,2025-10-15T00:00:00Z,62.8,71,8.5
0060,2025-10-15T01:00:00Z,61.7,70,9.3
0060,2025-10-15T02:00:00Z,60.1,64,9.5
0060,2025-10-15T03:00:00Z,59.7,62,8.5
0060,2025-10-15T04:00:00Z,58.6,69,9.1
0060,2025-10-15T05:00:00Z,57.4,72,9.3
0060,2025-10-15T06:00:00Z,57.2,71,7.6
0060,2025-10-15T07:00:00Z,57,71,8
0060,2025-10-15T08:00:00Z,57.4,73,7.6
0060,2025-10-15T09:00:00Z,57.6,72,7.2
0060,2025-10-15T10:00:00Z,57.9,71,6.6
0060,2025-10-15T11:00:00Z,58.6,71,6.6
0060,2025-10-15T12:00:00Z,59,63,7
0060,2025-10-15T13:00:00Z,59,64,7
0060,2025-10-15T14:00:00Z,59.4,64,7.4
0060,2025-10-15T15:00:00Z,59.4,66,7.8
0060,2025-10-15T16:00:00Z,59,69,8.2
0060,2025-10-15T17:00:00Z,59.4,67,8.4
0060,2025-10-15T18:00:00Z,59.2,57,7.6
0060,2025-10-15T19:00:00Z,59.2,57,7.8
0060,2025-10-15T20:00:00Z,59,58,7.4
0060,2025-10-15T21:00:00Z,58.5,57,6
0060,2025-10-15T22:00:00Z,58.3,56,7.4
0060,2025-10-15T23:00:00Z,57.2,54,8.7
0060,2025-10-16T00:00:00Z,56.3,57,7.8
0060,2025-10-16T01:00:00Z,55.2,65,7.6
0060,2025-10-16T02:00:00Z,54.7,68,8.2
0060,2025-10-16T03:00:00Z,54.5,71,8
0060,2025-10-16T04:00:00Z,54.5,69,6.2
0060,2025-10-16T05:00:00Z,54.9,66,7
0060,2025-10-16T06:00:00Z,54.1,67,6.2
0060,2025-10-16T07:00:00Z,53.4,68,6
0060,2025-10-16T08:00:00Z,52.9,65,7
0060,2025-10-16T09:00:00Z,52.9,63,6.4
0060,2025-10-16T10:00:00Z,52,66,4.7
0060,2025-10-16T11:00:00Z,51.8,65,4.7
0060,2025-10-16T12:00:00Z,53.2,54,5.2
0060,2025-10-16T13:00:00Z,54.7,49,7.6
0060,2025-10-16T14:00:00Z,55.4,47,7.4
0060,2025-10-16T15:00:00Z,55.8,47,7.2
0060,2025-10-16T16:00:00Z,56.1,47,8.2
0060,2025-10-16T17:00:00Z,56.3,49,8.2
0060,2025-10-16T18:00:00Z,55.9,51,8.4
0060,2025-10-16T19:00:00Z,55.8,51,7.4
0060,2025-10-16T20:00:00Z,56.1,48,4.7
0060,2025-10-16T21:00:00Z,55,52,3.5
0060,2025-10-16T22:00:00Z,53.4,57,1.4
0060,2025-10-16T23:00:00Z,52.7,58,1.2
0060,2025-10-17T00:00:00Z,50.2,66,1.9
0060,2025-10-17T01:00:00Z,47.8,73,2.9
0060,2025-10-17T02:00:00Z,46.2,79,2.9
0060,2025-10-17T03:00:00Z,44.8,82,3.3
0060,2025-10-17T04:00:00Z,43.3,87,3.9
0060,2025-10-17T05:00:00Z,42.6,89,3.5
0060,2025-10-17T06:00:00Z,42.1,87,4.3
0060,2025-10-17T07:00:00Z,41.7,88,3.9
0060,2025-10-17T08:00:00Z,41.4,89,3.7
0060,2025-10-17T09:00:00Z,41.4,86,4.9
0060,2025-10-17T10:00:00Z,41.7,84,4.5
0060,2025-10-17T11:00:00Z,44.2,75,3.7
0060,2025-10-17T12:00:00Z,48.9,63,5
0060,2025-10-17T13:00:00Z,54.9,52,5.4
0060,2025-10-17T14:00:00Z,60.1,40,7
0060,2025-10-17T15:00:00Z,62.1,37,6.6
0060,2025-10-17T16:00:00Z,63.1,37,7.6
0060,2025-10-17T17:00:00Z,65.8,32,4.9
0060,2025-10-17T18:00:00Z,66.9,31,4.7
0060,2025-10-17T19:00:00Z,66.6,32,4.3
0060,2025-10-17T20:00:00Z,65.1,34,5.4
0060,2025-10-17T21:00:00Z,63,39,4.7
0060,2025-10-17T22:00:00Z,61.3,44,5.4
0060,2025-10-17T23:00:00Z,59.4,49,5.6
0060,2025-10-18T00:00:00Z,58.1,52,6.6
0060,2025-10-18T01:00:00Z,56.8,56,7.4
0060,2025-10-18T02:00:00Z,55.8,57,6.4
0060,2025-10-18T03:00:00Z,55.8,56,5.6
0060,2025-10-18T04:00:00Z,55.9,53,8.2
0060,2025-10-18T05:00:00Z,55.9,53,8.2
0060,2025-10-18T06:00:00Z,56.1,52,7.6
0060,2025-10-18T07:00:00Z,54.5,65,5.4
0060,2025-10-18T08:00:00Z,53.2,74,7.4
0060,2025-10-18T09:00:00Z,53.4,70,9.7
0060,2025-10-18T10:00:00Z,54,66,9.5
0060,2025-10-18T11:00:00Z,54.7,64,9.3
0060,2025-10-18T12:00:00Z,58.3,55,8.7
0060,2025-10-18T13:00:00Z,64.8,46,6.4
0060,2025-10-18T14:00:00Z,69.4,43,8.4
0060,2025-10-18T15:00:00Z,73.4,42,8.4
0060,2025-10-18T16:00:00Z,76.8,39,8.4
0060,2025-10-18T17:00:00Z,78.8,37,8.4
0060,2025-10-18T18:00:00Z,79,38,9.1
0060,2025-10-18T19:00:00Z,78.4,40,9.9
0060,2025-10-18T20:00:00Z,77.4,43,8.7
0060,2025-10-18T21:00:00Z,75.2,48,8.5
0060,2025-10-18T22:00:00Z,73.4,52,8.5
0060,2025-10-18T23:00:00Z,72,56,8
0060,2025-10-19T00:00:00Z,71.2,58,9.1
0060,2025-10-19T01:00:00Z,70,61,9.1
0060,2025-10-19T02:00:00Z,69.4,62,8.7
0060,2025-10-19T03:00:00Z,69.4,63,8.5
0060,2025-10-19T04:00:00Z,69.8,62,8.9
0060,2025-10-19T05:00:00Z,70.3,61,10.1
0060,2025-10-19T06:00:00Z,69.3,63,9.7
0060,2025-10-19T07:00:00Z,69.1,64,10.9
0060,2025-10-19T08:00:00Z,69.4,64,9.9
0060,2025-10-19T09:00:00Z,70.3,62,11.8
0060,2025-10-19T10:00:00Z,70.9,59,13.2
0060,2025-10-19T11:00:00Z,70.9,59,13.2
0060,2025-10-19T12:00:00Z,70.9,60,12.6
0060,2025-10-19T13:00:00Z,68.5,70,11.7
0060,2025-10-19T14:00:00Z,66.4,78,9.9
0060,2025-10-19T15:00:00Z,63,91,10.7
0060,2025-10-19T16:00:00Z,61.9,89,8.9
0060,2025-10-19T17:00:00Z,59,89,7.4
0060,2025-10-19T18:00:00Z,58.8,88,8.4
0060,2025-10-19T19:00:00Z,58.5,88,8.2
0060,2025-10-19T20:00:00Z,58.1,86,7.4
0060,2025-10-19T21:00:00Z,56.8,91,8.7
0060,2025-10-19T22:00:00Z,55.2,93,9.5
0060,2025-10-19T23:00:00Z,54.1,87,10.1
0060,2025-10-20T00:00:00Z,54,85,8.5
0060,2025-10-20T01:00:00Z,53.1,85,10.1
0060,2025-10-20T02:00:00Z,52,85,11.5
0060,2025-10-20T03:00:00Z,52.3,77,9.5
0060,2025-10-20T04:00:00Z,54,69,8.5
0060,2025-10-20T05:00:00Z,54.9,59,8.4
0060,2025-10-20T06:00:00Z,54.7,62,8
0060,2025-10-20T07:00:00Z,52.2,77,5
0060,2025-10-20T08:00:00Z,54,61,8
0060,2025-10-20T09:00:00Z,53.6,60,7.8
0060,2025-10-20T10:00:00Z,53.2,61,10.5
0060,2025-10-20T11:00:00Z,51.4,72,6.8
0060,2025-10-20T12:00:00Z,51.6,75,6.2
0060,2025-10-20T13:00:00Z,52.5,73,7
0060,2025-10-20T14:00:00Z,53.4,69,8.5
0060,2025-10-20T15:00:00Z,54.3,61,9.7
0060,2025-10-20T16:00:00Z,55.4,55,10.3
0060,2025-10-20T17:00:00Z,56.1,54,10.5
0060,2025-10-20T18:00:00Z,57,50,9.1
0060,2025-10-20T19:00:00Z,57.6,48,8.2
0060,2025-10-20T20:00:00Z,58.6,49,4.5
0060,2025-10-20T21:00:00Z,57.7,49,3.3
0060,2025-10-20T22:00:00Z,54.9,55,2.9
0060,2025-10-20T23:00:00Z,52.9,62,2.9
0060,2025-10-21T00:00:00Z,50.9,68,4.9
0060,2025-10-21T01:00:00Z,49.8,70,6.8
0060,2025-10-21T02:00:00Z,48.9,73,7.4
0060,2025-10-21T03:00:00Z,48.4,75,7.6
0060,2025-10-21T04:00:00Z,48,74,8.2
0060,2025-10-21T05:00:00Z,47.8,73,8.4
0060,2025-10-21T06:00:00Z,47.8,72,9.7
0060,2025-10-21T07:00:00Z,47.3,73,11.3
0060,2025-10-21T08:00:00Z,48.4,71,9.3
0060,2025-10-21T09:00:00Z,50.9,65,7.6
0060,2025-10-21T10:00:00Z,51.3,70,7
0060,2025-10-21T11:00:00Z,48.6,88,7.2
0060,2025-10-21T12:00:00Z,50.2,85,6.8
0060,2025-10-21T13:00:00Z,54.3,73,8.5
0060,2025-10-21T14:00:00Z,55.8,71,6.8
0060,2025-10-21T15:00:00Z,57.9,62,7.8
0060,2025-10-21T16:00:00Z,58.8,54,8.5
0060,2025-10-21T17:00:00Z,60.3,46,8.2
0060,2025-10-21T18:00:00Z,61.9,38,7
0060,2025-10-21T19:00:00Z,62.1,36,8.5
0060,2025-10-21T20:00:00Z,61.7,35,9.1
0060,2025-10-21T21:00:00Z,58.1,49,8
0060,2025-10-21T22:00:00Z,51.3,78,13.2
0060,2025-10-21T23:00:00Z,48.9,86,6.6
0060,2025-10-22T00:00:00Z,49.1,86,6.6
0060,2025-10-22T01:00:00Z,48.6,86,6
0060,2025-10-22T02:00:00Z,48.6,80,7.6
0060,2025-10-22T03:00:00Z,48.2,71,8.7
0060,2025-10-22T04:00:00Z,47.1,74,7.8
0060,2025-10-22T05:00:00Z,46.9,74,8
0060,2025-10-22T06:00:00Z,47.5,73,9.3
0060,2025-10-22T07:00:00Z,47.3,73,9.7
0060,2025-10-22T08:00:00Z,46.6,76,10.1
0060,2025-10-22T09:00:00Z,46.6,76,9.3
0060,2025-10-22T10:00:00Z,46.2,76,9.9
0060,2025-10-22T11:00:00Z,46.6,76,10.7
0060,2025-10-22T12:00:00Z,47.5,73,12.6
0060,2025-10-22T13:00:00Z,47.8,72,11.5
0060,2025-10-22T14:00:00Z,48.2,72,12.6
0060,2025-10-22T15:00:00Z,46.8,81,11.7
0060,2025-10-22T16:00:00Z,46.6,83,11.7
0060,2025-10-22T17:00:00Z,46.9,83,12.6
0060,2025-10-22T18:00:00Z,48.2,77,13.4
0060,2025-10-22T19:00:00Z,48.9,73,12.4
0060,2025-10-22T20:00:00Z,48.6,73,13.2
0060,2025-10-22T21:00:00Z,47.8,77,11.8
0060,2025-10-22T22:00:00Z,47.5,78,13.6
0060,2025-10-22T23:00:00Z,47.3,79,12.8
0060,2025-10-23T00:00:00Z,47.3,78,11.3
0060,2025-10-23T01:00:00Z,46.6,80,11.7
0060,2025-10-23T02:00:00Z,46.2,81,11.7
0060,2025-10-23T03:00:00Z,46.4,79,10.7
0060,2025-10-23T04:00:00Z,46,81,9.9
0060,2025-10-23T05:00:00Z,45.5,82,9.5
0060,2025-10-23T06:00:00Z,45.1,83,8.9
0060,2025-10-23T07:00:00Z,45.3,82,8.5
0060,2025-10-23T08:00:00Z,45.5,81,8.5
0060,2025-10-23T09:00:00Z,45,84,8.7
0060,2025-10-23T10:00:00Z,43.9,91,7.2
0060,2025-10-23T11:00:00Z,43.7,94,8
0060,2025-10-23T12:00:00Z,43.9,95,8.7
0060,2025-10-23T13:00:00Z,44.1,96,7.8
0060,2025-10-23T14:00:00Z,44.8,93,6
0060,2025-10-23T15:00:00Z,46.4,89,7.6
0060,2025-10-23T16:00:00Z,48.9,76,9.9
0060,2025-10-23T17:00:00Z,45.7,84,8.7
0060,2025-10-23T18:00:00Z,48.4,77,7
0060,2025-10-23T19:00:00Z,51.3,64,9.1
0060,2025-10-23T20:00:00Z,50.2,64,8.7
0060,2025-10-23T21:00:00Z,47.8,76,5.4
0060,2025-10-23T22:00:00Z,46.6,77,5.2
0060,2025-10-23T23:00:00Z,45.9,83,5.4
0060,2025-10-24T00:00:00Z,44.4,92,4.3
0060,2025-10-24T01:00:00Z,44.8,90,7
0060,2025-10-24T02:00:00Z,44.1,92,4.3
0060,2025-10-24T03:00:00Z,43.5,96,4.3
0060,2025-10-24T04:00:00Z,43.2,98,4.1
0060,2025-10-24T05:00:00Z,43.7,96,3.9
0060,2025-10-24T06:00:00Z,43.9,93,3.3
0060,2025-10-24T07:00:00Z,43.5,93,4.3
0060,2025-10-24T08:00:00Z,45.1,82,4.1
0060,2025-10-24T09:00:00Z,47.8,66,5.4
0060,2025-10-24T10:00:00Z,47.7,68,4.7
0060,2025-10-24T11:00:00Z,46.2,76,3.5
0060,2025-10-24T12:00:00Z,44.4,88,4.9
0060,2025-10-24T13:00:00Z,44.4,88,5
0060,2025-10-24T14:00:00Z,43.9,91,5.4
0060,2025-10-24T15:00:00Z,44.1,90,5
0060,2025-10-24T16:00:00Z,45.1,86,4.3
0060,2025-10-24T17:00:00Z,45.7,83,4.1
0060,2025-10-24T18:00:00Z,47.8,74,5.8
0060,2025-10-24T19:00:00Z,49.1,64,7
0060,2025-10-24T20:00:00Z,49.5,61,6.6
0060,2025-10-24T21:00:00Z,48.7,65,3.7
0060,2025-10-24T22:00:00Z,47.7,74,2.3
0060,2025-10-24T23:00:00Z,47.1,77,2.1
0060,2025-10-25T00:00:00Z,47.1,77,2.5
0060,2025-10-25T01:00:00Z,46.9,77,3.5
0060,2025-10-25T02:00:00Z,46.8,77,1.7
0060,2025-10-25T03:00:00Z,46.6,76,2.1
0060,2025-10-25T04:00:00Z,46.4,77,3.7
0060,2025-10-25T05:00:00Z,44.8,87,4.5
0060,2025-10-25T06:00:00Z,44.4,89,3.5
0060,2025-10-25T07:00:00Z,44.6,88,1.7
0060,2025-10-25T08:00:00Z,44.4,91,2.7
0060,2025-10-25T09:00:00Z,43.9,90,3.1
0060,2025-10-25T10:00:00Z,43,84,1.4
0060,2025-10-25T11:00:00Z,42.6,77,2.7
0060,2025-10-25T12:00:00Z,43.9,73,1.7
0060,2025-10-25T13:00:00Z,48.7,60,3.5
0060,2025-10-25T14:00:00Z,51.8,54,6
0060,2025-10-25T15:00:00Z,53.1,55,4.3
0060,2025-10-25T16:00:00Z,53.6,58,3.7
0060,2025-10-25T17:00:00Z,52.5,63,4.3
0060,2025-10-25T18:00:00Z,53.1,63,5.4
0060,2025-10-25T19:00:00Z,53.1,62,5.8
0060,2025-10-25T20:00:00Z,52.5,62,5.6
0060,2025-10-25T21:00:00Z,51.4,66,5.2
0060,2025-10-25T22:00:00Z,50,70,3.9
0060,2025-10-25T23:00:00Z,48.4,74,3.3
0060,2025-10-26T00:00:00Z,46.9,78,2.3
0060,2025-10-26T01:00:00Z,45.3,83,3.1
0060,2025-10-26T02:00:00Z,44.1,87,2.9
0060,2025-10-26T03:00:00Z,43.5,88,4.1
0060,2025-10-26T04:00:00Z,43.2,90,3.7
0060,2025-10-26T05:00:00Z,43.2,89,3.1
0060,2025-10-26T06:00:00Z,42.4,91,2.3
0060,2025-10-26T07:00:00Z,42.3,92,2.3
0060,2025-10-26T08:00:00Z,42.1,93,2.7
0060,2025-10-26T09:00:00Z,42.3,93,2.3
0060,2025-10-26T10:00:00Z,42.4,93,1.7
0060,2025-10-26T11:00:00Z,42.8,88,2.5
0060,2025-10-26T12:00:00Z,46.4,74,3.1
0060,2025-10-26T13:00:00Z,51.6,63,3.3
0060,2025-10-26T14:00:00Z,54,54,5.6
0060,2025-10-26T15:00:00Z,55,50,4.5
0060,2025-10-26T16:00:00Z,54.5,57,5.2
0060,2025-10-26T17:00:00Z,54.9,59,8.7
0060,2025-10-26T18:00:00Z,54.3,62,11.5
0060,2025-10-26T19:00:00Z,54.1,61,10.7
0060,2025-10-26T20:00:00Z,53.6,63,8.2
0060,2025-10-26T21:00:00Z,51.6,64,6.4
0060,2025-10-26T22:00:00Z,49.6,69,4.9
0060,2025-10-26T23:00:00Z,47.8,74,5.8
0060,2025-10-27T00:00:00Z,46.4,74,7
0060,2025-10-27T01:00:00Z,45.3,70,3.5
0060,2025-10-27T02:00:00Z,44.6,68,3.7
0060,2025-10-27T03:00:00Z,44.2,69,4.1
0060,2025-10-27T04:00:00Z,43,67,1.7
0060,2025-10-27T05:00:00Z,42.4,64,2.1
0060,2025-10-27T06:00:00Z,41.5,66,1.6
0060,2025-10-27T07:00:00Z,39,76,1.2
0060,2025-10-27T08:00:00Z,39.2,77,1
0060,2025-10-27T09:00:00Z,39.4,78,1.2
0060,2025-10-27T10:00:00Z,38.8,78,2.5
0060,2025-10-27T11:00:00Z,39.7,72,3.3
0060,2025-10-27T12:00:00Z,44.2,61,2.9
0060,2025-10-27T13:00:00Z,50.4,53,4.9
0060,2025-10-27T14:00:00Z,53.6,47,5.8
0060,2025-10-27T15:00:00Z,55.9,41,7.8
0060,2025-10-27T16:00:00Z,57.7,34,8.4
0060,2025-10-27T17:00:00Z,58.6,32,8.4
0060,2025-10-27T18:00:00Z,57,49,9.1
0060,2025-10-27T19:00:00Z,55.6,57,11.1
0060,2025-10-27T20:00:00Z,54.9,57,8.5
0060,2025-10-27T21:00:00Z,52.5,61,8
0060,2025-10-27T22:00:00Z,50.5,66,7.6
0060,2025-10-27T23:00:00Z,49.1,69,7.8
0060,2025-10-28T00:00:00Z,48.6,67,5.6
0060,2025-10-28T01:00:00Z,48,65,5.8
0060,2025-10-28T02:00:00Z,47.7,60,6
0060,2025-10-28T03:00:00Z,48.4,52,7.8
0060,2025-10-28T04:00:00Z,48.7,49,8.5
0060,2025-10-28T05:00:00Z,47.1,52,6.8
0060,2025-10-28T06:00:00Z,45.7,54,10.3
0060,2025-10-28T07:00:00Z,44.6,57,8.9
0060,2025-10-28T08:00:00Z,43.9,59,7.8
0060,2025-10-28T09:00:00Z,42.8,62,7.6
0060,2025-10-28T10:00:00Z,42.8,63,8.2
0060,2025-10-28T11:00:00Z,43.5,61,5.4
0060,2025-10-28T12:00:00Z,46.4,56,7
0060,2025-10-28T13:00:00Z,49.1,52,11.3
0060,2025-10-28T14:00:00Z,51.4,47,12
0060,2025-10-28T15:00:00Z,53.2,41,10.7
0060,2025-10-28T16:00:00Z,55.4,36,9.7
0060,2025-10-28T17:00:00Z,57,32,9.9
0060,2025-10-28T18:00:00Z,57.9,29,9.5
0060,2025-10-28T19:00:00Z,57.9,30,9.5
0060,2025-10-28T20:00:00Z,57.6,32,9.1
0060,2025-10-28T21:00:00Z,55,36,6.4
0060,2025-10-28T22:00:00Z,52,56,5.4
0060,2025-10-28T23:00:00Z,49.6,68,5.8
0060,2025-10-29T00:00:00Z,48.9,65,5
0060,2025-10-29T01:00:00Z,47.7,61,4.7
0060,2025-10-29T02:00:00Z,46.9,58,4.9
0060,2025-10-29T03:00:00Z,46.6,57,4.9
0060,2025-10-29T04:00:00Z,45.7,60,5
0060,2025-10-29T05:00:00Z,44.8,63,4.5
0060,2025-10-29T06:00:00Z,43,69,1.9
0060,2025-10-29T07:00:00Z,42.6,71,3.5
0060,2025-10-29T08:00:00Z,42.4,71,3.5
0060,2025-10-29T09:00:00Z,43.7,69,6.6
0060,2025-10-29T10:00:00Z,42.6,73,3.9
0060,2025-10-29T11:00:00Z,42.1,72,4.1
0060,2025-10-29T12:00:00Z,47.5,60,6.8
0060,2025-10-29T13:00:00Z,50.9,53,8.9
0060,2025-10-29T14:00:00Z,52.7,50,8.9
0060,2025-10-29T15:00:00Z,54,47,9.1
0060,2025-10-29T16:00:00Z,54.1,47,10.1
0060,2025-10-29T17:00:00Z,54.1,47,8.5
0060,2025-10-29T18:00:00Z,53.6,48,7.2
0060,2025-10-29T19:00:00Z,53.2,48,6.8
0060,2025-10-29T20:00:00Z,53.1,49,6
0060,2025-10-29T21:00:00Z,52.5,51,4.9
0060,2025-10-29T22:00:00Z,52,56,5
0060,2025-10-29T23:00:00Z,51.6,64,6
0060,2025-10-30T00:00:00Z,50.9,64,7.2
0060,2025-10-30T01:00:00Z,48.4,81,7
0060,2025-10-30T02:00:00Z,47.7,86,7
0060,2025-10-30T03:00:00Z,47.3,88,5.6
0060,2025-10-30T04:00:00Z,46.8,91,4.7
0060,2025-10-30T05:00:00Z,46.2,94,6.2
0060,2025-10-30T06:00:00Z,45.7,97,5
0060,2025-10-30T07:00:00Z,45.5,99,6
0060,2025-10-30T08:00:00Z,45.3,100,5.6
0060,2025-10-30T09:00:00Z,45.9,99,6.6
0060,2025-10-30T10:00:00Z,46.4,98,7.4
0060,2025-10-30T11:00:00Z,46.8,98,8.5
0060,2025-10-30T12:00:00Z,47.5,97,7.8
0060,2025-10-30T13:00:00Z,NA,NA,NA
0060,2025-10-30T14:00:00Z,49.3,97,8.4
0060,2025-10-30T15:00:00Z,49.6,97,8.9
0060,2025-10-30T16:00:00Z,49.1,99,14.2
0060,2025-10-30T17:00:00Z,48.4,98,17.1
0060,2025-10-30T18:00:00Z,48.6,96,15.7
0060,2025-10-30T19:00:00Z,48.9,95,14.4
0060,2025-10-30T20:00:00Z,48.6,92,15.1
0060,2025-10-30T21:00:00Z,48,88,13.8
0060,2025-10-30T22:00:00Z,47.8,85,11.8
0060,2025-10-30T23:00:00Z,47.1,87,13.6
0060,2025-10-31T00:00:00Z,47.3,85,14.6
0060,2025-10-31T01:00:00Z,47.5,83,12
0060,2025-10-31T02:00:00Z,47.8,84,10.5
0060,2025-10-31T03:00:00Z,49.3,76,8.9
0060,2025-10-31T04:00:00Z,49.5,67,8.5
0060,2025-10-31T05:00:00Z,48.7,69,7.4
0060,2025-10-31T06:00:00Z,48.6,64,7.4
0060,2025-10-31T07:00:00Z,48.6,65,9.1
0060,2025-10-31T08:00:00Z,48.2,71,10.1
0060,2025-10-31T09:00:00Z,44.4,85,6
0060,2025-10-31T10:00:00Z,41.4,92,4.7
0060,2025-10-31T11:00:00Z,42.1,90,5.6
0060,2025-10-31T12:00:00Z,44.8,85,7.8
0060,2025-10-31T13:00:00Z,48,78,13.2
0060,2025-10-31T14:00:00Z,49.1,75,13.6
0060,2025-10-31T15:00:00Z,48.9,75,13.4
0060,2025-10-31T16:00:00Z,49.3,73,13.4
0060,2025-10-31T17:00:00Z,50.9,68,13.2
0060,2025-10-31T18:00:00Z,51.1,65,13.8
0060,2025-10-31T19:00:00Z,51.4,62,13.6
0060,2025-10-31T20:00:00Z,51.4,61,12.2
0060,2025-10-31T21:00:00Z,51.3,62,11.1
0060,2025-10-31T22:00:00Z,50.7,62,7.8
0060,2025-10-31T23:00:00Z,49.8,64,7.2
0060,2025-11-01T00:00:00Z,49.3,66,7
0060,2025-11-01T01:00:00Z,49.1,67,5.2
0060,2025-11-01T02:00:00Z,50.9,52,10.3
0060,2025-11-01T03:00:00Z,50.7,53,10.3
0060,2025-11-01T04:00:00Z,48.4,69,4.5
0060,2025-11-01T05:00:00Z,46.4,76,3.9
0060,2025-11-01T06:00:00Z,44.8,79,3.1
0060,2025-11-01T07:00:00Z,43.2,82,3.3
0060,2025-11-01T08:00:00Z,41.9,85,2.9
0060,2025-11-01T09:00:00Z,42.4,84,2.3
0060,2025-11-01T10:00:00Z,42.8,82,3.3
0060,2025-11-01T11:00:00Z,42.6,82,2.3
0060,2025-11-01T12:00:00Z,45.9,71,2.9
0060,2025-11-01T13:00:00Z,49.6,63,4.5
0060,2025-11-01T14:00:00Z,51.3,59,4.3
0060,2025-11-01T15:00:00Z,51.1,62,5.6
0060,2025-11-01T16:00:00Z,50.9,65,6
0060,2025-11-01T17:00:00Z,51.4,64,6.4
0060,2025-11-01T18:00:00Z,52.2,62,4.3
0060,2025-11-01T19:00:00Z,51.6,64,3.7
0060,2025-11-01T20:00:00Z,51.3,66,2.3
0060,2025-11-01T21:00:00Z,50.5,67,0.8
0060,2025-11-01T22:00:00Z,49.8,68,1.6
0060,2025-11-01T23:00:00Z,49.5,71,1.6
0060,2025-11-02T00:00:00Z,48.9,74,2.5
0060,2025-11-02T01:00:00Z,48.2,78,1.6
0060,2025-11-02T02:00:00Z,48,78,1.7
0060,2025-11-02T03:00:00Z,46.9,79,1.9
0060,2025-11-02T04:00:00Z,46,80,2.5
0060,2025-11-02T06:00:00Z,45.1,81,2.5
0060,2025-11-02T07:00:00Z,43.9,82,1.9
0060,2025-11-02T08:00:00Z,43.2,82,2.5
0060,2025-11-02T09:00:00Z,41.9,85,2.3
0060,2025-11-02T10:00:00Z,40.3,93,2.1
0060,2025-11-02T11:00:00Z,39,96,2.5
0060,2025-11-02T12:00:00Z,39,95,1.6
0060,2025-11-02T13:00:00Z,40.6,92,2.9
0060,2025-11-02T14:00:00Z,43,86,2.1
0060,2025-11-02T15:00:00Z,44.4,82,3.5
0060,2025-11-02T16:00:00Z,47.7,75,3.1
0060,2025-11-02T17:00:00Z,53.4,50,1.7
0060,2025-11-02T18:00:00Z,52.9,50,1.6
0060,2025-11-02T19:00:00Z,54,51,3.1
0060,2025-11-02T20:00:00Z,52.3,61,4.9
0060,2025-11-02T21:00:00Z,52.5,62,2.9
0060,2025-11-02T22:00:00Z,51.1,66,2.1
0060,2025-11-02T23:00:00Z,48.7,73,0.8
0060,2025-11-03T00:00:00Z,46.8,79,2.3
0060,2025-11-03T01:00:00Z,46.2,81,4.1
0060,2025-11-03T02:00:00Z,45.5,84,3.7
0060,2025-11-03T03:00:00Z,44.1,89,2.5
0060,2025-11-03T04:00:00Z,42.4,94,1.4
0060,2025-11-03T05:00:00Z,41.7,96,1.9
0060,2025-11-03T06:00:00Z,41.4,97,2.3
0060,2025-11-03T07:00:00Z,41.2,97,3.1
0060,2025-11-03T08:00:00Z,43.5,88,5
0060,2025-11-03T09:00:00Z,44.1,84,6.8
0060,2025-11-03T10:00:00Z,43.9,85,6.4
0060,2025-11-03T11:00:00Z,43.7,84,7
0060,2025-11-03T12:00:00Z,43.7,82,7.8
0060,2025-11-03T13:00:00Z,45,76,9.1
0060,2025-11-03T14:00:00Z,45.3,75,9.3
0060,2025-11-03T15:00:00Z,47.3,69,10.7
0060,2025-11-03T16:00:00Z,49.5,62,11.3
0060,2025-11-03T17:00:00Z,49.3,67,9.1
0060,2025-11-03T18:00:00Z,51.1,62,10.9
0060,2025-11-03T19:00:00Z,53.4,57,10.3
0060,2025-11-03T20:00:00Z,54.7,51,10.3
0060,2025-11-03T21:00:00Z,55,47,9.9
0060,2025-11-03T22:00:00Z,53.2,50,8.7
0060,2025-11-03T23:00:00Z,52,53,8.4
0060,2025-11-04T00:00:00Z,52,53,8.5
0060,2025-11-04T01:00:00Z,53.8,46,13.6
0060,2025-11-04T02:00:00Z,53.2,48,11.3
0060,2025-11-04T03:00:00Z,52,55,8
0060,2025-11-04T04:00:00Z,48,56,3.9
0060,2025-11-04T05:00:00Z,45.5,59,3.5
0060,2025-11-04T06:00:00Z,44.6,63,2.9
0060,2025-11-04T07:00:00Z,43.3,67,4.1
0060,2025-11-04T08:00:00Z,43.3,71,5.8
0060,2025-11-04T09:00:00Z,41.9,72,5.6
0060,2025-11-04T10:00:00Z,40.8,72,5.4
0060,2025-11-04T11:00:00Z,41.2,72,5
0060,2025-11-04T12:00:00Z,40.8,69,4.7
0060,2025-11-04T13:00:00Z,43.9,61,6
0060,2025-11-04T14:00:00Z,48.2,53,5.8
0060,2025-11-04T15:00:00Z,53.2,43,5.4
0060,2025-11-04T16:00:00Z,55.8,37,7.6
0060,2025-11-04T17:00:00Z,57.7,32,7.8
0060,2025-11-04T18:00:00Z,57.9,28,8.2
0060,2025-11-04T19:00:00Z,59.4,28,8
0060,2025-11-04T20:00:00Z,57.9,27,8.2
0060,2025-11-04T21:00:00Z,56.1,30,5.8
0060,2025-11-04T22:00:00Z,54.7,35,5
0060,2025-11-04T23:00:00Z,53.8,37,3.9
0060,2025-11-05T00:00:00Z,53.1,39,3.7
0060,2025-11-05T01:00:00Z,51.8,41,3.7
0060,2025-11-05T02:00:00Z,49.3,46,4.7
0060,2025-11-05T03:00:00Z,48.4,50,5.6
0060,2025-11-05T04:00:00Z,48.2,52,5.2
0060,2025-11-05T05:00:00Z,48.4,52,5.2
0060,2025-11-05T06:00:00Z,47.8,54,6.6
0060,2025-11-05T07:00:00Z,46.8,56,8.9
0060,2025-11-05T08:00:00Z,45.5,59,9.7
0060,2025-11-05T09:00:00Z,45.3,61,8.7
0060,2025-11-05T10:00:00Z,46.2,62,7.2
0060,2025-11-05T11:00:00Z,48,64,8.4
0060,2025-11-05T12:00:00Z,51.1,63,9.5
0060,2025-11-05T13:00:00Z,53.2,61,10.1
0060,2025-11-05T14:00:00Z,55.4,61,10.9
0060,2025-11-05T15:00:00Z,58.6,59,10.3
0060,2025-11-05T16:00:00Z,59.9,58,11.1
0060,2025-11-05T17:00:00Z,61.5,57,11.8
0060,2025-11-05T18:00:00Z,61.2,58,11.1
0060,2025-11-05T19:00:00Z,61,59,10.1
0060,2025-11-05T20:00:00Z,57.7,74,10.3
0060,2025-11-05T21:00:00Z,55.9,79,11.5
0060,2025-11-05T22:00:00Z,54,73,8.9
0060,2025-11-05T23:00:00Z,53.1,66,7.6
0060,2025-11-06T00:00:00Z,52.2,64,9.1
0060,2025-11-06T01:00:00Z,50,63,9.7
0060,2025-11-06T02:00:00Z,49.6,58,10.1
0060,2025-11-06T03:00:00Z,49.3,57,8.5
0060,2025-11-06T04:00:00Z,48.7,53,8.2
0060,2025-11-06T05:00:00Z,48.2,54,5.6
0060,2025-11-06T06:00:00Z,48,53,6.6
0060,2025-11-06T07:00:00Z,48.2,53,6.2
0060,2025-11-06T08:00:00Z,48,52,6.4
0060,2025-11-06T09:00:00Z,47.7,52,5.8
0060,2025-11-06T10:00:00Z,45.3,65,3.1
0060,2025-11-06T11:00:00Z,45,62,2.9
0060,2025-11-06T12:00:00Z,40.8,78,5
0060,2025-11-06T13:00:00Z,42.6,74,4.7
0060,2025-11-06T14:00:00Z,46.6,64,4.9
0060,2025-11-06T15:00:00Z,48.2,55,6.2
0060,2025-11-06T16:00:00Z,48.6,54,6.8
0060,2025-11-06T17:00:00Z,48.6,56,7
0060,2025-11-06T18:00:00Z,48.9,57,6.8
0060,2025-11-06T19:00:00Z,49.8,52,4.9
0060,2025-11-06T20:00:00Z,49.8,51,4.5
0060,2025-11-06T21:00:00Z,49.8,45,3.7
0060,2025-11-06T22:00:00Z,48.2,46,2.5
0060,2025-11-06T23:00:00Z,47.3,48,2.1
0060,2025-11-07T00:00:00Z,45.1,55,2.9
0060,2025-11-07T01:00:00Z,42.6,63,3.9
0060,2025-11-07T02:00:00Z,41.7,65,5.8
0060,2025-11-07T03:00:00Z,41.5,60,7
0060,2025-11-07T04:00:00Z,41.4,59,8.4
0060,2025-11-07T05:00:00Z,42.1,57,9.9
0060,2025-11-07T06:00:00Z,43,54,13
0060,2025-11-07T07:00:00Z,44.6,52,12.2
0060,2025-11-07T08:00:00Z,45.3,52,12
0060,2025-11-07T09:00:00Z,45.7,51,12.6
0060,2025-11-07T10:00:00Z,46.2,50,11.8
0060,2025-11-07T11:00:00Z,46.8,48,11.7
0060,2025-11-07T12:00:00Z,47.5,44,12
0060,2025-11-07T13:00:00Z,49.6,44,10.7
0060,2025-11-07T14:00:00Z,53.2,49,12
0060,2025-11-07T15:00:00Z,51.8,64,12.4
0060,2025-11-07T16:00:00Z,49.6,78,10.5
0060,2025-11-07T17:00:00Z,49.8,87,12.2
0060,2025-11-07T18:00:00Z,52.3,87,11.8
0060,2025-11-07T19:00:00Z,53.8,86,11.7
0060,2025-11-07T20:00:00Z,54.9,86,9.5
0060,2025-11-07T21:00:00Z,55.6,86,9.3
0060,2025-11-07T22:00:00Z,55.8,84,8.2
0060,2025-11-07T23:00:00Z,55.2,86,6.8
0060,2025-11-08T00:00:00Z,54.3,88,5
0060,2025-11-08T01:00:00Z,53.6,90,3.9
0060,2025-11-08T02:00:00Z,54.1,80,7.4
0060,2025-11-08T03:00:00Z,53.1,77,8
0060,2025-11-08T04:00:00Z,52.2,76,4.9
0060,2025-11-08T05:00:00Z,50.7,79,2.9
0060,2025-11-08T06:00:00Z,48.6,82,3.3
0060,2025-11-08T07:00:00Z,47.5,83,3.9
0060,2025-11-08T08:00:00Z,46.4,88,3.5
0060,2025-11-08T09:00:00Z,46,89,3.3
0060,2025-11-08T10:00:00Z,45.9,90,3.5
0060,2025-11-08T11:00:00Z,46.9,88,2.3
0060,2025-11-08T12:00:00Z,47.8,80,6.8
0060,2025-11-08T13:00:00Z,47.8,78,6.6
0060,2025-11-08T14:00:00Z,47.8,78,7.4
0060,2025-11-08T15:00:00Z,47.3,75,6.4
0060,2025-11-08T16:00:00Z,47.3,74,5.8
0060,2025-11-08T17:00:00Z,47.1,75,5.4
0060,2025-11-08T18:00:00Z,46,78,7.2
0060,2025-11-08T19:00:00Z,44.8,85,7.2
0060,2025-11-08T20:00:00Z,44.2,87,7
0060,2025-11-08T21:00:00Z,43.5,87,7
0060,2025-11-08T22:00:00Z,43.3,85,6
0060,2025-11-08T23:00:00Z,43.5,83,5.2
0060,2025-11-09T00:00:00Z,43.5,82,4.9
0060,2025-11-09T01:00:00Z,43.5,81,3.7
0060,2025-11-09T02:00:00Z,43.5,81,4.1
0060,2025-11-09T03:00:00Z,43.5,79,4.1
0060,2025-11-09T04:00:00Z,43.3,78,4.1
0060,2025-11-09T05:00:00Z,43.2,79,3.9
0060,2025-11-09T06:00:00Z,42.6,82,3.5
0060,2025-11-09T07:00:00Z,42.3,83,2.3
0060,2025-11-09T08:00:00Z,41.2,91,2.5
0060,2025-11-09T09:00:00Z,40.5,93,2.9
0060,2025-11-09T10:00:00Z,40.3,95,1.9
0060,2025-11-09T11:00:00Z,40.5,95,1.7
0060,2025-11-09T12:00:00Z,40.6,96,1.7
0060,2025-11-09T13:00:00Z,40.5,99,2.5
0060,2025-11-09T14:00:00Z,40.8,100,2.1
0060,2025-11-09T15:00:00Z,41.9,100,1.6
0060,2025-11-09T16:00:00Z,43.9,97,1
0060,2025-11-09T17:00:00Z,45,91,1.2
0060,2025-11-09T18:00:00Z,43.5,94,6.8
0060,2025-11-09T19:00:00Z,41.2,93,13.4
0060,2025-11-09T20:00:00Z,40.1,94,12.2
0060,2025-11-09T21:00:00Z,39,95,12.4
0060,2025-11-09T22:00:00Z,38.5,92,12
0060,2025-11-09T23:00:00Z,37.9,92,10.9
0060,2025-11-10T00:00:00Z,36.7,96,12
0060,2025-11-10T01:00:00Z,35.6,96,13
0060,2025-11-10T02:00:00Z,35.6,94,13.2
0060,2025-11-10T03:00:00Z,35.1,94,13.2
0060,2025-11-10T04:00:00Z,35.1,92,12.8
0060,2025-11-10T05:00:00Z,34.2,95,12
0060,2025-11-10T06:00:00Z,33.3,97,12.4
0060,2025-11-10T07:00:00Z,33.6,90,14.4
0060,2025-11-10T08:00:00Z,34.5,76,13.6
0060,2025-11-10T09:00:00Z,34.5,72,12.4
0060,2025-11-10T10:00:00Z,34.7,71,12.6
0060,2025-11-10T11:00:00Z,34.5,73,11.8
0060,2025-11-10T12:00:00Z,34,74,12.4
0060,2025-11-10T13:00:00Z,33.6,75,11.3
0060,2025-11-10T14:00:00Z,33.3,77,10.9
0060,2025-11-10T15:00:00Z,33.4,73,9.7
0060,2025-11-10T16:00:00Z,32.9,77,9.3
0060,2025-11-10T17:00:00Z,33.3,67,10.5
0060,2025-11-10T18:00:00Z,33.6,63,8.2
0060,2025-11-10T19:00:00Z,32.7,68,7.8
0060,2025-11-10T20:00:00Z,31.8,77,7.6
0060,2025-11-10T21:00:00Z,31.5,75,8.4
0060,2025-11-10T22:00:00Z,31.8,64,8.7
0060,2025-11-10T23:00:00Z,31.8,63,9.7
0060,2025-11-11T00:00:00Z,31.8,67,10.1
0060,2025-11-11T01:00:00Z,31.6,65,8.9
0060,2025-11-11T02:00:00Z,31.5,65,8.7
0060,2025-11-11T03:00:00Z,31.6,68,8.5
0060,2025-11-11T04:00:00Z,31.8,66,8.9
0060,2025-11-11T05:00:00Z,32.4,58,9.9
0060,2025-11-11T06:00:00Z,32,59,9.1
0060,2025-11-11T07:00:00Z,28.2,81,7
0060,2025-11-11T08:00:00Z,27.1,84,8
0060,2025-11-11T09:00:00Z,27,87,9.5
0060,2025-11-11T10:00:00Z,27.5,90,8.4
0060,2025-11-11T11:00:00Z,29.5,89,9.1
0060,2025-11-11T12:00:00Z,29.8,90,9.5
0060,2025-11-11T13:00:00Z,30.6,91,8.2
0060,2025-11-11T14:00:00Z,32,89,9.5
0060,2025-11-11T15:00:00Z,33.3,87,10.3
0060,2025-11-11T16:00:00Z,35.4,77,10.9
0060,2025-11-11T17:00:00Z,37.2,66,10.9
0060,2025-11-11T18:00:00Z,37.2,60,12.2
0060,2025-11-11T19:00:00Z,36.3,61,12.4
0060,2025-11-11T20:00:00Z,35.2,61,10.3
0060,2025-11-11T21:00:00Z,34.9,58,8.5
0060,2025-11-11T22:00:00Z,35.2,57,9.3
0060,2025-11-11T23:00:00Z,35.1,60,12.4
0060,2025-11-12T00:00:00Z,34.9,62,11.8
0060,2025-11-12T01:00:00Z,34.9,63,11.8
0060,2025-11-12T02:00:00Z,35.6,62,11.5
0060,2025-11-12T03:00:00Z,36.1,61,10.9
0060,2025-11-12T04:00:00Z,36.5,61,10.1
0060,2025-11-12T05:00:00Z,36.9,61,10.1
0060,2025-11-12T06:00:00Z,37.6,62,10.3
0060,2025-11-12T07:00:00Z,38.7,62,9.5
0060,2025-11-12T08:00:00Z,38.8,65,9.3
0060,2025-11-12T09:00:00Z,38.8,67,9.3
0060,2025-11-12T10:00:00Z,39,69,9.1
0060,2025-11-12T11:00:00Z,39.4,71,9.3
0060,2025-11-12T12:00:00Z,40.1,73,8.9
0060,2025-11-12T13:00:00Z,40.5,75,8.7
0060,2025-11-12T14:00:00Z,41.2,73,10.5
0060,2025-11-12T15:00:00Z,41.9,74,10.9
0060,2025-11-12T16:00:00Z,43.5,73,9.9
0060,2025-11-12T17:00:00Z,45.5,71,9.9
0060,2025-11-12T18:00:00Z,47.7,67,10.5
0060,2025-11-12T19:00:00Z,47.7,67,13.6
0060,2025-11-12T20:00:00Z,47.5,66,13.2
0060,2025-11-12T21:00:00Z,47.5,61,11.8
0060,2025-11-12T22:00:00Z,46.4,61,9.5
0060,2025-11-12T23:00:00Z,45.5,64,8.7
0060,2025-11-13T00:00:00Z,45.1,65,8.9
0060,2025-11-13T01:00:00Z,44.8,67,9.7
0060,2025-11-13T02:00:00Z,44.6,68,6.6
0060,2025-11-13T03:00:00Z,42.1,70,4.3
0060,2025-11-13T04:00:00Z,40.1,73,2.3
0060,2025-11-13T05:00:00Z,38.8,75,2.9
0060,2025-11-13T06:00:00Z,38.5,75,4.1
0060,2025-11-13T07:00:00Z,38.5,77,3.3
0060,2025-11-13T08:00:00Z,43.3,72,7.4
0060,2025-11-13T09:00:00Z,43.9,63,5.6
0060,2025-11-13T10:00:00Z,44.1,57,6.6
0060,2025-11-13T11:00:00Z,41.5,69,4.5
0060,2025-11-13T12:00:00Z,36.9,83,4.3
0060,2025-11-13T13:00:00Z,39,74,3.9
0060,2025-11-13T14:00:00Z,42.8,73,7.2
0060,2025-11-13T15:00:00Z,45,69,12
0060,2025-11-13T16:00:00Z,45.7,65,11.1
0060,2025-11-13T17:00:00Z,46.2,62,11.1
0060,2025-11-13T18:00:00Z,46.4,60,11.7
0060,2025-11-13T19:00:00Z,47.7,61,9.9
0060,2025-11-13T20:00:00Z,48.7,59,9.3
0060,2025-11-13T21:00:00Z,48.2,61,6.8
0060,2025-11-13T22:00:00Z,46.9,58,4.7
0060,2025-11-13T23:00:00Z,45.7,61,3.1
0060,2025-11-14T00:00:00Z,44.1,67,2.3
0060,2025-11-14T01:00:00Z,43,65,2.5
0060,2025-11-14T02:00:00Z,41.9,67,1.7
0060,2025-11-14T03:00:00Z,43.2,69,2.9
0060,2025-11-14T04:00:00Z,43,75,3.9
0060,2025-11-14T05:00:00Z,41.5,80,4.7
0060,2025-11-14T06:00:00Z,40.6,82,4.5
0060,2025-11-14T07:00:00Z,40.3,82,4.7
0060,2025-11-14T08:00:00Z,37.2,86,4.9
0060,2025-11-14T09:00:00Z,37,86,3.5
0060,2025-11-14T10:00:00Z,37.8,85,2.7
0060,2025-11-14T11:00:00Z,38.3,86,2.9
0060,2025-11-14T12:00:00Z,38.1,87,3.5
0060,2025-11-14T13:00:00Z,39.6,84,5.2
0060,2025-11-14T14:00:00Z,42.6,75,6.2
0060,2025-11-14T15:00:00Z,46.2,65,6.8
0060,2025-11-14T16:00:00Z,50.2,52,7.4
0060,2025-11-14T17:00:00Z,54.1,37,7.2
0060,2025-11-14T18:00:00Z,55.6,38,7.6
0060,2025-11-14T19:00:00Z,57,37,8.2
0060,2025-11-14T20:00:00Z,57,38,7.8
0060,2025-11-14T21:00:00Z,56.5,40,7
0060,2025-11-14T22:00:00Z,55,43,5.2
0060,2025-11-14T23:00:00Z,54.3,46,4.1
0060,2025-11-15T00:00:00Z,51.8,53,2.7
0060,2025-11-15T01:00:00Z,50.2,57,1.4
0060,2025-11-15T02:00:00Z,49.8,60,0.2
0060,2025-11-15T03:00:00Z,49.1,65,1.2
0060,2025-11-15T04:00:00Z,47.7,71,1.4
0060,2025-11-15T05:00:00Z,47.1,74,2.1
0060,2025-11-15T06:00:00Z,45,78,3.7
0060,2025-11-15T07:00:00Z,44.8,78,2.9
0060,2025-11-15T08:00:00Z,45.7,79,4.7
0060,2025-11-15T09:00:00Z,46.9,80,4.1
0060,2025-11-15T10:00:00Z,48.2,82,4.7
0060,2025-11-15T11:00:00Z,49.1,84,5.8
0060,2025-11-15T12:00:00Z,50.5,85,7
0060,2025-11-15T13:00:00Z,52.3,85,7.2
0060,2025-11-15T14:00:00Z,58.3,80,8.2
0060,2025-11-15T15:00:00Z,60.3,76,10.5
0060,2025-11-15T16:00:00Z,61,76,10.5
0060,2025-11-15T17:00:00Z,62.2,74,11.3
0060,2025-11-15T18:00:00Z,63.3,72,10.1
0060,2025-11-15T19:00:00Z,63.9,71,10.7
0060,2025-11-15T20:00:00Z,63.7,72,9.7
0060,2025-11-15T21:00:00Z,64,72,10.9
0060,2025-11-15T22:00:00Z,64,72,11.1
0060,2025-11-15T23:00:00Z,63.9,73,9.3
0060,2025-11-16T00:00:00Z,63.7,68,13
0060,2025-11-16T01:00:00Z,59.7,72,12.2
0060,2025-11-16T02:00:00Z,58.5,71,11.1
0060,2025-11-16T03:00:00Z,55.9,74,13.2
0060,2025-11-16T04:00:00Z,52.9,76,8.4
0060,2025-11-16T05:00:00Z,51.6,72,7.8
0060,2025-11-16T06:00:00Z,50.7,67,6
0060,2025-11-16T07:00:00Z,49.3,72,8.9
0060,2025-11-16T08:00:00Z,47.3,65,11.8
0060,2025-11-16T09:00:00Z,46.2,60,8.7
0060,2025-11-16T10:00:00Z,45.5,64,7.6
0060,2025-11-16T11:00:00Z,44.6,63,8.7
0060,2025-11-16T12:00:00Z,43.7,61,9.7
0060,2025-11-16T13:00:00Z,43.3,59,9.3
0060,2025-11-16T14:00:00Z,43.2,59,9.3
0060,2025-11-16T15:00:00Z,43.3,58,10.1
0060,2025-11-16T16:00:00Z,43.3,59,11.3
0060,2025-11-16T17:00:00Z,41.9,64,8.5
0060,2025-11-16T18:00:00Z,41.7,62,8.9
0060,2025-11-16T19:00:00Z,42.1,62,7.4
0060,2025-11-16T20:00:00Z,42.4,57,8.7
0060,2025-11-16T21:00:00Z,42.4,57,10.1
0060,2025-11-16T22:00:00Z,43.2,50,10.7
0060,2025-11-16T23:00:00Z,43.3,50,6.8
0060,2025-11-17T00:00:00Z,43.3,51,7.4
0060,2025-11-17T01:00:00Z,43,54,7.6
0060,2025-11-17T02:00:00Z,42.3,55,7.2
0060,2025-11-17T03:00:00Z,41.9,55,7.6
0060,2025-11-17T04:00:00Z,41.2,55,8.2
0060,2025-11-17T05:00:00Z,40.5,54,8.9
0060,2025-11-17T06:00:00Z,40.1,50,9.1
0060,2025-11-17T07:00:00Z,39.9,54,8.7
0060,2025-11-17T08:00:00Z,39.6,54,8.2
0060,2025-11-17T09:00:00Z,39.2,56,8.5
0060,2025-11-17T10:00:00Z,39,55,8.2
0060,2025-11-17T11:00:00Z,38.7,56,8.4
0060,2025-11-17T12:00:00Z,38.5,56,7.2
0060,2025-11-17T13:00:00Z,39,55,7.4
0060,2025-11-17T14:00:00Z,39.4,56,7
0060,2025-11-17T15:00:00Z,39.7,53,7.4
0060,2025-11-17T16:00:00Z,40.6,51,8.2
0060,2025-11-17T17:00:00Z,41,52,10.5
0060,2025-11-17T18:00:00Z,41,52,10.7
0060,2025-11-17T19:00:00Z,41,53,9.5
0060,2025-11-17T20:00:00Z,41,54,8.9
0060,2025-11-17T21:00:00Z,41.2,55,7.4
0060,2025-11-17T22:00:00Z,40.6,55,6
0060,2025-11-17T23:00:00Z,39,62,2.7
0060,2025-11-18T00:00:00Z,37.9,65,1.9
0060,2025-11-18T01:00:00Z,36.7,68,1.6
0060,2025-11-18T02:00:00Z,34.5,76,2.7
0060,2025-11-18T03:00:00Z,32.9,80,3.1
0060,2025-11-18T04:00:00Z,31.6,83,2.7
0060,2025-11-18T05:00:00Z,31.3,83,3.3
0060,2025-11-18T06:00:00Z,30.9,84,3.1
0060,2025-11-18T07:00:00Z,31.5,81,3.1
0060,2025-11-18T08:00:00Z,31.5,81,3.3
0060,2025-11-18T09:00:00Z,31.8,80,3.9
0060,2025-11-18T10:00:00Z,32.7,79,4.5
0060,2025-11-18T11:00:00Z,33.3,77,2.7
0060,2025-11-18T12:00:00Z,34,76,2.7
0060,2025-11-18T13:00:00Z,35.2,75,4.7
0060,2025-11-18T14:00:00Z,36.7,72,3.7
0060,2025-11-18T15:00:00Z,39,70,3.9
0060,2025-11-18T16:00:00Z,41.7,69,4.1
0060,2025-11-18T17:00:00Z,41.5,77,4.5
0060,2025-11-18T18:00:00Z,40.8,83,3.5
0060,2025-11-18T19:00:00Z,40.8,84,3.5
0060,2025-11-18T20:00:00Z,41.5,77,4.1
0060,2025-11-18T21:00:00Z,42.4,77,2.5
0060,2025-11-18T22:00:00Z,42.4,74,3.3
0060,2025-11-18T23:00:00Z,42.3,78,3.5
0060,2025-11-19T00:00:00Z,41.7,79,3.1
0060,2025-11-19T01:00:00Z,41.5,78,2.5
0060,2025-11-19T02:00:00Z,41.5,75,3.5
0060,2025-11-19T03:00:00Z,41.2,76,3.3
0060,2025-11-19T04:00:00Z,40.8,78,1.9
0060,2025-11-19T05:00:00Z,40.8,80,1.2
0060,2025-11-19T06:00:00Z,41,81,1.4
0060,2025-11-19T07:00:00Z,41,80,1.9
0060,2025-11-19T08:00:00Z,41.2,80,2.5
0060,2025-11-19T09:00:00Z,41.4,77,2.9
0060,2025-11-19T10:00:00Z,41.4,75,2.3
0060,2025-11-19T11:00:00Z,41.7,75,2.1
0060,2025-11-19T12:00:00Z,41.9,77,1.9
0060,2025-11-19T13:00:00Z,42.3,77,2.3
0060,2025-11-19T14:00:00Z,43,75,1.9
0060,2025-11-19T15:00:00Z,44.2,73,1.9
0060,2025-11-19T16:00:00Z,45.1,70,0.8
0060,2025-11-19T17:00:00Z,45.5,71,2.3
0060,2025-11-19T18:00:00Z,45,75,7
0060,2025-11-19T19:00:00Z,44.6,76,7.2
0060,2025-11-19T20:00:00Z,44.4,76,6.8
0060,2025-11-19T21:00:00Z,43.3,80,7
0060,2025-11-19T22:00:00Z,42.8,81,5.4
0060,2025-11-19T23:00:00Z,42.1,82,4.7
0060,2025-11-20T00:00:00Z,41,83,3.5
0060,2025-11-20T01:00:00Z,40.5,83,3.5
0060,2025-11-20T02:00:00Z,39.6,83,2.5
0060,2025-11-20T03:00:00Z,37.9,87,1.7
0060,2025-11-20T04:00:00Z,37.2,89,2.5
0060,2025-11-20T05:00:00Z,36.3,92,2.9
0060,2025-11-20T06:00:00Z,36,92,3.5
0060,2025-11-20T07:00:00Z,35.4,93,3.7
0060,2025-11-20T08:00:00Z,35.8,91,4.1
0060,2025-11-20T09:00:00Z,36.7,89,2.7
0060,2025-11-20T10:00:00Z,37,89,2.5
0060,2025-11-20T11:00:00Z,37.6,87,2.9
0060,2025-11-20T12:00:00Z,38.5,84,2.1
0060,2025-11-20T13:00:00Z,40.1,79,2.5
0060,2025-11-20T14:00:00Z,41.9,75,2.3
0060,2025-11-20T15:00:00Z,43.5,73,2.1
0060,2025-11-20T16:00:00Z,44.6,70,2.5
0060,2025-11-20T17:00:00Z,46.4,67,1.7
0060,2025-11-20T18:00:00Z,46.2,71,3.5
0060,2025-11-20T19:00:00Z,46.4,71,4.5
0060,2025-11-20T20:00:00Z,46.6,72,4.9
0060,2025-11-20T21:00:00Z,46.2,76,5
0060,2025-11-20T22:00:00Z,46.4,77,5.2
0060,2025-11-20T23:00:00Z,46,79,7
0060,2025-11-21T00:00:00Z,45.7,81,6
0060,2025-11-21T01:00:00Z,45.5,81,6
0060,2025-11-21T02:00:00Z,45.1,81,5.2
0060,2025-11-21T03:00:00Z,44.6,83,6
0060,2025-11-21T04:00:00Z,44.1,86,5.6
0060,2025-11-21T05:00:00Z,44.4,86,5.8
0060,2025-11-21T06:00:00Z,44.6,87,5
0060,2025-11-21T07:00:00Z,44.8,89,5.4
0060,2025-11-21T08:00:00Z,44.6,91,4.3
0060,2025-11-21T09:00:00Z,44.4,96,4.1
0060,2025-11-21T10:00:00Z,44.4,98,5
0060,2025-11-21T11:00:00Z,44.4,97,5
0060,2025-11-21T12:00:00Z,44.8,94,4.9
0060,2025-11-21T13:00:00Z,45.3,92,5.4
0060,2025-11-21T14:00:00Z,46.6,87,6
0060,2025-11-21T15:00:00Z,46.9,86,5.6
0060,2025-11-21T16:00:00Z,47.3,85,5.6
0060,2025-11-21T17:00:00Z,47.1,86,4.7
0060,2025-11-21T18:00:00Z,47.7,85,4.5
0060,2025-11-21T19:00:00Z,48.4,82,3.1
0060,2025-11-21T20:00:00Z,49.1,81,1.9
0060,2025-11-21T21:00:00Z,49.5,79,1.7
0060,2025-11-21T22:00:00Z,48.9,82,2.7
0060,2025-11-21T23:00:00Z,47.7,88,4.1
0060,2025-11-22T00:00:00Z,47.5,88,1
0060,2025-11-22T01:00:00Z,47.3,89,1.7
0060,2025-11-22T02:00:00Z,46.8,92,1.2
0060,2025-11-22T03:00:00Z,46.8,96,2.7
0060,2025-11-22T04:00:00Z,46.6,94,2.3
0060,2025-11-22T05:00:00Z,46.4,92,3.9
0060,2025-11-22T06:00:00Z,46,90,5
0060,2025-11-22T07:00:00Z,45,87,6
0060,2025-11-22T08:00:00Z,44.6,79,7
0060,2025-11-22T09:00:00Z,44.1,79,6.4
0060,2025-11-22T10:00:00Z,43.3,81,7.4
0060,2025-11-22T11:00:00Z,43,84,7.4
0060,2025-11-22T12:00:00Z,42.8,81,6.4
0060,2025-11-22T13:00:00Z,43.5,76,6.8
0060,2025-11-22T14:00:00Z,44.2,70,7.2
0060,2025-11-22T15:00:00Z,44.1,78,6.8
0060,2025-11-22T16:00:00Z,44.2,75,6.2
0060,2025-11-22T17:00:00Z,43.9,74,6.2
0060,2025-11-22T18:00:00Z,44.2,70,6
0060,2025-11-22T19:00:00Z,43.7,73,5.6
0060,2025-11-22T20:00:00Z,43.5,73,3.7
0060,2025-11-22T21:00:00Z,42.6,77,5.2
0060,2025-11-22T22:00:00Z,41.7,80,5.8
0060,2025-11-22T23:00:00Z,41.4,80,4.9
0060,2025-11-23T00:00:00Z,39.7,82,3.7
0060,2025-11-23T01:00:00Z,38.5,85,3.1
0060,2025-11-23T02:00:00Z,38.1,87,2.7
0060,2025-11-23T03:00:00Z,37.6,89,2.5
0060,2025-11-23T04:00:00Z,38.1,89,2.9
0060,2025-11-23T05:00:00Z,38.1,88,4.9
0060,2025-11-23T06:00:00Z,37.9,88,6
0060,2025-11-23T07:00:00Z,38.8,84,5.2
0060,2025-11-23T08:00:00Z,41.4,75,6.8
0060,2025-11-23T09:00:00Z,42.4,71,7.4
0060,2025-11-23T10:00:00Z,41.4,76,5.4
0060,2025-11-23T11:00:00Z,40.3,81,4.3
0060,2025-11-23T12:00:00Z,40.3,85,4.5
0060,2025-11-23T13:00:00Z,42.8,82,6.8
0060,2025-11-23T14:00:00Z,45,76,8.5
0060,2025-11-23T15:00:00Z,46.8,74,10.7
0060,2025-11-23T16:00:00Z,46.2,78,13
0060,2025-11-23T17:00:00Z,46.8,78,11.8
0060,2025-11-23T18:00:00Z,46.8,76,11.5
0060,2025-11-23T19:00:00Z,47.7,71,8.7
0060,2025-11-23T20:00:00Z,48.6,71,7.8
0060,2025-11-23T21:00:00Z,48.4,72,7.2
0060,2025-11-23T22:00:00Z,49.3,62,5.8
0060,2025-11-23T23:00:00Z,49.5,57,7
0060,2025-11-24T00:00:00Z,48.7,59,6.2
0060,2025-11-24T01:00:00Z,48.2,63,5.6
0060,2025-11-24T02:00:00Z,47.3,71,5.6
0060,2025-11-24T03:00:00Z,46.9,71,6.2
0060,2025-11-24T04:00:00Z,46.4,72,4.5
0060,2025-11-24T05:00:00Z,45.9,67,7
0060,2025-11-24T06:00:00Z,44.6,70,4.9
0060,2025-11-24T07:00:00Z,43.7,72,3.9
0060,2025-11-24T08:00:00Z,43,75,2.9
0060,2025-11-24T09:00:00Z,37.9,86,3.5
0060,2025-11-24T10:00:00Z,35.6,91,2.9
0060,2025-11-24T11:00:00Z,33.8,95,2.9
0060,2025-11-24T12:00:00Z,33.1,96,3.3
0060,2025-11-24T13:00:00Z,35.8,87,4.5
0060,2025-11-24T14:00:00Z,39.9,80,5.6
0060,2025-11-24T15:00:00Z,44.6,70,8.9
0060,2025-11-24T16:00:00Z,48.9,57,8
0060,2025-11-24T17:00:00Z,50.5,48,8.7
0060,2025-11-24T18:00:00Z,51.1,48,7.8
0060,2025-11-24T19:00:00Z,52,44,7
0060,2025-11-24T20:00:00Z,53.2,41,5.6
0060,2025-11-24T21:00:00Z,51.3,46,5.6
0060,2025-11-24T22:00:00Z,49.6,48,6.4
0060,2025-11-24T23:00:00Z,48.2,50,4.9
0060,2025-11-25T00:00:00Z,47.3,54,5
0060,2025-11-25T01:00:00Z,46.4,58,5.6
0060,2025-11-25T02:00:00Z,46.6,58,8
0060,2025-11-25T03:00:00Z,46.2,59,6.8
0060,2025-11-25T04:00:00Z,46.9,57,7.2
0060,2025-11-25T05:00:00Z,46.4,60,8.9
0060,2025-11-25T06:00:00Z,45.9,61,8.2
0060,2025-11-25T07:00:00Z,46,60,7.8
0060,2025-11-25T08:00:00Z,46.6,58,9.3
0060,2025-11-25T09:00:00Z,47.7,54,8.9
0060,2025-11-25T10:00:00Z,48.2,54,8.4
0060,2025-11-25T11:00:00Z,48.7,58,8.2
0060,2025-11-25T12:00:00Z,49.5,64,7.2
0060,2025-11-25T13:00:00Z,49.1,77,8.9
0060,2025-11-25T14:00:00Z,48.7,84,10.5
0060,2025-11-25T15:00:00Z,48.6,95,10.3
0060,2025-11-25T16:00:00Z,49.1,98,9.5
0060,2025-11-25T17:00:00Z,50.2,98,7.8
0060,2025-11-25T18:00:00Z,52.5,93,8.4
0060,2025-11-25T19:00:00Z,53.8,91,7.2
0060,2025-11-25T20:00:00Z,54.3,91,8.5
0060,2025-11-25T21:00:00Z,54,95,7.2
0060,2025-11-25T22:00:00Z,54.1,95,6.6
0060,2025-11-25T23:00:00Z,54,98,4.9
0060,2025-11-26T00:00:00Z,54.1,98,5
0060,2025-11-26T01:00:00Z,54,97,4.3
0060,2025-11-26T02:00:00Z,53.8,97,4.1
0060,2025-11-26T03:00:00Z,53.6,96,4.9
0060,2025-11-26T04:00:00Z,53.4,94,4.7
0060,2025-11-26T05:00:00Z,53.1,92,5
0060,2025-11-26T06:00:00Z,52.5,92,5.2
0060,2025-11-26T07:00:00Z,52.2,91,5.8
0060,2025-11-26T08:00:00Z,52,90,6.4
0060,2025-11-26T09:00:00Z,52.2,89,7.6
0060,2025-11-26T10:00:00Z,52.3,89,7.8
0060,2025-11-26T11:00:00Z,52.5,87,8.4
0060,2025-11-26T12:00:00Z,52.7,85,7.8
0060,2025-11-26T13:00:00Z,46.2,88,11.8
0060,2025-11-26T14:00:00Z,42.6,87,11.3
0060,2025-11-26T15:00:00Z,42.4,78,11.8
0060,2025-11-26T16:00:00Z,40.5,67,15.9
0060,2025-11-26T17:00:00Z,39.6,67,14.4
0060,2025-11-26T18:00:00Z,38.8,70,14.6
0060,2025-11-26T19:00:00Z,38.3,68,14.6
0060,2025-11-26T20:00:00Z,38.5,69,14.2
0060,2025-11-26T21:00:00Z,37.6,66,15.9
0060,2025-11-26T22:00:00Z,36.3,70,14.2
0060,2025-11-26T23:00:00Z,35.1,74,14.2
0060,2025-11-27T00:00:00Z,34.5,70,15.3
0060,2025-11-27T01:00:00Z,34.5,70,14.8
0060,2025-11-27T02:00:00Z,34.7,68,15
0060,2025-11-27T03:00:00Z,34.3,69,15.1
0060,2025-11-27T04:00:00Z,34,69,15.5
0060,2025-11-27T05:00:00Z,33.8,68,14.6
0060,2025-11-27T06:00:00Z,33.3,70,14
0060,2025-11-27T07:00:00Z,32.5,70,13
0060,2025-11-27T08:00:00Z,32,71,13
0060,2025-11-27T09:00:00Z,31.5,72,11.8
0060,2025-11-27T10:00:00Z,31.3,73,11.7
0060,2025-11-27T11:00:00Z,31.6,72,11.8
0060,2025-11-27T12:00:00Z,31.6,72,12.6
0060,2025-11-27T13:00:00Z,31.8,72,11.5
0060,2025-11-27T14:00:00Z,32,72,12.4
0060,2025-11-27T15:00:00Z,31.6,77,11.7
0060,2025-11-27T16:00:00Z,31.8,78,11.3
0060,2025-11-27T17:00:00Z,32,78,10.9
0060,2025-11-27T18:00:00Z,32.4,78,10.7
0060,2025-11-27T19:00:00Z,32,82,10.9
0060,2025-11-27T20:00:00Z,30.7,91,10.3
0060,2025-11-27T21:00:00Z,29.5,97,10.1
0060,2025-11-27T22:00:00Z,28.6,100,12
0060,2025-11-27T23:00:00Z,28.4,100,10.1
0060,2025-11-28T00:00:00Z,28.6,100,9.5
0060,2025-11-28T01:00:00Z,28.4,100,8.9
0060,2025-11-28T02:00:00Z,28.4,96,10.7
0060,2025-11-28T03:00:00Z,28.4,90,11.1
0060,2025-11-28T04:00:00Z,28,91,10.5
0060,2025-11-28T05:00:00Z,28,89,10.9
0060,2025-11-28T06:00:00Z,28,88,9.7
0060,2025-11-28T07:00:00Z,28.2,86,9.9
0060,2025-11-28T08:00:00Z,28.6,86,9.5
0060,2025-11-28T09:00:00Z,29.3,84,9.7
0060,2025-11-28T10:00:00Z,30.9,79,10.1
0060,2025-11-28T11:00:00Z,32.2,74,12.2
0060,2025-11-28T12:00:00Z,32.2,75,14.6
0060,2025-11-28T13:00:00Z,32.4,71,14.2
0060,2025-11-28T14:00:00Z,32.4,70,13.6
0060,2025-11-28T15:00:00Z,30.6,86,8.4
0060,2025-11-28T16:00:00Z,29.5,93,9.3
0060,2025-11-28T17:00:00Z,30.9,81,9.7
0060,2025-11-28T18:00:00Z,32.2,67,14
0060,2025-11-28T19:00:00Z,31.3,76,10.1
0060,2025-11-28T20:00:00Z,31.1,74,9.3
0060,2025-11-28T21:00:00Z,32.2,68,10.9
0060,2025-11-28T22:00:00Z,32.9,60,9.1
0060,2025-11-28T23:00:00Z,33.3,60,9.9
0060,2025-11-29T00:00:00Z,33.3,62,10.7
0060,2025-11-29T01:00:00Z,32.7,65,9.1
0060,2025-11-29T02:00:00Z,30.7,78,6.6
0060,2025-11-29T03:00:00Z,30.7,73,6.6
0060,2025-11-29T04:00:00Z,30.7,73,7
0060,2025-11-29T05:00:00Z,30.6,73,5.8
0060,2025-11-29T06:00:00Z,31.6,69,7
0060,2025-11-29T07:00:00Z,31.8,67,7.2
0060,2025-11-29T08:00:00Z,31.5,67,5.8
0060,2025-11-29T09:00:00Z,31.3,67,4.9
0060,2025-11-29T10:00:00Z,29.8,74,4.1
0060,2025-11-29T11:00:00Z,29.7,73,4.1
0060,2025-11-29T12:00:00Z,29.5,72,5.4
0060,2025-11-29T13:00:00Z,29.8,70,6.2
0060,2025-11-29T14:00:00Z,30.7,68,5.8
0060,2025-11-29T15:00:00Z,32,66,5.6
0060,2025-11-29T16:00:00Z,33.1,63,6.2
0060,2025-11-29T17:00:00Z,33.1,63,5
0060,2025-11-29T18:00:00Z,33.4,62,6.2
0060,2025-11-29T19:00:00Z,33.8,61,6.4
0060,2025-11-29T20:00:00Z,33.4,62,5.4
0060,2025-11-29T21:00:00Z,33.3,64,5.6
0060,2025-11-29T22:00:00Z,32.9,65,5.4
0060,2025-11-29T23:00:00Z,32.9,66,5.4
0060,2025-11-30T00:00:00Z,32.5,70,8
0060,2025-11-30T01:00:00Z,29.1,98,7.6
0060,2025-11-30T02:00:00Z,29.3,100,7
0060,2025-11-30T03:00:00Z,30.2,93,9.3
0060,2025-11-30T04:00:00Z,31.3,84,7.2
0060,2025-11-30T05:00:00Z,NA,NA,NA
0060,2025-11-30T06:00:00Z,NA,NA,NA
0060,2025-11-30T07:00:00Z,NA,NA,NA
0060,2025-11-30T08:00:00Z,NA,NA,NA
0060,2025-11-30T09:00:00Z,39,74,14.4
0060,2025-11-30T10:00:00Z,38.1,81,11.8
0060,2025-11-30T11:00:00Z,37.8,86,10.7
0060,2025-11-30T12:00:00Z,38.5,85,10.3
0060,2025-11-30T13:00:00Z,39.9,85,10.7
0060,2025-11-30T14:00:00Z,37,88,13.8
0060,2025-11-30T15:00:00Z,35.6,75,16.5
0060,2025-11-30T16:00:00Z,34.3,72,15.3
0060,2025-11-30T17:00:00Z,33.4,74,13.6
0060,2025-11-30T18:00:00Z,33.1,73,14
0060,2025-11-30T19:00:00Z,31.6,77,12.4
0060,2025-11-30T20:00:00Z,30.9,78,11.5
0060,2025-11-30T21:00:00Z,NA,NA,NA
0060,2025-11-30T22:00:00Z,NA,NA,NA
0060,2025-11-30T23:00:00Z,29.7,83,9.3
0060,2025-12-01T00:00:00Z,29.7,84,8.7
0060,2025-12-01T01:00:00Z,29.8,84,8.7
0060,2025-12-01T02:00:00Z,30,86,8.2
0060,2025-12-01T03:00:00Z,29.8,92,7.6
0060,2025-12-01T04:00:00Z,29.3,100,6.6
0060,NA,36.1,62,8.2
