Sensor ID,Site ID,Lat,Long,Date,Time,PM2.5,removal_reason
3.1,3.1,41.575635,-81.541699,2025-06-27,04:30:00,365.947,PM2.5 > 250
3.1,3.1,41.575635,-81.541699,2025-06-27,09:00:00,370.499,PM2.5 > 250
3.1,3.1,41.575635,-81.541699,2025-11-22,02:30:00,2570.117,PM2.5 > 250
5.1,5.1_19.3_24.2,41.46274,-81.65997,2025-09-21,06:30:00,436.353,PM2.5 > 250
6.1,6.1,41.50541,-81.66791,2024-11-01,19:00:00,258.986,PM2.5 > 250
6.1,6.1,41.50541,-81.66791,2024-11-01,21:00:00,399.227,PM2.5 > 250
6.1,6.1,41.50541,-81.66791,2024-11-02,09:30:00,621.281,PM2.5 > 250
6.1,6.1,41.50541,-81.66791,2024-11-02,10:30:00,779.432,PM2.5 > 250
6.1,6.1,41.50541,-81.66791,2024-11-02,13:00:00,2101.504,PM2.5 > 250
6.1,6.1,41.50541,-81.66791,2024-11-02,18:00:00,2273.737,PM2.5 > 250
6.1,6.1,41.50541,-81.66791,2024-11-02,19:30:00,405.651,PM2.5 > 250
6.1,6.1,41.50541,-81.66791,2024-11-03,00:30:00,1723.896,PM2.5 > 250
6.1,6.1,41.50541,-81.66791,2024-11-03,01:30:00,2263.451,PM2.5 > 250
6.1,6.1,41.50541,-81.66791,2024-11-03,02:00:00,2522.463,PM2.5 > 250
6.1,6.1,41.50541,-81.66791,2024-11-03,03:00:00,3010.462,PM2.5 > 250
6.1,6.1,41.50541,-81.66791,2024-11-03,04:30:00,1973.81,PM2.5 > 250
6.1,6.1,41.50541,-81.66791,2024-11-03,06:00:00,1783.374,PM2.5 > 250
6.1,6.1,41.50541,-81.66791,2024-11-03,08:30:00,1948.736,PM2.5 > 250
6.1,6.1,41.50541,-81.66791,2024-11-03,09:00:00,4489.066,PM2.5 > 250
6.1,6.1,41.50541,-81.66791,2024-11-03,11:00:00,1212.964,PM2.5 > 250
6.1,6.1,41.50541,-81.66791,2024-11-03,11:30:00,2130.092,PM2.5 > 250
6.1,6.1,41.50541,-81.66791,2024-11-03,12:30:00,1675.018,PM2.5 > 250
6.1,6.1,41.50541,-81.66791,2024-11-03,14:30:00,360.808,PM2.5 > 250
6.1,6.1,41.50541,-81.66791,2024-11-03,20:30:00,271.855,PM2.5 > 250
6.1,6.1,41.50541,-81.66791,2024-11-04,10:00:00,302.703,PM2.5 > 250
6.1,6.1,41.50541,-81.66791,2024-11-04,11:30:00,425.66,PM2.5 > 250
6.1,6.1,41.50541,-81.66791,2024-11-04,12:00:00,466.655,PM2.5 > 250
6.1,6.1,41.50541,-81.66791,2024-11-04,19:00:00,530.797,PM2.5 > 250
6.1,6.1,41.50541,-81.66791,2024-11-05,16:00:00,339.273,PM2.5 > 250
6.1,6.1,41.50541,-81.66791,2024-11-05,18:00:00,562.146,PM2.5 > 250
6.1,6.1,41.50541,-81.66791,2024-11-05,20:30:00,740.147,PM2.5 > 250
6.1,6.1,41.50541,-81.66791,2024-11-05,22:00:00,555.428,PM2.5 > 250
6.1,6.1,41.50541,-81.66791,2024-11-06,08:00:00,474.898,PM2.5 > 250
6.1,6.1,41.50541,-81.66791,2024-11-06,08:30:00,1629.697,PM2.5 > 250
6.1,6.1,41.50541,-81.66791,2024-11-06,10:30:00,490.475,PM2.5 > 250
6.1,6.1,41.50541,-81.66791,2024-11-06,11:30:00,1091.027,PM2.5 > 250
6.1,6.1,41.50541,-81.66791,2024-11-06,15:30:00,1037.286,PM2.5 > 250
6.1,6.1,41.50541,-81.66791,2024-11-06,16:30:00,556.711,PM2.5 > 250
6.1,6.1,41.50541,-81.66791,2024-11-06,19:00:00,263.423,PM2.5 > 250
6.1,6.1,41.50541,-81.66791,2024-11-06,19:30:00,613.301,PM2.5 > 250
6.1,6.1,41.50541,-81.66791,2024-11-06,23:00:00,951.567,PM2.5 > 250
6.1,6.1,41.50541,-81.66791,2024-11-07,00:30:00,458.099,PM2.5 > 250
6.1,6.1,41.50541,-81.66791,2024-11-07,05:00:00,630.221,PM2.5 > 250
6.1,6.1,41.50541,-81.66791,2024-11-07,09:30:00,399.196,PM2.5 > 250
6.1,6.1,41.50541,-81.66791,2024-11-07,13:30:00,256.097,PM2.5 > 250
6.1,6.1,41.50541,-81.66791,2024-11-07,14:30:00,5392.194,PM2.5 > 250
11.1,11.1_32.1_18.2,41.56206,-81.564009,2025-03-28,07:30:00,1231.466,PM2.5 > 250
17.2,9.1_17.2,41.49212,-81.67856,2025-06-07,02:00:00,581.901,PM2.5 > 250
18.1,18.1_26.1,41.47918,-81.75257,2025-04-26,03:00:00,294.239,PM2.5 > 250
18.1,18.1_26.1,41.47918,-81.75257,2025-04-26,16:00:00,495.961,PM2.5 > 250
18.1,18.1_26.1,41.47918,-81.75257,2025-04-26,16:30:00,1159.71,PM2.5 > 250
18.1,18.1_26.1,41.47918,-81.75257,2025-04-26,17:00:00,329.431,PM2.5 > 250
18.1,18.1_26.1,41.47918,-81.75257,2025-04-26,17:30:00,374.368,PM2.5 > 250
18.1,18.1_26.1,41.47918,-81.75257,2025-04-26,18:00:00,957.547,PM2.5 > 250
18.1,18.1_26.1,41.47918,-81.75257,2025-04-26,18:30:00,1138.143,PM2.5 > 250
18.1,18.1_26.1,41.47918,-81.75257,2025-04-26,19:00:00,1773.672,PM2.5 > 250
18.1,18.1_26.1,41.47918,-81.75257,2025-04-26,19:30:00,1598.412,PM2.5 > 250
18.1,18.1_26.1,41.47918,-81.75257,2025-04-26,20:00:00,1626.31,PM2.5 > 250
18.1,18.1_26.1,41.47918,-81.75257,2025-04-26,20:30:00,1389.791,PM2.5 > 250
18.1,18.1_26.1,41.47918,-81.75257,2025-04-26,21:00:00,1504.778,PM2.5 > 250
18.1,18.1_26.1,41.47918,-81.75257,2025-04-26,21:30:00,820.563,PM2.5 > 250
18.1,18.1_26.1,41.47918,-81.75257,2025-04-26,22:00:00,785.32,PM2.5 > 250
18.1,18.1_26.1,41.47918,-81.75257,2025-04-26,22:30:00,687.258,PM2.5 > 250
18.1,18.1_26.1,41.47918,-81.75257,2025-04-26,23:00:00,592.951,PM2.5 > 250
18.1,18.1_26.1,41.47918,-81.75257,2025-04-26,23:30:00,435.307,PM2.5 > 250
18.1,18.1_26.1,41.47918,-81.75257,2025-04-27,00:00:00,265.061,PM2.5 > 250
18.1,18.1_26.1,41.47918,-81.75257,2025-04-27,03:30:00,253.482,PM2.5 > 250
18.1,18.1_26.1,41.47918,-81.75257,2025-04-27,11:30:00,1425.288,PM2.5 > 250
18.1,18.1_26.1,41.47918,-81.75257,2025-04-27,12:00:00,1996.534,PM2.5 > 250
18.1,18.1_26.1,41.47918,-81.75257,2025-04-27,12:30:00,506.496,PM2.5 > 250
18.1,18.1_26.1,41.47918,-81.75257,2025-04-27,13:00:00,494.449,PM2.5 > 250
18.1,18.1_26.1,41.47918,-81.75257,2025-04-27,13:30:00,695.325,PM2.5 > 250
18.1,18.1_26.1,41.47918,-81.75257,2025-04-27,14:00:00,1160.734,PM2.5 > 250
18.1,18.1_26.1,41.47918,-81.75257,2025-04-27,14:30:00,1318.397,PM2.5 > 250
18.1,18.1_26.1,41.47918,-81.75257,2025-04-27,15:00:00,268.289,PM2.5 > 250
18.1,18.1_26.1,41.47918,-81.75257,2025-04-27,15:30:00,609.611,PM2.5 > 250
18.1,18.1_26.1,41.47918,-81.75257,2025-04-27,16:00:00,1345.203,PM2.5 > 250
18.1,18.1_26.1,41.47918,-81.75257,2025-04-27,16:30:00,288.081,PM2.5 > 250
18.1,18.1_26.1,41.47918,-81.75257,2025-04-27,17:00:00,741.756,PM2.5 > 250
18.1,18.1_26.1,41.47918,-81.75257,2025-04-27,17:30:00,1091.721,PM2.5 > 250
18.1,18.1_26.1,41.47918,-81.75257,2025-04-27,18:00:00,263.159,PM2.5 > 250
18.1,18.1_26.1,41.47918,-81.75257,2025-04-27,18:30:00,522.015,PM2.5 > 250
18.1,18.1_26.1,41.47918,-81.75257,2025-04-27,19:00:00,1957.418,PM2.5 > 250
18.1,18.1_26.1,41.47918,-81.75257,2025-04-27,19:30:00,1738.302,PM2.5 > 250
18.1,18.1_26.1,41.47918,-81.75257,2025-04-27,20:00:00,2737.637,PM2.5 > 250
18.1,18.1_26.1,41.47918,-81.75257,2025-04-27,20:30:00,2490.213,PM2.5 > 250
18.1,18.1_26.1,41.47918,-81.75257,2025-04-27,21:00:00,2057.832,PM2.5 > 250
18.1,18.1_26.1,41.47918,-81.75257,2025-04-27,21:30:00,1810.115,PM2.5 > 250
18.1,18.1_26.1,41.47918,-81.75257,2025-04-27,22:30:00,1642.552,PM2.5 > 250
18.1,18.1_26.1,41.47918,-81.75257,2025-04-27,23:00:00,459.498,PM2.5 > 250
18.1,18.1_26.1,41.47918,-81.75257,2025-04-27,23:30:00,367.796,PM2.5 > 250
18.1,18.1_26.1,41.47918,-81.75257,2025-04-28,00:00:00,457.967,PM2.5 > 250
18.1,18.1_26.1,41.47918,-81.75257,2025-04-28,03:00:00,523.228,PM2.5 > 250
18.1,18.1_26.1,41.47918,-81.75257,2025-04-28,03:30:00,688.467,PM2.5 > 250
18.1,18.1_26.1,41.47918,-81.75257,2025-04-28,04:00:00,478.324,PM2.5 > 250
18.1,18.1_26.1,41.47918,-81.75257,2025-04-28,11:30:00,400.873,PM2.5 > 250
18.1,18.1_26.1,41.47918,-81.75257,2025-04-28,12:00:00,625.043,PM2.5 > 250
18.1,18.1_26.1,41.47918,-81.75257,2025-04-28,12:30:00,1180.799,PM2.5 > 250
18.1,18.1_26.1,41.47918,-81.75257,2025-04-28,13:00:00,1629.851,PM2.5 > 250
18.1,18.1_26.1,41.47918,-81.75257,2025-04-28,13:30:00,3244.474,PM2.5 > 250
18.1,18.1_26.1,41.47918,-81.75257,2025-04-28,14:00:00,3417.862,PM2.5 > 250
18.1,18.1_26.1,41.47918,-81.75257,2025-04-28,14:30:00,1279.476,PM2.5 > 250
18.1,18.1_26.1,41.47918,-81.75257,2025-04-28,15:00:00,312.048,PM2.5 > 250
18.2,11.1_32.1_18.2,41.56206,-81.564009,2025-10-07,14:00:00,424.119,PM2.5 > 250
18.2,11.1_32.1_18.2,41.56206,-81.564009,2025-10-09,00:00:00,4694.168,PM2.5 > 250
18.2,11.1_32.1_18.2,41.56206,-81.564009,2025-10-09,07:30:00,4130.89,PM2.5 > 250
18.2,11.1_32.1_18.2,41.56206,-81.564009,2025-10-10,14:30:00,700.251,PM2.5 > 250
18.2,11.1_32.1_18.2,41.56206,-81.564009,2025-10-11,04:30:00,276.161,PM2.5 > 250
18.2,11.1_32.1_18.2,41.56206,-81.564009,2025-10-14,12:00:00,417.944,PM2.5 > 250
18.2,11.1_32.1_18.2,41.56206,-81.564009,2025-10-15,10:00:00,576.748,PM2.5 > 250
18.2,11.1_32.1_18.2,41.56206,-81.564009,2025-10-15,10:30:00,448.778,PM2.5 > 250
18.2,11.1_32.1_18.2,41.56206,-81.564009,2025-10-16,00:00:00,392.245,PM2.5 > 250
18.2,11.1_32.1_18.2,41.56206,-81.564009,2025-10-20,09:30:00,1491.95,PM2.5 > 250
18.2,11.1_32.1_18.2,41.56206,-81.564009,2025-10-20,10:00:00,2751.333,PM2.5 > 250
18.2,11.1_32.1_18.2,41.56206,-81.564009,2025-10-20,11:30:00,556.556,PM2.5 > 250
18.2,11.1_32.1_18.2,41.56206,-81.564009,2025-10-20,23:00:00,477.925,PM2.5 > 250
18.2,11.1_32.1_18.2,41.56206,-81.564009,2025-10-21,04:30:00,412.267,PM2.5 > 250
18.2,11.1_32.1_18.2,41.56206,-81.564009,2025-10-21,07:30:00,2551.725,PM2.5 > 250
18.2,11.1_32.1_18.2,41.56206,-81.564009,2025-10-21,09:30:00,2939.766,PM2.5 > 250
18.2,11.1_32.1_18.2,41.56206,-81.564009,2025-10-21,11:00:00,2483.902,PM2.5 > 250
18.2,11.1_32.1_18.2,41.56206,-81.564009,2025-10-23,09:30:00,668.542,PM2.5 > 250
18.2,11.1_32.1_18.2,41.56206,-81.564009,2025-10-23,11:30:00,1157.076,PM2.5 > 250
18.2,11.1_32.1_18.2,41.56206,-81.564009,2025-10-23,20:30:00,1376.052,PM2.5 > 250
18.2,11.1_32.1_18.2,41.56206,-81.564009,2025-10-23,23:00:00,1473.154,PM2.5 > 250
18.2,11.1_32.1_18.2,41.56206,-81.564009,2025-10-24,21:30:00,823.562,PM2.5 > 250
18.2,11.1_32.1_18.2,41.56206,-81.564009,2025-10-25,05:00:00,379.726,PM2.5 > 250
18.2,11.1_32.1_18.2,41.56206,-81.564009,2025-10-25,14:00:00,2246.667,PM2.5 > 250
18.2,11.1_32.1_18.2,41.56206,-81.564009,2025-10-28,23:30:00,603.271,PM2.5 > 250
18.2,11.1_32.1_18.2,41.56206,-81.564009,2025-10-30,08:30:00,699.872,PM2.5 > 250
18.2,11.1_32.1_18.2,41.56206,-81.564009,2025-10-30,15:00:00,276.552,PM2.5 > 250
18.2,11.1_32.1_18.2,41.56206,-81.564009,2025-10-30,16:30:00,256.564,PM2.5 > 250
18.2,11.1_32.1_18.2,41.56206,-81.564009,2025-10-31,17:00:00,791.378,PM2.5 > 250
18.2,11.1_32.1_18.2,41.56206,-81.564009,2025-10-31,20:00:00,2898.954,PM2.5 > 250
18.2,11.1_32.1_18.2,41.56206,-81.564009,2025-10-31,20:30:00,1118.526,PM2.5 > 250
18.2,11.1_32.1_18.2,41.56206,-81.564009,2025-10-31,22:30:00,3713.25,PM2.5 > 250
18.2,11.1_32.1_18.2,41.56206,-81.564009,2025-11-02,12:30:00,460.012,PM2.5 > 250
18.2,11.1_32.1_18.2,41.56206,-81.564009,2025-11-04,07:00:00,2172.92,PM2.5 > 250
18.2,11.1_32.1_18.2,41.56206,-81.564009,2025-11-05,04:00:00,659.213,PM2.5 > 250
18.2,11.1_32.1_18.2,41.56206,-81.564009,2025-11-05,05:00:00,291.935,PM2.5 > 250
18.2,11.1_32.1_18.2,41.56206,-81.564009,2025-11-05,13:00:00,2862.296,PM2.5 > 250
18.2,11.1_32.1_18.2,41.56206,-81.564009,2025-11-09,01:00:00,290.959,PM2.5 > 250
18.2,11.1_32.1_18.2,41.56206,-81.564009,2025-11-10,15:30:00,1094.501,PM2.5 > 250
18.2,11.1_32.1_18.2,41.56206,-81.564009,2025-11-10,16:00:00,264.758,PM2.5 > 250
18.2,11.1_32.1_18.2,41.56206,-81.564009,2025-11-10,18:30:00,397.033,PM2.5 > 250
18.2,11.1_32.1_18.2,41.56206,-81.564009,2025-11-10,19:00:00,3830.686,PM2.5 > 250
18.2,11.1_32.1_18.2,41.56206,-81.564009,2025-11-11,05:00:00,508.886,PM2.5 > 250
18.2,11.1_32.1_18.2,41.56206,-81.564009,2025-11-11,18:00:00,1047.671,PM2.5 > 250
18.2,11.1_32.1_18.2,41.56206,-81.564009,2025-11-11,20:30:00,618.886,PM2.5 > 250
18.2,11.1_32.1_18.2,41.56206,-81.564009,2025-11-12,12:00:00,504.028,PM2.5 > 250
18.2,11.1_32.1_18.2,41.56206,-81.564009,2025-11-13,12:00:00,801.692,PM2.5 > 250
18.2,11.1_32.1_18.2,41.56206,-81.564009,2025-11-13,17:30:00,744.061,PM2.5 > 250
18.2,11.1_32.1_18.2,41.56206,-81.564009,2025-11-14,01:30:00,853.936,PM2.5 > 250
18.2,11.1_32.1_18.2,41.56206,-81.564009,2025-11-15,07:00:00,544.098,PM2.5 > 250
18.2,11.1_32.1_18.2,41.56206,-81.564009,2025-11-16,05:30:00,574.583,PM2.5 > 250
18.2,11.1_32.1_18.2,41.56206,-81.564009,2025-11-17,09:00:00,956.727,PM2.5 > 250
18.2,11.1_32.1_18.2,41.56206,-81.564009,2025-11-17,10:00:00,1880.58,PM2.5 > 250
18.2,11.1_32.1_18.2,41.56206,-81.564009,2025-11-17,14:00:00,1686.807,PM2.5 > 250
18.2,11.1_32.1_18.2,41.56206,-81.564009,2025-11-18,20:30:00,1358.125,PM2.5 > 250
18.2,11.1_32.1_18.2,41.56206,-81.564009,2025-11-18,22:30:00,281.341,PM2.5 > 250
18.2,11.1_32.1_18.2,41.56206,-81.564009,2025-11-18,23:00:00,300.772,PM2.5 > 250
18.2,11.1_32.1_18.2,41.56206,-81.564009,2025-11-19,02:00:00,717.175,PM2.5 > 250
18.2,11.1_32.1_18.2,41.56206,-81.564009,2025-11-19,12:30:00,546.908,PM2.5 > 250
18.2,11.1_32.1_18.2,41.56206,-81.564009,2025-11-19,19:00:00,265.451,PM2.5 > 250
18.2,11.1_32.1_18.2,41.56206,-81.564009,2025-11-20,18:00:00,1044.037,PM2.5 > 250
18.2,11.1_32.1_18.2,41.56206,-81.564009,2025-11-21,11:30:00,622.31,PM2.5 > 250
18.2,11.1_32.1_18.2,41.56206,-81.564009,2025-11-21,14:00:00,427.579,PM2.5 > 250
18.2,11.1_32.1_18.2,41.56206,-81.564009,2025-11-22,03:30:00,1802.573,PM2.5 > 250
18.2,11.1_32.1_18.2,41.56206,-81.564009,2025-11-22,04:00:00,530.888,PM2.5 > 250
18.2,11.1_32.1_18.2,41.56206,-81.564009,2025-11-22,16:30:00,1779.119,PM2.5 > 250
18.2,11.1_32.1_18.2,41.56206,-81.564009,2025-11-23,01:00:00,472.253,PM2.5 > 250
18.2,11.1_32.1_18.2,41.56206,-81.564009,2025-11-23,06:00:00,251.043,PM2.5 > 250
18.2,11.1_32.1_18.2,41.56206,-81.564009,2025-11-23,19:30:00,311.668,PM2.5 > 250
18.2,11.1_32.1_18.2,41.56206,-81.564009,2025-11-24,08:30:00,808.985,PM2.5 > 250
18.2,11.1_32.1_18.2,41.56206,-81.564009,2025-11-26,07:30:00,1021.283,PM2.5 > 250
18.2,11.1_32.1_18.2,41.56206,-81.564009,2025-11-26,09:30:00,670.86,PM2.5 > 250
18.2,11.1_32.1_18.2,41.56206,-81.564009,2025-12-08,12:30:00,1958.172,PM2.5 > 250
18.2,11.1_32.1_18.2,41.56206,-81.564009,2025-12-08,13:00:00,6547.996,PM2.5 > 250
18.2,11.1_32.1_18.2,41.56206,-81.564009,2025-12-08,23:30:00,311.367,PM2.5 > 250
18.2,11.1_32.1_18.2,41.56206,-81.564009,2025-12-09,22:00:00,453.66,PM2.5 > 250
18.2,11.1_32.1_18.2,41.56206,-81.564009,2025-12-10,00:30:00,721.34,PM2.5 > 250
18.2,11.1_32.1_18.2,41.56206,-81.564009,2025-12-10,03:30:00,1006.466,PM2.5 > 250
18.2,11.1_32.1_18.2,41.56206,-81.564009,2025-12-10,23:00:00,1192.204,PM2.5 > 250
18.2,11.1_32.1_18.2,41.56206,-81.564009,2025-12-11,19:00:00,295.607,PM2.5 > 250
18.2,11.1_32.1_18.2,41.56206,-81.564009,2025-12-13,12:00:00,1401.666,PM2.5 > 250
18.2,11.1_32.1_18.2,41.56206,-81.564009,2025-12-13,15:00:00,430.098,PM2.5 > 250
18.2,11.1_32.1_18.2,41.56206,-81.564009,2025-12-13,20:00:00,277.227,PM2.5 > 250
18.2,11.1_32.1_18.2,41.56206,-81.564009,2025-12-14,11:00:00,897.107,PM2.5 > 250
18.2,11.1_32.1_18.2,41.56206,-81.564009,2025-12-14,19:00:00,613.933,PM2.5 > 250
18.2,11.1_32.1_18.2,41.56206,-81.564009,2025-12-14,21:00:00,773.878,PM2.5 > 250
18.2,11.1_32.1_18.2,41.56206,-81.564009,2025-12-15,03:30:00,1785.914,PM2.5 > 250
18.2,11.1_32.1_18.2,41.56206,-81.564009,2025-12-15,06:30:00,1020.444,PM2.5 > 250
18.2,11.1_32.1_18.2,41.56206,-81.564009,2025-12-15,11:30:00,541.13,PM2.5 > 250
18.2,11.1_32.1_18.2,41.56206,-81.564009,2025-12-16,10:00:00,742.956,PM2.5 > 250
18.2,11.1_32.1_18.2,41.56206,-81.564009,2025-12-16,22:00:00,1231.128,PM2.5 > 250
18.2,11.1_32.1_18.2,41.56206,-81.564009,2025-12-16,23:30:00,687.745,PM2.5 > 250
18.2,11.1_32.1_18.2,41.56206,-81.564009,2025-12-17,00:30:00,1011.87,PM2.5 > 250
18.2,11.1_32.1_18.2,41.56206,-81.564009,2025-12-17,03:00:00,1197.442,PM2.5 > 250
18.2,11.1_32.1_18.2,41.56206,-81.564009,2025-12-17,03:30:00,721.867,PM2.5 > 250
18.2,11.1_32.1_18.2,41.56206,-81.564009,2025-12-17,11:00:00,478.217,PM2.5 > 250
18.2,11.1_32.1_18.2,41.56206,-81.564009,2025-12-17,14:00:00,576.311,PM2.5 > 250
18.2,11.1_32.1_18.2,41.56206,-81.564009,2025-12-17,17:30:00,2297.31,PM2.5 > 250
18.2,11.1_32.1_18.2,41.56206,-81.564009,2025-12-17,21:30:00,2416.049,PM2.5 > 250
18.2,11.1_32.1_18.2,41.56206,-81.564009,2025-12-17,23:30:00,504.629,PM2.5 > 250
18.2,11.1_32.1_18.2,41.56206,-81.564009,2025-12-19,12:00:00,347.23,PM2.5 > 250
18.2,11.1_32.1_18.2,41.56206,-81.564009,2025-12-23,21:00:00,321.169,PM2.5 > 250
18.2,11.1_32.1_18.2,41.56206,-81.564009,2025-12-23,21:30:00,284.774,PM2.5 > 250
18.2,11.1_32.1_18.2,41.56206,-81.564009,2025-12-25,05:00:00,1090.835,PM2.5 > 250
18.2,11.1_32.1_18.2,41.56206,-81.564009,2025-12-25,07:30:00,362.284,PM2.5 > 250
18.2,11.1_32.1_18.2,41.56206,-81.564009,2025-12-26,16:30:00,514.894,PM2.5 > 250
18.2,11.1_32.1_18.2,41.56206,-81.564009,2025-12-27,18:00:00,400.903,PM2.5 > 250
18.2,11.1_32.1_18.2,41.56206,-81.564009,2025-12-27,22:00:00,947.476,PM2.5 > 250
18.2,11.1_32.1_18.2,41.56206,-81.564009,2025-12-28,06:00:00,4712.617,PM2.5 > 250
18.2,11.1_32.1_18.2,41.56206,-81.564009,2025-12-28,06:30:00,6824.529,PM2.5 > 250
18.2,11.1_32.1_18.2,41.56206,-81.564009,2025-12-28,07:30:00,4579.652,PM2.5 > 250
18.2,11.1_32.1_18.2,41.56206,-81.564009,2025-12-28,20:00:00,956.13,PM2.5 > 250
18.2,11.1_32.1_18.2,41.56206,-81.564009,2025-12-28,23:30:00,879.25,PM2.5 > 250
18.2,11.1_32.1_18.2,41.56206,-81.564009,2025-12-29,00:00:00,1188.925,PM2.5 > 250
18.2,11.1_32.1_18.2,41.56206,-81.564009,2025-12-29,11:00:00,1234.413,PM2.5 > 250
18.2,11.1_32.1_18.2,41.56206,-81.564009,2025-12-29,13:30:00,472.281,PM2.5 > 250
20.1,20.1,41.569957,-81.541194,2025-05-13,14:30:00,306.273,PM2.5 > 250
27.1,27.1,41.50541,-81.66791,2025-08-02,00:30:00,312.788,PM2.5 > 250
27.1,27.1,41.50541,-81.66791,2025-08-02,03:00:00,401.668,PM2.5 > 250
27.1,27.1,41.50541,-81.66791,2025-08-02,03:30:00,478.588,PM2.5 > 250
27.1,27.1,41.50541,-81.66791,2025-08-02,04:00:00,534.448,PM2.5 > 250
27.1,27.1,41.50541,-81.66791,2025-08-02,04:30:00,565.887,PM2.5 > 250
27.1,27.1,41.50541,-81.66791,2025-08-02,05:00:00,505.567,PM2.5 > 250
27.1,27.1,41.50541,-81.66791,2025-08-02,05:30:00,544.73,PM2.5 > 250
27.1,27.1,41.50541,-81.66791,2025-08-02,06:00:00,475.102,PM2.5 > 250
27.1,27.1,41.50541,-81.66791,2025-08-02,06:30:00,906.391,PM2.5 > 250
27.1,27.1,41.50541,-81.66791,2025-08-02,07:00:00,618.421,PM2.5 > 250
27.1,27.1,41.50541,-81.66791,2025-08-02,07:30:00,633.684,PM2.5 > 250
27.1,27.1,41.50541,-81.66791,2025-08-02,08:00:00,566.38,PM2.5 > 250
27.1,27.1,41.50541,-81.66791,2025-08-02,09:00:00,259.998,PM2.5 > 250
27.1,27.1,41.50541,-81.66791,2025-08-02,09:30:00,393.244,PM2.5 > 250
27.1,27.1,41.50541,-81.66791,2025-08-02,10:00:00,853.866,PM2.5 > 250
27.1,27.1,41.50541,-81.66791,2025-08-03,09:30:00,550.624,PM2.5 > 250
27.1,27.1,41.50541,-81.66791,2025-08-03,10:00:00,668.922,PM2.5 > 250
27.1,27.1,41.50541,-81.66791,2025-08-03,10:30:00,578.222,PM2.5 > 250
27.1,27.1,41.50541,-81.66791,2025-08-04,13:30:00,677.499,PM2.5 > 250
27.1,27.1,41.50541,-81.66791,2025-08-04,22:30:00,264.734,PM2.5 > 250
27.1,27.1,41.50541,-81.66791,2025-08-05,21:30:00,250.156,PM2.5 > 250
27.1,27.1,41.50541,-81.66791,2025-08-06,00:00:00,256.695,PM2.5 > 250
27.1,27.1,41.50541,-81.66791,2025-08-06,03:30:00,480.221,PM2.5 > 250
27.1,27.1,41.50541,-81.66791,2025-08-06,04:00:00,480.221,PM2.5 > 250
27.1,27.1,41.50541,-81.66791,2025-08-07,01:30:00,295.66,PM2.5 > 250
27.1,27.1,41.50541,-81.66791,2025-08-23,13:30:00,262.676,PM2.5 > 250
27.1,27.1,41.50541,-81.66791,2025-08-25,10:30:00,529.714,PM2.5 > 250
27.1,27.1,41.50541,-81.66791,2025-08-25,11:30:00,805.966,PM2.5 > 250
27.1,27.1,41.50541,-81.66791,2025-08-25,14:00:00,448.087,PM2.5 > 250
27.1,27.1,41.50541,-81.66791,2025-08-25,16:00:00,396.005,PM2.5 > 250
27.1,27.1,41.50541,-81.66791,2025-08-28,19:00:00,310.701,PM2.5 > 250
27.1,27.1,41.50541,-81.66791,2025-08-29,00:00:00,270.385,PM2.5 > 250
27.1,27.1,41.50541,-81.66791,2025-08-30,19:30:00,512.232,PM2.5 > 250
27.1,27.1,41.50541,-81.66791,2025-09-04,10:30:00,250.474,PM2.5 > 250
27.1,27.1,41.50541,-81.66791,2025-09-04,12:30:00,1117.942,PM2.5 > 250
27.1,27.1,41.50541,-81.66791,2025-09-04,13:00:00,527.246,PM2.5 > 250
27.1,27.1,41.50541,-81.66791,2025-09-04,13:30:00,896.248,PM2.5 > 250
27.1,27.1,41.50541,-81.66791,2025-09-04,14:00:00,292.556,PM2.5 > 250
27.1,27.1,41.50541,-81.66791,2025-09-04,14:30:00,288.593,PM2.5 > 250
27.1,27.1,41.50541,-81.66791,2025-09-04,15:30:00,572.3,PM2.5 > 250
27.1,27.1,41.50541,-81.66791,2025-09-04,23:30:00,2201.116,PM2.5 > 250
27.1,27.1,41.50541,-81.66791,2025-09-05,04:30:00,325.306,PM2.5 > 250
27.1,27.1,41.50541,-81.66791,2025-09-05,09:00:00,274.849,PM2.5 > 250
27.1,27.1,41.50541,-81.66791,2025-09-05,09:30:00,308.671,PM2.5 > 250
27.1,27.1,41.50541,-81.66791,2025-09-05,11:00:00,579.726,PM2.5 > 250
27.1,27.1,41.50541,-81.66791,2025-09-05,11:30:00,256.497,PM2.5 > 250
27.1,27.1,41.50541,-81.66791,2025-09-05,12:00:00,505.452,PM2.5 > 250
27.1,27.1,41.50541,-81.66791,2025-09-06,12:00:00,661.014,PM2.5 > 250
27.1,27.1,41.50541,-81.66791,2025-09-06,13:00:00,446.247,PM2.5 > 250
27.1,27.1,41.50541,-81.66791,2025-09-12,12:00:00,273.958,PM2.5 > 250
27.1,27.1,41.50541,-81.66791,2025-09-12,22:00:00,4218.791,PM2.5 > 250
27.1,27.1,41.50541,-81.66791,2025-09-14,04:00:00,499.994,PM2.5 > 250
27.1,27.1,41.50541,-81.66791,2025-09-14,08:00:00,314.555,PM2.5 > 250
27.1,27.1,41.50541,-81.66791,2025-09-14,10:00:00,280.832,PM2.5 > 250
27.1,27.1,41.50541,-81.66791,2025-09-14,11:30:00,308.794,PM2.5 > 250
27.1,27.1,41.50541,-81.66791,2025-09-15,23:00:00,503.373,PM2.5 > 250
27.1,27.1,41.50541,-81.66791,2025-09-16,11:00:00,589.68,PM2.5 > 250
27.1,27.1,41.50541,-81.66791,2025-09-17,10:00:00,404.854,PM2.5 > 250
27.1,27.1,41.50541,-81.66791,2025-09-17,11:30:00,347.967,PM2.5 > 250
27.1,27.1,41.50541,-81.66791,2025-09-19,11:00:00,546.89,PM2.5 > 250
27.1,27.1,41.50541,-81.66791,2025-09-22,04:00:00,664.335,PM2.5 > 250
27.1,27.1,41.50541,-81.66791,2025-09-22,11:00:00,320.271,PM2.5 > 250
27.1,27.1,41.50541,-81.66791,2025-09-22,12:00:00,260.169,PM2.5 > 250
27.1,27.1,41.50541,-81.66791,2025-09-22,23:30:00,482.189,PM2.5 > 250
27.1,27.1,41.50541,-81.66791,2025-09-27,10:30:00,261.225,PM2.5 > 250
27.1,27.1,41.50541,-81.66791,2025-09-27,11:00:00,261.225,PM2.5 > 250
27.1,27.1,41.50541,-81.66791,2025-09-28,11:00:00,590.397,PM2.5 > 250
27.1,27.1,41.50541,-81.66791,2025-09-28,11:30:00,349.826,PM2.5 > 250
27.1,27.1,41.50541,-81.66791,2025-09-29,08:00:00,410.677,PM2.5 > 250
27.1,27.1,41.50541,-81.66791,2025-09-29,08:30:00,261.254,PM2.5 > 250
27.1,27.1,41.50541,-81.66791,2025-09-29,09:30:00,309.632,PM2.5 > 250
27.1,27.1,41.50541,-81.66791,2025-09-29,11:00:00,446.968,PM2.5 > 250
27.1,27.1,41.50541,-81.66791,2025-09-29,11:30:00,374.479,PM2.5 > 250
27.1,27.1,41.50541,-81.66791,2025-09-30,09:30:00,662.061,PM2.5 > 250
27.1,27.1,41.50541,-81.66791,2025-09-30,10:00:00,336.8,PM2.5 > 250
27.1,27.1,41.50541,-81.66791,2025-09-30,10:30:00,747.291,PM2.5 > 250
27.1,27.1,41.50541,-81.66791,2025-09-30,11:00:00,393.306,PM2.5 > 250
27.1,27.1,41.50541,-81.66791,2025-09-30,11:30:00,584.499,PM2.5 > 250
27.1,27.1,41.50541,-81.66791,2025-09-30,12:00:00,754.956,PM2.5 > 250
27.1,27.1,41.50541,-81.66791,2025-10-01,01:30:00,358.992,PM2.5 > 250
27.1,27.1,41.50541,-81.66791,2025-10-01,03:30:00,379.969,PM2.5 > 250
27.1,27.1,41.50541,-81.66791,2025-10-01,04:00:00,942.406,PM2.5 > 250
27.1,27.1,41.50541,-81.66791,2025-10-01,04:30:00,438.177,PM2.5 > 250
27.1,27.1,41.50541,-81.66791,2025-10-01,05:00:00,487.817,PM2.5 > 250
27.1,27.1,41.50541,-81.66791,2025-10-03,11:30:00,301.432,PM2.5 > 250
27.1,27.1,41.50541,-81.66791,2025-10-03,13:30:00,368.044,PM2.5 > 250
27.1,27.1,41.50541,-81.66791,2025-10-04,09:30:00,656.88,PM2.5 > 250
27.1,27.1,41.50541,-81.66791,2025-10-04,10:00:00,366.088,PM2.5 > 250
27.1,27.1,41.50541,-81.66791,2025-10-04,10:30:00,328.792,PM2.5 > 250
27.1,27.1,41.50541,-81.66791,2025-10-04,11:30:00,722.824,PM2.5 > 250
27.1,27.1,41.50541,-81.66791,2025-10-04,12:00:00,483.898,PM2.5 > 250
27.1,27.1,41.50541,-81.66791,2025-10-04,12:30:00,693.613,PM2.5 > 250
27.1,27.1,41.50541,-81.66791,2025-10-05,11:00:00,271.224,PM2.5 > 250
27.1,27.1,41.50541,-81.66791,2025-10-05,11:30:00,530.555,PM2.5 > 250
27.1,27.1,41.50541,-81.66791,2025-10-06,06:00:00,594.454,PM2.5 > 250
27.1,27.1,41.50541,-81.66791,2025-10-06,10:30:00,264.455,PM2.5 > 250
27.1,27.1,41.50541,-81.66791,2025-10-07,08:30:00,852.516,PM2.5 > 250
27.1,27.1,41.50541,-81.66791,2025-10-07,09:00:00,253.376,PM2.5 > 250
27.1,27.1,41.50541,-81.66791,2025-10-07,09:30:00,263.941,PM2.5 > 250
27.1,27.1,41.50541,-81.66791,2025-10-07,10:00:00,1039.476,PM2.5 > 250
27.1,27.1,41.50541,-81.66791,2025-10-07,10:30:00,927.666,PM2.5 > 250
27.1,27.1,41.50541,-81.66791,2025-10-07,11:00:00,1393.069,PM2.5 > 250
27.1,27.1,41.50541,-81.66791,2025-10-07,12:30:00,1393.069,PM2.5 > 250
27.1,27.1,41.50541,-81.66791,2025-10-07,15:00:00,489.895,PM2.5 > 250
27.1,27.1,41.50541,-81.66791,2025-10-07,17:30:00,387.794,PM2.5 > 250
27.1,27.1,41.50541,-81.66791,2025-10-07,18:00:00,1359.166,PM2.5 > 250
27.1,27.1,41.50541,-81.66791,2025-10-07,18:30:00,1359.166,PM2.5 > 250
27.1,27.1,41.50541,-81.66791,2025-10-07,21:30:00,504.841,PM2.5 > 250
27.1,27.1,41.50541,-81.66791,2025-10-07,22:00:00,486.961,PM2.5 > 250
27.1,27.1,41.50541,-81.66791,2025-10-07,23:00:00,385.81,PM2.5 > 250
27.1,27.1,41.50541,-81.66791,2025-10-10,10:30:00,323.014,PM2.5 > 250
27.1,27.1,41.50541,-81.66791,2025-10-10,11:30:00,450.277,PM2.5 > 250
27.1,27.1,41.50541,-81.66791,2025-10-12,02:30:00,306.115,PM2.5 > 250
27.1,27.1,41.50541,-81.66791,2025-10-12,06:30:00,904.408,PM2.5 > 250
27.1,27.1,41.50541,-81.66791,2025-10-12,07:30:00,532.718,PM2.5 > 250
27.1,27.1,41.50541,-81.66791,2025-10-12,08:00:00,485.264,PM2.5 > 250
27.1,27.1,41.50541,-81.66791,2025-10-12,09:00:00,566.869,PM2.5 > 250
27.1,27.1,41.50541,-81.66791,2025-10-12,10:00:00,327.859,PM2.5 > 250
27.1,27.1,41.50541,-81.66791,2025-10-12,10:30:00,604.514,PM2.5 > 250
27.1,27.1,41.50541,-81.66791,2025-10-12,11:00:00,350.966,PM2.5 > 250
27.1,27.1,41.50541,-81.66791,2025-10-12,11:30:00,484.755,PM2.5 > 250
27.1,27.1,41.50541,-81.66791,2025-10-12,12:00:00,332.137,PM2.5 > 250
27.1,27.1,41.50541,-81.66791,2025-10-12,18:30:00,2604.128,PM2.5 > 250
27.1,27.1,41.50541,-81.66791,2025-10-13,02:00:00,325.244,PM2.5 > 250
27.1,27.1,41.50541,-81.66791,2025-10-13,03:30:00,1226.095,PM2.5 > 250
27.1,27.1,41.50541,-81.66791,2025-10-13,04:00:00,293.478,PM2.5 > 250
27.1,27.1,41.50541,-81.66791,2025-10-13,04:30:00,461.298,PM2.5 > 250
27.1,27.1,41.50541,-81.66791,2025-10-13,05:00:00,460.334,PM2.5 > 250
27.1,27.1,41.50541,-81.66791,2025-10-13,11:30:00,1282.914,PM2.5 > 250
27.1,27.1,41.50541,-81.66791,2025-10-13,21:00:00,392.306,PM2.5 > 250
27.1,27.1,41.50541,-81.66791,2025-10-14,00:00:00,258.255,PM2.5 > 250
27.1,27.1,41.50541,-81.66791,2025-10-14,00:30:00,667.094,PM2.5 > 250
27.1,27.1,41.50541,-81.66791,2025-10-14,01:00:00,646.63,PM2.5 > 250
27.1,27.1,41.50541,-81.66791,2025-10-14,01:30:00,527.821,PM2.5 > 250
27.1,27.1,41.50541,-81.66791,2025-10-14,02:00:00,432.797,PM2.5 > 250
27.1,27.1,41.50541,-81.66791,2025-10-14,02:30:00,629.977,PM2.5 > 250
27.1,27.1,41.50541,-81.66791,2025-10-14,03:00:00,443.9,PM2.5 > 250
27.1,27.1,41.50541,-81.66791,2025-10-14,03:30:00,1302.404,PM2.5 > 250
27.1,27.1,41.50541,-81.66791,2025-10-14,04:00:00,317.758,PM2.5 > 250
27.1,27.1,41.50541,-81.66791,2025-10-14,04:30:00,499.16,PM2.5 > 250
27.1,27.1,41.50541,-81.66791,2025-10-14,05:00:00,963.126,PM2.5 > 250
27.1,27.1,41.50541,-81.66791,2025-10-14,06:00:00,409.3,PM2.5 > 250
27.1,27.1,41.50541,-81.66791,2025-10-14,06:30:00,409.3,PM2.5 > 250
27.1,27.1,41.50541,-81.66791,2025-10-14,07:30:00,270.277,PM2.5 > 250
27.1,27.1,41.50541,-81.66791,2025-10-14,08:00:00,410.242,PM2.5 > 250
27.1,27.1,41.50541,-81.66791,2025-10-14,08:30:00,489.118,PM2.5 > 250
27.1,27.1,41.50541,-81.66791,2025-10-14,09:00:00,910.934,PM2.5 > 250
27.1,27.1,41.50541,-81.66791,2025-10-14,10:00:00,337.702,PM2.5 > 250
27.1,27.1,41.50541,-81.66791,2025-10-14,10:30:00,688.315,PM2.5 > 250
27.1,27.1,41.50541,-81.66791,2025-10-14,11:00:00,284.311,PM2.5 > 250
27.1,27.1,41.50541,-81.66791,2025-10-14,11:30:00,971.459,PM2.5 > 250
27.1,27.1,41.50541,-81.66791,2025-10-14,22:00:00,476.765,PM2.5 > 250
27.1,27.1,41.50541,-81.66791,2025-10-17,09:30:00,316.13,PM2.5 > 250
27.1,27.1,41.50541,-81.66791,2025-10-19,15:00:00,1402.496,PM2.5 > 250
27.1,27.1,41.50541,-81.66791,2025-10-19,15:30:00,728.048,PM2.5 > 250
27.1,27.1,41.50541,-81.66791,2025-10-19,17:00:00,471.952,PM2.5 > 250
27.1,27.1,41.50541,-81.66791,2025-10-19,18:30:00,479.508,PM2.5 > 250
27.1,27.1,41.50541,-81.66791,2025-10-19,19:00:00,381.113,PM2.5 > 250
27.1,27.1,41.50541,-81.66791,2025-10-19,20:30:00,255.854,PM2.5 > 250
27.1,27.1,41.50541,-81.66791,2025-10-19,21:30:00,431.974,PM2.5 > 250
27.1,27.1,41.50541,-81.66791,2025-10-19,22:00:00,750.511,PM2.5 > 250
27.1,27.1,41.50541,-81.66791,2025-10-19,22:30:00,293.292,PM2.5 > 250
27.1,27.1,41.50541,-81.66791,2025-10-19,23:30:00,293.292,PM2.5 > 250
27.1,27.1,41.50541,-81.66791,2025-10-20,00:30:00,293.292,PM2.5 > 250
27.1,27.1,41.50541,-81.66791,2025-10-20,01:00:00,293.292,PM2.5 > 250
27.1,27.1,41.50541,-81.66791,2025-10-20,01:30:00,293.292,PM2.5 > 250
27.1,27.1,41.50541,-81.66791,2025-10-20,02:30:00,293.292,PM2.5 > 250
27.1,27.1,41.50541,-81.66791,2025-10-20,04:00:00,293.292,PM2.5 > 250
27.1,27.1,41.50541,-81.66791,2025-10-20,04:30:00,293.292,PM2.5 > 250
27.1,27.1,41.50541,-81.66791,2025-10-20,05:00:00,293.292,PM2.5 > 250
27.1,27.1,41.50541,-81.66791,2025-10-20,05:30:00,293.292,PM2.5 > 250
27.1,27.1,41.50541,-81.66791,2025-10-20,06:00:00,293.292,PM2.5 > 250
27.1,27.1,41.50541,-81.66791,2025-10-20,09:30:00,293.292,PM2.5 > 250
27.1,27.1,41.50541,-81.66791,2025-10-20,10:00:00,293.292,PM2.5 > 250
27.1,27.1,41.50541,-81.66791,2025-10-20,10:30:00,293.292,PM2.5 > 250
27.1,27.1,41.50541,-81.66791,2025-10-20,11:00:00,293.292,PM2.5 > 250
27.1,27.1,41.50541,-81.66791,2025-10-20,11:30:00,293.292,PM2.5 > 250
27.1,27.1,41.50541,-81.66791,2025-10-20,12:00:00,293.292,PM2.5 > 250
27.1,27.1,41.50541,-81.66791,2025-10-20,12:30:00,293.292,PM2.5 > 250
27.1,27.1,41.50541,-81.66791,2025-10-20,13:00:00,293.292,PM2.5 > 250
27.1,27.1,41.50541,-81.66791,2025-10-20,13:30:00,293.292,PM2.5 > 250
27.1,27.1,41.50541,-81.66791,2025-10-20,14:00:00,293.292,PM2.5 > 250
27.3,27.3,41.46212,-81.59199,2025-12-05,21:00:00,4440.579,PM2.5 > 250
27.3,27.3,41.46212,-81.59199,2025-12-06,07:30:00,363.903,PM2.5 > 250
27.3,27.3,41.46212,-81.59199,2025-12-08,23:30:00,283.505,PM2.5 > 250
27.3,27.3,41.46212,-81.59199,2025-12-09,16:00:00,983.148,PM2.5 > 250
27.3,27.3,41.46212,-81.59199,2025-12-09,16:30:00,469.014,PM2.5 > 250
27.3,27.3,41.46212,-81.59199,2025-12-10,16:00:00,1200.899,PM2.5 > 250
27.3,27.3,41.46212,-81.59199,2025-12-10,18:30:00,727.744,PM2.5 > 250
27.3,27.3,41.46212,-81.59199,2025-12-10,19:00:00,420.383,PM2.5 > 250
27.3,27.3,41.46212,-81.59199,2025-12-10,19:30:00,1271.147,PM2.5 > 250
27.3,27.3,41.46212,-81.59199,2025-12-10,20:00:00,1271.147,PM2.5 > 250
27.3,27.3,41.46212,-81.59199,2025-12-10,20:30:00,1271.147,PM2.5 > 250
27.3,27.3,41.46212,-81.59199,2025-12-10,21:00:00,1307.408,PM2.5 > 250
27.3,27.3,41.46212,-81.59199,2025-12-10,21:30:00,1307.408,PM2.5 > 250
27.3,27.3,41.46212,-81.59199,2025-12-10,22:00:00,1307.408,PM2.5 > 250
27.3,27.3,41.46212,-81.59199,2025-12-24,19:00:00,374.819,PM2.5 > 250
27.3,27.3,41.46212,-81.59199,2025-12-24,22:00:00,340.374,PM2.5 > 250
27.3,27.3,41.46212,-81.59199,2025-12-25,05:30:00,461.378,PM2.5 > 250
27.3,27.3,41.46212,-81.59199,2025-12-25,20:00:00,336.002,PM2.5 > 250
27.3,27.3,41.46212,-81.59199,2025-12-26,15:30:00,515.654,PM2.5 > 250
27.3,27.3,41.46212,-81.59199,2025-12-26,20:00:00,734.946,PM2.5 > 250
27.3,27.3,41.46212,-81.59199,2025-12-26,20:30:00,674.706,PM2.5 > 250
27.3,27.3,41.46212,-81.59199,2025-12-26,21:30:00,558.791,PM2.5 > 250
27.3,27.3,41.46212,-81.59199,2025-12-26,23:00:00,323.695,PM2.5 > 250
27.3,27.3,41.46212,-81.59199,2025-12-26,23:30:00,1146.401,PM2.5 > 250
27.3,27.3,41.46212,-81.59199,2025-12-27,00:00:00,1336.938,PM2.5 > 250
27.3,27.3,41.46212,-81.59199,2025-12-27,02:30:00,470.045,PM2.5 > 250
27.3,27.3,41.46212,-81.59199,2025-12-28,11:30:00,2242.98,PM2.5 > 250
27.3,27.3,41.46212,-81.59199,2025-12-28,12:00:00,2218.939,PM2.5 > 250
27.3,27.3,41.46212,-81.59199,2025-12-28,13:30:00,416.826,PM2.5 > 250
27.3,27.3,41.46212,-81.59199,2025-12-28,15:00:00,1050.438,PM2.5 > 250
27.3,27.3,41.46212,-81.59199,2025-12-31,13:30:00,320.079,PM2.5 > 250
29.1,29.1,41.43498,-81.81362,2025-05-21,10:00:00,393.228,PM2.5 > 250
29.1,29.1,41.43498,-81.81362,2025-05-21,10:30:00,399.037,PM2.5 > 250
30.1,30.1_17.1,41.47473,-81.72846,2025-02-01,02:30:00,250.045,PM2.5 > 250
33.2,13.1_33.2,41.489571,-81.71175,2025-11-25,21:00:00,506.01,PM2.5 > 250
33.2,13.1_33.2,41.489571,-81.71175,2025-11-26,08:00:00,568.78,PM2.5 > 250
33.2,13.1_33.2,41.489571,-81.71175,2025-12-10,05:30:00,414.284,PM2.5 > 250
33.2,13.1_33.2,41.489571,-81.71175,2025-12-10,07:30:00,273.484,PM2.5 > 250
33.2,13.1_33.2,41.489571,-81.71175,2025-12-10,09:00:00,254.657,PM2.5 > 250
33.2,13.1_33.2,41.489571,-81.71175,2025-12-19,04:00:00,719.116,PM2.5 > 250
33.2,13.1_33.2,41.489571,-81.71175,2025-12-22,22:00:00,269.494,PM2.5 > 250
33.2,13.1_33.2,41.489571,-81.71175,2025-12-26,19:00:00,564.805,PM2.5 > 250
33.2,13.1_33.2,41.489571,-81.71175,2025-12-28,02:30:00,291.889,PM2.5 > 250
33.2,13.1_33.2,41.489571,-81.71175,2025-12-28,16:00:00,430.012,PM2.5 > 250
33.2,13.1_33.2,41.489571,-81.71175,2025-12-28,17:00:00,333.49,PM2.5 > 250
33.2,13.1_33.2,41.489571,-81.71175,2025-12-28,20:30:00,252.089,PM2.5 > 250
33.2,13.1_33.2,41.489571,-81.71175,2025-12-28,21:00:00,417.419,PM2.5 > 250
33.2,13.1_33.2,41.489571,-81.71175,2025-12-28,21:30:00,268.935,PM2.5 > 250
33.2,13.1_33.2,41.489571,-81.71175,2025-12-28,22:00:00,534.173,PM2.5 > 250
34.1,34.1_16.1,41.469970000000004,-81.72552,2025-07-05,02:00:00,251.65,PM2.5 > 250
35.1,35.1,41.463988,-81.645973,2025-06-28,03:30:00,626.166,PM2.5 > 250
6.1,6.1,41.50541,-81.66791,2024-11-01,20:00:00,148.646,Remove site 6.1 completely
6.1,6.1,41.50541,-81.66791,2024-11-01,22:00:00,49.569,Remove site 6.1 completely
6.1,6.1,41.50541,-81.66791,2024-11-02,00:00:00,7.398,Remove site 6.1 completely
6.1,6.1,41.50541,-81.66791,2024-11-02,00:30:00,162.571,Remove site 6.1 completely
6.1,6.1,41.50541,-81.66791,2024-11-02,02:30:00,183.819,Remove site 6.1 completely
6.1,6.1,41.50541,-81.66791,2024-11-02,06:30:00,36.151,Remove site 6.1 completely
6.1,6.1,41.50541,-81.66791,2024-11-02,13:30:00,126.568,Remove site 6.1 completely
6.1,6.1,41.50541,-81.66791,2024-11-02,14:30:00,249.642,Remove site 6.1 completely
6.1,6.1,41.50541,-81.66791,2024-11-02,15:00:00,1.94,Remove site 6.1 completely
6.1,6.1,41.50541,-81.66791,2024-11-02,21:00:00,5.178,Remove site 6.1 completely
6.1,6.1,41.50541,-81.66791,2024-11-02,21:30:00,3.229,Remove site 6.1 completely
6.1,6.1,41.50541,-81.66791,2024-11-02,22:00:00,11.55,Remove site 6.1 completely
6.1,6.1,41.50541,-81.66791,2024-11-03,15:30:00,41.73,Remove site 6.1 completely
6.1,6.1,41.50541,-81.66791,2024-11-03,16:00:00,61.458,Remove site 6.1 completely
6.1,6.1,41.50541,-81.66791,2024-11-03,17:00:00,2.117,Remove site 6.1 completely
6.1,6.1,41.50541,-81.66791,2024-11-03,18:00:00,1.674,Remove site 6.1 completely
6.1,6.1,41.50541,-81.66791,2024-11-03,18:30:00,1.674,Remove site 6.1 completely
6.1,6.1,41.50541,-81.66791,2024-11-03,19:00:00,6.142,Remove site 6.1 completely
6.1,6.1,41.50541,-81.66791,2024-11-03,20:00:00,6.287,Remove site 6.1 completely
6.1,6.1,41.50541,-81.66791,2024-11-03,21:30:00,5.491,Remove site 6.1 completely
6.1,6.1,41.50541,-81.66791,2024-11-04,01:00:00,129.584,Remove site 6.1 completely
6.1,6.1,41.50541,-81.66791,2024-11-04,02:00:00,9.534,Remove site 6.1 completely
6.1,6.1,41.50541,-81.66791,2024-11-04,04:00:00,4.904,Remove site 6.1 completely
6.1,6.1,41.50541,-81.66791,2024-11-04,05:00:00,13.633,Remove site 6.1 completely
6.1,6.1,41.50541,-81.66791,2024-11-04,07:00:00,43.892,Remove site 6.1 completely
6.1,6.1,41.50541,-81.66791,2024-11-04,09:00:00,141.605,Remove site 6.1 completely
6.1,6.1,41.50541,-81.66791,2024-11-04,09:30:00,130.634,Remove site 6.1 completely
6.1,6.1,41.50541,-81.66791,2024-11-04,15:30:00,2.058,Remove site 6.1 completely
6.1,6.1,41.50541,-81.66791,2024-11-04,16:00:00,3.377,Remove site 6.1 completely
6.1,6.1,41.50541,-81.66791,2024-11-04,18:00:00,1.719,Remove site 6.1 completely
6.1,6.1,41.50541,-81.66791,2024-11-04,18:30:00,1.719,Remove site 6.1 completely
6.1,6.1,41.50541,-81.66791,2024-11-04,22:30:00,21.536,Remove site 6.1 completely
6.1,6.1,41.50541,-81.66791,2024-11-04,23:00:00,1.004,Remove site 6.1 completely
6.1,6.1,41.50541,-81.66791,2024-11-04,23:30:00,4.096,Remove site 6.1 completely
6.1,6.1,41.50541,-81.66791,2024-11-05,00:30:00,3.29,Remove site 6.1 completely
6.1,6.1,41.50541,-81.66791,2024-11-05,04:30:00,0.811,Remove site 6.1 completely
6.1,6.1,41.50541,-81.66791,2024-11-05,08:00:00,7.154,Remove site 6.1 completely
6.1,6.1,41.50541,-81.66791,2024-11-05,09:30:00,0.619,Remove site 6.1 completely
6.1,6.1,41.50541,-81.66791,2024-11-05,12:30:00,214.629,Remove site 6.1 completely
6.1,6.1,41.50541,-81.66791,2024-11-05,13:30:00,0.632,Remove site 6.1 completely
6.1,6.1,41.50541,-81.66791,2024-11-05,14:30:00,34.699,Remove site 6.1 completely
6.1,6.1,41.50541,-81.66791,2024-11-05,16:30:00,38.908,Remove site 6.1 completely
6.1,6.1,41.50541,-81.66791,2024-11-05,17:00:00,30.067,Remove site 6.1 completely
6.1,6.1,41.50541,-81.66791,2024-11-05,18:30:00,52.902,Remove site 6.1 completely
6.1,6.1,41.50541,-81.66791,2024-11-05,21:00:00,3.596,Remove site 6.1 completely
6.1,6.1,41.50541,-81.66791,2024-11-05,21:30:00,0.704,Remove site 6.1 completely
6.1,6.1,41.50541,-81.66791,2024-11-05,22:30:00,7.479,Remove site 6.1 completely
6.1,6.1,41.50541,-81.66791,2024-11-05,23:30:00,1.894,Remove site 6.1 completely
6.1,6.1,41.50541,-81.66791,2024-11-06,00:30:00,6.906,Remove site 6.1 completely
6.1,6.1,41.50541,-81.66791,2024-11-06,02:00:00,9.026,Remove site 6.1 completely
6.1,6.1,41.50541,-81.66791,2024-11-06,02:30:00,0.594,Remove site 6.1 completely
6.1,6.1,41.50541,-81.66791,2024-11-06,03:00:00,0.689,Remove site 6.1 completely
6.1,6.1,41.50541,-81.66791,2024-11-06,03:30:00,1.718,Remove site 6.1 completely
6.1,6.1,41.50541,-81.66791,2024-11-06,04:00:00,0.654,Remove site 6.1 completely
6.1,6.1,41.50541,-81.66791,2024-11-06,05:00:00,0.647,Remove site 6.1 completely
6.1,6.1,41.50541,-81.66791,2024-11-06,05:30:00,0.819,Remove site 6.1 completely
6.1,6.1,41.50541,-81.66791,2024-11-06,06:00:00,2.514,Remove site 6.1 completely
6.1,6.1,41.50541,-81.66791,2024-11-06,06:30:00,1.797,Remove site 6.1 completely
6.1,6.1,41.50541,-81.66791,2024-11-06,09:00:00,6.586,Remove site 6.1 completely
6.1,6.1,41.50541,-81.66791,2024-11-06,09:30:00,11.019,Remove site 6.1 completely
6.1,6.1,41.50541,-81.66791,2024-11-06,10:00:00,183.865,Remove site 6.1 completely
6.1,6.1,41.50541,-81.66791,2024-11-06,12:00:00,98.208,Remove site 6.1 completely
6.1,6.1,41.50541,-81.66791,2024-11-06,12:30:00,0.843,Remove site 6.1 completely
6.1,6.1,41.50541,-81.66791,2024-11-06,13:00:00,0.937,Remove site 6.1 completely
6.1,6.1,41.50541,-81.66791,2024-11-06,13:30:00,3.031,Remove site 6.1 completely
6.1,6.1,41.50541,-81.66791,2024-11-06,14:30:00,10.004,Remove site 6.1 completely
6.1,6.1,41.50541,-81.66791,2024-11-06,17:00:00,4.045,Remove site 6.1 completely
6.1,6.1,41.50541,-81.66791,2024-11-06,17:30:00,3.382,Remove site 6.1 completely
6.1,6.1,41.50541,-81.66791,2024-11-06,18:00:00,0.853,Remove site 6.1 completely
6.1,6.1,41.50541,-81.66791,2024-11-06,18:30:00,2.37,Remove site 6.1 completely
6.1,6.1,41.50541,-81.66791,2024-11-06,20:30:00,44.972,Remove site 6.1 completely
6.1,6.1,41.50541,-81.66791,2024-11-06,21:00:00,2.483,Remove site 6.1 completely
6.1,6.1,41.50541,-81.66791,2024-11-07,03:00:00,141.231,Remove site 6.1 completely
6.1,6.1,41.50541,-81.66791,2024-11-07,06:00:00,137.592,Remove site 6.1 completely
6.1,6.1,41.50541,-81.66791,2024-11-07,06:30:00,2.281,Remove site 6.1 completely
6.1,6.1,41.50541,-81.66791,2024-11-07,07:00:00,13.799,Remove site 6.1 completely
6.1,6.1,41.50541,-81.66791,2024-11-07,07:30:00,13.807,Remove site 6.1 completely
6.1,6.1,41.50541,-81.66791,2024-11-07,08:30:00,50.801,Remove site 6.1 completely
6.1,6.1,41.50541,-81.66791,2024-11-07,10:30:00,18.549,Remove site 6.1 completely
6.1,6.1,41.50541,-81.66791,2024-11-07,11:00:00,30.803,Remove site 6.1 completely
6.1,6.1,41.50541,-81.66791,2024-11-07,13:00:00,17.923,Remove site 6.1 completely
6.1,6.1,41.50541,-81.66791,2024-11-07,16:00:00,30.221,Remove site 6.1 completely
27.1,27.1,41.50541,-81.66791,2025-07-01,00:00:00,5.314,Trim 27.1 from 2025-07-01 onward
27.1,27.1,41.50541,-81.66791,2025-07-01,00:30:00,5.913,Trim 27.1 from 2025-07-01 onward
27.1,27.1,41.50541,-81.66791,2025-07-01,01:00:00,6.809,Trim 27.1 from 2025-07-01 onward
27.1,27.1,41.50541,-81.66791,2025-07-01,01:30:00,3.921,Trim 27.1 from 2025-07-01 onward
27.1,27.1,41.50541,-81.66791,2025-07-01,02:00:00,10.268,Trim 27.1 from 2025-07-01 onward
27.1,27.1,41.50541,-81.66791,2025-07-01,02:30:00,8.479,Trim 27.1 from 2025-07-01 onward
27.1,27.1,41.50541,-81.66791,2025-07-01,03:00:00,4.819,Trim 27.1 from 2025-07-01 onward
27.1,27.1,41.50541,-81.66791,2025-07-01,03:30:00,4.567,Trim 27.1 from 2025-07-01 onward
27.1,27.1,41.50541,-81.66791,2025-07-01,04:00:00,10.288,Trim 27.1 from 2025-07-01 onward
27.1,27.1,41.50541,-81.66791,2025-07-01,04:30:00,6.985,Trim 27.1 from 2025-07-01 onward
27.1,27.1,41.50541,-81.66791,2025-07-01,05:00:00,8.475,Trim 27.1 from 2025-07-01 onward
27.1,27.1,41.50541,-81.66791,2025-07-01,05:30:00,8.693,Trim 27.1 from 2025-07-01 onward
27.1,27.1,41.50541,-81.66791,2025-07-01,06:00:00,12.656,Trim 27.1 from 2025-07-01 onward
27.1,27.1,41.50541,-81.66791,2025-07-01,06:30:00,10.488,Trim 27.1 from 2025-07-01 onward
27.1,27.1,41.50541,-81.66791,2025-07-01,07:00:00,9.039,Trim 27.1 from 2025-07-01 onward
27.1,27.1,41.50541,-81.66791,2025-07-01,07:30:00,6.376,Trim 27.1 from 2025-07-01 onward
27.1,27.1,41.50541,-81.66791,2025-07-01,08:00:00,7.009,Trim 27.1 from 2025-07-01 onward
27.1,27.1,41.50541,-81.66791,2025-07-01,08:30:00,7.073,Trim 27.1 from 2025-07-01 onward
27.1,27.1,41.50541,-81.66791,2025-07-01,09:00:00,7.147,Trim 27.1 from 2025-07-01 onward
27.1,27.1,41.50541,-81.66791,2025-07-01,10:00:00,11.01,Trim 27.1 from 2025-07-01 onward
27.1,27.1,41.50541,-81.66791,2025-07-01,10:30:00,8.688,Trim 27.1 from 2025-07-01 onward
27.1,27.1,41.50541,-81.66791,2025-07-01,11:00:00,14.345,Trim 27.1 from 2025-07-01 onward
27.1,27.1,41.50541,-81.66791,2025-07-01,11:30:00,14.213,Trim 27.1 from 2025-07-01 onward
27.1,27.1,41.50541,-81.66791,2025-07-01,12:00:00,8.337,Trim 27.1 from 2025-07-01 onward
27.1,27.1,41.50541,-81.66791,2025-07-01,12:30:00,9.052,Trim 27.1 from 2025-07-01 onward
27.1,27.1,41.50541,-81.66791,2025-07-01,13:00:00,13.835,Trim 27.1 from 2025-07-01 onward
27.1,27.1,41.50541,-81.66791,2025-07-01,13:30:00,9.045,Trim 27.1 from 2025-07-01 onward
27.1,27.1,41.50541,-81.66791,2025-07-01,14:00:00,17.965,Trim 27.1 from 2025-07-01 onward
27.1,27.1,41.50541,-81.66791,2025-07-01,14:30:00,12.33,Trim 27.1 from 2025-07-01 onward
27.1,27.1,41.50541,-81.66791,2025-07-01,15:30:00,10.929,Trim 27.1 from 2025-07-01 onward
27.1,27.1,41.50541,-81.66791,2025-07-01,16:00:00,4.725,Trim 27.1 from 2025-07-01 onward
27.1,27.1,41.50541,-81.66791,2025-07-01,16:30:00,4.13,Trim 27.1 from 2025-07-01 onward
27.1,27.1,41.50541,-81.66791,2025-07-01,17:00:00,4.117,Trim 27.1 from 2025-07-01 onward
27.1,27.1,41.50541,-81.66791,2025-07-01,17:30:00,7.233,Trim 27.1 from 2025-07-01 onward
27.1,27.1,41.50541,-81.66791,2025-07-01,18:00:00,2.472,Trim 27.1 from 2025-07-01 onward
27.1,27.1,41.50541,-81.66791,2025-07-01,18:30:00,7.495,Trim 27.1 from 2025-07-01 onward
27.1,27.1,41.50541,-81.66791,2025-07-01,19:00:00,11.182,Trim 27.1 from 2025-07-01 onward
27.1,27.1,41.50541,-81.66791,2025-07-01,19:30:00,7.333,Trim 27.1 from 2025-07-01 onward
27.1,27.1,41.50541,-81.66791,2025-07-01,20:00:00,7.245,Trim 27.1 from 2025-07-01 onward
27.1,27.1,41.50541,-81.66791,2025-07-01,21:00:00,5.528,Trim 27.1 from 2025-07-01 onward
27.1,27.1,41.50541,-81.66791,2025-07-01,21:30:00,2.81,Trim 27.1 from 2025-07-01 onward
27.1,27.1,41.50541,-81.66791,2025-07-01,22:00:00,5.344,Trim 27.1 from 2025-07-01 onward
27.1,27.1,41.50541,-81.66791,2025-07-01,22:30:00,1.252,Trim 27.1 from 2025-07-01 onward
27.1,27.1,41.50541,-81.66791,2025-07-01,23:00:00,4.296,Trim 27.1 from 2025-07-01 onward
27.1,27.1,41.50541,-81.66791,2025-07-01,23:30:00,2.601,Trim 27.1 from 2025-07-01 onward
27.1,27.1,41.50541,-81.66791,2025-07-02,00:00:00,3.131,Trim 27.1 from 2025-07-01 onward
27.1,27.1,41.50541,-81.66791,2025-07-02,00:30:00,3.24,Trim 27.1 from 2025-07-01 onward
27.1,27.1,41.50541,-81.66791,2025-07-02,01:00:00,2.74,Trim 27.1 from 2025-07-01 onward
27.1,27.1,41.50541,-81.66791,2025-07-02,01:30:00,2.378,Trim 27.1 from 2025-07-01 onward
27.1,27.1,41.50541,-81.66791,2025-07-02,02:00:00,5.379,Trim 27.1 from 2025-07-01 onward
27.1,27.1,41.50541,-81.66791,2025-07-02,03:00:00,2.729,Trim 27.1 from 2025-07-01 onward
27.1,27.1,41.50541,-81.66791,2025-07-02,03:30:00,3.174,Trim 27.1 from 2025-07-01 onward
27.1,27.1,41.50541,-81.66791,2025-07-02,04:00:00,5.043,Trim 27.1 from 2025-07-01 onward
27.1,27.1,41.50541,-81.66791,2025-07-02,04:30:00,7.811,Trim 27.1 from 2025-07-01 onward
27.1,27.1,41.50541,-81.66791,2025-07-02,05:00:00,7.045,Trim 27.1 from 2025-07-01 onward
27.1,27.1,41.50541,-81.66791,2025-07-02,05:30:00,3.06,Trim 27.1 from 2025-07-01 onward
27.1,27.1,41.50541,-81.66791,2025-07-02,06:00:00,6.526,Trim 27.1 from 2025-07-01 onward
27.1,27.1,41.50541,-81.66791,2025-07-02,06:30:00,9.725,Trim 27.1 from 2025-07-01 onward
27.1,27.1,41.50541,-81.66791,2025-07-02,07:00:00,10.652,Trim 27.1 from 2025-07-01 onward
27.1,27.1,41.50541,-81.66791,2025-07-02,07:30:00,12.217,Trim 27.1 from 2025-07-01 onward
27.1,27.1,41.50541,-81.66791,2025-07-02,08:00:00,10.187,Trim 27.1 from 2025-07-01 onward
27.1,27.1,41.50541,-81.66791,2025-07-02,08:30:00,9.437,Trim 27.1 from 2025-07-01 onward
27.1,27.1,41.50541,-81.66791,2025-07-02,09:00:00,14.354,Trim 27.1 from 2025-07-01 onward
27.1,27.1,41.50541,-81.66791,2025-07-02,09:30:00,14.354,Trim 27.1 from 2025-07-01 onward
27.1,27.1,41.50541,-81.66791,2025-07-02,10:00:00,9.726,Trim 27.1 from 2025-07-01 onward
27.1,27.1,41.50541,-81.66791,2025-07-02,10:30:00,12.435,Trim 27.1 from 2025-07-01 onward
27.1,27.1,41.50541,-81.66791,2025-07-02,11:00:00,12.964,Trim 27.1 from 2025-07-01 onward
27.1,27.1,41.50541,-81.66791,2025-07-02,11:30:00,13.619,Trim 27.1 from 2025-07-01 onward
27.1,27.1,41.50541,-81.66791,2025-07-02,12:00:00,15.41,Trim 27.1 from 2025-07-01 onward
27.1,27.1,41.50541,-81.66791,2025-07-02,12:30:00,8.348,Trim 27.1 from 2025-07-01 onward
27.1,27.1,41.50541,-81.66791,2025-07-02,13:00:00,3.341,Trim 27.1 from 2025-07-01 onward
27.1,27.1,41.50541,-81.66791,2025-07-02,13:30:00,3.746,Trim 27.1 from 2025-07-01 onward
27.1,27.1,41.50541,-81.66791,2025-07-02,14:00:00,3.058,Trim 27.1 from 2025-07-01 onward
27.1,27.1,41.50541,-81.66791,2025-07-02,14:30:00,3.047,Trim 27.1 from 2025-07-01 onward
27.1,27.1,41.50541,-81.66791,2025-07-02,15:00:00,4.721,Trim 27.1 from 2025-07-01 onward
27.1,27.1,41.50541,-81.66791,2025-07-02,15:30:00,3.793,Trim 27.1 from 2025-07-01 onward
27.1,27.1,41.50541,-81.66791,2025-07-02,16:00:00,2.635,Trim 27.1 from 2025-07-01 onward
27.1,27.1,41.50541,-81.66791,2025-07-02,16:30:00,1.578,Trim 27.1 from 2025-07-01 onward
27.1,27.1,41.50541,-81.66791,2025-07-02,17:00:00,2.915,Trim 27.1 from 2025-07-01 onward
27.1,27.1,41.50541,-81.66791,2025-07-02,17:30:00,4.011,Trim 27.1 from 2025-07-01 onward
27.1,27.1,41.50541,-81.66791,2025-07-02,18:00:00,6.92,Trim 27.1 from 2025-07-01 onward
27.1,27.1,41.50541,-81.66791,2025-07-02,18:30:00,3.5,Trim 27.1 from 2025-07-01 onward
27.1,27.1,41.50541,-81.66791,2025-07-02,19:00:00,4.164,Trim 27.1 from 2025-07-01 onward
27.1,27.1,41.50541,-81.66791,2025-07-02,19:30:00,3.56,Trim 27.1 from 2025-07-01 onward
27.1,27.1,41.50541,-81.66791,2025-07-02,20:00:00,4.122,Trim 27.1 from 2025-07-01 onward
27.1,27.1,41.50541,-81.66791,2025-07-02,20:30:00,5.901,Trim 27.1 from 2025-07-01 onward
27.1,27.1,41.50541,-81.66791,2025-07-02,21:00:00,7.893,Trim 27.1 from 2025-07-01 onward
27.1,27.1,41.50541,-81.66791,2025-07-02,21:30:00,6.089,Trim 27.1 from 2025-07-01 onward
27.1,27.1,41.50541,-81.66791,2025-07-02,22:00:00,10.974,Trim 27.1 from 2025-07-01 onward
27.1,27.1,41.50541,-81.66791,2025-07-02,22:30:00,8.693,Trim 27.1 from 2025-07-01 onward
27.1,27.1,41.50541,-81.66791,2025-07-02,23:00:00,12.697,Trim 27.1 from 2025-07-01 onward
27.1,27.1,41.50541,-81.66791,2025-07-02,23:30:00,9.343,Trim 27.1 from 2025-07-01 onward
27.1,27.1,41.50541,-81.66791,2025-07-03,00:00:00,14.236,Trim 27.1 from 2025-07-01 onward
27.1,27.1,41.50541,-81.66791,2025-07-03,00:30:00,17.847,Trim 27.1 from 2025-07-01 onward
27.1,27.1,41.50541,-81.66791,2025-07-03,01:00:00,8.144,Trim 27.1 from 2025-07-01 onward
27.1,27.1,41.50541,-81.66791,2025-07-03,01:30:00,9.446,Trim 27.1 from 2025-07-01 onward
27.1,27.1,41.50541,-81.66791,2025-07-03,02:30:00,11.227,Trim 27.1 from 2025-07-01 onward
27.1,27.1,41.50541,-81.66791,2025-07-03,03:00:00,10.568,Trim 27.1 from 2025-07-01 onward
27.1,27.1,41.50541,-81.66791,2025-07-03,03:30:00,9.928,Trim 27.1 from 2025-07-01 onward
27.1,27.1,41.50541,-81.66791,2025-07-03,04:00:00,8.792,Trim 27.1 from 2025-07-01 onward
27.1,27.1,41.50541,-81.66791,2025-07-03,04:30:00,8.534,Trim 27.1 from 2025-07-01 onward
27.1,27.1,41.50541,-81.66791,2025-07-03,05:00:00,9.474,Trim 27.1 from 2025-07-01 onward
27.1,27.1,41.50541,-81.66791,2025-07-03,05:30:00,9.696,Trim 27.1 from 2025-07-01 onward
27.1,27.1,41.50541,-81.66791,2025-07-03,06:00:00,10.898,Trim 27.1 from 2025-07-01 onward
27.1,27.1,41.50541,-81.66791,2025-07-03,06:30:00,9.228,Trim 27.1 from 2025-07-01 onward
27.1,27.1,41.50541,-81.66791,2025-07-03,07:00:00,7.684,Trim 27.1 from 2025-07-01 onward
27.1,27.1,41.50541,-81.66791,2025-07-03,07:30:00,11.438,Trim 27.1 from 2025-07-01 onward
27.1,27.1,41.50541,-81.66791,2025-07-03,08:00:00,11.045,Trim 27.1 from 2025-07-01 onward
27.1,27.1,41.50541,-81.66791,2025-07-03,08:30:00,16.501,Trim 27.1 from 2025-07-01 onward
27.1,27.1,41.50541,-81.66791,2025-07-03,09:00:00,17.877,Trim 27.1 from 2025-07-01 onward
27.1,27.1,41.50541,-81.66791,2025-07-03,09:30:00,17.823,Trim 27.1 from 2025-07-01 onward
27.1,27.1,41.50541,-81.66791,2025-07-03,10:00:00,11.965,Trim 27.1 from 2025-07-01 onward
27.1,27.1,41.50541,-81.66791,2025-07-03,10:30:00,15.799,Trim 27.1 from 2025-07-01 onward
27.1,27.1,41.50541,-81.66791,2025-07-03,11:00:00,16.083,Trim 27.1 from 2025-07-01 onward
27.1,27.1,41.50541,-81.66791,2025-07-03,11:30:00,8.692,Trim 27.1 from 2025-07-01 onward
27.1,27.1,41.50541,-81.66791,2025-07-03,12:00:00,7.345,Trim 27.1 from 2025-07-01 onward
27.1,27.1,41.50541,-81.66791,2025-07-03,12:30:00,11.71,Trim 27.1 from 2025-07-01 onward
27.1,27.1,41.50541,-81.66791,2025-07-03,13:00:00,11.176,Trim 27.1 from 2025-07-01 onward
27.1,27.1,41.50541,-81.66791,2025-07-03,13:30:00,17.608,Trim 27.1 from 2025-07-01 onward
27.1,27.1,41.50541,-81.66791,2025-07-03,14:00:00,20.38,Trim 27.1 from 2025-07-01 onward
27.1,27.1,41.50541,-81.66791,2025-07-03,14:30:00,18.367,Trim 27.1 from 2025-07-01 onward
27.1,27.1,41.50541,-81.66791,2025-07-03,15:00:00,22.133,Trim 27.1 from 2025-07-01 onward
27.1,27.1,41.50541,-81.66791,2025-07-03,15:30:00,22.617,Trim 27.1 from 2025-07-01 onward
27.1,27.1,41.50541,-81.66791,2025-07-03,16:00:00,20.296,Trim 27.1 from 2025-07-01 onward
27.1,27.1,41.50541,-81.66791,2025-07-03,16:30:00,24.897,Trim 27.1 from 2025-07-01 onward
27.1,27.1,41.50541,-81.66791,2025-07-03,17:00:00,27.217,Trim 27.1 from 2025-07-01 onward
27.1,27.1,41.50541,-81.66791,2025-07-03,17:30:00,27.377,Trim 27.1 from 2025-07-01 onward
27.1,27.1,41.50541,-81.66791,2025-07-03,18:00:00,22.887,Trim 27.1 from 2025-07-01 onward
27.1,27.1,41.50541,-81.66791,2025-07-03,18:30:00,24.576,Trim 27.1 from 2025-07-01 onward
27.1,27.1,41.50541,-81.66791,2025-07-03,19:00:00,18.986,Trim 27.1 from 2025-07-01 onward
27.1,27.1,41.50541,-81.66791,2025-07-03,19:30:00,29.143,Trim 27.1 from 2025-07-01 onward
27.1,27.1,41.50541,-81.66791,2025-07-03,20:00:00,25.153,Trim 27.1 from 2025-07-01 onward
27.1,27.1,41.50541,-81.66791,2025-07-03,20:30:00,19.828,Trim 27.1 from 2025-07-01 onward
27.1,27.1,41.50541,-81.66791,2025-07-03,21:00:00,16.204,Trim 27.1 from 2025-07-01 onward
27.1,27.1,41.50541,-81.66791,2025-07-03,21:30:00,18.284,Trim 27.1 from 2025-07-01 onward
27.1,27.1,41.50541,-81.66791,2025-07-03,22:00:00,15.987,Trim 27.1 from 2025-07-01 onward
27.1,27.1,41.50541,-81.66791,2025-07-03,22:30:00,15.372,Trim 27.1 from 2025-07-01 onward
27.1,27.1,41.50541,-81.66791,2025-07-03,23:00:00,25.771,Trim 27.1 from 2025-07-01 onward
27.1,27.1,41.50541,-81.66791,2025-07-04,00:00:00,21.86,Trim 27.1 from 2025-07-01 onward
27.1,27.1,41.50541,-81.66791,2025-07-04,00:30:00,24.766,Trim 27.1 from 2025-07-01 onward
27.1,27.1,41.50541,-81.66791,2025-07-04,01:00:00,24.766,Trim 27.1 from 2025-07-01 onward
27.1,27.1,41.50541,-81.66791,2025-07-04,01:30:00,24.002,Trim 27.1 from 2025-07-01 onward
27.1,27.1,41.50541,-81.66791,2025-07-04,02:00:00,32.575,Trim 27.1 from 2025-07-01 onward
27.1,27.1,41.50541,-81.66791,2025-07-04,02:30:00,33.36,Trim 27.1 from 2025-07-01 onward
27.1,27.1,41.50541,-81.66791,2025-07-04,03:00:00,23.489,Trim 27.1 from 2025-07-01 onward
27.1,27.1,41.50541,-81.66791,2025-07-04,03:30:00,36.035,Trim 27.1 from 2025-07-01 onward
27.1,27.1,41.50541,-81.66791,2025-07-04,04:00:00,21.908,Trim 27.1 from 2025-07-01 onward
27.1,27.1,41.50541,-81.66791,2025-07-04,04:30:00,21.417,Trim 27.1 from 2025-07-01 onward
27.1,27.1,41.50541,-81.66791,2025-07-04,05:00:00,16.681,Trim 27.1 from 2025-07-01 onward
27.1,27.1,41.50541,-81.66791,2025-07-04,05:30:00,16.263,Trim 27.1 from 2025-07-01 onward
27.1,27.1,41.50541,-81.66791,2025-07-04,06:00:00,16.831,Trim 27.1 from 2025-07-01 onward
27.1,27.1,41.50541,-81.66791,2025-07-04,06:30:00,20.314,Trim 27.1 from 2025-07-01 onward
27.1,27.1,41.50541,-81.66791,2025-07-04,07:00:00,29.71,Trim 27.1 from 2025-07-01 onward
27.1,27.1,41.50541,-81.66791,2025-07-04,07:30:00,20.551,Trim 27.1 from 2025-07-01 onward
27.1,27.1,41.50541,-81.66791,2025-07-04,08:00:00,21.949,Trim 27.1 from 2025-07-01 onward
27.1,27.1,41.50541,-81.66791,2025-07-04,08:30:00,18.172,Trim 27.1 from 2025-07-01 onward
27.1,27.1,41.50541,-81.66791,2025-07-04,09:00:00,22.489,Trim 27.1 from 2025-07-01 onward
27.1,27.1,41.50541,-81.66791,2025-07-04,09:30:00,21.169,Trim 27.1 from 2025-07-01 onward
27.1,27.1,41.50541,-81.66791,2025-07-04,10:00:00,19.2,Trim 27.1 from 2025-07-01 onward
27.1,27.1,41.50541,-81.66791,2025-07-04,11:00:00,20.845,Trim 27.1 from 2025-07-01 onward
27.1,27.1,41.50541,-81.66791,2025-07-04,11:30:00,21.553,Trim 27.1 from 2025-07-01 onward
27.1,27.1,41.50541,-81.66791,2025-07-04,12:00:00,20.779,Trim 27.1 from 2025-07-01 onward
27.1,27.1,41.50541,-81.66791,2025-07-04,13:00:00,19.72,Trim 27.1 from 2025-07-01 onward
27.1,27.1,41.50541,-81.66791,2025-07-04,13:30:00,22.953,Trim 27.1 from 2025-07-01 onward
27.1,27.1,41.50541,-81.66791,2025-07-04,14:00:00,22.953,Trim 27.1 from 2025-07-01 onward
27.1,27.1,41.50541,-81.66791,2025-07-04,14:30:00,20.488,Trim 27.1 from 2025-07-01 onward
27.1,27.1,41.50541,-81.66791,2025-07-04,15:00:00,22.608,Trim 27.1 from 2025-07-01 onward
27.1,27.1,41.50541,-81.66791,2025-07-04,16:00:00,23.662,Trim 27.1 from 2025-07-01 onward
27.1,27.1,41.50541,-81.66791,2025-07-04,16:30:00,16.702,Trim 27.1 from 2025-07-01 onward
27.1,27.1,41.50541,-81.66791,2025-07-04,17:00:00,16.139,Trim 27.1 from 2025-07-01 onward
27.1,27.1,41.50541,-81.66791,2025-07-04,17:30:00,14.984,Trim 27.1 from 2025-07-01 onward
27.1,27.1,41.50541,-81.66791,2025-07-04,18:30:00,10.642,Trim 27.1 from 2025-07-01 onward
27.1,27.1,41.50541,-81.66791,2025-07-04,19:30:00,7.986,Trim 27.1 from 2025-07-01 onward
27.1,27.1,41.50541,-81.66791,2025-07-04,20:00:00,4.164,Trim 27.1 from 2025-07-01 onward
27.1,27.1,41.50541,-81.66791,2025-07-04,20:30:00,5.212,Trim 27.1 from 2025-07-01 onward
27.1,27.1,41.50541,-81.66791,2025-07-04,21:00:00,9.203,Trim 27.1 from 2025-07-01 onward
27.1,27.1,41.50541,-81.66791,2025-07-04,21:30:00,3.927,Trim 27.1 from 2025-07-01 onward
27.1,27.1,41.50541,-81.66791,2025-07-04,22:00:00,5.167,Trim 27.1 from 2025-07-01 onward
27.1,27.1,41.50541,-81.66791,2025-07-04,22:30:00,3.642,Trim 27.1 from 2025-07-01 onward
27.1,27.1,41.50541,-81.66791,2025-07-04,23:00:00,3.114,Trim 27.1 from 2025-07-01 onward
27.1,27.1,41.50541,-81.66791,2025-07-04,23:30:00,2.648,Trim 27.1 from 2025-07-01 onward
27.1,27.1,41.50541,-81.66791,2025-07-05,00:00:00,5.388,Trim 27.1 from 2025-07-01 onward
27.1,27.1,41.50541,-81.66791,2025-07-05,00:30:00,7.148,Trim 27.1 from 2025-07-01 onward
27.1,27.1,41.50541,-81.66791,2025-07-05,01:00:00,10.813,Trim 27.1 from 2025-07-01 onward
27.1,27.1,41.50541,-81.66791,2025-07-05,01:30:00,35.526,Trim 27.1 from 2025-07-01 onward
27.1,27.1,41.50541,-81.66791,2025-07-05,02:30:00,62.586,Trim 27.1 from 2025-07-01 onward
27.1,27.1,41.50541,-81.66791,2025-07-05,03:00:00,87.657,Trim 27.1 from 2025-07-01 onward
27.1,27.1,41.50541,-81.66791,2025-07-05,03:30:00,97.566,Trim 27.1 from 2025-07-01 onward
27.1,27.1,41.50541,-81.66791,2025-07-05,04:00:00,55.015,Trim 27.1 from 2025-07-01 onward
27.1,27.1,41.50541,-81.66791,2025-07-05,04:30:00,32.773,Trim 27.1 from 2025-07-01 onward
27.1,27.1,41.50541,-81.66791,2025-07-05,05:00:00,31.572,Trim 27.1 from 2025-07-01 onward
27.1,27.1,41.50541,-81.66791,2025-07-05,05:30:00,40.098,Trim 27.1 from 2025-07-01 onward
27.1,27.1,41.50541,-81.66791,2025-07-05,06:00:00,40.098,Trim 27.1 from 2025-07-01 onward
27.1,27.1,41.50541,-81.66791,2025-07-05,06:30:00,31.85,Trim 27.1 from 2025-07-01 onward
27.1,27.1,41.50541,-81.66791,2025-07-05,07:00:00,42.882,Trim 27.1 from 2025-07-01 onward
27.1,27.1,41.50541,-81.66791,2025-07-05,07:30:00,29.053,Trim 27.1 from 2025-07-01 onward
27.1,27.1,41.50541,-81.66791,2025-07-05,08:00:00,31.726,Trim 27.1 from 2025-07-01 onward
27.1,27.1,41.50541,-81.66791,2025-07-05,08:30:00,35.877,Trim 27.1 from 2025-07-01 onward
27.1,27.1,41.50541,-81.66791,2025-07-05,09:00:00,33.44,Trim 27.1 from 2025-07-01 onward
27.1,27.1,41.50541,-81.66791,2025-07-05,09:30:00,28.686,Trim 27.1 from 2025-07-01 onward
27.1,27.1,41.50541,-81.66791,2025-07-05,10:00:00,21.945,Trim 27.1 from 2025-07-01 onward
27.1,27.1,41.50541,-81.66791,2025-07-05,10:30:00,23.383,Trim 27.1 from 2025-07-01 onward
27.1,27.1,41.50541,-81.66791,2025-07-05,11:00:00,18.867,Trim 27.1 from 2025-07-01 onward
27.1,27.1,41.50541,-81.66791,2025-07-05,11:30:00,20.268,Trim 27.1 from 2025-07-01 onward
27.1,27.1,41.50541,-81.66791,2025-07-05,12:00:00,15.178,Trim 27.1 from 2025-07-01 onward
27.1,27.1,41.50541,-81.66791,2025-07-05,12:30:00,15.462,Trim 27.1 from 2025-07-01 onward
27.1,27.1,41.50541,-81.66791,2025-07-05,13:00:00,9.53,Trim 27.1 from 2025-07-01 onward
27.1,27.1,41.50541,-81.66791,2025-07-05,13:30:00,10.185,Trim 27.1 from 2025-07-01 onward
27.1,27.1,41.50541,-81.66791,2025-07-05,14:00:00,7.78,Trim 27.1 from 2025-07-01 onward
27.1,27.1,41.50541,-81.66791,2025-07-05,14:30:00,9.37,Trim 27.1 from 2025-07-01 onward
27.1,27.1,41.50541,-81.66791,2025-07-05,15:00:00,11.18,Trim 27.1 from 2025-07-01 onward
27.1,27.1,41.50541,-81.66791,2025-07-05,15:30:00,7.835,Trim 27.1 from 2025-07-01 onward
27.1,27.1,41.50541,-81.66791,2025-07-05,16:00:00,6.315,Trim 27.1 from 2025-07-01 onward
27.1,27.1,41.50541,-81.66791,2025-07-05,16:30:00,6.379,Trim 27.1 from 2025-07-01 onward
27.1,27.1,41.50541,-81.66791,2025-07-05,17:00:00,6.016,Trim 27.1 from 2025-07-01 onward
27.1,27.1,41.50541,-81.66791,2025-07-05,17:30:00,6.285,Trim 27.1 from 2025-07-01 onward
27.1,27.1,41.50541,-81.66791,2025-07-05,18:00:00,9.47,Trim 27.1 from 2025-07-01 onward
27.1,27.1,41.50541,-81.66791,2025-07-05,18:30:00,12.916,Trim 27.1 from 2025-07-01 onward
27.1,27.1,41.50541,-81.66791,2025-07-05,19:00:00,11.633,Trim 27.1 from 2025-07-01 onward
27.1,27.1,41.50541,-81.66791,2025-07-05,19:30:00,4.638,Trim 27.1 from 2025-07-01 onward
27.1,27.1,41.50541,-81.66791,2025-07-05,20:00:00,6.306,Trim 27.1 from 2025-07-01 onward
27.1,27.1,41.50541,-81.66791,2025-07-05,20:30:00,10.708,Trim 27.1 from 2025-07-01 onward
27.1,27.1,41.50541,-81.66791,2025-07-05,21:00:00,6.658,Trim 27.1 from 2025-07-01 onward
27.1,27.1,41.50541,-81.66791,2025-07-05,21:30:00,4.76,Trim 27.1 from 2025-07-01 onward
27.1,27.1,41.50541,-81.66791,2025-07-05,22:00:00,5.831,Trim 27.1 from 2025-07-01 onward
27.1,27.1,41.50541,-81.66791,2025-07-05,22:30:00,6.083,Trim 27.1 from 2025-07-01 onward
27.1,27.1,41.50541,-81.66791,2025-07-05,23:00:00,5.707,Trim 27.1 from 2025-07-01 onward
27.1,27.1,41.50541,-81.66791,2025-07-05,23:30:00,5.529,Trim 27.1 from 2025-07-01 onward
27.1,27.1,41.50541,-81.66791,2025-07-06,00:00:00,5.119,Trim 27.1 from 2025-07-01 onward
27.1,27.1,41.50541,-81.66791,2025-07-06,00:30:00,3.99,Trim 27.1 from 2025-07-01 onward
27.1,27.1,41.50541,-81.66791,2025-07-06,01:00:00,6.132,Trim 27.1 from 2025-07-01 onward
27.1,27.1,41.50541,-81.66791,2025-07-06,01:30:00,5.462,Trim 27.1 from 2025-07-01 onward
27.1,27.1,41.50541,-81.66791,2025-07-06,02:00:00,8.389,Trim 27.1 from 2025-07-01 onward
27.1,27.1,41.50541,-81.66791,2025-07-06,02:30:00,8.658,Trim 27.1 from 2025-07-01 onward
27.1,27.1,41.50541,-81.66791,2025-07-06,03:00:00,12.667,Trim 27.1 from 2025-07-01 onward
27.1,27.1,41.50541,-81.66791,2025-07-06,03:30:00,8.919,Trim 27.1 from 2025-07-01 onward
27.1,27.1,41.50541,-81.66791,2025-07-06,04:00:00,8.921,Trim 27.1 from 2025-07-01 onward
27.1,27.1,41.50541,-81.66791,2025-07-06,04:30:00,14.858,Trim 27.1 from 2025-07-01 onward
27.1,27.1,41.50541,-81.66791,2025-07-06,05:00:00,11.586,Trim 27.1 from 2025-07-01 onward
27.1,27.1,41.50541,-81.66791,2025-07-06,05:30:00,9.432,Trim 27.1 from 2025-07-01 onward
27.1,27.1,41.50541,-81.66791,2025-07-06,06:00:00,11.193,Trim 27.1 from 2025-07-01 onward
27.1,27.1,41.50541,-81.66791,2025-07-06,06:30:00,10.917,Trim 27.1 from 2025-07-01 onward
27.1,27.1,41.50541,-81.66791,2025-07-06,07:00:00,7.031,Trim 27.1 from 2025-07-01 onward
27.1,27.1,41.50541,-81.66791,2025-07-06,07:30:00,12.299,Trim 27.1 from 2025-07-01 onward
27.1,27.1,41.50541,-81.66791,2025-07-06,08:00:00,58.135,Trim 27.1 from 2025-07-01 onward
27.1,27.1,41.50541,-81.66791,2025-07-06,08:30:00,41.988,Trim 27.1 from 2025-07-01 onward
27.1,27.1,41.50541,-81.66791,2025-07-06,09:00:00,24.222,Trim 27.1 from 2025-07-01 onward
27.1,27.1,41.50541,-81.66791,2025-07-06,09:30:00,11.947,Trim 27.1 from 2025-07-01 onward
27.1,27.1,41.50541,-81.66791,2025-07-06,10:00:00,13.084,Trim 27.1 from 2025-07-01 onward
27.1,27.1,41.50541,-81.66791,2025-07-06,10:30:00,11.333,Trim 27.1 from 2025-07-01 onward
27.1,27.1,41.50541,-81.66791,2025-07-06,11:00:00,10.019,Trim 27.1 from 2025-07-01 onward
27.1,27.1,41.50541,-81.66791,2025-07-06,11:30:00,10.019,Trim 27.1 from 2025-07-01 onward
27.1,27.1,41.50541,-81.66791,2025-07-06,12:00:00,11.356,Trim 27.1 from 2025-07-01 onward
27.1,27.1,41.50541,-81.66791,2025-07-06,12:30:00,11.131,Trim 27.1 from 2025-07-01 onward
27.1,27.1,41.50541,-81.66791,2025-07-06,13:00:00,10.427,Trim 27.1 from 2025-07-01 onward
27.1,27.1,41.50541,-81.66791,2025-07-06,13:30:00,5.37,Trim 27.1 from 2025-07-01 onward
27.1,27.1,41.50541,-81.66791,2025-07-06,14:30:00,8.896,Trim 27.1 from 2025-07-01 onward
27.1,27.1,41.50541,-81.66791,2025-07-06,15:00:00,8.166,Trim 27.1 from 2025-07-01 onward
27.1,27.1,41.50541,-81.66791,2025-07-06,15:30:00,5.721,Trim 27.1 from 2025-07-01 onward
27.1,27.1,41.50541,-81.66791,2025-07-06,16:00:00,10.963,Trim 27.1 from 2025-07-01 onward
27.1,27.1,41.50541,-81.66791,2025-07-06,16:30:00,9.166,Trim 27.1 from 2025-07-01 onward
27.1,27.1,41.50541,-81.66791,2025-07-06,17:00:00,8.02,Trim 27.1 from 2025-07-01 onward
27.1,27.1,41.50541,-81.66791,2025-07-06,17:30:00,9.786,Trim 27.1 from 2025-07-01 onward
27.1,27.1,41.50541,-81.66791,2025-07-06,18:00:00,11.596,Trim 27.1 from 2025-07-01 onward
27.1,27.1,41.50541,-81.66791,2025-07-06,18:30:00,7.433,Trim 27.1 from 2025-07-01 onward
27.1,27.1,41.50541,-81.66791,2025-07-06,19:00:00,8.802,Trim 27.1 from 2025-07-01 onward
27.1,27.1,41.50541,-81.66791,2025-07-06,19:30:00,10.366,Trim 27.1 from 2025-07-01 onward
27.1,27.1,41.50541,-81.66791,2025-07-06,20:00:00,11.714,Trim 27.1 from 2025-07-01 onward
27.1,27.1,41.50541,-81.66791,2025-07-06,20:30:00,10.7,Trim 27.1 from 2025-07-01 onward
27.1,27.1,41.50541,-81.66791,2025-07-06,21:00:00,9.111,Trim 27.1 from 2025-07-01 onward
27.1,27.1,41.50541,-81.66791,2025-07-06,21:30:00,12.024,Trim 27.1 from 2025-07-01 onward
27.1,27.1,41.50541,-81.66791,2025-07-06,22:00:00,8.829,Trim 27.1 from 2025-07-01 onward
27.1,27.1,41.50541,-81.66791,2025-07-06,22:30:00,11.695,Trim 27.1 from 2025-07-01 onward
27.1,27.1,41.50541,-81.66791,2025-07-06,23:00:00,9.076,Trim 27.1 from 2025-07-01 onward
27.1,27.1,41.50541,-81.66791,2025-07-06,23:30:00,10.252,Trim 27.1 from 2025-07-01 onward
27.1,27.1,41.50541,-81.66791,2025-07-07,00:00:00,8.241,Trim 27.1 from 2025-07-01 onward
27.1,27.1,41.50541,-81.66791,2025-07-07,00:30:00,8.891,Trim 27.1 from 2025-07-01 onward
27.1,27.1,41.50541,-81.66791,2025-07-07,01:00:00,17.095,Trim 27.1 from 2025-07-01 onward
27.1,27.1,41.50541,-81.66791,2025-07-07,01:30:00,8.282,Trim 27.1 from 2025-07-01 onward
27.1,27.1,41.50541,-81.66791,2025-07-07,02:00:00,15.403,Trim 27.1 from 2025-07-01 onward
27.1,27.1,41.50541,-81.66791,2025-07-07,02:30:00,13.956,Trim 27.1 from 2025-07-01 onward
27.1,27.1,41.50541,-81.66791,2025-07-07,03:00:00,16.291,Trim 27.1 from 2025-07-01 onward
27.1,27.1,41.50541,-81.66791,2025-07-07,03:30:00,16.613,Trim 27.1 from 2025-07-01 onward
27.1,27.1,41.50541,-81.66791,2025-07-07,04:00:00,15.078,Trim 27.1 from 2025-07-01 onward
27.1,27.1,41.50541,-81.66791,2025-07-07,04:30:00,13.035,Trim 27.1 from 2025-07-01 onward
27.1,27.1,41.50541,-81.66791,2025-07-07,05:00:00,16.128,Trim 27.1 from 2025-07-01 onward
27.1,27.1,41.50541,-81.66791,2025-07-07,05:30:00,14.915,Trim 27.1 from 2025-07-01 onward
27.1,27.1,41.50541,-81.66791,2025-07-07,06:30:00,14.055,Trim 27.1 from 2025-07-01 onward
27.1,27.1,41.50541,-81.66791,2025-07-07,07:00:00,12.439,Trim 27.1 from 2025-07-01 onward
27.1,27.1,41.50541,-81.66791,2025-07-07,07:30:00,19.441,Trim 27.1 from 2025-07-01 onward
27.1,27.1,41.50541,-81.66791,2025-07-07,08:00:00,18.012,Trim 27.1 from 2025-07-01 onward
27.1,27.1,41.50541,-81.66791,2025-07-07,08:30:00,16.365,Trim 27.1 from 2025-07-01 onward
27.1,27.1,41.50541,-81.66791,2025-07-07,09:00:00,18.652,Trim 27.1 from 2025-07-01 onward
27.1,27.1,41.50541,-81.66791,2025-07-07,09:30:00,13.07,Trim 27.1 from 2025-07-01 onward
27.1,27.1,41.50541,-81.66791,2025-07-07,10:00:00,10.417,Trim 27.1 from 2025-07-01 onward
27.1,27.1,41.50541,-81.66791,2025-07-07,10:30:00,10.111,Trim 27.1 from 2025-07-01 onward
27.1,27.1,41.50541,-81.66791,2025-07-07,11:00:00,10.825,Trim 27.1 from 2025-07-01 onward
27.1,27.1,41.50541,-81.66791,2025-07-07,11:30:00,6.094,Trim 27.1 from 2025-07-01 onward
27.1,27.1,41.50541,-81.66791,2025-07-07,12:00:00,4.04,Trim 27.1 from 2025-07-01 onward
27.1,27.1,41.50541,-81.66791,2025-07-07,12:30:00,3.075,Trim 27.1 from 2025-07-01 onward
27.1,27.1,41.50541,-81.66791,2025-07-07,13:00:00,2.928,Trim 27.1 from 2025-07-01 onward
27.1,27.1,41.50541,-81.66791,2025-07-07,13:30:00,5.877,Trim 27.1 from 2025-07-01 onward
27.1,27.1,41.50541,-81.66791,2025-07-07,14:00:00,8.554,Trim 27.1 from 2025-07-01 onward
27.1,27.1,41.50541,-81.66791,2025-07-07,14:30:00,14.033,Trim 27.1 from 2025-07-01 onward
27.1,27.1,41.50541,-81.66791,2025-07-07,15:00:00,8.663,Trim 27.1 from 2025-07-01 onward
27.1,27.1,41.50541,-81.66791,2025-07-07,16:00:00,23.878,Trim 27.1 from 2025-07-01 onward
27.1,27.1,41.50541,-81.66791,2025-07-07,17:00:00,4.139,Trim 27.1 from 2025-07-01 onward
27.1,27.1,41.50541,-81.66791,2025-07-07,17:30:00,6.183,Trim 27.1 from 2025-07-01 onward
27.1,27.1,41.50541,-81.66791,2025-07-07,18:00:00,5.072,Trim 27.1 from 2025-07-01 onward
27.1,27.1,41.50541,-81.66791,2025-07-07,18:30:00,3.09,Trim 27.1 from 2025-07-01 onward
27.1,27.1,41.50541,-81.66791,2025-07-07,19:00:00,5.196,Trim 27.1 from 2025-07-01 onward
27.1,27.1,41.50541,-81.66791,2025-07-07,19:30:00,3.618,Trim 27.1 from 2025-07-01 onward
27.1,27.1,41.50541,-81.66791,2025-07-07,20:00:00,3.954,Trim 27.1 from 2025-07-01 onward
27.1,27.1,41.50541,-81.66791,2025-07-07,20:30:00,8.227,Trim 27.1 from 2025-07-01 onward
27.1,27.1,41.50541,-81.66791,2025-07-07,21:00:00,3.761,Trim 27.1 from 2025-07-01 onward
27.1,27.1,41.50541,-81.66791,2025-07-07,21:30:00,2.005,Trim 27.1 from 2025-07-01 onward
27.1,27.1,41.50541,-81.66791,2025-07-07,22:00:00,1.398,Trim 27.1 from 2025-07-01 onward
27.1,27.1,41.50541,-81.66791,2025-07-07,22:30:00,3.235,Trim 27.1 from 2025-07-01 onward
27.1,27.1,41.50541,-81.66791,2025-07-07,23:00:00,3.866,Trim 27.1 from 2025-07-01 onward
27.1,27.1,41.50541,-81.66791,2025-07-07,23:30:00,3.422,Trim 27.1 from 2025-07-01 onward
27.1,27.1,41.50541,-81.66791,2025-07-08,00:00:00,4.597,Trim 27.1 from 2025-07-01 onward
27.1,27.1,41.50541,-81.66791,2025-07-08,00:30:00,5.704,Trim 27.1 from 2025-07-01 onward
27.1,27.1,41.50541,-81.66791,2025-07-08,01:00:00,5.68,Trim 27.1 from 2025-07-01 onward
27.1,27.1,41.50541,-81.66791,2025-07-08,01:30:00,5.143,Trim 27.1 from 2025-07-01 onward
27.1,27.1,41.50541,-81.66791,2025-07-08,02:00:00,4.416,Trim 27.1 from 2025-07-01 onward
27.1,27.1,41.50541,-81.66791,2025-07-08,02:30:00,5.536,Trim 27.1 from 2025-07-01 onward
27.1,27.1,41.50541,-81.66791,2025-07-08,03:00:00,8.622,Trim 27.1 from 2025-07-01 onward
27.1,27.1,41.50541,-81.66791,2025-07-08,03:30:00,8.537,Trim 27.1 from 2025-07-01 onward
27.1,27.1,41.50541,-81.66791,2025-07-08,04:00:00,10.068,Trim 27.1 from 2025-07-01 onward
27.1,27.1,41.50541,-81.66791,2025-07-08,04:30:00,11.899,Trim 27.1 from 2025-07-01 onward
27.1,27.1,41.50541,-81.66791,2025-07-08,05:00:00,6.347,Trim 27.1 from 2025-07-01 onward
27.1,27.1,41.50541,-81.66791,2025-07-08,06:00:00,4.737,Trim 27.1 from 2025-07-01 onward
27.1,27.1,41.50541,-81.66791,2025-07-08,06:30:00,8.492,Trim 27.1 from 2025-07-01 onward
27.1,27.1,41.50541,-81.66791,2025-07-08,07:00:00,4.633,Trim 27.1 from 2025-07-01 onward
27.1,27.1,41.50541,-81.66791,2025-07-08,08:00:00,4.997,Trim 27.1 from 2025-07-01 onward
27.1,27.1,41.50541,-81.66791,2025-07-08,08:30:00,4.6,Trim 27.1 from 2025-07-01 onward
27.1,27.1,41.50541,-81.66791,2025-07-08,09:00:00,9.007,Trim 27.1 from 2025-07-01 onward
27.1,27.1,41.50541,-81.66791,2025-07-08,09:30:00,6.299,Trim 27.1 from 2025-07-01 onward
27.1,27.1,41.50541,-81.66791,2025-07-08,10:00:00,6.927,Trim 27.1 from 2025-07-01 onward
27.1,27.1,41.50541,-81.66791,2025-07-08,10:30:00,6.776,Trim 27.1 from 2025-07-01 onward
27.1,27.1,41.50541,-81.66791,2025-07-08,11:00:00,7.695,Trim 27.1 from 2025-07-01 onward
27.1,27.1,41.50541,-81.66791,2025-07-08,11:30:00,8.42,Trim 27.1 from 2025-07-01 onward
27.1,27.1,41.50541,-81.66791,2025-07-08,12:00:00,14.455,Trim 27.1 from 2025-07-01 onward
27.1,27.1,41.50541,-81.66791,2025-07-08,12:30:00,15.313,Trim 27.1 from 2025-07-01 onward
27.1,27.1,41.50541,-81.66791,2025-07-08,13:00:00,12.076,Trim 27.1 from 2025-07-01 onward
27.1,27.1,41.50541,-81.66791,2025-07-08,13:30:00,13.856,Trim 27.1 from 2025-07-01 onward
27.1,27.1,41.50541,-81.66791,2025-07-08,14:00:00,14.39,Trim 27.1 from 2025-07-01 onward
27.1,27.1,41.50541,-81.66791,2025-07-08,14:30:00,15.6,Trim 27.1 from 2025-07-01 onward
27.1,27.1,41.50541,-81.66791,2025-07-08,15:00:00,19.707,Trim 27.1 from 2025-07-01 onward
27.1,27.1,41.50541,-81.66791,2025-07-08,15:30:00,15.242,Trim 27.1 from 2025-07-01 onward
27.1,27.1,41.50541,-81.66791,2025-07-08,16:00:00,14.529,Trim 27.1 from 2025-07-01 onward
27.1,27.1,41.50541,-81.66791,2025-07-08,16:30:00,14.311,Trim 27.1 from 2025-07-01 onward
27.1,27.1,41.50541,-81.66791,2025-07-08,17:00:00,15.352,Trim 27.1 from 2025-07-01 onward
27.1,27.1,41.50541,-81.66791,2025-07-08,17:30:00,14.78,Trim 27.1 from 2025-07-01 onward
27.1,27.1,41.50541,-81.66791,2025-07-08,18:00:00,18.788,Trim 27.1 from 2025-07-01 onward
27.1,27.1,41.50541,-81.66791,2025-07-08,18:30:00,30.301,Trim 27.1 from 2025-07-01 onward
27.1,27.1,41.50541,-81.66791,2025-07-08,19:00:00,22.643,Trim 27.1 from 2025-07-01 onward
27.1,27.1,41.50541,-81.66791,2025-07-08,19:30:00,18.254,Trim 27.1 from 2025-07-01 onward
27.1,27.1,41.50541,-81.66791,2025-07-08,20:00:00,20.103,Trim 27.1 from 2025-07-01 onward
27.1,27.1,41.50541,-81.66791,2025-07-08,20:30:00,18.567,Trim 27.1 from 2025-07-01 onward
27.1,27.1,41.50541,-81.66791,2025-07-08,21:30:00,14.637,Trim 27.1 from 2025-07-01 onward
27.1,27.1,41.50541,-81.66791,2025-07-08,22:00:00,12.696,Trim 27.1 from 2025-07-01 onward
27.1,27.1,41.50541,-81.66791,2025-07-08,22:30:00,16.363,Trim 27.1 from 2025-07-01 onward
27.1,27.1,41.50541,-81.66791,2025-07-08,23:00:00,20.324,Trim 27.1 from 2025-07-01 onward
27.1,27.1,41.50541,-81.66791,2025-07-08,23:30:00,16.407,Trim 27.1 from 2025-07-01 onward
27.1,27.1,41.50541,-81.66791,2025-07-09,00:00:00,19.365,Trim 27.1 from 2025-07-01 onward
27.1,27.1,41.50541,-81.66791,2025-07-09,00:30:00,14.027,Trim 27.1 from 2025-07-01 onward
27.1,27.1,41.50541,-81.66791,2025-07-09,01:00:00,18.91,Trim 27.1 from 2025-07-01 onward
27.1,27.1,41.50541,-81.66791,2025-07-09,01:30:00,15.936,Trim 27.1 from 2025-07-01 onward
27.1,27.1,41.50541,-81.66791,2025-07-09,02:00:00,13.411,Trim 27.1 from 2025-07-01 onward
27.1,27.1,41.50541,-81.66791,2025-07-09,02:30:00,23.384,Trim 27.1 from 2025-07-01 onward
27.1,27.1,41.50541,-81.66791,2025-07-09,03:00:00,20.701,Trim 27.1 from 2025-07-01 onward
27.1,27.1,41.50541,-81.66791,2025-07-09,03:30:00,22.072,Trim 27.1 from 2025-07-01 onward
27.1,27.1,41.50541,-81.66791,2025-07-09,04:00:00,18.674,Trim 27.1 from 2025-07-01 onward
27.1,27.1,41.50541,-81.66791,2025-07-09,04:30:00,25.162,Trim 27.1 from 2025-07-01 onward
27.1,27.1,41.50541,-81.66791,2025-07-09,05:00:00,27.931,Trim 27.1 from 2025-07-01 onward
27.1,27.1,41.50541,-81.66791,2025-07-09,05:30:00,26.849,Trim 27.1 from 2025-07-01 onward
27.1,27.1,41.50541,-81.66791,2025-07-09,06:00:00,24.137,Trim 27.1 from 2025-07-01 onward
27.1,27.1,41.50541,-81.66791,2025-07-09,07:00:00,27.93,Trim 27.1 from 2025-07-01 onward
27.1,27.1,41.50541,-81.66791,2025-07-09,07:30:00,25.959,Trim 27.1 from 2025-07-01 onward
27.1,27.1,41.50541,-81.66791,2025-07-09,08:00:00,24.768,Trim 27.1 from 2025-07-01 onward
27.1,27.1,41.50541,-81.66791,2025-07-09,08:30:00,23.356,Trim 27.1 from 2025-07-01 onward
27.1,27.1,41.50541,-81.66791,2025-07-09,09:00:00,23.384,Trim 27.1 from 2025-07-01 onward
27.1,27.1,41.50541,-81.66791,2025-07-09,09:30:00,34.702,Trim 27.1 from 2025-07-01 onward
27.1,27.1,41.50541,-81.66791,2025-07-09,10:00:00,31.871,Trim 27.1 from 2025-07-01 onward
27.1,27.1,41.50541,-81.66791,2025-07-09,10:30:00,24.033,Trim 27.1 from 2025-07-01 onward
27.1,27.1,41.50541,-81.66791,2025-07-09,11:00:00,24.033,Trim 27.1 from 2025-07-01 onward
27.1,27.1,41.50541,-81.66791,2025-07-09,11:30:00,21.775,Trim 27.1 from 2025-07-01 onward
27.1,27.1,41.50541,-81.66791,2025-07-09,12:00:00,22.594,Trim 27.1 from 2025-07-01 onward
27.1,27.1,41.50541,-81.66791,2025-07-09,12:30:00,26.135,Trim 27.1 from 2025-07-01 onward
27.1,27.1,41.50541,-81.66791,2025-07-09,13:00:00,24.05,Trim 27.1 from 2025-07-01 onward
27.1,27.1,41.50541,-81.66791,2025-07-09,13:30:00,31.667,Trim 27.1 from 2025-07-01 onward
27.1,27.1,41.50541,-81.66791,2025-07-09,14:00:00,22.085,Trim 27.1 from 2025-07-01 onward
27.1,27.1,41.50541,-81.66791,2025-07-09,14:30:00,26.708,Trim 27.1 from 2025-07-01 onward
27.1,27.1,41.50541,-81.66791,2025-07-09,15:00:00,21.133,Trim 27.1 from 2025-07-01 onward
27.1,27.1,41.50541,-81.66791,2025-07-09,15:30:00,24.15,Trim 27.1 from 2025-07-01 onward
27.1,27.1,41.50541,-81.66791,2025-07-09,16:00:00,21.317,Trim 27.1 from 2025-07-01 onward
27.1,27.1,41.50541,-81.66791,2025-07-09,16:30:00,22.776,Trim 27.1 from 2025-07-01 onward
27.1,27.1,41.50541,-81.66791,2025-07-09,17:00:00,24.36,Trim 27.1 from 2025-07-01 onward
27.1,27.1,41.50541,-81.66791,2025-07-09,17:30:00,19.304,Trim 27.1 from 2025-07-01 onward
27.1,27.1,41.50541,-81.66791,2025-07-09,18:30:00,20.336,Trim 27.1 from 2025-07-01 onward
27.1,27.1,41.50541,-81.66791,2025-07-09,19:00:00,23.184,Trim 27.1 from 2025-07-01 onward
27.1,27.1,41.50541,-81.66791,2025-07-09,19:30:00,24.105,Trim 27.1 from 2025-07-01 onward
27.1,27.1,41.50541,-81.66791,2025-07-09,20:00:00,21.328,Trim 27.1 from 2025-07-01 onward
27.1,27.1,41.50541,-81.66791,2025-07-09,20:30:00,19.481,Trim 27.1 from 2025-07-01 onward
27.1,27.1,41.50541,-81.66791,2025-07-09,21:00:00,22.897,Trim 27.1 from 2025-07-01 onward
27.1,27.1,41.50541,-81.66791,2025-07-09,21:30:00,22.499,Trim 27.1 from 2025-07-01 onward
27.1,27.1,41.50541,-81.66791,2025-07-09,22:00:00,19.759,Trim 27.1 from 2025-07-01 onward
27.1,27.1,41.50541,-81.66791,2025-07-09,23:00:00,13.43,Trim 27.1 from 2025-07-01 onward
27.1,27.1,41.50541,-81.66791,2025-07-09,23:30:00,17.751,Trim 27.1 from 2025-07-01 onward
27.1,27.1,41.50541,-81.66791,2025-07-10,00:00:00,17.997,Trim 27.1 from 2025-07-01 onward
27.1,27.1,41.50541,-81.66791,2025-07-10,00:30:00,22.036,Trim 27.1 from 2025-07-01 onward
27.1,27.1,41.50541,-81.66791,2025-07-10,01:00:00,14.268,Trim 27.1 from 2025-07-01 onward
27.1,27.1,41.50541,-81.66791,2025-07-10,01:30:00,15.061,Trim 27.1 from 2025-07-01 onward
27.1,27.1,41.50541,-81.66791,2025-07-10,02:00:00,17.665,Trim 27.1 from 2025-07-01 onward
27.1,27.1,41.50541,-81.66791,2025-07-10,02:30:00,26.205,Trim 27.1 from 2025-07-01 onward
27.1,27.1,41.50541,-81.66791,2025-07-10,03:00:00,22.19,Trim 27.1 from 2025-07-01 onward
27.1,27.1,41.50541,-81.66791,2025-07-10,03:30:00,25.409,Trim 27.1 from 2025-07-01 onward
27.1,27.1,41.50541,-81.66791,2025-07-10,04:00:00,24.056,Trim 27.1 from 2025-07-01 onward
27.1,27.1,41.50541,-81.66791,2025-07-10,04:30:00,26.739,Trim 27.1 from 2025-07-01 onward
27.1,27.1,41.50541,-81.66791,2025-07-10,05:00:00,23.723,Trim 27.1 from 2025-07-01 onward
27.1,27.1,41.50541,-81.66791,2025-07-10,06:00:00,22.155,Trim 27.1 from 2025-07-01 onward
27.1,27.1,41.50541,-81.66791,2025-07-10,06:30:00,25.325,Trim 27.1 from 2025-07-01 onward
27.1,27.1,41.50541,-81.66791,2025-07-10,07:00:00,17.054,Trim 27.1 from 2025-07-01 onward
27.1,27.1,41.50541,-81.66791,2025-07-10,07:30:00,21.679,Trim 27.1 from 2025-07-01 onward
27.1,27.1,41.50541,-81.66791,2025-07-10,08:00:00,16.422,Trim 27.1 from 2025-07-01 onward
27.1,27.1,41.50541,-81.66791,2025-07-10,08:30:00,27.986,Trim 27.1 from 2025-07-01 onward
27.1,27.1,41.50541,-81.66791,2025-07-10,09:00:00,20.649,Trim 27.1 from 2025-07-01 onward
27.1,27.1,41.50541,-81.66791,2025-07-10,09:30:00,25.083,Trim 27.1 from 2025-07-01 onward
27.1,27.1,41.50541,-81.66791,2025-07-10,10:00:00,28.404,Trim 27.1 from 2025-07-01 onward
27.1,27.1,41.50541,-81.66791,2025-07-10,10:30:00,34.36,Trim 27.1 from 2025-07-01 onward
27.1,27.1,41.50541,-81.66791,2025-07-10,11:00:00,33.417,Trim 27.1 from 2025-07-01 onward
27.1,27.1,41.50541,-81.66791,2025-07-10,11:30:00,25.998,Trim 27.1 from 2025-07-01 onward
27.1,27.1,41.50541,-81.66791,2025-07-10,12:30:00,27.594,Trim 27.1 from 2025-07-01 onward
27.1,27.1,41.50541,-81.66791,2025-07-10,13:00:00,18.763,Trim 27.1 from 2025-07-01 onward
27.1,27.1,41.50541,-81.66791,2025-07-10,13:30:00,22.956,Trim 27.1 from 2025-07-01 onward
27.1,27.1,41.50541,-81.66791,2025-07-10,14:00:00,18.43,Trim 27.1 from 2025-07-01 onward
27.1,27.1,41.50541,-81.66791,2025-07-10,14:30:00,21.517,Trim 27.1 from 2025-07-01 onward
27.1,27.1,41.50541,-81.66791,2025-07-10,15:00:00,22.398,Trim 27.1 from 2025-07-01 onward
27.1,27.1,41.50541,-81.66791,2025-07-10,15:30:00,19.559,Trim 27.1 from 2025-07-01 onward
27.1,27.1,41.50541,-81.66791,2025-07-10,16:00:00,26.539,Trim 27.1 from 2025-07-01 onward
27.1,27.1,41.50541,-81.66791,2025-07-10,16:30:00,17.711,Trim 27.1 from 2025-07-01 onward
27.1,27.1,41.50541,-81.66791,2025-07-10,17:00:00,16.197,Trim 27.1 from 2025-07-01 onward
27.1,27.1,41.50541,-81.66791,2025-07-10,17:30:00,20.858,Trim 27.1 from 2025-07-01 onward
27.1,27.1,41.50541,-81.66791,2025-07-10,18:00:00,17.921,Trim 27.1 from 2025-07-01 onward
27.1,27.1,41.50541,-81.66791,2025-07-10,18:30:00,16.655,Trim 27.1 from 2025-07-01 onward
27.1,27.1,41.50541,-81.66791,2025-07-10,19:00:00,16.419,Trim 27.1 from 2025-07-01 onward
27.1,27.1,41.50541,-81.66791,2025-07-10,19:30:00,23.365,Trim 27.1 from 2025-07-01 onward
27.1,27.1,41.50541,-81.66791,2025-07-10,20:00:00,13.235,Trim 27.1 from 2025-07-01 onward
27.1,27.1,41.50541,-81.66791,2025-07-10,20:30:00,13.651,Trim 27.1 from 2025-07-01 onward
27.1,27.1,41.50541,-81.66791,2025-07-10,21:00:00,10.005,Trim 27.1 from 2025-07-01 onward
27.1,27.1,41.50541,-81.66791,2025-07-10,22:00:00,10.185,Trim 27.1 from 2025-07-01 onward
27.1,27.1,41.50541,-81.66791,2025-07-10,22:30:00,5.511,Trim 27.1 from 2025-07-01 onward
27.1,27.1,41.50541,-81.66791,2025-07-10,23:00:00,7.045,Trim 27.1 from 2025-07-01 onward
27.1,27.1,41.50541,-81.66791,2025-07-10,23:30:00,5.171,Trim 27.1 from 2025-07-01 onward
27.1,27.1,41.50541,-81.66791,2025-07-11,00:00:00,7.599,Trim 27.1 from 2025-07-01 onward
27.1,27.1,41.50541,-81.66791,2025-07-11,00:30:00,4.34,Trim 27.1 from 2025-07-01 onward
27.1,27.1,41.50541,-81.66791,2025-07-11,01:00:00,6.466,Trim 27.1 from 2025-07-01 onward
27.1,27.1,41.50541,-81.66791,2025-07-11,02:00:00,17.21,Trim 27.1 from 2025-07-01 onward
27.1,27.1,41.50541,-81.66791,2025-07-11,02:30:00,13.244,Trim 27.1 from 2025-07-01 onward
27.1,27.1,41.50541,-81.66791,2025-07-11,03:00:00,20.856,Trim 27.1 from 2025-07-01 onward
27.1,27.1,41.50541,-81.66791,2025-07-11,03:30:00,19.124,Trim 27.1 from 2025-07-01 onward
27.1,27.1,41.50541,-81.66791,2025-07-11,04:30:00,20.382,Trim 27.1 from 2025-07-01 onward
27.1,27.1,41.50541,-81.66791,2025-07-11,05:00:00,26.1,Trim 27.1 from 2025-07-01 onward
27.1,27.1,41.50541,-81.66791,2025-07-11,05:30:00,20.722,Trim 27.1 from 2025-07-01 onward
27.1,27.1,41.50541,-81.66791,2025-07-11,06:30:00,17.424,Trim 27.1 from 2025-07-01 onward
27.1,27.1,41.50541,-81.66791,2025-07-11,07:00:00,16.058,Trim 27.1 from 2025-07-01 onward
27.1,27.1,41.50541,-81.66791,2025-07-11,08:00:00,22.858,Trim 27.1 from 2025-07-01 onward
27.1,27.1,41.50541,-81.66791,2025-07-11,08:30:00,22.3,Trim 27.1 from 2025-07-01 onward
27.1,27.1,41.50541,-81.66791,2025-07-11,09:00:00,33,Trim 27.1 from 2025-07-01 onward
27.1,27.1,41.50541,-81.66791,2025-07-11,09:30:00,20.238,Trim 27.1 from 2025-07-01 onward
27.1,27.1,41.50541,-81.66791,2025-07-11,10:00:00,25.569,Trim 27.1 from 2025-07-01 onward
27.1,27.1,41.50541,-81.66791,2025-07-11,10:30:00,18.248,Trim 27.1 from 2025-07-01 onward
27.1,27.1,41.50541,-81.66791,2025-07-11,11:00:00,33.765,Trim 27.1 from 2025-07-01 onward
27.1,27.1,41.50541,-81.66791,2025-07-11,11:30:00,23.105,Trim 27.1 from 2025-07-01 onward
27.1,27.1,41.50541,-81.66791,2025-07-11,12:00:00,14.966,Trim 27.1 from 2025-07-01 onward
27.1,27.1,41.50541,-81.66791,2025-07-11,12:30:00,17.52,Trim 27.1 from 2025-07-01 onward
27.1,27.1,41.50541,-81.66791,2025-07-11,13:00:00,19.069,Trim 27.1 from 2025-07-01 onward
27.1,27.1,41.50541,-81.66791,2025-07-11,13:30:00,19.484,Trim 27.1 from 2025-07-01 onward
27.1,27.1,41.50541,-81.66791,2025-07-11,14:30:00,18.863,Trim 27.1 from 2025-07-01 onward
27.1,27.1,41.50541,-81.66791,2025-07-11,15:00:00,18.863,Trim 27.1 from 2025-07-01 onward
27.1,27.1,41.50541,-81.66791,2025-07-11,15:30:00,10.966,Trim 27.1 from 2025-07-01 onward
27.1,27.1,41.50541,-81.66791,2025-07-11,16:00:00,10.576,Trim 27.1 from 2025-07-01 onward
27.1,27.1,41.50541,-81.66791,2025-07-11,16:30:00,12.565,Trim 27.1 from 2025-07-01 onward
27.1,27.1,41.50541,-81.66791,2025-07-11,17:00:00,7.707,Trim 27.1 from 2025-07-01 onward
27.1,27.1,41.50541,-81.66791,2025-07-11,17:30:00,7.382,Trim 27.1 from 2025-07-01 onward
27.1,27.1,41.50541,-81.66791,2025-07-11,18:00:00,9.939,Trim 27.1 from 2025-07-01 onward
27.1,27.1,41.50541,-81.66791,2025-07-11,18:30:00,9.646,Trim 27.1 from 2025-07-01 onward
27.1,27.1,41.50541,-81.66791,2025-07-11,19:30:00,6.554,Trim 27.1 from 2025-07-01 onward
27.1,27.1,41.50541,-81.66791,2025-07-11,20:00:00,4.321,Trim 27.1 from 2025-07-01 onward
27.1,27.1,41.50541,-81.66791,2025-07-11,20:30:00,3.118,Trim 27.1 from 2025-07-01 onward
27.1,27.1,41.50541,-81.66791,2025-07-11,21:00:00,7.19,Trim 27.1 from 2025-07-01 onward
27.1,27.1,41.50541,-81.66791,2025-07-11,21:30:00,5.273,Trim 27.1 from 2025-07-01 onward
27.1,27.1,41.50541,-81.66791,2025-07-11,22:00:00,6.626,Trim 27.1 from 2025-07-01 onward
27.1,27.1,41.50541,-81.66791,2025-07-11,22:30:00,4.853,Trim 27.1 from 2025-07-01 onward
27.1,27.1,41.50541,-81.66791,2025-07-11,23:00:00,7.5,Trim 27.1 from 2025-07-01 onward
27.1,27.1,41.50541,-81.66791,2025-07-11,23:30:00,6.277,Trim 27.1 from 2025-07-01 onward
27.1,27.1,41.50541,-81.66791,2025-07-12,00:00:00,4.264,Trim 27.1 from 2025-07-01 onward
27.1,27.1,41.50541,-81.66791,2025-07-12,00:30:00,4.264,Trim 27.1 from 2025-07-01 onward
27.1,27.1,41.50541,-81.66791,2025-07-12,01:00:00,4.682,Trim 27.1 from 2025-07-01 onward
27.1,27.1,41.50541,-81.66791,2025-07-12,01:30:00,5.134,Trim 27.1 from 2025-07-01 onward
27.1,27.1,41.50541,-81.66791,2025-07-12,02:00:00,10.797,Trim 27.1 from 2025-07-01 onward
27.1,27.1,41.50541,-81.66791,2025-07-12,02:30:00,6.441,Trim 27.1 from 2025-07-01 onward
27.1,27.1,41.50541,-81.66791,2025-07-12,03:00:00,9.153,Trim 27.1 from 2025-07-01 onward
27.1,27.1,41.50541,-81.66791,2025-07-12,03:30:00,7.474,Trim 27.1 from 2025-07-01 onward
27.1,27.1,41.50541,-81.66791,2025-07-12,04:00:00,6.146,Trim 27.1 from 2025-07-01 onward
27.1,27.1,41.50541,-81.66791,2025-07-12,04:30:00,7.882,Trim 27.1 from 2025-07-01 onward
27.1,27.1,41.50541,-81.66791,2025-07-12,06:00:00,9.093,Trim 27.1 from 2025-07-01 onward
27.1,27.1,41.50541,-81.66791,2025-07-12,06:30:00,12.435,Trim 27.1 from 2025-07-01 onward
27.1,27.1,41.50541,-81.66791,2025-07-12,07:00:00,11.727,Trim 27.1 from 2025-07-01 onward
27.1,27.1,41.50541,-81.66791,2025-07-12,07:30:00,13.32,Trim 27.1 from 2025-07-01 onward
27.1,27.1,41.50541,-81.66791,2025-07-12,08:00:00,13.084,Trim 27.1 from 2025-07-01 onward
27.1,27.1,41.50541,-81.66791,2025-07-12,08:30:00,12.979,Trim 27.1 from 2025-07-01 onward
27.1,27.1,41.50541,-81.66791,2025-07-12,09:00:00,11.905,Trim 27.1 from 2025-07-01 onward
27.1,27.1,41.50541,-81.66791,2025-07-12,09:30:00,15.35,Trim 27.1 from 2025-07-01 onward
27.1,27.1,41.50541,-81.66791,2025-07-12,10:00:00,19.041,Trim 27.1 from 2025-07-01 onward
27.1,27.1,41.50541,-81.66791,2025-07-12,10:30:00,16.297,Trim 27.1 from 2025-07-01 onward
27.1,27.1,41.50541,-81.66791,2025-07-12,11:00:00,15.398,Trim 27.1 from 2025-07-01 onward
27.1,27.1,41.50541,-81.66791,2025-07-12,11:30:00,10.644,Trim 27.1 from 2025-07-01 onward
27.1,27.1,41.50541,-81.66791,2025-07-12,12:00:00,16.449,Trim 27.1 from 2025-07-01 onward
27.1,27.1,41.50541,-81.66791,2025-07-12,12:30:00,14.045,Trim 27.1 from 2025-07-01 onward
27.1,27.1,41.50541,-81.66791,2025-07-12,13:00:00,16.91,Trim 27.1 from 2025-07-01 onward
27.1,27.1,41.50541,-81.66791,2025-07-12,13:30:00,8.733,Trim 27.1 from 2025-07-01 onward
27.1,27.1,41.50541,-81.66791,2025-07-12,14:00:00,10.779,Trim 27.1 from 2025-07-01 onward
27.1,27.1,41.50541,-81.66791,2025-07-12,14:30:00,8.458,Trim 27.1 from 2025-07-01 onward
27.1,27.1,41.50541,-81.66791,2025-07-12,15:00:00,5.865,Trim 27.1 from 2025-07-01 onward
27.1,27.1,41.50541,-81.66791,2025-07-12,15:30:00,7.436,Trim 27.1 from 2025-07-01 onward
27.1,27.1,41.50541,-81.66791,2025-07-12,16:00:00,7.846,Trim 27.1 from 2025-07-01 onward
27.1,27.1,41.50541,-81.66791,2025-07-12,16:30:00,5.18,Trim 27.1 from 2025-07-01 onward
27.1,27.1,41.50541,-81.66791,2025-07-12,17:00:00,9.734,Trim 27.1 from 2025-07-01 onward
27.1,27.1,41.50541,-81.66791,2025-07-12,17:30:00,7,Trim 27.1 from 2025-07-01 onward
27.1,27.1,41.50541,-81.66791,2025-07-12,18:00:00,6.436,Trim 27.1 from 2025-07-01 onward
27.1,27.1,41.50541,-81.66791,2025-07-12,18:30:00,7.425,Trim 27.1 from 2025-07-01 onward
27.1,27.1,41.50541,-81.66791,2025-07-12,19:00:00,7.287,Trim 27.1 from 2025-07-01 onward
27.1,27.1,41.50541,-81.66791,2025-07-12,19:30:00,11.222,Trim 27.1 from 2025-07-01 onward
27.1,27.1,41.50541,-81.66791,2025-07-12,20:00:00,5.392,Trim 27.1 from 2025-07-01 onward
27.1,27.1,41.50541,-81.66791,2025-07-12,20:30:00,8.835,Trim 27.1 from 2025-07-01 onward
27.1,27.1,41.50541,-81.66791,2025-07-12,21:00:00,5.271,Trim 27.1 from 2025-07-01 onward
27.1,27.1,41.50541,-81.66791,2025-07-12,21:30:00,3.62,Trim 27.1 from 2025-07-01 onward
27.1,27.1,41.50541,-81.66791,2025-07-12,22:00:00,5.969,Trim 27.1 from 2025-07-01 onward
27.1,27.1,41.50541,-81.66791,2025-07-12,22:30:00,10.267,Trim 27.1 from 2025-07-01 onward
27.1,27.1,41.50541,-81.66791,2025-07-12,23:00:00,7.63,Trim 27.1 from 2025-07-01 onward
27.1,27.1,41.50541,-81.66791,2025-07-12,23:30:00,4.242,Trim 27.1 from 2025-07-01 onward
27.1,27.1,41.50541,-81.66791,2025-07-13,00:00:00,5.878,Trim 27.1 from 2025-07-01 onward
27.1,27.1,41.50541,-81.66791,2025-07-13,00:30:00,5.337,Trim 27.1 from 2025-07-01 onward
27.1,27.1,41.50541,-81.66791,2025-07-13,01:00:00,4.161,Trim 27.1 from 2025-07-01 onward
27.1,27.1,41.50541,-81.66791,2025-07-13,01:30:00,4.359,Trim 27.1 from 2025-07-01 onward
27.1,27.1,41.50541,-81.66791,2025-07-13,02:00:00,4.213,Trim 27.1 from 2025-07-01 onward
27.1,27.1,41.50541,-81.66791,2025-07-13,02:30:00,9.337,Trim 27.1 from 2025-07-01 onward
27.1,27.1,41.50541,-81.66791,2025-07-13,03:00:00,6.336,Trim 27.1 from 2025-07-01 onward
27.1,27.1,41.50541,-81.66791,2025-07-13,03:30:00,4.928,Trim 27.1 from 2025-07-01 onward
27.1,27.1,41.50541,-81.66791,2025-07-13,04:00:00,3.329,Trim 27.1 from 2025-07-01 onward
27.1,27.1,41.50541,-81.66791,2025-07-13,04:30:00,3.831,Trim 27.1 from 2025-07-01 onward
27.1,27.1,41.50541,-81.66791,2025-07-13,05:00:00,5.256,Trim 27.1 from 2025-07-01 onward
27.1,27.1,41.50541,-81.66791,2025-07-13,05:30:00,2.72,Trim 27.1 from 2025-07-01 onward
27.1,27.1,41.50541,-81.66791,2025-07-13,06:00:00,5.704,Trim 27.1 from 2025-07-01 onward
27.1,27.1,41.50541,-81.66791,2025-07-13,07:00:00,6.142,Trim 27.1 from 2025-07-01 onward
27.1,27.1,41.50541,-81.66791,2025-07-13,07:30:00,3.077,Trim 27.1 from 2025-07-01 onward
27.1,27.1,41.50541,-81.66791,2025-07-13,08:00:00,7.287,Trim 27.1 from 2025-07-01 onward
27.1,27.1,41.50541,-81.66791,2025-07-13,08:30:00,4.218,Trim 27.1 from 2025-07-01 onward
27.1,27.1,41.50541,-81.66791,2025-07-13,09:00:00,7.148,Trim 27.1 from 2025-07-01 onward
27.1,27.1,41.50541,-81.66791,2025-07-13,09:30:00,5.621,Trim 27.1 from 2025-07-01 onward
27.1,27.1,41.50541,-81.66791,2025-07-13,10:00:00,6.184,Trim 27.1 from 2025-07-01 onward
27.1,27.1,41.50541,-81.66791,2025-07-13,10:30:00,2.22,Trim 27.1 from 2025-07-01 onward
27.1,27.1,41.50541,-81.66791,2025-07-13,11:00:00,4.108,Trim 27.1 from 2025-07-01 onward
27.1,27.1,41.50541,-81.66791,2025-07-13,11:30:00,4.061,Trim 27.1 from 2025-07-01 onward
27.1,27.1,41.50541,-81.66791,2025-07-13,12:00:00,6.723,Trim 27.1 from 2025-07-01 onward
27.1,27.1,41.50541,-81.66791,2025-07-13,12:30:00,6.476,Trim 27.1 from 2025-07-01 onward
27.1,27.1,41.50541,-81.66791,2025-07-13,13:00:00,6.476,Trim 27.1 from 2025-07-01 onward
27.1,27.1,41.50541,-81.66791,2025-07-13,13:30:00,4.705,Trim 27.1 from 2025-07-01 onward
27.1,27.1,41.50541,-81.66791,2025-07-13,14:00:00,3.408,Trim 27.1 from 2025-07-01 onward
27.1,27.1,41.50541,-81.66791,2025-07-13,14:30:00,6.994,Trim 27.1 from 2025-07-01 onward
27.1,27.1,41.50541,-81.66791,2025-07-13,15:00:00,6.315,Trim 27.1 from 2025-07-01 onward
27.1,27.1,41.50541,-81.66791,2025-07-13,15:30:00,4.666,Trim 27.1 from 2025-07-01 onward
27.1,27.1,41.50541,-81.66791,2025-07-13,16:00:00,6.114,Trim 27.1 from 2025-07-01 onward
27.1,27.1,41.50541,-81.66791,2025-07-13,16:30:00,5.409,Trim 27.1 from 2025-07-01 onward
27.1,27.1,41.50541,-81.66791,2025-07-13,17:00:00,4.61,Trim 27.1 from 2025-07-01 onward
27.1,27.1,41.50541,-81.66791,2025-07-13,17:30:00,6.47,Trim 27.1 from 2025-07-01 onward
27.1,27.1,41.50541,-81.66791,2025-07-13,18:00:00,7.44,Trim 27.1 from 2025-07-01 onward
27.1,27.1,41.50541,-81.66791,2025-07-13,18:30:00,11.544,Trim 27.1 from 2025-07-01 onward
27.1,27.1,41.50541,-81.66791,2025-07-13,19:00:00,5.35,Trim 27.1 from 2025-07-01 onward
27.1,27.1,41.50541,-81.66791,2025-07-13,19:30:00,4.781,Trim 27.1 from 2025-07-01 onward
27.1,27.1,41.50541,-81.66791,2025-07-13,20:00:00,7.793,Trim 27.1 from 2025-07-01 onward
27.1,27.1,41.50541,-81.66791,2025-07-13,20:30:00,3.349,Trim 27.1 from 2025-07-01 onward
27.1,27.1,41.50541,-81.66791,2025-07-13,21:00:00,5.451,Trim 27.1 from 2025-07-01 onward
27.1,27.1,41.50541,-81.66791,2025-07-13,21:30:00,7.087,Trim 27.1 from 2025-07-01 onward
27.1,27.1,41.50541,-81.66791,2025-07-13,22:00:00,4.079,Trim 27.1 from 2025-07-01 onward
27.1,27.1,41.50541,-81.66791,2025-07-13,22:30:00,2.806,Trim 27.1 from 2025-07-01 onward
27.1,27.1,41.50541,-81.66791,2025-07-13,23:00:00,3.052,Trim 27.1 from 2025-07-01 onward
27.1,27.1,41.50541,-81.66791,2025-07-13,23:30:00,5.322,Trim 27.1 from 2025-07-01 onward
27.1,27.1,41.50541,-81.66791,2025-07-14,00:00:00,5.134,Trim 27.1 from 2025-07-01 onward
27.1,27.1,41.50541,-81.66791,2025-07-14,00:30:00,4.275,Trim 27.1 from 2025-07-01 onward
27.1,27.1,41.50541,-81.66791,2025-07-14,01:00:00,5.561,Trim 27.1 from 2025-07-01 onward
27.1,27.1,41.50541,-81.66791,2025-07-14,01:30:00,5.502,Trim 27.1 from 2025-07-01 onward
27.1,27.1,41.50541,-81.66791,2025-07-14,02:00:00,4.587,Trim 27.1 from 2025-07-01 onward
27.1,27.1,41.50541,-81.66791,2025-07-14,02:30:00,6.799,Trim 27.1 from 2025-07-01 onward
27.1,27.1,41.50541,-81.66791,2025-07-14,03:00:00,7.227,Trim 27.1 from 2025-07-01 onward
27.1,27.1,41.50541,-81.66791,2025-07-14,03:30:00,14.081,Trim 27.1 from 2025-07-01 onward
27.1,27.1,41.50541,-81.66791,2025-07-14,04:00:00,11.304,Trim 27.1 from 2025-07-01 onward
27.1,27.1,41.50541,-81.66791,2025-07-14,04:30:00,9.912,Trim 27.1 from 2025-07-01 onward
27.1,27.1,41.50541,-81.66791,2025-07-14,05:00:00,11.282,Trim 27.1 from 2025-07-01 onward
27.1,27.1,41.50541,-81.66791,2025-07-14,05:30:00,13.012,Trim 27.1 from 2025-07-01 onward
27.1,27.1,41.50541,-81.66791,2025-07-14,06:00:00,25.283,Trim 27.1 from 2025-07-01 onward
27.1,27.1,41.50541,-81.66791,2025-07-14,06:30:00,28.279,Trim 27.1 from 2025-07-01 onward
27.1,27.1,41.50541,-81.66791,2025-07-14,07:00:00,23.111,Trim 27.1 from 2025-07-01 onward
27.1,27.1,41.50541,-81.66791,2025-07-14,07:30:00,19.149,Trim 27.1 from 2025-07-01 onward
27.1,27.1,41.50541,-81.66791,2025-07-14,08:00:00,28.614,Trim 27.1 from 2025-07-01 onward
27.1,27.1,41.50541,-81.66791,2025-07-14,08:30:00,17.777,Trim 27.1 from 2025-07-01 onward
27.1,27.1,41.50541,-81.66791,2025-07-14,09:00:00,26.17,Trim 27.1 from 2025-07-01 onward
27.1,27.1,41.50541,-81.66791,2025-07-14,09:30:00,26.712,Trim 27.1 from 2025-07-01 onward
27.1,27.1,41.50541,-81.66791,2025-07-14,10:00:00,25.242,Trim 27.1 from 2025-07-01 onward
27.1,27.1,41.50541,-81.66791,2025-07-14,10:30:00,23.514,Trim 27.1 from 2025-07-01 onward
27.1,27.1,41.50541,-81.66791,2025-07-14,11:00:00,28.437,Trim 27.1 from 2025-07-01 onward
27.1,27.1,41.50541,-81.66791,2025-07-14,11:30:00,35.464,Trim 27.1 from 2025-07-01 onward
27.1,27.1,41.50541,-81.66791,2025-07-14,12:00:00,30.992,Trim 27.1 from 2025-07-01 onward
27.1,27.1,41.50541,-81.66791,2025-07-14,12:30:00,29.238,Trim 27.1 from 2025-07-01 onward
27.1,27.1,41.50541,-81.66791,2025-07-14,13:00:00,45.032,Trim 27.1 from 2025-07-01 onward
27.1,27.1,41.50541,-81.66791,2025-07-14,13:30:00,33.751,Trim 27.1 from 2025-07-01 onward
27.1,27.1,41.50541,-81.66791,2025-07-14,14:00:00,37.417,Trim 27.1 from 2025-07-01 onward
27.1,27.1,41.50541,-81.66791,2025-07-14,14:30:00,34.39,Trim 27.1 from 2025-07-01 onward
27.1,27.1,41.50541,-81.66791,2025-07-14,15:00:00,38.641,Trim 27.1 from 2025-07-01 onward
27.1,27.1,41.50541,-81.66791,2025-07-14,15:30:00,37.001,Trim 27.1 from 2025-07-01 onward
27.1,27.1,41.50541,-81.66791,2025-07-14,16:00:00,29.52,Trim 27.1 from 2025-07-01 onward
27.1,27.1,41.50541,-81.66791,2025-07-14,16:30:00,22.463,Trim 27.1 from 2025-07-01 onward
27.1,27.1,41.50541,-81.66791,2025-07-14,17:00:00,30.766,Trim 27.1 from 2025-07-01 onward
27.1,27.1,41.50541,-81.66791,2025-07-14,17:30:00,25.357,Trim 27.1 from 2025-07-01 onward
27.1,27.1,41.50541,-81.66791,2025-07-14,18:00:00,26.106,Trim 27.1 from 2025-07-01 onward
27.1,27.1,41.50541,-81.66791,2025-07-14,18:30:00,22.122,Trim 27.1 from 2025-07-01 onward
27.1,27.1,41.50541,-81.66791,2025-07-14,19:00:00,27.418,Trim 27.1 from 2025-07-01 onward
27.1,27.1,41.50541,-81.66791,2025-07-14,19:30:00,32.464,Trim 27.1 from 2025-07-01 onward
27.1,27.1,41.50541,-81.66791,2025-07-14,20:00:00,22.142,Trim 27.1 from 2025-07-01 onward
27.1,27.1,41.50541,-81.66791,2025-07-14,20:30:00,21.73,Trim 27.1 from 2025-07-01 onward
27.1,27.1,41.50541,-81.66791,2025-07-14,21:00:00,19.753,Trim 27.1 from 2025-07-01 onward
27.1,27.1,41.50541,-81.66791,2025-07-14,21:30:00,15.895,Trim 27.1 from 2025-07-01 onward
27.1,27.1,41.50541,-81.66791,2025-07-14,22:00:00,19.671,Trim 27.1 from 2025-07-01 onward
27.1,27.1,41.50541,-81.66791,2025-07-14,22:30:00,31.297,Trim 27.1 from 2025-07-01 onward
27.1,27.1,41.50541,-81.66791,2025-07-14,23:00:00,25.344,Trim 27.1 from 2025-07-01 onward
27.1,27.1,41.50541,-81.66791,2025-07-14,23:30:00,23.949,Trim 27.1 from 2025-07-01 onward
27.1,27.1,41.50541,-81.66791,2025-07-15,00:00:00,22.211,Trim 27.1 from 2025-07-01 onward
27.1,27.1,41.50541,-81.66791,2025-07-15,00:30:00,22.378,Trim 27.1 from 2025-07-01 onward
27.1,27.1,41.50541,-81.66791,2025-07-15,01:00:00,21.732,Trim 27.1 from 2025-07-01 onward
27.1,27.1,41.50541,-81.66791,2025-07-15,01:30:00,18.866,Trim 27.1 from 2025-07-01 onward
27.1,27.1,41.50541,-81.66791,2025-07-15,02:00:00,24.15,Trim 27.1 from 2025-07-01 onward
27.1,27.1,41.50541,-81.66791,2025-07-15,02:30:00,26.199,Trim 27.1 from 2025-07-01 onward
27.1,27.1,41.50541,-81.66791,2025-07-15,03:00:00,26.009,Trim 27.1 from 2025-07-01 onward
27.1,27.1,41.50541,-81.66791,2025-07-15,03:30:00,34.503,Trim 27.1 from 2025-07-01 onward
27.1,27.1,41.50541,-81.66791,2025-07-15,04:00:00,28.294,Trim 27.1 from 2025-07-01 onward
27.1,27.1,41.50541,-81.66791,2025-07-15,04:30:00,31.895,Trim 27.1 from 2025-07-01 onward
27.1,27.1,41.50541,-81.66791,2025-07-15,05:00:00,35.997,Trim 27.1 from 2025-07-01 onward
27.1,27.1,41.50541,-81.66791,2025-07-15,05:30:00,73.367,Trim 27.1 from 2025-07-01 onward
27.1,27.1,41.50541,-81.66791,2025-07-15,06:00:00,37.062,Trim 27.1 from 2025-07-01 onward
27.1,27.1,41.50541,-81.66791,2025-07-15,06:30:00,29.142,Trim 27.1 from 2025-07-01 onward
27.1,27.1,41.50541,-81.66791,2025-07-15,07:00:00,31.133,Trim 27.1 from 2025-07-01 onward
27.1,27.1,41.50541,-81.66791,2025-07-15,08:00:00,44.014,Trim 27.1 from 2025-07-01 onward
27.1,27.1,41.50541,-81.66791,2025-07-15,08:30:00,49.324,Trim 27.1 from 2025-07-01 onward
27.1,27.1,41.50541,-81.66791,2025-07-15,09:00:00,77.657,Trim 27.1 from 2025-07-01 onward
27.1,27.1,41.50541,-81.66791,2025-07-15,09:30:00,56.731,Trim 27.1 from 2025-07-01 onward
27.1,27.1,41.50541,-81.66791,2025-07-15,10:00:00,39.943,Trim 27.1 from 2025-07-01 onward
27.1,27.1,41.50541,-81.66791,2025-07-15,10:30:00,35.116,Trim 27.1 from 2025-07-01 onward
27.1,27.1,41.50541,-81.66791,2025-07-15,11:00:00,43.978,Trim 27.1 from 2025-07-01 onward
27.1,27.1,41.50541,-81.66791,2025-07-15,11:30:00,49.982,Trim 27.1 from 2025-07-01 onward
27.1,27.1,41.50541,-81.66791,2025-07-15,12:00:00,40.768,Trim 27.1 from 2025-07-01 onward
27.1,27.1,41.50541,-81.66791,2025-07-15,12:30:00,32.351,Trim 27.1 from 2025-07-01 onward
27.1,27.1,41.50541,-81.66791,2025-07-15,13:00:00,31.52,Trim 27.1 from 2025-07-01 onward
27.1,27.1,41.50541,-81.66791,2025-07-15,13:30:00,43.652,Trim 27.1 from 2025-07-01 onward
27.1,27.1,41.50541,-81.66791,2025-07-15,14:00:00,32.73,Trim 27.1 from 2025-07-01 onward
27.1,27.1,41.50541,-81.66791,2025-07-15,14:30:00,38.612,Trim 27.1 from 2025-07-01 onward
27.1,27.1,41.50541,-81.66791,2025-07-15,15:00:00,39.086,Trim 27.1 from 2025-07-01 onward
27.1,27.1,41.50541,-81.66791,2025-07-15,15:30:00,36.797,Trim 27.1 from 2025-07-01 onward
27.1,27.1,41.50541,-81.66791,2025-07-15,16:00:00,36.412,Trim 27.1 from 2025-07-01 onward
27.1,27.1,41.50541,-81.66791,2025-07-15,16:30:00,33.26,Trim 27.1 from 2025-07-01 onward
27.1,27.1,41.50541,-81.66791,2025-07-15,17:00:00,36.526,Trim 27.1 from 2025-07-01 onward
27.1,27.1,41.50541,-81.66791,2025-07-15,17:30:00,32.038,Trim 27.1 from 2025-07-01 onward
27.1,27.1,41.50541,-81.66791,2025-07-15,18:00:00,40.725,Trim 27.1 from 2025-07-01 onward
27.1,27.1,41.50541,-81.66791,2025-07-15,18:30:00,34.269,Trim 27.1 from 2025-07-01 onward
27.1,27.1,41.50541,-81.66791,2025-07-15,19:00:00,36.375,Trim 27.1 from 2025-07-01 onward
27.1,27.1,41.50541,-81.66791,2025-07-15,19:30:00,35.444,Trim 27.1 from 2025-07-01 onward
27.1,27.1,41.50541,-81.66791,2025-07-15,20:00:00,34.087,Trim 27.1 from 2025-07-01 onward
27.1,27.1,41.50541,-81.66791,2025-07-15,20:30:00,41.512,Trim 27.1 from 2025-07-01 onward
27.1,27.1,41.50541,-81.66791,2025-07-15,21:00:00,42.088,Trim 27.1 from 2025-07-01 onward
27.1,27.1,41.50541,-81.66791,2025-07-15,21:30:00,38.903,Trim 27.1 from 2025-07-01 onward
27.1,27.1,41.50541,-81.66791,2025-07-15,22:00:00,45.361,Trim 27.1 from 2025-07-01 onward
27.1,27.1,41.50541,-81.66791,2025-07-15,22:30:00,37.165,Trim 27.1 from 2025-07-01 onward
27.1,27.1,41.50541,-81.66791,2025-07-15,23:00:00,39.423,Trim 27.1 from 2025-07-01 onward
27.1,27.1,41.50541,-81.66791,2025-07-15,23:30:00,39.212,Trim 27.1 from 2025-07-01 onward
27.1,27.1,41.50541,-81.66791,2025-07-16,00:00:00,35.699,Trim 27.1 from 2025-07-01 onward
27.1,27.1,41.50541,-81.66791,2025-07-16,00:30:00,39.675,Trim 27.1 from 2025-07-01 onward
27.1,27.1,41.50541,-81.66791,2025-07-16,01:00:00,37.878,Trim 27.1 from 2025-07-01 onward
27.1,27.1,41.50541,-81.66791,2025-07-16,01:30:00,44.68,Trim 27.1 from 2025-07-01 onward
27.1,27.1,41.50541,-81.66791,2025-07-16,02:00:00,35.14,Trim 27.1 from 2025-07-01 onward
27.1,27.1,41.50541,-81.66791,2025-07-16,02:30:00,41.264,Trim 27.1 from 2025-07-01 onward
27.1,27.1,41.50541,-81.66791,2025-07-16,03:00:00,42.891,Trim 27.1 from 2025-07-01 onward
27.1,27.1,41.50541,-81.66791,2025-07-16,03:30:00,43.831,Trim 27.1 from 2025-07-01 onward
27.1,27.1,41.50541,-81.66791,2025-07-16,04:00:00,48.317,Trim 27.1 from 2025-07-01 onward
27.1,27.1,41.50541,-81.66791,2025-07-16,04:30:00,44.856,Trim 27.1 from 2025-07-01 onward
27.1,27.1,41.50541,-81.66791,2025-07-16,05:00:00,47.725,Trim 27.1 from 2025-07-01 onward
27.1,27.1,41.50541,-81.66791,2025-07-16,06:00:00,56.23,Trim 27.1 from 2025-07-01 onward
27.1,27.1,41.50541,-81.66791,2025-07-16,06:30:00,48.97,Trim 27.1 from 2025-07-01 onward
27.1,27.1,41.50541,-81.66791,2025-07-16,07:00:00,53.67,Trim 27.1 from 2025-07-01 onward
27.1,27.1,41.50541,-81.66791,2025-07-16,07:30:00,53.012,Trim 27.1 from 2025-07-01 onward
27.1,27.1,41.50541,-81.66791,2025-07-16,08:00:00,45.852,Trim 27.1 from 2025-07-01 onward
27.1,27.1,41.50541,-81.66791,2025-07-16,08:30:00,59.571,Trim 27.1 from 2025-07-01 onward
27.1,27.1,41.50541,-81.66791,2025-07-16,09:00:00,48.462,Trim 27.1 from 2025-07-01 onward
27.1,27.1,41.50541,-81.66791,2025-07-16,09:30:00,48.462,Trim 27.1 from 2025-07-01 onward
27.1,27.1,41.50541,-81.66791,2025-07-16,10:00:00,60.228,Trim 27.1 from 2025-07-01 onward
27.1,27.1,41.50541,-81.66791,2025-07-16,10:30:00,51.598,Trim 27.1 from 2025-07-01 onward
27.1,27.1,41.50541,-81.66791,2025-07-16,11:00:00,52.351,Trim 27.1 from 2025-07-01 onward
27.1,27.1,41.50541,-81.66791,2025-07-16,11:30:00,42.448,Trim 27.1 from 2025-07-01 onward
27.1,27.1,41.50541,-81.66791,2025-07-16,12:00:00,49.183,Trim 27.1 from 2025-07-01 onward
27.1,27.1,41.50541,-81.66791,2025-07-16,12:30:00,36.217,Trim 27.1 from 2025-07-01 onward
27.1,27.1,41.50541,-81.66791,2025-07-16,13:00:00,36.217,Trim 27.1 from 2025-07-01 onward
27.1,27.1,41.50541,-81.66791,2025-07-16,13:30:00,36.833,Trim 27.1 from 2025-07-01 onward
27.1,27.1,41.50541,-81.66791,2025-07-16,14:30:00,32.318,Trim 27.1 from 2025-07-01 onward
27.1,27.1,41.50541,-81.66791,2025-07-16,15:00:00,30.559,Trim 27.1 from 2025-07-01 onward
27.1,27.1,41.50541,-81.66791,2025-07-16,15:30:00,18.638,Trim 27.1 from 2025-07-01 onward
27.1,27.1,41.50541,-81.66791,2025-07-16,16:00:00,19.654,Trim 27.1 from 2025-07-01 onward
27.1,27.1,41.50541,-81.66791,2025-07-16,16:30:00,14.726,Trim 27.1 from 2025-07-01 onward
27.1,27.1,41.50541,-81.66791,2025-07-16,17:00:00,28.593,Trim 27.1 from 2025-07-01 onward
27.1,27.1,41.50541,-81.66791,2025-07-16,17:30:00,41.009,Trim 27.1 from 2025-07-01 onward
27.1,27.1,41.50541,-81.66791,2025-07-16,18:00:00,37.625,Trim 27.1 from 2025-07-01 onward
27.1,27.1,41.50541,-81.66791,2025-07-16,18:30:00,48.448,Trim 27.1 from 2025-07-01 onward
27.1,27.1,41.50541,-81.66791,2025-07-16,19:00:00,32.919,Trim 27.1 from 2025-07-01 onward
27.1,27.1,41.50541,-81.66791,2025-07-16,19:30:00,28.526,Trim 27.1 from 2025-07-01 onward
27.1,27.1,41.50541,-81.66791,2025-07-16,20:00:00,19.148,Trim 27.1 from 2025-07-01 onward
27.1,27.1,41.50541,-81.66791,2025-07-16,20:30:00,13.397,Trim 27.1 from 2025-07-01 onward
27.1,27.1,41.50541,-81.66791,2025-07-16,21:00:00,8.993,Trim 27.1 from 2025-07-01 onward
27.1,27.1,41.50541,-81.66791,2025-07-16,21:30:00,5.276,Trim 27.1 from 2025-07-01 onward
27.1,27.1,41.50541,-81.66791,2025-07-16,22:00:00,5.439,Trim 27.1 from 2025-07-01 onward
27.1,27.1,41.50541,-81.66791,2025-07-16,22:30:00,13.997,Trim 27.1 from 2025-07-01 onward
27.1,27.1,41.50541,-81.66791,2025-07-16,23:00:00,7.082,Trim 27.1 from 2025-07-01 onward
27.1,27.1,41.50541,-81.66791,2025-07-16,23:30:00,16.878,Trim 27.1 from 2025-07-01 onward
27.1,27.1,41.50541,-81.66791,2025-07-17,00:00:00,9.053,Trim 27.1 from 2025-07-01 onward
27.1,27.1,41.50541,-81.66791,2025-07-17,00:30:00,11.855,Trim 27.1 from 2025-07-01 onward
27.1,27.1,41.50541,-81.66791,2025-07-17,01:00:00,14.766,Trim 27.1 from 2025-07-01 onward
27.1,27.1,41.50541,-81.66791,2025-07-17,01:30:00,24.11,Trim 27.1 from 2025-07-01 onward
27.1,27.1,41.50541,-81.66791,2025-07-17,02:30:00,18.577,Trim 27.1 from 2025-07-01 onward
27.1,27.1,41.50541,-81.66791,2025-07-17,03:00:00,20.193,Trim 27.1 from 2025-07-01 onward
27.1,27.1,41.50541,-81.66791,2025-07-17,03:30:00,16.754,Trim 27.1 from 2025-07-01 onward
27.1,27.1,41.50541,-81.66791,2025-07-17,04:00:00,10.537,Trim 27.1 from 2025-07-01 onward
27.1,27.1,41.50541,-81.66791,2025-07-17,04:30:00,12.803,Trim 27.1 from 2025-07-01 onward
27.1,27.1,41.50541,-81.66791,2025-07-17,05:00:00,10.61,Trim 27.1 from 2025-07-01 onward
27.1,27.1,41.50541,-81.66791,2025-07-17,05:30:00,6.538,Trim 27.1 from 2025-07-01 onward
27.1,27.1,41.50541,-81.66791,2025-07-17,06:00:00,18.423,Trim 27.1 from 2025-07-01 onward
27.1,27.1,41.50541,-81.66791,2025-07-17,06:30:00,12.98,Trim 27.1 from 2025-07-01 onward
27.1,27.1,41.50541,-81.66791,2025-07-17,07:00:00,15.099,Trim 27.1 from 2025-07-01 onward
27.1,27.1,41.50541,-81.66791,2025-07-17,08:30:00,10.536,Trim 27.1 from 2025-07-01 onward
27.1,27.1,41.50541,-81.66791,2025-07-17,09:00:00,15.039,Trim 27.1 from 2025-07-01 onward
27.1,27.1,41.50541,-81.66791,2025-07-17,10:00:00,13.37,Trim 27.1 from 2025-07-01 onward
27.1,27.1,41.50541,-81.66791,2025-07-17,10:30:00,8.688,Trim 27.1 from 2025-07-01 onward
27.1,27.1,41.50541,-81.66791,2025-07-17,13:30:00,4.588,Trim 27.1 from 2025-07-01 onward
27.1,27.1,41.50541,-81.66791,2025-07-17,14:00:00,4.517,Trim 27.1 from 2025-07-01 onward
27.1,27.1,41.50541,-81.66791,2025-07-17,14:30:00,1.641,Trim 27.1 from 2025-07-01 onward
27.1,27.1,41.50541,-81.66791,2025-07-17,16:00:00,4.795,Trim 27.1 from 2025-07-01 onward
27.1,27.1,41.50541,-81.66791,2025-07-17,17:00:00,3.462,Trim 27.1 from 2025-07-01 onward
27.1,27.1,41.50541,-81.66791,2025-07-17,17:30:00,3.416,Trim 27.1 from 2025-07-01 onward
27.1,27.1,41.50541,-81.66791,2025-07-17,18:00:00,4.022,Trim 27.1 from 2025-07-01 onward
27.1,27.1,41.50541,-81.66791,2025-07-17,18:30:00,5.947,Trim 27.1 from 2025-07-01 onward
27.1,27.1,41.50541,-81.66791,2025-07-17,19:00:00,3.533,Trim 27.1 from 2025-07-01 onward
27.1,27.1,41.50541,-81.66791,2025-07-17,19:30:00,5.08,Trim 27.1 from 2025-07-01 onward
27.1,27.1,41.50541,-81.66791,2025-07-17,20:00:00,3.44,Trim 27.1 from 2025-07-01 onward
27.1,27.1,41.50541,-81.66791,2025-07-17,20:30:00,4.18,Trim 27.1 from 2025-07-01 onward
27.1,27.1,41.50541,-81.66791,2025-07-17,21:00:00,10.014,Trim 27.1 from 2025-07-01 onward
27.1,27.1,41.50541,-81.66791,2025-07-17,21:30:00,5.512,Trim 27.1 from 2025-07-01 onward
27.1,27.1,41.50541,-81.66791,2025-07-17,22:00:00,6.211,Trim 27.1 from 2025-07-01 onward
27.1,27.1,41.50541,-81.66791,2025-07-17,22:30:00,4.173,Trim 27.1 from 2025-07-01 onward
27.1,27.1,41.50541,-81.66791,2025-07-17,23:00:00,3.604,Trim 27.1 from 2025-07-01 onward
27.1,27.1,41.50541,-81.66791,2025-07-17,23:30:00,4.902,Trim 27.1 from 2025-07-01 onward
27.1,27.1,41.50541,-81.66791,2025-07-18,00:00:00,4.099,Trim 27.1 from 2025-07-01 onward
27.1,27.1,41.50541,-81.66791,2025-07-18,00:30:00,7.89,Trim 27.1 from 2025-07-01 onward
27.1,27.1,41.50541,-81.66791,2025-07-18,01:00:00,6.044,Trim 27.1 from 2025-07-01 onward
27.1,27.1,41.50541,-81.66791,2025-07-18,01:30:00,3.455,Trim 27.1 from 2025-07-01 onward
27.1,27.1,41.50541,-81.66791,2025-07-18,02:00:00,2.386,Trim 27.1 from 2025-07-01 onward
27.1,27.1,41.50541,-81.66791,2025-07-18,02:30:00,2.466,Trim 27.1 from 2025-07-01 onward
27.1,27.1,41.50541,-81.66791,2025-07-18,03:00:00,5.926,Trim 27.1 from 2025-07-01 onward
27.1,27.1,41.50541,-81.66791,2025-07-18,03:30:00,0.85,Trim 27.1 from 2025-07-01 onward
27.1,27.1,41.50541,-81.66791,2025-07-18,04:00:00,2.091,Trim 27.1 from 2025-07-01 onward
27.1,27.1,41.50541,-81.66791,2025-07-18,04:30:00,1.641,Trim 27.1 from 2025-07-01 onward
27.1,27.1,41.50541,-81.66791,2025-07-18,05:00:00,2.185,Trim 27.1 from 2025-07-01 onward
27.1,27.1,41.50541,-81.66791,2025-07-18,05:30:00,1.616,Trim 27.1 from 2025-07-01 onward
27.1,27.1,41.50541,-81.66791,2025-07-18,06:00:00,0.581,Trim 27.1 from 2025-07-01 onward
27.1,27.1,41.50541,-81.66791,2025-07-18,06:30:00,1.096,Trim 27.1 from 2025-07-01 onward
27.1,27.1,41.50541,-81.66791,2025-07-18,07:00:00,0.547,Trim 27.1 from 2025-07-01 onward
27.1,27.1,41.50541,-81.66791,2025-07-18,07:30:00,1.808,Trim 27.1 from 2025-07-01 onward
27.1,27.1,41.50541,-81.66791,2025-07-18,08:00:00,1.924,Trim 27.1 from 2025-07-01 onward
27.1,27.1,41.50541,-81.66791,2025-07-18,08:30:00,0.544,Trim 27.1 from 2025-07-01 onward
27.1,27.1,41.50541,-81.66791,2025-07-18,09:00:00,0.599,Trim 27.1 from 2025-07-01 onward
27.1,27.1,41.50541,-81.66791,2025-07-18,09:30:00,2.169,Trim 27.1 from 2025-07-01 onward
27.1,27.1,41.50541,-81.66791,2025-07-18,10:00:00,4.716,Trim 27.1 from 2025-07-01 onward
27.1,27.1,41.50541,-81.66791,2025-07-18,10:30:00,1.37,Trim 27.1 from 2025-07-01 onward
27.1,27.1,41.50541,-81.66791,2025-07-18,11:00:00,0.82,Trim 27.1 from 2025-07-01 onward
27.1,27.1,41.50541,-81.66791,2025-07-18,11:30:00,2.018,Trim 27.1 from 2025-07-01 onward
27.1,27.1,41.50541,-81.66791,2025-07-18,12:00:00,1.434,Trim 27.1 from 2025-07-01 onward
27.1,27.1,41.50541,-81.66791,2025-07-18,12:30:00,1.05,Trim 27.1 from 2025-07-01 onward
27.1,27.1,41.50541,-81.66791,2025-07-18,13:00:00,3.416,Trim 27.1 from 2025-07-01 onward
27.1,27.1,41.50541,-81.66791,2025-07-18,13:30:00,5.884,Trim 27.1 from 2025-07-01 onward
27.1,27.1,41.50541,-81.66791,2025-07-18,14:00:00,3.436,Trim 27.1 from 2025-07-01 onward
27.1,27.1,41.50541,-81.66791,2025-07-18,14:30:00,1.736,Trim 27.1 from 2025-07-01 onward
27.1,27.1,41.50541,-81.66791,2025-07-18,15:00:00,1.243,Trim 27.1 from 2025-07-01 onward
27.1,27.1,41.50541,-81.66791,2025-07-18,15:30:00,1.671,Trim 27.1 from 2025-07-01 onward
27.1,27.1,41.50541,-81.66791,2025-07-18,16:00:00,2.314,Trim 27.1 from 2025-07-01 onward
27.1,27.1,41.50541,-81.66791,2025-07-18,16:30:00,2.171,Trim 27.1 from 2025-07-01 onward
27.1,27.1,41.50541,-81.66791,2025-07-18,17:00:00,0.997,Trim 27.1 from 2025-07-01 onward
27.1,27.1,41.50541,-81.66791,2025-07-18,17:30:00,1.61,Trim 27.1 from 2025-07-01 onward
27.1,27.1,41.50541,-81.66791,2025-07-18,18:00:00,2.681,Trim 27.1 from 2025-07-01 onward
27.1,27.1,41.50541,-81.66791,2025-07-18,18:30:00,1.65,Trim 27.1 from 2025-07-01 onward
27.1,27.1,41.50541,-81.66791,2025-07-18,19:00:00,1.003,Trim 27.1 from 2025-07-01 onward
27.1,27.1,41.50541,-81.66791,2025-07-18,19:30:00,0.869,Trim 27.1 from 2025-07-01 onward
27.1,27.1,41.50541,-81.66791,2025-07-18,20:00:00,1.642,Trim 27.1 from 2025-07-01 onward
27.1,27.1,41.50541,-81.66791,2025-07-18,20:30:00,1.873,Trim 27.1 from 2025-07-01 onward
27.1,27.1,41.50541,-81.66791,2025-07-18,21:00:00,1.031,Trim 27.1 from 2025-07-01 onward
27.1,27.1,41.50541,-81.66791,2025-07-18,21:30:00,1.733,Trim 27.1 from 2025-07-01 onward
27.1,27.1,41.50541,-81.66791,2025-07-18,22:00:00,1.598,Trim 27.1 from 2025-07-01 onward
27.1,27.1,41.50541,-81.66791,2025-07-18,22:30:00,2.015,Trim 27.1 from 2025-07-01 onward
27.1,27.1,41.50541,-81.66791,2025-07-18,23:00:00,3.205,Trim 27.1 from 2025-07-01 onward
27.1,27.1,41.50541,-81.66791,2025-07-18,23:30:00,1.717,Trim 27.1 from 2025-07-01 onward
27.1,27.1,41.50541,-81.66791,2025-07-19,00:00:00,2.611,Trim 27.1 from 2025-07-01 onward
27.1,27.1,41.50541,-81.66791,2025-07-19,00:30:00,2.237,Trim 27.1 from 2025-07-01 onward
27.1,27.1,41.50541,-81.66791,2025-07-19,01:00:00,1.825,Trim 27.1 from 2025-07-01 onward
27.1,27.1,41.50541,-81.66791,2025-07-19,01:30:00,0.924,Trim 27.1 from 2025-07-01 onward
27.1,27.1,41.50541,-81.66791,2025-07-19,02:00:00,1.608,Trim 27.1 from 2025-07-01 onward
27.1,27.1,41.50541,-81.66791,2025-07-19,02:30:00,1.62,Trim 27.1 from 2025-07-01 onward
27.1,27.1,41.50541,-81.66791,2025-07-19,03:00:00,2.959,Trim 27.1 from 2025-07-01 onward
27.1,27.1,41.50541,-81.66791,2025-07-19,03:30:00,1.614,Trim 27.1 from 2025-07-01 onward
27.1,27.1,41.50541,-81.66791,2025-07-19,04:00:00,4.612,Trim 27.1 from 2025-07-01 onward
27.1,27.1,41.50541,-81.66791,2025-07-19,04:30:00,4.91,Trim 27.1 from 2025-07-01 onward
27.1,27.1,41.50541,-81.66791,2025-07-19,05:00:00,2.629,Trim 27.1 from 2025-07-01 onward
27.1,27.1,41.50541,-81.66791,2025-07-19,05:30:00,1.827,Trim 27.1 from 2025-07-01 onward
27.1,27.1,41.50541,-81.66791,2025-07-19,06:00:00,3.954,Trim 27.1 from 2025-07-01 onward
27.1,27.1,41.50541,-81.66791,2025-07-19,07:00:00,9.412,Trim 27.1 from 2025-07-01 onward
27.1,27.1,41.50541,-81.66791,2025-07-19,07:30:00,3.396,Trim 27.1 from 2025-07-01 onward
27.1,27.1,41.50541,-81.66791,2025-07-19,08:00:00,10.273,Trim 27.1 from 2025-07-01 onward
27.1,27.1,41.50541,-81.66791,2025-07-19,08:30:00,31.07,Trim 27.1 from 2025-07-01 onward
27.1,27.1,41.50541,-81.66791,2025-07-19,09:00:00,57.159,Trim 27.1 from 2025-07-01 onward
27.1,27.1,41.50541,-81.66791,2025-07-19,09:30:00,7.729,Trim 27.1 from 2025-07-01 onward
27.1,27.1,41.50541,-81.66791,2025-07-19,10:30:00,5.194,Trim 27.1 from 2025-07-01 onward
27.1,27.1,41.50541,-81.66791,2025-07-19,11:00:00,11.787,Trim 27.1 from 2025-07-01 onward
27.1,27.1,41.50541,-81.66791,2025-07-19,11:30:00,13.928,Trim 27.1 from 2025-07-01 onward
27.1,27.1,41.50541,-81.66791,2025-07-19,12:00:00,7.569,Trim 27.1 from 2025-07-01 onward
27.1,27.1,41.50541,-81.66791,2025-07-19,12:30:00,2.713,Trim 27.1 from 2025-07-01 onward
27.1,27.1,41.50541,-81.66791,2025-07-19,13:00:00,3.239,Trim 27.1 from 2025-07-01 onward
27.1,27.1,41.50541,-81.66791,2025-07-19,13:30:00,2.762,Trim 27.1 from 2025-07-01 onward
27.1,27.1,41.50541,-81.66791,2025-07-19,14:00:00,3.353,Trim 27.1 from 2025-07-01 onward
27.1,27.1,41.50541,-81.66791,2025-07-19,14:30:00,2.757,Trim 27.1 from 2025-07-01 onward
27.1,27.1,41.50541,-81.66791,2025-07-19,15:00:00,1.287,Trim 27.1 from 2025-07-01 onward
27.1,27.1,41.50541,-81.66791,2025-07-19,15:30:00,1.135,Trim 27.1 from 2025-07-01 onward
27.1,27.1,41.50541,-81.66791,2025-07-19,16:00:00,1.832,Trim 27.1 from 2025-07-01 onward
27.1,27.1,41.50541,-81.66791,2025-07-19,16:30:00,6.627,Trim 27.1 from 2025-07-01 onward
27.1,27.1,41.50541,-81.66791,2025-07-19,17:00:00,2.747,Trim 27.1 from 2025-07-01 onward
27.1,27.1,41.50541,-81.66791,2025-07-19,17:30:00,3.304,Trim 27.1 from 2025-07-01 onward
27.1,27.1,41.50541,-81.66791,2025-07-19,18:00:00,4.216,Trim 27.1 from 2025-07-01 onward
27.1,27.1,41.50541,-81.66791,2025-07-19,18:30:00,3.367,Trim 27.1 from 2025-07-01 onward
27.1,27.1,41.50541,-81.66791,2025-07-19,19:00:00,4.938,Trim 27.1 from 2025-07-01 onward
27.1,27.1,41.50541,-81.66791,2025-07-19,19:30:00,3.364,Trim 27.1 from 2025-07-01 onward
27.1,27.1,41.50541,-81.66791,2025-07-19,20:00:00,4.694,Trim 27.1 from 2025-07-01 onward
27.1,27.1,41.50541,-81.66791,2025-07-19,20:30:00,2.084,Trim 27.1 from 2025-07-01 onward
27.1,27.1,41.50541,-81.66791,2025-07-19,21:00:00,2.465,Trim 27.1 from 2025-07-01 onward
27.1,27.1,41.50541,-81.66791,2025-07-19,21:30:00,1.54,Trim 27.1 from 2025-07-01 onward
27.1,27.1,41.50541,-81.66791,2025-07-19,22:00:00,3.862,Trim 27.1 from 2025-07-01 onward
27.1,27.1,41.50541,-81.66791,2025-07-19,22:30:00,4.612,Trim 27.1 from 2025-07-01 onward
27.1,27.1,41.50541,-81.66791,2025-07-19,23:00:00,2.852,Trim 27.1 from 2025-07-01 onward
27.1,27.1,41.50541,-81.66791,2025-07-19,23:30:00,5.897,Trim 27.1 from 2025-07-01 onward
27.1,27.1,41.50541,-81.66791,2025-07-20,00:00:00,2.734,Trim 27.1 from 2025-07-01 onward
27.1,27.1,41.50541,-81.66791,2025-07-20,00:30:00,4.522,Trim 27.1 from 2025-07-01 onward
27.1,27.1,41.50541,-81.66791,2025-07-20,01:00:00,7.142,Trim 27.1 from 2025-07-01 onward
27.1,27.1,41.50541,-81.66791,2025-07-20,01:30:00,6.853,Trim 27.1 from 2025-07-01 onward
27.1,27.1,41.50541,-81.66791,2025-07-20,02:00:00,8.032,Trim 27.1 from 2025-07-01 onward
27.1,27.1,41.50541,-81.66791,2025-07-20,02:30:00,6.568,Trim 27.1 from 2025-07-01 onward
27.1,27.1,41.50541,-81.66791,2025-07-20,03:00:00,7.577,Trim 27.1 from 2025-07-01 onward
27.1,27.1,41.50541,-81.66791,2025-07-20,03:30:00,4.905,Trim 27.1 from 2025-07-01 onward
27.1,27.1,41.50541,-81.66791,2025-07-20,04:00:00,11.244,Trim 27.1 from 2025-07-01 onward
27.1,27.1,41.50541,-81.66791,2025-07-20,04:30:00,4.421,Trim 27.1 from 2025-07-01 onward
27.1,27.1,41.50541,-81.66791,2025-07-20,05:00:00,5.991,Trim 27.1 from 2025-07-01 onward
27.1,27.1,41.50541,-81.66791,2025-07-20,05:30:00,5.776,Trim 27.1 from 2025-07-01 onward
27.1,27.1,41.50541,-81.66791,2025-07-20,06:00:00,4.925,Trim 27.1 from 2025-07-01 onward
27.1,27.1,41.50541,-81.66791,2025-07-20,06:30:00,5.958,Trim 27.1 from 2025-07-01 onward
27.1,27.1,41.50541,-81.66791,2025-07-20,07:00:00,5.145,Trim 27.1 from 2025-07-01 onward
27.1,27.1,41.50541,-81.66791,2025-07-20,07:30:00,5.163,Trim 27.1 from 2025-07-01 onward
27.1,27.1,41.50541,-81.66791,2025-07-20,08:00:00,7.954,Trim 27.1 from 2025-07-01 onward
27.1,27.1,41.50541,-81.66791,2025-07-20,08:30:00,6.919,Trim 27.1 from 2025-07-01 onward
27.1,27.1,41.50541,-81.66791,2025-07-20,09:00:00,6.335,Trim 27.1 from 2025-07-01 onward
27.1,27.1,41.50541,-81.66791,2025-07-20,09:30:00,6.473,Trim 27.1 from 2025-07-01 onward
27.1,27.1,41.50541,-81.66791,2025-07-20,10:00:00,5.01,Trim 27.1 from 2025-07-01 onward
27.1,27.1,41.50541,-81.66791,2025-07-20,10:30:00,9.338,Trim 27.1 from 2025-07-01 onward
27.1,27.1,41.50541,-81.66791,2025-07-20,11:00:00,5.254,Trim 27.1 from 2025-07-01 onward
27.1,27.1,41.50541,-81.66791,2025-07-20,11:30:00,3.416,Trim 27.1 from 2025-07-01 onward
27.1,27.1,41.50541,-81.66791,2025-07-20,12:00:00,3.997,Trim 27.1 from 2025-07-01 onward
27.1,27.1,41.50541,-81.66791,2025-07-20,12:30:00,6.277,Trim 27.1 from 2025-07-01 onward
27.1,27.1,41.50541,-81.66791,2025-07-20,13:00:00,12.117,Trim 27.1 from 2025-07-01 onward
27.1,27.1,41.50541,-81.66791,2025-07-20,13:30:00,7.995,Trim 27.1 from 2025-07-01 onward
27.1,27.1,41.50541,-81.66791,2025-07-20,14:00:00,9.202,Trim 27.1 from 2025-07-01 onward
27.1,27.1,41.50541,-81.66791,2025-07-20,14:30:00,7.382,Trim 27.1 from 2025-07-01 onward
27.1,27.1,41.50541,-81.66791,2025-07-20,15:00:00,5.556,Trim 27.1 from 2025-07-01 onward
27.1,27.1,41.50541,-81.66791,2025-07-20,15:30:00,7.816,Trim 27.1 from 2025-07-01 onward
27.1,27.1,41.50541,-81.66791,2025-07-20,16:00:00,6.449,Trim 27.1 from 2025-07-01 onward
27.1,27.1,41.50541,-81.66791,2025-07-20,16:30:00,4.825,Trim 27.1 from 2025-07-01 onward
27.1,27.1,41.50541,-81.66791,2025-07-20,17:00:00,7.932,Trim 27.1 from 2025-07-01 onward
27.1,27.1,41.50541,-81.66791,2025-07-20,17:30:00,7.954,Trim 27.1 from 2025-07-01 onward
27.1,27.1,41.50541,-81.66791,2025-07-20,18:00:00,10.536,Trim 27.1 from 2025-07-01 onward
27.1,27.1,41.50541,-81.66791,2025-07-20,18:30:00,7.086,Trim 27.1 from 2025-07-01 onward
27.1,27.1,41.50541,-81.66791,2025-07-20,19:00:00,8.658,Trim 27.1 from 2025-07-01 onward
27.1,27.1,41.50541,-81.66791,2025-07-20,19:30:00,5.061,Trim 27.1 from 2025-07-01 onward
27.1,27.1,41.50541,-81.66791,2025-07-20,20:00:00,9.256,Trim 27.1 from 2025-07-01 onward
27.1,27.1,41.50541,-81.66791,2025-07-20,20:30:00,3.044,Trim 27.1 from 2025-07-01 onward
27.1,27.1,41.50541,-81.66791,2025-07-20,21:00:00,3.197,Trim 27.1 from 2025-07-01 onward
27.1,27.1,41.50541,-81.66791,2025-07-20,21:30:00,4.464,Trim 27.1 from 2025-07-01 onward
27.1,27.1,41.50541,-81.66791,2025-07-20,22:00:00,3.525,Trim 27.1 from 2025-07-01 onward
27.1,27.1,41.50541,-81.66791,2025-07-20,22:30:00,7.562,Trim 27.1 from 2025-07-01 onward
27.1,27.1,41.50541,-81.66791,2025-07-20,23:00:00,4.446,Trim 27.1 from 2025-07-01 onward
27.1,27.1,41.50541,-81.66791,2025-07-20,23:30:00,5.55,Trim 27.1 from 2025-07-01 onward
27.1,27.1,41.50541,-81.66791,2025-07-21,00:00:00,4.483,Trim 27.1 from 2025-07-01 onward
27.1,27.1,41.50541,-81.66791,2025-07-21,00:30:00,2.201,Trim 27.1 from 2025-07-01 onward
27.1,27.1,41.50541,-81.66791,2025-07-21,01:00:00,5.933,Trim 27.1 from 2025-07-01 onward
27.1,27.1,41.50541,-81.66791,2025-07-21,01:30:00,5.97,Trim 27.1 from 2025-07-01 onward
27.1,27.1,41.50541,-81.66791,2025-07-21,02:00:00,2.65,Trim 27.1 from 2025-07-01 onward
27.1,27.1,41.50541,-81.66791,2025-07-21,02:30:00,4.987,Trim 27.1 from 2025-07-01 onward
27.1,27.1,41.50541,-81.66791,2025-07-21,03:00:00,6.673,Trim 27.1 from 2025-07-01 onward
27.1,27.1,41.50541,-81.66791,2025-07-21,03:30:00,8.852,Trim 27.1 from 2025-07-01 onward
27.1,27.1,41.50541,-81.66791,2025-07-21,04:00:00,13.596,Trim 27.1 from 2025-07-01 onward
27.1,27.1,41.50541,-81.66791,2025-07-21,04:30:00,14.284,Trim 27.1 from 2025-07-01 onward
27.1,27.1,41.50541,-81.66791,2025-07-21,05:00:00,16.836,Trim 27.1 from 2025-07-01 onward
27.1,27.1,41.50541,-81.66791,2025-07-21,05:30:00,16.582,Trim 27.1 from 2025-07-01 onward
27.1,27.1,41.50541,-81.66791,2025-07-21,06:00:00,28.038,Trim 27.1 from 2025-07-01 onward
27.1,27.1,41.50541,-81.66791,2025-07-21,06:30:00,24.642,Trim 27.1 from 2025-07-01 onward
27.1,27.1,41.50541,-81.66791,2025-07-21,07:00:00,46.221,Trim 27.1 from 2025-07-01 onward
27.1,27.1,41.50541,-81.66791,2025-07-21,07:30:00,49.277,Trim 27.1 from 2025-07-01 onward
27.1,27.1,41.50541,-81.66791,2025-07-21,08:00:00,33.202,Trim 27.1 from 2025-07-01 onward
27.1,27.1,41.50541,-81.66791,2025-07-21,08:30:00,24.609,Trim 27.1 from 2025-07-01 onward
27.1,27.1,41.50541,-81.66791,2025-07-21,09:00:00,26.698,Trim 27.1 from 2025-07-01 onward
27.1,27.1,41.50541,-81.66791,2025-07-21,09:30:00,28.877,Trim 27.1 from 2025-07-01 onward
27.1,27.1,41.50541,-81.66791,2025-07-21,10:00:00,25.512,Trim 27.1 from 2025-07-01 onward
27.1,27.1,41.50541,-81.66791,2025-07-21,10:30:00,34.075,Trim 27.1 from 2025-07-01 onward
27.1,27.1,41.50541,-81.66791,2025-07-21,11:00:00,49.371,Trim 27.1 from 2025-07-01 onward
27.1,27.1,41.50541,-81.66791,2025-07-21,11:30:00,41.149,Trim 27.1 from 2025-07-01 onward
27.1,27.1,41.50541,-81.66791,2025-07-21,12:00:00,40.667,Trim 27.1 from 2025-07-01 onward
27.1,27.1,41.50541,-81.66791,2025-07-21,12:30:00,21.069,Trim 27.1 from 2025-07-01 onward
27.1,27.1,41.50541,-81.66791,2025-07-21,13:00:00,20.707,Trim 27.1 from 2025-07-01 onward
27.1,27.1,41.50541,-81.66791,2025-07-21,13:30:00,20.019,Trim 27.1 from 2025-07-01 onward
27.1,27.1,41.50541,-81.66791,2025-07-21,14:00:00,22.682,Trim 27.1 from 2025-07-01 onward
27.1,27.1,41.50541,-81.66791,2025-07-21,14:30:00,20.055,Trim 27.1 from 2025-07-01 onward
27.1,27.1,41.50541,-81.66791,2025-07-21,15:00:00,18.764,Trim 27.1 from 2025-07-01 onward
27.1,27.1,41.50541,-81.66791,2025-07-21,15:30:00,11.514,Trim 27.1 from 2025-07-01 onward
27.1,27.1,41.50541,-81.66791,2025-07-21,16:00:00,15.68,Trim 27.1 from 2025-07-01 onward
27.1,27.1,41.50541,-81.66791,2025-07-21,16:30:00,24.221,Trim 27.1 from 2025-07-01 onward
27.1,27.1,41.50541,-81.66791,2025-07-21,17:00:00,25.605,Trim 27.1 from 2025-07-01 onward
27.1,27.1,41.50541,-81.66791,2025-07-21,17:30:00,28.06,Trim 27.1 from 2025-07-01 onward
27.1,27.1,41.50541,-81.66791,2025-07-21,18:00:00,27.21,Trim 27.1 from 2025-07-01 onward
27.1,27.1,41.50541,-81.66791,2025-07-21,18:30:00,28.979,Trim 27.1 from 2025-07-01 onward
27.1,27.1,41.50541,-81.66791,2025-07-21,19:00:00,19.361,Trim 27.1 from 2025-07-01 onward
27.1,27.1,41.50541,-81.66791,2025-07-21,19:30:00,22.016,Trim 27.1 from 2025-07-01 onward
27.1,27.1,41.50541,-81.66791,2025-07-21,20:00:00,21.098,Trim 27.1 from 2025-07-01 onward
27.1,27.1,41.50541,-81.66791,2025-07-21,20:30:00,16.959,Trim 27.1 from 2025-07-01 onward
27.1,27.1,41.50541,-81.66791,2025-07-21,21:00:00,17.007,Trim 27.1 from 2025-07-01 onward
27.1,27.1,41.50541,-81.66791,2025-07-21,21:30:00,16.213,Trim 27.1 from 2025-07-01 onward
27.1,27.1,41.50541,-81.66791,2025-07-21,22:00:00,13.913,Trim 27.1 from 2025-07-01 onward
27.1,27.1,41.50541,-81.66791,2025-07-21,22:30:00,12.939,Trim 27.1 from 2025-07-01 onward
27.1,27.1,41.50541,-81.66791,2025-07-21,23:00:00,7.122,Trim 27.1 from 2025-07-01 onward
27.1,27.1,41.50541,-81.66791,2025-07-21,23:30:00,8.416,Trim 27.1 from 2025-07-01 onward
27.1,27.1,41.50541,-81.66791,2025-07-22,00:00:00,7.974,Trim 27.1 from 2025-07-01 onward
27.1,27.1,41.50541,-81.66791,2025-07-22,00:30:00,7.071,Trim 27.1 from 2025-07-01 onward
27.1,27.1,41.50541,-81.66791,2025-07-22,01:00:00,7.097,Trim 27.1 from 2025-07-01 onward
27.1,27.1,41.50541,-81.66791,2025-07-22,01:30:00,12.732,Trim 27.1 from 2025-07-01 onward
27.1,27.1,41.50541,-81.66791,2025-07-22,02:00:00,6.116,Trim 27.1 from 2025-07-01 onward
27.1,27.1,41.50541,-81.66791,2025-07-22,02:30:00,9.628,Trim 27.1 from 2025-07-01 onward
27.1,27.1,41.50541,-81.66791,2025-07-22,03:00:00,2.742,Trim 27.1 from 2025-07-01 onward
27.1,27.1,41.50541,-81.66791,2025-07-22,03:30:00,1.756,Trim 27.1 from 2025-07-01 onward
27.1,27.1,41.50541,-81.66791,2025-07-22,04:00:00,1.717,Trim 27.1 from 2025-07-01 onward
27.1,27.1,41.50541,-81.66791,2025-07-22,04:30:00,4.415,Trim 27.1 from 2025-07-01 onward
27.1,27.1,41.50541,-81.66791,2025-07-22,05:00:00,3.87,Trim 27.1 from 2025-07-01 onward
27.1,27.1,41.50541,-81.66791,2025-07-22,05:30:00,2.752,Trim 27.1 from 2025-07-01 onward
27.1,27.1,41.50541,-81.66791,2025-07-22,06:00:00,1.664,Trim 27.1 from 2025-07-01 onward
27.1,27.1,41.50541,-81.66791,2025-07-22,06:30:00,4.46,Trim 27.1 from 2025-07-01 onward
27.1,27.1,41.50541,-81.66791,2025-07-22,07:00:00,1.151,Trim 27.1 from 2025-07-01 onward
27.1,27.1,41.50541,-81.66791,2025-07-22,07:30:00,4.842,Trim 27.1 from 2025-07-01 onward
27.1,27.1,41.50541,-81.66791,2025-07-22,08:00:00,7.002,Trim 27.1 from 2025-07-01 onward
27.1,27.1,41.50541,-81.66791,2025-07-22,08:30:00,12.014,Trim 27.1 from 2025-07-01 onward
27.1,27.1,41.50541,-81.66791,2025-07-22,09:00:00,10.924,Trim 27.1 from 2025-07-01 onward
27.1,27.1,41.50541,-81.66791,2025-07-22,09:30:00,13.76,Trim 27.1 from 2025-07-01 onward
27.1,27.1,41.50541,-81.66791,2025-07-22,10:00:00,13.76,Trim 27.1 from 2025-07-01 onward
27.1,27.1,41.50541,-81.66791,2025-07-22,10:30:00,11.138,Trim 27.1 from 2025-07-01 onward
27.1,27.1,41.50541,-81.66791,2025-07-22,11:00:00,11.29,Trim 27.1 from 2025-07-01 onward
27.1,27.1,41.50541,-81.66791,2025-07-22,11:30:00,11.627,Trim 27.1 from 2025-07-01 onward
27.1,27.1,41.50541,-81.66791,2025-07-22,12:30:00,8.547,Trim 27.1 from 2025-07-01 onward
27.1,27.1,41.50541,-81.66791,2025-07-22,13:00:00,7.342,Trim 27.1 from 2025-07-01 onward
27.1,27.1,41.50541,-81.66791,2025-07-22,13:30:00,1.512,Trim 27.1 from 2025-07-01 onward
27.1,27.1,41.50541,-81.66791,2025-07-22,14:00:00,2.829,Trim 27.1 from 2025-07-01 onward
27.1,27.1,41.50541,-81.66791,2025-07-22,14:30:00,2.292,Trim 27.1 from 2025-07-01 onward
27.1,27.1,41.50541,-81.66791,2025-07-22,15:00:00,3.788,Trim 27.1 from 2025-07-01 onward
27.1,27.1,41.50541,-81.66791,2025-07-22,15:30:00,2.598,Trim 27.1 from 2025-07-01 onward
27.1,27.1,41.50541,-81.66791,2025-07-22,16:00:00,1.805,Trim 27.1 from 2025-07-01 onward
27.1,27.1,41.50541,-81.66791,2025-07-22,16:30:00,1.539,Trim 27.1 from 2025-07-01 onward
27.1,27.1,41.50541,-81.66791,2025-07-22,17:00:00,2.935,Trim 27.1 from 2025-07-01 onward
27.1,27.1,41.50541,-81.66791,2025-07-22,17:30:00,1.468,Trim 27.1 from 2025-07-01 onward
27.1,27.1,41.50541,-81.66791,2025-07-22,18:00:00,3.107,Trim 27.1 from 2025-07-01 onward
27.1,27.1,41.50541,-81.66791,2025-07-22,18:30:00,4.709,Trim 27.1 from 2025-07-01 onward
27.1,27.1,41.50541,-81.66791,2025-07-22,19:00:00,2.743,Trim 27.1 from 2025-07-01 onward
27.1,27.1,41.50541,-81.66791,2025-07-22,19:30:00,5.219,Trim 27.1 from 2025-07-01 onward
27.1,27.1,41.50541,-81.66791,2025-07-22,20:00:00,1.102,Trim 27.1 from 2025-07-01 onward
27.1,27.1,41.50541,-81.66791,2025-07-22,20:30:00,1.806,Trim 27.1 from 2025-07-01 onward
27.1,27.1,41.50541,-81.66791,2025-07-22,21:00:00,1.986,Trim 27.1 from 2025-07-01 onward
27.1,27.1,41.50541,-81.66791,2025-07-22,21:30:00,1.801,Trim 27.1 from 2025-07-01 onward
27.1,27.1,41.50541,-81.66791,2025-07-22,22:00:00,1.136,Trim 27.1 from 2025-07-01 onward
27.1,27.1,41.50541,-81.66791,2025-07-22,22:30:00,3.221,Trim 27.1 from 2025-07-01 onward
27.1,27.1,41.50541,-81.66791,2025-07-22,23:00:00,2.27,Trim 27.1 from 2025-07-01 onward
27.1,27.1,41.50541,-81.66791,2025-07-22,23:30:00,1.395,Trim 27.1 from 2025-07-01 onward
27.1,27.1,41.50541,-81.66791,2025-07-23,00:00:00,3.599,Trim 27.1 from 2025-07-01 onward
27.1,27.1,41.50541,-81.66791,2025-07-23,00:30:00,2.297,Trim 27.1 from 2025-07-01 onward
27.1,27.1,41.50541,-81.66791,2025-07-23,01:00:00,2.418,Trim 27.1 from 2025-07-01 onward
27.1,27.1,41.50541,-81.66791,2025-07-23,01:30:00,3.172,Trim 27.1 from 2025-07-01 onward
27.1,27.1,41.50541,-81.66791,2025-07-23,02:00:00,3.305,Trim 27.1 from 2025-07-01 onward
27.1,27.1,41.50541,-81.66791,2025-07-23,02:30:00,2.061,Trim 27.1 from 2025-07-01 onward
27.1,27.1,41.50541,-81.66791,2025-07-23,03:00:00,2.324,Trim 27.1 from 2025-07-01 onward
27.1,27.1,41.50541,-81.66791,2025-07-23,03:30:00,3.188,Trim 27.1 from 2025-07-01 onward
27.1,27.1,41.50541,-81.66791,2025-07-23,04:00:00,1.777,Trim 27.1 from 2025-07-01 onward
27.1,27.1,41.50541,-81.66791,2025-07-23,04:30:00,2.573,Trim 27.1 from 2025-07-01 onward
27.1,27.1,41.50541,-81.66791,2025-07-23,05:00:00,3.371,Trim 27.1 from 2025-07-01 onward
27.1,27.1,41.50541,-81.66791,2025-07-23,05:30:00,10.001,Trim 27.1 from 2025-07-01 onward
27.1,27.1,41.50541,-81.66791,2025-07-23,06:00:00,4.304,Trim 27.1 from 2025-07-01 onward
27.1,27.1,41.50541,-81.66791,2025-07-23,06:30:00,3.508,Trim 27.1 from 2025-07-01 onward
27.1,27.1,41.50541,-81.66791,2025-07-23,07:30:00,3.62,Trim 27.1 from 2025-07-01 onward
27.1,27.1,41.50541,-81.66791,2025-07-23,08:00:00,2.029,Trim 27.1 from 2025-07-01 onward
27.1,27.1,41.50541,-81.66791,2025-07-23,08:30:00,5.624,Trim 27.1 from 2025-07-01 onward
27.1,27.1,41.50541,-81.66791,2025-07-23,09:00:00,4.175,Trim 27.1 from 2025-07-01 onward
27.1,27.1,41.50541,-81.66791,2025-07-23,09:30:00,4.749,Trim 27.1 from 2025-07-01 onward
27.1,27.1,41.50541,-81.66791,2025-07-23,10:00:00,3.883,Trim 27.1 from 2025-07-01 onward
27.1,27.1,41.50541,-81.66791,2025-07-23,10:30:00,4.107,Trim 27.1 from 2025-07-01 onward
27.1,27.1,41.50541,-81.66791,2025-07-23,11:00:00,4.107,Trim 27.1 from 2025-07-01 onward
27.1,27.1,41.50541,-81.66791,2025-07-23,11:30:00,2.536,Trim 27.1 from 2025-07-01 onward
27.1,27.1,41.50541,-81.66791,2025-07-23,12:00:00,2.567,Trim 27.1 from 2025-07-01 onward
27.1,27.1,41.50541,-81.66791,2025-07-23,12:30:00,4.099,Trim 27.1 from 2025-07-01 onward
27.1,27.1,41.50541,-81.66791,2025-07-23,13:00:00,4.823,Trim 27.1 from 2025-07-01 onward
27.1,27.1,41.50541,-81.66791,2025-07-23,13:30:00,4.001,Trim 27.1 from 2025-07-01 onward
27.1,27.1,41.50541,-81.66791,2025-07-23,14:00:00,6.447,Trim 27.1 from 2025-07-01 onward
27.1,27.1,41.50541,-81.66791,2025-07-23,14:30:00,7.171,Trim 27.1 from 2025-07-01 onward
27.1,27.1,41.50541,-81.66791,2025-07-23,15:00:00,3.976,Trim 27.1 from 2025-07-01 onward
27.1,27.1,41.50541,-81.66791,2025-07-23,15:30:00,2.363,Trim 27.1 from 2025-07-01 onward
27.1,27.1,41.50541,-81.66791,2025-07-23,16:00:00,5.31,Trim 27.1 from 2025-07-01 onward
27.1,27.1,41.50541,-81.66791,2025-07-23,16:30:00,5.663,Trim 27.1 from 2025-07-01 onward
27.1,27.1,41.50541,-81.66791,2025-07-23,17:00:00,5.058,Trim 27.1 from 2025-07-01 onward
27.1,27.1,41.50541,-81.66791,2025-07-23,17:30:00,6.212,Trim 27.1 from 2025-07-01 onward
27.1,27.1,41.50541,-81.66791,2025-07-23,18:00:00,1.415,Trim 27.1 from 2025-07-01 onward
27.1,27.1,41.50541,-81.66791,2025-07-23,18:30:00,2.542,Trim 27.1 from 2025-07-01 onward
27.1,27.1,41.50541,-81.66791,2025-07-23,19:00:00,3.339,Trim 27.1 from 2025-07-01 onward
27.1,27.1,41.50541,-81.66791,2025-07-23,19:30:00,3.123,Trim 27.1 from 2025-07-01 onward
27.1,27.1,41.50541,-81.66791,2025-07-23,20:00:00,2.535,Trim 27.1 from 2025-07-01 onward
27.1,27.1,41.50541,-81.66791,2025-07-23,20:30:00,6.274,Trim 27.1 from 2025-07-01 onward
27.1,27.1,41.50541,-81.66791,2025-07-23,21:00:00,2.499,Trim 27.1 from 2025-07-01 onward
27.1,27.1,41.50541,-81.66791,2025-07-23,21:30:00,1.907,Trim 27.1 from 2025-07-01 onward
27.1,27.1,41.50541,-81.66791,2025-07-23,22:00:00,3.285,Trim 27.1 from 2025-07-01 onward
27.1,27.1,41.50541,-81.66791,2025-07-23,22:30:00,4.117,Trim 27.1 from 2025-07-01 onward
27.1,27.1,41.50541,-81.66791,2025-07-23,23:00:00,5.2,Trim 27.1 from 2025-07-01 onward
27.1,27.1,41.50541,-81.66791,2025-07-23,23:30:00,2.532,Trim 27.1 from 2025-07-01 onward
27.1,27.1,41.50541,-81.66791,2025-07-24,00:00:00,3.775,Trim 27.1 from 2025-07-01 onward
27.1,27.1,41.50541,-81.66791,2025-07-24,00:30:00,2.882,Trim 27.1 from 2025-07-01 onward
27.1,27.1,41.50541,-81.66791,2025-07-24,01:00:00,3.457,Trim 27.1 from 2025-07-01 onward
27.1,27.1,41.50541,-81.66791,2025-07-24,01:30:00,3.426,Trim 27.1 from 2025-07-01 onward
27.1,27.1,41.50541,-81.66791,2025-07-24,02:00:00,5.607,Trim 27.1 from 2025-07-01 onward
27.1,27.1,41.50541,-81.66791,2025-07-24,02:30:00,3.679,Trim 27.1 from 2025-07-01 onward
27.1,27.1,41.50541,-81.66791,2025-07-24,03:00:00,5.834,Trim 27.1 from 2025-07-01 onward
27.1,27.1,41.50541,-81.66791,2025-07-24,03:30:00,11.91,Trim 27.1 from 2025-07-01 onward
27.1,27.1,41.50541,-81.66791,2025-07-24,04:00:00,10.143,Trim 27.1 from 2025-07-01 onward
27.1,27.1,41.50541,-81.66791,2025-07-24,04:30:00,9.879,Trim 27.1 from 2025-07-01 onward
27.1,27.1,41.50541,-81.66791,2025-07-24,05:00:00,11.328,Trim 27.1 from 2025-07-01 onward
27.1,27.1,41.50541,-81.66791,2025-07-24,05:30:00,9.738,Trim 27.1 from 2025-07-01 onward
27.1,27.1,41.50541,-81.66791,2025-07-24,06:00:00,12.206,Trim 27.1 from 2025-07-01 onward
27.1,27.1,41.50541,-81.66791,2025-07-24,06:30:00,14.904,Trim 27.1 from 2025-07-01 onward
27.1,27.1,41.50541,-81.66791,2025-07-24,07:00:00,18.784,Trim 27.1 from 2025-07-01 onward
27.1,27.1,41.50541,-81.66791,2025-07-24,08:00:00,13.284,Trim 27.1 from 2025-07-01 onward
27.1,27.1,41.50541,-81.66791,2025-07-24,08:30:00,14.131,Trim 27.1 from 2025-07-01 onward
27.1,27.1,41.50541,-81.66791,2025-07-24,09:00:00,18.058,Trim 27.1 from 2025-07-01 onward
27.1,27.1,41.50541,-81.66791,2025-07-24,09:30:00,19.032,Trim 27.1 from 2025-07-01 onward
27.1,27.1,41.50541,-81.66791,2025-07-24,10:00:00,21.189,Trim 27.1 from 2025-07-01 onward
27.1,27.1,41.50541,-81.66791,2025-07-24,10:30:00,20.036,Trim 27.1 from 2025-07-01 onward
27.1,27.1,41.50541,-81.66791,2025-07-24,11:00:00,26.81,Trim 27.1 from 2025-07-01 onward
27.1,27.1,41.50541,-81.66791,2025-07-24,11:30:00,21.391,Trim 27.1 from 2025-07-01 onward
27.1,27.1,41.50541,-81.66791,2025-07-24,12:00:00,21.085,Trim 27.1 from 2025-07-01 onward
27.1,27.1,41.50541,-81.66791,2025-07-24,12:30:00,19.605,Trim 27.1 from 2025-07-01 onward
27.1,27.1,41.50541,-81.66791,2025-07-24,13:00:00,15.672,Trim 27.1 from 2025-07-01 onward
27.1,27.1,41.50541,-81.66791,2025-07-24,13:30:00,17.544,Trim 27.1 from 2025-07-01 onward
27.1,27.1,41.50541,-81.66791,2025-07-24,14:00:00,18.198,Trim 27.1 from 2025-07-01 onward
27.1,27.1,41.50541,-81.66791,2025-07-24,14:30:00,25.695,Trim 27.1 from 2025-07-01 onward
27.1,27.1,41.50541,-81.66791,2025-07-24,15:00:00,21.235,Trim 27.1 from 2025-07-01 onward
27.1,27.1,41.50541,-81.66791,2025-07-24,15:30:00,20.457,Trim 27.1 from 2025-07-01 onward
27.1,27.1,41.50541,-81.66791,2025-07-24,16:00:00,22.468,Trim 27.1 from 2025-07-01 onward
27.1,27.1,41.50541,-81.66791,2025-07-24,16:30:00,16.688,Trim 27.1 from 2025-07-01 onward
27.1,27.1,41.50541,-81.66791,2025-07-24,17:00:00,16.82,Trim 27.1 from 2025-07-01 onward
27.1,27.1,41.50541,-81.66791,2025-07-24,17:30:00,7.916,Trim 27.1 from 2025-07-01 onward
27.1,27.1,41.50541,-81.66791,2025-07-24,18:00:00,11.711,Trim 27.1 from 2025-07-01 onward
27.1,27.1,41.50541,-81.66791,2025-07-24,18:30:00,11.68,Trim 27.1 from 2025-07-01 onward
27.1,27.1,41.50541,-81.66791,2025-07-24,19:00:00,15.543,Trim 27.1 from 2025-07-01 onward
27.1,27.1,41.50541,-81.66791,2025-07-24,19:30:00,15.981,Trim 27.1 from 2025-07-01 onward
27.1,27.1,41.50541,-81.66791,2025-07-24,20:00:00,14.269,Trim 27.1 from 2025-07-01 onward
27.1,27.1,41.50541,-81.66791,2025-07-24,20:30:00,16.455,Trim 27.1 from 2025-07-01 onward
27.1,27.1,41.50541,-81.66791,2025-07-24,21:00:00,16.677,Trim 27.1 from 2025-07-01 onward
27.1,27.1,41.50541,-81.66791,2025-07-24,21:30:00,10.379,Trim 27.1 from 2025-07-01 onward
27.1,27.1,41.50541,-81.66791,2025-07-24,22:00:00,11.984,Trim 27.1 from 2025-07-01 onward
27.1,27.1,41.50541,-81.66791,2025-07-24,22:30:00,13.064,Trim 27.1 from 2025-07-01 onward
27.1,27.1,41.50541,-81.66791,2025-07-24,23:00:00,12.646,Trim 27.1 from 2025-07-01 onward
27.1,27.1,41.50541,-81.66791,2025-07-24,23:30:00,11.785,Trim 27.1 from 2025-07-01 onward
27.1,27.1,41.50541,-81.66791,2025-07-25,00:00:00,13.125,Trim 27.1 from 2025-07-01 onward
27.1,27.1,41.50541,-81.66791,2025-07-25,00:30:00,12.068,Trim 27.1 from 2025-07-01 onward
27.1,27.1,41.50541,-81.66791,2025-07-25,01:00:00,11.287,Trim 27.1 from 2025-07-01 onward
27.1,27.1,41.50541,-81.66791,2025-07-25,01:30:00,7.811,Trim 27.1 from 2025-07-01 onward
27.1,27.1,41.50541,-81.66791,2025-07-25,02:00:00,10.397,Trim 27.1 from 2025-07-01 onward
27.1,27.1,41.50541,-81.66791,2025-07-25,02:30:00,10.397,Trim 27.1 from 2025-07-01 onward
27.1,27.1,41.50541,-81.66791,2025-07-25,03:00:00,10.397,Trim 27.1 from 2025-07-01 onward
27.1,27.1,41.50541,-81.66791,2025-07-25,04:00:00,34.777,Trim 27.1 from 2025-07-01 onward
27.1,27.1,41.50541,-81.66791,2025-07-25,04:30:00,26.269,Trim 27.1 from 2025-07-01 onward
27.1,27.1,41.50541,-81.66791,2025-07-25,05:00:00,13.173,Trim 27.1 from 2025-07-01 onward
27.1,27.1,41.50541,-81.66791,2025-07-25,05:30:00,19.793,Trim 27.1 from 2025-07-01 onward
27.1,27.1,41.50541,-81.66791,2025-07-25,06:30:00,15.62,Trim 27.1 from 2025-07-01 onward
27.1,27.1,41.50541,-81.66791,2025-07-25,08:00:00,16.524,Trim 27.1 from 2025-07-01 onward
27.1,27.1,41.50541,-81.66791,2025-07-25,08:30:00,25.077,Trim 27.1 from 2025-07-01 onward
27.1,27.1,41.50541,-81.66791,2025-07-25,09:00:00,20.366,Trim 27.1 from 2025-07-01 onward
27.1,27.1,41.50541,-81.66791,2025-07-25,09:30:00,16.327,Trim 27.1 from 2025-07-01 onward
27.1,27.1,41.50541,-81.66791,2025-07-25,10:00:00,18.769,Trim 27.1 from 2025-07-01 onward
27.1,27.1,41.50541,-81.66791,2025-07-25,10:30:00,15.392,Trim 27.1 from 2025-07-01 onward
27.1,27.1,41.50541,-81.66791,2025-07-25,11:00:00,14.719,Trim 27.1 from 2025-07-01 onward
27.1,27.1,41.50541,-81.66791,2025-07-25,11:30:00,13.377,Trim 27.1 from 2025-07-01 onward
27.1,27.1,41.50541,-81.66791,2025-07-25,12:30:00,8.922,Trim 27.1 from 2025-07-01 onward
27.1,27.1,41.50541,-81.66791,2025-07-25,13:00:00,10.827,Trim 27.1 from 2025-07-01 onward
27.1,27.1,41.50541,-81.66791,2025-07-25,13:30:00,8.806,Trim 27.1 from 2025-07-01 onward
27.1,27.1,41.50541,-81.66791,2025-07-25,14:00:00,8.848,Trim 27.1 from 2025-07-01 onward
27.1,27.1,41.50541,-81.66791,2025-07-25,14:30:00,10.055,Trim 27.1 from 2025-07-01 onward
27.1,27.1,41.50541,-81.66791,2025-07-25,15:00:00,4.754,Trim 27.1 from 2025-07-01 onward
27.1,27.1,41.50541,-81.66791,2025-07-25,15:30:00,5.124,Trim 27.1 from 2025-07-01 onward
27.1,27.1,41.50541,-81.66791,2025-07-25,16:00:00,9.454,Trim 27.1 from 2025-07-01 onward
27.1,27.1,41.50541,-81.66791,2025-07-25,16:30:00,7.269,Trim 27.1 from 2025-07-01 onward
27.1,27.1,41.50541,-81.66791,2025-07-25,17:00:00,8.412,Trim 27.1 from 2025-07-01 onward
27.1,27.1,41.50541,-81.66791,2025-07-25,17:30:00,8.428,Trim 27.1 from 2025-07-01 onward
27.1,27.1,41.50541,-81.66791,2025-07-25,18:00:00,5.589,Trim 27.1 from 2025-07-01 onward
27.1,27.1,41.50541,-81.66791,2025-07-25,18:30:00,4.497,Trim 27.1 from 2025-07-01 onward
27.1,27.1,41.50541,-81.66791,2025-07-25,19:00:00,4.998,Trim 27.1 from 2025-07-01 onward
27.1,27.1,41.50541,-81.66791,2025-07-25,19:30:00,5.614,Trim 27.1 from 2025-07-01 onward
27.1,27.1,41.50541,-81.66791,2025-07-25,20:00:00,4.647,Trim 27.1 from 2025-07-01 onward
27.1,27.1,41.50541,-81.66791,2025-07-25,20:30:00,4.2,Trim 27.1 from 2025-07-01 onward
27.1,27.1,41.50541,-81.66791,2025-07-25,21:00:00,4.679,Trim 27.1 from 2025-07-01 onward
27.1,27.1,41.50541,-81.66791,2025-07-25,21:30:00,3.155,Trim 27.1 from 2025-07-01 onward
27.1,27.1,41.50541,-81.66791,2025-07-25,22:00:00,2.008,Trim 27.1 from 2025-07-01 onward
27.1,27.1,41.50541,-81.66791,2025-07-25,22:30:00,3.292,Trim 27.1 from 2025-07-01 onward
27.1,27.1,41.50541,-81.66791,2025-07-25,23:00:00,5.564,Trim 27.1 from 2025-07-01 onward
27.1,27.1,41.50541,-81.66791,2025-07-25,23:30:00,2.775,Trim 27.1 from 2025-07-01 onward
27.1,27.1,41.50541,-81.66791,2025-07-26,00:00:00,7.754,Trim 27.1 from 2025-07-01 onward
27.1,27.1,41.50541,-81.66791,2025-07-26,00:30:00,6.075,Trim 27.1 from 2025-07-01 onward
27.1,27.1,41.50541,-81.66791,2025-07-26,01:00:00,4.81,Trim 27.1 from 2025-07-01 onward
27.1,27.1,41.50541,-81.66791,2025-07-26,01:30:00,9.591,Trim 27.1 from 2025-07-01 onward
27.1,27.1,41.50541,-81.66791,2025-07-26,02:00:00,10.842,Trim 27.1 from 2025-07-01 onward
27.1,27.1,41.50541,-81.66791,2025-07-26,02:30:00,8.678,Trim 27.1 from 2025-07-01 onward
27.1,27.1,41.50541,-81.66791,2025-07-26,03:00:00,9.184,Trim 27.1 from 2025-07-01 onward
27.1,27.1,41.50541,-81.66791,2025-07-26,03:30:00,8.444,Trim 27.1 from 2025-07-01 onward
27.1,27.1,41.50541,-81.66791,2025-07-26,04:00:00,8.643,Trim 27.1 from 2025-07-01 onward
27.1,27.1,41.50541,-81.66791,2025-07-26,04:30:00,8.15,Trim 27.1 from 2025-07-01 onward
27.1,27.1,41.50541,-81.66791,2025-07-26,05:00:00,9.808,Trim 27.1 from 2025-07-01 onward
27.1,27.1,41.50541,-81.66791,2025-07-26,05:30:00,10.87,Trim 27.1 from 2025-07-01 onward
27.1,27.1,41.50541,-81.66791,2025-07-26,06:00:00,11.652,Trim 27.1 from 2025-07-01 onward
27.1,27.1,41.50541,-81.66791,2025-07-26,06:30:00,5.58,Trim 27.1 from 2025-07-01 onward
27.1,27.1,41.50541,-81.66791,2025-07-26,07:00:00,8.371,Trim 27.1 from 2025-07-01 onward
27.1,27.1,41.50541,-81.66791,2025-07-26,07:30:00,12.797,Trim 27.1 from 2025-07-01 onward
27.1,27.1,41.50541,-81.66791,2025-07-26,08:00:00,9.379,Trim 27.1 from 2025-07-01 onward
27.1,27.1,41.50541,-81.66791,2025-07-26,08:30:00,11.524,Trim 27.1 from 2025-07-01 onward
27.1,27.1,41.50541,-81.66791,2025-07-26,09:00:00,8.768,Trim 27.1 from 2025-07-01 onward
27.1,27.1,41.50541,-81.66791,2025-07-26,09:30:00,15.942,Trim 27.1 from 2025-07-01 onward
27.1,27.1,41.50541,-81.66791,2025-07-26,10:00:00,15.338,Trim 27.1 from 2025-07-01 onward
27.1,27.1,41.50541,-81.66791,2025-07-26,10:30:00,15.378,Trim 27.1 from 2025-07-01 onward
27.1,27.1,41.50541,-81.66791,2025-07-26,11:00:00,20.29,Trim 27.1 from 2025-07-01 onward
27.1,27.1,41.50541,-81.66791,2025-07-26,11:30:00,14.014,Trim 27.1 from 2025-07-01 onward
27.1,27.1,41.50541,-81.66791,2025-07-26,12:00:00,23.363,Trim 27.1 from 2025-07-01 onward
27.1,27.1,41.50541,-81.66791,2025-07-26,12:30:00,10.444,Trim 27.1 from 2025-07-01 onward
27.1,27.1,41.50541,-81.66791,2025-07-26,13:00:00,9.188,Trim 27.1 from 2025-07-01 onward
27.1,27.1,41.50541,-81.66791,2025-07-26,13:30:00,11.591,Trim 27.1 from 2025-07-01 onward
27.1,27.1,41.50541,-81.66791,2025-07-26,14:00:00,9.936,Trim 27.1 from 2025-07-01 onward
27.1,27.1,41.50541,-81.66791,2025-07-26,14:30:00,9.367,Trim 27.1 from 2025-07-01 onward
27.1,27.1,41.50541,-81.66791,2025-07-26,15:00:00,8.887,Trim 27.1 from 2025-07-01 onward
27.1,27.1,41.50541,-81.66791,2025-07-26,15:30:00,7.52,Trim 27.1 from 2025-07-01 onward
27.1,27.1,41.50541,-81.66791,2025-07-26,16:00:00,12.852,Trim 27.1 from 2025-07-01 onward
27.1,27.1,41.50541,-81.66791,2025-07-26,16:30:00,14.18,Trim 27.1 from 2025-07-01 onward
27.1,27.1,41.50541,-81.66791,2025-07-26,17:00:00,7.609,Trim 27.1 from 2025-07-01 onward
27.1,27.1,41.50541,-81.66791,2025-07-26,17:30:00,8.286,Trim 27.1 from 2025-07-01 onward
27.1,27.1,41.50541,-81.66791,2025-07-26,18:00:00,10.09,Trim 27.1 from 2025-07-01 onward
27.1,27.1,41.50541,-81.66791,2025-07-26,18:30:00,8.919,Trim 27.1 from 2025-07-01 onward
27.1,27.1,41.50541,-81.66791,2025-07-26,19:00:00,10.495,Trim 27.1 from 2025-07-01 onward
27.1,27.1,41.50541,-81.66791,2025-07-26,19:30:00,12.814,Trim 27.1 from 2025-07-01 onward
27.1,27.1,41.50541,-81.66791,2025-07-26,20:00:00,10.454,Trim 27.1 from 2025-07-01 onward
27.1,27.1,41.50541,-81.66791,2025-07-26,20:30:00,9.581,Trim 27.1 from 2025-07-01 onward
27.1,27.1,41.50541,-81.66791,2025-07-26,21:00:00,8.887,Trim 27.1 from 2025-07-01 onward
27.1,27.1,41.50541,-81.66791,2025-07-26,21:30:00,8.053,Trim 27.1 from 2025-07-01 onward
27.1,27.1,41.50541,-81.66791,2025-07-26,22:00:00,12.154,Trim 27.1 from 2025-07-01 onward
27.1,27.1,41.50541,-81.66791,2025-07-26,22:30:00,10.453,Trim 27.1 from 2025-07-01 onward
27.1,27.1,41.50541,-81.66791,2025-07-26,23:00:00,8.292,Trim 27.1 from 2025-07-01 onward
27.1,27.1,41.50541,-81.66791,2025-07-26,23:30:00,10.971,Trim 27.1 from 2025-07-01 onward
27.1,27.1,41.50541,-81.66791,2025-07-27,00:00:00,11.257,Trim 27.1 from 2025-07-01 onward
27.1,27.1,41.50541,-81.66791,2025-07-27,00:30:00,8.495,Trim 27.1 from 2025-07-01 onward
27.1,27.1,41.50541,-81.66791,2025-07-27,01:00:00,9.62,Trim 27.1 from 2025-07-01 onward
27.1,27.1,41.50541,-81.66791,2025-07-27,01:30:00,9.75,Trim 27.1 from 2025-07-01 onward
27.1,27.1,41.50541,-81.66791,2025-07-27,02:00:00,11.198,Trim 27.1 from 2025-07-01 onward
27.1,27.1,41.50541,-81.66791,2025-07-27,02:30:00,12.726,Trim 27.1 from 2025-07-01 onward
27.1,27.1,41.50541,-81.66791,2025-07-27,03:00:00,18.15,Trim 27.1 from 2025-07-01 onward
27.1,27.1,41.50541,-81.66791,2025-07-27,03:30:00,14.068,Trim 27.1 from 2025-07-01 onward
27.1,27.1,41.50541,-81.66791,2025-07-27,04:00:00,12.214,Trim 27.1 from 2025-07-01 onward
27.1,27.1,41.50541,-81.66791,2025-07-27,04:30:00,7.435,Trim 27.1 from 2025-07-01 onward
27.1,27.1,41.50541,-81.66791,2025-07-27,05:00:00,13.599,Trim 27.1 from 2025-07-01 onward
27.1,27.1,41.50541,-81.66791,2025-07-27,05:30:00,9.105,Trim 27.1 from 2025-07-01 onward
27.1,27.1,41.50541,-81.66791,2025-07-27,06:00:00,10.963,Trim 27.1 from 2025-07-01 onward
27.1,27.1,41.50541,-81.66791,2025-07-27,06:30:00,8.143,Trim 27.1 from 2025-07-01 onward
27.1,27.1,41.50541,-81.66791,2025-07-27,07:00:00,8.329,Trim 27.1 from 2025-07-01 onward
27.1,27.1,41.50541,-81.66791,2025-07-27,07:30:00,9.197,Trim 27.1 from 2025-07-01 onward
27.1,27.1,41.50541,-81.66791,2025-07-27,08:00:00,19.586,Trim 27.1 from 2025-07-01 onward
27.1,27.1,41.50541,-81.66791,2025-07-27,09:00:00,19.034,Trim 27.1 from 2025-07-01 onward
27.1,27.1,41.50541,-81.66791,2025-07-27,10:00:00,19.034,Trim 27.1 from 2025-07-01 onward
27.1,27.1,41.50541,-81.66791,2025-07-27,10:30:00,19.034,Trim 27.1 from 2025-07-01 onward
27.1,27.1,41.50541,-81.66791,2025-07-27,11:00:00,19.034,Trim 27.1 from 2025-07-01 onward
27.1,27.1,41.50541,-81.66791,2025-07-31,16:00:00,0,Trim 27.1 from 2025-07-01 onward
27.1,27.1,41.50541,-81.66791,2025-07-31,16:30:00,0,Trim 27.1 from 2025-07-01 onward
27.1,27.1,41.50541,-81.66791,2025-07-31,17:00:00,0,Trim 27.1 from 2025-07-01 onward
27.1,27.1,41.50541,-81.66791,2025-07-31,19:30:00,25.057,Trim 27.1 from 2025-07-01 onward
27.1,27.1,41.50541,-81.66791,2025-07-31,21:30:00,28.111,Trim 27.1 from 2025-07-01 onward
27.1,27.1,41.50541,-81.66791,2025-07-31,22:00:00,31.809,Trim 27.1 from 2025-07-01 onward
27.1,27.1,41.50541,-81.66791,2025-07-31,22:30:00,34.738,Trim 27.1 from 2025-07-01 onward
27.1,27.1,41.50541,-81.66791,2025-07-31,23:30:00,19.328,Trim 27.1 from 2025-07-01 onward
27.1,27.1,41.50541,-81.66791,2025-08-01,00:00:00,25.365,Trim 27.1 from 2025-07-01 onward
27.1,27.1,41.50541,-81.66791,2025-08-01,00:30:00,14.746,Trim 27.1 from 2025-07-01 onward
27.1,27.1,41.50541,-81.66791,2025-08-01,01:00:00,30.359,Trim 27.1 from 2025-07-01 onward
27.1,27.1,41.50541,-81.66791,2025-08-01,01:30:00,8.65,Trim 27.1 from 2025-07-01 onward
27.1,27.1,41.50541,-81.66791,2025-08-01,02:00:00,9.034,Trim 27.1 from 2025-07-01 onward
27.1,27.1,41.50541,-81.66791,2025-08-01,02:30:00,25.898,Trim 27.1 from 2025-07-01 onward
27.1,27.1,41.50541,-81.66791,2025-08-01,03:00:00,8.587,Trim 27.1 from 2025-07-01 onward
27.1,27.1,41.50541,-81.66791,2025-08-01,03:30:00,9.121,Trim 27.1 from 2025-07-01 onward
27.1,27.1,41.50541,-81.66791,2025-08-01,04:00:00,10.534,Trim 27.1 from 2025-07-01 onward
27.1,27.1,41.50541,-81.66791,2025-08-01,04:30:00,12.455,Trim 27.1 from 2025-07-01 onward
27.1,27.1,41.50541,-81.66791,2025-08-01,05:00:00,9.327,Trim 27.1 from 2025-07-01 onward
27.1,27.1,41.50541,-81.66791,2025-08-01,05:30:00,9.29,Trim 27.1 from 2025-07-01 onward
27.1,27.1,41.50541,-81.66791,2025-08-01,06:00:00,9.632,Trim 27.1 from 2025-07-01 onward
27.1,27.1,41.50541,-81.66791,2025-08-01,06:30:00,12.462,Trim 27.1 from 2025-07-01 onward
27.1,27.1,41.50541,-81.66791,2025-08-01,07:00:00,11.125,Trim 27.1 from 2025-07-01 onward
27.1,27.1,41.50541,-81.66791,2025-08-01,07:30:00,13.653,Trim 27.1 from 2025-07-01 onward
27.1,27.1,41.50541,-81.66791,2025-08-01,08:00:00,7.139,Trim 27.1 from 2025-07-01 onward
27.1,27.1,41.50541,-81.66791,2025-08-01,08:30:00,9.679,Trim 27.1 from 2025-07-01 onward
27.1,27.1,41.50541,-81.66791,2025-08-01,09:00:00,6.482,Trim 27.1 from 2025-07-01 onward
27.1,27.1,41.50541,-81.66791,2025-08-01,09:30:00,11.185,Trim 27.1 from 2025-07-01 onward
27.1,27.1,41.50541,-81.66791,2025-08-01,10:00:00,7.838,Trim 27.1 from 2025-07-01 onward
27.1,27.1,41.50541,-81.66791,2025-08-01,10:30:00,6.804,Trim 27.1 from 2025-07-01 onward
27.1,27.1,41.50541,-81.66791,2025-08-01,11:00:00,8.803,Trim 27.1 from 2025-07-01 onward
27.1,27.1,41.50541,-81.66791,2025-08-01,11:30:00,10.119,Trim 27.1 from 2025-07-01 onward
27.1,27.1,41.50541,-81.66791,2025-08-01,12:00:00,6.002,Trim 27.1 from 2025-07-01 onward
27.1,27.1,41.50541,-81.66791,2025-08-01,12:30:00,4.143,Trim 27.1 from 2025-07-01 onward
27.1,27.1,41.50541,-81.66791,2025-08-01,13:00:00,5.363,Trim 27.1 from 2025-07-01 onward
27.1,27.1,41.50541,-81.66791,2025-08-01,13:30:00,5.763,Trim 27.1 from 2025-07-01 onward
27.1,27.1,41.50541,-81.66791,2025-08-01,14:00:00,11.852,Trim 27.1 from 2025-07-01 onward
27.1,27.1,41.50541,-81.66791,2025-08-01,14:30:00,10.948,Trim 27.1 from 2025-07-01 onward
27.1,27.1,41.50541,-81.66791,2025-08-01,15:00:00,7.194,Trim 27.1 from 2025-07-01 onward
27.1,27.1,41.50541,-81.66791,2025-08-01,15:30:00,2.482,Trim 27.1 from 2025-07-01 onward
27.1,27.1,41.50541,-81.66791,2025-08-01,16:00:00,12.293,Trim 27.1 from 2025-07-01 onward
27.1,27.1,41.50541,-81.66791,2025-08-01,16:30:00,3.328,Trim 27.1 from 2025-07-01 onward
27.1,27.1,41.50541,-81.66791,2025-08-01,17:00:00,1.944,Trim 27.1 from 2025-07-01 onward
27.1,27.1,41.50541,-81.66791,2025-08-01,17:30:00,3.5,Trim 27.1 from 2025-07-01 onward
27.1,27.1,41.50541,-81.66791,2025-08-01,18:00:00,2.652,Trim 27.1 from 2025-07-01 onward
27.1,27.1,41.50541,-81.66791,2025-08-01,18:30:00,2.874,Trim 27.1 from 2025-07-01 onward
27.1,27.1,41.50541,-81.66791,2025-08-01,19:00:00,46.085,Trim 27.1 from 2025-07-01 onward
27.1,27.1,41.50541,-81.66791,2025-08-01,19:30:00,7.102,Trim 27.1 from 2025-07-01 onward
27.1,27.1,41.50541,-81.66791,2025-08-01,20:00:00,2.609,Trim 27.1 from 2025-07-01 onward
27.1,27.1,41.50541,-81.66791,2025-08-01,20:30:00,3.888,Trim 27.1 from 2025-07-01 onward
27.1,27.1,41.50541,-81.66791,2025-08-01,21:00:00,2.741,Trim 27.1 from 2025-07-01 onward
27.1,27.1,41.50541,-81.66791,2025-08-01,21:30:00,5.343,Trim 27.1 from 2025-07-01 onward
27.1,27.1,41.50541,-81.66791,2025-08-01,22:00:00,2.987,Trim 27.1 from 2025-07-01 onward
27.1,27.1,41.50541,-81.66791,2025-08-01,22:30:00,5.506,Trim 27.1 from 2025-07-01 onward
27.1,27.1,41.50541,-81.66791,2025-08-01,23:00:00,15.436,Trim 27.1 from 2025-07-01 onward
27.1,27.1,41.50541,-81.66791,2025-08-01,23:30:00,5.339,Trim 27.1 from 2025-07-01 onward
27.1,27.1,41.50541,-81.66791,2025-08-02,00:00:00,39.229,Trim 27.1 from 2025-07-01 onward
27.1,27.1,41.50541,-81.66791,2025-08-02,01:00:00,154.288,Trim 27.1 from 2025-07-01 onward
27.1,27.1,41.50541,-81.66791,2025-08-02,01:30:00,81.991,Trim 27.1 from 2025-07-01 onward
27.1,27.1,41.50541,-81.66791,2025-08-02,02:00:00,95.585,Trim 27.1 from 2025-07-01 onward
27.1,27.1,41.50541,-81.66791,2025-08-02,02:30:00,186.898,Trim 27.1 from 2025-07-01 onward
27.1,27.1,41.50541,-81.66791,2025-08-02,08:30:00,220.779,Trim 27.1 from 2025-07-01 onward
27.1,27.1,41.50541,-81.66791,2025-08-02,10:30:00,191.33,Trim 27.1 from 2025-07-01 onward
27.1,27.1,41.50541,-81.66791,2025-08-02,11:00:00,4.151,Trim 27.1 from 2025-07-01 onward
27.1,27.1,41.50541,-81.66791,2025-08-02,11:30:00,1.942,Trim 27.1 from 2025-07-01 onward
27.1,27.1,41.50541,-81.66791,2025-08-02,12:00:00,2.335,Trim 27.1 from 2025-07-01 onward
27.1,27.1,41.50541,-81.66791,2025-08-02,12:30:00,5.52,Trim 27.1 from 2025-07-01 onward
27.1,27.1,41.50541,-81.66791,2025-08-02,13:00:00,1.616,Trim 27.1 from 2025-07-01 onward
27.1,27.1,41.50541,-81.66791,2025-08-02,13:30:00,0.734,Trim 27.1 from 2025-07-01 onward
27.1,27.1,41.50541,-81.66791,2025-08-02,14:00:00,1.45,Trim 27.1 from 2025-07-01 onward
27.1,27.1,41.50541,-81.66791,2025-08-02,14:30:00,0.652,Trim 27.1 from 2025-07-01 onward
27.1,27.1,41.50541,-81.66791,2025-08-02,15:00:00,0.663,Trim 27.1 from 2025-07-01 onward
27.1,27.1,41.50541,-81.66791,2025-08-02,15:30:00,5.017,Trim 27.1 from 2025-07-01 onward
27.1,27.1,41.50541,-81.66791,2025-08-02,16:00:00,1.294,Trim 27.1 from 2025-07-01 onward
27.1,27.1,41.50541,-81.66791,2025-08-02,16:30:00,53.589,Trim 27.1 from 2025-07-01 onward
27.1,27.1,41.50541,-81.66791,2025-08-02,17:00:00,101.545,Trim 27.1 from 2025-07-01 onward
27.1,27.1,41.50541,-81.66791,2025-08-02,17:30:00,198.047,Trim 27.1 from 2025-07-01 onward
27.1,27.1,41.50541,-81.66791,2025-08-02,18:00:00,218.804,Trim 27.1 from 2025-07-01 onward
27.1,27.1,41.50541,-81.66791,2025-08-02,18:30:00,157.246,Trim 27.1 from 2025-07-01 onward
27.1,27.1,41.50541,-81.66791,2025-08-02,19:00:00,175.138,Trim 27.1 from 2025-07-01 onward
27.1,27.1,41.50541,-81.66791,2025-08-02,19:30:00,6.256,Trim 27.1 from 2025-07-01 onward
27.1,27.1,41.50541,-81.66791,2025-08-02,20:00:00,31.324,Trim 27.1 from 2025-07-01 onward
27.1,27.1,41.50541,-81.66791,2025-08-02,20:30:00,32.185,Trim 27.1 from 2025-07-01 onward
27.1,27.1,41.50541,-81.66791,2025-08-02,21:00:00,14.627,Trim 27.1 from 2025-07-01 onward
27.1,27.1,41.50541,-81.66791,2025-08-02,21:30:00,9.503,Trim 27.1 from 2025-07-01 onward
27.1,27.1,41.50541,-81.66791,2025-08-02,22:00:00,12.444,Trim 27.1 from 2025-07-01 onward
27.1,27.1,41.50541,-81.66791,2025-08-02,22:30:00,4.956,Trim 27.1 from 2025-07-01 onward
27.1,27.1,41.50541,-81.66791,2025-08-02,23:00:00,2.566,Trim 27.1 from 2025-07-01 onward
27.1,27.1,41.50541,-81.66791,2025-08-02,23:30:00,3.775,Trim 27.1 from 2025-07-01 onward
27.1,27.1,41.50541,-81.66791,2025-08-03,00:00:00,2.637,Trim 27.1 from 2025-07-01 onward
27.1,27.1,41.50541,-81.66791,2025-08-03,00:30:00,2.443,Trim 27.1 from 2025-07-01 onward
27.1,27.1,41.50541,-81.66791,2025-08-03,01:00:00,2.166,Trim 27.1 from 2025-07-01 onward
27.1,27.1,41.50541,-81.66791,2025-08-03,01:30:00,1.238,Trim 27.1 from 2025-07-01 onward
27.1,27.1,41.50541,-81.66791,2025-08-03,02:00:00,16.088,Trim 27.1 from 2025-07-01 onward
27.1,27.1,41.50541,-81.66791,2025-08-03,02:30:00,2.285,Trim 27.1 from 2025-07-01 onward
27.1,27.1,41.50541,-81.66791,2025-08-03,03:00:00,1.97,Trim 27.1 from 2025-07-01 onward
27.1,27.1,41.50541,-81.66791,2025-08-03,03:30:00,1.951,Trim 27.1 from 2025-07-01 onward
27.1,27.1,41.50541,-81.66791,2025-08-03,04:00:00,11.848,Trim 27.1 from 2025-07-01 onward
27.1,27.1,41.50541,-81.66791,2025-08-03,04:30:00,2.504,Trim 27.1 from 2025-07-01 onward
27.1,27.1,41.50541,-81.66791,2025-08-03,05:00:00,8.883,Trim 27.1 from 2025-07-01 onward
27.1,27.1,41.50541,-81.66791,2025-08-03,05:30:00,1.48,Trim 27.1 from 2025-07-01 onward
27.1,27.1,41.50541,-81.66791,2025-08-03,06:00:00,2.495,Trim 27.1 from 2025-07-01 onward
27.1,27.1,41.50541,-81.66791,2025-08-03,06:30:00,16.607,Trim 27.1 from 2025-07-01 onward
27.1,27.1,41.50541,-81.66791,2025-08-03,07:00:00,23.652,Trim 27.1 from 2025-07-01 onward
27.1,27.1,41.50541,-81.66791,2025-08-03,07:30:00,6.393,Trim 27.1 from 2025-07-01 onward
27.1,27.1,41.50541,-81.66791,2025-08-03,08:00:00,9.179,Trim 27.1 from 2025-07-01 onward
27.1,27.1,41.50541,-81.66791,2025-08-03,08:30:00,16.779,Trim 27.1 from 2025-07-01 onward
27.1,27.1,41.50541,-81.66791,2025-08-03,09:00:00,107.867,Trim 27.1 from 2025-07-01 onward
27.1,27.1,41.50541,-81.66791,2025-08-03,11:00:00,193.317,Trim 27.1 from 2025-07-01 onward
27.1,27.1,41.50541,-81.66791,2025-08-03,11:30:00,11.733,Trim 27.1 from 2025-07-01 onward
27.1,27.1,41.50541,-81.66791,2025-08-03,12:00:00,6.049,Trim 27.1 from 2025-07-01 onward
27.1,27.1,41.50541,-81.66791,2025-08-03,12:30:00,11.149,Trim 27.1 from 2025-07-01 onward
27.1,27.1,41.50541,-81.66791,2025-08-03,13:00:00,6.066,Trim 27.1 from 2025-07-01 onward
27.1,27.1,41.50541,-81.66791,2025-08-03,13:30:00,6.063,Trim 27.1 from 2025-07-01 onward
27.1,27.1,41.50541,-81.66791,2025-08-03,14:00:00,5.55,Trim 27.1 from 2025-07-01 onward
27.1,27.1,41.50541,-81.66791,2025-08-03,14:30:00,4.769,Trim 27.1 from 2025-07-01 onward
27.1,27.1,41.50541,-81.66791,2025-08-03,15:00:00,5.522,Trim 27.1 from 2025-07-01 onward
27.1,27.1,41.50541,-81.66791,2025-08-03,15:30:00,6.327,Trim 27.1 from 2025-07-01 onward
27.1,27.1,41.50541,-81.66791,2025-08-03,16:00:00,22.015,Trim 27.1 from 2025-07-01 onward
27.1,27.1,41.50541,-81.66791,2025-08-03,16:30:00,243.74,Trim 27.1 from 2025-07-01 onward
27.1,27.1,41.50541,-81.66791,2025-08-03,17:00:00,41.004,Trim 27.1 from 2025-07-01 onward
27.1,27.1,41.50541,-81.66791,2025-08-03,17:30:00,25.776,Trim 27.1 from 2025-07-01 onward
27.1,27.1,41.50541,-81.66791,2025-08-03,18:00:00,42.163,Trim 27.1 from 2025-07-01 onward
27.1,27.1,41.50541,-81.66791,2025-08-03,18:30:00,15.848,Trim 27.1 from 2025-07-01 onward
27.1,27.1,41.50541,-81.66791,2025-08-03,19:00:00,15.002,Trim 27.1 from 2025-07-01 onward
27.1,27.1,41.50541,-81.66791,2025-08-03,19:30:00,18.998,Trim 27.1 from 2025-07-01 onward
27.1,27.1,41.50541,-81.66791,2025-08-03,20:00:00,16.511,Trim 27.1 from 2025-07-01 onward
27.1,27.1,41.50541,-81.66791,2025-08-03,20:30:00,15.611,Trim 27.1 from 2025-07-01 onward
27.1,27.1,41.50541,-81.66791,2025-08-03,21:00:00,10.005,Trim 27.1 from 2025-07-01 onward
27.1,27.1,41.50541,-81.66791,2025-08-03,21:30:00,31.114,Trim 27.1 from 2025-07-01 onward
27.1,27.1,41.50541,-81.66791,2025-08-03,22:00:00,22.395,Trim 27.1 from 2025-07-01 onward
27.1,27.1,41.50541,-81.66791,2025-08-03,22:30:00,34.173,Trim 27.1 from 2025-07-01 onward
27.1,27.1,41.50541,-81.66791,2025-08-03,23:00:00,17.621,Trim 27.1 from 2025-07-01 onward
27.1,27.1,41.50541,-81.66791,2025-08-03,23:30:00,11.274,Trim 27.1 from 2025-07-01 onward
27.1,27.1,41.50541,-81.66791,2025-08-04,00:00:00,21.948,Trim 27.1 from 2025-07-01 onward
27.1,27.1,41.50541,-81.66791,2025-08-04,00:30:00,12.498,Trim 27.1 from 2025-07-01 onward
27.1,27.1,41.50541,-81.66791,2025-08-04,01:00:00,17.971,Trim 27.1 from 2025-07-01 onward
27.1,27.1,41.50541,-81.66791,2025-08-04,01:30:00,10.959,Trim 27.1 from 2025-07-01 onward
27.1,27.1,41.50541,-81.66791,2025-08-04,02:00:00,14.269,Trim 27.1 from 2025-07-01 onward
27.1,27.1,41.50541,-81.66791,2025-08-04,02:30:00,21.416,Trim 27.1 from 2025-07-01 onward
27.1,27.1,41.50541,-81.66791,2025-08-04,03:00:00,16.235,Trim 27.1 from 2025-07-01 onward
27.1,27.1,41.50541,-81.66791,2025-08-04,03:30:00,27.268,Trim 27.1 from 2025-07-01 onward
27.1,27.1,41.50541,-81.66791,2025-08-04,04:00:00,35.213,Trim 27.1 from 2025-07-01 onward
27.1,27.1,41.50541,-81.66791,2025-08-04,04:30:00,24.352,Trim 27.1 from 2025-07-01 onward
27.1,27.1,41.50541,-81.66791,2025-08-04,05:00:00,18.715,Trim 27.1 from 2025-07-01 onward
27.1,27.1,41.50541,-81.66791,2025-08-04,05:30:00,41.358,Trim 27.1 from 2025-07-01 onward
27.1,27.1,41.50541,-81.66791,2025-08-04,06:00:00,21.836,Trim 27.1 from 2025-07-01 onward
27.1,27.1,41.50541,-81.66791,2025-08-04,06:30:00,24.383,Trim 27.1 from 2025-07-01 onward
27.1,27.1,41.50541,-81.66791,2025-08-04,07:00:00,25.291,Trim 27.1 from 2025-07-01 onward
27.1,27.1,41.50541,-81.66791,2025-08-04,07:30:00,34.26,Trim 27.1 from 2025-07-01 onward
27.1,27.1,41.50541,-81.66791,2025-08-04,08:00:00,43.492,Trim 27.1 from 2025-07-01 onward
27.1,27.1,41.50541,-81.66791,2025-08-04,08:30:00,35.046,Trim 27.1 from 2025-07-01 onward
27.1,27.1,41.50541,-81.66791,2025-08-04,09:00:00,29.124,Trim 27.1 from 2025-07-01 onward
27.1,27.1,41.50541,-81.66791,2025-08-04,09:30:00,33.907,Trim 27.1 from 2025-07-01 onward
27.1,27.1,41.50541,-81.66791,2025-08-04,10:00:00,39.134,Trim 27.1 from 2025-07-01 onward
27.1,27.1,41.50541,-81.66791,2025-08-04,10:30:00,59.772,Trim 27.1 from 2025-07-01 onward
27.1,27.1,41.50541,-81.66791,2025-08-04,11:00:00,38.06,Trim 27.1 from 2025-07-01 onward
27.1,27.1,41.50541,-81.66791,2025-08-04,11:30:00,29.914,Trim 27.1 from 2025-07-01 onward
27.1,27.1,41.50541,-81.66791,2025-08-04,12:00:00,45.022,Trim 27.1 from 2025-07-01 onward
27.1,27.1,41.50541,-81.66791,2025-08-04,12:30:00,36.686,Trim 27.1 from 2025-07-01 onward
27.1,27.1,41.50541,-81.66791,2025-08-04,13:00:00,48.33,Trim 27.1 from 2025-07-01 onward
27.1,27.1,41.50541,-81.66791,2025-08-04,14:00:00,29.173,Trim 27.1 from 2025-07-01 onward
27.1,27.1,41.50541,-81.66791,2025-08-04,14:30:00,29.104,Trim 27.1 from 2025-07-01 onward
27.1,27.1,41.50541,-81.66791,2025-08-04,15:00:00,39.153,Trim 27.1 from 2025-07-01 onward
27.1,27.1,41.50541,-81.66791,2025-08-04,15:30:00,24.492,Trim 27.1 from 2025-07-01 onward
27.1,27.1,41.50541,-81.66791,2025-08-04,16:00:00,30.108,Trim 27.1 from 2025-07-01 onward
27.1,27.1,41.50541,-81.66791,2025-08-04,16:30:00,12.577,Trim 27.1 from 2025-07-01 onward
27.1,27.1,41.50541,-81.66791,2025-08-04,17:00:00,12.125,Trim 27.1 from 2025-07-01 onward
27.1,27.1,41.50541,-81.66791,2025-08-04,17:30:00,7.45,Trim 27.1 from 2025-07-01 onward
27.1,27.1,41.50541,-81.66791,2025-08-04,18:00:00,7.231,Trim 27.1 from 2025-07-01 onward
27.1,27.1,41.50541,-81.66791,2025-08-04,18:30:00,13.265,Trim 27.1 from 2025-07-01 onward
27.1,27.1,41.50541,-81.66791,2025-08-04,19:00:00,7.738,Trim 27.1 from 2025-07-01 onward
27.1,27.1,41.50541,-81.66791,2025-08-04,19:30:00,8.49,Trim 27.1 from 2025-07-01 onward
27.1,27.1,41.50541,-81.66791,2025-08-04,20:00:00,11.452,Trim 27.1 from 2025-07-01 onward
27.1,27.1,41.50541,-81.66791,2025-08-04,20:30:00,177.324,Trim 27.1 from 2025-07-01 onward
27.1,27.1,41.50541,-81.66791,2025-08-04,21:00:00,46.401,Trim 27.1 from 2025-07-01 onward
27.1,27.1,41.50541,-81.66791,2025-08-04,21:30:00,81.092,Trim 27.1 from 2025-07-01 onward
27.1,27.1,41.50541,-81.66791,2025-08-04,22:00:00,68.649,Trim 27.1 from 2025-07-01 onward
27.1,27.1,41.50541,-81.66791,2025-08-04,23:00:00,80.353,Trim 27.1 from 2025-07-01 onward
27.1,27.1,41.50541,-81.66791,2025-08-04,23:30:00,28.663,Trim 27.1 from 2025-07-01 onward
27.1,27.1,41.50541,-81.66791,2025-08-05,00:00:00,25.311,Trim 27.1 from 2025-07-01 onward
27.1,27.1,41.50541,-81.66791,2025-08-05,00:30:00,29.212,Trim 27.1 from 2025-07-01 onward
27.1,27.1,41.50541,-81.66791,2025-08-05,01:00:00,21.132,Trim 27.1 from 2025-07-01 onward
27.1,27.1,41.50541,-81.66791,2025-08-05,01:30:00,33.202,Trim 27.1 from 2025-07-01 onward
27.1,27.1,41.50541,-81.66791,2025-08-05,02:00:00,38.827,Trim 27.1 from 2025-07-01 onward
27.1,27.1,41.50541,-81.66791,2025-08-05,02:30:00,31.697,Trim 27.1 from 2025-07-01 onward
27.1,27.1,41.50541,-81.66791,2025-08-05,03:00:00,33.064,Trim 27.1 from 2025-07-01 onward
27.1,27.1,41.50541,-81.66791,2025-08-05,03:30:00,41.794,Trim 27.1 from 2025-07-01 onward
27.1,27.1,41.50541,-81.66791,2025-08-05,04:00:00,46.828,Trim 27.1 from 2025-07-01 onward
27.1,27.1,41.50541,-81.66791,2025-08-05,04:30:00,42.876,Trim 27.1 from 2025-07-01 onward
27.1,27.1,41.50541,-81.66791,2025-08-05,05:00:00,36.864,Trim 27.1 from 2025-07-01 onward
27.1,27.1,41.50541,-81.66791,2025-08-05,05:30:00,40.573,Trim 27.1 from 2025-07-01 onward
27.1,27.1,41.50541,-81.66791,2025-08-05,06:00:00,40.542,Trim 27.1 from 2025-07-01 onward
27.1,27.1,41.50541,-81.66791,2025-08-05,06:30:00,49.979,Trim 27.1 from 2025-07-01 onward
27.1,27.1,41.50541,-81.66791,2025-08-05,07:00:00,47.118,Trim 27.1 from 2025-07-01 onward
27.1,27.1,41.50541,-81.66791,2025-08-05,07:30:00,34.123,Trim 27.1 from 2025-07-01 onward
27.1,27.1,41.50541,-81.66791,2025-08-05,08:00:00,35.005,Trim 27.1 from 2025-07-01 onward
27.1,27.1,41.50541,-81.66791,2025-08-05,08:30:00,31.493,Trim 27.1 from 2025-07-01 onward
27.1,27.1,41.50541,-81.66791,2025-08-05,09:00:00,34.791,Trim 27.1 from 2025-07-01 onward
27.1,27.1,41.50541,-81.66791,2025-08-05,09:30:00,37.053,Trim 27.1 from 2025-07-01 onward
27.1,27.1,41.50541,-81.66791,2025-08-05,10:00:00,31.161,Trim 27.1 from 2025-07-01 onward
27.1,27.1,41.50541,-81.66791,2025-08-05,10:30:00,28.15,Trim 27.1 from 2025-07-01 onward
27.1,27.1,41.50541,-81.66791,2025-08-05,11:00:00,29.219,Trim 27.1 from 2025-07-01 onward
27.1,27.1,41.50541,-81.66791,2025-08-05,11:30:00,59.727,Trim 27.1 from 2025-07-01 onward
27.1,27.1,41.50541,-81.66791,2025-08-05,12:00:00,22.478,Trim 27.1 from 2025-07-01 onward
27.1,27.1,41.50541,-81.66791,2025-08-05,12:30:00,218.956,Trim 27.1 from 2025-07-01 onward
27.1,27.1,41.50541,-81.66791,2025-08-05,13:00:00,104.437,Trim 27.1 from 2025-07-01 onward
27.1,27.1,41.50541,-81.66791,2025-08-05,13:30:00,14.209,Trim 27.1 from 2025-07-01 onward
27.1,27.1,41.50541,-81.66791,2025-08-05,14:00:00,27.074,Trim 27.1 from 2025-07-01 onward
27.1,27.1,41.50541,-81.66791,2025-08-05,14:30:00,10.869,Trim 27.1 from 2025-07-01 onward
27.1,27.1,41.50541,-81.66791,2025-08-05,15:00:00,7.66,Trim 27.1 from 2025-07-01 onward
27.1,27.1,41.50541,-81.66791,2025-08-05,15:30:00,10.306,Trim 27.1 from 2025-07-01 onward
27.1,27.1,41.50541,-81.66791,2025-08-05,16:00:00,10.599,Trim 27.1 from 2025-07-01 onward
27.1,27.1,41.50541,-81.66791,2025-08-05,16:30:00,8.275,Trim 27.1 from 2025-07-01 onward
27.1,27.1,41.50541,-81.66791,2025-08-05,17:00:00,8.785,Trim 27.1 from 2025-07-01 onward
27.1,27.1,41.50541,-81.66791,2025-08-05,17:30:00,13.176,Trim 27.1 from 2025-07-01 onward
27.1,27.1,41.50541,-81.66791,2025-08-05,18:00:00,24.348,Trim 27.1 from 2025-07-01 onward
27.1,27.1,41.50541,-81.66791,2025-08-05,18:30:00,6.779,Trim 27.1 from 2025-07-01 onward
27.1,27.1,41.50541,-81.66791,2025-08-05,19:00:00,12.72,Trim 27.1 from 2025-07-01 onward
27.1,27.1,41.50541,-81.66791,2025-08-05,19:30:00,62.337,Trim 27.1 from 2025-07-01 onward
27.1,27.1,41.50541,-81.66791,2025-08-05,20:00:00,7.537,Trim 27.1 from 2025-07-01 onward
27.1,27.1,41.50541,-81.66791,2025-08-05,20:30:00,9.848,Trim 27.1 from 2025-07-01 onward
27.1,27.1,41.50541,-81.66791,2025-08-05,21:00:00,69.602,Trim 27.1 from 2025-07-01 onward
27.1,27.1,41.50541,-81.66791,2025-08-05,22:00:00,51.884,Trim 27.1 from 2025-07-01 onward
27.1,27.1,41.50541,-81.66791,2025-08-05,23:00:00,105.819,Trim 27.1 from 2025-07-01 onward
27.1,27.1,41.50541,-81.66791,2025-08-05,23:30:00,94.555,Trim 27.1 from 2025-07-01 onward
27.1,27.1,41.50541,-81.66791,2025-08-06,00:30:00,57.63,Trim 27.1 from 2025-07-01 onward
27.1,27.1,41.50541,-81.66791,2025-08-06,01:00:00,42.659,Trim 27.1 from 2025-07-01 onward
27.1,27.1,41.50541,-81.66791,2025-08-06,01:30:00,41.853,Trim 27.1 from 2025-07-01 onward
27.1,27.1,41.50541,-81.66791,2025-08-06,02:00:00,27.457,Trim 27.1 from 2025-07-01 onward
27.1,27.1,41.50541,-81.66791,2025-08-06,02:30:00,16.978,Trim 27.1 from 2025-07-01 onward
27.1,27.1,41.50541,-81.66791,2025-08-06,03:00:00,151.92,Trim 27.1 from 2025-07-01 onward
27.1,27.1,41.50541,-81.66791,2025-08-06,04:30:00,83.645,Trim 27.1 from 2025-07-01 onward
27.1,27.1,41.50541,-81.66791,2025-08-06,05:00:00,20.068,Trim 27.1 from 2025-07-01 onward
27.1,27.1,41.50541,-81.66791,2025-08-06,05:30:00,15.582,Trim 27.1 from 2025-07-01 onward
27.1,27.1,41.50541,-81.66791,2025-08-06,06:00:00,18.44,Trim 27.1 from 2025-07-01 onward
27.1,27.1,41.50541,-81.66791,2025-08-06,06:30:00,20.532,Trim 27.1 from 2025-07-01 onward
27.1,27.1,41.50541,-81.66791,2025-08-06,07:00:00,19.766,Trim 27.1 from 2025-07-01 onward
27.1,27.1,41.50541,-81.66791,2025-08-06,07:30:00,16.556,Trim 27.1 from 2025-07-01 onward
27.1,27.1,41.50541,-81.66791,2025-08-06,08:00:00,22.186,Trim 27.1 from 2025-07-01 onward
27.1,27.1,41.50541,-81.66791,2025-08-06,08:30:00,24.033,Trim 27.1 from 2025-07-01 onward
27.1,27.1,41.50541,-81.66791,2025-08-06,09:30:00,20.997,Trim 27.1 from 2025-07-01 onward
27.1,27.1,41.50541,-81.66791,2025-08-06,10:00:00,21.095,Trim 27.1 from 2025-07-01 onward
27.1,27.1,41.50541,-81.66791,2025-08-06,10:30:00,43.181,Trim 27.1 from 2025-07-01 onward
27.1,27.1,41.50541,-81.66791,2025-08-06,11:00:00,27.262,Trim 27.1 from 2025-07-01 onward
27.1,27.1,41.50541,-81.66791,2025-08-06,11:30:00,46.233,Trim 27.1 from 2025-07-01 onward
27.1,27.1,41.50541,-81.66791,2025-08-06,12:30:00,16.257,Trim 27.1 from 2025-07-01 onward
27.1,27.1,41.50541,-81.66791,2025-08-06,13:00:00,53.324,Trim 27.1 from 2025-07-01 onward
27.1,27.1,41.50541,-81.66791,2025-08-06,13:30:00,17.763,Trim 27.1 from 2025-07-01 onward
27.1,27.1,41.50541,-81.66791,2025-08-06,14:00:00,64.488,Trim 27.1 from 2025-07-01 onward
27.1,27.1,41.50541,-81.66791,2025-08-06,14:30:00,42.576,Trim 27.1 from 2025-07-01 onward
27.1,27.1,41.50541,-81.66791,2025-08-06,15:00:00,39.143,Trim 27.1 from 2025-07-01 onward
27.1,27.1,41.50541,-81.66791,2025-08-06,15:30:00,54.94,Trim 27.1 from 2025-07-01 onward
27.1,27.1,41.50541,-81.66791,2025-08-06,16:00:00,7.062,Trim 27.1 from 2025-07-01 onward
27.1,27.1,41.50541,-81.66791,2025-08-06,16:30:00,16.158,Trim 27.1 from 2025-07-01 onward
27.1,27.1,41.50541,-81.66791,2025-08-06,17:00:00,9.922,Trim 27.1 from 2025-07-01 onward
27.1,27.1,41.50541,-81.66791,2025-08-06,17:30:00,10.312,Trim 27.1 from 2025-07-01 onward
27.1,27.1,41.50541,-81.66791,2025-08-06,18:00:00,12.74,Trim 27.1 from 2025-07-01 onward
27.1,27.1,41.50541,-81.66791,2025-08-06,18:30:00,16.575,Trim 27.1 from 2025-07-01 onward
27.1,27.1,41.50541,-81.66791,2025-08-06,19:00:00,11.707,Trim 27.1 from 2025-07-01 onward
27.1,27.1,41.50541,-81.66791,2025-08-06,19:30:00,15.754,Trim 27.1 from 2025-07-01 onward
27.1,27.1,41.50541,-81.66791,2025-08-06,20:00:00,14.312,Trim 27.1 from 2025-07-01 onward
27.1,27.1,41.50541,-81.66791,2025-08-06,20:30:00,19.091,Trim 27.1 from 2025-07-01 onward
27.1,27.1,41.50541,-81.66791,2025-08-06,21:00:00,10.303,Trim 27.1 from 2025-07-01 onward
27.1,27.1,41.50541,-81.66791,2025-08-06,21:30:00,14.261,Trim 27.1 from 2025-07-01 onward
27.1,27.1,41.50541,-81.66791,2025-08-06,22:00:00,29.954,Trim 27.1 from 2025-07-01 onward
27.1,27.1,41.50541,-81.66791,2025-08-06,22:30:00,18.605,Trim 27.1 from 2025-07-01 onward
27.1,27.1,41.50541,-81.66791,2025-08-06,23:00:00,14.764,Trim 27.1 from 2025-07-01 onward
27.1,27.1,41.50541,-81.66791,2025-08-06,23:30:00,13.273,Trim 27.1 from 2025-07-01 onward
27.1,27.1,41.50541,-81.66791,2025-08-07,00:00:00,12.6,Trim 27.1 from 2025-07-01 onward
27.1,27.1,41.50541,-81.66791,2025-08-07,00:30:00,10.515,Trim 27.1 from 2025-07-01 onward
27.1,27.1,41.50541,-81.66791,2025-08-07,01:00:00,49.441,Trim 27.1 from 2025-07-01 onward
27.1,27.1,41.50541,-81.66791,2025-08-07,02:00:00,64.258,Trim 27.1 from 2025-07-01 onward
27.1,27.1,41.50541,-81.66791,2025-08-07,02:30:00,21.307,Trim 27.1 from 2025-07-01 onward
27.1,27.1,41.50541,-81.66791,2025-08-07,03:30:00,28.039,Trim 27.1 from 2025-07-01 onward
27.1,27.1,41.50541,-81.66791,2025-08-07,04:00:00,19.541,Trim 27.1 from 2025-07-01 onward
27.1,27.1,41.50541,-81.66791,2025-08-07,04:30:00,29.924,Trim 27.1 from 2025-07-01 onward
27.1,27.1,41.50541,-81.66791,2025-08-07,05:00:00,15.918,Trim 27.1 from 2025-07-01 onward
27.1,27.1,41.50541,-81.66791,2025-08-07,05:30:00,28.371,Trim 27.1 from 2025-07-01 onward
27.1,27.1,41.50541,-81.66791,2025-08-07,06:00:00,19.765,Trim 27.1 from 2025-07-01 onward
27.1,27.1,41.50541,-81.66791,2025-08-07,06:30:00,18.526,Trim 27.1 from 2025-07-01 onward
27.1,27.1,41.50541,-81.66791,2025-08-07,07:00:00,18.453,Trim 27.1 from 2025-07-01 onward
27.1,27.1,41.50541,-81.66791,2025-08-07,07:30:00,19.947,Trim 27.1 from 2025-07-01 onward
27.1,27.1,41.50541,-81.66791,2025-08-07,08:00:00,9.963,Trim 27.1 from 2025-07-01 onward
27.1,27.1,41.50541,-81.66791,2025-08-07,08:30:00,16.281,Trim 27.1 from 2025-07-01 onward
27.1,27.1,41.50541,-81.66791,2025-08-07,09:00:00,16.281,Trim 27.1 from 2025-07-01 onward
27.1,27.1,41.50541,-81.66791,2025-08-07,09:30:00,41.934,Trim 27.1 from 2025-07-01 onward
27.1,27.1,41.50541,-81.66791,2025-08-07,10:00:00,21.113,Trim 27.1 from 2025-07-01 onward
27.1,27.1,41.50541,-81.66791,2025-08-07,10:30:00,18.166,Trim 27.1 from 2025-07-01 onward
27.1,27.1,41.50541,-81.66791,2025-08-07,11:00:00,83.127,Trim 27.1 from 2025-07-01 onward
27.1,27.1,41.50541,-81.66791,2025-08-07,11:30:00,21.6,Trim 27.1 from 2025-07-01 onward
27.1,27.1,41.50541,-81.66791,2025-08-07,12:00:00,17.235,Trim 27.1 from 2025-07-01 onward
27.1,27.1,41.50541,-81.66791,2025-08-07,12:30:00,21.124,Trim 27.1 from 2025-07-01 onward
27.1,27.1,41.50541,-81.66791,2025-08-07,13:30:00,47.552,Trim 27.1 from 2025-07-01 onward
27.1,27.1,41.50541,-81.66791,2025-08-07,14:00:00,20.051,Trim 27.1 from 2025-07-01 onward
27.1,27.1,41.50541,-81.66791,2025-08-07,14:30:00,39.739,Trim 27.1 from 2025-07-01 onward
27.1,27.1,41.50541,-81.66791,2025-08-07,15:00:00,130.904,Trim 27.1 from 2025-07-01 onward
27.1,27.1,41.50541,-81.66791,2025-08-07,15:30:00,8.162,Trim 27.1 from 2025-07-01 onward
27.1,27.1,41.50541,-81.66791,2025-08-07,16:00:00,7.796,Trim 27.1 from 2025-07-01 onward
27.1,27.1,41.50541,-81.66791,2025-08-07,16:30:00,31.867,Trim 27.1 from 2025-07-01 onward
27.1,27.1,41.50541,-81.66791,2025-08-07,17:00:00,45.852,Trim 27.1 from 2025-07-01 onward
27.1,27.1,41.50541,-81.66791,2025-08-07,17:30:00,9.738,Trim 27.1 from 2025-07-01 onward
27.1,27.1,41.50541,-81.66791,2025-08-07,18:00:00,26.012,Trim 27.1 from 2025-07-01 onward
27.1,27.1,41.50541,-81.66791,2025-08-07,18:30:00,6.862,Trim 27.1 from 2025-07-01 onward
27.1,27.1,41.50541,-81.66791,2025-08-07,19:00:00,8.697,Trim 27.1 from 2025-07-01 onward
27.1,27.1,41.50541,-81.66791,2025-08-07,19:30:00,11.641,Trim 27.1 from 2025-07-01 onward
27.1,27.1,41.50541,-81.66791,2025-08-07,20:00:00,25.484,Trim 27.1 from 2025-07-01 onward
27.1,27.1,41.50541,-81.66791,2025-08-07,20:30:00,23.113,Trim 27.1 from 2025-07-01 onward
27.1,27.1,41.50541,-81.66791,2025-08-07,21:00:00,12.431,Trim 27.1 from 2025-07-01 onward
27.1,27.1,41.50541,-81.66791,2025-08-07,21:30:00,35.752,Trim 27.1 from 2025-07-01 onward
27.1,27.1,41.50541,-81.66791,2025-08-07,22:00:00,79.507,Trim 27.1 from 2025-07-01 onward
27.1,27.1,41.50541,-81.66791,2025-08-07,22:30:00,27.28,Trim 27.1 from 2025-07-01 onward
27.1,27.1,41.50541,-81.66791,2025-08-07,23:00:00,22.537,Trim 27.1 from 2025-07-01 onward
27.1,27.1,41.50541,-81.66791,2025-08-07,23:30:00,24.9,Trim 27.1 from 2025-07-01 onward
27.1,27.1,41.50541,-81.66791,2025-08-08,00:00:00,6.74,Trim 27.1 from 2025-07-01 onward
27.1,27.1,41.50541,-81.66791,2025-08-08,00:30:00,16.573,Trim 27.1 from 2025-07-01 onward
27.1,27.1,41.50541,-81.66791,2025-08-08,01:00:00,16.016,Trim 27.1 from 2025-07-01 onward
27.1,27.1,41.50541,-81.66791,2025-08-08,01:30:00,19.081,Trim 27.1 from 2025-07-01 onward
27.1,27.1,41.50541,-81.66791,2025-08-08,02:00:00,19.884,Trim 27.1 from 2025-07-01 onward
27.1,27.1,41.50541,-81.66791,2025-08-08,02:30:00,14.173,Trim 27.1 from 2025-07-01 onward
27.1,27.1,41.50541,-81.66791,2025-08-08,03:00:00,11.986,Trim 27.1 from 2025-07-01 onward
27.1,27.1,41.50541,-81.66791,2025-08-08,03:30:00,10.306,Trim 27.1 from 2025-07-01 onward
27.1,27.1,41.50541,-81.66791,2025-08-08,04:00:00,67.601,Trim 27.1 from 2025-07-01 onward
27.1,27.1,41.50541,-81.66791,2025-08-08,04:30:00,16.832,Trim 27.1 from 2025-07-01 onward
27.1,27.1,41.50541,-81.66791,2025-08-08,05:00:00,12.04,Trim 27.1 from 2025-07-01 onward
27.1,27.1,41.50541,-81.66791,2025-08-08,05:30:00,11.643,Trim 27.1 from 2025-07-01 onward
27.1,27.1,41.50541,-81.66791,2025-08-08,06:00:00,8.111,Trim 27.1 from 2025-07-01 onward
27.1,27.1,41.50541,-81.66791,2025-08-08,06:30:00,9.574,Trim 27.1 from 2025-07-01 onward
27.1,27.1,41.50541,-81.66791,2025-08-08,07:00:00,8.585,Trim 27.1 from 2025-07-01 onward
27.1,27.1,41.50541,-81.66791,2025-08-08,07:30:00,8.585,Trim 27.1 from 2025-07-01 onward
27.1,27.1,41.50541,-81.66791,2025-08-08,08:00:00,10.223,Trim 27.1 from 2025-07-01 onward
27.1,27.1,41.50541,-81.66791,2025-08-08,08:30:00,11.839,Trim 27.1 from 2025-07-01 onward
27.1,27.1,41.50541,-81.66791,2025-08-08,09:30:00,13.73,Trim 27.1 from 2025-07-01 onward
27.1,27.1,41.50541,-81.66791,2025-08-08,10:00:00,91.273,Trim 27.1 from 2025-07-01 onward
27.1,27.1,41.50541,-81.66791,2025-08-08,10:30:00,16.557,Trim 27.1 from 2025-07-01 onward
27.1,27.1,41.50541,-81.66791,2025-08-08,11:00:00,22.233,Trim 27.1 from 2025-07-01 onward
27.1,27.1,41.50541,-81.66791,2025-08-08,11:30:00,15.052,Trim 27.1 from 2025-07-01 onward
27.1,27.1,41.50541,-81.66791,2025-08-08,12:00:00,27.225,Trim 27.1 from 2025-07-01 onward
27.1,27.1,41.50541,-81.66791,2025-08-08,12:30:00,116.765,Trim 27.1 from 2025-07-01 onward
27.1,27.1,41.50541,-81.66791,2025-08-08,13:00:00,20.47,Trim 27.1 from 2025-07-01 onward
27.1,27.1,41.50541,-81.66791,2025-08-08,13:30:00,12.595,Trim 27.1 from 2025-07-01 onward
27.1,27.1,41.50541,-81.66791,2025-08-08,14:00:00,4.857,Trim 27.1 from 2025-07-01 onward
27.1,27.1,41.50541,-81.66791,2025-08-08,14:30:00,6.313,Trim 27.1 from 2025-07-01 onward
27.1,27.1,41.50541,-81.66791,2025-08-08,15:00:00,6.397,Trim 27.1 from 2025-07-01 onward
27.1,27.1,41.50541,-81.66791,2025-08-08,15:30:00,4.041,Trim 27.1 from 2025-07-01 onward
27.1,27.1,41.50541,-81.66791,2025-08-08,16:00:00,3.847,Trim 27.1 from 2025-07-01 onward
27.1,27.1,41.50541,-81.66791,2025-08-08,16:30:00,9.194,Trim 27.1 from 2025-07-01 onward
27.1,27.1,41.50541,-81.66791,2025-08-08,17:00:00,14.444,Trim 27.1 from 2025-07-01 onward
27.1,27.1,41.50541,-81.66791,2025-08-08,17:30:00,5.941,Trim 27.1 from 2025-07-01 onward
27.1,27.1,41.50541,-81.66791,2025-08-08,18:00:00,4.561,Trim 27.1 from 2025-07-01 onward
27.1,27.1,41.50541,-81.66791,2025-08-08,18:30:00,2.738,Trim 27.1 from 2025-07-01 onward
27.1,27.1,41.50541,-81.66791,2025-08-08,19:00:00,2.449,Trim 27.1 from 2025-07-01 onward
27.1,27.1,41.50541,-81.66791,2025-08-08,19:30:00,3.816,Trim 27.1 from 2025-07-01 onward
27.1,27.1,41.50541,-81.66791,2025-08-08,20:00:00,3.679,Trim 27.1 from 2025-07-01 onward
27.1,27.1,41.50541,-81.66791,2025-08-08,20:30:00,4.922,Trim 27.1 from 2025-07-01 onward
27.1,27.1,41.50541,-81.66791,2025-08-08,21:00:00,3.499,Trim 27.1 from 2025-07-01 onward
27.1,27.1,41.50541,-81.66791,2025-08-08,21:30:00,5.176,Trim 27.1 from 2025-07-01 onward
27.1,27.1,41.50541,-81.66791,2025-08-08,22:00:00,5.76,Trim 27.1 from 2025-07-01 onward
27.1,27.1,41.50541,-81.66791,2025-08-08,22:30:00,6.206,Trim 27.1 from 2025-07-01 onward
27.1,27.1,41.50541,-81.66791,2025-08-08,23:00:00,10.517,Trim 27.1 from 2025-07-01 onward
27.1,27.1,41.50541,-81.66791,2025-08-08,23:30:00,11.032,Trim 27.1 from 2025-07-01 onward
27.1,27.1,41.50541,-81.66791,2025-08-09,00:00:00,16.414,Trim 27.1 from 2025-07-01 onward
27.1,27.1,41.50541,-81.66791,2025-08-09,00:30:00,10.023,Trim 27.1 from 2025-07-01 onward
27.1,27.1,41.50541,-81.66791,2025-08-09,01:00:00,19.486,Trim 27.1 from 2025-07-01 onward
27.1,27.1,41.50541,-81.66791,2025-08-09,01:30:00,11.11,Trim 27.1 from 2025-07-01 onward
27.1,27.1,41.50541,-81.66791,2025-08-09,02:00:00,7.066,Trim 27.1 from 2025-07-01 onward
27.1,27.1,41.50541,-81.66791,2025-08-09,02:30:00,9.352,Trim 27.1 from 2025-07-01 onward
27.1,27.1,41.50541,-81.66791,2025-08-09,03:00:00,10.866,Trim 27.1 from 2025-07-01 onward
27.1,27.1,41.50541,-81.66791,2025-08-09,03:30:00,15.379,Trim 27.1 from 2025-07-01 onward
27.1,27.1,41.50541,-81.66791,2025-08-09,04:00:00,14.874,Trim 27.1 from 2025-07-01 onward
27.1,27.1,41.50541,-81.66791,2025-08-09,05:00:00,16.661,Trim 27.1 from 2025-07-01 onward
27.1,27.1,41.50541,-81.66791,2025-08-09,05:30:00,12.669,Trim 27.1 from 2025-07-01 onward
27.1,27.1,41.50541,-81.66791,2025-08-09,06:00:00,39.44,Trim 27.1 from 2025-07-01 onward
27.1,27.1,41.50541,-81.66791,2025-08-09,07:00:00,25.006,Trim 27.1 from 2025-07-01 onward
27.1,27.1,41.50541,-81.66791,2025-08-09,07:30:00,11.739,Trim 27.1 from 2025-07-01 onward
27.1,27.1,41.50541,-81.66791,2025-08-09,08:00:00,12.617,Trim 27.1 from 2025-07-01 onward
27.1,27.1,41.50541,-81.66791,2025-08-09,08:30:00,14.316,Trim 27.1 from 2025-07-01 onward
27.1,27.1,41.50541,-81.66791,2025-08-09,09:00:00,12.883,Trim 27.1 from 2025-07-01 onward
27.1,27.1,41.50541,-81.66791,2025-08-09,09:30:00,26.927,Trim 27.1 from 2025-07-01 onward
27.1,27.1,41.50541,-81.66791,2025-08-09,10:00:00,13.675,Trim 27.1 from 2025-07-01 onward
27.1,27.1,41.50541,-81.66791,2025-08-09,10:30:00,28.089,Trim 27.1 from 2025-07-01 onward
27.1,27.1,41.50541,-81.66791,2025-08-09,11:00:00,14.126,Trim 27.1 from 2025-07-01 onward
27.1,27.1,41.50541,-81.66791,2025-08-09,11:30:00,13.753,Trim 27.1 from 2025-07-01 onward
27.1,27.1,41.50541,-81.66791,2025-08-09,12:00:00,23.105,Trim 27.1 from 2025-07-01 onward
27.1,27.1,41.50541,-81.66791,2025-08-09,12:30:00,14.976,Trim 27.1 from 2025-07-01 onward
27.1,27.1,41.50541,-81.66791,2025-08-09,13:00:00,17.438,Trim 27.1 from 2025-07-01 onward
27.1,27.1,41.50541,-81.66791,2025-08-09,13:30:00,10.629,Trim 27.1 from 2025-07-01 onward
27.1,27.1,41.50541,-81.66791,2025-08-09,14:00:00,16.3,Trim 27.1 from 2025-07-01 onward
27.1,27.1,41.50541,-81.66791,2025-08-09,14:30:00,10.937,Trim 27.1 from 2025-07-01 onward
27.1,27.1,41.50541,-81.66791,2025-08-09,15:00:00,14.516,Trim 27.1 from 2025-07-01 onward
27.1,27.1,41.50541,-81.66791,2025-08-09,15:30:00,7.989,Trim 27.1 from 2025-07-01 onward
27.1,27.1,41.50541,-81.66791,2025-08-09,16:00:00,13.655,Trim 27.1 from 2025-07-01 onward
27.1,27.1,41.50541,-81.66791,2025-08-09,16:30:00,9.083,Trim 27.1 from 2025-07-01 onward
27.1,27.1,41.50541,-81.66791,2025-08-09,17:00:00,16.991,Trim 27.1 from 2025-07-01 onward
27.1,27.1,41.50541,-81.66791,2025-08-09,17:30:00,10.858,Trim 27.1 from 2025-07-01 onward
27.1,27.1,41.50541,-81.66791,2025-08-09,18:00:00,8.078,Trim 27.1 from 2025-07-01 onward
27.1,27.1,41.50541,-81.66791,2025-08-09,18:30:00,10.744,Trim 27.1 from 2025-07-01 onward
27.1,27.1,41.50541,-81.66791,2025-08-09,19:00:00,16.174,Trim 27.1 from 2025-07-01 onward
27.1,27.1,41.50541,-81.66791,2025-08-09,19:30:00,9.301,Trim 27.1 from 2025-07-01 onward
27.1,27.1,41.50541,-81.66791,2025-08-09,20:00:00,7.229,Trim 27.1 from 2025-07-01 onward
27.1,27.1,41.50541,-81.66791,2025-08-09,20:30:00,12.211,Trim 27.1 from 2025-07-01 onward
27.1,27.1,41.50541,-81.66791,2025-08-09,21:00:00,11.439,Trim 27.1 from 2025-07-01 onward
27.1,27.1,41.50541,-81.66791,2025-08-09,21:30:00,11.51,Trim 27.1 from 2025-07-01 onward
27.1,27.1,41.50541,-81.66791,2025-08-09,22:00:00,10.928,Trim 27.1 from 2025-07-01 onward
27.1,27.1,41.50541,-81.66791,2025-08-09,22:30:00,23.439,Trim 27.1 from 2025-07-01 onward
27.1,27.1,41.50541,-81.66791,2025-08-09,23:00:00,6.42,Trim 27.1 from 2025-07-01 onward
27.1,27.1,41.50541,-81.66791,2025-08-09,23:30:00,10.649,Trim 27.1 from 2025-07-01 onward
27.1,27.1,41.50541,-81.66791,2025-08-10,00:00:00,10.034,Trim 27.1 from 2025-07-01 onward
27.1,27.1,41.50541,-81.66791,2025-08-10,00:30:00,11.54,Trim 27.1 from 2025-07-01 onward
27.1,27.1,41.50541,-81.66791,2025-08-10,01:00:00,15.219,Trim 27.1 from 2025-07-01 onward
27.1,27.1,41.50541,-81.66791,2025-08-10,01:30:00,16.072,Trim 27.1 from 2025-07-01 onward
27.1,27.1,41.50541,-81.66791,2025-08-10,02:00:00,8.106,Trim 27.1 from 2025-07-01 onward
27.1,27.1,41.50541,-81.66791,2025-08-10,02:30:00,19.476,Trim 27.1 from 2025-07-01 onward
27.1,27.1,41.50541,-81.66791,2025-08-10,03:00:00,18.495,Trim 27.1 from 2025-07-01 onward
27.1,27.1,41.50541,-81.66791,2025-08-10,03:30:00,13.596,Trim 27.1 from 2025-07-01 onward
27.1,27.1,41.50541,-81.66791,2025-08-10,04:00:00,13.043,Trim 27.1 from 2025-07-01 onward
27.1,27.1,41.50541,-81.66791,2025-08-10,04:30:00,22.856,Trim 27.1 from 2025-07-01 onward
27.1,27.1,41.50541,-81.66791,2025-08-10,05:30:00,17.146,Trim 27.1 from 2025-07-01 onward
27.1,27.1,41.50541,-81.66791,2025-08-10,06:00:00,16.704,Trim 27.1 from 2025-07-01 onward
27.1,27.1,41.50541,-81.66791,2025-08-10,06:30:00,12.911,Trim 27.1 from 2025-07-01 onward
27.1,27.1,41.50541,-81.66791,2025-08-10,07:00:00,19.918,Trim 27.1 from 2025-07-01 onward
27.1,27.1,41.50541,-81.66791,2025-08-10,07:30:00,20.714,Trim 27.1 from 2025-07-01 onward
27.1,27.1,41.50541,-81.66791,2025-08-10,08:30:00,18.107,Trim 27.1 from 2025-07-01 onward
27.1,27.1,41.50541,-81.66791,2025-08-10,09:00:00,17.395,Trim 27.1 from 2025-07-01 onward
27.1,27.1,41.50541,-81.66791,2025-08-10,09:30:00,16.269,Trim 27.1 from 2025-07-01 onward
27.1,27.1,41.50541,-81.66791,2025-08-10,10:00:00,16.39,Trim 27.1 from 2025-07-01 onward
27.1,27.1,41.50541,-81.66791,2025-08-10,10:30:00,20.455,Trim 27.1 from 2025-07-01 onward
27.1,27.1,41.50541,-81.66791,2025-08-10,11:00:00,13.958,Trim 27.1 from 2025-07-01 onward
27.1,27.1,41.50541,-81.66791,2025-08-10,11:30:00,16.638,Trim 27.1 from 2025-07-01 onward
27.1,27.1,41.50541,-81.66791,2025-08-10,12:30:00,14.738,Trim 27.1 from 2025-07-01 onward
27.1,27.1,41.50541,-81.66791,2025-08-10,13:00:00,10.728,Trim 27.1 from 2025-07-01 onward
27.1,27.1,41.50541,-81.66791,2025-08-10,13:30:00,11.786,Trim 27.1 from 2025-07-01 onward
27.1,27.1,41.50541,-81.66791,2025-08-10,14:00:00,15.891,Trim 27.1 from 2025-07-01 onward
27.1,27.1,41.50541,-81.66791,2025-08-10,14:30:00,12.257,Trim 27.1 from 2025-07-01 onward
27.1,27.1,41.50541,-81.66791,2025-08-10,15:00:00,12.238,Trim 27.1 from 2025-07-01 onward
27.1,27.1,41.50541,-81.66791,2025-08-10,15:30:00,7.782,Trim 27.1 from 2025-07-01 onward
27.1,27.1,41.50541,-81.66791,2025-08-10,16:00:00,9.307,Trim 27.1 from 2025-07-01 onward
27.1,27.1,41.50541,-81.66791,2025-08-10,16:30:00,11.824,Trim 27.1 from 2025-07-01 onward
27.1,27.1,41.50541,-81.66791,2025-08-10,17:00:00,8.001,Trim 27.1 from 2025-07-01 onward
27.1,27.1,41.50541,-81.66791,2025-08-10,17:30:00,7.097,Trim 27.1 from 2025-07-01 onward
27.1,27.1,41.50541,-81.66791,2025-08-10,18:00:00,11.49,Trim 27.1 from 2025-07-01 onward
27.1,27.1,41.50541,-81.66791,2025-08-10,18:30:00,6.93,Trim 27.1 from 2025-07-01 onward
27.1,27.1,41.50541,-81.66791,2025-08-10,19:00:00,12.302,Trim 27.1 from 2025-07-01 onward
27.1,27.1,41.50541,-81.66791,2025-08-10,19:30:00,7.09,Trim 27.1 from 2025-07-01 onward
27.1,27.1,41.50541,-81.66791,2025-08-10,20:00:00,9.317,Trim 27.1 from 2025-07-01 onward
27.1,27.1,41.50541,-81.66791,2025-08-10,20:30:00,9.899,Trim 27.1 from 2025-07-01 onward
27.1,27.1,41.50541,-81.66791,2025-08-10,21:00:00,11.444,Trim 27.1 from 2025-07-01 onward
27.1,27.1,41.50541,-81.66791,2025-08-10,21:30:00,8.77,Trim 27.1 from 2025-07-01 onward
27.1,27.1,41.50541,-81.66791,2025-08-10,22:00:00,10.895,Trim 27.1 from 2025-07-01 onward
27.1,27.1,41.50541,-81.66791,2025-08-10,22:30:00,7.994,Trim 27.1 from 2025-07-01 onward
27.1,27.1,41.50541,-81.66791,2025-08-10,23:00:00,8.736,Trim 27.1 from 2025-07-01 onward
27.1,27.1,41.50541,-81.66791,2025-08-10,23:30:00,11.317,Trim 27.1 from 2025-07-01 onward
27.1,27.1,41.50541,-81.66791,2025-08-11,00:00:00,7.576,Trim 27.1 from 2025-07-01 onward
27.1,27.1,41.50541,-81.66791,2025-08-11,00:30:00,8.97,Trim 27.1 from 2025-07-01 onward
27.1,27.1,41.50541,-81.66791,2025-08-11,01:00:00,15.018,Trim 27.1 from 2025-07-01 onward
27.1,27.1,41.50541,-81.66791,2025-08-11,01:30:00,12.931,Trim 27.1 from 2025-07-01 onward
27.1,27.1,41.50541,-81.66791,2025-08-11,02:00:00,10.839,Trim 27.1 from 2025-07-01 onward
27.1,27.1,41.50541,-81.66791,2025-08-11,02:30:00,10.642,Trim 27.1 from 2025-07-01 onward
27.1,27.1,41.50541,-81.66791,2025-08-11,03:00:00,11.567,Trim 27.1 from 2025-07-01 onward
27.1,27.1,41.50541,-81.66791,2025-08-11,03:30:00,15.447,Trim 27.1 from 2025-07-01 onward
27.1,27.1,41.50541,-81.66791,2025-08-11,04:00:00,14.28,Trim 27.1 from 2025-07-01 onward
27.1,27.1,41.50541,-81.66791,2025-08-11,04:30:00,13.546,Trim 27.1 from 2025-07-01 onward
27.1,27.1,41.50541,-81.66791,2025-08-11,05:00:00,12.999,Trim 27.1 from 2025-07-01 onward
27.1,27.1,41.50541,-81.66791,2025-08-11,05:30:00,20.153,Trim 27.1 from 2025-07-01 onward
27.1,27.1,41.50541,-81.66791,2025-08-11,06:00:00,14.969,Trim 27.1 from 2025-07-01 onward
27.1,27.1,41.50541,-81.66791,2025-08-11,06:30:00,14.104,Trim 27.1 from 2025-07-01 onward
27.1,27.1,41.50541,-81.66791,2025-08-11,07:00:00,30.77,Trim 27.1 from 2025-07-01 onward
27.1,27.1,41.50541,-81.66791,2025-08-11,07:30:00,14.034,Trim 27.1 from 2025-07-01 onward
27.1,27.1,41.50541,-81.66791,2025-08-11,08:00:00,28.295,Trim 27.1 from 2025-07-01 onward
27.1,27.1,41.50541,-81.66791,2025-08-11,08:30:00,14.833,Trim 27.1 from 2025-07-01 onward
27.1,27.1,41.50541,-81.66791,2025-08-11,09:00:00,13.696,Trim 27.1 from 2025-07-01 onward
27.1,27.1,41.50541,-81.66791,2025-08-11,09:30:00,13.683,Trim 27.1 from 2025-07-01 onward
27.1,27.1,41.50541,-81.66791,2025-08-11,10:00:00,18.666,Trim 27.1 from 2025-07-01 onward
27.1,27.1,41.50541,-81.66791,2025-08-11,10:30:00,15.332,Trim 27.1 from 2025-07-01 onward
27.1,27.1,41.50541,-81.66791,2025-08-11,11:00:00,11.658,Trim 27.1 from 2025-07-01 onward
27.1,27.1,41.50541,-81.66791,2025-08-11,11:30:00,17.234,Trim 27.1 from 2025-07-01 onward
27.1,27.1,41.50541,-81.66791,2025-08-11,12:00:00,11.996,Trim 27.1 from 2025-07-01 onward
27.1,27.1,41.50541,-81.66791,2025-08-11,12:30:00,9.997,Trim 27.1 from 2025-07-01 onward
27.1,27.1,41.50541,-81.66791,2025-08-11,13:00:00,12.936,Trim 27.1 from 2025-07-01 onward
27.1,27.1,41.50541,-81.66791,2025-08-11,13:30:00,11.029,Trim 27.1 from 2025-07-01 onward
27.1,27.1,41.50541,-81.66791,2025-08-11,14:00:00,11.023,Trim 27.1 from 2025-07-01 onward
27.1,27.1,41.50541,-81.66791,2025-08-11,14:30:00,11.489,Trim 27.1 from 2025-07-01 onward
27.1,27.1,41.50541,-81.66791,2025-08-11,15:00:00,8.737,Trim 27.1 from 2025-07-01 onward
27.1,27.1,41.50541,-81.66791,2025-08-11,15:30:00,5.773,Trim 27.1 from 2025-07-01 onward
27.1,27.1,41.50541,-81.66791,2025-08-11,16:00:00,7.167,Trim 27.1 from 2025-07-01 onward
27.1,27.1,41.50541,-81.66791,2025-08-11,16:30:00,6.141,Trim 27.1 from 2025-07-01 onward
27.1,27.1,41.50541,-81.66791,2025-08-11,17:00:00,4.902,Trim 27.1 from 2025-07-01 onward
27.1,27.1,41.50541,-81.66791,2025-08-11,17:30:00,9.851,Trim 27.1 from 2025-07-01 onward
27.1,27.1,41.50541,-81.66791,2025-08-11,18:00:00,10.27,Trim 27.1 from 2025-07-01 onward
27.1,27.1,41.50541,-81.66791,2025-08-11,18:30:00,9.877,Trim 27.1 from 2025-07-01 onward
27.1,27.1,41.50541,-81.66791,2025-08-11,19:00:00,6.873,Trim 27.1 from 2025-07-01 onward
27.1,27.1,41.50541,-81.66791,2025-08-11,19:30:00,6.861,Trim 27.1 from 2025-07-01 onward
27.1,27.1,41.50541,-81.66791,2025-08-11,20:00:00,8.028,Trim 27.1 from 2025-07-01 onward
27.1,27.1,41.50541,-81.66791,2025-08-11,20:30:00,5.504,Trim 27.1 from 2025-07-01 onward
27.1,27.1,41.50541,-81.66791,2025-08-11,21:00:00,6.184,Trim 27.1 from 2025-07-01 onward
27.1,27.1,41.50541,-81.66791,2025-08-11,21:30:00,7.448,Trim 27.1 from 2025-07-01 onward
27.1,27.1,41.50541,-81.66791,2025-08-11,22:00:00,7.811,Trim 27.1 from 2025-07-01 onward
27.1,27.1,41.50541,-81.66791,2025-08-11,22:30:00,9.945,Trim 27.1 from 2025-07-01 onward
27.1,27.1,41.50541,-81.66791,2025-08-11,23:00:00,4.578,Trim 27.1 from 2025-07-01 onward
27.1,27.1,41.50541,-81.66791,2025-08-11,23:30:00,3.876,Trim 27.1 from 2025-07-01 onward
27.1,27.1,41.50541,-81.66791,2025-08-12,00:00:00,9.169,Trim 27.1 from 2025-07-01 onward
27.1,27.1,41.50541,-81.66791,2025-08-12,00:30:00,6.577,Trim 27.1 from 2025-07-01 onward
27.1,27.1,41.50541,-81.66791,2025-08-12,01:00:00,6.725,Trim 27.1 from 2025-07-01 onward
27.1,27.1,41.50541,-81.66791,2025-08-12,01:30:00,4.653,Trim 27.1 from 2025-07-01 onward
27.1,27.1,41.50541,-81.66791,2025-08-12,02:00:00,5.577,Trim 27.1 from 2025-07-01 onward
27.1,27.1,41.50541,-81.66791,2025-08-12,02:30:00,7.868,Trim 27.1 from 2025-07-01 onward
27.1,27.1,41.50541,-81.66791,2025-08-12,03:00:00,7.262,Trim 27.1 from 2025-07-01 onward
27.1,27.1,41.50541,-81.66791,2025-08-12,03:30:00,13.003,Trim 27.1 from 2025-07-01 onward
27.1,27.1,41.50541,-81.66791,2025-08-12,04:00:00,7.012,Trim 27.1 from 2025-07-01 onward
27.1,27.1,41.50541,-81.66791,2025-08-12,04:30:00,4.594,Trim 27.1 from 2025-07-01 onward
27.1,27.1,41.50541,-81.66791,2025-08-12,05:00:00,7.94,Trim 27.1 from 2025-07-01 onward
27.1,27.1,41.50541,-81.66791,2025-08-12,05:30:00,9.457,Trim 27.1 from 2025-07-01 onward
27.1,27.1,41.50541,-81.66791,2025-08-12,06:00:00,8.027,Trim 27.1 from 2025-07-01 onward
27.1,27.1,41.50541,-81.66791,2025-08-12,06:30:00,13.613,Trim 27.1 from 2025-07-01 onward
27.1,27.1,41.50541,-81.66791,2025-08-12,07:00:00,5.171,Trim 27.1 from 2025-07-01 onward
27.1,27.1,41.50541,-81.66791,2025-08-12,07:30:00,8.034,Trim 27.1 from 2025-07-01 onward
27.1,27.1,41.50541,-81.66791,2025-08-12,08:00:00,11.724,Trim 27.1 from 2025-07-01 onward
27.1,27.1,41.50541,-81.66791,2025-08-12,08:30:00,11.933,Trim 27.1 from 2025-07-01 onward
27.1,27.1,41.50541,-81.66791,2025-08-12,09:00:00,8.882,Trim 27.1 from 2025-07-01 onward
27.1,27.1,41.50541,-81.66791,2025-08-12,09:30:00,15.148,Trim 27.1 from 2025-07-01 onward
27.1,27.1,41.50541,-81.66791,2025-08-12,10:30:00,7.751,Trim 27.1 from 2025-07-01 onward
27.1,27.1,41.50541,-81.66791,2025-08-12,11:00:00,29.067,Trim 27.1 from 2025-07-01 onward
27.1,27.1,41.50541,-81.66791,2025-08-12,11:30:00,8.67,Trim 27.1 from 2025-07-01 onward
27.1,27.1,41.50541,-81.66791,2025-08-12,12:00:00,7.712,Trim 27.1 from 2025-07-01 onward
27.1,27.1,41.50541,-81.66791,2025-08-12,12:30:00,9.562,Trim 27.1 from 2025-07-01 onward
27.1,27.1,41.50541,-81.66791,2025-08-12,13:00:00,6.074,Trim 27.1 from 2025-07-01 onward
27.1,27.1,41.50541,-81.66791,2025-08-12,13:30:00,8.459,Trim 27.1 from 2025-07-01 onward
27.1,27.1,41.50541,-81.66791,2025-08-12,14:00:00,7.245,Trim 27.1 from 2025-07-01 onward
27.1,27.1,41.50541,-81.66791,2025-08-12,14:30:00,5.444,Trim 27.1 from 2025-07-01 onward
27.1,27.1,41.50541,-81.66791,2025-08-12,15:00:00,4.722,Trim 27.1 from 2025-07-01 onward
27.1,27.1,41.50541,-81.66791,2025-08-12,15:30:00,6.05,Trim 27.1 from 2025-07-01 onward
27.1,27.1,41.50541,-81.66791,2025-08-12,16:30:00,5.533,Trim 27.1 from 2025-07-01 onward
27.1,27.1,41.50541,-81.66791,2025-08-12,17:00:00,58.81,Trim 27.1 from 2025-07-01 onward
27.1,27.1,41.50541,-81.66791,2025-08-12,17:30:00,5.819,Trim 27.1 from 2025-07-01 onward
27.1,27.1,41.50541,-81.66791,2025-08-12,18:00:00,5.037,Trim 27.1 from 2025-07-01 onward
27.1,27.1,41.50541,-81.66791,2025-08-12,18:30:00,7.07,Trim 27.1 from 2025-07-01 onward
27.1,27.1,41.50541,-81.66791,2025-08-12,19:00:00,4.971,Trim 27.1 from 2025-07-01 onward
27.1,27.1,41.50541,-81.66791,2025-08-12,19:30:00,3.59,Trim 27.1 from 2025-07-01 onward
27.1,27.1,41.50541,-81.66791,2025-08-12,20:00:00,6.534,Trim 27.1 from 2025-07-01 onward
27.1,27.1,41.50541,-81.66791,2025-08-12,20:30:00,9.294,Trim 27.1 from 2025-07-01 onward
27.1,27.1,41.50541,-81.66791,2025-08-12,21:00:00,5.606,Trim 27.1 from 2025-07-01 onward
27.1,27.1,41.50541,-81.66791,2025-08-12,21:30:00,6.147,Trim 27.1 from 2025-07-01 onward
27.1,27.1,41.50541,-81.66791,2025-08-12,22:00:00,5.743,Trim 27.1 from 2025-07-01 onward
27.1,27.1,41.50541,-81.66791,2025-08-12,22:30:00,3.169,Trim 27.1 from 2025-07-01 onward
27.1,27.1,41.50541,-81.66791,2025-08-12,23:00:00,6.453,Trim 27.1 from 2025-07-01 onward
27.1,27.1,41.50541,-81.66791,2025-08-12,23:30:00,3.987,Trim 27.1 from 2025-07-01 onward
27.1,27.1,41.50541,-81.66791,2025-08-13,00:00:00,5.782,Trim 27.1 from 2025-07-01 onward
27.1,27.1,41.50541,-81.66791,2025-08-13,00:30:00,6.502,Trim 27.1 from 2025-07-01 onward
27.1,27.1,41.50541,-81.66791,2025-08-13,01:00:00,2.608,Trim 27.1 from 2025-07-01 onward
27.1,27.1,41.50541,-81.66791,2025-08-13,01:30:00,4.949,Trim 27.1 from 2025-07-01 onward
27.1,27.1,41.50541,-81.66791,2025-08-13,02:00:00,11.741,Trim 27.1 from 2025-07-01 onward
27.1,27.1,41.50541,-81.66791,2025-08-13,02:30:00,13.258,Trim 27.1 from 2025-07-01 onward
27.1,27.1,41.50541,-81.66791,2025-08-13,03:00:00,8.004,Trim 27.1 from 2025-07-01 onward
27.1,27.1,41.50541,-81.66791,2025-08-13,03:30:00,9.573,Trim 27.1 from 2025-07-01 onward
27.1,27.1,41.50541,-81.66791,2025-08-13,04:00:00,13.674,Trim 27.1 from 2025-07-01 onward
27.1,27.1,41.50541,-81.66791,2025-08-13,04:30:00,4.723,Trim 27.1 from 2025-07-01 onward
27.1,27.1,41.50541,-81.66791,2025-08-13,05:00:00,21.345,Trim 27.1 from 2025-07-01 onward
27.1,27.1,41.50541,-81.66791,2025-08-13,06:00:00,2.344,Trim 27.1 from 2025-07-01 onward
27.1,27.1,41.50541,-81.66791,2025-08-13,06:30:00,4.12,Trim 27.1 from 2025-07-01 onward
27.1,27.1,41.50541,-81.66791,2025-08-13,07:00:00,5.833,Trim 27.1 from 2025-07-01 onward
27.1,27.1,41.50541,-81.66791,2025-08-13,07:30:00,175.001,Trim 27.1 from 2025-07-01 onward
27.1,27.1,41.50541,-81.66791,2025-08-13,08:00:00,6.07,Trim 27.1 from 2025-07-01 onward
27.1,27.1,41.50541,-81.66791,2025-08-13,11:00:00,0,Trim 27.1 from 2025-07-01 onward
27.1,27.1,41.50541,-81.66791,2025-08-13,11:30:00,11.72,Trim 27.1 from 2025-07-01 onward
27.1,27.1,41.50541,-81.66791,2025-08-13,12:00:00,36.596,Trim 27.1 from 2025-07-01 onward
27.1,27.1,41.50541,-81.66791,2025-08-13,12:30:00,33.397,Trim 27.1 from 2025-07-01 onward
27.1,27.1,41.50541,-81.66791,2025-08-13,13:00:00,38.93,Trim 27.1 from 2025-07-01 onward
27.1,27.1,41.50541,-81.66791,2025-08-13,13:30:00,6.292,Trim 27.1 from 2025-07-01 onward
27.1,27.1,41.50541,-81.66791,2025-08-13,14:00:00,1.913,Trim 27.1 from 2025-07-01 onward
27.1,27.1,41.50541,-81.66791,2025-08-13,14:30:00,2.551,Trim 27.1 from 2025-07-01 onward
27.1,27.1,41.50541,-81.66791,2025-08-13,15:00:00,0.593,Trim 27.1 from 2025-07-01 onward
27.1,27.1,41.50541,-81.66791,2025-08-13,15:30:00,5.043,Trim 27.1 from 2025-07-01 onward
27.1,27.1,41.50541,-81.66791,2025-08-13,16:00:00,2.219,Trim 27.1 from 2025-07-01 onward
27.1,27.1,41.50541,-81.66791,2025-08-13,16:30:00,1.61,Trim 27.1 from 2025-07-01 onward
27.1,27.1,41.50541,-81.66791,2025-08-13,17:00:00,158.749,Trim 27.1 from 2025-07-01 onward
27.1,27.1,41.50541,-81.66791,2025-08-13,17:30:00,2.842,Trim 27.1 from 2025-07-01 onward
27.1,27.1,41.50541,-81.66791,2025-08-13,18:00:00,2.448,Trim 27.1 from 2025-07-01 onward
27.1,27.1,41.50541,-81.66791,2025-08-13,18:30:00,2.43,Trim 27.1 from 2025-07-01 onward
27.1,27.1,41.50541,-81.66791,2025-08-13,19:00:00,2.214,Trim 27.1 from 2025-07-01 onward
27.1,27.1,41.50541,-81.66791,2025-08-13,19:30:00,3.33,Trim 27.1 from 2025-07-01 onward
27.1,27.1,41.50541,-81.66791,2025-08-13,20:00:00,2.368,Trim 27.1 from 2025-07-01 onward
27.1,27.1,41.50541,-81.66791,2025-08-13,20:30:00,2.78,Trim 27.1 from 2025-07-01 onward
27.1,27.1,41.50541,-81.66791,2025-08-13,21:00:00,3.009,Trim 27.1 from 2025-07-01 onward
27.1,27.1,41.50541,-81.66791,2025-08-13,21:30:00,3.468,Trim 27.1 from 2025-07-01 onward
27.1,27.1,41.50541,-81.66791,2025-08-13,22:00:00,51.834,Trim 27.1 from 2025-07-01 onward
27.1,27.1,41.50541,-81.66791,2025-08-13,22:30:00,2.421,Trim 27.1 from 2025-07-01 onward
27.1,27.1,41.50541,-81.66791,2025-08-13,23:00:00,5.661,Trim 27.1 from 2025-07-01 onward
27.1,27.1,41.50541,-81.66791,2025-08-13,23:30:00,4.859,Trim 27.1 from 2025-07-01 onward
27.1,27.1,41.50541,-81.66791,2025-08-14,00:00:00,10.092,Trim 27.1 from 2025-07-01 onward
27.1,27.1,41.50541,-81.66791,2025-08-14,00:30:00,8.65,Trim 27.1 from 2025-07-01 onward
27.1,27.1,41.50541,-81.66791,2025-08-14,01:00:00,6.927,Trim 27.1 from 2025-07-01 onward
27.1,27.1,41.50541,-81.66791,2025-08-14,01:30:00,3.121,Trim 27.1 from 2025-07-01 onward
27.1,27.1,41.50541,-81.66791,2025-08-14,02:00:00,3.849,Trim 27.1 from 2025-07-01 onward
27.1,27.1,41.50541,-81.66791,2025-08-14,02:30:00,8.964,Trim 27.1 from 2025-07-01 onward
27.1,27.1,41.50541,-81.66791,2025-08-14,03:00:00,4.539,Trim 27.1 from 2025-07-01 onward
27.1,27.1,41.50541,-81.66791,2025-08-14,03:30:00,4.539,Trim 27.1 from 2025-07-01 onward
27.1,27.1,41.50541,-81.66791,2025-08-14,04:00:00,4.539,Trim 27.1 from 2025-07-01 onward
27.1,27.1,41.50541,-81.66791,2025-08-14,04:30:00,9.955,Trim 27.1 from 2025-07-01 onward
27.1,27.1,41.50541,-81.66791,2025-08-14,05:00:00,9.955,Trim 27.1 from 2025-07-01 onward
27.1,27.1,41.50541,-81.66791,2025-08-14,05:30:00,28.536,Trim 27.1 from 2025-07-01 onward
27.1,27.1,41.50541,-81.66791,2025-08-14,06:00:00,10.863,Trim 27.1 from 2025-07-01 onward
27.1,27.1,41.50541,-81.66791,2025-08-14,06:30:00,7.978,Trim 27.1 from 2025-07-01 onward
27.1,27.1,41.50541,-81.66791,2025-08-20,23:00:00,14.326,Trim 27.1 from 2025-07-01 onward
27.1,27.1,41.50541,-81.66791,2025-08-20,23:30:00,14.326,Trim 27.1 from 2025-07-01 onward
27.1,27.1,41.50541,-81.66791,2025-08-21,00:00:00,0,Trim 27.1 from 2025-07-01 onward
27.1,27.1,41.50541,-81.66791,2025-08-21,00:30:00,0,Trim 27.1 from 2025-07-01 onward
27.1,27.1,41.50541,-81.66791,2025-08-21,01:00:00,0,Trim 27.1 from 2025-07-01 onward
27.1,27.1,41.50541,-81.66791,2025-08-21,01:30:00,0,Trim 27.1 from 2025-07-01 onward
27.1,27.1,41.50541,-81.66791,2025-08-21,02:00:00,0,Trim 27.1 from 2025-07-01 onward
27.1,27.1,41.50541,-81.66791,2025-08-21,02:30:00,0,Trim 27.1 from 2025-07-01 onward
27.1,27.1,41.50541,-81.66791,2025-08-21,03:00:00,0,Trim 27.1 from 2025-07-01 onward
27.1,27.1,41.50541,-81.66791,2025-08-21,03:30:00,0,Trim 27.1 from 2025-07-01 onward
27.1,27.1,41.50541,-81.66791,2025-08-21,04:00:00,0,Trim 27.1 from 2025-07-01 onward
27.1,27.1,41.50541,-81.66791,2025-08-21,04:30:00,0,Trim 27.1 from 2025-07-01 onward
27.1,27.1,41.50541,-81.66791,2025-08-21,05:00:00,0,Trim 27.1 from 2025-07-01 onward
27.1,27.1,41.50541,-81.66791,2025-08-21,05:30:00,0,Trim 27.1 from 2025-07-01 onward
27.1,27.1,41.50541,-81.66791,2025-08-21,06:00:00,0,Trim 27.1 from 2025-07-01 onward
27.1,27.1,41.50541,-81.66791,2025-08-21,06:30:00,0,Trim 27.1 from 2025-07-01 onward
27.1,27.1,41.50541,-81.66791,2025-08-21,07:00:00,0,Trim 27.1 from 2025-07-01 onward
27.1,27.1,41.50541,-81.66791,2025-08-21,07:30:00,0,Trim 27.1 from 2025-07-01 onward
27.1,27.1,41.50541,-81.66791,2025-08-21,08:00:00,0,Trim 27.1 from 2025-07-01 onward
27.1,27.1,41.50541,-81.66791,2025-08-21,08:30:00,0,Trim 27.1 from 2025-07-01 onward
27.1,27.1,41.50541,-81.66791,2025-08-21,09:00:00,45.163,Trim 27.1 from 2025-07-01 onward
27.1,27.1,41.50541,-81.66791,2025-08-21,09:30:00,45.163,Trim 27.1 from 2025-07-01 onward
27.1,27.1,41.50541,-81.66791,2025-08-21,10:00:00,45.163,Trim 27.1 from 2025-07-01 onward
27.1,27.1,41.50541,-81.66791,2025-08-21,10:30:00,45.163,Trim 27.1 from 2025-07-01 onward
27.1,27.1,41.50541,-81.66791,2025-08-21,11:00:00,45.163,Trim 27.1 from 2025-07-01 onward
27.1,27.1,41.50541,-81.66791,2025-08-21,11:30:00,66.257,Trim 27.1 from 2025-07-01 onward
27.1,27.1,41.50541,-81.66791,2025-08-21,12:00:00,10.477,Trim 27.1 from 2025-07-01 onward
27.1,27.1,41.50541,-81.66791,2025-08-21,12:30:00,67.452,Trim 27.1 from 2025-07-01 onward
27.1,27.1,41.50541,-81.66791,2025-08-21,13:00:00,169.962,Trim 27.1 from 2025-07-01 onward
27.1,27.1,41.50541,-81.66791,2025-08-21,13:30:00,48.854,Trim 27.1 from 2025-07-01 onward
27.1,27.1,41.50541,-81.66791,2025-08-21,14:00:00,3.419,Trim 27.1 from 2025-07-01 onward
27.1,27.1,41.50541,-81.66791,2025-08-21,14:30:00,3.419,Trim 27.1 from 2025-07-01 onward
27.1,27.1,41.50541,-81.66791,2025-08-21,15:00:00,3.419,Trim 27.1 from 2025-07-01 onward
27.1,27.1,41.50541,-81.66791,2025-08-21,15:30:00,3.419,Trim 27.1 from 2025-07-01 onward
27.1,27.1,41.50541,-81.66791,2025-08-21,16:00:00,3.419,Trim 27.1 from 2025-07-01 onward
27.1,27.1,41.50541,-81.66791,2025-08-22,00:00:00,28.165,Trim 27.1 from 2025-07-01 onward
27.1,27.1,41.50541,-81.66791,2025-08-22,00:30:00,6.097,Trim 27.1 from 2025-07-01 onward
27.1,27.1,41.50541,-81.66791,2025-08-22,01:00:00,10.211,Trim 27.1 from 2025-07-01 onward
27.1,27.1,41.50541,-81.66791,2025-08-22,01:30:00,10.211,Trim 27.1 from 2025-07-01 onward
27.1,27.1,41.50541,-81.66791,2025-08-22,09:00:00,0.568,Trim 27.1 from 2025-07-01 onward
27.1,27.1,41.50541,-81.66791,2025-08-22,15:00:00,2.484,Trim 27.1 from 2025-07-01 onward
27.1,27.1,41.50541,-81.66791,2025-08-22,15:30:00,0.512,Trim 27.1 from 2025-07-01 onward
27.1,27.1,41.50541,-81.66791,2025-08-22,16:00:00,12.42,Trim 27.1 from 2025-07-01 onward
27.1,27.1,41.50541,-81.66791,2025-08-22,16:30:00,1.172,Trim 27.1 from 2025-07-01 onward
27.1,27.1,41.50541,-81.66791,2025-08-22,17:00:00,0.985,Trim 27.1 from 2025-07-01 onward
27.1,27.1,41.50541,-81.66791,2025-08-22,17:30:00,0.521,Trim 27.1 from 2025-07-01 onward
27.1,27.1,41.50541,-81.66791,2025-08-22,18:00:00,3.619,Trim 27.1 from 2025-07-01 onward
27.1,27.1,41.50541,-81.66791,2025-08-22,18:30:00,1.371,Trim 27.1 from 2025-07-01 onward
27.1,27.1,41.50541,-81.66791,2025-08-22,19:00:00,2.483,Trim 27.1 from 2025-07-01 onward
27.1,27.1,41.50541,-81.66791,2025-08-22,19:30:00,1.34,Trim 27.1 from 2025-07-01 onward
27.1,27.1,41.50541,-81.66791,2025-08-22,20:00:00,0.741,Trim 27.1 from 2025-07-01 onward
27.1,27.1,41.50541,-81.66791,2025-08-22,20:30:00,1.065,Trim 27.1 from 2025-07-01 onward
27.1,27.1,41.50541,-81.66791,2025-08-22,21:00:00,1.526,Trim 27.1 from 2025-07-01 onward
27.1,27.1,41.50541,-81.66791,2025-08-22,21:30:00,2.811,Trim 27.1 from 2025-07-01 onward
27.1,27.1,41.50541,-81.66791,2025-08-22,22:00:00,0.554,Trim 27.1 from 2025-07-01 onward
27.1,27.1,41.50541,-81.66791,2025-08-22,22:30:00,4.198,Trim 27.1 from 2025-07-01 onward
27.1,27.1,41.50541,-81.66791,2025-08-22,23:00:00,1.898,Trim 27.1 from 2025-07-01 onward
27.1,27.1,41.50541,-81.66791,2025-08-22,23:30:00,1.725,Trim 27.1 from 2025-07-01 onward
27.1,27.1,41.50541,-81.66791,2025-08-23,00:00:00,12.08,Trim 27.1 from 2025-07-01 onward
27.1,27.1,41.50541,-81.66791,2025-08-23,00:30:00,0.648,Trim 27.1 from 2025-07-01 onward
27.1,27.1,41.50541,-81.66791,2025-08-23,01:00:00,2.817,Trim 27.1 from 2025-07-01 onward
27.1,27.1,41.50541,-81.66791,2025-08-23,01:30:00,1.673,Trim 27.1 from 2025-07-01 onward
27.1,27.1,41.50541,-81.66791,2025-08-23,02:00:00,15.388,Trim 27.1 from 2025-07-01 onward
27.1,27.1,41.50541,-81.66791,2025-08-23,02:30:00,1.072,Trim 27.1 from 2025-07-01 onward
27.1,27.1,41.50541,-81.66791,2025-08-23,03:00:00,1.811,Trim 27.1 from 2025-07-01 onward
27.1,27.1,41.50541,-81.66791,2025-08-23,03:30:00,4.931,Trim 27.1 from 2025-07-01 onward
27.1,27.1,41.50541,-81.66791,2025-08-23,04:00:00,5.981,Trim 27.1 from 2025-07-01 onward
27.1,27.1,41.50541,-81.66791,2025-08-23,04:30:00,3.552,Trim 27.1 from 2025-07-01 onward
27.1,27.1,41.50541,-81.66791,2025-08-23,05:00:00,3.11,Trim 27.1 from 2025-07-01 onward
27.1,27.1,41.50541,-81.66791,2025-08-23,05:30:00,6.717,Trim 27.1 from 2025-07-01 onward
27.1,27.1,41.50541,-81.66791,2025-08-23,06:00:00,5.613,Trim 27.1 from 2025-07-01 onward
27.1,27.1,41.50541,-81.66791,2025-08-23,06:30:00,11.894,Trim 27.1 from 2025-07-01 onward
27.1,27.1,41.50541,-81.66791,2025-08-23,07:00:00,9.662,Trim 27.1 from 2025-07-01 onward
27.1,27.1,41.50541,-81.66791,2025-08-23,07:30:00,3.406,Trim 27.1 from 2025-07-01 onward
27.1,27.1,41.50541,-81.66791,2025-08-23,08:00:00,11.043,Trim 27.1 from 2025-07-01 onward
27.1,27.1,41.50541,-81.66791,2025-08-23,08:30:00,13.957,Trim 27.1 from 2025-07-01 onward
27.1,27.1,41.50541,-81.66791,2025-08-23,09:00:00,13.324,Trim 27.1 from 2025-07-01 onward
27.1,27.1,41.50541,-81.66791,2025-08-23,09:30:00,13.244,Trim 27.1 from 2025-07-01 onward
27.1,27.1,41.50541,-81.66791,2025-08-23,10:00:00,23.432,Trim 27.1 from 2025-07-01 onward
27.1,27.1,41.50541,-81.66791,2025-08-23,10:30:00,20.856,Trim 27.1 from 2025-07-01 onward
27.1,27.1,41.50541,-81.66791,2025-08-23,11:00:00,8.099,Trim 27.1 from 2025-07-01 onward
27.1,27.1,41.50541,-81.66791,2025-08-23,11:30:00,20.697,Trim 27.1 from 2025-07-01 onward
27.1,27.1,41.50541,-81.66791,2025-08-23,12:00:00,16.98,Trim 27.1 from 2025-07-01 onward
27.1,27.1,41.50541,-81.66791,2025-08-23,12:30:00,6.055,Trim 27.1 from 2025-07-01 onward
27.1,27.1,41.50541,-81.66791,2025-08-23,13:00:00,11.193,Trim 27.1 from 2025-07-01 onward
27.1,27.1,41.50541,-81.66791,2025-08-23,14:00:00,3.224,Trim 27.1 from 2025-07-01 onward
27.1,27.1,41.50541,-81.66791,2025-08-23,14:30:00,3.223,Trim 27.1 from 2025-07-01 onward
27.1,27.1,41.50541,-81.66791,2025-08-23,15:00:00,2.501,Trim 27.1 from 2025-07-01 onward
27.1,27.1,41.50541,-81.66791,2025-08-23,15:30:00,2.312,Trim 27.1 from 2025-07-01 onward
27.1,27.1,41.50541,-81.66791,2025-08-23,16:00:00,2.579,Trim 27.1 from 2025-07-01 onward
27.1,27.1,41.50541,-81.66791,2025-08-23,16:30:00,1.158,Trim 27.1 from 2025-07-01 onward
27.1,27.1,41.50541,-81.66791,2025-08-23,17:00:00,1.063,Trim 27.1 from 2025-07-01 onward
27.1,27.1,41.50541,-81.66791,2025-08-23,17:30:00,1.161,Trim 27.1 from 2025-07-01 onward
27.1,27.1,41.50541,-81.66791,2025-08-23,18:00:00,2.175,Trim 27.1 from 2025-07-01 onward
27.1,27.1,41.50541,-81.66791,2025-08-23,18:30:00,1.737,Trim 27.1 from 2025-07-01 onward
27.1,27.1,41.50541,-81.66791,2025-08-23,19:00:00,7.887,Trim 27.1 from 2025-07-01 onward
27.1,27.1,41.50541,-81.66791,2025-08-23,19:30:00,0.996,Trim 27.1 from 2025-07-01 onward
27.1,27.1,41.50541,-81.66791,2025-08-23,20:00:00,0.681,Trim 27.1 from 2025-07-01 onward
27.1,27.1,41.50541,-81.66791,2025-08-23,20:30:00,2.65,Trim 27.1 from 2025-07-01 onward
27.1,27.1,41.50541,-81.66791,2025-08-23,21:00:00,1.504,Trim 27.1 from 2025-07-01 onward
27.1,27.1,41.50541,-81.66791,2025-08-23,21:30:00,2.146,Trim 27.1 from 2025-07-01 onward
27.1,27.1,41.50541,-81.66791,2025-08-23,22:00:00,1.938,Trim 27.1 from 2025-07-01 onward
27.1,27.1,41.50541,-81.66791,2025-08-23,22:30:00,3.774,Trim 27.1 from 2025-07-01 onward
27.1,27.1,41.50541,-81.66791,2025-08-23,23:00:00,2.069,Trim 27.1 from 2025-07-01 onward
27.1,27.1,41.50541,-81.66791,2025-08-23,23:30:00,7.483,Trim 27.1 from 2025-07-01 onward
27.1,27.1,41.50541,-81.66791,2025-08-24,00:00:00,2.423,Trim 27.1 from 2025-07-01 onward
27.1,27.1,41.50541,-81.66791,2025-08-24,00:30:00,4.835,Trim 27.1 from 2025-07-01 onward
27.1,27.1,41.50541,-81.66791,2025-08-24,01:00:00,3.386,Trim 27.1 from 2025-07-01 onward
27.1,27.1,41.50541,-81.66791,2025-08-24,01:30:00,4.701,Trim 27.1 from 2025-07-01 onward
27.1,27.1,41.50541,-81.66791,2025-08-24,02:00:00,5.062,Trim 27.1 from 2025-07-01 onward
27.1,27.1,41.50541,-81.66791,2025-08-24,02:30:00,3.591,Trim 27.1 from 2025-07-01 onward
27.1,27.1,41.50541,-81.66791,2025-08-24,03:00:00,2.775,Trim 27.1 from 2025-07-01 onward
27.1,27.1,41.50541,-81.66791,2025-08-24,03:30:00,2.606,Trim 27.1 from 2025-07-01 onward
27.1,27.1,41.50541,-81.66791,2025-08-24,04:00:00,4.065,Trim 27.1 from 2025-07-01 onward
27.1,27.1,41.50541,-81.66791,2025-08-24,04:30:00,5.287,Trim 27.1 from 2025-07-01 onward
27.1,27.1,41.50541,-81.66791,2025-08-24,05:00:00,6.974,Trim 27.1 from 2025-07-01 onward
27.1,27.1,41.50541,-81.66791,2025-08-24,05:30:00,4.049,Trim 27.1 from 2025-07-01 onward
27.1,27.1,41.50541,-81.66791,2025-08-24,06:00:00,3.2,Trim 27.1 from 2025-07-01 onward
27.1,27.1,41.50541,-81.66791,2025-08-24,06:30:00,6.148,Trim 27.1 from 2025-07-01 onward
27.1,27.1,41.50541,-81.66791,2025-08-24,07:00:00,2.975,Trim 27.1 from 2025-07-01 onward
27.1,27.1,41.50541,-81.66791,2025-08-24,07:30:00,4.712,Trim 27.1 from 2025-07-01 onward
27.1,27.1,41.50541,-81.66791,2025-08-24,08:00:00,5.679,Trim 27.1 from 2025-07-01 onward
27.1,27.1,41.50541,-81.66791,2025-08-24,08:30:00,5.353,Trim 27.1 from 2025-07-01 onward
27.1,27.1,41.50541,-81.66791,2025-08-24,09:00:00,3.911,Trim 27.1 from 2025-07-01 onward
27.1,27.1,41.50541,-81.66791,2025-08-24,09:30:00,20.095,Trim 27.1 from 2025-07-01 onward
27.1,27.1,41.50541,-81.66791,2025-08-24,10:00:00,9.065,Trim 27.1 from 2025-07-01 onward
27.1,27.1,41.50541,-81.66791,2025-08-24,10:30:00,22.202,Trim 27.1 from 2025-07-01 onward
27.1,27.1,41.50541,-81.66791,2025-08-24,11:00:00,6.04,Trim 27.1 from 2025-07-01 onward
27.1,27.1,41.50541,-81.66791,2025-08-24,11:30:00,4.312,Trim 27.1 from 2025-07-01 onward
27.1,27.1,41.50541,-81.66791,2025-08-24,12:00:00,2.552,Trim 27.1 from 2025-07-01 onward
27.1,27.1,41.50541,-81.66791,2025-08-24,12:30:00,4.744,Trim 27.1 from 2025-07-01 onward
27.1,27.1,41.50541,-81.66791,2025-08-24,13:00:00,4.015,Trim 27.1 from 2025-07-01 onward
27.1,27.1,41.50541,-81.66791,2025-08-24,13:30:00,0.545,Trim 27.1 from 2025-07-01 onward
27.1,27.1,41.50541,-81.66791,2025-08-24,14:00:00,1.995,Trim 27.1 from 2025-07-01 onward
27.1,27.1,41.50541,-81.66791,2025-08-24,14:30:00,0.561,Trim 27.1 from 2025-07-01 onward
27.1,27.1,41.50541,-81.66791,2025-08-24,15:00:00,18.154,Trim 27.1 from 2025-07-01 onward
27.1,27.1,41.50541,-81.66791,2025-08-24,15:30:00,2.495,Trim 27.1 from 2025-07-01 onward
27.1,27.1,41.50541,-81.66791,2025-08-24,16:00:00,2.001,Trim 27.1 from 2025-07-01 onward
27.1,27.1,41.50541,-81.66791,2025-08-24,16:30:00,0.566,Trim 27.1 from 2025-07-01 onward
27.1,27.1,41.50541,-81.66791,2025-08-24,17:00:00,0.941,Trim 27.1 from 2025-07-01 onward
27.1,27.1,41.50541,-81.66791,2025-08-24,17:30:00,0.518,Trim 27.1 from 2025-07-01 onward
27.1,27.1,41.50541,-81.66791,2025-08-24,18:00:00,0.866,Trim 27.1 from 2025-07-01 onward
27.1,27.1,41.50541,-81.66791,2025-08-24,18:30:00,1.624,Trim 27.1 from 2025-07-01 onward
27.1,27.1,41.50541,-81.66791,2025-08-24,19:00:00,3.282,Trim 27.1 from 2025-07-01 onward
27.1,27.1,41.50541,-81.66791,2025-08-24,19:30:00,3.836,Trim 27.1 from 2025-07-01 onward
27.1,27.1,41.50541,-81.66791,2025-08-24,20:00:00,1.396,Trim 27.1 from 2025-07-01 onward
27.1,27.1,41.50541,-81.66791,2025-08-24,20:30:00,6.799,Trim 27.1 from 2025-07-01 onward
27.1,27.1,41.50541,-81.66791,2025-08-24,21:00:00,4.273,Trim 27.1 from 2025-07-01 onward
27.1,27.1,41.50541,-81.66791,2025-08-24,21:30:00,0.523,Trim 27.1 from 2025-07-01 onward
27.1,27.1,41.50541,-81.66791,2025-08-24,22:00:00,0.52,Trim 27.1 from 2025-07-01 onward
27.1,27.1,41.50541,-81.66791,2025-08-24,22:30:00,7.185,Trim 27.1 from 2025-07-01 onward
27.1,27.1,41.50541,-81.66791,2025-08-24,23:00:00,1.51,Trim 27.1 from 2025-07-01 onward
27.1,27.1,41.50541,-81.66791,2025-08-24,23:30:00,1.054,Trim 27.1 from 2025-07-01 onward
27.1,27.1,41.50541,-81.66791,2025-08-25,00:00:00,1.043,Trim 27.1 from 2025-07-01 onward
27.1,27.1,41.50541,-81.66791,2025-08-25,00:30:00,2.626,Trim 27.1 from 2025-07-01 onward
27.1,27.1,41.50541,-81.66791,2025-08-25,01:00:00,1.475,Trim 27.1 from 2025-07-01 onward
27.1,27.1,41.50541,-81.66791,2025-08-25,01:30:00,2.622,Trim 27.1 from 2025-07-01 onward
27.1,27.1,41.50541,-81.66791,2025-08-25,02:00:00,2.622,Trim 27.1 from 2025-07-01 onward
27.1,27.1,41.50541,-81.66791,2025-08-25,02:30:00,1.036,Trim 27.1 from 2025-07-01 onward
27.1,27.1,41.50541,-81.66791,2025-08-25,03:00:00,2.262,Trim 27.1 from 2025-07-01 onward
27.1,27.1,41.50541,-81.66791,2025-08-25,03:30:00,6.409,Trim 27.1 from 2025-07-01 onward
27.1,27.1,41.50541,-81.66791,2025-08-25,04:00:00,2.058,Trim 27.1 from 2025-07-01 onward
27.1,27.1,41.50541,-81.66791,2025-08-25,04:30:00,0.996,Trim 27.1 from 2025-07-01 onward
27.1,27.1,41.50541,-81.66791,2025-08-25,05:00:00,1.626,Trim 27.1 from 2025-07-01 onward
27.1,27.1,41.50541,-81.66791,2025-08-25,05:30:00,0.524,Trim 27.1 from 2025-07-01 onward
27.1,27.1,41.50541,-81.66791,2025-08-25,06:00:00,1.73,Trim 27.1 from 2025-07-01 onward
27.1,27.1,41.50541,-81.66791,2025-08-25,06:30:00,8.474,Trim 27.1 from 2025-07-01 onward
27.1,27.1,41.50541,-81.66791,2025-08-25,07:00:00,2.076,Trim 27.1 from 2025-07-01 onward
27.1,27.1,41.50541,-81.66791,2025-08-25,07:30:00,1.63,Trim 27.1 from 2025-07-01 onward
27.1,27.1,41.50541,-81.66791,2025-08-25,08:00:00,2.754,Trim 27.1 from 2025-07-01 onward
27.1,27.1,41.50541,-81.66791,2025-08-25,08:30:00,11.116,Trim 27.1 from 2025-07-01 onward
27.1,27.1,41.50541,-81.66791,2025-08-25,09:00:00,10.976,Trim 27.1 from 2025-07-01 onward
27.1,27.1,41.50541,-81.66791,2025-08-25,09:30:00,63.904,Trim 27.1 from 2025-07-01 onward
27.1,27.1,41.50541,-81.66791,2025-08-25,10:00:00,88.334,Trim 27.1 from 2025-07-01 onward
27.1,27.1,41.50541,-81.66791,2025-08-25,11:00:00,80.734,Trim 27.1 from 2025-07-01 onward
27.1,27.1,41.50541,-81.66791,2025-08-25,12:00:00,81.539,Trim 27.1 from 2025-07-01 onward
27.1,27.1,41.50541,-81.66791,2025-08-25,12:30:00,187.393,Trim 27.1 from 2025-07-01 onward
27.1,27.1,41.50541,-81.66791,2025-08-25,13:00:00,2.452,Trim 27.1 from 2025-07-01 onward
27.1,27.1,41.50541,-81.66791,2025-08-25,13:30:00,54.569,Trim 27.1 from 2025-07-01 onward
27.1,27.1,41.50541,-81.66791,2025-08-25,14:30:00,19.44,Trim 27.1 from 2025-07-01 onward
27.1,27.1,41.50541,-81.66791,2025-08-25,15:00:00,48.224,Trim 27.1 from 2025-07-01 onward
27.1,27.1,41.50541,-81.66791,2025-08-25,15:30:00,169.525,Trim 27.1 from 2025-07-01 onward
27.1,27.1,41.50541,-81.66791,2025-08-25,16:30:00,2.161,Trim 27.1 from 2025-07-01 onward
27.1,27.1,41.50541,-81.66791,2025-08-25,17:00:00,2.282,Trim 27.1 from 2025-07-01 onward
27.1,27.1,41.50541,-81.66791,2025-08-25,17:30:00,36.565,Trim 27.1 from 2025-07-01 onward
27.1,27.1,41.50541,-81.66791,2025-08-25,18:00:00,0,Trim 27.1 from 2025-07-01 onward
27.1,27.1,41.50541,-81.66791,2025-08-25,18:30:00,2.932,Trim 27.1 from 2025-07-01 onward
27.1,27.1,41.50541,-81.66791,2025-08-25,19:00:00,0.566,Trim 27.1 from 2025-07-01 onward
27.1,27.1,41.50541,-81.66791,2025-08-25,19:30:00,1.48,Trim 27.1 from 2025-07-01 onward
27.1,27.1,41.50541,-81.66791,2025-08-25,20:00:00,0.519,Trim 27.1 from 2025-07-01 onward
27.1,27.1,41.50541,-81.66791,2025-08-25,20:30:00,2.015,Trim 27.1 from 2025-07-01 onward
27.1,27.1,41.50541,-81.66791,2025-08-25,21:00:00,1.798,Trim 27.1 from 2025-07-01 onward
27.1,27.1,41.50541,-81.66791,2025-08-25,21:30:00,9.327,Trim 27.1 from 2025-07-01 onward
27.1,27.1,41.50541,-81.66791,2025-08-25,22:00:00,0.512,Trim 27.1 from 2025-07-01 onward
27.1,27.1,41.50541,-81.66791,2025-08-25,22:30:00,0.482,Trim 27.1 from 2025-07-01 onward
27.1,27.1,41.50541,-81.66791,2025-08-25,23:00:00,1.04,Trim 27.1 from 2025-07-01 onward
27.1,27.1,41.50541,-81.66791,2025-08-25,23:30:00,1.431,Trim 27.1 from 2025-07-01 onward
27.1,27.1,41.50541,-81.66791,2025-08-26,00:00:00,43.986,Trim 27.1 from 2025-07-01 onward
27.1,27.1,41.50541,-81.66791,2025-08-26,00:30:00,7.778,Trim 27.1 from 2025-07-01 onward
27.1,27.1,41.50541,-81.66791,2025-08-26,01:00:00,14.404,Trim 27.1 from 2025-07-01 onward
27.1,27.1,41.50541,-81.66791,2025-08-26,01:30:00,153.455,Trim 27.1 from 2025-07-01 onward
27.1,27.1,41.50541,-81.66791,2025-08-26,02:00:00,0.562,Trim 27.1 from 2025-07-01 onward
27.1,27.1,41.50541,-81.66791,2025-08-26,02:30:00,6.619,Trim 27.1 from 2025-07-01 onward
27.1,27.1,41.50541,-81.66791,2025-08-26,03:00:00,129.798,Trim 27.1 from 2025-07-01 onward
27.1,27.1,41.50541,-81.66791,2025-08-26,03:30:00,13.853,Trim 27.1 from 2025-07-01 onward
27.1,27.1,41.50541,-81.66791,2025-08-26,04:00:00,21.251,Trim 27.1 from 2025-07-01 onward
27.1,27.1,41.50541,-81.66791,2025-08-26,04:30:00,16.311,Trim 27.1 from 2025-07-01 onward
27.1,27.1,41.50541,-81.66791,2025-08-26,05:00:00,84.501,Trim 27.1 from 2025-07-01 onward
27.1,27.1,41.50541,-81.66791,2025-08-26,05:30:00,176.698,Trim 27.1 from 2025-07-01 onward
27.1,27.1,41.50541,-81.66791,2025-08-26,06:00:00,4.435,Trim 27.1 from 2025-07-01 onward
27.1,27.1,41.50541,-81.66791,2025-08-26,06:30:00,10.071,Trim 27.1 from 2025-07-01 onward
27.1,27.1,41.50541,-81.66791,2025-08-26,07:00:00,0.597,Trim 27.1 from 2025-07-01 onward
27.1,27.1,41.50541,-81.66791,2025-08-26,07:30:00,5.084,Trim 27.1 from 2025-07-01 onward
27.1,27.1,41.50541,-81.66791,2025-08-26,08:00:00,1.141,Trim 27.1 from 2025-07-01 onward
27.1,27.1,41.50541,-81.66791,2025-08-26,08:30:00,0.564,Trim 27.1 from 2025-07-01 onward
27.1,27.1,41.50541,-81.66791,2025-08-26,09:00:00,4.085,Trim 27.1 from 2025-07-01 onward
27.1,27.1,41.50541,-81.66791,2025-08-26,09:30:00,1.296,Trim 27.1 from 2025-07-01 onward
27.1,27.1,41.50541,-81.66791,2025-08-26,10:00:00,6.011,Trim 27.1 from 2025-07-01 onward
27.1,27.1,41.50541,-81.66791,2025-08-26,10:30:00,3.772,Trim 27.1 from 2025-07-01 onward
27.1,27.1,41.50541,-81.66791,2025-08-26,11:00:00,5.673,Trim 27.1 from 2025-07-01 onward
27.1,27.1,41.50541,-81.66791,2025-08-26,12:00:00,5.229,Trim 27.1 from 2025-07-01 onward
27.1,27.1,41.50541,-81.66791,2025-08-26,12:30:00,15.333,Trim 27.1 from 2025-07-01 onward
27.1,27.1,41.50541,-81.66791,2025-08-26,13:00:00,1.051,Trim 27.1 from 2025-07-01 onward
27.1,27.1,41.50541,-81.66791,2025-08-26,13:30:00,0.966,Trim 27.1 from 2025-07-01 onward
27.1,27.1,41.50541,-81.66791,2025-08-26,14:00:00,4.411,Trim 27.1 from 2025-07-01 onward
27.1,27.1,41.50541,-81.66791,2025-08-26,14:30:00,4.411,Trim 27.1 from 2025-07-01 onward
27.1,27.1,41.50541,-81.66791,2025-08-26,15:00:00,3.096,Trim 27.1 from 2025-07-01 onward
27.1,27.1,41.50541,-81.66791,2025-08-26,15:30:00,0.933,Trim 27.1 from 2025-07-01 onward
27.1,27.1,41.50541,-81.66791,2025-08-26,16:00:00,0.616,Trim 27.1 from 2025-07-01 onward
27.1,27.1,41.50541,-81.66791,2025-08-26,16:30:00,6.723,Trim 27.1 from 2025-07-01 onward
27.1,27.1,41.50541,-81.66791,2025-08-26,17:00:00,1.649,Trim 27.1 from 2025-07-01 onward
27.1,27.1,41.50541,-81.66791,2025-08-26,17:30:00,4.647,Trim 27.1 from 2025-07-01 onward
27.1,27.1,41.50541,-81.66791,2025-08-26,18:00:00,0.668,Trim 27.1 from 2025-07-01 onward
27.1,27.1,41.50541,-81.66791,2025-08-26,18:30:00,0.805,Trim 27.1 from 2025-07-01 onward
27.1,27.1,41.50541,-81.66791,2025-08-26,19:00:00,2.174,Trim 27.1 from 2025-07-01 onward
27.1,27.1,41.50541,-81.66791,2025-08-26,19:30:00,1.304,Trim 27.1 from 2025-07-01 onward
27.1,27.1,41.50541,-81.66791,2025-08-26,20:00:00,0.839,Trim 27.1 from 2025-07-01 onward
27.1,27.1,41.50541,-81.66791,2025-08-26,20:30:00,1.3,Trim 27.1 from 2025-07-01 onward
27.1,27.1,41.50541,-81.66791,2025-08-26,21:00:00,2.218,Trim 27.1 from 2025-07-01 onward
27.1,27.1,41.50541,-81.66791,2025-08-26,21:30:00,4.089,Trim 27.1 from 2025-07-01 onward
27.1,27.1,41.50541,-81.66791,2025-08-26,22:00:00,0.73,Trim 27.1 from 2025-07-01 onward
27.1,27.1,41.50541,-81.66791,2025-08-26,22:30:00,2.329,Trim 27.1 from 2025-07-01 onward
27.1,27.1,41.50541,-81.66791,2025-08-26,23:00:00,3.469,Trim 27.1 from 2025-07-01 onward
27.1,27.1,41.50541,-81.66791,2025-08-26,23:30:00,2.063,Trim 27.1 from 2025-07-01 onward
27.1,27.1,41.50541,-81.66791,2025-08-27,00:00:00,3.784,Trim 27.1 from 2025-07-01 onward
27.1,27.1,41.50541,-81.66791,2025-08-27,00:30:00,1.155,Trim 27.1 from 2025-07-01 onward
27.1,27.1,41.50541,-81.66791,2025-08-27,01:00:00,6.757,Trim 27.1 from 2025-07-01 onward
27.1,27.1,41.50541,-81.66791,2025-08-27,01:30:00,2.16,Trim 27.1 from 2025-07-01 onward
27.1,27.1,41.50541,-81.66791,2025-08-27,02:00:00,3.557,Trim 27.1 from 2025-07-01 onward
27.1,27.1,41.50541,-81.66791,2025-08-27,02:30:00,1.24,Trim 27.1 from 2025-07-01 onward
27.1,27.1,41.50541,-81.66791,2025-08-27,03:00:00,1.609,Trim 27.1 from 2025-07-01 onward
27.1,27.1,41.50541,-81.66791,2025-08-27,03:30:00,4.152,Trim 27.1 from 2025-07-01 onward
27.1,27.1,41.50541,-81.66791,2025-08-27,04:00:00,2.197,Trim 27.1 from 2025-07-01 onward
27.1,27.1,41.50541,-81.66791,2025-08-27,04:30:00,2.479,Trim 27.1 from 2025-07-01 onward
27.1,27.1,41.50541,-81.66791,2025-08-27,05:00:00,0.781,Trim 27.1 from 2025-07-01 onward
27.1,27.1,41.50541,-81.66791,2025-08-27,05:30:00,20.746,Trim 27.1 from 2025-07-01 onward
27.1,27.1,41.50541,-81.66791,2025-08-27,06:00:00,1.613,Trim 27.1 from 2025-07-01 onward
27.1,27.1,41.50541,-81.66791,2025-08-27,07:30:00,1.855,Trim 27.1 from 2025-07-01 onward
27.1,27.1,41.50541,-81.66791,2025-08-27,08:00:00,3.471,Trim 27.1 from 2025-07-01 onward
27.1,27.1,41.50541,-81.66791,2025-08-27,08:30:00,4.294,Trim 27.1 from 2025-07-01 onward
27.1,27.1,41.50541,-81.66791,2025-08-27,09:00:00,1.938,Trim 27.1 from 2025-07-01 onward
27.1,27.1,41.50541,-81.66791,2025-08-27,09:30:00,5.472,Trim 27.1 from 2025-07-01 onward
27.1,27.1,41.50541,-81.66791,2025-08-27,10:00:00,2.523,Trim 27.1 from 2025-07-01 onward
27.1,27.1,41.50541,-81.66791,2025-08-27,10:30:00,29.117,Trim 27.1 from 2025-07-01 onward
27.1,27.1,41.50541,-81.66791,2025-08-27,11:00:00,9.09,Trim 27.1 from 2025-07-01 onward
27.1,27.1,41.50541,-81.66791,2025-08-27,11:30:00,122.941,Trim 27.1 from 2025-07-01 onward
27.1,27.1,41.50541,-81.66791,2025-08-27,12:00:00,122.941,Trim 27.1 from 2025-07-01 onward
27.1,27.1,41.50541,-81.66791,2025-08-27,13:00:00,2.872,Trim 27.1 from 2025-07-01 onward
27.1,27.1,41.50541,-81.66791,2025-08-27,13:30:00,3.982,Trim 27.1 from 2025-07-01 onward
27.1,27.1,41.50541,-81.66791,2025-08-27,14:00:00,3.588,Trim 27.1 from 2025-07-01 onward
27.1,27.1,41.50541,-81.66791,2025-08-27,14:30:00,1.731,Trim 27.1 from 2025-07-01 onward
27.1,27.1,41.50541,-81.66791,2025-08-27,15:00:00,1.67,Trim 27.1 from 2025-07-01 onward
27.1,27.1,41.50541,-81.66791,2025-08-27,15:30:00,2.077,Trim 27.1 from 2025-07-01 onward
27.1,27.1,41.50541,-81.66791,2025-08-27,16:00:00,1.306,Trim 27.1 from 2025-07-01 onward
27.1,27.1,41.50541,-81.66791,2025-08-27,16:30:00,1.51,Trim 27.1 from 2025-07-01 onward
27.1,27.1,41.50541,-81.66791,2025-08-27,17:00:00,3.965,Trim 27.1 from 2025-07-01 onward
27.1,27.1,41.50541,-81.66791,2025-08-27,17:30:00,0.583,Trim 27.1 from 2025-07-01 onward
27.1,27.1,41.50541,-81.66791,2025-08-27,18:00:00,1.982,Trim 27.1 from 2025-07-01 onward
27.1,27.1,41.50541,-81.66791,2025-08-27,18:30:00,5.177,Trim 27.1 from 2025-07-01 onward
27.1,27.1,41.50541,-81.66791,2025-08-27,19:00:00,2.449,Trim 27.1 from 2025-07-01 onward
27.1,27.1,41.50541,-81.66791,2025-08-27,19:30:00,6.187,Trim 27.1 from 2025-07-01 onward
27.1,27.1,41.50541,-81.66791,2025-08-27,20:00:00,0.525,Trim 27.1 from 2025-07-01 onward
27.1,27.1,41.50541,-81.66791,2025-08-27,20:30:00,4.768,Trim 27.1 from 2025-07-01 onward
27.1,27.1,41.50541,-81.66791,2025-08-27,21:00:00,0.616,Trim 27.1 from 2025-07-01 onward
27.1,27.1,41.50541,-81.66791,2025-08-27,21:30:00,3.577,Trim 27.1 from 2025-07-01 onward
27.1,27.1,41.50541,-81.66791,2025-08-27,22:00:00,0.95,Trim 27.1 from 2025-07-01 onward
27.1,27.1,41.50541,-81.66791,2025-08-27,22:30:00,1.661,Trim 27.1 from 2025-07-01 onward
27.1,27.1,41.50541,-81.66791,2025-08-27,23:00:00,0.837,Trim 27.1 from 2025-07-01 onward
27.1,27.1,41.50541,-81.66791,2025-08-27,23:30:00,2.281,Trim 27.1 from 2025-07-01 onward
27.1,27.1,41.50541,-81.66791,2025-08-28,00:00:00,2.93,Trim 27.1 from 2025-07-01 onward
27.1,27.1,41.50541,-81.66791,2025-08-28,00:30:00,3.736,Trim 27.1 from 2025-07-01 onward
27.1,27.1,41.50541,-81.66791,2025-08-28,01:00:00,2.901,Trim 27.1 from 2025-07-01 onward
27.1,27.1,41.50541,-81.66791,2025-08-28,01:30:00,8.386,Trim 27.1 from 2025-07-01 onward
27.1,27.1,41.50541,-81.66791,2025-08-28,02:00:00,3.551,Trim 27.1 from 2025-07-01 onward
27.1,27.1,41.50541,-81.66791,2025-08-28,02:30:00,0.675,Trim 27.1 from 2025-07-01 onward
27.1,27.1,41.50541,-81.66791,2025-08-28,03:00:00,3.13,Trim 27.1 from 2025-07-01 onward
27.1,27.1,41.50541,-81.66791,2025-08-28,03:30:00,4.194,Trim 27.1 from 2025-07-01 onward
27.1,27.1,41.50541,-81.66791,2025-08-28,04:00:00,1.467,Trim 27.1 from 2025-07-01 onward
27.1,27.1,41.50541,-81.66791,2025-08-28,04:30:00,2.694,Trim 27.1 from 2025-07-01 onward
27.1,27.1,41.50541,-81.66791,2025-08-28,05:00:00,6.316,Trim 27.1 from 2025-07-01 onward
27.1,27.1,41.50541,-81.66791,2025-08-28,05:30:00,1.152,Trim 27.1 from 2025-07-01 onward
27.1,27.1,41.50541,-81.66791,2025-08-28,06:00:00,4.481,Trim 27.1 from 2025-07-01 onward
27.1,27.1,41.50541,-81.66791,2025-08-28,06:30:00,2.196,Trim 27.1 from 2025-07-01 onward
27.1,27.1,41.50541,-81.66791,2025-08-28,07:00:00,0.917,Trim 27.1 from 2025-07-01 onward
27.1,27.1,41.50541,-81.66791,2025-08-28,07:30:00,1.56,Trim 27.1 from 2025-07-01 onward
27.1,27.1,41.50541,-81.66791,2025-08-28,08:00:00,0.704,Trim 27.1 from 2025-07-01 onward
27.1,27.1,41.50541,-81.66791,2025-08-28,08:30:00,2.078,Trim 27.1 from 2025-07-01 onward
27.1,27.1,41.50541,-81.66791,2025-08-28,09:00:00,4.876,Trim 27.1 from 2025-07-01 onward
27.1,27.1,41.50541,-81.66791,2025-08-28,09:30:00,2.83,Trim 27.1 from 2025-07-01 onward
27.1,27.1,41.50541,-81.66791,2025-08-28,10:00:00,2.747,Trim 27.1 from 2025-07-01 onward
27.1,27.1,41.50541,-81.66791,2025-08-28,10:30:00,5.727,Trim 27.1 from 2025-07-01 onward
27.1,27.1,41.50541,-81.66791,2025-08-28,11:00:00,2.703,Trim 27.1 from 2025-07-01 onward
27.1,27.1,41.50541,-81.66791,2025-08-28,11:30:00,1.651,Trim 27.1 from 2025-07-01 onward
27.1,27.1,41.50541,-81.66791,2025-08-28,12:00:00,9.047,Trim 27.1 from 2025-07-01 onward
27.1,27.1,41.50541,-81.66791,2025-08-28,12:30:00,5.525,Trim 27.1 from 2025-07-01 onward
27.1,27.1,41.50541,-81.66791,2025-08-28,13:00:00,6.085,Trim 27.1 from 2025-07-01 onward
27.1,27.1,41.50541,-81.66791,2025-08-28,13:30:00,1.235,Trim 27.1 from 2025-07-01 onward
27.1,27.1,41.50541,-81.66791,2025-08-28,14:00:00,2.924,Trim 27.1 from 2025-07-01 onward
27.1,27.1,41.50541,-81.66791,2025-08-28,14:30:00,3.281,Trim 27.1 from 2025-07-01 onward
27.1,27.1,41.50541,-81.66791,2025-08-28,15:00:00,2.414,Trim 27.1 from 2025-07-01 onward
27.1,27.1,41.50541,-81.66791,2025-08-28,15:30:00,5.88,Trim 27.1 from 2025-07-01 onward
27.1,27.1,41.50541,-81.66791,2025-08-28,16:00:00,1.222,Trim 27.1 from 2025-07-01 onward
27.1,27.1,41.50541,-81.66791,2025-08-28,16:30:00,1.748,Trim 27.1 from 2025-07-01 onward
27.1,27.1,41.50541,-81.66791,2025-08-28,17:00:00,1.344,Trim 27.1 from 2025-07-01 onward
27.1,27.1,41.50541,-81.66791,2025-08-28,17:30:00,1.794,Trim 27.1 from 2025-07-01 onward
27.1,27.1,41.50541,-81.66791,2025-08-28,18:00:00,1.008,Trim 27.1 from 2025-07-01 onward
27.1,27.1,41.50541,-81.66791,2025-08-28,18:30:00,3.23,Trim 27.1 from 2025-07-01 onward
27.1,27.1,41.50541,-81.66791,2025-08-28,19:30:00,95.157,Trim 27.1 from 2025-07-01 onward
27.1,27.1,41.50541,-81.66791,2025-08-28,20:00:00,16.469,Trim 27.1 from 2025-07-01 onward
27.1,27.1,41.50541,-81.66791,2025-08-28,20:30:00,31.394,Trim 27.1 from 2025-07-01 onward
27.1,27.1,41.50541,-81.66791,2025-08-28,21:00:00,12.786,Trim 27.1 from 2025-07-01 onward
27.1,27.1,41.50541,-81.66791,2025-08-28,21:30:00,37.217,Trim 27.1 from 2025-07-01 onward
27.1,27.1,41.50541,-81.66791,2025-08-28,22:00:00,7.222,Trim 27.1 from 2025-07-01 onward
27.1,27.1,41.50541,-81.66791,2025-08-28,22:30:00,3.878,Trim 27.1 from 2025-07-01 onward
27.1,27.1,41.50541,-81.66791,2025-08-28,23:00:00,28.306,Trim 27.1 from 2025-07-01 onward
27.1,27.1,41.50541,-81.66791,2025-08-28,23:30:00,9.143,Trim 27.1 from 2025-07-01 onward
27.1,27.1,41.50541,-81.66791,2025-08-29,00:30:00,2.231,Trim 27.1 from 2025-07-01 onward
27.1,27.1,41.50541,-81.66791,2025-08-29,01:00:00,8.834,Trim 27.1 from 2025-07-01 onward
27.1,27.1,41.50541,-81.66791,2025-08-29,01:30:00,190.481,Trim 27.1 from 2025-07-01 onward
27.1,27.1,41.50541,-81.66791,2025-08-29,02:00:00,177.856,Trim 27.1 from 2025-07-01 onward
27.1,27.1,41.50541,-81.66791,2025-08-29,02:30:00,168.591,Trim 27.1 from 2025-07-01 onward
27.1,27.1,41.50541,-81.66791,2025-08-29,03:00:00,4.045,Trim 27.1 from 2025-07-01 onward
27.1,27.1,41.50541,-81.66791,2025-08-29,03:30:00,7.194,Trim 27.1 from 2025-07-01 onward
27.1,27.1,41.50541,-81.66791,2025-08-29,04:00:00,28.802,Trim 27.1 from 2025-07-01 onward
27.1,27.1,41.50541,-81.66791,2025-08-29,04:30:00,4.129,Trim 27.1 from 2025-07-01 onward
27.1,27.1,41.50541,-81.66791,2025-08-29,05:00:00,14.786,Trim 27.1 from 2025-07-01 onward
27.1,27.1,41.50541,-81.66791,2025-08-29,05:30:00,2.248,Trim 27.1 from 2025-07-01 onward
27.1,27.1,41.50541,-81.66791,2025-08-29,06:00:00,1.099,Trim 27.1 from 2025-07-01 onward
27.1,27.1,41.50541,-81.66791,2025-08-29,06:30:00,0.586,Trim 27.1 from 2025-07-01 onward
27.1,27.1,41.50541,-81.66791,2025-08-29,07:00:00,0.858,Trim 27.1 from 2025-07-01 onward
27.1,27.1,41.50541,-81.66791,2025-08-29,07:30:00,1.574,Trim 27.1 from 2025-07-01 onward
27.1,27.1,41.50541,-81.66791,2025-08-29,08:00:00,6.22,Trim 27.1 from 2025-07-01 onward
27.1,27.1,41.50541,-81.66791,2025-08-29,08:30:00,3.064,Trim 27.1 from 2025-07-01 onward
27.1,27.1,41.50541,-81.66791,2025-08-29,09:00:00,2.779,Trim 27.1 from 2025-07-01 onward
27.1,27.1,41.50541,-81.66791,2025-08-29,09:30:00,0.55,Trim 27.1 from 2025-07-01 onward
27.1,27.1,41.50541,-81.66791,2025-08-29,10:00:00,0.537,Trim 27.1 from 2025-07-01 onward
27.1,27.1,41.50541,-81.66791,2025-08-29,10:30:00,0.578,Trim 27.1 from 2025-07-01 onward
27.1,27.1,41.50541,-81.66791,2025-08-29,11:00:00,3.98,Trim 27.1 from 2025-07-01 onward
27.1,27.1,41.50541,-81.66791,2025-08-29,11:30:00,0.585,Trim 27.1 from 2025-07-01 onward
27.1,27.1,41.50541,-81.66791,2025-08-29,12:00:00,1.699,Trim 27.1 from 2025-07-01 onward
27.1,27.1,41.50541,-81.66791,2025-08-29,12:30:00,3.067,Trim 27.1 from 2025-07-01 onward
27.1,27.1,41.50541,-81.66791,2025-08-29,13:00:00,0.87,Trim 27.1 from 2025-07-01 onward
27.1,27.1,41.50541,-81.66791,2025-08-29,13:30:00,0.961,Trim 27.1 from 2025-07-01 onward
27.1,27.1,41.50541,-81.66791,2025-08-29,14:00:00,1.895,Trim 27.1 from 2025-07-01 onward
27.1,27.1,41.50541,-81.66791,2025-08-29,14:30:00,159.302,Trim 27.1 from 2025-07-01 onward
27.1,27.1,41.50541,-81.66791,2025-08-29,15:00:00,1.041,Trim 27.1 from 2025-07-01 onward
27.1,27.1,41.50541,-81.66791,2025-08-29,15:30:00,3.217,Trim 27.1 from 2025-07-01 onward
27.1,27.1,41.50541,-81.66791,2025-08-29,16:00:00,1.123,Trim 27.1 from 2025-07-01 onward
27.1,27.1,41.50541,-81.66791,2025-08-29,16:30:00,0.634,Trim 27.1 from 2025-07-01 onward
27.1,27.1,41.50541,-81.66791,2025-08-29,17:00:00,1.09,Trim 27.1 from 2025-07-01 onward
27.1,27.1,41.50541,-81.66791,2025-08-29,17:30:00,0.581,Trim 27.1 from 2025-07-01 onward
27.1,27.1,41.50541,-81.66791,2025-08-29,18:00:00,1.115,Trim 27.1 from 2025-07-01 onward
27.1,27.1,41.50541,-81.66791,2025-08-29,18:30:00,1.226,Trim 27.1 from 2025-07-01 onward
27.1,27.1,41.50541,-81.66791,2025-08-29,19:00:00,2.431,Trim 27.1 from 2025-07-01 onward
27.1,27.1,41.50541,-81.66791,2025-08-29,19:30:00,0.588,Trim 27.1 from 2025-07-01 onward
27.1,27.1,41.50541,-81.66791,2025-08-29,20:00:00,1.349,Trim 27.1 from 2025-07-01 onward
27.1,27.1,41.50541,-81.66791,2025-08-29,20:30:00,1.539,Trim 27.1 from 2025-07-01 onward
27.1,27.1,41.50541,-81.66791,2025-08-29,21:00:00,1.079,Trim 27.1 from 2025-07-01 onward
27.1,27.1,41.50541,-81.66791,2025-08-29,21:30:00,1.526,Trim 27.1 from 2025-07-01 onward
27.1,27.1,41.50541,-81.66791,2025-08-29,22:00:00,1.964,Trim 27.1 from 2025-07-01 onward
27.1,27.1,41.50541,-81.66791,2025-08-29,22:30:00,1.085,Trim 27.1 from 2025-07-01 onward
27.1,27.1,41.50541,-81.66791,2025-08-29,23:00:00,3.369,Trim 27.1 from 2025-07-01 onward
27.1,27.1,41.50541,-81.66791,2025-08-29,23:30:00,1.12,Trim 27.1 from 2025-07-01 onward
27.1,27.1,41.50541,-81.66791,2025-08-30,00:00:00,1.484,Trim 27.1 from 2025-07-01 onward
27.1,27.1,41.50541,-81.66791,2025-08-30,00:30:00,3.157,Trim 27.1 from 2025-07-01 onward
27.1,27.1,41.50541,-81.66791,2025-08-30,01:00:00,8.24,Trim 27.1 from 2025-07-01 onward
27.1,27.1,41.50541,-81.66791,2025-08-30,01:30:00,1.084,Trim 27.1 from 2025-07-01 onward
27.1,27.1,41.50541,-81.66791,2025-08-30,02:00:00,0.762,Trim 27.1 from 2025-07-01 onward
27.1,27.1,41.50541,-81.66791,2025-08-30,02:30:00,0.943,Trim 27.1 from 2025-07-01 onward
27.1,27.1,41.50541,-81.66791,2025-08-30,03:00:00,0.894,Trim 27.1 from 2025-07-01 onward
27.1,27.1,41.50541,-81.66791,2025-08-30,03:30:00,1.592,Trim 27.1 from 2025-07-01 onward
27.1,27.1,41.50541,-81.66791,2025-08-30,04:00:00,0.542,Trim 27.1 from 2025-07-01 onward
27.1,27.1,41.50541,-81.66791,2025-08-30,04:30:00,1.539,Trim 27.1 from 2025-07-01 onward
27.1,27.1,41.50541,-81.66791,2025-08-30,05:00:00,1.328,Trim 27.1 from 2025-07-01 onward
27.1,27.1,41.50541,-81.66791,2025-08-30,05:30:00,1.076,Trim 27.1 from 2025-07-01 onward
27.1,27.1,41.50541,-81.66791,2025-08-30,06:00:00,1.828,Trim 27.1 from 2025-07-01 onward
27.1,27.1,41.50541,-81.66791,2025-08-30,06:30:00,1.601,Trim 27.1 from 2025-07-01 onward
27.1,27.1,41.50541,-81.66791,2025-08-30,07:00:00,2.348,Trim 27.1 from 2025-07-01 onward
27.1,27.1,41.50541,-81.66791,2025-08-30,07:30:00,2.557,Trim 27.1 from 2025-07-01 onward
27.1,27.1,41.50541,-81.66791,2025-08-30,08:00:00,4.194,Trim 27.1 from 2025-07-01 onward
27.1,27.1,41.50541,-81.66791,2025-08-30,08:30:00,4.158,Trim 27.1 from 2025-07-01 onward
27.1,27.1,41.50541,-81.66791,2025-08-30,09:00:00,1.119,Trim 27.1 from 2025-07-01 onward
27.1,27.1,41.50541,-81.66791,2025-08-30,09:30:00,1.7,Trim 27.1 from 2025-07-01 onward
27.1,27.1,41.50541,-81.66791,2025-08-30,10:00:00,25.422,Trim 27.1 from 2025-07-01 onward
27.1,27.1,41.50541,-81.66791,2025-08-30,10:30:00,23.254,Trim 27.1 from 2025-07-01 onward
27.1,27.1,41.50541,-81.66791,2025-08-30,11:00:00,5.726,Trim 27.1 from 2025-07-01 onward
27.1,27.1,41.50541,-81.66791,2025-08-30,11:30:00,11.464,Trim 27.1 from 2025-07-01 onward
27.1,27.1,41.50541,-81.66791,2025-08-30,12:00:00,8.761,Trim 27.1 from 2025-07-01 onward
27.1,27.1,41.50541,-81.66791,2025-08-30,12:30:00,14.435,Trim 27.1 from 2025-07-01 onward
27.1,27.1,41.50541,-81.66791,2025-08-30,13:00:00,10.752,Trim 27.1 from 2025-07-01 onward
27.1,27.1,41.50541,-81.66791,2025-08-30,13:30:00,3.696,Trim 27.1 from 2025-07-01 onward
27.1,27.1,41.50541,-81.66791,2025-08-30,14:00:00,3.134,Trim 27.1 from 2025-07-01 onward
27.1,27.1,41.50541,-81.66791,2025-08-30,14:30:00,2.361,Trim 27.1 from 2025-07-01 onward
27.1,27.1,41.50541,-81.66791,2025-08-30,15:00:00,0.547,Trim 27.1 from 2025-07-01 onward
27.1,27.1,41.50541,-81.66791,2025-08-30,15:30:00,1.671,Trim 27.1 from 2025-07-01 onward
27.1,27.1,41.50541,-81.66791,2025-08-30,16:00:00,0.524,Trim 27.1 from 2025-07-01 onward
27.1,27.1,41.50541,-81.66791,2025-08-30,16:30:00,2.426,Trim 27.1 from 2025-07-01 onward
27.1,27.1,41.50541,-81.66791,2025-08-30,17:00:00,2.232,Trim 27.1 from 2025-07-01 onward
27.1,27.1,41.50541,-81.66791,2025-08-30,17:30:00,34.834,Trim 27.1 from 2025-07-01 onward
27.1,27.1,41.50541,-81.66791,2025-08-30,18:00:00,1.074,Trim 27.1 from 2025-07-01 onward
27.1,27.1,41.50541,-81.66791,2025-08-30,18:30:00,1.604,Trim 27.1 from 2025-07-01 onward
27.1,27.1,41.50541,-81.66791,2025-08-30,19:00:00,0.559,Trim 27.1 from 2025-07-01 onward
27.1,27.1,41.50541,-81.66791,2025-08-30,20:00:00,4.792,Trim 27.1 from 2025-07-01 onward
27.1,27.1,41.50541,-81.66791,2025-08-30,20:30:00,1.699,Trim 27.1 from 2025-07-01 onward
27.1,27.1,41.50541,-81.66791,2025-08-30,21:00:00,9.463,Trim 27.1 from 2025-07-01 onward
27.1,27.1,41.50541,-81.66791,2025-08-30,21:30:00,1.736,Trim 27.1 from 2025-07-01 onward
27.1,27.1,41.50541,-81.66791,2025-08-30,22:00:00,5.659,Trim 27.1 from 2025-07-01 onward
27.1,27.1,41.50541,-81.66791,2025-08-30,22:30:00,2.221,Trim 27.1 from 2025-07-01 onward
27.1,27.1,41.50541,-81.66791,2025-08-30,23:00:00,1.521,Trim 27.1 from 2025-07-01 onward
27.1,27.1,41.50541,-81.66791,2025-08-30,23:30:00,2.911,Trim 27.1 from 2025-07-01 onward
27.1,27.1,41.50541,-81.66791,2025-08-31,00:00:00,0.87,Trim 27.1 from 2025-07-01 onward
27.1,27.1,41.50541,-81.66791,2025-08-31,00:30:00,2.034,Trim 27.1 from 2025-07-01 onward
27.1,27.1,41.50541,-81.66791,2025-08-31,01:00:00,0.61,Trim 27.1 from 2025-07-01 onward
27.1,27.1,41.50541,-81.66791,2025-08-31,01:30:00,3.033,Trim 27.1 from 2025-07-01 onward
27.1,27.1,41.50541,-81.66791,2025-08-31,02:00:00,2.967,Trim 27.1 from 2025-07-01 onward
27.1,27.1,41.50541,-81.66791,2025-08-31,02:30:00,0.662,Trim 27.1 from 2025-07-01 onward
27.1,27.1,41.50541,-81.66791,2025-08-31,03:00:00,17.427,Trim 27.1 from 2025-07-01 onward
27.1,27.1,41.50541,-81.66791,2025-08-31,03:30:00,2.577,Trim 27.1 from 2025-07-01 onward
27.1,27.1,41.50541,-81.66791,2025-08-31,04:00:00,7.591,Trim 27.1 from 2025-07-01 onward
27.1,27.1,41.50541,-81.66791,2025-08-31,04:30:00,2.437,Trim 27.1 from 2025-07-01 onward
27.1,27.1,41.50541,-81.66791,2025-08-31,05:00:00,4.305,Trim 27.1 from 2025-07-01 onward
27.1,27.1,41.50541,-81.66791,2025-08-31,05:30:00,25.864,Trim 27.1 from 2025-07-01 onward
27.1,27.1,41.50541,-81.66791,2025-08-31,06:00:00,199.93,Trim 27.1 from 2025-07-01 onward
27.1,27.1,41.50541,-81.66791,2025-08-31,06:30:00,5.223,Trim 27.1 from 2025-07-01 onward
27.1,27.1,41.50541,-81.66791,2025-08-31,07:00:00,5.58,Trim 27.1 from 2025-07-01 onward
27.1,27.1,41.50541,-81.66791,2025-08-31,07:30:00,5.973,Trim 27.1 from 2025-07-01 onward
27.1,27.1,41.50541,-81.66791,2025-08-31,08:00:00,5.199,Trim 27.1 from 2025-07-01 onward
27.1,27.1,41.50541,-81.66791,2025-08-31,08:30:00,3.585,Trim 27.1 from 2025-07-01 onward
27.1,27.1,41.50541,-81.66791,2025-08-31,09:00:00,9.051,Trim 27.1 from 2025-07-01 onward
27.1,27.1,41.50541,-81.66791,2025-08-31,09:30:00,9.051,Trim 27.1 from 2025-07-01 onward
27.1,27.1,41.50541,-81.66791,2025-08-31,10:00:00,1.926,Trim 27.1 from 2025-07-01 onward
27.1,27.1,41.50541,-81.66791,2025-08-31,10:30:00,2.066,Trim 27.1 from 2025-07-01 onward
27.1,27.1,41.50541,-81.66791,2025-08-31,11:00:00,6.454,Trim 27.1 from 2025-07-01 onward
27.1,27.1,41.50541,-81.66791,2025-08-31,11:30:00,4.778,Trim 27.1 from 2025-07-01 onward
27.1,27.1,41.50541,-81.66791,2025-08-31,12:00:00,3.684,Trim 27.1 from 2025-07-01 onward
27.1,27.1,41.50541,-81.66791,2025-08-31,12:30:00,4.023,Trim 27.1 from 2025-07-01 onward
27.1,27.1,41.50541,-81.66791,2025-08-31,13:00:00,2.267,Trim 27.1 from 2025-07-01 onward
27.1,27.1,41.50541,-81.66791,2025-08-31,13:30:00,3.251,Trim 27.1 from 2025-07-01 onward
27.1,27.1,41.50541,-81.66791,2025-08-31,14:00:00,1.544,Trim 27.1 from 2025-07-01 onward
27.1,27.1,41.50541,-81.66791,2025-08-31,14:30:00,1.15,Trim 27.1 from 2025-07-01 onward
27.1,27.1,41.50541,-81.66791,2025-08-31,15:00:00,2.532,Trim 27.1 from 2025-07-01 onward
27.1,27.1,41.50541,-81.66791,2025-08-31,15:30:00,3.275,Trim 27.1 from 2025-07-01 onward
27.1,27.1,41.50541,-81.66791,2025-08-31,16:00:00,1.109,Trim 27.1 from 2025-07-01 onward
27.1,27.1,41.50541,-81.66791,2025-08-31,16:30:00,1.389,Trim 27.1 from 2025-07-01 onward
27.1,27.1,41.50541,-81.66791,2025-08-31,17:00:00,1.171,Trim 27.1 from 2025-07-01 onward
27.1,27.1,41.50541,-81.66791,2025-08-31,17:30:00,1.128,Trim 27.1 from 2025-07-01 onward
27.1,27.1,41.50541,-81.66791,2025-08-31,18:00:00,2.806,Trim 27.1 from 2025-07-01 onward
27.1,27.1,41.50541,-81.66791,2025-08-31,18:30:00,0.794,Trim 27.1 from 2025-07-01 onward
27.1,27.1,41.50541,-81.66791,2025-08-31,19:00:00,1.723,Trim 27.1 from 2025-07-01 onward
27.1,27.1,41.50541,-81.66791,2025-08-31,19:30:00,2.385,Trim 27.1 from 2025-07-01 onward
27.1,27.1,41.50541,-81.66791,2025-08-31,20:00:00,1.666,Trim 27.1 from 2025-07-01 onward
27.1,27.1,41.50541,-81.66791,2025-08-31,20:30:00,2.288,Trim 27.1 from 2025-07-01 onward
27.1,27.1,41.50541,-81.66791,2025-08-31,21:00:00,4.999,Trim 27.1 from 2025-07-01 onward
27.1,27.1,41.50541,-81.66791,2025-08-31,21:30:00,4.999,Trim 27.1 from 2025-07-01 onward
27.1,27.1,41.50541,-81.66791,2025-08-31,22:00:00,3.037,Trim 27.1 from 2025-07-01 onward
27.1,27.1,41.50541,-81.66791,2025-08-31,22:30:00,3.182,Trim 27.1 from 2025-07-01 onward
27.1,27.1,41.50541,-81.66791,2025-08-31,23:00:00,36.261,Trim 27.1 from 2025-07-01 onward
27.1,27.1,41.50541,-81.66791,2025-08-31,23:30:00,2.797,Trim 27.1 from 2025-07-01 onward
27.1,27.1,41.50541,-81.66791,2025-09-01,00:00:00,4.317,Trim 27.1 from 2025-07-01 onward
27.1,27.1,41.50541,-81.66791,2025-09-01,01:00:00,2.783,Trim 27.1 from 2025-07-01 onward
27.1,27.1,41.50541,-81.66791,2025-09-01,01:30:00,6.263,Trim 27.1 from 2025-07-01 onward
27.1,27.1,41.50541,-81.66791,2025-09-01,02:00:00,4.951,Trim 27.1 from 2025-07-01 onward
27.1,27.1,41.50541,-81.66791,2025-09-01,02:30:00,3.169,Trim 27.1 from 2025-07-01 onward
27.1,27.1,41.50541,-81.66791,2025-09-01,03:00:00,4.658,Trim 27.1 from 2025-07-01 onward
27.1,27.1,41.50541,-81.66791,2025-09-01,03:30:00,6.725,Trim 27.1 from 2025-07-01 onward
27.1,27.1,41.50541,-81.66791,2025-09-01,04:00:00,2.027,Trim 27.1 from 2025-07-01 onward
27.1,27.1,41.50541,-81.66791,2025-09-01,04:30:00,5.346,Trim 27.1 from 2025-07-01 onward
27.1,27.1,41.50541,-81.66791,2025-09-01,05:00:00,1.596,Trim 27.1 from 2025-07-01 onward
27.1,27.1,41.50541,-81.66791,2025-09-01,05:30:00,1.223,Trim 27.1 from 2025-07-01 onward
27.1,27.1,41.50541,-81.66791,2025-09-01,06:00:00,3.753,Trim 27.1 from 2025-07-01 onward
27.1,27.1,41.50541,-81.66791,2025-09-01,06:30:00,3.819,Trim 27.1 from 2025-07-01 onward
27.1,27.1,41.50541,-81.66791,2025-09-01,07:00:00,1.21,Trim 27.1 from 2025-07-01 onward
27.1,27.1,41.50541,-81.66791,2025-09-01,07:30:00,3.803,Trim 27.1 from 2025-07-01 onward
27.1,27.1,41.50541,-81.66791,2025-09-01,08:00:00,6.087,Trim 27.1 from 2025-07-01 onward
27.1,27.1,41.50541,-81.66791,2025-09-01,08:30:00,6.698,Trim 27.1 from 2025-07-01 onward
27.1,27.1,41.50541,-81.66791,2025-09-01,09:00:00,2.086,Trim 27.1 from 2025-07-01 onward
27.1,27.1,41.50541,-81.66791,2025-09-01,09:30:00,1.24,Trim 27.1 from 2025-07-01 onward
27.1,27.1,41.50541,-81.66791,2025-09-01,10:00:00,1.955,Trim 27.1 from 2025-07-01 onward
27.1,27.1,41.50541,-81.66791,2025-09-01,10:30:00,6.429,Trim 27.1 from 2025-07-01 onward
27.1,27.1,41.50541,-81.66791,2025-09-01,11:00:00,2.369,Trim 27.1 from 2025-07-01 onward
27.1,27.1,41.50541,-81.66791,2025-09-01,11:30:00,2.06,Trim 27.1 from 2025-07-01 onward
27.1,27.1,41.50541,-81.66791,2025-09-01,12:00:00,2.737,Trim 27.1 from 2025-07-01 onward
27.1,27.1,41.50541,-81.66791,2025-09-01,12:30:00,2.073,Trim 27.1 from 2025-07-01 onward
27.1,27.1,41.50541,-81.66791,2025-09-01,13:00:00,3.089,Trim 27.1 from 2025-07-01 onward
27.1,27.1,41.50541,-81.66791,2025-09-01,13:30:00,2.308,Trim 27.1 from 2025-07-01 onward
27.1,27.1,41.50541,-81.66791,2025-09-01,14:00:00,2.503,Trim 27.1 from 2025-07-01 onward
27.1,27.1,41.50541,-81.66791,2025-09-01,14:30:00,2.209,Trim 27.1 from 2025-07-01 onward
27.1,27.1,41.50541,-81.66791,2025-09-01,15:30:00,0.706,Trim 27.1 from 2025-07-01 onward
27.1,27.1,41.50541,-81.66791,2025-09-01,16:00:00,1.484,Trim 27.1 from 2025-07-01 onward
27.1,27.1,41.50541,-81.66791,2025-09-01,16:30:00,2.239,Trim 27.1 from 2025-07-01 onward
27.1,27.1,41.50541,-81.66791,2025-09-01,17:00:00,2.024,Trim 27.1 from 2025-07-01 onward
27.1,27.1,41.50541,-81.66791,2025-09-01,17:30:00,0.958,Trim 27.1 from 2025-07-01 onward
27.1,27.1,41.50541,-81.66791,2025-09-01,18:00:00,1.667,Trim 27.1 from 2025-07-01 onward
27.1,27.1,41.50541,-81.66791,2025-09-01,18:30:00,2.132,Trim 27.1 from 2025-07-01 onward
27.1,27.1,41.50541,-81.66791,2025-09-01,19:00:00,0.906,Trim 27.1 from 2025-07-01 onward
27.1,27.1,41.50541,-81.66791,2025-09-01,19:30:00,1.197,Trim 27.1 from 2025-07-01 onward
27.1,27.1,41.50541,-81.66791,2025-09-01,20:00:00,6.07,Trim 27.1 from 2025-07-01 onward
27.1,27.1,41.50541,-81.66791,2025-09-01,20:30:00,1.058,Trim 27.1 from 2025-07-01 onward
27.1,27.1,41.50541,-81.66791,2025-09-01,21:00:00,2.131,Trim 27.1 from 2025-07-01 onward
27.1,27.1,41.50541,-81.66791,2025-09-01,21:30:00,1.339,Trim 27.1 from 2025-07-01 onward
27.1,27.1,41.50541,-81.66791,2025-09-01,22:00:00,3.742,Trim 27.1 from 2025-07-01 onward
27.1,27.1,41.50541,-81.66791,2025-09-01,22:30:00,3.325,Trim 27.1 from 2025-07-01 onward
27.1,27.1,41.50541,-81.66791,2025-09-01,23:00:00,3.745,Trim 27.1 from 2025-07-01 onward
27.1,27.1,41.50541,-81.66791,2025-09-01,23:30:00,2.647,Trim 27.1 from 2025-07-01 onward
27.1,27.1,41.50541,-81.66791,2025-09-02,00:00:00,1.581,Trim 27.1 from 2025-07-01 onward
27.1,27.1,41.50541,-81.66791,2025-09-02,00:30:00,1.731,Trim 27.1 from 2025-07-01 onward
27.1,27.1,41.50541,-81.66791,2025-09-02,01:00:00,3.571,Trim 27.1 from 2025-07-01 onward
27.1,27.1,41.50541,-81.66791,2025-09-02,01:30:00,2.131,Trim 27.1 from 2025-07-01 onward
27.1,27.1,41.50541,-81.66791,2025-09-02,02:00:00,1.396,Trim 27.1 from 2025-07-01 onward
27.1,27.1,41.50541,-81.66791,2025-09-02,02:30:00,1.594,Trim 27.1 from 2025-07-01 onward
27.1,27.1,41.50541,-81.66791,2025-09-02,03:00:00,1.184,Trim 27.1 from 2025-07-01 onward
27.1,27.1,41.50541,-81.66791,2025-09-02,03:30:00,1.166,Trim 27.1 from 2025-07-01 onward
27.1,27.1,41.50541,-81.66791,2025-09-02,04:00:00,0.685,Trim 27.1 from 2025-07-01 onward
27.1,27.1,41.50541,-81.66791,2025-09-02,04:30:00,6.321,Trim 27.1 from 2025-07-01 onward
27.1,27.1,41.50541,-81.66791,2025-09-02,05:00:00,3.41,Trim 27.1 from 2025-07-01 onward
27.1,27.1,41.50541,-81.66791,2025-09-02,05:30:00,2.215,Trim 27.1 from 2025-07-01 onward
27.1,27.1,41.50541,-81.66791,2025-09-02,06:00:00,1.137,Trim 27.1 from 2025-07-01 onward
27.1,27.1,41.50541,-81.66791,2025-09-02,06:30:00,2.248,Trim 27.1 from 2025-07-01 onward
27.1,27.1,41.50541,-81.66791,2025-09-02,07:00:00,2.325,Trim 27.1 from 2025-07-01 onward
27.1,27.1,41.50541,-81.66791,2025-09-02,07:30:00,1.725,Trim 27.1 from 2025-07-01 onward
27.1,27.1,41.50541,-81.66791,2025-09-02,08:00:00,1.233,Trim 27.1 from 2025-07-01 onward
27.1,27.1,41.50541,-81.66791,2025-09-02,08:30:00,1.991,Trim 27.1 from 2025-07-01 onward
27.1,27.1,41.50541,-81.66791,2025-09-02,09:00:00,2.132,Trim 27.1 from 2025-07-01 onward
27.1,27.1,41.50541,-81.66791,2025-09-02,09:30:00,2.073,Trim 27.1 from 2025-07-01 onward
27.1,27.1,41.50541,-81.66791,2025-09-02,10:00:00,2.376,Trim 27.1 from 2025-07-01 onward
27.1,27.1,41.50541,-81.66791,2025-09-02,10:30:00,3.416,Trim 27.1 from 2025-07-01 onward
27.1,27.1,41.50541,-81.66791,2025-09-02,11:00:00,6.126,Trim 27.1 from 2025-07-01 onward
27.1,27.1,41.50541,-81.66791,2025-09-02,11:30:00,10.042,Trim 27.1 from 2025-07-01 onward
27.1,27.1,41.50541,-81.66791,2025-09-02,12:00:00,41.319,Trim 27.1 from 2025-07-01 onward
27.1,27.1,41.50541,-81.66791,2025-09-02,12:30:00,70.043,Trim 27.1 from 2025-07-01 onward
27.1,27.1,41.50541,-81.66791,2025-09-02,13:00:00,2.716,Trim 27.1 from 2025-07-01 onward
27.1,27.1,41.50541,-81.66791,2025-09-02,13:30:00,2.052,Trim 27.1 from 2025-07-01 onward
27.1,27.1,41.50541,-81.66791,2025-09-02,14:30:00,1.267,Trim 27.1 from 2025-07-01 onward
27.1,27.1,41.50541,-81.66791,2025-09-02,15:00:00,4.087,Trim 27.1 from 2025-07-01 onward
27.1,27.1,41.50541,-81.66791,2025-09-02,15:30:00,4.699,Trim 27.1 from 2025-07-01 onward
27.1,27.1,41.50541,-81.66791,2025-09-02,16:00:00,2.881,Trim 27.1 from 2025-07-01 onward
27.1,27.1,41.50541,-81.66791,2025-09-02,16:30:00,2.16,Trim 27.1 from 2025-07-01 onward
27.1,27.1,41.50541,-81.66791,2025-09-02,17:00:00,2.349,Trim 27.1 from 2025-07-01 onward
27.1,27.1,41.50541,-81.66791,2025-09-02,17:30:00,10.839,Trim 27.1 from 2025-07-01 onward
27.1,27.1,41.50541,-81.66791,2025-09-02,18:00:00,4.256,Trim 27.1 from 2025-07-01 onward
27.1,27.1,41.50541,-81.66791,2025-09-02,18:30:00,1.635,Trim 27.1 from 2025-07-01 onward
27.1,27.1,41.50541,-81.66791,2025-09-02,19:00:00,3.647,Trim 27.1 from 2025-07-01 onward
27.1,27.1,41.50541,-81.66791,2025-09-02,19:30:00,1.048,Trim 27.1 from 2025-07-01 onward
27.1,27.1,41.50541,-81.66791,2025-09-02,20:00:00,2.697,Trim 27.1 from 2025-07-01 onward
27.1,27.1,41.50541,-81.66791,2025-09-02,20:30:00,4.354,Trim 27.1 from 2025-07-01 onward
27.1,27.1,41.50541,-81.66791,2025-09-02,21:00:00,1.097,Trim 27.1 from 2025-07-01 onward
27.1,27.1,41.50541,-81.66791,2025-09-02,21:30:00,0.922,Trim 27.1 from 2025-07-01 onward
27.1,27.1,41.50541,-81.66791,2025-09-02,22:00:00,1.603,Trim 27.1 from 2025-07-01 onward
27.1,27.1,41.50541,-81.66791,2025-09-02,22:30:00,1.245,Trim 27.1 from 2025-07-01 onward
27.1,27.1,41.50541,-81.66791,2025-09-02,23:00:00,1.119,Trim 27.1 from 2025-07-01 onward
27.1,27.1,41.50541,-81.66791,2025-09-02,23:30:00,1.232,Trim 27.1 from 2025-07-01 onward
27.1,27.1,41.50541,-81.66791,2025-09-03,00:00:00,3.011,Trim 27.1 from 2025-07-01 onward
27.1,27.1,41.50541,-81.66791,2025-09-03,00:30:00,1.855,Trim 27.1 from 2025-07-01 onward
27.1,27.1,41.50541,-81.66791,2025-09-03,01:00:00,5.485,Trim 27.1 from 2025-07-01 onward
27.1,27.1,41.50541,-81.66791,2025-09-03,01:30:00,2.472,Trim 27.1 from 2025-07-01 onward
27.1,27.1,41.50541,-81.66791,2025-09-03,02:00:00,1.493,Trim 27.1 from 2025-07-01 onward
27.1,27.1,41.50541,-81.66791,2025-09-03,02:30:00,2.089,Trim 27.1 from 2025-07-01 onward
27.1,27.1,41.50541,-81.66791,2025-09-03,03:00:00,0.801,Trim 27.1 from 2025-07-01 onward
27.1,27.1,41.50541,-81.66791,2025-09-03,03:30:00,1.586,Trim 27.1 from 2025-07-01 onward
27.1,27.1,41.50541,-81.66791,2025-09-03,04:00:00,1.296,Trim 27.1 from 2025-07-01 onward
27.1,27.1,41.50541,-81.66791,2025-09-03,04:30:00,3.659,Trim 27.1 from 2025-07-01 onward
27.1,27.1,41.50541,-81.66791,2025-09-03,05:00:00,9.524,Trim 27.1 from 2025-07-01 onward
27.1,27.1,41.50541,-81.66791,2025-09-03,05:30:00,3.22,Trim 27.1 from 2025-07-01 onward
27.1,27.1,41.50541,-81.66791,2025-09-03,06:00:00,3.807,Trim 27.1 from 2025-07-01 onward
27.1,27.1,41.50541,-81.66791,2025-09-03,06:30:00,2.632,Trim 27.1 from 2025-07-01 onward
27.1,27.1,41.50541,-81.66791,2025-09-03,07:00:00,5.952,Trim 27.1 from 2025-07-01 onward
27.1,27.1,41.50541,-81.66791,2025-09-03,07:30:00,6.002,Trim 27.1 from 2025-07-01 onward
27.1,27.1,41.50541,-81.66791,2025-09-03,08:00:00,4.118,Trim 27.1 from 2025-07-01 onward
27.1,27.1,41.50541,-81.66791,2025-09-03,08:30:00,3.493,Trim 27.1 from 2025-07-01 onward
27.1,27.1,41.50541,-81.66791,2025-09-03,09:00:00,5.203,Trim 27.1 from 2025-07-01 onward
27.1,27.1,41.50541,-81.66791,2025-09-03,09:30:00,3.483,Trim 27.1 from 2025-07-01 onward
27.1,27.1,41.50541,-81.66791,2025-09-03,10:00:00,3.791,Trim 27.1 from 2025-07-01 onward
27.1,27.1,41.50541,-81.66791,2025-09-03,10:30:00,5.914,Trim 27.1 from 2025-07-01 onward
27.1,27.1,41.50541,-81.66791,2025-09-03,11:00:00,4.983,Trim 27.1 from 2025-07-01 onward
27.1,27.1,41.50541,-81.66791,2025-09-03,11:30:00,5.518,Trim 27.1 from 2025-07-01 onward
27.1,27.1,41.50541,-81.66791,2025-09-03,12:00:00,1.978,Trim 27.1 from 2025-07-01 onward
27.1,27.1,41.50541,-81.66791,2025-09-03,12:30:00,35.164,Trim 27.1 from 2025-07-01 onward
27.1,27.1,41.50541,-81.66791,2025-09-03,13:00:00,2.272,Trim 27.1 from 2025-07-01 onward
27.1,27.1,41.50541,-81.66791,2025-09-03,13:30:00,2.353,Trim 27.1 from 2025-07-01 onward
27.1,27.1,41.50541,-81.66791,2025-09-03,14:00:00,4.549,Trim 27.1 from 2025-07-01 onward
27.1,27.1,41.50541,-81.66791,2025-09-03,14:30:00,8.958,Trim 27.1 from 2025-07-01 onward
27.1,27.1,41.50541,-81.66791,2025-09-03,15:00:00,2.163,Trim 27.1 from 2025-07-01 onward
27.1,27.1,41.50541,-81.66791,2025-09-03,15:30:00,1.105,Trim 27.1 from 2025-07-01 onward
27.1,27.1,41.50541,-81.66791,2025-09-03,16:00:00,2.499,Trim 27.1 from 2025-07-01 onward
27.1,27.1,41.50541,-81.66791,2025-09-03,16:30:00,1.551,Trim 27.1 from 2025-07-01 onward
27.1,27.1,41.50541,-81.66791,2025-09-03,17:00:00,5.481,Trim 27.1 from 2025-07-01 onward
27.1,27.1,41.50541,-81.66791,2025-09-03,17:30:00,1.101,Trim 27.1 from 2025-07-01 onward
27.1,27.1,41.50541,-81.66791,2025-09-03,18:00:00,0.882,Trim 27.1 from 2025-07-01 onward
27.1,27.1,41.50541,-81.66791,2025-09-03,19:00:00,0.695,Trim 27.1 from 2025-07-01 onward
27.1,27.1,41.50541,-81.66791,2025-09-03,19:30:00,4.021,Trim 27.1 from 2025-07-01 onward
27.1,27.1,41.50541,-81.66791,2025-09-03,20:00:00,6.554,Trim 27.1 from 2025-07-01 onward
27.1,27.1,41.50541,-81.66791,2025-09-03,20:30:00,1.171,Trim 27.1 from 2025-07-01 onward
27.1,27.1,41.50541,-81.66791,2025-09-03,21:00:00,1.755,Trim 27.1 from 2025-07-01 onward
27.1,27.1,41.50541,-81.66791,2025-09-03,21:30:00,1.147,Trim 27.1 from 2025-07-01 onward
27.1,27.1,41.50541,-81.66791,2025-09-03,22:00:00,1.911,Trim 27.1 from 2025-07-01 onward
27.1,27.1,41.50541,-81.66791,2025-09-03,22:30:00,1.799,Trim 27.1 from 2025-07-01 onward
27.1,27.1,41.50541,-81.66791,2025-09-03,23:00:00,1.508,Trim 27.1 from 2025-07-01 onward
27.1,27.1,41.50541,-81.66791,2025-09-03,23:30:00,3.427,Trim 27.1 from 2025-07-01 onward
27.1,27.1,41.50541,-81.66791,2025-09-04,00:00:00,2.555,Trim 27.1 from 2025-07-01 onward
27.1,27.1,41.50541,-81.66791,2025-09-04,00:30:00,2.401,Trim 27.1 from 2025-07-01 onward
27.1,27.1,41.50541,-81.66791,2025-09-04,01:00:00,2.833,Trim 27.1 from 2025-07-01 onward
27.1,27.1,41.50541,-81.66791,2025-09-04,01:30:00,4.388,Trim 27.1 from 2025-07-01 onward
27.1,27.1,41.50541,-81.66791,2025-09-04,02:00:00,3.83,Trim 27.1 from 2025-07-01 onward
27.1,27.1,41.50541,-81.66791,2025-09-04,02:30:00,1.391,Trim 27.1 from 2025-07-01 onward
27.1,27.1,41.50541,-81.66791,2025-09-04,03:00:00,6.856,Trim 27.1 from 2025-07-01 onward
27.1,27.1,41.50541,-81.66791,2025-09-04,03:30:00,1.982,Trim 27.1 from 2025-07-01 onward
27.1,27.1,41.50541,-81.66791,2025-09-04,04:00:00,3.051,Trim 27.1 from 2025-07-01 onward
27.1,27.1,41.50541,-81.66791,2025-09-04,04:30:00,1.61,Trim 27.1 from 2025-07-01 onward
27.1,27.1,41.50541,-81.66791,2025-09-04,05:00:00,3.095,Trim 27.1 from 2025-07-01 onward
27.1,27.1,41.50541,-81.66791,2025-09-04,06:00:00,4.784,Trim 27.1 from 2025-07-01 onward
27.1,27.1,41.50541,-81.66791,2025-09-04,06:30:00,3.891,Trim 27.1 from 2025-07-01 onward
27.1,27.1,41.50541,-81.66791,2025-09-04,07:00:00,6.459,Trim 27.1 from 2025-07-01 onward
27.1,27.1,41.50541,-81.66791,2025-09-04,07:30:00,2.563,Trim 27.1 from 2025-07-01 onward
27.1,27.1,41.50541,-81.66791,2025-09-04,08:00:00,2.35,Trim 27.1 from 2025-07-01 onward
27.1,27.1,41.50541,-81.66791,2025-09-04,08:30:00,19.254,Trim 27.1 from 2025-07-01 onward
27.1,27.1,41.50541,-81.66791,2025-09-04,09:00:00,19.142,Trim 27.1 from 2025-07-01 onward
27.1,27.1,41.50541,-81.66791,2025-09-04,09:30:00,110.438,Trim 27.1 from 2025-07-01 onward
27.1,27.1,41.50541,-81.66791,2025-09-04,10:00:00,84.252,Trim 27.1 from 2025-07-01 onward
27.1,27.1,41.50541,-81.66791,2025-09-04,11:00:00,64.647,Trim 27.1 from 2025-07-01 onward
27.1,27.1,41.50541,-81.66791,2025-09-04,11:30:00,100.828,Trim 27.1 from 2025-07-01 onward
27.1,27.1,41.50541,-81.66791,2025-09-04,12:00:00,104.621,Trim 27.1 from 2025-07-01 onward
27.1,27.1,41.50541,-81.66791,2025-09-04,15:00:00,138.673,Trim 27.1 from 2025-07-01 onward
27.1,27.1,41.50541,-81.66791,2025-09-04,16:00:00,200.577,Trim 27.1 from 2025-07-01 onward
27.1,27.1,41.50541,-81.66791,2025-09-04,16:30:00,2.284,Trim 27.1 from 2025-07-01 onward
27.1,27.1,41.50541,-81.66791,2025-09-04,17:00:00,3.316,Trim 27.1 from 2025-07-01 onward
27.1,27.1,41.50541,-81.66791,2025-09-04,17:30:00,1.605,Trim 27.1 from 2025-07-01 onward
27.1,27.1,41.50541,-81.66791,2025-09-04,18:00:00,2.372,Trim 27.1 from 2025-07-01 onward
27.1,27.1,41.50541,-81.66791,2025-09-04,18:30:00,1.277,Trim 27.1 from 2025-07-01 onward
27.1,27.1,41.50541,-81.66791,2025-09-04,19:00:00,55.953,Trim 27.1 from 2025-07-01 onward
27.1,27.1,41.50541,-81.66791,2025-09-04,19:30:00,2.603,Trim 27.1 from 2025-07-01 onward
27.1,27.1,41.50541,-81.66791,2025-09-04,20:00:00,4.977,Trim 27.1 from 2025-07-01 onward
27.1,27.1,41.50541,-81.66791,2025-09-04,20:30:00,25.086,Trim 27.1 from 2025-07-01 onward
27.1,27.1,41.50541,-81.66791,2025-09-04,21:00:00,4.196,Trim 27.1 from 2025-07-01 onward
27.1,27.1,41.50541,-81.66791,2025-09-04,21:30:00,10.335,Trim 27.1 from 2025-07-01 onward
27.1,27.1,41.50541,-81.66791,2025-09-04,22:30:00,4.35,Trim 27.1 from 2025-07-01 onward
27.1,27.1,41.50541,-81.66791,2025-09-04,23:00:00,3.317,Trim 27.1 from 2025-07-01 onward
27.1,27.1,41.50541,-81.66791,2025-09-05,00:00:00,1.85,Trim 27.1 from 2025-07-01 onward
27.1,27.1,41.50541,-81.66791,2025-09-05,00:30:00,4.579,Trim 27.1 from 2025-07-01 onward
27.1,27.1,41.50541,-81.66791,2025-09-05,01:00:00,5.991,Trim 27.1 from 2025-07-01 onward
27.1,27.1,41.50541,-81.66791,2025-09-05,01:30:00,5.62,Trim 27.1 from 2025-07-01 onward
27.1,27.1,41.50541,-81.66791,2025-09-05,02:00:00,8.126,Trim 27.1 from 2025-07-01 onward
27.1,27.1,41.50541,-81.66791,2025-09-05,02:30:00,6.827,Trim 27.1 from 2025-07-01 onward
27.1,27.1,41.50541,-81.66791,2025-09-05,03:00:00,3.026,Trim 27.1 from 2025-07-01 onward
27.1,27.1,41.50541,-81.66791,2025-09-05,03:30:00,6.164,Trim 27.1 from 2025-07-01 onward
27.1,27.1,41.50541,-81.66791,2025-09-05,04:00:00,5.07,Trim 27.1 from 2025-07-01 onward
27.1,27.1,41.50541,-81.66791,2025-09-05,05:00:00,7.067,Trim 27.1 from 2025-07-01 onward
27.1,27.1,41.50541,-81.66791,2025-09-05,05:30:00,7.824,Trim 27.1 from 2025-07-01 onward
27.1,27.1,41.50541,-81.66791,2025-09-05,06:00:00,8.728,Trim 27.1 from 2025-07-01 onward
27.1,27.1,41.50541,-81.66791,2025-09-05,06:30:00,6.485,Trim 27.1 from 2025-07-01 onward
27.1,27.1,41.50541,-81.66791,2025-09-05,07:00:00,9.371,Trim 27.1 from 2025-07-01 onward
27.1,27.1,41.50541,-81.66791,2025-09-05,07:30:00,9.459,Trim 27.1 from 2025-07-01 onward
27.1,27.1,41.50541,-81.66791,2025-09-05,08:00:00,22.825,Trim 27.1 from 2025-07-01 onward
27.1,27.1,41.50541,-81.66791,2025-09-05,08:30:00,93.227,Trim 27.1 from 2025-07-01 onward
27.1,27.1,41.50541,-81.66791,2025-09-05,10:00:00,60.661,Trim 27.1 from 2025-07-01 onward
27.1,27.1,41.50541,-81.66791,2025-09-05,10:30:00,102.677,Trim 27.1 from 2025-07-01 onward
27.1,27.1,41.50541,-81.66791,2025-09-05,12:30:00,11.865,Trim 27.1 from 2025-07-01 onward
27.1,27.1,41.50541,-81.66791,2025-09-05,13:00:00,10.973,Trim 27.1 from 2025-07-01 onward
27.1,27.1,41.50541,-81.66791,2025-09-05,13:30:00,6.83,Trim 27.1 from 2025-07-01 onward
27.1,27.1,41.50541,-81.66791,2025-09-05,14:00:00,10.3,Trim 27.1 from 2025-07-01 onward
27.1,27.1,41.50541,-81.66791,2025-09-05,14:30:00,14.299,Trim 27.1 from 2025-07-01 onward
27.1,27.1,41.50541,-81.66791,2025-09-05,15:30:00,10.971,Trim 27.1 from 2025-07-01 onward
27.1,27.1,41.50541,-81.66791,2025-09-05,16:00:00,8.905,Trim 27.1 from 2025-07-01 onward
27.1,27.1,41.50541,-81.66791,2025-09-05,16:30:00,14.528,Trim 27.1 from 2025-07-01 onward
27.1,27.1,41.50541,-81.66791,2025-09-05,17:00:00,6.399,Trim 27.1 from 2025-07-01 onward
27.1,27.1,41.50541,-81.66791,2025-09-05,17:30:00,10.857,Trim 27.1 from 2025-07-01 onward
27.1,27.1,41.50541,-81.66791,2025-09-05,18:00:00,9.052,Trim 27.1 from 2025-07-01 onward
27.1,27.1,41.50541,-81.66791,2025-09-05,18:30:00,7.178,Trim 27.1 from 2025-07-01 onward
27.1,27.1,41.50541,-81.66791,2025-09-05,19:00:00,7.702,Trim 27.1 from 2025-07-01 onward
27.1,27.1,41.50541,-81.66791,2025-09-05,19:30:00,7.98,Trim 27.1 from 2025-07-01 onward
27.1,27.1,41.50541,-81.66791,2025-09-05,20:00:00,10.436,Trim 27.1 from 2025-07-01 onward
27.1,27.1,41.50541,-81.66791,2025-09-05,20:30:00,4.547,Trim 27.1 from 2025-07-01 onward
27.1,27.1,41.50541,-81.66791,2025-09-05,21:00:00,4.196,Trim 27.1 from 2025-07-01 onward
27.1,27.1,41.50541,-81.66791,2025-09-05,21:30:00,3.985,Trim 27.1 from 2025-07-01 onward
27.1,27.1,41.50541,-81.66791,2025-09-05,22:00:00,5.9,Trim 27.1 from 2025-07-01 onward
27.1,27.1,41.50541,-81.66791,2025-09-05,22:30:00,4.708,Trim 27.1 from 2025-07-01 onward
27.1,27.1,41.50541,-81.66791,2025-09-05,23:00:00,5.008,Trim 27.1 from 2025-07-01 onward
27.1,27.1,41.50541,-81.66791,2025-09-05,23:30:00,1.668,Trim 27.1 from 2025-07-01 onward
27.1,27.1,41.50541,-81.66791,2025-09-06,00:00:00,2.303,Trim 27.1 from 2025-07-01 onward
27.1,27.1,41.50541,-81.66791,2025-09-06,00:30:00,2.905,Trim 27.1 from 2025-07-01 onward
27.1,27.1,41.50541,-81.66791,2025-09-06,01:00:00,1.31,Trim 27.1 from 2025-07-01 onward
27.1,27.1,41.50541,-81.66791,2025-09-06,01:30:00,1.276,Trim 27.1 from 2025-07-01 onward
27.1,27.1,41.50541,-81.66791,2025-09-06,02:00:00,4.929,Trim 27.1 from 2025-07-01 onward
27.1,27.1,41.50541,-81.66791,2025-09-06,02:30:00,4.684,Trim 27.1 from 2025-07-01 onward
27.1,27.1,41.50541,-81.66791,2025-09-06,03:00:00,2.874,Trim 27.1 from 2025-07-01 onward
27.1,27.1,41.50541,-81.66791,2025-09-06,03:30:00,3.648,Trim 27.1 from 2025-07-01 onward
27.1,27.1,41.50541,-81.66791,2025-09-06,04:00:00,3.176,Trim 27.1 from 2025-07-01 onward
27.1,27.1,41.50541,-81.66791,2025-09-06,04:30:00,4.154,Trim 27.1 from 2025-07-01 onward
27.1,27.1,41.50541,-81.66791,2025-09-06,05:00:00,2.623,Trim 27.1 from 2025-07-01 onward
27.1,27.1,41.50541,-81.66791,2025-09-06,05:30:00,17.573,Trim 27.1 from 2025-07-01 onward
27.1,27.1,41.50541,-81.66791,2025-09-06,06:00:00,1.786,Trim 27.1 from 2025-07-01 onward
27.1,27.1,41.50541,-81.66791,2025-09-06,06:30:00,3.661,Trim 27.1 from 2025-07-01 onward
27.1,27.1,41.50541,-81.66791,2025-09-06,07:00:00,2.295,Trim 27.1 from 2025-07-01 onward
27.1,27.1,41.50541,-81.66791,2025-09-06,07:30:00,3.479,Trim 27.1 from 2025-07-01 onward
27.1,27.1,41.50541,-81.66791,2025-09-06,08:00:00,0.798,Trim 27.1 from 2025-07-01 onward
27.1,27.1,41.50541,-81.66791,2025-09-06,08:30:00,3.186,Trim 27.1 from 2025-07-01 onward
27.1,27.1,41.50541,-81.66791,2025-09-06,09:00:00,2.157,Trim 27.1 from 2025-07-01 onward
27.1,27.1,41.50541,-81.66791,2025-09-06,09:30:00,1.831,Trim 27.1 from 2025-07-01 onward
27.1,27.1,41.50541,-81.66791,2025-09-06,10:00:00,1.961,Trim 27.1 from 2025-07-01 onward
27.1,27.1,41.50541,-81.66791,2025-09-06,10:30:00,3.741,Trim 27.1 from 2025-07-01 onward
27.1,27.1,41.50541,-81.66791,2025-09-06,11:00:00,2.96,Trim 27.1 from 2025-07-01 onward
27.1,27.1,41.50541,-81.66791,2025-09-06,11:30:00,232.318,Trim 27.1 from 2025-07-01 onward
27.1,27.1,41.50541,-81.66791,2025-09-06,12:30:00,212.611,Trim 27.1 from 2025-07-01 onward
27.1,27.1,41.50541,-81.66791,2025-09-06,13:30:00,0.781,Trim 27.1 from 2025-07-01 onward
27.1,27.1,41.50541,-81.66791,2025-09-06,14:00:00,5.406,Trim 27.1 from 2025-07-01 onward
27.1,27.1,41.50541,-81.66791,2025-09-06,14:30:00,0.743,Trim 27.1 from 2025-07-01 onward
27.1,27.1,41.50541,-81.66791,2025-09-06,15:00:00,0.584,Trim 27.1 from 2025-07-01 onward
27.1,27.1,41.50541,-81.66791,2025-09-06,15:30:00,0.884,Trim 27.1 from 2025-07-01 onward
27.1,27.1,41.50541,-81.66791,2025-09-06,16:00:00,0.559,Trim 27.1 from 2025-07-01 onward
27.1,27.1,41.50541,-81.66791,2025-09-06,16:30:00,1.552,Trim 27.1 from 2025-07-01 onward
27.1,27.1,41.50541,-81.66791,2025-09-06,17:00:00,0.561,Trim 27.1 from 2025-07-01 onward
27.1,27.1,41.50541,-81.66791,2025-09-06,17:30:00,1.127,Trim 27.1 from 2025-07-01 onward
27.1,27.1,41.50541,-81.66791,2025-09-06,18:00:00,0.561,Trim 27.1 from 2025-07-01 onward
27.1,27.1,41.50541,-81.66791,2025-09-06,18:30:00,4.149,Trim 27.1 from 2025-07-01 onward
27.1,27.1,41.50541,-81.66791,2025-09-06,19:00:00,0.546,Trim 27.1 from 2025-07-01 onward
27.1,27.1,41.50541,-81.66791,2025-09-06,19:30:00,4.487,Trim 27.1 from 2025-07-01 onward
27.1,27.1,41.50541,-81.66791,2025-09-06,20:00:00,2.354,Trim 27.1 from 2025-07-01 onward
27.1,27.1,41.50541,-81.66791,2025-09-06,20:30:00,0.765,Trim 27.1 from 2025-07-01 onward
27.1,27.1,41.50541,-81.66791,2025-09-06,21:00:00,1.016,Trim 27.1 from 2025-07-01 onward
27.1,27.1,41.50541,-81.66791,2025-09-06,21:30:00,0.93,Trim 27.1 from 2025-07-01 onward
27.1,27.1,41.50541,-81.66791,2025-09-06,22:00:00,0.874,Trim 27.1 from 2025-07-01 onward
27.1,27.1,41.50541,-81.66791,2025-09-06,22:30:00,3.376,Trim 27.1 from 2025-07-01 onward
27.1,27.1,41.50541,-81.66791,2025-09-06,23:00:00,1.095,Trim 27.1 from 2025-07-01 onward
27.1,27.1,41.50541,-81.66791,2025-09-07,00:00:00,4.59,Trim 27.1 from 2025-07-01 onward
27.1,27.1,41.50541,-81.66791,2025-09-07,00:30:00,3.144,Trim 27.1 from 2025-07-01 onward
27.1,27.1,41.50541,-81.66791,2025-09-07,01:00:00,6.241,Trim 27.1 from 2025-07-01 onward
27.1,27.1,41.50541,-81.66791,2025-09-07,01:30:00,3.674,Trim 27.1 from 2025-07-01 onward
27.1,27.1,41.50541,-81.66791,2025-09-07,02:00:00,4.262,Trim 27.1 from 2025-07-01 onward
27.1,27.1,41.50541,-81.66791,2025-09-07,02:30:00,0.866,Trim 27.1 from 2025-07-01 onward
27.1,27.1,41.50541,-81.66791,2025-09-07,03:00:00,1.03,Trim 27.1 from 2025-07-01 onward
27.1,27.1,41.50541,-81.66791,2025-09-07,03:30:00,1.837,Trim 27.1 from 2025-07-01 onward
27.1,27.1,41.50541,-81.66791,2025-09-07,04:00:00,11.013,Trim 27.1 from 2025-07-01 onward
27.1,27.1,41.50541,-81.66791,2025-09-07,04:30:00,5.75,Trim 27.1 from 2025-07-01 onward
27.1,27.1,41.50541,-81.66791,2025-09-07,05:30:00,140.764,Trim 27.1 from 2025-07-01 onward
27.1,27.1,41.50541,-81.66791,2025-09-07,06:00:00,16.207,Trim 27.1 from 2025-07-01 onward
27.1,27.1,41.50541,-81.66791,2025-09-07,06:30:00,3.132,Trim 27.1 from 2025-07-01 onward
27.1,27.1,41.50541,-81.66791,2025-09-07,07:00:00,2.761,Trim 27.1 from 2025-07-01 onward
27.1,27.1,41.50541,-81.66791,2025-09-07,07:30:00,3.113,Trim 27.1 from 2025-07-01 onward
27.1,27.1,41.50541,-81.66791,2025-09-07,08:00:00,1.485,Trim 27.1 from 2025-07-01 onward
27.1,27.1,41.50541,-81.66791,2025-09-07,08:30:00,7.48,Trim 27.1 from 2025-07-01 onward
27.1,27.1,41.50541,-81.66791,2025-09-07,09:00:00,0.678,Trim 27.1 from 2025-07-01 onward
27.1,27.1,41.50541,-81.66791,2025-09-07,09:30:00,7.828,Trim 27.1 from 2025-07-01 onward
27.1,27.1,41.50541,-81.66791,2025-09-07,10:00:00,1.146,Trim 27.1 from 2025-07-01 onward
27.1,27.1,41.50541,-81.66791,2025-09-07,10:30:00,0.935,Trim 27.1 from 2025-07-01 onward
27.1,27.1,41.50541,-81.66791,2025-09-07,11:00:00,1.544,Trim 27.1 from 2025-07-01 onward
27.1,27.1,41.50541,-81.66791,2025-09-07,11:30:00,4.051,Trim 27.1 from 2025-07-01 onward
27.1,27.1,41.50541,-81.66791,2025-09-07,12:00:00,1.638,Trim 27.1 from 2025-07-01 onward
27.1,27.1,41.50541,-81.66791,2025-09-07,12:30:00,8.137,Trim 27.1 from 2025-07-01 onward
27.1,27.1,41.50541,-81.66791,2025-09-07,13:00:00,3.638,Trim 27.1 from 2025-07-01 onward
27.1,27.1,41.50541,-81.66791,2025-09-07,13:30:00,1.97,Trim 27.1 from 2025-07-01 onward
27.1,27.1,41.50541,-81.66791,2025-09-07,14:00:00,237.831,Trim 27.1 from 2025-07-01 onward
27.1,27.1,41.50541,-81.66791,2025-09-07,14:30:00,0.526,Trim 27.1 from 2025-07-01 onward
27.1,27.1,41.50541,-81.66791,2025-09-07,15:00:00,0.816,Trim 27.1 from 2025-07-01 onward
27.1,27.1,41.50541,-81.66791,2025-09-07,15:30:00,2.917,Trim 27.1 from 2025-07-01 onward
27.1,27.1,41.50541,-81.66791,2025-09-07,16:00:00,1.612,Trim 27.1 from 2025-07-01 onward
27.1,27.1,41.50541,-81.66791,2025-09-07,16:30:00,3.954,Trim 27.1 from 2025-07-01 onward
27.1,27.1,41.50541,-81.66791,2025-09-07,17:00:00,1.203,Trim 27.1 from 2025-07-01 onward
27.1,27.1,41.50541,-81.66791,2025-09-07,17:30:00,7.594,Trim 27.1 from 2025-07-01 onward
27.1,27.1,41.50541,-81.66791,2025-09-07,18:00:00,2.971,Trim 27.1 from 2025-07-01 onward
27.1,27.1,41.50541,-81.66791,2025-09-07,18:30:00,3.964,Trim 27.1 from 2025-07-01 onward
27.1,27.1,41.50541,-81.66791,2025-09-07,19:00:00,4.194,Trim 27.1 from 2025-07-01 onward
27.1,27.1,41.50541,-81.66791,2025-09-07,20:00:00,3.332,Trim 27.1 from 2025-07-01 onward
27.1,27.1,41.50541,-81.66791,2025-09-07,20:30:00,3.998,Trim 27.1 from 2025-07-01 onward
27.1,27.1,41.50541,-81.66791,2025-09-07,21:00:00,0.546,Trim 27.1 from 2025-07-01 onward
27.1,27.1,41.50541,-81.66791,2025-09-07,21:30:00,6.106,Trim 27.1 from 2025-07-01 onward
27.1,27.1,41.50541,-81.66791,2025-09-07,22:00:00,1.293,Trim 27.1 from 2025-07-01 onward
27.1,27.1,41.50541,-81.66791,2025-09-07,22:30:00,9.872,Trim 27.1 from 2025-07-01 onward
27.1,27.1,41.50541,-81.66791,2025-09-07,23:00:00,0.803,Trim 27.1 from 2025-07-01 onward
27.1,27.1,41.50541,-81.66791,2025-09-07,23:30:00,30.929,Trim 27.1 from 2025-07-01 onward
27.1,27.1,41.50541,-81.66791,2025-09-08,00:00:00,2.685,Trim 27.1 from 2025-07-01 onward
27.1,27.1,41.50541,-81.66791,2025-09-08,00:30:00,1.868,Trim 27.1 from 2025-07-01 onward
27.1,27.1,41.50541,-81.66791,2025-09-08,01:00:00,5.086,Trim 27.1 from 2025-07-01 onward
27.1,27.1,41.50541,-81.66791,2025-09-08,01:30:00,1.676,Trim 27.1 from 2025-07-01 onward
27.1,27.1,41.50541,-81.66791,2025-09-08,02:00:00,5.337,Trim 27.1 from 2025-07-01 onward
27.1,27.1,41.50541,-81.66791,2025-09-08,02:30:00,5.301,Trim 27.1 from 2025-07-01 onward
27.1,27.1,41.50541,-81.66791,2025-09-08,03:00:00,2.215,Trim 27.1 from 2025-07-01 onward
27.1,27.1,41.50541,-81.66791,2025-09-08,04:00:00,1.597,Trim 27.1 from 2025-07-01 onward
27.1,27.1,41.50541,-81.66791,2025-09-08,04:30:00,1.788,Trim 27.1 from 2025-07-01 onward
27.1,27.1,41.50541,-81.66791,2025-09-08,05:00:00,4.798,Trim 27.1 from 2025-07-01 onward
27.1,27.1,41.50541,-81.66791,2025-09-08,05:30:00,3.152,Trim 27.1 from 2025-07-01 onward
27.1,27.1,41.50541,-81.66791,2025-09-08,06:00:00,5.32,Trim 27.1 from 2025-07-01 onward
27.1,27.1,41.50541,-81.66791,2025-09-08,06:30:00,4.185,Trim 27.1 from 2025-07-01 onward
27.1,27.1,41.50541,-81.66791,2025-09-08,07:00:00,2.591,Trim 27.1 from 2025-07-01 onward
27.1,27.1,41.50541,-81.66791,2025-09-08,07:30:00,1.833,Trim 27.1 from 2025-07-01 onward
27.1,27.1,41.50541,-81.66791,2025-09-08,08:00:00,6.869,Trim 27.1 from 2025-07-01 onward
27.1,27.1,41.50541,-81.66791,2025-09-08,08:30:00,2.695,Trim 27.1 from 2025-07-01 onward
27.1,27.1,41.50541,-81.66791,2025-09-08,09:00:00,1.627,Trim 27.1 from 2025-07-01 onward
27.1,27.1,41.50541,-81.66791,2025-09-08,09:30:00,1.803,Trim 27.1 from 2025-07-01 onward
27.1,27.1,41.50541,-81.66791,2025-09-08,10:00:00,7.699,Trim 27.1 from 2025-07-01 onward
27.1,27.1,41.50541,-81.66791,2025-09-08,10:30:00,31.094,Trim 27.1 from 2025-07-01 onward
27.1,27.1,41.50541,-81.66791,2025-09-08,11:00:00,8.851,Trim 27.1 from 2025-07-01 onward
27.1,27.1,41.50541,-81.66791,2025-09-08,12:00:00,3.637,Trim 27.1 from 2025-07-01 onward
27.1,27.1,41.50541,-81.66791,2025-09-08,12:30:00,10.182,Trim 27.1 from 2025-07-01 onward
27.1,27.1,41.50541,-81.66791,2025-09-08,13:00:00,9.38,Trim 27.1 from 2025-07-01 onward
27.1,27.1,41.50541,-81.66791,2025-09-08,13:30:00,10.654,Trim 27.1 from 2025-07-01 onward
27.1,27.1,41.50541,-81.66791,2025-09-08,14:00:00,3.042,Trim 27.1 from 2025-07-01 onward
27.1,27.1,41.50541,-81.66791,2025-09-08,14:30:00,3.943,Trim 27.1 from 2025-07-01 onward
27.1,27.1,41.50541,-81.66791,2025-09-08,15:00:00,2.844,Trim 27.1 from 2025-07-01 onward
27.1,27.1,41.50541,-81.66791,2025-09-08,15:30:00,64.483,Trim 27.1 from 2025-07-01 onward
27.1,27.1,41.50541,-81.66791,2025-09-08,16:00:00,0.754,Trim 27.1 from 2025-07-01 onward
27.1,27.1,41.50541,-81.66791,2025-09-08,16:30:00,0.609,Trim 27.1 from 2025-07-01 onward
27.1,27.1,41.50541,-81.66791,2025-09-08,17:00:00,6.863,Trim 27.1 from 2025-07-01 onward
27.1,27.1,41.50541,-81.66791,2025-09-08,17:30:00,124.818,Trim 27.1 from 2025-07-01 onward
27.1,27.1,41.50541,-81.66791,2025-09-08,18:00:00,1.694,Trim 27.1 from 2025-07-01 onward
27.1,27.1,41.50541,-81.66791,2025-09-08,18:30:00,2.732,Trim 27.1 from 2025-07-01 onward
27.1,27.1,41.50541,-81.66791,2025-09-08,19:00:00,2.855,Trim 27.1 from 2025-07-01 onward
27.1,27.1,41.50541,-81.66791,2025-09-08,19:30:00,7.974,Trim 27.1 from 2025-07-01 onward
27.1,27.1,41.50541,-81.66791,2025-09-08,20:00:00,1.235,Trim 27.1 from 2025-07-01 onward
27.1,27.1,41.50541,-81.66791,2025-09-08,20:30:00,0.665,Trim 27.1 from 2025-07-01 onward
27.1,27.1,41.50541,-81.66791,2025-09-08,21:00:00,1.127,Trim 27.1 from 2025-07-01 onward
27.1,27.1,41.50541,-81.66791,2025-09-08,21:30:00,1.998,Trim 27.1 from 2025-07-01 onward
27.1,27.1,41.50541,-81.66791,2025-09-08,22:00:00,2.217,Trim 27.1 from 2025-07-01 onward
27.1,27.1,41.50541,-81.66791,2025-09-08,22:30:00,2.2,Trim 27.1 from 2025-07-01 onward
27.1,27.1,41.50541,-81.66791,2025-09-08,23:00:00,2.352,Trim 27.1 from 2025-07-01 onward
27.1,27.1,41.50541,-81.66791,2025-09-08,23:30:00,10.25,Trim 27.1 from 2025-07-01 onward
27.1,27.1,41.50541,-81.66791,2025-09-09,00:00:00,3.473,Trim 27.1 from 2025-07-01 onward
27.1,27.1,41.50541,-81.66791,2025-09-09,00:30:00,0.675,Trim 27.1 from 2025-07-01 onward
27.1,27.1,41.50541,-81.66791,2025-09-09,01:00:00,2.735,Trim 27.1 from 2025-07-01 onward
27.1,27.1,41.50541,-81.66791,2025-09-09,01:30:00,2.093,Trim 27.1 from 2025-07-01 onward
27.1,27.1,41.50541,-81.66791,2025-09-09,02:00:00,2.168,Trim 27.1 from 2025-07-01 onward
27.1,27.1,41.50541,-81.66791,2025-09-09,02:30:00,6.111,Trim 27.1 from 2025-07-01 onward
27.1,27.1,41.50541,-81.66791,2025-09-09,03:00:00,2.104,Trim 27.1 from 2025-07-01 onward
27.1,27.1,41.50541,-81.66791,2025-09-09,03:30:00,2.133,Trim 27.1 from 2025-07-01 onward
27.1,27.1,41.50541,-81.66791,2025-09-09,04:00:00,1.698,Trim 27.1 from 2025-07-01 onward
27.1,27.1,41.50541,-81.66791,2025-09-09,04:30:00,3.557,Trim 27.1 from 2025-07-01 onward
27.1,27.1,41.50541,-81.66791,2025-09-09,05:00:00,1.086,Trim 27.1 from 2025-07-01 onward
27.1,27.1,41.50541,-81.66791,2025-09-09,05:30:00,1.949,Trim 27.1 from 2025-07-01 onward
27.1,27.1,41.50541,-81.66791,2025-09-09,06:00:00,5.526,Trim 27.1 from 2025-07-01 onward
27.1,27.1,41.50541,-81.66791,2025-09-09,06:30:00,3.489,Trim 27.1 from 2025-07-01 onward
27.1,27.1,41.50541,-81.66791,2025-09-09,07:00:00,1.386,Trim 27.1 from 2025-07-01 onward
27.1,27.1,41.50541,-81.66791,2025-09-09,07:30:00,3.04,Trim 27.1 from 2025-07-01 onward
27.1,27.1,41.50541,-81.66791,2025-09-09,08:00:00,2.716,Trim 27.1 from 2025-07-01 onward
27.1,27.1,41.50541,-81.66791,2025-09-09,08:30:00,1.476,Trim 27.1 from 2025-07-01 onward
27.1,27.1,41.50541,-81.66791,2025-09-09,09:00:00,1.692,Trim 27.1 from 2025-07-01 onward
27.1,27.1,41.50541,-81.66791,2025-09-09,09:30:00,1.36,Trim 27.1 from 2025-07-01 onward
27.1,27.1,41.50541,-81.66791,2025-09-09,10:00:00,10.62,Trim 27.1 from 2025-07-01 onward
27.1,27.1,41.50541,-81.66791,2025-09-09,10:30:00,10.63,Trim 27.1 from 2025-07-01 onward
27.1,27.1,41.50541,-81.66791,2025-09-09,11:00:00,91.892,Trim 27.1 from 2025-07-01 onward
27.1,27.1,41.50541,-81.66791,2025-09-09,11:30:00,64.173,Trim 27.1 from 2025-07-01 onward
27.1,27.1,41.50541,-81.66791,2025-09-09,12:00:00,6.756,Trim 27.1 from 2025-07-01 onward
27.1,27.1,41.50541,-81.66791,2025-09-09,12:30:00,44.444,Trim 27.1 from 2025-07-01 onward
27.1,27.1,41.50541,-81.66791,2025-09-09,13:30:00,55.18,Trim 27.1 from 2025-07-01 onward
27.1,27.1,41.50541,-81.66791,2025-09-09,14:00:00,2.64,Trim 27.1 from 2025-07-01 onward
27.1,27.1,41.50541,-81.66791,2025-09-09,15:00:00,1.083,Trim 27.1 from 2025-07-01 onward
27.1,27.1,41.50541,-81.66791,2025-09-09,15:30:00,0.641,Trim 27.1 from 2025-07-01 onward
27.1,27.1,41.50541,-81.66791,2025-09-09,16:00:00,0.587,Trim 27.1 from 2025-07-01 onward
27.1,27.1,41.50541,-81.66791,2025-09-09,16:30:00,0.933,Trim 27.1 from 2025-07-01 onward
27.1,27.1,41.50541,-81.66791,2025-09-09,17:00:00,0.592,Trim 27.1 from 2025-07-01 onward
27.1,27.1,41.50541,-81.66791,2025-09-09,17:30:00,2.055,Trim 27.1 from 2025-07-01 onward
27.1,27.1,41.50541,-81.66791,2025-09-09,18:00:00,1.61,Trim 27.1 from 2025-07-01 onward
27.1,27.1,41.50541,-81.66791,2025-09-09,18:30:00,1.264,Trim 27.1 from 2025-07-01 onward
27.1,27.1,41.50541,-81.66791,2025-09-09,19:00:00,6.459,Trim 27.1 from 2025-07-01 onward
27.1,27.1,41.50541,-81.66791,2025-09-09,19:30:00,4.423,Trim 27.1 from 2025-07-01 onward
27.1,27.1,41.50541,-81.66791,2025-09-09,20:00:00,2.555,Trim 27.1 from 2025-07-01 onward
27.1,27.1,41.50541,-81.66791,2025-09-09,21:00:00,1.607,Trim 27.1 from 2025-07-01 onward
27.1,27.1,41.50541,-81.66791,2025-09-09,21:30:00,1.02,Trim 27.1 from 2025-07-01 onward
27.1,27.1,41.50541,-81.66791,2025-09-09,22:00:00,5.019,Trim 27.1 from 2025-07-01 onward
27.1,27.1,41.50541,-81.66791,2025-09-09,22:30:00,2.301,Trim 27.1 from 2025-07-01 onward
27.1,27.1,41.50541,-81.66791,2025-09-09,23:00:00,1.745,Trim 27.1 from 2025-07-01 onward
27.1,27.1,41.50541,-81.66791,2025-09-09,23:30:00,0.798,Trim 27.1 from 2025-07-01 onward
27.1,27.1,41.50541,-81.66791,2025-09-10,00:00:00,8.979,Trim 27.1 from 2025-07-01 onward
27.1,27.1,41.50541,-81.66791,2025-09-10,00:30:00,2.808,Trim 27.1 from 2025-07-01 onward
27.1,27.1,41.50541,-81.66791,2025-09-10,01:00:00,6.219,Trim 27.1 from 2025-07-01 onward
27.1,27.1,41.50541,-81.66791,2025-09-10,01:30:00,1.347,Trim 27.1 from 2025-07-01 onward
27.1,27.1,41.50541,-81.66791,2025-09-10,02:00:00,5.358,Trim 27.1 from 2025-07-01 onward
27.1,27.1,41.50541,-81.66791,2025-09-10,02:30:00,2.259,Trim 27.1 from 2025-07-01 onward
27.1,27.1,41.50541,-81.66791,2025-09-10,03:00:00,0.958,Trim 27.1 from 2025-07-01 onward
27.1,27.1,41.50541,-81.66791,2025-09-10,03:30:00,1.828,Trim 27.1 from 2025-07-01 onward
27.1,27.1,41.50541,-81.66791,2025-09-10,04:00:00,2.559,Trim 27.1 from 2025-07-01 onward
27.1,27.1,41.50541,-81.66791,2025-09-10,04:30:00,1.183,Trim 27.1 from 2025-07-01 onward
27.1,27.1,41.50541,-81.66791,2025-09-10,05:00:00,2.712,Trim 27.1 from 2025-07-01 onward
27.1,27.1,41.50541,-81.66791,2025-09-10,05:30:00,3.279,Trim 27.1 from 2025-07-01 onward
27.1,27.1,41.50541,-81.66791,2025-09-10,06:00:00,1.71,Trim 27.1 from 2025-07-01 onward
27.1,27.1,41.50541,-81.66791,2025-09-10,06:30:00,4.229,Trim 27.1 from 2025-07-01 onward
27.1,27.1,41.50541,-81.66791,2025-09-10,07:00:00,2.719,Trim 27.1 from 2025-07-01 onward
27.1,27.1,41.50541,-81.66791,2025-09-10,07:30:00,5.861,Trim 27.1 from 2025-07-01 onward
27.1,27.1,41.50541,-81.66791,2025-09-10,08:00:00,5.103,Trim 27.1 from 2025-07-01 onward
27.1,27.1,41.50541,-81.66791,2025-09-10,08:30:00,8.749,Trim 27.1 from 2025-07-01 onward
27.1,27.1,41.50541,-81.66791,2025-09-10,09:00:00,3.313,Trim 27.1 from 2025-07-01 onward
27.1,27.1,41.50541,-81.66791,2025-09-10,09:30:00,2.901,Trim 27.1 from 2025-07-01 onward
27.1,27.1,41.50541,-81.66791,2025-09-10,10:00:00,6.267,Trim 27.1 from 2025-07-01 onward
27.1,27.1,41.50541,-81.66791,2025-09-10,10:30:00,2.065,Trim 27.1 from 2025-07-01 onward
27.1,27.1,41.50541,-81.66791,2025-09-10,11:00:00,1.891,Trim 27.1 from 2025-07-01 onward
27.1,27.1,41.50541,-81.66791,2025-09-10,11:30:00,200.964,Trim 27.1 from 2025-07-01 onward
27.1,27.1,41.50541,-81.66791,2025-09-10,12:00:00,31.501,Trim 27.1 from 2025-07-01 onward
27.1,27.1,41.50541,-81.66791,2025-09-10,12:30:00,57.444,Trim 27.1 from 2025-07-01 onward
27.1,27.1,41.50541,-81.66791,2025-09-10,13:00:00,2.242,Trim 27.1 from 2025-07-01 onward
27.1,27.1,41.50541,-81.66791,2025-09-10,13:30:00,2.054,Trim 27.1 from 2025-07-01 onward
27.1,27.1,41.50541,-81.66791,2025-09-10,14:00:00,2.248,Trim 27.1 from 2025-07-01 onward
27.1,27.1,41.50541,-81.66791,2025-09-10,14:30:00,2.362,Trim 27.1 from 2025-07-01 onward
27.1,27.1,41.50541,-81.66791,2025-09-10,15:00:00,3.775,Trim 27.1 from 2025-07-01 onward
27.1,27.1,41.50541,-81.66791,2025-09-10,20:30:00,4.629,Trim 27.1 from 2025-07-01 onward
27.1,27.1,41.50541,-81.66791,2025-09-10,22:00:00,1.291,Trim 27.1 from 2025-07-01 onward
27.1,27.1,41.50541,-81.66791,2025-09-10,22:30:00,2.725,Trim 27.1 from 2025-07-01 onward
27.1,27.1,41.50541,-81.66791,2025-09-10,23:00:00,2.636,Trim 27.1 from 2025-07-01 onward
27.1,27.1,41.50541,-81.66791,2025-09-10,23:30:00,2.453,Trim 27.1 from 2025-07-01 onward
27.1,27.1,41.50541,-81.66791,2025-09-11,00:00:00,4.036,Trim 27.1 from 2025-07-01 onward
27.1,27.1,41.50541,-81.66791,2025-09-11,00:30:00,0.879,Trim 27.1 from 2025-07-01 onward
27.1,27.1,41.50541,-81.66791,2025-09-11,01:30:00,5.073,Trim 27.1 from 2025-07-01 onward
27.1,27.1,41.50541,-81.66791,2025-09-11,03:30:00,5.134,Trim 27.1 from 2025-07-01 onward
27.1,27.1,41.50541,-81.66791,2025-09-11,04:00:00,5.926,Trim 27.1 from 2025-07-01 onward
27.1,27.1,41.50541,-81.66791,2025-09-11,05:00:00,20.52,Trim 27.1 from 2025-07-01 onward
27.1,27.1,41.50541,-81.66791,2025-09-11,05:30:00,5.446,Trim 27.1 from 2025-07-01 onward
27.1,27.1,41.50541,-81.66791,2025-09-11,06:00:00,3.675,Trim 27.1 from 2025-07-01 onward
27.1,27.1,41.50541,-81.66791,2025-09-11,06:30:00,10.953,Trim 27.1 from 2025-07-01 onward
27.1,27.1,41.50541,-81.66791,2025-09-11,08:30:00,19.288,Trim 27.1 from 2025-07-01 onward
27.1,27.1,41.50541,-81.66791,2025-09-11,09:00:00,22.597,Trim 27.1 from 2025-07-01 onward
27.1,27.1,41.50541,-81.66791,2025-09-11,09:30:00,16.773,Trim 27.1 from 2025-07-01 onward
27.1,27.1,41.50541,-81.66791,2025-09-11,10:00:00,28.869,Trim 27.1 from 2025-07-01 onward
27.1,27.1,41.50541,-81.66791,2025-09-11,10:30:00,39.376,Trim 27.1 from 2025-07-01 onward
27.1,27.1,41.50541,-81.66791,2025-09-11,11:30:00,141.976,Trim 27.1 from 2025-07-01 onward
27.1,27.1,41.50541,-81.66791,2025-09-11,12:00:00,29.158,Trim 27.1 from 2025-07-01 onward
27.1,27.1,41.50541,-81.66791,2025-09-11,12:30:00,10.329,Trim 27.1 from 2025-07-01 onward
27.1,27.1,41.50541,-81.66791,2025-09-11,13:00:00,12.354,Trim 27.1 from 2025-07-01 onward
27.1,27.1,41.50541,-81.66791,2025-09-11,14:00:00,3.601,Trim 27.1 from 2025-07-01 onward
27.1,27.1,41.50541,-81.66791,2025-09-11,15:00:00,2.152,Trim 27.1 from 2025-07-01 onward
27.1,27.1,41.50541,-81.66791,2025-09-11,15:30:00,1.072,Trim 27.1 from 2025-07-01 onward
27.1,27.1,41.50541,-81.66791,2025-09-11,16:00:00,2.207,Trim 27.1 from 2025-07-01 onward
27.1,27.1,41.50541,-81.66791,2025-09-11,16:30:00,1.118,Trim 27.1 from 2025-07-01 onward
27.1,27.1,41.50541,-81.66791,2025-09-11,17:30:00,3.766,Trim 27.1 from 2025-07-01 onward
27.1,27.1,41.50541,-81.66791,2025-09-11,18:00:00,5.021,Trim 27.1 from 2025-07-01 onward
27.1,27.1,41.50541,-81.66791,2025-09-11,18:30:00,1.718,Trim 27.1 from 2025-07-01 onward
27.1,27.1,41.50541,-81.66791,2025-09-11,19:30:00,2.907,Trim 27.1 from 2025-07-01 onward
27.1,27.1,41.50541,-81.66791,2025-09-11,20:30:00,2.779,Trim 27.1 from 2025-07-01 onward
27.1,27.1,41.50541,-81.66791,2025-09-11,21:00:00,1.522,Trim 27.1 from 2025-07-01 onward
27.1,27.1,41.50541,-81.66791,2025-09-11,21:30:00,0.799,Trim 27.1 from 2025-07-01 onward
27.1,27.1,41.50541,-81.66791,2025-09-11,22:00:00,0.649,Trim 27.1 from 2025-07-01 onward
27.1,27.1,41.50541,-81.66791,2025-09-11,22:30:00,0.624,Trim 27.1 from 2025-07-01 onward
27.1,27.1,41.50541,-81.66791,2025-09-12,00:30:00,1.898,Trim 27.1 from 2025-07-01 onward
27.1,27.1,41.50541,-81.66791,2025-09-12,01:00:00,2.326,Trim 27.1 from 2025-07-01 onward
27.1,27.1,41.50541,-81.66791,2025-09-12,01:30:00,1.705,Trim 27.1 from 2025-07-01 onward
27.1,27.1,41.50541,-81.66791,2025-09-12,02:30:00,7.083,Trim 27.1 from 2025-07-01 onward
27.1,27.1,41.50541,-81.66791,2025-09-12,04:30:00,3.205,Trim 27.1 from 2025-07-01 onward
27.1,27.1,41.50541,-81.66791,2025-09-12,05:00:00,13.61,Trim 27.1 from 2025-07-01 onward
27.1,27.1,41.50541,-81.66791,2025-09-12,06:00:00,8.027,Trim 27.1 from 2025-07-01 onward
27.1,27.1,41.50541,-81.66791,2025-09-12,07:00:00,13.655,Trim 27.1 from 2025-07-01 onward
27.1,27.1,41.50541,-81.66791,2025-09-12,09:00:00,21.767,Trim 27.1 from 2025-07-01 onward
27.1,27.1,41.50541,-81.66791,2025-09-12,09:30:00,33.598,Trim 27.1 from 2025-07-01 onward
27.1,27.1,41.50541,-81.66791,2025-09-12,11:00:00,146.38,Trim 27.1 from 2025-07-01 onward
27.1,27.1,41.50541,-81.66791,2025-09-12,11:30:00,68.965,Trim 27.1 from 2025-07-01 onward
27.1,27.1,41.50541,-81.66791,2025-09-12,13:00:00,13.32,Trim 27.1 from 2025-07-01 onward
27.1,27.1,41.50541,-81.66791,2025-09-12,13:30:00,12.601,Trim 27.1 from 2025-07-01 onward
27.1,27.1,41.50541,-81.66791,2025-09-12,16:00:00,4.044,Trim 27.1 from 2025-07-01 onward
27.1,27.1,41.50541,-81.66791,2025-09-12,16:30:00,4.233,Trim 27.1 from 2025-07-01 onward
27.1,27.1,41.50541,-81.66791,2025-09-12,18:00:00,2.887,Trim 27.1 from 2025-07-01 onward
27.1,27.1,41.50541,-81.66791,2025-09-12,18:30:00,2.393,Trim 27.1 from 2025-07-01 onward
27.1,27.1,41.50541,-81.66791,2025-09-12,21:30:00,4.269,Trim 27.1 from 2025-07-01 onward
27.1,27.1,41.50541,-81.66791,2025-09-12,23:00:00,5.369,Trim 27.1 from 2025-07-01 onward
27.1,27.1,41.50541,-81.66791,2025-09-12,23:30:00,43.98,Trim 27.1 from 2025-07-01 onward
27.1,27.1,41.50541,-81.66791,2025-09-13,00:30:00,2.83,Trim 27.1 from 2025-07-01 onward
27.1,27.1,41.50541,-81.66791,2025-09-13,01:00:00,2.33,Trim 27.1 from 2025-07-01 onward
27.1,27.1,41.50541,-81.66791,2025-09-13,01:30:00,13.211,Trim 27.1 from 2025-07-01 onward
27.1,27.1,41.50541,-81.66791,2025-09-13,02:00:00,4.652,Trim 27.1 from 2025-07-01 onward
27.1,27.1,41.50541,-81.66791,2025-09-13,02:30:00,2.526,Trim 27.1 from 2025-07-01 onward
27.1,27.1,41.50541,-81.66791,2025-09-13,04:00:00,3.656,Trim 27.1 from 2025-07-01 onward
27.1,27.1,41.50541,-81.66791,2025-09-13,04:30:00,5.109,Trim 27.1 from 2025-07-01 onward
27.1,27.1,41.50541,-81.66791,2025-09-13,05:00:00,3.665,Trim 27.1 from 2025-07-01 onward
27.1,27.1,41.50541,-81.66791,2025-09-13,06:00:00,6.948,Trim 27.1 from 2025-07-01 onward
27.1,27.1,41.50541,-81.66791,2025-09-13,07:30:00,3.437,Trim 27.1 from 2025-07-01 onward
27.1,27.1,41.50541,-81.66791,2025-09-13,08:00:00,12.317,Trim 27.1 from 2025-07-01 onward
27.1,27.1,41.50541,-81.66791,2025-09-13,08:30:00,4.039,Trim 27.1 from 2025-07-01 onward
27.1,27.1,41.50541,-81.66791,2025-09-13,09:00:00,6.048,Trim 27.1 from 2025-07-01 onward
27.1,27.1,41.50541,-81.66791,2025-09-13,09:30:00,14.039,Trim 27.1 from 2025-07-01 onward
27.1,27.1,41.50541,-81.66791,2025-09-13,11:30:00,76.54,Trim 27.1 from 2025-07-01 onward
27.1,27.1,41.50541,-81.66791,2025-09-13,12:30:00,16.089,Trim 27.1 from 2025-07-01 onward
27.1,27.1,41.50541,-81.66791,2025-09-13,14:00:00,1.423,Trim 27.1 from 2025-07-01 onward
27.1,27.1,41.50541,-81.66791,2025-09-13,15:30:00,3.273,Trim 27.1 from 2025-07-01 onward
27.1,27.1,41.50541,-81.66791,2025-09-13,16:00:00,1.87,Trim 27.1 from 2025-07-01 onward
27.1,27.1,41.50541,-81.66791,2025-09-13,17:00:00,1.88,Trim 27.1 from 2025-07-01 onward
27.1,27.1,41.50541,-81.66791,2025-09-13,17:30:00,4.26,Trim 27.1 from 2025-07-01 onward
27.1,27.1,41.50541,-81.66791,2025-09-13,18:00:00,2.45,Trim 27.1 from 2025-07-01 onward
27.1,27.1,41.50541,-81.66791,2025-09-13,18:30:00,3.453,Trim 27.1 from 2025-07-01 onward
27.1,27.1,41.50541,-81.66791,2025-09-13,19:30:00,4.156,Trim 27.1 from 2025-07-01 onward
27.1,27.1,41.50541,-81.66791,2025-09-13,20:00:00,1.463,Trim 27.1 from 2025-07-01 onward
27.1,27.1,41.50541,-81.66791,2025-09-13,21:30:00,11.316,Trim 27.1 from 2025-07-01 onward
27.1,27.1,41.50541,-81.66791,2025-09-13,22:00:00,2.506,Trim 27.1 from 2025-07-01 onward
27.1,27.1,41.50541,-81.66791,2025-09-13,22:30:00,1.976,Trim 27.1 from 2025-07-01 onward
27.1,27.1,41.50541,-81.66791,2025-09-14,01:00:00,5.396,Trim 27.1 from 2025-07-01 onward
27.1,27.1,41.50541,-81.66791,2025-09-14,02:30:00,6.453,Trim 27.1 from 2025-07-01 onward
27.1,27.1,41.50541,-81.66791,2025-09-14,03:00:00,8.452,Trim 27.1 from 2025-07-01 onward
27.1,27.1,41.50541,-81.66791,2025-09-14,04:30:00,35.981,Trim 27.1 from 2025-07-01 onward
27.1,27.1,41.50541,-81.66791,2025-09-14,05:00:00,10.252,Trim 27.1 from 2025-07-01 onward
27.1,27.1,41.50541,-81.66791,2025-09-14,05:30:00,39.632,Trim 27.1 from 2025-07-01 onward
27.1,27.1,41.50541,-81.66791,2025-09-14,06:00:00,44.941,Trim 27.1 from 2025-07-01 onward
27.1,27.1,41.50541,-81.66791,2025-09-14,06:30:00,33.2,Trim 27.1 from 2025-07-01 onward
27.1,27.1,41.50541,-81.66791,2025-09-14,07:00:00,169.316,Trim 27.1 from 2025-07-01 onward
27.1,27.1,41.50541,-81.66791,2025-09-14,07:30:00,36.04,Trim 27.1 from 2025-07-01 onward
27.1,27.1,41.50541,-81.66791,2025-09-14,09:30:00,223.079,Trim 27.1 from 2025-07-01 onward
27.1,27.1,41.50541,-81.66791,2025-09-14,11:00:00,173.834,Trim 27.1 from 2025-07-01 onward
27.1,27.1,41.50541,-81.66791,2025-09-14,12:00:00,7.287,Trim 27.1 from 2025-07-01 onward
27.1,27.1,41.50541,-81.66791,2025-09-14,12:30:00,4.466,Trim 27.1 from 2025-07-01 onward
27.1,27.1,41.50541,-81.66791,2025-09-14,13:00:00,3.449,Trim 27.1 from 2025-07-01 onward
27.1,27.1,41.50541,-81.66791,2025-09-14,13:30:00,2.776,Trim 27.1 from 2025-07-01 onward
27.1,27.1,41.50541,-81.66791,2025-09-14,14:30:00,1.475,Trim 27.1 from 2025-07-01 onward
27.1,27.1,41.50541,-81.66791,2025-09-14,15:30:00,5.713,Trim 27.1 from 2025-07-01 onward
27.1,27.1,41.50541,-81.66791,2025-09-14,16:30:00,2.18,Trim 27.1 from 2025-07-01 onward
27.1,27.1,41.50541,-81.66791,2025-09-14,17:00:00,1.931,Trim 27.1 from 2025-07-01 onward
27.1,27.1,41.50541,-81.66791,2025-09-14,17:30:00,4.444,Trim 27.1 from 2025-07-01 onward
27.1,27.1,41.50541,-81.66791,2025-09-14,18:00:00,4.666,Trim 27.1 from 2025-07-01 onward
27.1,27.1,41.50541,-81.66791,2025-09-14,19:30:00,5.411,Trim 27.1 from 2025-07-01 onward
27.1,27.1,41.50541,-81.66791,2025-09-14,20:30:00,48.047,Trim 27.1 from 2025-07-01 onward
27.1,27.1,41.50541,-81.66791,2025-09-14,21:00:00,4.894,Trim 27.1 from 2025-07-01 onward
27.1,27.1,41.50541,-81.66791,2025-09-14,21:30:00,4.838,Trim 27.1 from 2025-07-01 onward
27.1,27.1,41.50541,-81.66791,2025-09-14,22:00:00,3.467,Trim 27.1 from 2025-07-01 onward
27.1,27.1,41.50541,-81.66791,2025-09-14,23:30:00,2.427,Trim 27.1 from 2025-07-01 onward
27.1,27.1,41.50541,-81.66791,2025-09-15,00:00:00,4.072,Trim 27.1 from 2025-07-01 onward
27.1,27.1,41.50541,-81.66791,2025-09-15,01:30:00,6.646,Trim 27.1 from 2025-07-01 onward
27.1,27.1,41.50541,-81.66791,2025-09-15,02:00:00,4.257,Trim 27.1 from 2025-07-01 onward
27.1,27.1,41.50541,-81.66791,2025-09-15,02:30:00,4.263,Trim 27.1 from 2025-07-01 onward
27.1,27.1,41.50541,-81.66791,2025-09-15,03:00:00,6.04,Trim 27.1 from 2025-07-01 onward
27.1,27.1,41.50541,-81.66791,2025-09-15,03:30:00,5.976,Trim 27.1 from 2025-07-01 onward
27.1,27.1,41.50541,-81.66791,2025-09-15,05:00:00,5.922,Trim 27.1 from 2025-07-01 onward
27.1,27.1,41.50541,-81.66791,2025-09-15,05:30:00,24.745,Trim 27.1 from 2025-07-01 onward
27.1,27.1,41.50541,-81.66791,2025-09-15,06:00:00,11.94,Trim 27.1 from 2025-07-01 onward
27.1,27.1,41.50541,-81.66791,2025-09-15,06:30:00,15.906,Trim 27.1 from 2025-07-01 onward
27.1,27.1,41.50541,-81.66791,2025-09-15,07:30:00,13.848,Trim 27.1 from 2025-07-01 onward
27.1,27.1,41.50541,-81.66791,2025-09-15,08:00:00,26.165,Trim 27.1 from 2025-07-01 onward
27.1,27.1,41.50541,-81.66791,2025-09-15,10:00:00,88.228,Trim 27.1 from 2025-07-01 onward
27.1,27.1,41.50541,-81.66791,2025-09-15,10:30:00,88.228,Trim 27.1 from 2025-07-01 onward
27.1,27.1,41.50541,-81.66791,2025-09-15,11:30:00,88.228,Trim 27.1 from 2025-07-01 onward
27.1,27.1,41.50541,-81.66791,2025-09-15,12:30:00,15.343,Trim 27.1 from 2025-07-01 onward
27.1,27.1,41.50541,-81.66791,2025-09-15,13:00:00,7.39,Trim 27.1 from 2025-07-01 onward
27.1,27.1,41.50541,-81.66791,2025-09-15,14:00:00,2.98,Trim 27.1 from 2025-07-01 onward
27.1,27.1,41.50541,-81.66791,2025-09-15,14:30:00,4.548,Trim 27.1 from 2025-07-01 onward
27.1,27.1,41.50541,-81.66791,2025-09-15,15:00:00,4.318,Trim 27.1 from 2025-07-01 onward
27.1,27.1,41.50541,-81.66791,2025-09-15,16:00:00,3.078,Trim 27.1 from 2025-07-01 onward
27.1,27.1,41.50541,-81.66791,2025-09-15,16:30:00,3.117,Trim 27.1 from 2025-07-01 onward
27.1,27.1,41.50541,-81.66791,2025-09-15,18:00:00,2.671,Trim 27.1 from 2025-07-01 onward
27.1,27.1,41.50541,-81.66791,2025-09-15,19:30:00,4.001,Trim 27.1 from 2025-07-01 onward
27.1,27.1,41.50541,-81.66791,2025-09-15,21:00:00,2.292,Trim 27.1 from 2025-07-01 onward
27.1,27.1,41.50541,-81.66791,2025-09-15,21:30:00,2.25,Trim 27.1 from 2025-07-01 onward
27.1,27.1,41.50541,-81.66791,2025-09-15,22:00:00,32.481,Trim 27.1 from 2025-07-01 onward
27.1,27.1,41.50541,-81.66791,2025-09-15,22:30:00,56.161,Trim 27.1 from 2025-07-01 onward
27.1,27.1,41.50541,-81.66791,2025-09-15,23:30:00,6.365,Trim 27.1 from 2025-07-01 onward
27.1,27.1,41.50541,-81.66791,2025-09-16,00:30:00,4.154,Trim 27.1 from 2025-07-01 onward
27.1,27.1,41.50541,-81.66791,2025-09-16,01:00:00,6.995,Trim 27.1 from 2025-07-01 onward
27.1,27.1,41.50541,-81.66791,2025-09-16,01:30:00,1.906,Trim 27.1 from 2025-07-01 onward
27.1,27.1,41.50541,-81.66791,2025-09-16,03:00:00,2.564,Trim 27.1 from 2025-07-01 onward
27.1,27.1,41.50541,-81.66791,2025-09-16,04:00:00,3.392,Trim 27.1 from 2025-07-01 onward
27.1,27.1,41.50541,-81.66791,2025-09-16,04:30:00,12.621,Trim 27.1 from 2025-07-01 onward
27.1,27.1,41.50541,-81.66791,2025-09-16,05:30:00,3.846,Trim 27.1 from 2025-07-01 onward
27.1,27.1,41.50541,-81.66791,2025-09-16,06:30:00,2.641,Trim 27.1 from 2025-07-01 onward
27.1,27.1,41.50541,-81.66791,2025-09-16,07:30:00,14.992,Trim 27.1 from 2025-07-01 onward
27.1,27.1,41.50541,-81.66791,2025-09-16,08:00:00,9.165,Trim 27.1 from 2025-07-01 onward
27.1,27.1,41.50541,-81.66791,2025-09-16,09:00:00,13.165,Trim 27.1 from 2025-07-01 onward
27.1,27.1,41.50541,-81.66791,2025-09-16,10:00:00,59.369,Trim 27.1 from 2025-07-01 onward
27.1,27.1,41.50541,-81.66791,2025-09-16,10:30:00,40.748,Trim 27.1 from 2025-07-01 onward
27.1,27.1,41.50541,-81.66791,2025-09-16,11:30:00,170.351,Trim 27.1 from 2025-07-01 onward
27.1,27.1,41.50541,-81.66791,2025-09-16,12:00:00,4.749,Trim 27.1 from 2025-07-01 onward
27.1,27.1,41.50541,-81.66791,2025-09-16,12:30:00,5.245,Trim 27.1 from 2025-07-01 onward
27.1,27.1,41.50541,-81.66791,2025-09-16,13:00:00,5.145,Trim 27.1 from 2025-07-01 onward
27.1,27.1,41.50541,-81.66791,2025-09-16,13:30:00,3.706,Trim 27.1 from 2025-07-01 onward
27.1,27.1,41.50541,-81.66791,2025-09-16,14:00:00,3.452,Trim 27.1 from 2025-07-01 onward
27.1,27.1,41.50541,-81.66791,2025-09-16,15:00:00,10.634,Trim 27.1 from 2025-07-01 onward
27.1,27.1,41.50541,-81.66791,2025-09-16,15:30:00,6.964,Trim 27.1 from 2025-07-01 onward
27.1,27.1,41.50541,-81.66791,2025-09-16,16:00:00,4.624,Trim 27.1 from 2025-07-01 onward
27.1,27.1,41.50541,-81.66791,2025-09-16,16:30:00,7.083,Trim 27.1 from 2025-07-01 onward
27.1,27.1,41.50541,-81.66791,2025-09-16,17:00:00,4.705,Trim 27.1 from 2025-07-01 onward
27.1,27.1,41.50541,-81.66791,2025-09-16,18:00:00,6.15,Trim 27.1 from 2025-07-01 onward
27.1,27.1,41.50541,-81.66791,2025-09-16,18:30:00,3.951,Trim 27.1 from 2025-07-01 onward
27.1,27.1,41.50541,-81.66791,2025-09-16,19:30:00,5.8,Trim 27.1 from 2025-07-01 onward
27.1,27.1,41.50541,-81.66791,2025-09-16,20:00:00,3.46,Trim 27.1 from 2025-07-01 onward
27.1,27.1,41.50541,-81.66791,2025-09-16,21:00:00,4.557,Trim 27.1 from 2025-07-01 onward
27.1,27.1,41.50541,-81.66791,2025-09-16,22:00:00,4.602,Trim 27.1 from 2025-07-01 onward
27.1,27.1,41.50541,-81.66791,2025-09-16,22:30:00,4.158,Trim 27.1 from 2025-07-01 onward
27.1,27.1,41.50541,-81.66791,2025-09-16,23:00:00,4.913,Trim 27.1 from 2025-07-01 onward
27.1,27.1,41.50541,-81.66791,2025-09-17,00:00:00,5.973,Trim 27.1 from 2025-07-01 onward
27.1,27.1,41.50541,-81.66791,2025-09-17,00:30:00,3.524,Trim 27.1 from 2025-07-01 onward
27.1,27.1,41.50541,-81.66791,2025-09-17,01:00:00,3.308,Trim 27.1 from 2025-07-01 onward
27.1,27.1,41.50541,-81.66791,2025-09-17,01:30:00,79.989,Trim 27.1 from 2025-07-01 onward
27.1,27.1,41.50541,-81.66791,2025-09-17,02:00:00,2.675,Trim 27.1 from 2025-07-01 onward
27.1,27.1,41.50541,-81.66791,2025-09-17,03:00:00,5.407,Trim 27.1 from 2025-07-01 onward
27.1,27.1,41.50541,-81.66791,2025-09-17,03:30:00,12.326,Trim 27.1 from 2025-07-01 onward
27.1,27.1,41.50541,-81.66791,2025-09-17,04:00:00,5.294,Trim 27.1 from 2025-07-01 onward
27.1,27.1,41.50541,-81.66791,2025-09-17,04:30:00,6.779,Trim 27.1 from 2025-07-01 onward
27.1,27.1,41.50541,-81.66791,2025-09-17,05:00:00,6.652,Trim 27.1 from 2025-07-01 onward
27.1,27.1,41.50541,-81.66791,2025-09-17,05:30:00,10.502,Trim 27.1 from 2025-07-01 onward
27.1,27.1,41.50541,-81.66791,2025-09-17,06:00:00,7.503,Trim 27.1 from 2025-07-01 onward
27.1,27.1,41.50541,-81.66791,2025-09-17,06:30:00,15.176,Trim 27.1 from 2025-07-01 onward
27.1,27.1,41.50541,-81.66791,2025-09-17,07:00:00,30.123,Trim 27.1 from 2025-07-01 onward
27.1,27.1,41.50541,-81.66791,2025-09-17,07:30:00,21.62,Trim 27.1 from 2025-07-01 onward
27.1,27.1,41.50541,-81.66791,2025-09-17,08:30:00,37.547,Trim 27.1 from 2025-07-01 onward
27.1,27.1,41.50541,-81.66791,2025-09-17,09:00:00,53.875,Trim 27.1 from 2025-07-01 onward
27.1,27.1,41.50541,-81.66791,2025-09-17,09:30:00,82.618,Trim 27.1 from 2025-07-01 onward
27.1,27.1,41.50541,-81.66791,2025-09-17,10:30:00,111.323,Trim 27.1 from 2025-07-01 onward
27.1,27.1,41.50541,-81.66791,2025-09-17,12:00:00,16.051,Trim 27.1 from 2025-07-01 onward
27.1,27.1,41.50541,-81.66791,2025-09-17,14:00:00,3.981,Trim 27.1 from 2025-07-01 onward
27.1,27.1,41.50541,-81.66791,2025-09-17,14:30:00,5.729,Trim 27.1 from 2025-07-01 onward
27.1,27.1,41.50541,-81.66791,2025-09-17,15:00:00,11.002,Trim 27.1 from 2025-07-01 onward
27.1,27.1,41.50541,-81.66791,2025-09-17,16:00:00,3.66,Trim 27.1 from 2025-07-01 onward
27.1,27.1,41.50541,-81.66791,2025-09-17,16:30:00,4.766,Trim 27.1 from 2025-07-01 onward
27.1,27.1,41.50541,-81.66791,2025-09-17,17:00:00,3.041,Trim 27.1 from 2025-07-01 onward
27.1,27.1,41.50541,-81.66791,2025-09-17,18:00:00,4.711,Trim 27.1 from 2025-07-01 onward
27.1,27.1,41.50541,-81.66791,2025-09-17,19:00:00,3.45,Trim 27.1 from 2025-07-01 onward
27.1,27.1,41.50541,-81.66791,2025-09-17,19:30:00,2.38,Trim 27.1 from 2025-07-01 onward
27.1,27.1,41.50541,-81.66791,2025-09-17,22:00:00,3.907,Trim 27.1 from 2025-07-01 onward
27.1,27.1,41.50541,-81.66791,2025-09-17,23:00:00,3.287,Trim 27.1 from 2025-07-01 onward
27.1,27.1,41.50541,-81.66791,2025-09-18,01:00:00,2.367,Trim 27.1 from 2025-07-01 onward
27.1,27.1,41.50541,-81.66791,2025-09-18,01:30:00,6.1,Trim 27.1 from 2025-07-01 onward
27.1,27.1,41.50541,-81.66791,2025-09-18,02:00:00,5.372,Trim 27.1 from 2025-07-01 onward
27.1,27.1,41.50541,-81.66791,2025-09-18,02:30:00,5.284,Trim 27.1 from 2025-07-01 onward
27.1,27.1,41.50541,-81.66791,2025-09-18,03:00:00,3.632,Trim 27.1 from 2025-07-01 onward
27.1,27.1,41.50541,-81.66791,2025-09-18,03:30:00,6.031,Trim 27.1 from 2025-07-01 onward
27.1,27.1,41.50541,-81.66791,2025-09-18,04:00:00,8.34,Trim 27.1 from 2025-07-01 onward
27.1,27.1,41.50541,-81.66791,2025-09-18,04:30:00,8.941,Trim 27.1 from 2025-07-01 onward
27.1,27.1,41.50541,-81.66791,2025-09-18,05:30:00,18.353,Trim 27.1 from 2025-07-01 onward
27.1,27.1,41.50541,-81.66791,2025-09-18,06:00:00,34.244,Trim 27.1 from 2025-07-01 onward
27.1,27.1,41.50541,-81.66791,2025-09-18,06:30:00,129.333,Trim 27.1 from 2025-07-01 onward
27.1,27.1,41.50541,-81.66791,2025-09-18,07:30:00,124.702,Trim 27.1 from 2025-07-01 onward
27.1,27.1,41.50541,-81.66791,2025-09-18,08:00:00,158.971,Trim 27.1 from 2025-07-01 onward
27.1,27.1,41.50541,-81.66791,2025-09-18,08:30:00,142.823,Trim 27.1 from 2025-07-01 onward
27.1,27.1,41.50541,-81.66791,2025-09-18,09:00:00,153.477,Trim 27.1 from 2025-07-01 onward
27.1,27.1,41.50541,-81.66791,2025-09-18,09:30:00,133.125,Trim 27.1 from 2025-07-01 onward
27.1,27.1,41.50541,-81.66791,2025-09-18,10:00:00,210.107,Trim 27.1 from 2025-07-01 onward
27.1,27.1,41.50541,-81.66791,2025-09-18,10:30:00,214.673,Trim 27.1 from 2025-07-01 onward
27.1,27.1,41.50541,-81.66791,2025-09-18,12:00:00,157.547,Trim 27.1 from 2025-07-01 onward
27.1,27.1,41.50541,-81.66791,2025-09-18,12:30:00,13.876,Trim 27.1 from 2025-07-01 onward
27.1,27.1,41.50541,-81.66791,2025-09-18,14:00:00,6.211,Trim 27.1 from 2025-07-01 onward
27.1,27.1,41.50541,-81.66791,2025-09-18,14:30:00,4.951,Trim 27.1 from 2025-07-01 onward
27.1,27.1,41.50541,-81.66791,2025-09-18,15:00:00,3.695,Trim 27.1 from 2025-07-01 onward
27.1,27.1,41.50541,-81.66791,2025-09-18,15:30:00,4.082,Trim 27.1 from 2025-07-01 onward
27.1,27.1,41.50541,-81.66791,2025-09-18,16:30:00,2.107,Trim 27.1 from 2025-07-01 onward
27.1,27.1,41.50541,-81.66791,2025-09-18,17:00:00,4.063,Trim 27.1 from 2025-07-01 onward
27.1,27.1,41.50541,-81.66791,2025-09-18,18:30:00,4.996,Trim 27.1 from 2025-07-01 onward
27.1,27.1,41.50541,-81.66791,2025-09-18,19:00:00,2.738,Trim 27.1 from 2025-07-01 onward
27.1,27.1,41.50541,-81.66791,2025-09-18,19:30:00,2.702,Trim 27.1 from 2025-07-01 onward
27.1,27.1,41.50541,-81.66791,2025-09-18,20:30:00,7.131,Trim 27.1 from 2025-07-01 onward
27.1,27.1,41.50541,-81.66791,2025-09-18,21:00:00,3.123,Trim 27.1 from 2025-07-01 onward
27.1,27.1,41.50541,-81.66791,2025-09-18,22:00:00,3.955,Trim 27.1 from 2025-07-01 onward
27.1,27.1,41.50541,-81.66791,2025-09-18,23:00:00,4.777,Trim 27.1 from 2025-07-01 onward
27.1,27.1,41.50541,-81.66791,2025-09-18,23:30:00,1.824,Trim 27.1 from 2025-07-01 onward
27.1,27.1,41.50541,-81.66791,2025-09-19,00:00:00,1.306,Trim 27.1 from 2025-07-01 onward
27.1,27.1,41.50541,-81.66791,2025-09-19,00:30:00,4.932,Trim 27.1 from 2025-07-01 onward
27.1,27.1,41.50541,-81.66791,2025-09-19,02:30:00,3.285,Trim 27.1 from 2025-07-01 onward
27.1,27.1,41.50541,-81.66791,2025-09-19,04:00:00,9.231,Trim 27.1 from 2025-07-01 onward
27.1,27.1,41.50541,-81.66791,2025-09-19,05:30:00,10.999,Trim 27.1 from 2025-07-01 onward
27.1,27.1,41.50541,-81.66791,2025-09-19,06:00:00,10.655,Trim 27.1 from 2025-07-01 onward
27.1,27.1,41.50541,-81.66791,2025-09-19,06:30:00,5.882,Trim 27.1 from 2025-07-01 onward
27.1,27.1,41.50541,-81.66791,2025-09-19,07:00:00,7.851,Trim 27.1 from 2025-07-01 onward
27.1,27.1,41.50541,-81.66791,2025-09-19,08:00:00,12.307,Trim 27.1 from 2025-07-01 onward
27.1,27.1,41.50541,-81.66791,2025-09-19,09:00:00,16.883,Trim 27.1 from 2025-07-01 onward
27.1,27.1,41.50541,-81.66791,2025-09-19,09:30:00,9.15,Trim 27.1 from 2025-07-01 onward
27.1,27.1,41.50541,-81.66791,2025-09-19,10:00:00,16.681,Trim 27.1 from 2025-07-01 onward
27.1,27.1,41.50541,-81.66791,2025-09-19,10:30:00,10.532,Trim 27.1 from 2025-07-01 onward
27.1,27.1,41.50541,-81.66791,2025-09-19,11:30:00,22.813,Trim 27.1 from 2025-07-01 onward
27.1,27.1,41.50541,-81.66791,2025-09-19,12:30:00,6.573,Trim 27.1 from 2025-07-01 onward
27.1,27.1,41.50541,-81.66791,2025-09-19,13:00:00,5.306,Trim 27.1 from 2025-07-01 onward
27.1,27.1,41.50541,-81.66791,2025-09-19,14:00:00,6.069,Trim 27.1 from 2025-07-01 onward
27.1,27.1,41.50541,-81.66791,2025-09-19,15:00:00,4.73,Trim 27.1 from 2025-07-01 onward
27.1,27.1,41.50541,-81.66791,2025-09-19,15:30:00,3.367,Trim 27.1 from 2025-07-01 onward
27.1,27.1,41.50541,-81.66791,2025-09-19,16:00:00,2.443,Trim 27.1 from 2025-07-01 onward
27.1,27.1,41.50541,-81.66791,2025-09-19,17:00:00,26.082,Trim 27.1 from 2025-07-01 onward
27.1,27.1,41.50541,-81.66791,2025-09-19,18:00:00,26.43,Trim 27.1 from 2025-07-01 onward
27.1,27.1,41.50541,-81.66791,2025-09-19,18:30:00,3.6,Trim 27.1 from 2025-07-01 onward
27.1,27.1,41.50541,-81.66791,2025-09-19,19:00:00,4.042,Trim 27.1 from 2025-07-01 onward
27.1,27.1,41.50541,-81.66791,2025-09-19,19:30:00,3.223,Trim 27.1 from 2025-07-01 onward
27.1,27.1,41.50541,-81.66791,2025-09-19,20:00:00,7.909,Trim 27.1 from 2025-07-01 onward
27.1,27.1,41.50541,-81.66791,2025-09-19,20:30:00,2.72,Trim 27.1 from 2025-07-01 onward
27.1,27.1,41.50541,-81.66791,2025-09-19,21:00:00,2.72,Trim 27.1 from 2025-07-01 onward
27.1,27.1,41.50541,-81.66791,2025-09-19,21:30:00,3.747,Trim 27.1 from 2025-07-01 onward
27.1,27.1,41.50541,-81.66791,2025-09-19,22:00:00,1.49,Trim 27.1 from 2025-07-01 onward
27.1,27.1,41.50541,-81.66791,2025-09-19,22:30:00,2.696,Trim 27.1 from 2025-07-01 onward
27.1,27.1,41.50541,-81.66791,2025-09-19,23:30:00,2.533,Trim 27.1 from 2025-07-01 onward
27.1,27.1,41.50541,-81.66791,2025-09-20,00:30:00,10.079,Trim 27.1 from 2025-07-01 onward
27.1,27.1,41.50541,-81.66791,2025-09-20,01:00:00,4.508,Trim 27.1 from 2025-07-01 onward
27.1,27.1,41.50541,-81.66791,2025-09-20,01:30:00,2.824,Trim 27.1 from 2025-07-01 onward
27.1,27.1,41.50541,-81.66791,2025-09-20,02:00:00,2.154,Trim 27.1 from 2025-07-01 onward
27.1,27.1,41.50541,-81.66791,2025-09-20,02:30:00,6.631,Trim 27.1 from 2025-07-01 onward
27.1,27.1,41.50541,-81.66791,2025-09-20,03:30:00,69.17,Trim 27.1 from 2025-07-01 onward
27.1,27.1,41.50541,-81.66791,2025-09-20,04:00:00,1.688,Trim 27.1 from 2025-07-01 onward
27.1,27.1,41.50541,-81.66791,2025-09-20,05:00:00,3.378,Trim 27.1 from 2025-07-01 onward
27.1,27.1,41.50541,-81.66791,2025-09-20,06:00:00,5.956,Trim 27.1 from 2025-07-01 onward
27.1,27.1,41.50541,-81.66791,2025-09-20,06:30:00,5.346,Trim 27.1 from 2025-07-01 onward
27.1,27.1,41.50541,-81.66791,2025-09-20,07:00:00,4.813,Trim 27.1 from 2025-07-01 onward
27.1,27.1,41.50541,-81.66791,2025-09-20,07:30:00,162.113,Trim 27.1 from 2025-07-01 onward
27.1,27.1,41.50541,-81.66791,2025-09-20,08:00:00,193.074,Trim 27.1 from 2025-07-01 onward
27.1,27.1,41.50541,-81.66791,2025-09-20,10:00:00,85.6,Trim 27.1 from 2025-07-01 onward
27.1,27.1,41.50541,-81.66791,2025-09-20,10:30:00,13.531,Trim 27.1 from 2025-07-01 onward
27.1,27.1,41.50541,-81.66791,2025-09-20,12:00:00,8.884,Trim 27.1 from 2025-07-01 onward
27.1,27.1,41.50541,-81.66791,2025-09-20,13:30:00,0.658,Trim 27.1 from 2025-07-01 onward
27.1,27.1,41.50541,-81.66791,2025-09-20,15:00:00,2.113,Trim 27.1 from 2025-07-01 onward
27.1,27.1,41.50541,-81.66791,2025-09-20,15:30:00,0.886,Trim 27.1 from 2025-07-01 onward
27.1,27.1,41.50541,-81.66791,2025-09-20,16:00:00,1.314,Trim 27.1 from 2025-07-01 onward
27.1,27.1,41.50541,-81.66791,2025-09-20,16:30:00,2.002,Trim 27.1 from 2025-07-01 onward
27.1,27.1,41.50541,-81.66791,2025-09-20,17:00:00,1.615,Trim 27.1 from 2025-07-01 onward
27.1,27.1,41.50541,-81.66791,2025-09-20,17:30:00,0.646,Trim 27.1 from 2025-07-01 onward
27.1,27.1,41.50541,-81.66791,2025-09-20,18:00:00,0.798,Trim 27.1 from 2025-07-01 onward
27.1,27.1,41.50541,-81.66791,2025-09-20,18:30:00,1.533,Trim 27.1 from 2025-07-01 onward
27.1,27.1,41.50541,-81.66791,2025-09-20,19:00:00,6.012,Trim 27.1 from 2025-07-01 onward
27.1,27.1,41.50541,-81.66791,2025-09-20,20:00:00,1.329,Trim 27.1 from 2025-07-01 onward
27.1,27.1,41.50541,-81.66791,2025-09-20,21:00:00,1.638,Trim 27.1 from 2025-07-01 onward
27.1,27.1,41.50541,-81.66791,2025-09-20,21:30:00,32.155,Trim 27.1 from 2025-07-01 onward
27.1,27.1,41.50541,-81.66791,2025-09-20,22:00:00,1.053,Trim 27.1 from 2025-07-01 onward
27.1,27.1,41.50541,-81.66791,2025-09-20,23:00:00,4.016,Trim 27.1 from 2025-07-01 onward
27.1,27.1,41.50541,-81.66791,2025-09-20,23:30:00,4.016,Trim 27.1 from 2025-07-01 onward
27.1,27.1,41.50541,-81.66791,2025-09-21,00:00:00,4.015,Trim 27.1 from 2025-07-01 onward
27.1,27.1,41.50541,-81.66791,2025-09-21,00:30:00,1.399,Trim 27.1 from 2025-07-01 onward
27.1,27.1,41.50541,-81.66791,2025-09-21,01:30:00,1.16,Trim 27.1 from 2025-07-01 onward
27.1,27.1,41.50541,-81.66791,2025-09-21,02:00:00,2.493,Trim 27.1 from 2025-07-01 onward
27.1,27.1,41.50541,-81.66791,2025-09-21,02:30:00,4.157,Trim 27.1 from 2025-07-01 onward
27.1,27.1,41.50541,-81.66791,2025-09-21,03:30:00,1.812,Trim 27.1 from 2025-07-01 onward
27.1,27.1,41.50541,-81.66791,2025-09-21,04:00:00,5.209,Trim 27.1 from 2025-07-01 onward
27.1,27.1,41.50541,-81.66791,2025-09-21,05:30:00,3.69,Trim 27.1 from 2025-07-01 onward
27.1,27.1,41.50541,-81.66791,2025-09-21,06:00:00,1.117,Trim 27.1 from 2025-07-01 onward
27.1,27.1,41.50541,-81.66791,2025-09-21,07:30:00,8.614,Trim 27.1 from 2025-07-01 onward
27.1,27.1,41.50541,-81.66791,2025-09-21,08:00:00,4.436,Trim 27.1 from 2025-07-01 onward
27.1,27.1,41.50541,-81.66791,2025-09-21,08:30:00,6.64,Trim 27.1 from 2025-07-01 onward
27.1,27.1,41.50541,-81.66791,2025-09-21,09:00:00,9.353,Trim 27.1 from 2025-07-01 onward
27.1,27.1,41.50541,-81.66791,2025-09-21,10:00:00,21.67,Trim 27.1 from 2025-07-01 onward
27.1,27.1,41.50541,-81.66791,2025-09-21,10:30:00,11.615,Trim 27.1 from 2025-07-01 onward
27.1,27.1,41.50541,-81.66791,2025-09-21,11:00:00,19.557,Trim 27.1 from 2025-07-01 onward
27.1,27.1,41.50541,-81.66791,2025-09-21,11:30:00,12.078,Trim 27.1 from 2025-07-01 onward
27.1,27.1,41.50541,-81.66791,2025-09-21,12:00:00,6.096,Trim 27.1 from 2025-07-01 onward
27.1,27.1,41.50541,-81.66791,2025-09-21,13:00:00,2.629,Trim 27.1 from 2025-07-01 onward
27.1,27.1,41.50541,-81.66791,2025-09-21,14:00:00,3.285,Trim 27.1 from 2025-07-01 onward
27.1,27.1,41.50541,-81.66791,2025-09-21,15:00:00,5.841,Trim 27.1 from 2025-07-01 onward
27.1,27.1,41.50541,-81.66791,2025-09-21,15:30:00,1.978,Trim 27.1 from 2025-07-01 onward
27.1,27.1,41.50541,-81.66791,2025-09-21,16:00:00,2.901,Trim 27.1 from 2025-07-01 onward
27.1,27.1,41.50541,-81.66791,2025-09-21,17:30:00,6.435,Trim 27.1 from 2025-07-01 onward
27.1,27.1,41.50541,-81.66791,2025-09-21,18:00:00,6.371,Trim 27.1 from 2025-07-01 onward
27.1,27.1,41.50541,-81.66791,2025-09-21,18:30:00,4.86,Trim 27.1 from 2025-07-01 onward
27.1,27.1,41.50541,-81.66791,2025-09-21,19:30:00,5.557,Trim 27.1 from 2025-07-01 onward
27.1,27.1,41.50541,-81.66791,2025-09-21,20:30:00,4.527,Trim 27.1 from 2025-07-01 onward
27.1,27.1,41.50541,-81.66791,2025-09-21,21:00:00,5.233,Trim 27.1 from 2025-07-01 onward
27.1,27.1,41.50541,-81.66791,2025-09-21,21:30:00,14.888,Trim 27.1 from 2025-07-01 onward
27.1,27.1,41.50541,-81.66791,2025-09-21,22:00:00,64.605,Trim 27.1 from 2025-07-01 onward
27.1,27.1,41.50541,-81.66791,2025-09-21,22:30:00,15.47,Trim 27.1 from 2025-07-01 onward
27.1,27.1,41.50541,-81.66791,2025-09-21,23:00:00,6.844,Trim 27.1 from 2025-07-01 onward
27.1,27.1,41.50541,-81.66791,2025-09-21,23:30:00,14.569,Trim 27.1 from 2025-07-01 onward
27.1,27.1,41.50541,-81.66791,2025-09-22,00:00:00,46.777,Trim 27.1 from 2025-07-01 onward
27.1,27.1,41.50541,-81.66791,2025-09-22,00:30:00,32.155,Trim 27.1 from 2025-07-01 onward
27.1,27.1,41.50541,-81.66791,2025-09-22,02:00:00,83.008,Trim 27.1 from 2025-07-01 onward
27.1,27.1,41.50541,-81.66791,2025-09-22,03:30:00,22.001,Trim 27.1 from 2025-07-01 onward
27.1,27.1,41.50541,-81.66791,2025-09-22,04:30:00,35.637,Trim 27.1 from 2025-07-01 onward
27.1,27.1,41.50541,-81.66791,2025-09-22,05:30:00,40.628,Trim 27.1 from 2025-07-01 onward
27.1,27.1,41.50541,-81.66791,2025-09-22,07:00:00,46.362,Trim 27.1 from 2025-07-01 onward
27.1,27.1,41.50541,-81.66791,2025-09-22,08:30:00,20.057,Trim 27.1 from 2025-07-01 onward
27.1,27.1,41.50541,-81.66791,2025-09-22,10:00:00,132.223,Trim 27.1 from 2025-07-01 onward
27.1,27.1,41.50541,-81.66791,2025-09-22,10:30:00,120.743,Trim 27.1 from 2025-07-01 onward
27.1,27.1,41.50541,-81.66791,2025-09-22,11:30:00,143.267,Trim 27.1 from 2025-07-01 onward
27.1,27.1,41.50541,-81.66791,2025-09-22,13:30:00,104.047,Trim 27.1 from 2025-07-01 onward
27.1,27.1,41.50541,-81.66791,2025-09-22,14:00:00,9.68,Trim 27.1 from 2025-07-01 onward
27.1,27.1,41.50541,-81.66791,2025-09-22,14:30:00,17.387,Trim 27.1 from 2025-07-01 onward
27.1,27.1,41.50541,-81.66791,2025-09-22,15:30:00,12.619,Trim 27.1 from 2025-07-01 onward
27.1,27.1,41.50541,-81.66791,2025-09-22,16:30:00,5.993,Trim 27.1 from 2025-07-01 onward
27.1,27.1,41.50541,-81.66791,2025-09-22,17:00:00,5.481,Trim 27.1 from 2025-07-01 onward
27.1,27.1,41.50541,-81.66791,2025-09-22,20:00:00,192.384,Trim 27.1 from 2025-07-01 onward
27.1,27.1,41.50541,-81.66791,2025-09-22,20:30:00,73.885,Trim 27.1 from 2025-07-01 onward
27.1,27.1,41.50541,-81.66791,2025-09-22,21:00:00,198.059,Trim 27.1 from 2025-07-01 onward
27.1,27.1,41.50541,-81.66791,2025-09-22,22:00:00,52.843,Trim 27.1 from 2025-07-01 onward
27.1,27.1,41.50541,-81.66791,2025-09-22,22:30:00,32.093,Trim 27.1 from 2025-07-01 onward
27.1,27.1,41.50541,-81.66791,2025-09-22,23:00:00,15.697,Trim 27.1 from 2025-07-01 onward
27.1,27.1,41.50541,-81.66791,2025-09-23,00:00:00,124.854,Trim 27.1 from 2025-07-01 onward
27.1,27.1,41.50541,-81.66791,2025-09-23,00:30:00,46.587,Trim 27.1 from 2025-07-01 onward
27.1,27.1,41.50541,-81.66791,2025-09-23,03:00:00,14.521,Trim 27.1 from 2025-07-01 onward
27.1,27.1,41.50541,-81.66791,2025-09-23,04:00:00,35.544,Trim 27.1 from 2025-07-01 onward
27.1,27.1,41.50541,-81.66791,2025-09-26,13:00:00,68.779,Trim 27.1 from 2025-07-01 onward
27.1,27.1,41.50541,-81.66791,2025-09-26,13:30:00,37.226,Trim 27.1 from 2025-07-01 onward
27.1,27.1,41.50541,-81.66791,2025-09-26,14:00:00,8.624,Trim 27.1 from 2025-07-01 onward
27.1,27.1,41.50541,-81.66791,2025-09-26,14:30:00,25.369,Trim 27.1 from 2025-07-01 onward
27.1,27.1,41.50541,-81.66791,2025-09-26,15:00:00,64.479,Trim 27.1 from 2025-07-01 onward
27.1,27.1,41.50541,-81.66791,2025-09-26,15:30:00,4.248,Trim 27.1 from 2025-07-01 onward
27.1,27.1,41.50541,-81.66791,2025-09-26,16:00:00,8.127,Trim 27.1 from 2025-07-01 onward
27.1,27.1,41.50541,-81.66791,2025-09-26,16:30:00,8.293,Trim 27.1 from 2025-07-01 onward
27.1,27.1,41.50541,-81.66791,2025-09-26,17:00:00,112.765,Trim 27.1 from 2025-07-01 onward
27.1,27.1,41.50541,-81.66791,2025-09-26,17:30:00,3.24,Trim 27.1 from 2025-07-01 onward
27.1,27.1,41.50541,-81.66791,2025-09-26,18:00:00,6.654,Trim 27.1 from 2025-07-01 onward
27.1,27.1,41.50541,-81.66791,2025-09-26,18:30:00,2.714,Trim 27.1 from 2025-07-01 onward
27.1,27.1,41.50541,-81.66791,2025-09-26,19:00:00,6.627,Trim 27.1 from 2025-07-01 onward
27.1,27.1,41.50541,-81.66791,2025-09-26,19:30:00,2.239,Trim 27.1 from 2025-07-01 onward
27.1,27.1,41.50541,-81.66791,2025-09-26,20:00:00,2.705,Trim 27.1 from 2025-07-01 onward
27.1,27.1,41.50541,-81.66791,2025-09-26,20:30:00,6.804,Trim 27.1 from 2025-07-01 onward
27.1,27.1,41.50541,-81.66791,2025-09-26,21:00:00,1.298,Trim 27.1 from 2025-07-01 onward
27.1,27.1,41.50541,-81.66791,2025-09-26,21:30:00,2.756,Trim 27.1 from 2025-07-01 onward
27.1,27.1,41.50541,-81.66791,2025-09-26,22:00:00,1.785,Trim 27.1 from 2025-07-01 onward
27.1,27.1,41.50541,-81.66791,2025-09-26,22:30:00,31.386,Trim 27.1 from 2025-07-01 onward
27.1,27.1,41.50541,-81.66791,2025-09-26,23:00:00,14.68,Trim 27.1 from 2025-07-01 onward
27.1,27.1,41.50541,-81.66791,2025-09-26,23:30:00,3.916,Trim 27.1 from 2025-07-01 onward
27.1,27.1,41.50541,-81.66791,2025-09-27,00:00:00,2.438,Trim 27.1 from 2025-07-01 onward
27.1,27.1,41.50541,-81.66791,2025-09-27,00:30:00,1.8,Trim 27.1 from 2025-07-01 onward
27.1,27.1,41.50541,-81.66791,2025-09-27,01:00:00,4.353,Trim 27.1 from 2025-07-01 onward
27.1,27.1,41.50541,-81.66791,2025-09-27,01:30:00,6.412,Trim 27.1 from 2025-07-01 onward
27.1,27.1,41.50541,-81.66791,2025-09-27,02:00:00,18.468,Trim 27.1 from 2025-07-01 onward
27.1,27.1,41.50541,-81.66791,2025-09-27,02:30:00,11.482,Trim 27.1 from 2025-07-01 onward
27.1,27.1,41.50541,-81.66791,2025-09-27,03:00:00,23.47,Trim 27.1 from 2025-07-01 onward
27.1,27.1,41.50541,-81.66791,2025-09-27,03:30:00,13.01,Trim 27.1 from 2025-07-01 onward
27.1,27.1,41.50541,-81.66791,2025-09-27,04:00:00,16.828,Trim 27.1 from 2025-07-01 onward
27.1,27.1,41.50541,-81.66791,2025-09-27,04:30:00,43.304,Trim 27.1 from 2025-07-01 onward
27.1,27.1,41.50541,-81.66791,2025-09-27,05:00:00,38.208,Trim 27.1 from 2025-07-01 onward
27.1,27.1,41.50541,-81.66791,2025-09-27,05:30:00,49.229,Trim 27.1 from 2025-07-01 onward
27.1,27.1,41.50541,-81.66791,2025-09-27,06:00:00,37.381,Trim 27.1 from 2025-07-01 onward
27.1,27.1,41.50541,-81.66791,2025-09-27,06:30:00,150.433,Trim 27.1 from 2025-07-01 onward
27.1,27.1,41.50541,-81.66791,2025-09-27,07:00:00,69.664,Trim 27.1 from 2025-07-01 onward
27.1,27.1,41.50541,-81.66791,2025-09-27,07:30:00,106.195,Trim 27.1 from 2025-07-01 onward
27.1,27.1,41.50541,-81.66791,2025-09-27,08:00:00,34.624,Trim 27.1 from 2025-07-01 onward
27.1,27.1,41.50541,-81.66791,2025-09-27,08:30:00,50.525,Trim 27.1 from 2025-07-01 onward
27.1,27.1,41.50541,-81.66791,2025-09-27,09:00:00,39.632,Trim 27.1 from 2025-07-01 onward
27.1,27.1,41.50541,-81.66791,2025-09-27,09:30:00,36.385,Trim 27.1 from 2025-07-01 onward
27.1,27.1,41.50541,-81.66791,2025-09-27,10:00:00,201.259,Trim 27.1 from 2025-07-01 onward
27.1,27.1,41.50541,-81.66791,2025-09-27,12:00:00,216.147,Trim 27.1 from 2025-07-01 onward
27.1,27.1,41.50541,-81.66791,2025-09-27,12:30:00,192.593,Trim 27.1 from 2025-07-01 onward
27.1,27.1,41.50541,-81.66791,2025-09-27,13:00:00,185.88,Trim 27.1 from 2025-07-01 onward
27.1,27.1,41.50541,-81.66791,2025-09-27,13:30:00,7.822,Trim 27.1 from 2025-07-01 onward
27.1,27.1,41.50541,-81.66791,2025-09-27,14:00:00,7.289,Trim 27.1 from 2025-07-01 onward
27.1,27.1,41.50541,-81.66791,2025-09-27,14:30:00,7.776,Trim 27.1 from 2025-07-01 onward
27.1,27.1,41.50541,-81.66791,2025-09-27,15:00:00,6.428,Trim 27.1 from 2025-07-01 onward
27.1,27.1,41.50541,-81.66791,2025-09-27,15:30:00,3.969,Trim 27.1 from 2025-07-01 onward
27.1,27.1,41.50541,-81.66791,2025-09-27,16:00:00,2.327,Trim 27.1 from 2025-07-01 onward
27.1,27.1,41.50541,-81.66791,2025-09-27,16:30:00,2.442,Trim 27.1 from 2025-07-01 onward
27.1,27.1,41.50541,-81.66791,2025-09-27,17:00:00,2.443,Trim 27.1 from 2025-07-01 onward
27.1,27.1,41.50541,-81.66791,2025-09-27,17:30:00,1.688,Trim 27.1 from 2025-07-01 onward
27.1,27.1,41.50541,-81.66791,2025-09-27,18:00:00,3.241,Trim 27.1 from 2025-07-01 onward
27.1,27.1,41.50541,-81.66791,2025-09-27,18:30:00,1.66,Trim 27.1 from 2025-07-01 onward
27.1,27.1,41.50541,-81.66791,2025-09-27,19:00:00,1.567,Trim 27.1 from 2025-07-01 onward
27.1,27.1,41.50541,-81.66791,2025-09-27,19:30:00,2.623,Trim 27.1 from 2025-07-01 onward
27.1,27.1,41.50541,-81.66791,2025-09-27,20:00:00,3.09,Trim 27.1 from 2025-07-01 onward
27.1,27.1,41.50541,-81.66791,2025-09-27,20:30:00,3.201,Trim 27.1 from 2025-07-01 onward
27.1,27.1,41.50541,-81.66791,2025-09-27,21:00:00,2.19,Trim 27.1 from 2025-07-01 onward
27.1,27.1,41.50541,-81.66791,2025-09-27,21:30:00,3.508,Trim 27.1 from 2025-07-01 onward
27.1,27.1,41.50541,-81.66791,2025-09-27,22:00:00,4.987,Trim 27.1 from 2025-07-01 onward
27.1,27.1,41.50541,-81.66791,2025-09-27,22:30:00,3.178,Trim 27.1 from 2025-07-01 onward
27.1,27.1,41.50541,-81.66791,2025-09-27,23:00:00,5.11,Trim 27.1 from 2025-07-01 onward
27.1,27.1,41.50541,-81.66791,2025-09-27,23:30:00,2.295,Trim 27.1 from 2025-07-01 onward
27.1,27.1,41.50541,-81.66791,2025-09-28,00:00:00,3.374,Trim 27.1 from 2025-07-01 onward
27.1,27.1,41.50541,-81.66791,2025-09-28,00:30:00,5.984,Trim 27.1 from 2025-07-01 onward
27.1,27.1,41.50541,-81.66791,2025-09-28,01:00:00,6.161,Trim 27.1 from 2025-07-01 onward
27.1,27.1,41.50541,-81.66791,2025-09-28,01:30:00,9.258,Trim 27.1 from 2025-07-01 onward
27.1,27.1,41.50541,-81.66791,2025-09-28,02:00:00,7.398,Trim 27.1 from 2025-07-01 onward
27.1,27.1,41.50541,-81.66791,2025-09-28,02:30:00,5.45,Trim 27.1 from 2025-07-01 onward
27.1,27.1,41.50541,-81.66791,2025-09-28,03:00:00,5.571,Trim 27.1 from 2025-07-01 onward
27.1,27.1,41.50541,-81.66791,2025-09-28,03:30:00,5.37,Trim 27.1 from 2025-07-01 onward
27.1,27.1,41.50541,-81.66791,2025-09-28,04:30:00,5.827,Trim 27.1 from 2025-07-01 onward
27.1,27.1,41.50541,-81.66791,2025-09-28,05:00:00,15.499,Trim 27.1 from 2025-07-01 onward
27.1,27.1,41.50541,-81.66791,2025-09-28,05:30:00,6.779,Trim 27.1 from 2025-07-01 onward
27.1,27.1,41.50541,-81.66791,2025-09-28,06:00:00,10.108,Trim 27.1 from 2025-07-01 onward
27.1,27.1,41.50541,-81.66791,2025-09-28,06:30:00,11.799,Trim 27.1 from 2025-07-01 onward
27.1,27.1,41.50541,-81.66791,2025-09-28,07:00:00,4.229,Trim 27.1 from 2025-07-01 onward
27.1,27.1,41.50541,-81.66791,2025-09-28,07:30:00,5.12,Trim 27.1 from 2025-07-01 onward
27.1,27.1,41.50541,-81.66791,2025-09-28,08:00:00,4.313,Trim 27.1 from 2025-07-01 onward
27.1,27.1,41.50541,-81.66791,2025-09-28,08:30:00,4.879,Trim 27.1 from 2025-07-01 onward
27.1,27.1,41.50541,-81.66791,2025-09-28,09:00:00,5.173,Trim 27.1 from 2025-07-01 onward
27.1,27.1,41.50541,-81.66791,2025-09-28,09:30:00,5.379,Trim 27.1 from 2025-07-01 onward
27.1,27.1,41.50541,-81.66791,2025-09-28,10:00:00,9.822,Trim 27.1 from 2025-07-01 onward
27.1,27.1,41.50541,-81.66791,2025-09-28,10:30:00,80.625,Trim 27.1 from 2025-07-01 onward
27.1,27.1,41.50541,-81.66791,2025-09-28,12:00:00,14.615,Trim 27.1 from 2025-07-01 onward
27.1,27.1,41.50541,-81.66791,2025-09-28,12:30:00,8.121,Trim 27.1 from 2025-07-01 onward
27.1,27.1,41.50541,-81.66791,2025-09-28,13:00:00,13.005,Trim 27.1 from 2025-07-01 onward
27.1,27.1,41.50541,-81.66791,2025-09-28,13:30:00,6.572,Trim 27.1 from 2025-07-01 onward
27.1,27.1,41.50541,-81.66791,2025-09-28,14:00:00,2.879,Trim 27.1 from 2025-07-01 onward
27.1,27.1,41.50541,-81.66791,2025-09-28,14:30:00,3.698,Trim 27.1 from 2025-07-01 onward
27.1,27.1,41.50541,-81.66791,2025-09-28,15:00:00,3.444,Trim 27.1 from 2025-07-01 onward
27.1,27.1,41.50541,-81.66791,2025-09-28,15:30:00,4.226,Trim 27.1 from 2025-07-01 onward
27.1,27.1,41.50541,-81.66791,2025-09-28,16:00:00,3.773,Trim 27.1 from 2025-07-01 onward
27.1,27.1,41.50541,-81.66791,2025-09-28,16:30:00,4.601,Trim 27.1 from 2025-07-01 onward
27.1,27.1,41.50541,-81.66791,2025-09-28,17:00:00,3.995,Trim 27.1 from 2025-07-01 onward
27.1,27.1,41.50541,-81.66791,2025-09-28,17:30:00,9.406,Trim 27.1 from 2025-07-01 onward
27.1,27.1,41.50541,-81.66791,2025-09-28,18:00:00,6.168,Trim 27.1 from 2025-07-01 onward
27.1,27.1,41.50541,-81.66791,2025-09-28,18:30:00,4.549,Trim 27.1 from 2025-07-01 onward
27.1,27.1,41.50541,-81.66791,2025-09-28,19:00:00,4.4,Trim 27.1 from 2025-07-01 onward
27.1,27.1,41.50541,-81.66791,2025-09-28,19:30:00,4.212,Trim 27.1 from 2025-07-01 onward
27.1,27.1,41.50541,-81.66791,2025-09-28,20:00:00,2.918,Trim 27.1 from 2025-07-01 onward
27.1,27.1,41.50541,-81.66791,2025-09-28,20:30:00,5.128,Trim 27.1 from 2025-07-01 onward
27.1,27.1,41.50541,-81.66791,2025-09-28,21:00:00,2.267,Trim 27.1 from 2025-07-01 onward
27.1,27.1,41.50541,-81.66791,2025-09-28,21:30:00,5.101,Trim 27.1 from 2025-07-01 onward
27.1,27.1,41.50541,-81.66791,2025-09-28,22:00:00,1.817,Trim 27.1 from 2025-07-01 onward
27.1,27.1,41.50541,-81.66791,2025-09-28,22:30:00,2.745,Trim 27.1 from 2025-07-01 onward
27.1,27.1,41.50541,-81.66791,2025-09-28,23:00:00,1.56,Trim 27.1 from 2025-07-01 onward
27.1,27.1,41.50541,-81.66791,2025-09-28,23:30:00,2.375,Trim 27.1 from 2025-07-01 onward
27.1,27.1,41.50541,-81.66791,2025-09-29,00:00:00,6.473,Trim 27.1 from 2025-07-01 onward
27.1,27.1,41.50541,-81.66791,2025-09-29,00:30:00,2.377,Trim 27.1 from 2025-07-01 onward
27.1,27.1,41.50541,-81.66791,2025-09-29,01:00:00,2.618,Trim 27.1 from 2025-07-01 onward
27.1,27.1,41.50541,-81.66791,2025-09-29,01:30:00,3.83,Trim 27.1 from 2025-07-01 onward
27.1,27.1,41.50541,-81.66791,2025-09-29,02:00:00,4.751,Trim 27.1 from 2025-07-01 onward
27.1,27.1,41.50541,-81.66791,2025-09-29,02:30:00,4.225,Trim 27.1 from 2025-07-01 onward
27.1,27.1,41.50541,-81.66791,2025-09-29,03:00:00,6.611,Trim 27.1 from 2025-07-01 onward
27.1,27.1,41.50541,-81.66791,2025-09-29,03:30:00,2.904,Trim 27.1 from 2025-07-01 onward
27.1,27.1,41.50541,-81.66791,2025-09-29,04:00:00,2.391,Trim 27.1 from 2025-07-01 onward
27.1,27.1,41.50541,-81.66791,2025-09-29,04:30:00,159.776,Trim 27.1 from 2025-07-01 onward
27.1,27.1,41.50541,-81.66791,2025-09-29,05:00:00,16.425,Trim 27.1 from 2025-07-01 onward
27.1,27.1,41.50541,-81.66791,2025-09-29,05:30:00,18.996,Trim 27.1 from 2025-07-01 onward
27.1,27.1,41.50541,-81.66791,2025-09-29,06:00:00,24.958,Trim 27.1 from 2025-07-01 onward
27.1,27.1,41.50541,-81.66791,2025-09-29,06:30:00,26.779,Trim 27.1 from 2025-07-01 onward
27.1,27.1,41.50541,-81.66791,2025-09-29,07:00:00,20.591,Trim 27.1 from 2025-07-01 onward
27.1,27.1,41.50541,-81.66791,2025-09-29,07:30:00,54.653,Trim 27.1 from 2025-07-01 onward
27.1,27.1,41.50541,-81.66791,2025-09-29,09:00:00,156.789,Trim 27.1 from 2025-07-01 onward
27.1,27.1,41.50541,-81.66791,2025-09-29,10:00:00,146.338,Trim 27.1 from 2025-07-01 onward
27.1,27.1,41.50541,-81.66791,2025-09-29,10:30:00,235.212,Trim 27.1 from 2025-07-01 onward
27.1,27.1,41.50541,-81.66791,2025-09-29,12:00:00,36.65,Trim 27.1 from 2025-07-01 onward
27.1,27.1,41.50541,-81.66791,2025-09-29,12:30:00,2.733,Trim 27.1 from 2025-07-01 onward
27.1,27.1,41.50541,-81.66791,2025-09-29,13:30:00,9.717,Trim 27.1 from 2025-07-01 onward
27.1,27.1,41.50541,-81.66791,2025-09-29,14:00:00,4.309,Trim 27.1 from 2025-07-01 onward
27.1,27.1,41.50541,-81.66791,2025-09-29,14:30:00,2.606,Trim 27.1 from 2025-07-01 onward
27.1,27.1,41.50541,-81.66791,2025-09-29,15:00:00,3.433,Trim 27.1 from 2025-07-01 onward
27.1,27.1,41.50541,-81.66791,2025-09-29,15:30:00,3.702,Trim 27.1 from 2025-07-01 onward
27.1,27.1,41.50541,-81.66791,2025-09-29,16:00:00,5.346,Trim 27.1 from 2025-07-01 onward
27.1,27.1,41.50541,-81.66791,2025-09-29,16:30:00,0.591,Trim 27.1 from 2025-07-01 onward
27.1,27.1,41.50541,-81.66791,2025-09-29,17:00:00,4.07,Trim 27.1 from 2025-07-01 onward
27.1,27.1,41.50541,-81.66791,2025-09-29,17:30:00,1.285,Trim 27.1 from 2025-07-01 onward
27.1,27.1,41.50541,-81.66791,2025-09-29,18:00:00,0.613,Trim 27.1 from 2025-07-01 onward
27.1,27.1,41.50541,-81.66791,2025-09-29,18:30:00,2.094,Trim 27.1 from 2025-07-01 onward
27.1,27.1,41.50541,-81.66791,2025-09-29,19:00:00,3.176,Trim 27.1 from 2025-07-01 onward
27.1,27.1,41.50541,-81.66791,2025-09-29,19:30:00,2.539,Trim 27.1 from 2025-07-01 onward
27.1,27.1,41.50541,-81.66791,2025-09-29,20:00:00,5.918,Trim 27.1 from 2025-07-01 onward
27.1,27.1,41.50541,-81.66791,2025-09-29,20:30:00,0.773,Trim 27.1 from 2025-07-01 onward
27.1,27.1,41.50541,-81.66791,2025-09-29,21:00:00,3.877,Trim 27.1 from 2025-07-01 onward
27.1,27.1,41.50541,-81.66791,2025-09-29,21:30:00,1.186,Trim 27.1 from 2025-07-01 onward
27.1,27.1,41.50541,-81.66791,2025-09-29,22:00:00,1.997,Trim 27.1 from 2025-07-01 onward
27.1,27.1,41.50541,-81.66791,2025-09-29,22:30:00,1.636,Trim 27.1 from 2025-07-01 onward
27.1,27.1,41.50541,-81.66791,2025-09-29,23:30:00,1.795,Trim 27.1 from 2025-07-01 onward
27.1,27.1,41.50541,-81.66791,2025-09-30,00:00:00,137.709,Trim 27.1 from 2025-07-01 onward
27.1,27.1,41.50541,-81.66791,2025-09-30,00:30:00,2.45,Trim 27.1 from 2025-07-01 onward
27.1,27.1,41.50541,-81.66791,2025-09-30,01:00:00,1.836,Trim 27.1 from 2025-07-01 onward
27.1,27.1,41.50541,-81.66791,2025-09-30,01:30:00,2.766,Trim 27.1 from 2025-07-01 onward
27.1,27.1,41.50541,-81.66791,2025-09-30,02:00:00,1.822,Trim 27.1 from 2025-07-01 onward
27.1,27.1,41.50541,-81.66791,2025-09-30,02:30:00,3.169,Trim 27.1 from 2025-07-01 onward
27.1,27.1,41.50541,-81.66791,2025-09-30,03:00:00,3.496,Trim 27.1 from 2025-07-01 onward
27.1,27.1,41.50541,-81.66791,2025-09-30,03:30:00,2.649,Trim 27.1 from 2025-07-01 onward
27.1,27.1,41.50541,-81.66791,2025-09-30,04:00:00,4.945,Trim 27.1 from 2025-07-01 onward
27.1,27.1,41.50541,-81.66791,2025-09-30,04:30:00,12.852,Trim 27.1 from 2025-07-01 onward
27.1,27.1,41.50541,-81.66791,2025-09-30,05:00:00,4.728,Trim 27.1 from 2025-07-01 onward
27.1,27.1,41.50541,-81.66791,2025-09-30,05:30:00,3.71,Trim 27.1 from 2025-07-01 onward
27.1,27.1,41.50541,-81.66791,2025-09-30,06:00:00,31.593,Trim 27.1 from 2025-07-01 onward
27.1,27.1,41.50541,-81.66791,2025-09-30,06:30:00,26.261,Trim 27.1 from 2025-07-01 onward
27.1,27.1,41.50541,-81.66791,2025-09-30,07:00:00,20.247,Trim 27.1 from 2025-07-01 onward
27.1,27.1,41.50541,-81.66791,2025-09-30,07:30:00,51.579,Trim 27.1 from 2025-07-01 onward
27.1,27.1,41.50541,-81.66791,2025-09-30,08:00:00,14.738,Trim 27.1 from 2025-07-01 onward
27.1,27.1,41.50541,-81.66791,2025-09-30,08:30:00,73.771,Trim 27.1 from 2025-07-01 onward
27.1,27.1,41.50541,-81.66791,2025-09-30,09:00:00,216.705,Trim 27.1 from 2025-07-01 onward
27.1,27.1,41.50541,-81.66791,2025-09-30,12:30:00,8.103,Trim 27.1 from 2025-07-01 onward
27.1,27.1,41.50541,-81.66791,2025-09-30,13:00:00,9.41,Trim 27.1 from 2025-07-01 onward
27.1,27.1,41.50541,-81.66791,2025-09-30,13:30:00,9.456,Trim 27.1 from 2025-07-01 onward
27.1,27.1,41.50541,-81.66791,2025-09-30,14:00:00,3.683,Trim 27.1 from 2025-07-01 onward
27.1,27.1,41.50541,-81.66791,2025-09-30,14:30:00,3.895,Trim 27.1 from 2025-07-01 onward
27.1,27.1,41.50541,-81.66791,2025-09-30,15:00:00,2.211,Trim 27.1 from 2025-07-01 onward
27.1,27.1,41.50541,-81.66791,2025-09-30,15:30:00,2.517,Trim 27.1 from 2025-07-01 onward
27.1,27.1,41.50541,-81.66791,2025-09-30,16:00:00,8.663,Trim 27.1 from 2025-07-01 onward
27.1,27.1,41.50541,-81.66791,2025-09-30,16:30:00,4.155,Trim 27.1 from 2025-07-01 onward
27.1,27.1,41.50541,-81.66791,2025-09-30,17:00:00,2.345,Trim 27.1 from 2025-07-01 onward
27.1,27.1,41.50541,-81.66791,2025-09-30,17:30:00,2.889,Trim 27.1 from 2025-07-01 onward
27.1,27.1,41.50541,-81.66791,2025-09-30,18:00:00,21.971,Trim 27.1 from 2025-07-01 onward
27.1,27.1,41.50541,-81.66791,2025-09-30,18:30:00,2.7,Trim 27.1 from 2025-07-01 onward
27.1,27.1,41.50541,-81.66791,2025-09-30,19:00:00,3.774,Trim 27.1 from 2025-07-01 onward
27.1,27.1,41.50541,-81.66791,2025-09-30,19:30:00,53.769,Trim 27.1 from 2025-07-01 onward
27.1,27.1,41.50541,-81.66791,2025-09-30,20:00:00,1.272,Trim 27.1 from 2025-07-01 onward
27.1,27.1,41.50541,-81.66791,2025-09-30,20:30:00,2.11,Trim 27.1 from 2025-07-01 onward
27.1,27.1,41.50541,-81.66791,2025-09-30,21:00:00,75.707,Trim 27.1 from 2025-07-01 onward
27.1,27.1,41.50541,-81.66791,2025-09-30,21:30:00,0.782,Trim 27.1 from 2025-07-01 onward
27.1,27.1,41.50541,-81.66791,2025-09-30,22:00:00,2.199,Trim 27.1 from 2025-07-01 onward
27.1,27.1,41.50541,-81.66791,2025-09-30,22:30:00,1.946,Trim 27.1 from 2025-07-01 onward
27.1,27.1,41.50541,-81.66791,2025-09-30,23:00:00,4.184,Trim 27.1 from 2025-07-01 onward
27.1,27.1,41.50541,-81.66791,2025-09-30,23:30:00,2.034,Trim 27.1 from 2025-07-01 onward
27.1,27.1,41.50541,-81.66791,2025-10-01,00:00:00,1.148,Trim 27.1 from 2025-07-01 onward
27.1,27.1,41.50541,-81.66791,2025-10-01,00:30:00,14.845,Trim 27.1 from 2025-07-01 onward
27.1,27.1,41.50541,-81.66791,2025-10-01,01:00:00,116.78,Trim 27.1 from 2025-07-01 onward
27.1,27.1,41.50541,-81.66791,2025-10-01,02:00:00,196.419,Trim 27.1 from 2025-07-01 onward
27.1,27.1,41.50541,-81.66791,2025-10-01,02:30:00,122.221,Trim 27.1 from 2025-07-01 onward
27.1,27.1,41.50541,-81.66791,2025-10-01,03:00:00,108.611,Trim 27.1 from 2025-07-01 onward
27.1,27.1,41.50541,-81.66791,2025-10-01,05:30:00,2.234,Trim 27.1 from 2025-07-01 onward
27.1,27.1,41.50541,-81.66791,2025-10-01,06:00:00,1.148,Trim 27.1 from 2025-07-01 onward
27.1,27.1,41.50541,-81.66791,2025-10-01,06:30:00,4.1,Trim 27.1 from 2025-07-01 onward
27.1,27.1,41.50541,-81.66791,2025-10-01,07:00:00,1.115,Trim 27.1 from 2025-07-01 onward
27.1,27.1,41.50541,-81.66791,2025-10-01,07:30:00,1.555,Trim 27.1 from 2025-07-01 onward
27.1,27.1,41.50541,-81.66791,2025-10-01,08:30:00,1.595,Trim 27.1 from 2025-07-01 onward
27.1,27.1,41.50541,-81.66791,2025-10-01,09:00:00,1.499,Trim 27.1 from 2025-07-01 onward
27.1,27.1,41.50541,-81.66791,2025-10-01,09:30:00,1.24,Trim 27.1 from 2025-07-01 onward
27.1,27.1,41.50541,-81.66791,2025-10-01,10:00:00,10.31,Trim 27.1 from 2025-07-01 onward
27.1,27.1,41.50541,-81.66791,2025-10-01,10:30:00,11.196,Trim 27.1 from 2025-07-01 onward
27.1,27.1,41.50541,-81.66791,2025-10-01,11:00:00,2.478,Trim 27.1 from 2025-07-01 onward
27.1,27.1,41.50541,-81.66791,2025-10-01,11:30:00,2.485,Trim 27.1 from 2025-07-01 onward
27.1,27.1,41.50541,-81.66791,2025-10-01,12:00:00,1.588,Trim 27.1 from 2025-07-01 onward
27.1,27.1,41.50541,-81.66791,2025-10-01,12:30:00,1.952,Trim 27.1 from 2025-07-01 onward
27.1,27.1,41.50541,-81.66791,2025-10-01,13:00:00,0.562,Trim 27.1 from 2025-07-01 onward
27.1,27.1,41.50541,-81.66791,2025-10-01,13:30:00,2.036,Trim 27.1 from 2025-07-01 onward
27.1,27.1,41.50541,-81.66791,2025-10-01,14:00:00,1.409,Trim 27.1 from 2025-07-01 onward
27.1,27.1,41.50541,-81.66791,2025-10-01,14:30:00,0.562,Trim 27.1 from 2025-07-01 onward
27.1,27.1,41.50541,-81.66791,2025-10-01,15:00:00,0.537,Trim 27.1 from 2025-07-01 onward
27.1,27.1,41.50541,-81.66791,2025-10-01,15:30:00,2.447,Trim 27.1 from 2025-07-01 onward
27.1,27.1,41.50541,-81.66791,2025-10-01,16:00:00,1.443,Trim 27.1 from 2025-07-01 onward
27.1,27.1,41.50541,-81.66791,2025-10-01,16:30:00,3.411,Trim 27.1 from 2025-07-01 onward
27.1,27.1,41.50541,-81.66791,2025-10-01,17:00:00,0.606,Trim 27.1 from 2025-07-01 onward
27.1,27.1,41.50541,-81.66791,2025-10-01,17:30:00,37.425,Trim 27.1 from 2025-07-01 onward
27.1,27.1,41.50541,-81.66791,2025-10-01,18:00:00,3.969,Trim 27.1 from 2025-07-01 onward
27.1,27.1,41.50541,-81.66791,2025-10-01,18:30:00,2.418,Trim 27.1 from 2025-07-01 onward
27.1,27.1,41.50541,-81.66791,2025-10-01,19:00:00,2.916,Trim 27.1 from 2025-07-01 onward
27.1,27.1,41.50541,-81.66791,2025-10-01,19:30:00,3.134,Trim 27.1 from 2025-07-01 onward
27.1,27.1,41.50541,-81.66791,2025-10-01,20:00:00,5.27,Trim 27.1 from 2025-07-01 onward
27.1,27.1,41.50541,-81.66791,2025-10-01,20:30:00,1.015,Trim 27.1 from 2025-07-01 onward
27.1,27.1,41.50541,-81.66791,2025-10-01,21:00:00,87.264,Trim 27.1 from 2025-07-01 onward
27.1,27.1,41.50541,-81.66791,2025-10-01,21:30:00,22.378,Trim 27.1 from 2025-07-01 onward
27.1,27.1,41.50541,-81.66791,2025-10-01,22:00:00,13.688,Trim 27.1 from 2025-07-01 onward
27.1,27.1,41.50541,-81.66791,2025-10-01,22:30:00,1.485,Trim 27.1 from 2025-07-01 onward
27.1,27.1,41.50541,-81.66791,2025-10-01,23:00:00,5.928,Trim 27.1 from 2025-07-01 onward
27.1,27.1,41.50541,-81.66791,2025-10-01,23:30:00,2.275,Trim 27.1 from 2025-07-01 onward
27.1,27.1,41.50541,-81.66791,2025-10-02,00:00:00,25.687,Trim 27.1 from 2025-07-01 onward
27.1,27.1,41.50541,-81.66791,2025-10-02,00:30:00,51.127,Trim 27.1 from 2025-07-01 onward
27.1,27.1,41.50541,-81.66791,2025-10-02,01:00:00,19.772,Trim 27.1 from 2025-07-01 onward
27.1,27.1,41.50541,-81.66791,2025-10-02,01:30:00,69.664,Trim 27.1 from 2025-07-01 onward
27.1,27.1,41.50541,-81.66791,2025-10-02,02:00:00,57.338,Trim 27.1 from 2025-07-01 onward
27.1,27.1,41.50541,-81.66791,2025-10-02,02:30:00,147.315,Trim 27.1 from 2025-07-01 onward
27.1,27.1,41.50541,-81.66791,2025-10-02,03:00:00,58.772,Trim 27.1 from 2025-07-01 onward
27.1,27.1,41.50541,-81.66791,2025-10-02,03:30:00,61.211,Trim 27.1 from 2025-07-01 onward
27.1,27.1,41.50541,-81.66791,2025-10-02,04:00:00,74.442,Trim 27.1 from 2025-07-01 onward
27.1,27.1,41.50541,-81.66791,2025-10-02,04:30:00,46.286,Trim 27.1 from 2025-07-01 onward
27.1,27.1,41.50541,-81.66791,2025-10-02,05:00:00,26.961,Trim 27.1 from 2025-07-01 onward
27.1,27.1,41.50541,-81.66791,2025-10-02,05:30:00,31.996,Trim 27.1 from 2025-07-01 onward
27.1,27.1,41.50541,-81.66791,2025-10-02,06:00:00,55.465,Trim 27.1 from 2025-07-01 onward
27.1,27.1,41.50541,-81.66791,2025-10-02,06:30:00,47.544,Trim 27.1 from 2025-07-01 onward
27.1,27.1,41.50541,-81.66791,2025-10-02,07:00:00,24.846,Trim 27.1 from 2025-07-01 onward
27.1,27.1,41.50541,-81.66791,2025-10-02,07:30:00,7.841,Trim 27.1 from 2025-07-01 onward
27.1,27.1,41.50541,-81.66791,2025-10-02,08:00:00,1.377,Trim 27.1 from 2025-07-01 onward
27.1,27.1,41.50541,-81.66791,2025-10-02,08:30:00,7.99,Trim 27.1 from 2025-07-01 onward
27.1,27.1,41.50541,-81.66791,2025-10-02,09:00:00,3.209,Trim 27.1 from 2025-07-01 onward
27.1,27.1,41.50541,-81.66791,2025-10-02,09:30:00,1.95,Trim 27.1 from 2025-07-01 onward
27.1,27.1,41.50541,-81.66791,2025-10-02,10:00:00,2.143,Trim 27.1 from 2025-07-01 onward
27.1,27.1,41.50541,-81.66791,2025-10-02,10:30:00,4.342,Trim 27.1 from 2025-07-01 onward
27.1,27.1,41.50541,-81.66791,2025-10-02,11:00:00,2.643,Trim 27.1 from 2025-07-01 onward
27.1,27.1,41.50541,-81.66791,2025-10-02,11:30:00,2.116,Trim 27.1 from 2025-07-01 onward
27.1,27.1,41.50541,-81.66791,2025-10-02,12:00:00,0.647,Trim 27.1 from 2025-07-01 onward
27.1,27.1,41.50541,-81.66791,2025-10-02,12:30:00,0.762,Trim 27.1 from 2025-07-01 onward
27.1,27.1,41.50541,-81.66791,2025-10-02,13:00:00,5.896,Trim 27.1 from 2025-07-01 onward
27.1,27.1,41.50541,-81.66791,2025-10-02,13:30:00,0.751,Trim 27.1 from 2025-07-01 onward
27.1,27.1,41.50541,-81.66791,2025-10-02,14:00:00,1.751,Trim 27.1 from 2025-07-01 onward
27.1,27.1,41.50541,-81.66791,2025-10-02,14:30:00,1.022,Trim 27.1 from 2025-07-01 onward
27.1,27.1,41.50541,-81.66791,2025-10-02,15:00:00,1.567,Trim 27.1 from 2025-07-01 onward
27.1,27.1,41.50541,-81.66791,2025-10-02,15:30:00,0.586,Trim 27.1 from 2025-07-01 onward
27.1,27.1,41.50541,-81.66791,2025-10-02,16:00:00,2.901,Trim 27.1 from 2025-07-01 onward
27.1,27.1,41.50541,-81.66791,2025-10-02,16:30:00,0.933,Trim 27.1 from 2025-07-01 onward
27.1,27.1,41.50541,-81.66791,2025-10-02,17:00:00,1.349,Trim 27.1 from 2025-07-01 onward
27.1,27.1,41.50541,-81.66791,2025-10-02,17:30:00,1.464,Trim 27.1 from 2025-07-01 onward
27.1,27.1,41.50541,-81.66791,2025-10-02,18:00:00,3.069,Trim 27.1 from 2025-07-01 onward
27.1,27.1,41.50541,-81.66791,2025-10-02,18:30:00,1.47,Trim 27.1 from 2025-07-01 onward
27.1,27.1,41.50541,-81.66791,2025-10-02,19:00:00,0.641,Trim 27.1 from 2025-07-01 onward
27.1,27.1,41.50541,-81.66791,2025-10-02,19:30:00,2.017,Trim 27.1 from 2025-07-01 onward
27.1,27.1,41.50541,-81.66791,2025-10-02,20:00:00,2.578,Trim 27.1 from 2025-07-01 onward
27.1,27.1,41.50541,-81.66791,2025-10-02,21:00:00,2.869,Trim 27.1 from 2025-07-01 onward
27.1,27.1,41.50541,-81.66791,2025-10-02,21:30:00,0.61,Trim 27.1 from 2025-07-01 onward
27.1,27.1,41.50541,-81.66791,2025-10-02,22:00:00,1.781,Trim 27.1 from 2025-07-01 onward
27.1,27.1,41.50541,-81.66791,2025-10-02,22:30:00,0.593,Trim 27.1 from 2025-07-01 onward
27.1,27.1,41.50541,-81.66791,2025-10-02,23:00:00,2.766,Trim 27.1 from 2025-07-01 onward
27.1,27.1,41.50541,-81.66791,2025-10-02,23:30:00,18.033,Trim 27.1 from 2025-07-01 onward
27.1,27.1,41.50541,-81.66791,2025-10-03,00:30:00,1.211,Trim 27.1 from 2025-07-01 onward
27.1,27.1,41.50541,-81.66791,2025-10-03,01:00:00,2.121,Trim 27.1 from 2025-07-01 onward
27.1,27.1,41.50541,-81.66791,2025-10-03,01:30:00,2.322,Trim 27.1 from 2025-07-01 onward
27.1,27.1,41.50541,-81.66791,2025-10-03,02:00:00,2.396,Trim 27.1 from 2025-07-01 onward
27.1,27.1,41.50541,-81.66791,2025-10-03,02:30:00,1.298,Trim 27.1 from 2025-07-01 onward
27.1,27.1,41.50541,-81.66791,2025-10-03,03:00:00,4.745,Trim 27.1 from 2025-07-01 onward
27.1,27.1,41.50541,-81.66791,2025-10-03,03:30:00,1.784,Trim 27.1 from 2025-07-01 onward
27.1,27.1,41.50541,-81.66791,2025-10-03,04:00:00,1.939,Trim 27.1 from 2025-07-01 onward
27.1,27.1,41.50541,-81.66791,2025-10-03,04:30:00,1.763,Trim 27.1 from 2025-07-01 onward
27.1,27.1,41.50541,-81.66791,2025-10-03,05:00:00,1.459,Trim 27.1 from 2025-07-01 onward
27.1,27.1,41.50541,-81.66791,2025-10-03,05:30:00,15.869,Trim 27.1 from 2025-07-01 onward
27.1,27.1,41.50541,-81.66791,2025-10-03,06:00:00,2.219,Trim 27.1 from 2025-07-01 onward
27.1,27.1,41.50541,-81.66791,2025-10-03,06:30:00,2.384,Trim 27.1 from 2025-07-01 onward
27.1,27.1,41.50541,-81.66791,2025-10-03,07:00:00,5.232,Trim 27.1 from 2025-07-01 onward
27.1,27.1,41.50541,-81.66791,2025-10-03,07:30:00,2.34,Trim 27.1 from 2025-07-01 onward
27.1,27.1,41.50541,-81.66791,2025-10-03,08:00:00,1.76,Trim 27.1 from 2025-07-01 onward
27.1,27.1,41.50541,-81.66791,2025-10-03,08:30:00,65.098,Trim 27.1 from 2025-07-01 onward
27.1,27.1,41.50541,-81.66791,2025-10-03,09:00:00,4.234,Trim 27.1 from 2025-07-01 onward
27.1,27.1,41.50541,-81.66791,2025-10-03,09:30:00,6.812,Trim 27.1 from 2025-07-01 onward
27.1,27.1,41.50541,-81.66791,2025-10-03,10:00:00,192.472,Trim 27.1 from 2025-07-01 onward
27.1,27.1,41.50541,-81.66791,2025-10-03,10:30:00,95.595,Trim 27.1 from 2025-07-01 onward
27.1,27.1,41.50541,-81.66791,2025-10-03,11:00:00,74.422,Trim 27.1 from 2025-07-01 onward
27.1,27.1,41.50541,-81.66791,2025-10-03,12:00:00,196.003,Trim 27.1 from 2025-07-01 onward
27.1,27.1,41.50541,-81.66791,2025-10-03,12:30:00,61.605,Trim 27.1 from 2025-07-01 onward
27.1,27.1,41.50541,-81.66791,2025-10-03,13:00:00,5.091,Trim 27.1 from 2025-07-01 onward
27.1,27.1,41.50541,-81.66791,2025-10-03,14:00:00,4.286,Trim 27.1 from 2025-07-01 onward
27.1,27.1,41.50541,-81.66791,2025-10-03,14:30:00,9.466,Trim 27.1 from 2025-07-01 onward
27.1,27.1,41.50541,-81.66791,2025-10-03,15:00:00,7.635,Trim 27.1 from 2025-07-01 onward
27.1,27.1,41.50541,-81.66791,2025-10-03,15:30:00,2.777,Trim 27.1 from 2025-07-01 onward
27.1,27.1,41.50541,-81.66791,2025-10-03,16:00:00,7.981,Trim 27.1 from 2025-07-01 onward
27.1,27.1,41.50541,-81.66791,2025-10-03,16:30:00,4.174,Trim 27.1 from 2025-07-01 onward
27.1,27.1,41.50541,-81.66791,2025-10-03,17:00:00,3.593,Trim 27.1 from 2025-07-01 onward
27.1,27.1,41.50541,-81.66791,2025-10-03,18:00:00,2.915,Trim 27.1 from 2025-07-01 onward
27.1,27.1,41.50541,-81.66791,2025-10-03,18:30:00,4.324,Trim 27.1 from 2025-07-01 onward
27.1,27.1,41.50541,-81.66791,2025-10-03,19:00:00,3.965,Trim 27.1 from 2025-07-01 onward
27.1,27.1,41.50541,-81.66791,2025-10-03,19:30:00,2.19,Trim 27.1 from 2025-07-01 onward
27.1,27.1,41.50541,-81.66791,2025-10-03,20:00:00,2.857,Trim 27.1 from 2025-07-01 onward
27.1,27.1,41.50541,-81.66791,2025-10-03,20:30:00,1.581,Trim 27.1 from 2025-07-01 onward
27.1,27.1,41.50541,-81.66791,2025-10-03,21:00:00,5.792,Trim 27.1 from 2025-07-01 onward
27.1,27.1,41.50541,-81.66791,2025-10-03,21:30:00,4.059,Trim 27.1 from 2025-07-01 onward
27.1,27.1,41.50541,-81.66791,2025-10-03,22:00:00,8.049,Trim 27.1 from 2025-07-01 onward
27.1,27.1,41.50541,-81.66791,2025-10-03,22:30:00,3.269,Trim 27.1 from 2025-07-01 onward
27.1,27.1,41.50541,-81.66791,2025-10-03,23:00:00,96.215,Trim 27.1 from 2025-07-01 onward
27.1,27.1,41.50541,-81.66791,2025-10-03,23:30:00,96.215,Trim 27.1 from 2025-07-01 onward
27.1,27.1,41.50541,-81.66791,2025-10-04,00:00:00,7.607,Trim 27.1 from 2025-07-01 onward
27.1,27.1,41.50541,-81.66791,2025-10-04,00:30:00,5.663,Trim 27.1 from 2025-07-01 onward
27.1,27.1,41.50541,-81.66791,2025-10-04,01:00:00,20.652,Trim 27.1 from 2025-07-01 onward
27.1,27.1,41.50541,-81.66791,2025-10-04,01:30:00,5.199,Trim 27.1 from 2025-07-01 onward
27.1,27.1,41.50541,-81.66791,2025-10-04,02:00:00,46.355,Trim 27.1 from 2025-07-01 onward
27.1,27.1,41.50541,-81.66791,2025-10-04,02:30:00,32.122,Trim 27.1 from 2025-07-01 onward
27.1,27.1,41.50541,-81.66791,2025-10-04,03:00:00,10.047,Trim 27.1 from 2025-07-01 onward
27.1,27.1,41.50541,-81.66791,2025-10-04,03:30:00,65.875,Trim 27.1 from 2025-07-01 onward
27.1,27.1,41.50541,-81.66791,2025-10-04,04:00:00,77.104,Trim 27.1 from 2025-07-01 onward
27.1,27.1,41.50541,-81.66791,2025-10-04,04:30:00,39.038,Trim 27.1 from 2025-07-01 onward
27.1,27.1,41.50541,-81.66791,2025-10-04,05:00:00,194.162,Trim 27.1 from 2025-07-01 onward
27.1,27.1,41.50541,-81.66791,2025-10-04,05:30:00,36.946,Trim 27.1 from 2025-07-01 onward
27.1,27.1,41.50541,-81.66791,2025-10-04,06:00:00,21.397,Trim 27.1 from 2025-07-01 onward
27.1,27.1,41.50541,-81.66791,2025-10-04,06:30:00,20.779,Trim 27.1 from 2025-07-01 onward
27.1,27.1,41.50541,-81.66791,2025-10-04,07:00:00,81.694,Trim 27.1 from 2025-07-01 onward
27.1,27.1,41.50541,-81.66791,2025-10-04,07:30:00,99.617,Trim 27.1 from 2025-07-01 onward
27.1,27.1,41.50541,-81.66791,2025-10-04,08:00:00,89.211,Trim 27.1 from 2025-07-01 onward
27.1,27.1,41.50541,-81.66791,2025-10-04,08:30:00,116.791,Trim 27.1 from 2025-07-01 onward
27.1,27.1,41.50541,-81.66791,2025-10-04,09:00:00,172.494,Trim 27.1 from 2025-07-01 onward
27.1,27.1,41.50541,-81.66791,2025-10-04,11:00:00,153.163,Trim 27.1 from 2025-07-01 onward
27.1,27.1,41.50541,-81.66791,2025-10-04,13:00:00,33.188,Trim 27.1 from 2025-07-01 onward
27.1,27.1,41.50541,-81.66791,2025-10-04,13:30:00,5.637,Trim 27.1 from 2025-07-01 onward
27.1,27.1,41.50541,-81.66791,2025-10-04,14:00:00,4.47,Trim 27.1 from 2025-07-01 onward
27.1,27.1,41.50541,-81.66791,2025-10-04,14:30:00,6.377,Trim 27.1 from 2025-07-01 onward
27.1,27.1,41.50541,-81.66791,2025-10-04,15:00:00,2.507,Trim 27.1 from 2025-07-01 onward
27.1,27.1,41.50541,-81.66791,2025-10-04,15:30:00,4.866,Trim 27.1 from 2025-07-01 onward
27.1,27.1,41.50541,-81.66791,2025-10-04,16:00:00,5.366,Trim 27.1 from 2025-07-01 onward
27.1,27.1,41.50541,-81.66791,2025-10-04,16:30:00,3.233,Trim 27.1 from 2025-07-01 onward
27.1,27.1,41.50541,-81.66791,2025-10-04,17:00:00,4.028,Trim 27.1 from 2025-07-01 onward
27.1,27.1,41.50541,-81.66791,2025-10-04,17:30:00,2.513,Trim 27.1 from 2025-07-01 onward
27.1,27.1,41.50541,-81.66791,2025-10-04,18:00:00,2.003,Trim 27.1 from 2025-07-01 onward
27.1,27.1,41.50541,-81.66791,2025-10-04,18:30:00,4.157,Trim 27.1 from 2025-07-01 onward
27.1,27.1,41.50541,-81.66791,2025-10-04,19:00:00,7.483,Trim 27.1 from 2025-07-01 onward
27.1,27.1,41.50541,-81.66791,2025-10-04,19:30:00,4.479,Trim 27.1 from 2025-07-01 onward
27.1,27.1,41.50541,-81.66791,2025-10-04,20:00:00,3.137,Trim 27.1 from 2025-07-01 onward
27.1,27.1,41.50541,-81.66791,2025-10-04,20:30:00,4.356,Trim 27.1 from 2025-07-01 onward
27.1,27.1,41.50541,-81.66791,2025-10-04,21:00:00,4.142,Trim 27.1 from 2025-07-01 onward
27.1,27.1,41.50541,-81.66791,2025-10-04,21:30:00,2.906,Trim 27.1 from 2025-07-01 onward
27.1,27.1,41.50541,-81.66791,2025-10-04,22:00:00,6.374,Trim 27.1 from 2025-07-01 onward
27.1,27.1,41.50541,-81.66791,2025-10-04,22:30:00,2.405,Trim 27.1 from 2025-07-01 onward
27.1,27.1,41.50541,-81.66791,2025-10-04,23:00:00,3.136,Trim 27.1 from 2025-07-01 onward
27.1,27.1,41.50541,-81.66791,2025-10-04,23:30:00,3.66,Trim 27.1 from 2025-07-01 onward
27.1,27.1,41.50541,-81.66791,2025-10-05,00:00:00,3.449,Trim 27.1 from 2025-07-01 onward
27.1,27.1,41.50541,-81.66791,2025-10-05,00:30:00,4.896,Trim 27.1 from 2025-07-01 onward
27.1,27.1,41.50541,-81.66791,2025-10-05,01:00:00,8.751,Trim 27.1 from 2025-07-01 onward
27.1,27.1,41.50541,-81.66791,2025-10-05,01:30:00,8.751,Trim 27.1 from 2025-07-01 onward
27.1,27.1,41.50541,-81.66791,2025-10-05,02:00:00,6.921,Trim 27.1 from 2025-07-01 onward
27.1,27.1,41.50541,-81.66791,2025-10-05,03:00:00,9.763,Trim 27.1 from 2025-07-01 onward
27.1,27.1,41.50541,-81.66791,2025-10-05,03:30:00,3.827,Trim 27.1 from 2025-07-01 onward
27.1,27.1,41.50541,-81.66791,2025-10-05,04:00:00,7.177,Trim 27.1 from 2025-07-01 onward
27.1,27.1,41.50541,-81.66791,2025-10-05,04:30:00,10.612,Trim 27.1 from 2025-07-01 onward
27.1,27.1,41.50541,-81.66791,2025-10-05,05:00:00,6.124,Trim 27.1 from 2025-07-01 onward
27.1,27.1,41.50541,-81.66791,2025-10-05,05:30:00,12.961,Trim 27.1 from 2025-07-01 onward
27.1,27.1,41.50541,-81.66791,2025-10-05,06:00:00,87.857,Trim 27.1 from 2025-07-01 onward
27.1,27.1,41.50541,-81.66791,2025-10-05,06:30:00,29.613,Trim 27.1 from 2025-07-01 onward
27.1,27.1,41.50541,-81.66791,2025-10-05,07:00:00,20.511,Trim 27.1 from 2025-07-01 onward
27.1,27.1,41.50541,-81.66791,2025-10-05,07:30:00,6.197,Trim 27.1 from 2025-07-01 onward
27.1,27.1,41.50541,-81.66791,2025-10-05,08:00:00,5.661,Trim 27.1 from 2025-07-01 onward
27.1,27.1,41.50541,-81.66791,2025-10-05,08:30:00,8.099,Trim 27.1 from 2025-07-01 onward
27.1,27.1,41.50541,-81.66791,2025-10-05,09:00:00,27.713,Trim 27.1 from 2025-07-01 onward
27.1,27.1,41.50541,-81.66791,2025-10-05,09:30:00,84.12,Trim 27.1 from 2025-07-01 onward
27.1,27.1,41.50541,-81.66791,2025-10-05,10:00:00,98.371,Trim 27.1 from 2025-07-01 onward
27.1,27.1,41.50541,-81.66791,2025-10-05,10:30:00,142.903,Trim 27.1 from 2025-07-01 onward
27.1,27.1,41.50541,-81.66791,2025-10-05,12:00:00,25.218,Trim 27.1 from 2025-07-01 onward
27.1,27.1,41.50541,-81.66791,2025-10-05,12:30:00,7.741,Trim 27.1 from 2025-07-01 onward
27.1,27.1,41.50541,-81.66791,2025-10-05,13:00:00,9.857,Trim 27.1 from 2025-07-01 onward
27.1,27.1,41.50541,-81.66791,2025-10-05,13:30:00,10.792,Trim 27.1 from 2025-07-01 onward
27.1,27.1,41.50541,-81.66791,2025-10-05,14:00:00,7.51,Trim 27.1 from 2025-07-01 onward
27.1,27.1,41.50541,-81.66791,2025-10-05,14:30:00,3.064,Trim 27.1 from 2025-07-01 onward
27.1,27.1,41.50541,-81.66791,2025-10-05,15:00:00,4.777,Trim 27.1 from 2025-07-01 onward
27.1,27.1,41.50541,-81.66791,2025-10-05,15:30:00,4.127,Trim 27.1 from 2025-07-01 onward
27.1,27.1,41.50541,-81.66791,2025-10-05,16:00:00,2.043,Trim 27.1 from 2025-07-01 onward
27.1,27.1,41.50541,-81.66791,2025-10-05,16:30:00,1.093,Trim 27.1 from 2025-07-01 onward
27.1,27.1,41.50541,-81.66791,2025-10-05,17:00:00,4.396,Trim 27.1 from 2025-07-01 onward
27.1,27.1,41.50541,-81.66791,2025-10-05,17:30:00,3.957,Trim 27.1 from 2025-07-01 onward
27.1,27.1,41.50541,-81.66791,2025-10-05,18:00:00,1.871,Trim 27.1 from 2025-07-01 onward
27.1,27.1,41.50541,-81.66791,2025-10-05,18:30:00,2.731,Trim 27.1 from 2025-07-01 onward
27.1,27.1,41.50541,-81.66791,2025-10-05,19:00:00,3.934,Trim 27.1 from 2025-07-01 onward
27.1,27.1,41.50541,-81.66791,2025-10-05,19:30:00,1.161,Trim 27.1 from 2025-07-01 onward
27.1,27.1,41.50541,-81.66791,2025-10-05,20:30:00,1.565,Trim 27.1 from 2025-07-01 onward
27.1,27.1,41.50541,-81.66791,2025-10-05,21:00:00,3.222,Trim 27.1 from 2025-07-01 onward
27.1,27.1,41.50541,-81.66791,2025-10-05,21:30:00,0.778,Trim 27.1 from 2025-07-01 onward
27.1,27.1,41.50541,-81.66791,2025-10-05,22:00:00,0.709,Trim 27.1 from 2025-07-01 onward
27.1,27.1,41.50541,-81.66791,2025-10-05,23:00:00,1.425,Trim 27.1 from 2025-07-01 onward
27.1,27.1,41.50541,-81.66791,2025-10-05,23:30:00,4.388,Trim 27.1 from 2025-07-01 onward
27.1,27.1,41.50541,-81.66791,2025-10-06,00:00:00,5.018,Trim 27.1 from 2025-07-01 onward
27.1,27.1,41.50541,-81.66791,2025-10-06,00:30:00,1.818,Trim 27.1 from 2025-07-01 onward
27.1,27.1,41.50541,-81.66791,2025-10-06,01:00:00,2.568,Trim 27.1 from 2025-07-01 onward
27.1,27.1,41.50541,-81.66791,2025-10-06,01:30:00,3.69,Trim 27.1 from 2025-07-01 onward
27.1,27.1,41.50541,-81.66791,2025-10-06,02:00:00,5.435,Trim 27.1 from 2025-07-01 onward
27.1,27.1,41.50541,-81.66791,2025-10-06,02:30:00,3.669,Trim 27.1 from 2025-07-01 onward
27.1,27.1,41.50541,-81.66791,2025-10-06,03:00:00,2.232,Trim 27.1 from 2025-07-01 onward
27.1,27.1,41.50541,-81.66791,2025-10-06,03:30:00,3.065,Trim 27.1 from 2025-07-01 onward
27.1,27.1,41.50541,-81.66791,2025-10-06,04:00:00,2.797,Trim 27.1 from 2025-07-01 onward
27.1,27.1,41.50541,-81.66791,2025-10-06,04:30:00,3.216,Trim 27.1 from 2025-07-01 onward
27.1,27.1,41.50541,-81.66791,2025-10-06,06:30:00,6.468,Trim 27.1 from 2025-07-01 onward
27.1,27.1,41.50541,-81.66791,2025-10-06,07:00:00,10.292,Trim 27.1 from 2025-07-01 onward
27.1,27.1,41.50541,-81.66791,2025-10-06,07:30:00,6.163,Trim 27.1 from 2025-07-01 onward
27.1,27.1,41.50541,-81.66791,2025-10-06,08:00:00,18.038,Trim 27.1 from 2025-07-01 onward
27.1,27.1,41.50541,-81.66791,2025-10-06,08:30:00,19.73,Trim 27.1 from 2025-07-01 onward
27.1,27.1,41.50541,-81.66791,2025-10-06,09:00:00,30.513,Trim 27.1 from 2025-07-01 onward
27.1,27.1,41.50541,-81.66791,2025-10-06,09:30:00,25.723,Trim 27.1 from 2025-07-01 onward
27.1,27.1,41.50541,-81.66791,2025-10-06,10:00:00,230.025,Trim 27.1 from 2025-07-01 onward
27.1,27.1,41.50541,-81.66791,2025-10-06,11:00:00,193.425,Trim 27.1 from 2025-07-01 onward
27.1,27.1,41.50541,-81.66791,2025-10-06,11:30:00,164.56,Trim 27.1 from 2025-07-01 onward
27.1,27.1,41.50541,-81.66791,2025-10-06,12:00:00,7.923,Trim 27.1 from 2025-07-01 onward
27.1,27.1,41.50541,-81.66791,2025-10-06,12:30:00,3.552,Trim 27.1 from 2025-07-01 onward
27.1,27.1,41.50541,-81.66791,2025-10-06,13:00:00,6.371,Trim 27.1 from 2025-07-01 onward
27.1,27.1,41.50541,-81.66791,2025-10-06,13:30:00,4.262,Trim 27.1 from 2025-07-01 onward
27.1,27.1,41.50541,-81.66791,2025-10-06,14:00:00,3.67,Trim 27.1 from 2025-07-01 onward
27.1,27.1,41.50541,-81.66791,2025-10-06,14:30:00,3.228,Trim 27.1 from 2025-07-01 onward
27.1,27.1,41.50541,-81.66791,2025-10-06,15:00:00,2.209,Trim 27.1 from 2025-07-01 onward
27.1,27.1,41.50541,-81.66791,2025-10-06,15:30:00,1.183,Trim 27.1 from 2025-07-01 onward
27.1,27.1,41.50541,-81.66791,2025-10-06,16:00:00,4.923,Trim 27.1 from 2025-07-01 onward
27.1,27.1,41.50541,-81.66791,2025-10-06,16:30:00,2.996,Trim 27.1 from 2025-07-01 onward
27.1,27.1,41.50541,-81.66791,2025-10-06,17:00:00,1.596,Trim 27.1 from 2025-07-01 onward
27.1,27.1,41.50541,-81.66791,2025-10-06,17:30:00,2.361,Trim 27.1 from 2025-07-01 onward
27.1,27.1,41.50541,-81.66791,2025-10-06,18:00:00,2.294,Trim 27.1 from 2025-07-01 onward
27.1,27.1,41.50541,-81.66791,2025-10-06,18:30:00,1.096,Trim 27.1 from 2025-07-01 onward
27.1,27.1,41.50541,-81.66791,2025-10-06,19:00:00,1.048,Trim 27.1 from 2025-07-01 onward
27.1,27.1,41.50541,-81.66791,2025-10-06,19:30:00,0.542,Trim 27.1 from 2025-07-01 onward
27.1,27.1,41.50541,-81.66791,2025-10-06,20:00:00,1.799,Trim 27.1 from 2025-07-01 onward
27.1,27.1,41.50541,-81.66791,2025-10-06,20:30:00,0.637,Trim 27.1 from 2025-07-01 onward
27.1,27.1,41.50541,-81.66791,2025-10-06,21:00:00,0.571,Trim 27.1 from 2025-07-01 onward
27.1,27.1,41.50541,-81.66791,2025-10-06,21:30:00,3.523,Trim 27.1 from 2025-07-01 onward
27.1,27.1,41.50541,-81.66791,2025-10-06,22:00:00,3.108,Trim 27.1 from 2025-07-01 onward
27.1,27.1,41.50541,-81.66791,2025-10-06,22:30:00,10.185,Trim 27.1 from 2025-07-01 onward
27.1,27.1,41.50541,-81.66791,2025-10-06,23:00:00,2.963,Trim 27.1 from 2025-07-01 onward
27.1,27.1,41.50541,-81.66791,2025-10-06,23:30:00,3.051,Trim 27.1 from 2025-07-01 onward
27.1,27.1,41.50541,-81.66791,2025-10-07,00:00:00,1.845,Trim 27.1 from 2025-07-01 onward
27.1,27.1,41.50541,-81.66791,2025-10-07,00:30:00,1.378,Trim 27.1 from 2025-07-01 onward
27.1,27.1,41.50541,-81.66791,2025-10-07,01:00:00,1.735,Trim 27.1 from 2025-07-01 onward
27.1,27.1,41.50541,-81.66791,2025-10-07,01:30:00,4.492,Trim 27.1 from 2025-07-01 onward
27.1,27.1,41.50541,-81.66791,2025-10-07,02:00:00,4.176,Trim 27.1 from 2025-07-01 onward
27.1,27.1,41.50541,-81.66791,2025-10-07,02:30:00,1.468,Trim 27.1 from 2025-07-01 onward
27.1,27.1,41.50541,-81.66791,2025-10-07,03:00:00,0.959,Trim 27.1 from 2025-07-01 onward
27.1,27.1,41.50541,-81.66791,2025-10-07,03:30:00,2.586,Trim 27.1 from 2025-07-01 onward
27.1,27.1,41.50541,-81.66791,2025-10-07,04:00:00,0.916,Trim 27.1 from 2025-07-01 onward
27.1,27.1,41.50541,-81.66791,2025-10-07,04:30:00,1.781,Trim 27.1 from 2025-07-01 onward
27.1,27.1,41.50541,-81.66791,2025-10-07,05:00:00,0.69,Trim 27.1 from 2025-07-01 onward
27.1,27.1,41.50541,-81.66791,2025-10-07,05:30:00,3.014,Trim 27.1 from 2025-07-01 onward
27.1,27.1,41.50541,-81.66791,2025-10-07,06:00:00,2.188,Trim 27.1 from 2025-07-01 onward
27.1,27.1,41.50541,-81.66791,2025-10-07,06:30:00,1.189,Trim 27.1 from 2025-07-01 onward
27.1,27.1,41.50541,-81.66791,2025-10-07,07:00:00,1.094,Trim 27.1 from 2025-07-01 onward
27.1,27.1,41.50541,-81.66791,2025-10-07,07:30:00,0.818,Trim 27.1 from 2025-07-01 onward
27.1,27.1,41.50541,-81.66791,2025-10-07,08:00:00,90.473,Trim 27.1 from 2025-07-01 onward
27.1,27.1,41.50541,-81.66791,2025-10-07,13:00:00,152.318,Trim 27.1 from 2025-07-01 onward
27.1,27.1,41.50541,-81.66791,2025-10-07,13:30:00,152.318,Trim 27.1 from 2025-07-01 onward
27.1,27.1,41.50541,-81.66791,2025-10-07,14:00:00,152.318,Trim 27.1 from 2025-07-01 onward
27.1,27.1,41.50541,-81.66791,2025-10-07,14:30:00,152.318,Trim 27.1 from 2025-07-01 onward
27.1,27.1,41.50541,-81.66791,2025-10-07,16:00:00,151.601,Trim 27.1 from 2025-07-01 onward
27.1,27.1,41.50541,-81.66791,2025-10-07,16:30:00,42.092,Trim 27.1 from 2025-07-01 onward
27.1,27.1,41.50541,-81.66791,2025-10-07,17:00:00,124.578,Trim 27.1 from 2025-07-01 onward
27.1,27.1,41.50541,-81.66791,2025-10-07,19:00:00,147.964,Trim 27.1 from 2025-07-01 onward
27.1,27.1,41.50541,-81.66791,2025-10-07,19:30:00,5.21,Trim 27.1 from 2025-07-01 onward
27.1,27.1,41.50541,-81.66791,2025-10-07,20:30:00,18.148,Trim 27.1 from 2025-07-01 onward
27.1,27.1,41.50541,-81.66791,2025-10-07,21:00:00,189.42,Trim 27.1 from 2025-07-01 onward
27.1,27.1,41.50541,-81.66791,2025-10-07,22:30:00,206.866,Trim 27.1 from 2025-07-01 onward
27.1,27.1,41.50541,-81.66791,2025-10-07,23:30:00,37.668,Trim 27.1 from 2025-07-01 onward
27.1,27.1,41.50541,-81.66791,2025-10-08,00:00:00,126.186,Trim 27.1 from 2025-07-01 onward
27.1,27.1,41.50541,-81.66791,2025-10-08,00:30:00,127.869,Trim 27.1 from 2025-07-01 onward
27.1,27.1,41.50541,-81.66791,2025-10-08,01:00:00,13.211,Trim 27.1 from 2025-07-01 onward
27.1,27.1,41.50541,-81.66791,2025-10-08,01:30:00,9.775,Trim 27.1 from 2025-07-01 onward
27.1,27.1,41.50541,-81.66791,2025-10-08,02:00:00,9.775,Trim 27.1 from 2025-07-01 onward
27.1,27.1,41.50541,-81.66791,2025-10-08,02:30:00,9.775,Trim 27.1 from 2025-07-01 onward
27.1,27.1,41.50541,-81.66791,2025-10-08,03:30:00,3.291,Trim 27.1 from 2025-07-01 onward
27.1,27.1,41.50541,-81.66791,2025-10-08,04:00:00,2.888,Trim 27.1 from 2025-07-01 onward
27.1,27.1,41.50541,-81.66791,2025-10-08,04:30:00,0,Trim 27.1 from 2025-07-01 onward
27.1,27.1,41.50541,-81.66791,2025-10-08,05:00:00,2.741,Trim 27.1 from 2025-07-01 onward
27.1,27.1,41.50541,-81.66791,2025-10-08,05:30:00,0.52,Trim 27.1 from 2025-07-01 onward
27.1,27.1,41.50541,-81.66791,2025-10-08,06:00:00,1.239,Trim 27.1 from 2025-07-01 onward
27.1,27.1,41.50541,-81.66791,2025-10-08,06:30:00,1.249,Trim 27.1 from 2025-07-01 onward
27.1,27.1,41.50541,-81.66791,2025-10-08,07:00:00,1.887,Trim 27.1 from 2025-07-01 onward
27.1,27.1,41.50541,-81.66791,2025-10-08,07:30:00,0.587,Trim 27.1 from 2025-07-01 onward
27.1,27.1,41.50541,-81.66791,2025-10-08,08:00:00,4.612,Trim 27.1 from 2025-07-01 onward
27.1,27.1,41.50541,-81.66791,2025-10-08,08:30:00,27.202,Trim 27.1 from 2025-07-01 onward
27.1,27.1,41.50541,-81.66791,2025-10-08,09:00:00,1.211,Trim 27.1 from 2025-07-01 onward
27.1,27.1,41.50541,-81.66791,2025-10-08,09:30:00,1.448,Trim 27.1 from 2025-07-01 onward
27.1,27.1,41.50541,-81.66791,2025-10-08,10:00:00,4.854,Trim 27.1 from 2025-07-01 onward
27.1,27.1,41.50541,-81.66791,2025-10-08,10:30:00,39.615,Trim 27.1 from 2025-07-01 onward
27.1,27.1,41.50541,-81.66791,2025-10-08,11:00:00,0.612,Trim 27.1 from 2025-07-01 onward
27.1,27.1,41.50541,-81.66791,2025-10-08,11:30:00,125.968,Trim 27.1 from 2025-07-01 onward
27.1,27.1,41.50541,-81.66791,2025-10-08,12:00:00,41.11,Trim 27.1 from 2025-07-01 onward
27.1,27.1,41.50541,-81.66791,2025-10-08,12:30:00,2.441,Trim 27.1 from 2025-07-01 onward
27.1,27.1,41.50541,-81.66791,2025-10-08,13:00:00,1.64,Trim 27.1 from 2025-07-01 onward
27.1,27.1,41.50541,-81.66791,2025-10-08,13:30:00,0.547,Trim 27.1 from 2025-07-01 onward
27.1,27.1,41.50541,-81.66791,2025-10-08,14:00:00,2.963,Trim 27.1 from 2025-07-01 onward
27.1,27.1,41.50541,-81.66791,2025-10-08,14:30:00,0.597,Trim 27.1 from 2025-07-01 onward
27.1,27.1,41.50541,-81.66791,2025-10-08,15:00:00,2.271,Trim 27.1 from 2025-07-01 onward
27.1,27.1,41.50541,-81.66791,2025-10-08,15:30:00,1.143,Trim 27.1 from 2025-07-01 onward
27.1,27.1,41.50541,-81.66791,2025-10-08,16:00:00,1.036,Trim 27.1 from 2025-07-01 onward
27.1,27.1,41.50541,-81.66791,2025-10-08,16:30:00,1.334,Trim 27.1 from 2025-07-01 onward
27.1,27.1,41.50541,-81.66791,2025-10-08,17:00:00,0.917,Trim 27.1 from 2025-07-01 onward
27.1,27.1,41.50541,-81.66791,2025-10-08,17:30:00,1.334,Trim 27.1 from 2025-07-01 onward
27.1,27.1,41.50541,-81.66791,2025-10-08,18:00:00,3.613,Trim 27.1 from 2025-07-01 onward
27.1,27.1,41.50541,-81.66791,2025-10-08,18:30:00,5.336,Trim 27.1 from 2025-07-01 onward
27.1,27.1,41.50541,-81.66791,2025-10-08,19:00:00,2.117,Trim 27.1 from 2025-07-01 onward
27.1,27.1,41.50541,-81.66791,2025-10-08,19:30:00,4.168,Trim 27.1 from 2025-07-01 onward
27.1,27.1,41.50541,-81.66791,2025-10-08,20:00:00,0.566,Trim 27.1 from 2025-07-01 onward
27.1,27.1,41.50541,-81.66791,2025-10-08,20:30:00,0.561,Trim 27.1 from 2025-07-01 onward
27.1,27.1,41.50541,-81.66791,2025-10-08,21:00:00,4.447,Trim 27.1 from 2025-07-01 onward
27.1,27.1,41.50541,-81.66791,2025-10-08,22:00:00,0.561,Trim 27.1 from 2025-07-01 onward
27.1,27.1,41.50541,-81.66791,2025-10-08,22:30:00,2.813,Trim 27.1 from 2025-07-01 onward
27.1,27.1,41.50541,-81.66791,2025-10-08,23:00:00,0.517,Trim 27.1 from 2025-07-01 onward
27.1,27.1,41.50541,-81.66791,2025-10-08,23:30:00,0.55,Trim 27.1 from 2025-07-01 onward
27.1,27.1,41.50541,-81.66791,2025-10-09,00:00:00,4.108,Trim 27.1 from 2025-07-01 onward
27.1,27.1,41.50541,-81.66791,2025-10-09,00:30:00,0,Trim 27.1 from 2025-07-01 onward
27.1,27.1,41.50541,-81.66791,2025-10-09,01:00:00,0.889,Trim 27.1 from 2025-07-01 onward
27.1,27.1,41.50541,-81.66791,2025-10-09,01:30:00,2.796,Trim 27.1 from 2025-07-01 onward
27.1,27.1,41.50541,-81.66791,2025-10-09,02:00:00,7.314,Trim 27.1 from 2025-07-01 onward
27.1,27.1,41.50541,-81.66791,2025-10-09,02:30:00,1.127,Trim 27.1 from 2025-07-01 onward
27.1,27.1,41.50541,-81.66791,2025-10-09,03:00:00,3.103,Trim 27.1 from 2025-07-01 onward
27.1,27.1,41.50541,-81.66791,2025-10-09,03:30:00,0,Trim 27.1 from 2025-07-01 onward
27.1,27.1,41.50541,-81.66791,2025-10-09,04:00:00,0.886,Trim 27.1 from 2025-07-01 onward
27.1,27.1,41.50541,-81.66791,2025-10-09,04:30:00,1.381,Trim 27.1 from 2025-07-01 onward
27.1,27.1,41.50541,-81.66791,2025-10-09,05:00:00,1.635,Trim 27.1 from 2025-07-01 onward
27.1,27.1,41.50541,-81.66791,2025-10-09,05:30:00,1.106,Trim 27.1 from 2025-07-01 onward
27.1,27.1,41.50541,-81.66791,2025-10-09,06:00:00,1.032,Trim 27.1 from 2025-07-01 onward
27.1,27.1,41.50541,-81.66791,2025-10-09,06:30:00,1.632,Trim 27.1 from 2025-07-01 onward
27.1,27.1,41.50541,-81.66791,2025-10-09,07:00:00,1.105,Trim 27.1 from 2025-07-01 onward
27.1,27.1,41.50541,-81.66791,2025-10-09,07:30:00,1.787,Trim 27.1 from 2025-07-01 onward
27.1,27.1,41.50541,-81.66791,2025-10-09,08:00:00,0.599,Trim 27.1 from 2025-07-01 onward
27.1,27.1,41.50541,-81.66791,2025-10-09,08:30:00,0.912,Trim 27.1 from 2025-07-01 onward
27.1,27.1,41.50541,-81.66791,2025-10-09,09:00:00,1.06,Trim 27.1 from 2025-07-01 onward
27.1,27.1,41.50541,-81.66791,2025-10-09,09:30:00,2.724,Trim 27.1 from 2025-07-01 onward
27.1,27.1,41.50541,-81.66791,2025-10-09,10:00:00,3.179,Trim 27.1 from 2025-07-01 onward
27.1,27.1,41.50541,-81.66791,2025-10-09,10:30:00,2.45,Trim 27.1 from 2025-07-01 onward
27.1,27.1,41.50541,-81.66791,2025-10-09,11:00:00,1.329,Trim 27.1 from 2025-07-01 onward
27.1,27.1,41.50541,-81.66791,2025-10-09,11:30:00,74.009,Trim 27.1 from 2025-07-01 onward
27.1,27.1,41.50541,-81.66791,2025-10-09,12:00:00,1.683,Trim 27.1 from 2025-07-01 onward
27.1,27.1,41.50541,-81.66791,2025-10-09,12:30:00,1.522,Trim 27.1 from 2025-07-01 onward
27.1,27.1,41.50541,-81.66791,2025-10-09,13:00:00,1.079,Trim 27.1 from 2025-07-01 onward
27.1,27.1,41.50541,-81.66791,2025-10-09,13:30:00,1.047,Trim 27.1 from 2025-07-01 onward
27.1,27.1,41.50541,-81.66791,2025-10-09,14:00:00,0.571,Trim 27.1 from 2025-07-01 onward
27.1,27.1,41.50541,-81.66791,2025-10-09,14:30:00,1.395,Trim 27.1 from 2025-07-01 onward
27.1,27.1,41.50541,-81.66791,2025-10-09,15:00:00,2.115,Trim 27.1 from 2025-07-01 onward
27.1,27.1,41.50541,-81.66791,2025-10-09,15:30:00,1.333,Trim 27.1 from 2025-07-01 onward
27.1,27.1,41.50541,-81.66791,2025-10-09,16:00:00,1.634,Trim 27.1 from 2025-07-01 onward
27.1,27.1,41.50541,-81.66791,2025-10-09,16:30:00,0.502,Trim 27.1 from 2025-07-01 onward
27.1,27.1,41.50541,-81.66791,2025-10-09,17:30:00,0.983,Trim 27.1 from 2025-07-01 onward
27.1,27.1,41.50541,-81.66791,2025-10-09,18:00:00,0,Trim 27.1 from 2025-07-01 onward
27.1,27.1,41.50541,-81.66791,2025-10-09,18:30:00,1.527,Trim 27.1 from 2025-07-01 onward
27.1,27.1,41.50541,-81.66791,2025-10-09,19:00:00,22.247,Trim 27.1 from 2025-07-01 onward
27.1,27.1,41.50541,-81.66791,2025-10-09,19:30:00,0.506,Trim 27.1 from 2025-07-01 onward
27.1,27.1,41.50541,-81.66791,2025-10-09,20:00:00,1.093,Trim 27.1 from 2025-07-01 onward
27.1,27.1,41.50541,-81.66791,2025-10-09,20:30:00,5.768,Trim 27.1 from 2025-07-01 onward
27.1,27.1,41.50541,-81.66791,2025-10-09,21:00:00,1.682,Trim 27.1 from 2025-07-01 onward
27.1,27.1,41.50541,-81.66791,2025-10-09,21:30:00,4.184,Trim 27.1 from 2025-07-01 onward
27.1,27.1,41.50541,-81.66791,2025-10-09,22:00:00,1.078,Trim 27.1 from 2025-07-01 onward
27.1,27.1,41.50541,-81.66791,2025-10-09,22:30:00,1.385,Trim 27.1 from 2025-07-01 onward
27.1,27.1,41.50541,-81.66791,2025-10-09,23:30:00,0,Trim 27.1 from 2025-07-01 onward
27.1,27.1,41.50541,-81.66791,2025-10-10,00:00:00,2.249,Trim 27.1 from 2025-07-01 onward
27.1,27.1,41.50541,-81.66791,2025-10-10,00:30:00,1.187,Trim 27.1 from 2025-07-01 onward
27.1,27.1,41.50541,-81.66791,2025-10-10,01:00:00,5.791,Trim 27.1 from 2025-07-01 onward
27.1,27.1,41.50541,-81.66791,2025-10-10,01:30:00,1.082,Trim 27.1 from 2025-07-01 onward
27.1,27.1,41.50541,-81.66791,2025-10-10,02:00:00,0.937,Trim 27.1 from 2025-07-01 onward
27.1,27.1,41.50541,-81.66791,2025-10-10,02:30:00,3.268,Trim 27.1 from 2025-07-01 onward
27.1,27.1,41.50541,-81.66791,2025-10-10,03:00:00,2.699,Trim 27.1 from 2025-07-01 onward
27.1,27.1,41.50541,-81.66791,2025-10-10,03:30:00,0.495,Trim 27.1 from 2025-07-01 onward
27.1,27.1,41.50541,-81.66791,2025-10-10,04:00:00,1.059,Trim 27.1 from 2025-07-01 onward
27.1,27.1,41.50541,-81.66791,2025-10-10,04:30:00,2.496,Trim 27.1 from 2025-07-01 onward
27.1,27.1,41.50541,-81.66791,2025-10-10,05:00:00,22.971,Trim 27.1 from 2025-07-01 onward
27.1,27.1,41.50541,-81.66791,2025-10-10,05:30:00,30.722,Trim 27.1 from 2025-07-01 onward
27.1,27.1,41.50541,-81.66791,2025-10-10,06:00:00,12.441,Trim 27.1 from 2025-07-01 onward
27.1,27.1,41.50541,-81.66791,2025-10-10,06:30:00,11.732,Trim 27.1 from 2025-07-01 onward
27.1,27.1,41.50541,-81.66791,2025-10-10,07:00:00,12.103,Trim 27.1 from 2025-07-01 onward
27.1,27.1,41.50541,-81.66791,2025-10-10,07:30:00,8.216,Trim 27.1 from 2025-07-01 onward
27.1,27.1,41.50541,-81.66791,2025-10-10,08:00:00,10.266,Trim 27.1 from 2025-07-01 onward
27.1,27.1,41.50541,-81.66791,2025-10-10,08:30:00,6.516,Trim 27.1 from 2025-07-01 onward
27.1,27.1,41.50541,-81.66791,2025-10-10,09:30:00,138.638,Trim 27.1 from 2025-07-01 onward
27.1,27.1,41.50541,-81.66791,2025-10-10,10:00:00,54.564,Trim 27.1 from 2025-07-01 onward
27.1,27.1,41.50541,-81.66791,2025-10-10,11:00:00,217.302,Trim 27.1 from 2025-07-01 onward
27.1,27.1,41.50541,-81.66791,2025-10-10,12:00:00,36.97,Trim 27.1 from 2025-07-01 onward
27.1,27.1,41.50541,-81.66791,2025-10-10,13:00:00,1.714,Trim 27.1 from 2025-07-01 onward
27.1,27.1,41.50541,-81.66791,2025-10-10,13:30:00,2.589,Trim 27.1 from 2025-07-01 onward
27.1,27.1,41.50541,-81.66791,2025-10-10,14:00:00,1.429,Trim 27.1 from 2025-07-01 onward
27.1,27.1,41.50541,-81.66791,2025-10-10,14:30:00,1.698,Trim 27.1 from 2025-07-01 onward
27.1,27.1,41.50541,-81.66791,2025-10-10,15:00:00,1.202,Trim 27.1 from 2025-07-01 onward
27.1,27.1,41.50541,-81.66791,2025-10-10,16:00:00,1.012,Trim 27.1 from 2025-07-01 onward
27.1,27.1,41.50541,-81.66791,2025-10-10,16:30:00,1.153,Trim 27.1 from 2025-07-01 onward
27.1,27.1,41.50541,-81.66791,2025-10-10,17:00:00,2.399,Trim 27.1 from 2025-07-01 onward
27.1,27.1,41.50541,-81.66791,2025-10-10,17:30:00,0.575,Trim 27.1 from 2025-07-01 onward
27.1,27.1,41.50541,-81.66791,2025-10-10,18:00:00,2.859,Trim 27.1 from 2025-07-01 onward
27.1,27.1,41.50541,-81.66791,2025-10-10,18:30:00,2.67,Trim 27.1 from 2025-07-01 onward
27.1,27.1,41.50541,-81.66791,2025-10-10,19:00:00,0.688,Trim 27.1 from 2025-07-01 onward
27.1,27.1,41.50541,-81.66791,2025-10-10,19:30:00,0.567,Trim 27.1 from 2025-07-01 onward
27.1,27.1,41.50541,-81.66791,2025-10-10,20:00:00,2.623,Trim 27.1 from 2025-07-01 onward
27.1,27.1,41.50541,-81.66791,2025-10-10,20:30:00,8.273,Trim 27.1 from 2025-07-01 onward
27.1,27.1,41.50541,-81.66791,2025-10-10,21:00:00,0.997,Trim 27.1 from 2025-07-01 onward
27.1,27.1,41.50541,-81.66791,2025-10-10,21:30:00,2.268,Trim 27.1 from 2025-07-01 onward
27.1,27.1,41.50541,-81.66791,2025-10-10,22:30:00,2.21,Trim 27.1 from 2025-07-01 onward
27.1,27.1,41.50541,-81.66791,2025-10-10,23:00:00,1.261,Trim 27.1 from 2025-07-01 onward
27.1,27.1,41.50541,-81.66791,2025-10-10,23:30:00,3.9,Trim 27.1 from 2025-07-01 onward
27.1,27.1,41.50541,-81.66791,2025-10-11,00:00:00,3.645,Trim 27.1 from 2025-07-01 onward
27.1,27.1,41.50541,-81.66791,2025-10-11,00:30:00,2.958,Trim 27.1 from 2025-07-01 onward
27.1,27.1,41.50541,-81.66791,2025-10-11,01:00:00,1.551,Trim 27.1 from 2025-07-01 onward
27.1,27.1,41.50541,-81.66791,2025-10-11,01:30:00,5.392,Trim 27.1 from 2025-07-01 onward
27.1,27.1,41.50541,-81.66791,2025-10-11,02:00:00,5.392,Trim 27.1 from 2025-07-01 onward
27.1,27.1,41.50541,-81.66791,2025-10-11,02:30:00,1.653,Trim 27.1 from 2025-07-01 onward
27.1,27.1,41.50541,-81.66791,2025-10-11,03:00:00,3.022,Trim 27.1 from 2025-07-01 onward
27.1,27.1,41.50541,-81.66791,2025-10-11,03:30:00,4.228,Trim 27.1 from 2025-07-01 onward
27.1,27.1,41.50541,-81.66791,2025-10-11,04:00:00,4.489,Trim 27.1 from 2025-07-01 onward
27.1,27.1,41.50541,-81.66791,2025-10-11,04:30:00,1.141,Trim 27.1 from 2025-07-01 onward
27.1,27.1,41.50541,-81.66791,2025-10-11,05:00:00,0.762,Trim 27.1 from 2025-07-01 onward
27.1,27.1,41.50541,-81.66791,2025-10-11,05:30:00,3.053,Trim 27.1 from 2025-07-01 onward
27.1,27.1,41.50541,-81.66791,2025-10-11,06:00:00,1.272,Trim 27.1 from 2025-07-01 onward
27.1,27.1,41.50541,-81.66791,2025-10-11,06:30:00,2.186,Trim 27.1 from 2025-07-01 onward
27.1,27.1,41.50541,-81.66791,2025-10-11,07:00:00,1.927,Trim 27.1 from 2025-07-01 onward
27.1,27.1,41.50541,-81.66791,2025-10-11,07:30:00,1.368,Trim 27.1 from 2025-07-01 onward
27.1,27.1,41.50541,-81.66791,2025-10-11,08:00:00,14.419,Trim 27.1 from 2025-07-01 onward
27.1,27.1,41.50541,-81.66791,2025-10-11,08:30:00,3.665,Trim 27.1 from 2025-07-01 onward
27.1,27.1,41.50541,-81.66791,2025-10-11,09:00:00,1.935,Trim 27.1 from 2025-07-01 onward
27.1,27.1,41.50541,-81.66791,2025-10-11,09:30:00,4.018,Trim 27.1 from 2025-07-01 onward
27.1,27.1,41.50541,-81.66791,2025-10-11,10:00:00,1.162,Trim 27.1 from 2025-07-01 onward
27.1,27.1,41.50541,-81.66791,2025-10-11,10:30:00,1.573,Trim 27.1 from 2025-07-01 onward
27.1,27.1,41.50541,-81.66791,2025-10-11,11:00:00,3.443,Trim 27.1 from 2025-07-01 onward
27.1,27.1,41.50541,-81.66791,2025-10-11,11:30:00,107.627,Trim 27.1 from 2025-07-01 onward
27.1,27.1,41.50541,-81.66791,2025-10-11,12:00:00,18.207,Trim 27.1 from 2025-07-01 onward
27.1,27.1,41.50541,-81.66791,2025-10-11,12:30:00,0.898,Trim 27.1 from 2025-07-01 onward
27.1,27.1,41.50541,-81.66791,2025-10-11,13:00:00,5.071,Trim 27.1 from 2025-07-01 onward
27.1,27.1,41.50541,-81.66791,2025-10-11,13:30:00,1.036,Trim 27.1 from 2025-07-01 onward
27.1,27.1,41.50541,-81.66791,2025-10-11,14:00:00,1.036,Trim 27.1 from 2025-07-01 onward
27.1,27.1,41.50541,-81.66791,2025-10-11,14:30:00,4.836,Trim 27.1 from 2025-07-01 onward
27.1,27.1,41.50541,-81.66791,2025-10-11,15:00:00,1.546,Trim 27.1 from 2025-07-01 onward
27.1,27.1,41.50541,-81.66791,2025-10-11,15:30:00,1.018,Trim 27.1 from 2025-07-01 onward
27.1,27.1,41.50541,-81.66791,2025-10-11,16:00:00,1.509,Trim 27.1 from 2025-07-01 onward
27.1,27.1,41.50541,-81.66791,2025-10-11,16:30:00,3.24,Trim 27.1 from 2025-07-01 onward
27.1,27.1,41.50541,-81.66791,2025-10-11,17:00:00,1.101,Trim 27.1 from 2025-07-01 onward
27.1,27.1,41.50541,-81.66791,2025-10-11,17:30:00,0.561,Trim 27.1 from 2025-07-01 onward
27.1,27.1,41.50541,-81.66791,2025-10-11,18:00:00,1.386,Trim 27.1 from 2025-07-01 onward
27.1,27.1,41.50541,-81.66791,2025-10-11,18:30:00,4.806,Trim 27.1 from 2025-07-01 onward
27.1,27.1,41.50541,-81.66791,2025-10-11,19:30:00,1.415,Trim 27.1 from 2025-07-01 onward
27.1,27.1,41.50541,-81.66791,2025-10-11,20:00:00,2.941,Trim 27.1 from 2025-07-01 onward
27.1,27.1,41.50541,-81.66791,2025-10-11,20:30:00,3.185,Trim 27.1 from 2025-07-01 onward
27.1,27.1,41.50541,-81.66791,2025-10-11,21:00:00,5.779,Trim 27.1 from 2025-07-01 onward
27.1,27.1,41.50541,-81.66791,2025-10-11,21:30:00,0.571,Trim 27.1 from 2025-07-01 onward
27.1,27.1,41.50541,-81.66791,2025-10-11,22:00:00,0.533,Trim 27.1 from 2025-07-01 onward
27.1,27.1,41.50541,-81.66791,2025-10-11,22:30:00,0.545,Trim 27.1 from 2025-07-01 onward
27.1,27.1,41.50541,-81.66791,2025-10-11,23:00:00,3.211,Trim 27.1 from 2025-07-01 onward
27.1,27.1,41.50541,-81.66791,2025-10-11,23:30:00,0.587,Trim 27.1 from 2025-07-01 onward
27.1,27.1,41.50541,-81.66791,2025-10-12,00:00:00,1.594,Trim 27.1 from 2025-07-01 onward
27.1,27.1,41.50541,-81.66791,2025-10-12,00:30:00,1.034,Trim 27.1 from 2025-07-01 onward
27.1,27.1,41.50541,-81.66791,2025-10-12,01:00:00,2.214,Trim 27.1 from 2025-07-01 onward
27.1,27.1,41.50541,-81.66791,2025-10-12,01:30:00,75.777,Trim 27.1 from 2025-07-01 onward
27.1,27.1,41.50541,-81.66791,2025-10-12,02:00:00,124.105,Trim 27.1 from 2025-07-01 onward
27.1,27.1,41.50541,-81.66791,2025-10-12,03:00:00,40.754,Trim 27.1 from 2025-07-01 onward
27.1,27.1,41.50541,-81.66791,2025-10-12,03:30:00,39.446,Trim 27.1 from 2025-07-01 onward
27.1,27.1,41.50541,-81.66791,2025-10-12,04:00:00,130.241,Trim 27.1 from 2025-07-01 onward
27.1,27.1,41.50541,-81.66791,2025-10-12,04:30:00,45.18,Trim 27.1 from 2025-07-01 onward
27.1,27.1,41.50541,-81.66791,2025-10-12,05:00:00,71.851,Trim 27.1 from 2025-07-01 onward
27.1,27.1,41.50541,-81.66791,2025-10-12,05:30:00,198.064,Trim 27.1 from 2025-07-01 onward
27.1,27.1,41.50541,-81.66791,2025-10-12,06:00:00,169.362,Trim 27.1 from 2025-07-01 onward
27.1,27.1,41.50541,-81.66791,2025-10-12,07:00:00,167.741,Trim 27.1 from 2025-07-01 onward
27.1,27.1,41.50541,-81.66791,2025-10-12,12:30:00,3.511,Trim 27.1 from 2025-07-01 onward
27.1,27.1,41.50541,-81.66791,2025-10-12,13:00:00,5.226,Trim 27.1 from 2025-07-01 onward
27.1,27.1,41.50541,-81.66791,2025-10-12,13:30:00,2.583,Trim 27.1 from 2025-07-01 onward
27.1,27.1,41.50541,-81.66791,2025-10-12,14:00:00,4.241,Trim 27.1 from 2025-07-01 onward
27.1,27.1,41.50541,-81.66791,2025-10-12,14:30:00,1.485,Trim 27.1 from 2025-07-01 onward
27.1,27.1,41.50541,-81.66791,2025-10-12,15:00:00,1.504,Trim 27.1 from 2025-07-01 onward
27.1,27.1,41.50541,-81.66791,2025-10-12,15:30:00,0.747,Trim 27.1 from 2025-07-01 onward
27.1,27.1,41.50541,-81.66791,2025-10-12,16:00:00,0.834,Trim 27.1 from 2025-07-01 onward
27.1,27.1,41.50541,-81.66791,2025-10-12,16:30:00,1.093,Trim 27.1 from 2025-07-01 onward
27.1,27.1,41.50541,-81.66791,2025-10-12,17:00:00,2.777,Trim 27.1 from 2025-07-01 onward
27.1,27.1,41.50541,-81.66791,2025-10-12,17:30:00,10.956,Trim 27.1 from 2025-07-01 onward
27.1,27.1,41.50541,-81.66791,2025-10-12,18:00:00,0.613,Trim 27.1 from 2025-07-01 onward
27.1,27.1,41.50541,-81.66791,2025-10-12,19:00:00,2.941,Trim 27.1 from 2025-07-01 onward
27.1,27.1,41.50541,-81.66791,2025-10-12,19:30:00,1.22,Trim 27.1 from 2025-07-01 onward
27.1,27.1,41.50541,-81.66791,2025-10-12,20:00:00,0.763,Trim 27.1 from 2025-07-01 onward
27.1,27.1,41.50541,-81.66791,2025-10-12,20:30:00,0.53,Trim 27.1 from 2025-07-01 onward
27.1,27.1,41.50541,-81.66791,2025-10-12,21:00:00,0.547,Trim 27.1 from 2025-07-01 onward
27.1,27.1,41.50541,-81.66791,2025-10-12,21:30:00,0.648,Trim 27.1 from 2025-07-01 onward
27.1,27.1,41.50541,-81.66791,2025-10-12,22:00:00,3.29,Trim 27.1 from 2025-07-01 onward
27.1,27.1,41.50541,-81.66791,2025-10-12,22:30:00,0.562,Trim 27.1 from 2025-07-01 onward
27.1,27.1,41.50541,-81.66791,2025-10-12,23:00:00,2.099,Trim 27.1 from 2025-07-01 onward
27.1,27.1,41.50541,-81.66791,2025-10-12,23:30:00,2.099,Trim 27.1 from 2025-07-01 onward
27.1,27.1,41.50541,-81.66791,2025-10-13,00:30:00,29.329,Trim 27.1 from 2025-07-01 onward
27.1,27.1,41.50541,-81.66791,2025-10-13,01:00:00,52.632,Trim 27.1 from 2025-07-01 onward
27.1,27.1,41.50541,-81.66791,2025-10-13,01:30:00,55.051,Trim 27.1 from 2025-07-01 onward
27.1,27.1,41.50541,-81.66791,2025-10-13,02:30:00,32.346,Trim 27.1 from 2025-07-01 onward
27.1,27.1,41.50541,-81.66791,2025-10-13,03:00:00,173.026,Trim 27.1 from 2025-07-01 onward
27.1,27.1,41.50541,-81.66791,2025-10-13,05:30:00,186.544,Trim 27.1 from 2025-07-01 onward
27.1,27.1,41.50541,-81.66791,2025-10-13,06:00:00,167.528,Trim 27.1 from 2025-07-01 onward
27.1,27.1,41.50541,-81.66791,2025-10-13,06:30:00,167.528,Trim 27.1 from 2025-07-01 onward
27.1,27.1,41.50541,-81.66791,2025-10-13,07:00:00,167.528,Trim 27.1 from 2025-07-01 onward
27.1,27.1,41.50541,-81.66791,2025-10-13,07:30:00,167.528,Trim 27.1 from 2025-07-01 onward
27.1,27.1,41.50541,-81.66791,2025-10-13,08:00:00,167.528,Trim 27.1 from 2025-07-01 onward
27.1,27.1,41.50541,-81.66791,2025-10-13,08:30:00,167.528,Trim 27.1 from 2025-07-01 onward
27.1,27.1,41.50541,-81.66791,2025-10-13,09:00:00,167.528,Trim 27.1 from 2025-07-01 onward
27.1,27.1,41.50541,-81.66791,2025-10-13,09:30:00,78.044,Trim 27.1 from 2025-07-01 onward
27.1,27.1,41.50541,-81.66791,2025-10-13,10:00:00,32.145,Trim 27.1 from 2025-07-01 onward
27.1,27.1,41.50541,-81.66791,2025-10-13,10:30:00,63.589,Trim 27.1 from 2025-07-01 onward
27.1,27.1,41.50541,-81.66791,2025-10-13,11:00:00,108.224,Trim 27.1 from 2025-07-01 onward
27.1,27.1,41.50541,-81.66791,2025-10-13,12:00:00,113.417,Trim 27.1 from 2025-07-01 onward
27.1,27.1,41.50541,-81.66791,2025-10-13,12:30:00,3.476,Trim 27.1 from 2025-07-01 onward
27.1,27.1,41.50541,-81.66791,2025-10-13,13:00:00,2.538,Trim 27.1 from 2025-07-01 onward
27.1,27.1,41.50541,-81.66791,2025-10-13,13:30:00,5.769,Trim 27.1 from 2025-07-01 onward
27.1,27.1,41.50541,-81.66791,2025-10-13,14:00:00,8.178,Trim 27.1 from 2025-07-01 onward
27.1,27.1,41.50541,-81.66791,2025-10-13,14:30:00,1.056,Trim 27.1 from 2025-07-01 onward
27.1,27.1,41.50541,-81.66791,2025-10-13,15:00:00,1.939,Trim 27.1 from 2025-07-01 onward
27.1,27.1,41.50541,-81.66791,2025-10-13,15:30:00,4.701,Trim 27.1 from 2025-07-01 onward
27.1,27.1,41.50541,-81.66791,2025-10-13,16:00:00,1.107,Trim 27.1 from 2025-07-01 onward
27.1,27.1,41.50541,-81.66791,2025-10-13,16:30:00,2.585,Trim 27.1 from 2025-07-01 onward
27.1,27.1,41.50541,-81.66791,2025-10-13,17:00:00,2.713,Trim 27.1 from 2025-07-01 onward
27.1,27.1,41.50541,-81.66791,2025-10-13,17:30:00,4.884,Trim 27.1 from 2025-07-01 onward
27.1,27.1,41.50541,-81.66791,2025-10-13,18:00:00,24.348,Trim 27.1 from 2025-07-01 onward
27.1,27.1,41.50541,-81.66791,2025-10-13,18:30:00,0.621,Trim 27.1 from 2025-07-01 onward
27.1,27.1,41.50541,-81.66791,2025-10-13,19:00:00,2.452,Trim 27.1 from 2025-07-01 onward
27.1,27.1,41.50541,-81.66791,2025-10-13,19:30:00,1.333,Trim 27.1 from 2025-07-01 onward
27.1,27.1,41.50541,-81.66791,2025-10-13,20:00:00,1.239,Trim 27.1 from 2025-07-01 onward
27.1,27.1,41.50541,-81.66791,2025-10-13,20:30:00,2.475,Trim 27.1 from 2025-07-01 onward
27.1,27.1,41.50541,-81.66791,2025-10-13,21:30:00,37.81,Trim 27.1 from 2025-07-01 onward
27.1,27.1,41.50541,-81.66791,2025-10-13,22:00:00,69.165,Trim 27.1 from 2025-07-01 onward
27.1,27.1,41.50541,-81.66791,2025-10-13,22:30:00,72.097,Trim 27.1 from 2025-07-01 onward
27.1,27.1,41.50541,-81.66791,2025-10-13,23:00:00,70.375,Trim 27.1 from 2025-07-01 onward
27.1,27.1,41.50541,-81.66791,2025-10-13,23:30:00,96.591,Trim 27.1 from 2025-07-01 onward
27.1,27.1,41.50541,-81.66791,2025-10-14,05:30:00,243.793,Trim 27.1 from 2025-07-01 onward
27.1,27.1,41.50541,-81.66791,2025-10-14,07:00:00,228.468,Trim 27.1 from 2025-07-01 onward
27.1,27.1,41.50541,-81.66791,2025-10-14,09:30:00,198.396,Trim 27.1 from 2025-07-01 onward
27.1,27.1,41.50541,-81.66791,2025-10-14,12:30:00,3.011,Trim 27.1 from 2025-07-01 onward
27.1,27.1,41.50541,-81.66791,2025-10-14,13:00:00,0.587,Trim 27.1 from 2025-07-01 onward
27.1,27.1,41.50541,-81.66791,2025-10-14,13:30:00,0.916,Trim 27.1 from 2025-07-01 onward
27.1,27.1,41.50541,-81.66791,2025-10-14,14:00:00,3.548,Trim 27.1 from 2025-07-01 onward
27.1,27.1,41.50541,-81.66791,2025-10-14,14:30:00,0.926,Trim 27.1 from 2025-07-01 onward
27.1,27.1,41.50541,-81.66791,2025-10-14,15:00:00,1.099,Trim 27.1 from 2025-07-01 onward
27.1,27.1,41.50541,-81.66791,2025-10-14,15:30:00,1.067,Trim 27.1 from 2025-07-01 onward
27.1,27.1,41.50541,-81.66791,2025-10-14,16:00:00,2.362,Trim 27.1 from 2025-07-01 onward
27.1,27.1,41.50541,-81.66791,2025-10-14,17:00:00,0.979,Trim 27.1 from 2025-07-01 onward
27.1,27.1,41.50541,-81.66791,2025-10-14,17:30:00,1.592,Trim 27.1 from 2025-07-01 onward
27.1,27.1,41.50541,-81.66791,2025-10-14,18:00:00,0.961,Trim 27.1 from 2025-07-01 onward
27.1,27.1,41.50541,-81.66791,2025-10-14,18:30:00,2.895,Trim 27.1 from 2025-07-01 onward
27.1,27.1,41.50541,-81.66791,2025-10-14,19:30:00,2.016,Trim 27.1 from 2025-07-01 onward
27.1,27.1,41.50541,-81.66791,2025-10-14,20:00:00,0.531,Trim 27.1 from 2025-07-01 onward
27.1,27.1,41.50541,-81.66791,2025-10-14,20:30:00,1.145,Trim 27.1 from 2025-07-01 onward
27.1,27.1,41.50541,-81.66791,2025-10-14,21:00:00,81.704,Trim 27.1 from 2025-07-01 onward
27.1,27.1,41.50541,-81.66791,2025-10-14,21:30:00,24.457,Trim 27.1 from 2025-07-01 onward
27.1,27.1,41.50541,-81.66791,2025-10-14,22:30:00,47.87,Trim 27.1 from 2025-07-01 onward
27.1,27.1,41.50541,-81.66791,2025-10-14,23:00:00,56.34,Trim 27.1 from 2025-07-01 onward
27.1,27.1,41.50541,-81.66791,2025-10-14,23:30:00,77.825,Trim 27.1 from 2025-07-01 onward
27.1,27.1,41.50541,-81.66791,2025-10-15,00:00:00,59.887,Trim 27.1 from 2025-07-01 onward
27.1,27.1,41.50541,-81.66791,2025-10-15,00:30:00,184.217,Trim 27.1 from 2025-07-01 onward
27.1,27.1,41.50541,-81.66791,2025-10-15,01:00:00,25.264,Trim 27.1 from 2025-07-01 onward
27.1,27.1,41.50541,-81.66791,2025-10-15,01:30:00,2.293,Trim 27.1 from 2025-07-01 onward
27.1,27.1,41.50541,-81.66791,2025-10-15,02:00:00,1.273,Trim 27.1 from 2025-07-01 onward
27.1,27.1,41.50541,-81.66791,2025-10-15,02:30:00,1.385,Trim 27.1 from 2025-07-01 onward
27.1,27.1,41.50541,-81.66791,2025-10-15,03:00:00,1.062,Trim 27.1 from 2025-07-01 onward
27.1,27.1,41.50541,-81.66791,2025-10-15,03:30:00,2.354,Trim 27.1 from 2025-07-01 onward
27.1,27.1,41.50541,-81.66791,2025-10-15,04:00:00,9.659,Trim 27.1 from 2025-07-01 onward
27.1,27.1,41.50541,-81.66791,2025-10-15,04:30:00,4.174,Trim 27.1 from 2025-07-01 onward
27.1,27.1,41.50541,-81.66791,2025-10-15,05:00:00,0.823,Trim 27.1 from 2025-07-01 onward
27.1,27.1,41.50541,-81.66791,2025-10-15,05:30:00,4.665,Trim 27.1 from 2025-07-01 onward
27.1,27.1,41.50541,-81.66791,2025-10-15,06:00:00,4.863,Trim 27.1 from 2025-07-01 onward
27.1,27.1,41.50541,-81.66791,2025-10-15,06:30:00,19.937,Trim 27.1 from 2025-07-01 onward
27.1,27.1,41.50541,-81.66791,2025-10-15,07:00:00,1.002,Trim 27.1 from 2025-07-01 onward
27.1,27.1,41.50541,-81.66791,2025-10-15,07:30:00,0.53,Trim 27.1 from 2025-07-01 onward
27.1,27.1,41.50541,-81.66791,2025-10-15,08:00:00,1.058,Trim 27.1 from 2025-07-01 onward
27.1,27.1,41.50541,-81.66791,2025-10-15,08:30:00,1.226,Trim 27.1 from 2025-07-01 onward
27.1,27.1,41.50541,-81.66791,2025-10-15,09:00:00,4.471,Trim 27.1 from 2025-07-01 onward
27.1,27.1,41.50541,-81.66791,2025-10-15,09:30:00,29.596,Trim 27.1 from 2025-07-01 onward
27.1,27.1,41.50541,-81.66791,2025-10-15,10:00:00,1.932,Trim 27.1 from 2025-07-01 onward
27.1,27.1,41.50541,-81.66791,2025-10-15,10:30:00,8.034,Trim 27.1 from 2025-07-01 onward
27.1,27.1,41.50541,-81.66791,2025-10-15,11:00:00,7.1,Trim 27.1 from 2025-07-01 onward
27.1,27.1,41.50541,-81.66791,2025-10-15,11:30:00,166.811,Trim 27.1 from 2025-07-01 onward
27.1,27.1,41.50541,-81.66791,2025-10-15,12:00:00,25.975,Trim 27.1 from 2025-07-01 onward
27.1,27.1,41.50541,-81.66791,2025-10-15,12:30:00,6.645,Trim 27.1 from 2025-07-01 onward
27.1,27.1,41.50541,-81.66791,2025-10-15,13:00:00,2.439,Trim 27.1 from 2025-07-01 onward
27.1,27.1,41.50541,-81.66791,2025-10-15,13:30:00,9.449,Trim 27.1 from 2025-07-01 onward
27.1,27.1,41.50541,-81.66791,2025-10-15,14:00:00,0.944,Trim 27.1 from 2025-07-01 onward
27.1,27.1,41.50541,-81.66791,2025-10-15,14:30:00,0.559,Trim 27.1 from 2025-07-01 onward
27.1,27.1,41.50541,-81.66791,2025-10-15,15:00:00,6.16,Trim 27.1 from 2025-07-01 onward
27.1,27.1,41.50541,-81.66791,2025-10-15,15:30:00,1.363,Trim 27.1 from 2025-07-01 onward
27.1,27.1,41.50541,-81.66791,2025-10-15,16:00:00,1.889,Trim 27.1 from 2025-07-01 onward
27.1,27.1,41.50541,-81.66791,2025-10-15,16:30:00,1.409,Trim 27.1 from 2025-07-01 onward
27.1,27.1,41.50541,-81.66791,2025-10-15,17:00:00,0.83,Trim 27.1 from 2025-07-01 onward
27.1,27.1,41.50541,-81.66791,2025-10-15,17:30:00,0.632,Trim 27.1 from 2025-07-01 onward
27.1,27.1,41.50541,-81.66791,2025-10-15,18:00:00,1.133,Trim 27.1 from 2025-07-01 onward
27.1,27.1,41.50541,-81.66791,2025-10-15,18:30:00,1.336,Trim 27.1 from 2025-07-01 onward
27.1,27.1,41.50541,-81.66791,2025-10-15,19:00:00,0.561,Trim 27.1 from 2025-07-01 onward
27.1,27.1,41.50541,-81.66791,2025-10-15,19:30:00,2.319,Trim 27.1 from 2025-07-01 onward
27.1,27.1,41.50541,-81.66791,2025-10-15,20:00:00,1.034,Trim 27.1 from 2025-07-01 onward
27.1,27.1,41.50541,-81.66791,2025-10-15,20:30:00,17.138,Trim 27.1 from 2025-07-01 onward
27.1,27.1,41.50541,-81.66791,2025-10-15,21:00:00,0.583,Trim 27.1 from 2025-07-01 onward
27.1,27.1,41.50541,-81.66791,2025-10-15,21:30:00,7.133,Trim 27.1 from 2025-07-01 onward
27.1,27.1,41.50541,-81.66791,2025-10-15,22:00:00,6.463,Trim 27.1 from 2025-07-01 onward
27.1,27.1,41.50541,-81.66791,2025-10-15,22:30:00,1.599,Trim 27.1 from 2025-07-01 onward
27.1,27.1,41.50541,-81.66791,2025-10-15,23:00:00,2.351,Trim 27.1 from 2025-07-01 onward
27.1,27.1,41.50541,-81.66791,2025-10-15,23:30:00,1.594,Trim 27.1 from 2025-07-01 onward
27.1,27.1,41.50541,-81.66791,2025-10-16,00:00:00,1.047,Trim 27.1 from 2025-07-01 onward
27.1,27.1,41.50541,-81.66791,2025-10-16,00:30:00,2.555,Trim 27.1 from 2025-07-01 onward
27.1,27.1,41.50541,-81.66791,2025-10-16,01:00:00,0,Trim 27.1 from 2025-07-01 onward
27.1,27.1,41.50541,-81.66791,2025-10-16,01:30:00,3.127,Trim 27.1 from 2025-07-01 onward
27.1,27.1,41.50541,-81.66791,2025-10-16,02:00:00,0.55,Trim 27.1 from 2025-07-01 onward
27.1,27.1,41.50541,-81.66791,2025-10-16,02:30:00,1.147,Trim 27.1 from 2025-07-01 onward
27.1,27.1,41.50541,-81.66791,2025-10-16,03:00:00,0.708,Trim 27.1 from 2025-07-01 onward
27.1,27.1,41.50541,-81.66791,2025-10-16,03:30:00,16.174,Trim 27.1 from 2025-07-01 onward
27.1,27.1,41.50541,-81.66791,2025-10-16,04:00:00,28.755,Trim 27.1 from 2025-07-01 onward
27.1,27.1,41.50541,-81.66791,2025-10-16,04:30:00,22.157,Trim 27.1 from 2025-07-01 onward
27.1,27.1,41.50541,-81.66791,2025-10-16,05:00:00,85.499,Trim 27.1 from 2025-07-01 onward
27.1,27.1,41.50541,-81.66791,2025-10-16,05:30:00,0.713,Trim 27.1 from 2025-07-01 onward
27.1,27.1,41.50541,-81.66791,2025-10-16,06:00:00,1.415,Trim 27.1 from 2025-07-01 onward
27.1,27.1,41.50541,-81.66791,2025-10-16,06:30:00,0.938,Trim 27.1 from 2025-07-01 onward
27.1,27.1,41.50541,-81.66791,2025-10-16,07:00:00,0.572,Trim 27.1 from 2025-07-01 onward
27.1,27.1,41.50541,-81.66791,2025-10-16,07:30:00,1.535,Trim 27.1 from 2025-07-01 onward
27.1,27.1,41.50541,-81.66791,2025-10-16,08:00:00,0.541,Trim 27.1 from 2025-07-01 onward
27.1,27.1,41.50541,-81.66791,2025-10-16,08:30:00,0,Trim 27.1 from 2025-07-01 onward
27.1,27.1,41.50541,-81.66791,2025-10-16,09:00:00,0,Trim 27.1 from 2025-07-01 onward
27.1,27.1,41.50541,-81.66791,2025-10-16,09:30:00,3.28,Trim 27.1 from 2025-07-01 onward
27.1,27.1,41.50541,-81.66791,2025-10-16,10:00:00,18.569,Trim 27.1 from 2025-07-01 onward
27.1,27.1,41.50541,-81.66791,2025-10-16,10:30:00,2.292,Trim 27.1 from 2025-07-01 onward
27.1,27.1,41.50541,-81.66791,2025-10-16,11:00:00,2.68,Trim 27.1 from 2025-07-01 onward
27.1,27.1,41.50541,-81.66791,2025-10-16,11:30:00,6.013,Trim 27.1 from 2025-07-01 onward
27.1,27.1,41.50541,-81.66791,2025-10-16,12:00:00,152.937,Trim 27.1 from 2025-07-01 onward
27.1,27.1,41.50541,-81.66791,2025-10-16,12:30:00,1.005,Trim 27.1 from 2025-07-01 onward
27.1,27.1,41.50541,-81.66791,2025-10-16,13:00:00,4.445,Trim 27.1 from 2025-07-01 onward
27.1,27.1,41.50541,-81.66791,2025-10-16,13:30:00,0.947,Trim 27.1 from 2025-07-01 onward
27.1,27.1,41.50541,-81.66791,2025-10-16,14:00:00,1.043,Trim 27.1 from 2025-07-01 onward
27.1,27.1,41.50541,-81.66791,2025-10-16,14:30:00,3.3,Trim 27.1 from 2025-07-01 onward
27.1,27.1,41.50541,-81.66791,2025-10-16,15:00:00,0,Trim 27.1 from 2025-07-01 onward
27.1,27.1,41.50541,-81.66791,2025-10-16,15:30:00,0.578,Trim 27.1 from 2025-07-01 onward
27.1,27.1,41.50541,-81.66791,2025-10-16,16:00:00,4.879,Trim 27.1 from 2025-07-01 onward
27.1,27.1,41.50541,-81.66791,2025-10-16,16:30:00,2.549,Trim 27.1 from 2025-07-01 onward
27.1,27.1,41.50541,-81.66791,2025-10-16,17:00:00,0.537,Trim 27.1 from 2025-07-01 onward
27.1,27.1,41.50541,-81.66791,2025-10-16,17:30:00,0.539,Trim 27.1 from 2025-07-01 onward
27.1,27.1,41.50541,-81.66791,2025-10-16,18:00:00,1.148,Trim 27.1 from 2025-07-01 onward
27.1,27.1,41.50541,-81.66791,2025-10-16,18:30:00,1.191,Trim 27.1 from 2025-07-01 onward
27.1,27.1,41.50541,-81.66791,2025-10-16,19:00:00,1.892,Trim 27.1 from 2025-07-01 onward
27.1,27.1,41.50541,-81.66791,2025-10-16,19:30:00,0.52,Trim 27.1 from 2025-07-01 onward
27.1,27.1,41.50541,-81.66791,2025-10-16,20:00:00,1.981,Trim 27.1 from 2025-07-01 onward
27.1,27.1,41.50541,-81.66791,2025-10-16,20:30:00,0,Trim 27.1 from 2025-07-01 onward
27.1,27.1,41.50541,-81.66791,2025-10-16,21:00:00,7.766,Trim 27.1 from 2025-07-01 onward
27.1,27.1,41.50541,-81.66791,2025-10-16,21:30:00,16.317,Trim 27.1 from 2025-07-01 onward
27.1,27.1,41.50541,-81.66791,2025-10-16,22:00:00,2.978,Trim 27.1 from 2025-07-01 onward
27.1,27.1,41.50541,-81.66791,2025-10-16,22:30:00,1.481,Trim 27.1 from 2025-07-01 onward
27.1,27.1,41.50541,-81.66791,2025-10-16,23:00:00,69.549,Trim 27.1 from 2025-07-01 onward
27.1,27.1,41.50541,-81.66791,2025-10-16,23:30:00,2.127,Trim 27.1 from 2025-07-01 onward
27.1,27.1,41.50541,-81.66791,2025-10-17,00:00:00,0.563,Trim 27.1 from 2025-07-01 onward
27.1,27.1,41.50541,-81.66791,2025-10-17,00:30:00,1.292,Trim 27.1 from 2025-07-01 onward
27.1,27.1,41.50541,-81.66791,2025-10-17,01:00:00,83.6,Trim 27.1 from 2025-07-01 onward
27.1,27.1,41.50541,-81.66791,2025-10-17,01:30:00,187.042,Trim 27.1 from 2025-07-01 onward
27.1,27.1,41.50541,-81.66791,2025-10-17,02:30:00,107.438,Trim 27.1 from 2025-07-01 onward
27.1,27.1,41.50541,-81.66791,2025-10-17,03:00:00,16.821,Trim 27.1 from 2025-07-01 onward
27.1,27.1,41.50541,-81.66791,2025-10-17,03:30:00,9.76,Trim 27.1 from 2025-07-01 onward
27.1,27.1,41.50541,-81.66791,2025-10-17,04:00:00,14.786,Trim 27.1 from 2025-07-01 onward
27.1,27.1,41.50541,-81.66791,2025-10-17,04:30:00,5.46,Trim 27.1 from 2025-07-01 onward
27.1,27.1,41.50541,-81.66791,2025-10-17,05:00:00,3.389,Trim 27.1 from 2025-07-01 onward
27.1,27.1,41.50541,-81.66791,2025-10-17,05:30:00,2.122,Trim 27.1 from 2025-07-01 onward
27.1,27.1,41.50541,-81.66791,2025-10-17,06:00:00,3.948,Trim 27.1 from 2025-07-01 onward
27.1,27.1,41.50541,-81.66791,2025-10-17,06:30:00,3.372,Trim 27.1 from 2025-07-01 onward
27.1,27.1,41.50541,-81.66791,2025-10-17,07:00:00,2.393,Trim 27.1 from 2025-07-01 onward
27.1,27.1,41.50541,-81.66791,2025-10-17,07:30:00,80.762,Trim 27.1 from 2025-07-01 onward
27.1,27.1,41.50541,-81.66791,2025-10-17,08:00:00,4.657,Trim 27.1 from 2025-07-01 onward
27.1,27.1,41.50541,-81.66791,2025-10-17,08:30:00,5.17,Trim 27.1 from 2025-07-01 onward
27.1,27.1,41.50541,-81.66791,2025-10-17,09:00:00,11.011,Trim 27.1 from 2025-07-01 onward
27.1,27.1,41.50541,-81.66791,2025-10-17,10:00:00,67.364,Trim 27.1 from 2025-07-01 onward
27.1,27.1,41.50541,-81.66791,2025-10-17,10:30:00,200.011,Trim 27.1 from 2025-07-01 onward
27.1,27.1,41.50541,-81.66791,2025-10-17,11:30:00,15.912,Trim 27.1 from 2025-07-01 onward
27.1,27.1,41.50541,-81.66791,2025-10-17,12:00:00,24.068,Trim 27.1 from 2025-07-01 onward
27.1,27.1,41.50541,-81.66791,2025-10-17,12:30:00,1.882,Trim 27.1 from 2025-07-01 onward
27.1,27.1,41.50541,-81.66791,2025-10-17,13:00:00,6.861,Trim 27.1 from 2025-07-01 onward
27.1,27.1,41.50541,-81.66791,2025-10-17,13:30:00,2.252,Trim 27.1 from 2025-07-01 onward
27.1,27.1,41.50541,-81.66791,2025-10-17,14:00:00,6.091,Trim 27.1 from 2025-07-01 onward
27.1,27.1,41.50541,-81.66791,2025-10-17,14:30:00,1.913,Trim 27.1 from 2025-07-01 onward
27.1,27.1,41.50541,-81.66791,2025-10-17,15:00:00,1.324,Trim 27.1 from 2025-07-01 onward
27.1,27.1,41.50541,-81.66791,2025-10-17,15:30:00,0.599,Trim 27.1 from 2025-07-01 onward
27.1,27.1,41.50541,-81.66791,2025-10-17,16:00:00,3.273,Trim 27.1 from 2025-07-01 onward
27.1,27.1,41.50541,-81.66791,2025-10-17,16:30:00,14.45,Trim 27.1 from 2025-07-01 onward
27.1,27.1,41.50541,-81.66791,2025-10-17,17:00:00,7.539,Trim 27.1 from 2025-07-01 onward
27.1,27.1,41.50541,-81.66791,2025-10-17,17:30:00,12.303,Trim 27.1 from 2025-07-01 onward
27.1,27.1,41.50541,-81.66791,2025-10-17,18:00:00,1.346,Trim 27.1 from 2025-07-01 onward
27.1,27.1,41.50541,-81.66791,2025-10-17,18:30:00,3.465,Trim 27.1 from 2025-07-01 onward
27.1,27.1,41.50541,-81.66791,2025-10-17,19:00:00,1.651,Trim 27.1 from 2025-07-01 onward
27.1,27.1,41.50541,-81.66791,2025-10-17,19:30:00,0.862,Trim 27.1 from 2025-07-01 onward
27.1,27.1,41.50541,-81.66791,2025-10-17,20:00:00,2.754,Trim 27.1 from 2025-07-01 onward
27.1,27.1,41.50541,-81.66791,2025-10-17,20:30:00,0.927,Trim 27.1 from 2025-07-01 onward
27.1,27.1,41.50541,-81.66791,2025-10-17,21:00:00,52.214,Trim 27.1 from 2025-07-01 onward
27.1,27.1,41.50541,-81.66791,2025-10-17,21:30:00,2.415,Trim 27.1 from 2025-07-01 onward
27.1,27.1,41.50541,-81.66791,2025-10-17,22:00:00,0.668,Trim 27.1 from 2025-07-01 onward
27.1,27.1,41.50541,-81.66791,2025-10-17,22:30:00,0.581,Trim 27.1 from 2025-07-01 onward
27.1,27.1,41.50541,-81.66791,2025-10-17,23:00:00,2.024,Trim 27.1 from 2025-07-01 onward
27.1,27.1,41.50541,-81.66791,2025-10-17,23:30:00,5.087,Trim 27.1 from 2025-07-01 onward
27.1,27.1,41.50541,-81.66791,2025-10-18,00:00:00,1.572,Trim 27.1 from 2025-07-01 onward
27.1,27.1,41.50541,-81.66791,2025-10-18,00:30:00,0.968,Trim 27.1 from 2025-07-01 onward
27.1,27.1,41.50541,-81.66791,2025-10-18,01:00:00,1.982,Trim 27.1 from 2025-07-01 onward
27.1,27.1,41.50541,-81.66791,2025-10-18,01:30:00,7.43,Trim 27.1 from 2025-07-01 onward
27.1,27.1,41.50541,-81.66791,2025-10-18,02:00:00,3.895,Trim 27.1 from 2025-07-01 onward
27.1,27.1,41.50541,-81.66791,2025-10-18,02:30:00,1.581,Trim 27.1 from 2025-07-01 onward
27.1,27.1,41.50541,-81.66791,2025-10-18,03:00:00,3.872,Trim 27.1 from 2025-07-01 onward
27.1,27.1,41.50541,-81.66791,2025-10-18,03:30:00,89.803,Trim 27.1 from 2025-07-01 onward
27.1,27.1,41.50541,-81.66791,2025-10-18,04:00:00,4.778,Trim 27.1 from 2025-07-01 onward
27.1,27.1,41.50541,-81.66791,2025-10-18,04:30:00,0.646,Trim 27.1 from 2025-07-01 onward
27.1,27.1,41.50541,-81.66791,2025-10-18,05:00:00,1.136,Trim 27.1 from 2025-07-01 onward
27.1,27.1,41.50541,-81.66791,2025-10-18,05:30:00,2.389,Trim 27.1 from 2025-07-01 onward
27.1,27.1,41.50541,-81.66791,2025-10-18,06:00:00,2.664,Trim 27.1 from 2025-07-01 onward
27.1,27.1,41.50541,-81.66791,2025-10-18,07:00:00,1.016,Trim 27.1 from 2025-07-01 onward
27.1,27.1,41.50541,-81.66791,2025-10-18,07:30:00,1.993,Trim 27.1 from 2025-07-01 onward
27.1,27.1,41.50541,-81.66791,2025-10-18,08:00:00,1.175,Trim 27.1 from 2025-07-01 onward
27.1,27.1,41.50541,-81.66791,2025-10-18,08:30:00,2.9,Trim 27.1 from 2025-07-01 onward
27.1,27.1,41.50541,-81.66791,2025-10-18,09:30:00,5.061,Trim 27.1 from 2025-07-01 onward
27.1,27.1,41.50541,-81.66791,2025-10-18,10:00:00,157.485,Trim 27.1 from 2025-07-01 onward
27.1,27.1,41.50541,-81.66791,2025-10-18,10:30:00,3.937,Trim 27.1 from 2025-07-01 onward
27.1,27.1,41.50541,-81.66791,2025-10-18,11:00:00,3.064,Trim 27.1 from 2025-07-01 onward
27.1,27.1,41.50541,-81.66791,2025-10-18,11:30:00,1.806,Trim 27.1 from 2025-07-01 onward
27.1,27.1,41.50541,-81.66791,2025-10-18,12:00:00,1.896,Trim 27.1 from 2025-07-01 onward
27.1,27.1,41.50541,-81.66791,2025-10-18,12:30:00,2.457,Trim 27.1 from 2025-07-01 onward
27.1,27.1,41.50541,-81.66791,2025-10-18,13:00:00,1.02,Trim 27.1 from 2025-07-01 onward
27.1,27.1,41.50541,-81.66791,2025-10-18,13:30:00,1.573,Trim 27.1 from 2025-07-01 onward
27.1,27.1,41.50541,-81.66791,2025-10-18,14:00:00,3.678,Trim 27.1 from 2025-07-01 onward
27.1,27.1,41.50541,-81.66791,2025-10-18,14:30:00,1.736,Trim 27.1 from 2025-07-01 onward
27.1,27.1,41.50541,-81.66791,2025-10-18,15:00:00,2.257,Trim 27.1 from 2025-07-01 onward
27.1,27.1,41.50541,-81.66791,2025-10-18,15:30:00,3.017,Trim 27.1 from 2025-07-01 onward
27.1,27.1,41.50541,-81.66791,2025-10-18,16:00:00,4.49,Trim 27.1 from 2025-07-01 onward
27.1,27.1,41.50541,-81.66791,2025-10-18,16:30:00,1.141,Trim 27.1 from 2025-07-01 onward
27.1,27.1,41.50541,-81.66791,2025-10-18,17:00:00,1.04,Trim 27.1 from 2025-07-01 onward
27.1,27.1,41.50541,-81.66791,2025-10-18,17:30:00,3.969,Trim 27.1 from 2025-07-01 onward
27.1,27.1,41.50541,-81.66791,2025-10-18,18:30:00,6.317,Trim 27.1 from 2025-07-01 onward
27.1,27.1,41.50541,-81.66791,2025-10-18,19:00:00,3.172,Trim 27.1 from 2025-07-01 onward
27.1,27.1,41.50541,-81.66791,2025-10-18,19:30:00,5.327,Trim 27.1 from 2025-07-01 onward
27.1,27.1,41.50541,-81.66791,2025-10-18,20:00:00,5.353,Trim 27.1 from 2025-07-01 onward
27.1,27.1,41.50541,-81.66791,2025-10-18,20:30:00,7.991,Trim 27.1 from 2025-07-01 onward
27.1,27.1,41.50541,-81.66791,2025-10-18,21:00:00,5.348,Trim 27.1 from 2025-07-01 onward
27.1,27.1,41.50541,-81.66791,2025-10-18,21:30:00,6.115,Trim 27.1 from 2025-07-01 onward
27.1,27.1,41.50541,-81.66791,2025-10-18,22:00:00,10.963,Trim 27.1 from 2025-07-01 onward
27.1,27.1,41.50541,-81.66791,2025-10-18,22:30:00,2.638,Trim 27.1 from 2025-07-01 onward
27.1,27.1,41.50541,-81.66791,2025-10-18,23:00:00,2.979,Trim 27.1 from 2025-07-01 onward
27.1,27.1,41.50541,-81.66791,2025-10-18,23:30:00,3.235,Trim 27.1 from 2025-07-01 onward
27.1,27.1,41.50541,-81.66791,2025-10-19,00:00:00,7.303,Trim 27.1 from 2025-07-01 onward
27.1,27.1,41.50541,-81.66791,2025-10-19,00:30:00,6.241,Trim 27.1 from 2025-07-01 onward
27.1,27.1,41.50541,-81.66791,2025-10-19,01:00:00,9.165,Trim 27.1 from 2025-07-01 onward
27.1,27.1,41.50541,-81.66791,2025-10-19,02:00:00,7.453,Trim 27.1 from 2025-07-01 onward
27.1,27.1,41.50541,-81.66791,2025-10-19,02:30:00,6.649,Trim 27.1 from 2025-07-01 onward
27.1,27.1,41.50541,-81.66791,2025-10-19,03:00:00,4.918,Trim 27.1 from 2025-07-01 onward
27.1,27.1,41.50541,-81.66791,2025-10-19,03:30:00,4.173,Trim 27.1 from 2025-07-01 onward
27.1,27.1,41.50541,-81.66791,2025-10-19,04:00:00,5.339,Trim 27.1 from 2025-07-01 onward
27.1,27.1,41.50541,-81.66791,2025-10-19,04:30:00,4.819,Trim 27.1 from 2025-07-01 onward
27.1,27.1,41.50541,-81.66791,2025-10-19,05:00:00,4.2,Trim 27.1 from 2025-07-01 onward
27.1,27.1,41.50541,-81.66791,2025-10-19,05:30:00,58.296,Trim 27.1 from 2025-07-01 onward
27.1,27.1,41.50541,-81.66791,2025-10-19,06:00:00,3.068,Trim 27.1 from 2025-07-01 onward
27.1,27.1,41.50541,-81.66791,2025-10-19,06:30:00,5.782,Trim 27.1 from 2025-07-01 onward
27.1,27.1,41.50541,-81.66791,2025-10-19,07:00:00,4.666,Trim 27.1 from 2025-07-01 onward
27.1,27.1,41.50541,-81.66791,2025-10-19,07:30:00,8.503,Trim 27.1 from 2025-07-01 onward
27.1,27.1,41.50541,-81.66791,2025-10-19,08:00:00,4.609,Trim 27.1 from 2025-07-01 onward
27.1,27.1,41.50541,-81.66791,2025-10-19,08:30:00,5.216,Trim 27.1 from 2025-07-01 onward
27.1,27.1,41.50541,-81.66791,2025-10-19,09:00:00,6.548,Trim 27.1 from 2025-07-01 onward
27.1,27.1,41.50541,-81.66791,2025-10-19,09:30:00,2.557,Trim 27.1 from 2025-07-01 onward
27.1,27.1,41.50541,-81.66791,2025-10-19,10:00:00,3.671,Trim 27.1 from 2025-07-01 onward
27.1,27.1,41.50541,-81.66791,2025-10-19,10:30:00,4.627,Trim 27.1 from 2025-07-01 onward
27.1,27.1,41.50541,-81.66791,2025-10-19,11:00:00,4.205,Trim 27.1 from 2025-07-01 onward
27.1,27.1,41.50541,-81.66791,2025-10-19,11:30:00,4.79,Trim 27.1 from 2025-07-01 onward
27.1,27.1,41.50541,-81.66791,2025-10-19,12:00:00,5.396,Trim 27.1 from 2025-07-01 onward
27.1,27.1,41.50541,-81.66791,2025-10-19,12:30:00,2.958,Trim 27.1 from 2025-07-01 onward
27.1,27.1,41.50541,-81.66791,2025-10-19,13:00:00,4.525,Trim 27.1 from 2025-07-01 onward
27.1,27.1,41.50541,-81.66791,2025-10-19,13:30:00,33.553,Trim 27.1 from 2025-07-01 onward
27.1,27.1,41.50541,-81.66791,2025-10-19,14:00:00,6.65,Trim 27.1 from 2025-07-01 onward
27.1,27.1,41.50541,-81.66791,2025-10-19,14:30:00,211.665,Trim 27.1 from 2025-07-01 onward
27.1,27.1,41.50541,-81.66791,2025-10-19,17:30:00,186.694,Trim 27.1 from 2025-07-01 onward
27.1,27.1,41.50541,-81.66791,2025-10-19,20:00:00,139.974,Trim 27.1 from 2025-07-01 onward
27.3,27.3,41.46212,-81.59199,2025-12-05,17:00:00,1.779,Remove site 27.3 completely
27.3,27.3,41.46212,-81.59199,2025-12-05,17:30:00,7.052,Remove site 27.3 completely
27.3,27.3,41.46212,-81.59199,2025-12-05,18:00:00,3.214,Remove site 27.3 completely
27.3,27.3,41.46212,-81.59199,2025-12-05,18:30:00,6.584,Remove site 27.3 completely
27.3,27.3,41.46212,-81.59199,2025-12-05,19:00:00,5.532,Remove site 27.3 completely
27.3,27.3,41.46212,-81.59199,2025-12-05,19:30:00,80.645,Remove site 27.3 completely
27.3,27.3,41.46212,-81.59199,2025-12-05,20:00:00,6.226,Remove site 27.3 completely
27.3,27.3,41.46212,-81.59199,2025-12-05,21:30:00,88.432,Remove site 27.3 completely
27.3,27.3,41.46212,-81.59199,2025-12-05,22:00:00,4.503,Remove site 27.3 completely
27.3,27.3,41.46212,-81.59199,2025-12-05,22:30:00,15.736,Remove site 27.3 completely
27.3,27.3,41.46212,-81.59199,2025-12-05,23:00:00,238.068,Remove site 27.3 completely
27.3,27.3,41.46212,-81.59199,2025-12-05,23:30:00,50.249,Remove site 27.3 completely
27.3,27.3,41.46212,-81.59199,2025-12-06,00:00:00,23.581,Remove site 27.3 completely
27.3,27.3,41.46212,-81.59199,2025-12-06,00:30:00,3.986,Remove site 27.3 completely
27.3,27.3,41.46212,-81.59199,2025-12-06,01:00:00,41.243,Remove site 27.3 completely
27.3,27.3,41.46212,-81.59199,2025-12-06,01:30:00,209.14,Remove site 27.3 completely
27.3,27.3,41.46212,-81.59199,2025-12-06,02:00:00,102.819,Remove site 27.3 completely
27.3,27.3,41.46212,-81.59199,2025-12-06,02:30:00,71,Remove site 27.3 completely
27.3,27.3,41.46212,-81.59199,2025-12-06,03:00:00,5.089,Remove site 27.3 completely
27.3,27.3,41.46212,-81.59199,2025-12-06,03:30:00,21.745,Remove site 27.3 completely
27.3,27.3,41.46212,-81.59199,2025-12-06,04:00:00,235.721,Remove site 27.3 completely
27.3,27.3,41.46212,-81.59199,2025-12-06,04:30:00,30.579,Remove site 27.3 completely
27.3,27.3,41.46212,-81.59199,2025-12-06,05:00:00,5.672,Remove site 27.3 completely
27.3,27.3,41.46212,-81.59199,2025-12-06,05:30:00,12.915,Remove site 27.3 completely
27.3,27.3,41.46212,-81.59199,2025-12-06,06:00:00,6.741,Remove site 27.3 completely
27.3,27.3,41.46212,-81.59199,2025-12-06,06:30:00,6.052,Remove site 27.3 completely
27.3,27.3,41.46212,-81.59199,2025-12-06,07:00:00,7.156,Remove site 27.3 completely
27.3,27.3,41.46212,-81.59199,2025-12-06,08:00:00,7.249,Remove site 27.3 completely
27.3,27.3,41.46212,-81.59199,2025-12-06,08:30:00,5.878,Remove site 27.3 completely
27.3,27.3,41.46212,-81.59199,2025-12-06,09:00:00,10.914,Remove site 27.3 completely
27.3,27.3,41.46212,-81.59199,2025-12-06,09:30:00,4.802,Remove site 27.3 completely
27.3,27.3,41.46212,-81.59199,2025-12-06,10:00:00,5.68,Remove site 27.3 completely
27.3,27.3,41.46212,-81.59199,2025-12-06,10:30:00,11.563,Remove site 27.3 completely
27.3,27.3,41.46212,-81.59199,2025-12-06,11:00:00,11.646,Remove site 27.3 completely
27.3,27.3,41.46212,-81.59199,2025-12-06,11:30:00,10.955,Remove site 27.3 completely
27.3,27.3,41.46212,-81.59199,2025-12-06,12:00:00,42.358,Remove site 27.3 completely
27.3,27.3,41.46212,-81.59199,2025-12-06,12:30:00,13.892,Remove site 27.3 completely
27.3,27.3,41.46212,-81.59199,2025-12-06,13:00:00,16.545,Remove site 27.3 completely
27.3,27.3,41.46212,-81.59199,2025-12-06,13:30:00,19.458,Remove site 27.3 completely
27.3,27.3,41.46212,-81.59199,2025-12-06,14:00:00,71.109,Remove site 27.3 completely
27.3,27.3,41.46212,-81.59199,2025-12-06,14:30:00,32.316,Remove site 27.3 completely
27.3,27.3,41.46212,-81.59199,2025-12-06,15:00:00,211.116,Remove site 27.3 completely
27.3,27.3,41.46212,-81.59199,2025-12-06,15:30:00,25.147,Remove site 27.3 completely
27.3,27.3,41.46212,-81.59199,2025-12-06,16:00:00,55.684,Remove site 27.3 completely
27.3,27.3,41.46212,-81.59199,2025-12-06,16:30:00,131.291,Remove site 27.3 completely
27.3,27.3,41.46212,-81.59199,2025-12-06,17:00:00,10.586,Remove site 27.3 completely
27.3,27.3,41.46212,-81.59199,2025-12-06,17:30:00,14.199,Remove site 27.3 completely
27.3,27.3,41.46212,-81.59199,2025-12-06,18:00:00,26.731,Remove site 27.3 completely
27.3,27.3,41.46212,-81.59199,2025-12-06,18:30:00,56.878,Remove site 27.3 completely
27.3,27.3,41.46212,-81.59199,2025-12-06,19:00:00,17.051,Remove site 27.3 completely
27.3,27.3,41.46212,-81.59199,2025-12-06,19:30:00,29.089,Remove site 27.3 completely
27.3,27.3,41.46212,-81.59199,2025-12-06,20:00:00,17.521,Remove site 27.3 completely
27.3,27.3,41.46212,-81.59199,2025-12-06,20:30:00,10.015,Remove site 27.3 completely
27.3,27.3,41.46212,-81.59199,2025-12-06,21:00:00,10.37,Remove site 27.3 completely
27.3,27.3,41.46212,-81.59199,2025-12-06,21:30:00,171.516,Remove site 27.3 completely
27.3,27.3,41.46212,-81.59199,2025-12-06,22:00:00,102.246,Remove site 27.3 completely
27.3,27.3,41.46212,-81.59199,2025-12-06,23:00:00,15.145,Remove site 27.3 completely
27.3,27.3,41.46212,-81.59199,2025-12-06,23:30:00,123.79,Remove site 27.3 completely
27.3,27.3,41.46212,-81.59199,2025-12-07,00:00:00,230.848,Remove site 27.3 completely
27.3,27.3,41.46212,-81.59199,2025-12-07,00:30:00,75.365,Remove site 27.3 completely
27.3,27.3,41.46212,-81.59199,2025-12-07,01:00:00,139.249,Remove site 27.3 completely
27.3,27.3,41.46212,-81.59199,2025-12-07,01:30:00,51.055,Remove site 27.3 completely
27.3,27.3,41.46212,-81.59199,2025-12-07,02:00:00,36.642,Remove site 27.3 completely
27.3,27.3,41.46212,-81.59199,2025-12-07,02:30:00,10.768,Remove site 27.3 completely
27.3,27.3,41.46212,-81.59199,2025-12-07,03:00:00,10.768,Remove site 27.3 completely
27.3,27.3,41.46212,-81.59199,2025-12-07,03:30:00,10.768,Remove site 27.3 completely
27.3,27.3,41.46212,-81.59199,2025-12-07,04:00:00,10.768,Remove site 27.3 completely
27.3,27.3,41.46212,-81.59199,2025-12-07,04:30:00,10.768,Remove site 27.3 completely
27.3,27.3,41.46212,-81.59199,2025-12-07,05:00:00,10.768,Remove site 27.3 completely
27.3,27.3,41.46212,-81.59199,2025-12-07,05:30:00,10.768,Remove site 27.3 completely
27.3,27.3,41.46212,-81.59199,2025-12-07,06:00:00,10.768,Remove site 27.3 completely
27.3,27.3,41.46212,-81.59199,2025-12-07,06:30:00,10.768,Remove site 27.3 completely
27.3,27.3,41.46212,-81.59199,2025-12-07,07:00:00,10.768,Remove site 27.3 completely
27.3,27.3,41.46212,-81.59199,2025-12-07,07:30:00,6.717,Remove site 27.3 completely
27.3,27.3,41.46212,-81.59199,2025-12-07,08:00:00,7.766,Remove site 27.3 completely
27.3,27.3,41.46212,-81.59199,2025-12-07,08:30:00,6.861,Remove site 27.3 completely
27.3,27.3,41.46212,-81.59199,2025-12-07,09:00:00,7.206,Remove site 27.3 completely
27.3,27.3,41.46212,-81.59199,2025-12-07,09:30:00,4.323,Remove site 27.3 completely
27.3,27.3,41.46212,-81.59199,2025-12-07,10:00:00,13.458,Remove site 27.3 completely
27.3,27.3,41.46212,-81.59199,2025-12-07,10:30:00,7.45,Remove site 27.3 completely
27.3,27.3,41.46212,-81.59199,2025-12-07,11:00:00,5.389,Remove site 27.3 completely
27.3,27.3,41.46212,-81.59199,2025-12-07,11:30:00,8.529,Remove site 27.3 completely
27.3,27.3,41.46212,-81.59199,2025-12-07,12:00:00,4.962,Remove site 27.3 completely
27.3,27.3,41.46212,-81.59199,2025-12-07,12:30:00,5.483,Remove site 27.3 completely
27.3,27.3,41.46212,-81.59199,2025-12-07,13:00:00,5.227,Remove site 27.3 completely
27.3,27.3,41.46212,-81.59199,2025-12-07,13:30:00,6.925,Remove site 27.3 completely
27.3,27.3,41.46212,-81.59199,2025-12-07,14:00:00,10.74,Remove site 27.3 completely
27.3,27.3,41.46212,-81.59199,2025-12-07,14:30:00,7.585,Remove site 27.3 completely
27.3,27.3,41.46212,-81.59199,2025-12-07,15:00:00,12.393,Remove site 27.3 completely
27.3,27.3,41.46212,-81.59199,2025-12-07,15:30:00,5.979,Remove site 27.3 completely
27.3,27.3,41.46212,-81.59199,2025-12-07,16:00:00,16.529,Remove site 27.3 completely
27.3,27.3,41.46212,-81.59199,2025-12-07,16:30:00,14.418,Remove site 27.3 completely
27.3,27.3,41.46212,-81.59199,2025-12-07,17:00:00,7.868,Remove site 27.3 completely
27.3,27.3,41.46212,-81.59199,2025-12-07,17:30:00,10.759,Remove site 27.3 completely
27.3,27.3,41.46212,-81.59199,2025-12-07,18:00:00,73.478,Remove site 27.3 completely
27.3,27.3,41.46212,-81.59199,2025-12-07,18:30:00,20.873,Remove site 27.3 completely
27.3,27.3,41.46212,-81.59199,2025-12-07,19:00:00,9.896,Remove site 27.3 completely
27.3,27.3,41.46212,-81.59199,2025-12-07,19:30:00,18.273,Remove site 27.3 completely
27.3,27.3,41.46212,-81.59199,2025-12-07,20:00:00,24.781,Remove site 27.3 completely
27.3,27.3,41.46212,-81.59199,2025-12-07,20:30:00,10.186,Remove site 27.3 completely
27.3,27.3,41.46212,-81.59199,2025-12-07,21:00:00,56.944,Remove site 27.3 completely
27.3,27.3,41.46212,-81.59199,2025-12-07,21:30:00,13.363,Remove site 27.3 completely
27.3,27.3,41.46212,-81.59199,2025-12-07,22:00:00,10.503,Remove site 27.3 completely
27.3,27.3,41.46212,-81.59199,2025-12-07,22:30:00,231.336,Remove site 27.3 completely
27.3,27.3,41.46212,-81.59199,2025-12-07,23:00:00,4.447,Remove site 27.3 completely
27.3,27.3,41.46212,-81.59199,2025-12-07,23:30:00,7.742,Remove site 27.3 completely
27.3,27.3,41.46212,-81.59199,2025-12-08,00:00:00,3.08,Remove site 27.3 completely
27.3,27.3,41.46212,-81.59199,2025-12-08,00:30:00,5.65,Remove site 27.3 completely
27.3,27.3,41.46212,-81.59199,2025-12-08,01:00:00,2.421,Remove site 27.3 completely
27.3,27.3,41.46212,-81.59199,2025-12-08,01:30:00,1.687,Remove site 27.3 completely
27.3,27.3,41.46212,-81.59199,2025-12-08,02:00:00,0,Remove site 27.3 completely
27.3,27.3,41.46212,-81.59199,2025-12-08,02:30:00,0.561,Remove site 27.3 completely
27.3,27.3,41.46212,-81.59199,2025-12-08,03:30:00,7.848,Remove site 27.3 completely
27.3,27.3,41.46212,-81.59199,2025-12-08,04:00:00,6.047,Remove site 27.3 completely
27.3,27.3,41.46212,-81.59199,2025-12-08,04:30:00,3.673,Remove site 27.3 completely
27.3,27.3,41.46212,-81.59199,2025-12-08,05:00:00,4.306,Remove site 27.3 completely
27.3,27.3,41.46212,-81.59199,2025-12-08,05:30:00,0.882,Remove site 27.3 completely
27.3,27.3,41.46212,-81.59199,2025-12-08,06:00:00,2.217,Remove site 27.3 completely
27.3,27.3,41.46212,-81.59199,2025-12-08,06:30:00,1.14,Remove site 27.3 completely
27.3,27.3,41.46212,-81.59199,2025-12-08,07:00:00,0,Remove site 27.3 completely
27.3,27.3,41.46212,-81.59199,2025-12-08,07:30:00,4.175,Remove site 27.3 completely
27.3,27.3,41.46212,-81.59199,2025-12-08,08:00:00,1.505,Remove site 27.3 completely
27.3,27.3,41.46212,-81.59199,2025-12-08,08:30:00,2.354,Remove site 27.3 completely
27.3,27.3,41.46212,-81.59199,2025-12-08,09:00:00,0,Remove site 27.3 completely
27.3,27.3,41.46212,-81.59199,2025-12-08,09:30:00,0,Remove site 27.3 completely
27.3,27.3,41.46212,-81.59199,2025-12-08,10:00:00,4.968,Remove site 27.3 completely
27.3,27.3,41.46212,-81.59199,2025-12-08,10:30:00,0.482,Remove site 27.3 completely
27.3,27.3,41.46212,-81.59199,2025-12-08,11:00:00,2.954,Remove site 27.3 completely
27.3,27.3,41.46212,-81.59199,2025-12-08,11:30:00,0,Remove site 27.3 completely
27.3,27.3,41.46212,-81.59199,2025-12-08,12:00:00,0,Remove site 27.3 completely
27.3,27.3,41.46212,-81.59199,2025-12-08,12:30:00,62.187,Remove site 27.3 completely
27.3,27.3,41.46212,-81.59199,2025-12-08,13:00:00,3.551,Remove site 27.3 completely
27.3,27.3,41.46212,-81.59199,2025-12-08,14:30:00,14.881,Remove site 27.3 completely
27.3,27.3,41.46212,-81.59199,2025-12-08,15:00:00,2.735,Remove site 27.3 completely
27.3,27.3,41.46212,-81.59199,2025-12-08,16:00:00,3.381,Remove site 27.3 completely
27.3,27.3,41.46212,-81.59199,2025-12-08,16:30:00,5.577,Remove site 27.3 completely
27.3,27.3,41.46212,-81.59199,2025-12-08,17:00:00,0.921,Remove site 27.3 completely
27.3,27.3,41.46212,-81.59199,2025-12-08,17:30:00,0,Remove site 27.3 completely
27.3,27.3,41.46212,-81.59199,2025-12-08,18:00:00,4.652,Remove site 27.3 completely
27.3,27.3,41.46212,-81.59199,2025-12-08,18:30:00,2.776,Remove site 27.3 completely
27.3,27.3,41.46212,-81.59199,2025-12-08,19:00:00,0,Remove site 27.3 completely
27.3,27.3,41.46212,-81.59199,2025-12-08,19:30:00,2.644,Remove site 27.3 completely
27.3,27.3,41.46212,-81.59199,2025-12-08,20:00:00,0.487,Remove site 27.3 completely
27.3,27.3,41.46212,-81.59199,2025-12-08,20:30:00,3.855,Remove site 27.3 completely
27.3,27.3,41.46212,-81.59199,2025-12-08,21:00:00,4.125,Remove site 27.3 completely
27.3,27.3,41.46212,-81.59199,2025-12-08,21:30:00,2.84,Remove site 27.3 completely
27.3,27.3,41.46212,-81.59199,2025-12-08,22:00:00,61.151,Remove site 27.3 completely
27.3,27.3,41.46212,-81.59199,2025-12-08,22:30:00,1.51,Remove site 27.3 completely
27.3,27.3,41.46212,-81.59199,2025-12-08,23:00:00,26.511,Remove site 27.3 completely
27.3,27.3,41.46212,-81.59199,2025-12-09,00:00:00,4.873,Remove site 27.3 completely
27.3,27.3,41.46212,-81.59199,2025-12-09,00:30:00,15.468,Remove site 27.3 completely
27.3,27.3,41.46212,-81.59199,2025-12-09,01:00:00,5.726,Remove site 27.3 completely
27.3,27.3,41.46212,-81.59199,2025-12-09,01:30:00,1.523,Remove site 27.3 completely
27.3,27.3,41.46212,-81.59199,2025-12-09,02:00:00,0.55,Remove site 27.3 completely
27.3,27.3,41.46212,-81.59199,2025-12-09,02:30:00,5.941,Remove site 27.3 completely
27.3,27.3,41.46212,-81.59199,2025-12-09,03:00:00,0,Remove site 27.3 completely
27.3,27.3,41.46212,-81.59199,2025-12-09,03:30:00,4.859,Remove site 27.3 completely
27.3,27.3,41.46212,-81.59199,2025-12-09,04:00:00,0.566,Remove site 27.3 completely
27.3,27.3,41.46212,-81.59199,2025-12-09,04:30:00,3.484,Remove site 27.3 completely
27.3,27.3,41.46212,-81.59199,2025-12-09,05:00:00,1.841,Remove site 27.3 completely
27.3,27.3,41.46212,-81.59199,2025-12-09,05:30:00,0,Remove site 27.3 completely
27.3,27.3,41.46212,-81.59199,2025-12-09,06:00:00,3.55,Remove site 27.3 completely
27.3,27.3,41.46212,-81.59199,2025-12-09,06:30:00,2.563,Remove site 27.3 completely
27.3,27.3,41.46212,-81.59199,2025-12-09,07:00:00,0,Remove site 27.3 completely
27.3,27.3,41.46212,-81.59199,2025-12-09,07:30:00,2.405,Remove site 27.3 completely
27.3,27.3,41.46212,-81.59199,2025-12-09,08:00:00,1.395,Remove site 27.3 completely
27.3,27.3,41.46212,-81.59199,2025-12-09,08:30:00,2.955,Remove site 27.3 completely
27.3,27.3,41.46212,-81.59199,2025-12-09,09:00:00,6.074,Remove site 27.3 completely
27.3,27.3,41.46212,-81.59199,2025-12-09,09:30:00,0,Remove site 27.3 completely
27.3,27.3,41.46212,-81.59199,2025-12-09,10:00:00,0.591,Remove site 27.3 completely
27.3,27.3,41.46212,-81.59199,2025-12-09,10:30:00,8.232,Remove site 27.3 completely
27.3,27.3,41.46212,-81.59199,2025-12-09,11:00:00,4.902,Remove site 27.3 completely
27.3,27.3,41.46212,-81.59199,2025-12-09,11:30:00,23.07,Remove site 27.3 completely
27.3,27.3,41.46212,-81.59199,2025-12-09,12:00:00,0,Remove site 27.3 completely
27.3,27.3,41.46212,-81.59199,2025-12-09,12:30:00,1.537,Remove site 27.3 completely
27.3,27.3,41.46212,-81.59199,2025-12-09,13:00:00,12.037,Remove site 27.3 completely
27.3,27.3,41.46212,-81.59199,2025-12-09,13:30:00,2.187,Remove site 27.3 completely
27.3,27.3,41.46212,-81.59199,2025-12-09,14:00:00,2.077,Remove site 27.3 completely
27.3,27.3,41.46212,-81.59199,2025-12-09,14:30:00,1.031,Remove site 27.3 completely
27.3,27.3,41.46212,-81.59199,2025-12-09,15:30:00,3.949,Remove site 27.3 completely
27.3,27.3,41.46212,-81.59199,2025-12-09,17:00:00,15.538,Remove site 27.3 completely
27.3,27.3,41.46212,-81.59199,2025-12-09,17:30:00,1.097,Remove site 27.3 completely
27.3,27.3,41.46212,-81.59199,2025-12-09,18:00:00,3.477,Remove site 27.3 completely
27.3,27.3,41.46212,-81.59199,2025-12-09,18:30:00,3.789,Remove site 27.3 completely
27.3,27.3,41.46212,-81.59199,2025-12-09,19:00:00,4.255,Remove site 27.3 completely
27.3,27.3,41.46212,-81.59199,2025-12-09,20:00:00,4.814,Remove site 27.3 completely
27.3,27.3,41.46212,-81.59199,2025-12-09,20:30:00,2.881,Remove site 27.3 completely
27.3,27.3,41.46212,-81.59199,2025-12-09,21:00:00,2.572,Remove site 27.3 completely
27.3,27.3,41.46212,-81.59199,2025-12-09,21:30:00,7.054,Remove site 27.3 completely
27.3,27.3,41.46212,-81.59199,2025-12-09,22:00:00,3.423,Remove site 27.3 completely
27.3,27.3,41.46212,-81.59199,2025-12-09,22:30:00,2.975,Remove site 27.3 completely
27.3,27.3,41.46212,-81.59199,2025-12-09,23:00:00,3.48,Remove site 27.3 completely
27.3,27.3,41.46212,-81.59199,2025-12-09,23:30:00,3.191,Remove site 27.3 completely
27.3,27.3,41.46212,-81.59199,2025-12-10,00:00:00,3.368,Remove site 27.3 completely
27.3,27.3,41.46212,-81.59199,2025-12-10,00:30:00,2.294,Remove site 27.3 completely
27.3,27.3,41.46212,-81.59199,2025-12-10,01:00:00,3.88,Remove site 27.3 completely
27.3,27.3,41.46212,-81.59199,2025-12-10,01:30:00,5.075,Remove site 27.3 completely
27.3,27.3,41.46212,-81.59199,2025-12-10,02:00:00,2.43,Remove site 27.3 completely
27.3,27.3,41.46212,-81.59199,2025-12-10,02:30:00,4.814,Remove site 27.3 completely
27.3,27.3,41.46212,-81.59199,2025-12-10,03:00:00,5.235,Remove site 27.3 completely
27.3,27.3,41.46212,-81.59199,2025-12-10,03:30:00,4.427,Remove site 27.3 completely
27.3,27.3,41.46212,-81.59199,2025-12-10,04:00:00,9.466,Remove site 27.3 completely
27.3,27.3,41.46212,-81.59199,2025-12-10,04:30:00,1.881,Remove site 27.3 completely
27.3,27.3,41.46212,-81.59199,2025-12-10,05:00:00,4.817,Remove site 27.3 completely
27.3,27.3,41.46212,-81.59199,2025-12-10,05:30:00,3.261,Remove site 27.3 completely
27.3,27.3,41.46212,-81.59199,2025-12-10,06:00:00,4.724,Remove site 27.3 completely
27.3,27.3,41.46212,-81.59199,2025-12-10,06:30:00,19.254,Remove site 27.3 completely
27.3,27.3,41.46212,-81.59199,2025-12-10,07:00:00,3.14,Remove site 27.3 completely
27.3,27.3,41.46212,-81.59199,2025-12-10,07:30:00,7.674,Remove site 27.3 completely
27.3,27.3,41.46212,-81.59199,2025-12-10,08:00:00,3.478,Remove site 27.3 completely
27.3,27.3,41.46212,-81.59199,2025-12-10,08:30:00,6.635,Remove site 27.3 completely
27.3,27.3,41.46212,-81.59199,2025-12-10,09:00:00,5.69,Remove site 27.3 completely
27.3,27.3,41.46212,-81.59199,2025-12-10,09:30:00,13.582,Remove site 27.3 completely
27.3,27.3,41.46212,-81.59199,2025-12-10,10:00:00,4.086,Remove site 27.3 completely
27.3,27.3,41.46212,-81.59199,2025-12-10,11:30:00,114.678,Remove site 27.3 completely
27.3,27.3,41.46212,-81.59199,2025-12-10,12:00:00,165.034,Remove site 27.3 completely
27.3,27.3,41.46212,-81.59199,2025-12-10,12:30:00,165.034,Remove site 27.3 completely
27.3,27.3,41.46212,-81.59199,2025-12-10,13:00:00,159.007,Remove site 27.3 completely
27.3,27.3,41.46212,-81.59199,2025-12-10,14:30:00,159.007,Remove site 27.3 completely
27.3,27.3,41.46212,-81.59199,2025-12-10,15:00:00,159.007,Remove site 27.3 completely
27.3,27.3,41.46212,-81.59199,2025-12-10,15:30:00,159.007,Remove site 27.3 completely
27.3,27.3,41.46212,-81.59199,2025-12-10,16:30:00,8.087,Remove site 27.3 completely
27.3,27.3,41.46212,-81.59199,2025-12-10,17:00:00,8.087,Remove site 27.3 completely
27.3,27.3,41.46212,-81.59199,2025-12-10,17:30:00,8.087,Remove site 27.3 completely
27.3,27.3,41.46212,-81.59199,2025-12-10,18:00:00,8.087,Remove site 27.3 completely
27.3,27.3,41.46212,-81.59199,2025-12-18,23:00:00,1.267,Remove site 27.3 completely
27.3,27.3,41.46212,-81.59199,2025-12-19,00:30:00,0.571,Remove site 27.3 completely
27.3,27.3,41.46212,-81.59199,2025-12-19,01:00:00,0.566,Remove site 27.3 completely
27.3,27.3,41.46212,-81.59199,2025-12-19,01:30:00,1.687,Remove site 27.3 completely
27.3,27.3,41.46212,-81.59199,2025-12-19,02:00:00,2.036,Remove site 27.3 completely
27.3,27.3,41.46212,-81.59199,2025-12-19,02:30:00,0.559,Remove site 27.3 completely
27.3,27.3,41.46212,-81.59199,2025-12-19,03:00:00,2.439,Remove site 27.3 completely
27.3,27.3,41.46212,-81.59199,2025-12-19,03:30:00,1.584,Remove site 27.3 completely
27.3,27.3,41.46212,-81.59199,2025-12-19,04:00:00,4.023,Remove site 27.3 completely
27.3,27.3,41.46212,-81.59199,2025-12-19,04:30:00,0,Remove site 27.3 completely
27.3,27.3,41.46212,-81.59199,2025-12-19,05:30:00,2.949,Remove site 27.3 completely
27.3,27.3,41.46212,-81.59199,2025-12-19,06:00:00,0,Remove site 27.3 completely
27.3,27.3,41.46212,-81.59199,2025-12-19,06:30:00,4.658,Remove site 27.3 completely
27.3,27.3,41.46212,-81.59199,2025-12-19,07:00:00,0.523,Remove site 27.3 completely
27.3,27.3,41.46212,-81.59199,2025-12-19,07:30:00,5.802,Remove site 27.3 completely
27.3,27.3,41.46212,-81.59199,2025-12-19,08:00:00,0.537,Remove site 27.3 completely
27.3,27.3,41.46212,-81.59199,2025-12-19,08:30:00,0,Remove site 27.3 completely
27.3,27.3,41.46212,-81.59199,2025-12-19,09:00:00,0,Remove site 27.3 completely
27.3,27.3,41.46212,-81.59199,2025-12-19,09:30:00,2.3,Remove site 27.3 completely
27.3,27.3,41.46212,-81.59199,2025-12-19,10:00:00,0,Remove site 27.3 completely
27.3,27.3,41.46212,-81.59199,2025-12-19,10:30:00,0,Remove site 27.3 completely
27.3,27.3,41.46212,-81.59199,2025-12-19,11:00:00,0,Remove site 27.3 completely
27.3,27.3,41.46212,-81.59199,2025-12-19,11:30:00,2.215,Remove site 27.3 completely
27.3,27.3,41.46212,-81.59199,2025-12-24,16:30:00,16.732,Remove site 27.3 completely
27.3,27.3,41.46212,-81.59199,2025-12-24,17:00:00,5.072,Remove site 27.3 completely
27.3,27.3,41.46212,-81.59199,2025-12-24,17:30:00,2.566,Remove site 27.3 completely
27.3,27.3,41.46212,-81.59199,2025-12-24,18:00:00,200.507,Remove site 27.3 completely
27.3,27.3,41.46212,-81.59199,2025-12-24,18:30:00,54.409,Remove site 27.3 completely
27.3,27.3,41.46212,-81.59199,2025-12-24,19:30:00,33.246,Remove site 27.3 completely
27.3,27.3,41.46212,-81.59199,2025-12-24,20:00:00,28.014,Remove site 27.3 completely
27.3,27.3,41.46212,-81.59199,2025-12-24,20:30:00,6.773,Remove site 27.3 completely
27.3,27.3,41.46212,-81.59199,2025-12-24,21:00:00,158.459,Remove site 27.3 completely
27.3,27.3,41.46212,-81.59199,2025-12-24,21:30:00,59.303,Remove site 27.3 completely
27.3,27.3,41.46212,-81.59199,2025-12-24,22:30:00,123.118,Remove site 27.3 completely
27.3,27.3,41.46212,-81.59199,2025-12-24,23:00:00,38.611,Remove site 27.3 completely
27.3,27.3,41.46212,-81.59199,2025-12-24,23:30:00,16.812,Remove site 27.3 completely
27.3,27.3,41.46212,-81.59199,2025-12-25,00:00:00,21.678,Remove site 27.3 completely
27.3,27.3,41.46212,-81.59199,2025-12-25,00:30:00,18.874,Remove site 27.3 completely
27.3,27.3,41.46212,-81.59199,2025-12-25,01:00:00,9.333,Remove site 27.3 completely
27.3,27.3,41.46212,-81.59199,2025-12-25,01:30:00,33.651,Remove site 27.3 completely
27.3,27.3,41.46212,-81.59199,2025-12-25,02:00:00,11.551,Remove site 27.3 completely
27.3,27.3,41.46212,-81.59199,2025-12-25,02:30:00,19.52,Remove site 27.3 completely
27.3,27.3,41.46212,-81.59199,2025-12-25,03:00:00,57.406,Remove site 27.3 completely
27.3,27.3,41.46212,-81.59199,2025-12-25,04:00:00,5.986,Remove site 27.3 completely
27.3,27.3,41.46212,-81.59199,2025-12-25,04:30:00,31.465,Remove site 27.3 completely
27.3,27.3,41.46212,-81.59199,2025-12-25,05:00:00,31.465,Remove site 27.3 completely
27.3,27.3,41.46212,-81.59199,2025-12-25,06:00:00,9.641,Remove site 27.3 completely
27.3,27.3,41.46212,-81.59199,2025-12-25,06:30:00,6.052,Remove site 27.3 completely
27.3,27.3,41.46212,-81.59199,2025-12-25,07:00:00,8.47,Remove site 27.3 completely
27.3,27.3,41.46212,-81.59199,2025-12-25,07:30:00,8.551,Remove site 27.3 completely
27.3,27.3,41.46212,-81.59199,2025-12-25,08:00:00,7.22,Remove site 27.3 completely
27.3,27.3,41.46212,-81.59199,2025-12-25,08:30:00,8.034,Remove site 27.3 completely
27.3,27.3,41.46212,-81.59199,2025-12-25,09:00:00,8.077,Remove site 27.3 completely
27.3,27.3,41.46212,-81.59199,2025-12-25,09:30:00,9.58,Remove site 27.3 completely
27.3,27.3,41.46212,-81.59199,2025-12-25,10:00:00,17.273,Remove site 27.3 completely
27.3,27.3,41.46212,-81.59199,2025-12-25,10:30:00,12.131,Remove site 27.3 completely
27.3,27.3,41.46212,-81.59199,2025-12-25,12:00:00,22.96,Remove site 27.3 completely
27.3,27.3,41.46212,-81.59199,2025-12-25,12:30:00,21.503,Remove site 27.3 completely
27.3,27.3,41.46212,-81.59199,2025-12-25,13:00:00,19.875,Remove site 27.3 completely
27.3,27.3,41.46212,-81.59199,2025-12-25,17:30:00,14.007,Remove site 27.3 completely
27.3,27.3,41.46212,-81.59199,2025-12-25,18:00:00,5.127,Remove site 27.3 completely
27.3,27.3,41.46212,-81.59199,2025-12-25,18:30:00,10.264,Remove site 27.3 completely
27.3,27.3,41.46212,-81.59199,2025-12-25,19:00:00,9.786,Remove site 27.3 completely
27.3,27.3,41.46212,-81.59199,2025-12-25,19:30:00,182.836,Remove site 27.3 completely
27.3,27.3,41.46212,-81.59199,2025-12-25,20:30:00,49.87,Remove site 27.3 completely
27.3,27.3,41.46212,-81.59199,2025-12-25,21:30:00,93.829,Remove site 27.3 completely
27.3,27.3,41.46212,-81.59199,2025-12-25,22:00:00,13.728,Remove site 27.3 completely
27.3,27.3,41.46212,-81.59199,2025-12-25,23:30:00,98.077,Remove site 27.3 completely
27.3,27.3,41.46212,-81.59199,2025-12-26,00:00:00,247.404,Remove site 27.3 completely
27.3,27.3,41.46212,-81.59199,2025-12-26,00:30:00,104.17,Remove site 27.3 completely
27.3,27.3,41.46212,-81.59199,2025-12-26,01:00:00,65.541,Remove site 27.3 completely
27.3,27.3,41.46212,-81.59199,2025-12-26,01:30:00,15.502,Remove site 27.3 completely
27.3,27.3,41.46212,-81.59199,2025-12-26,02:00:00,104.428,Remove site 27.3 completely
27.3,27.3,41.46212,-81.59199,2025-12-26,03:30:00,7.628,Remove site 27.3 completely
27.3,27.3,41.46212,-81.59199,2025-12-26,04:00:00,164.211,Remove site 27.3 completely
27.3,27.3,41.46212,-81.59199,2025-12-26,04:30:00,3.69,Remove site 27.3 completely
27.3,27.3,41.46212,-81.59199,2025-12-26,05:00:00,0.804,Remove site 27.3 completely
27.3,27.3,41.46212,-81.59199,2025-12-26,05:30:00,2.451,Remove site 27.3 completely
27.3,27.3,41.46212,-81.59199,2025-12-26,06:00:00,9.74,Remove site 27.3 completely
27.3,27.3,41.46212,-81.59199,2025-12-26,06:30:00,3.036,Remove site 27.3 completely
27.3,27.3,41.46212,-81.59199,2025-12-26,07:00:00,2.323,Remove site 27.3 completely
27.3,27.3,41.46212,-81.59199,2025-12-26,07:30:00,1.968,Remove site 27.3 completely
27.3,27.3,41.46212,-81.59199,2025-12-26,08:00:00,1.23,Remove site 27.3 completely
27.3,27.3,41.46212,-81.59199,2025-12-26,08:30:00,1.238,Remove site 27.3 completely
27.3,27.3,41.46212,-81.59199,2025-12-26,09:00:00,1.656,Remove site 27.3 completely
27.3,27.3,41.46212,-81.59199,2025-12-26,09:30:00,4.98,Remove site 27.3 completely
27.3,27.3,41.46212,-81.59199,2025-12-26,10:00:00,2.965,Remove site 27.3 completely
27.3,27.3,41.46212,-81.59199,2025-12-26,10:30:00,3.154,Remove site 27.3 completely
27.3,27.3,41.46212,-81.59199,2025-12-26,11:00:00,2.23,Remove site 27.3 completely
27.3,27.3,41.46212,-81.59199,2025-12-26,11:30:00,14.728,Remove site 27.3 completely
27.3,27.3,41.46212,-81.59199,2025-12-26,12:00:00,1.102,Remove site 27.3 completely
27.3,27.3,41.46212,-81.59199,2025-12-26,12:30:00,2.884,Remove site 27.3 completely
27.3,27.3,41.46212,-81.59199,2025-12-26,13:00:00,1.314,Remove site 27.3 completely
27.3,27.3,41.46212,-81.59199,2025-12-26,13:30:00,2.728,Remove site 27.3 completely
27.3,27.3,41.46212,-81.59199,2025-12-26,14:00:00,31.735,Remove site 27.3 completely
27.3,27.3,41.46212,-81.59199,2025-12-26,15:00:00,50.888,Remove site 27.3 completely
27.3,27.3,41.46212,-81.59199,2025-12-26,16:00:00,5.564,Remove site 27.3 completely
27.3,27.3,41.46212,-81.59199,2025-12-26,16:30:00,75.857,Remove site 27.3 completely
27.3,27.3,41.46212,-81.59199,2025-12-26,17:00:00,4.897,Remove site 27.3 completely
27.3,27.3,41.46212,-81.59199,2025-12-26,17:30:00,48.526,Remove site 27.3 completely
27.3,27.3,41.46212,-81.59199,2025-12-26,22:00:00,59.763,Remove site 27.3 completely
27.3,27.3,41.46212,-81.59199,2025-12-26,22:30:00,65.601,Remove site 27.3 completely
27.3,27.3,41.46212,-81.59199,2025-12-27,00:30:00,38.171,Remove site 27.3 completely
27.3,27.3,41.46212,-81.59199,2025-12-27,01:00:00,7.908,Remove site 27.3 completely
27.3,27.3,41.46212,-81.59199,2025-12-27,01:30:00,113.172,Remove site 27.3 completely
27.3,27.3,41.46212,-81.59199,2025-12-27,02:00:00,8.705,Remove site 27.3 completely
27.3,27.3,41.46212,-81.59199,2025-12-27,03:00:00,11.23,Remove site 27.3 completely
27.3,27.3,41.46212,-81.59199,2025-12-27,03:30:00,7.745,Remove site 27.3 completely
27.3,27.3,41.46212,-81.59199,2025-12-27,04:00:00,6.226,Remove site 27.3 completely
27.3,27.3,41.46212,-81.59199,2025-12-27,05:30:00,7.282,Remove site 27.3 completely
27.3,27.3,41.46212,-81.59199,2025-12-27,06:00:00,3.708,Remove site 27.3 completely
27.3,27.3,41.46212,-81.59199,2025-12-27,06:30:00,5.068,Remove site 27.3 completely
27.3,27.3,41.46212,-81.59199,2025-12-27,07:00:00,1.329,Remove site 27.3 completely
27.3,27.3,41.46212,-81.59199,2025-12-27,07:30:00,2.571,Remove site 27.3 completely
27.3,27.3,41.46212,-81.59199,2025-12-27,08:00:00,4.615,Remove site 27.3 completely
27.3,27.3,41.46212,-81.59199,2025-12-27,08:30:00,4.615,Remove site 27.3 completely
27.3,27.3,41.46212,-81.59199,2025-12-27,09:00:00,4.615,Remove site 27.3 completely
27.3,27.3,41.46212,-81.59199,2025-12-27,09:30:00,2.682,Remove site 27.3 completely
27.3,27.3,41.46212,-81.59199,2025-12-27,10:00:00,12.628,Remove site 27.3 completely
27.3,27.3,41.46212,-81.59199,2025-12-27,10:30:00,8.199,Remove site 27.3 completely
27.3,27.3,41.46212,-81.59199,2025-12-27,11:00:00,11.485,Remove site 27.3 completely
27.3,27.3,41.46212,-81.59199,2025-12-27,12:00:00,5.319,Remove site 27.3 completely
27.3,27.3,41.46212,-81.59199,2025-12-27,13:00:00,5.319,Remove site 27.3 completely
27.3,27.3,41.46212,-81.59199,2025-12-28,13:00:00,230.069,Remove site 27.3 completely
27.3,27.3,41.46212,-81.59199,2025-12-30,11:30:00,1.923,Remove site 27.3 completely
27.3,27.3,41.46212,-81.59199,2025-12-30,14:00:00,3.134,Remove site 27.3 completely
27.3,27.3,41.46212,-81.59199,2025-12-30,16:00:00,1.597,Remove site 27.3 completely
27.3,27.3,41.46212,-81.59199,2025-12-30,17:00:00,1.688,Remove site 27.3 completely
27.3,27.3,41.46212,-81.59199,2025-12-30,17:30:00,30.03,Remove site 27.3 completely
27.3,27.3,41.46212,-81.59199,2025-12-30,18:00:00,1.195,Remove site 27.3 completely
27.3,27.3,41.46212,-81.59199,2025-12-30,18:30:00,1.675,Remove site 27.3 completely
27.3,27.3,41.46212,-81.59199,2025-12-30,19:00:00,0.617,Remove site 27.3 completely
27.3,27.3,41.46212,-81.59199,2025-12-30,19:30:00,2.33,Remove site 27.3 completely
27.3,27.3,41.46212,-81.59199,2025-12-30,20:00:00,3.802,Remove site 27.3 completely
27.3,27.3,41.46212,-81.59199,2025-12-30,20:30:00,4.145,Remove site 27.3 completely
27.3,27.3,41.46212,-81.59199,2025-12-30,21:00:00,9.488,Remove site 27.3 completely
27.3,27.3,41.46212,-81.59199,2025-12-30,21:30:00,1.451,Remove site 27.3 completely
27.3,27.3,41.46212,-81.59199,2025-12-30,22:00:00,4.029,Remove site 27.3 completely
27.3,27.3,41.46212,-81.59199,2025-12-30,22:30:00,1.291,Remove site 27.3 completely
27.3,27.3,41.46212,-81.59199,2025-12-30,23:00:00,4.335,Remove site 27.3 completely
27.3,27.3,41.46212,-81.59199,2025-12-31,01:30:00,1.145,Remove site 27.3 completely
27.3,27.3,41.46212,-81.59199,2025-12-31,02:30:00,22.786,Remove site 27.3 completely
27.3,27.3,41.46212,-81.59199,2025-12-31,03:00:00,1.787,Remove site 27.3 completely
27.3,27.3,41.46212,-81.59199,2025-12-31,03:30:00,1.727,Remove site 27.3 completely
27.3,27.3,41.46212,-81.59199,2025-12-31,04:00:00,0.73,Remove site 27.3 completely
27.3,27.3,41.46212,-81.59199,2025-12-31,04:30:00,1.701,Remove site 27.3 completely
27.3,27.3,41.46212,-81.59199,2025-12-31,05:00:00,3.446,Remove site 27.3 completely
27.3,27.3,41.46212,-81.59199,2025-12-31,05:30:00,1.514,Remove site 27.3 completely
27.3,27.3,41.46212,-81.59199,2025-12-31,06:00:00,2.561,Remove site 27.3 completely
27.3,27.3,41.46212,-81.59199,2025-12-31,09:00:00,0.593,Remove site 27.3 completely
27.3,27.3,41.46212,-81.59199,2025-12-31,12:00:00,53.187,Remove site 27.3 completely
27.3,27.3,41.46212,-81.59199,2025-12-31,12:30:00,27.455,Remove site 27.3 completely
27.3,27.3,41.46212,-81.59199,2025-12-31,13:00:00,27.455,Remove site 27.3 completely
27.3,27.3,41.46212,-81.59199,2025-12-31,14:00:00,173.616,Remove site 27.3 completely
27.3,27.3,41.46212,-81.59199,2025-12-31,15:30:00,22.557,Remove site 27.3 completely
27.3,27.3,41.46212,-81.59199,2025-12-31,18:30:00,6.893,Remove site 27.3 completely
27.3,27.3,41.46212,-81.59199,2025-12-31,19:00:00,2.056,Remove site 27.3 completely
27.3,27.3,41.46212,-81.59199,2025-12-31,19:30:00,40.889,Remove site 27.3 completely
27.3,27.3,41.46212,-81.59199,2025-12-31,20:00:00,14.343,Remove site 27.3 completely
27.3,27.3,41.46212,-81.59199,2025-12-31,20:30:00,5.164,Remove site 27.3 completely
27.3,27.3,41.46212,-81.59199,2025-12-31,21:00:00,5.097,Remove site 27.3 completely
27.3,27.3,41.46212,-81.59199,2025-12-31,21:30:00,5.097,Remove site 27.3 completely
27.3,27.3,41.46212,-81.59199,2025-12-31,22:00:00,5.097,Remove site 27.3 completely
